origins,destinations,path,free_flow_time,total_length,mean_speed,speed_std,speed_range,pct_high_speed,pct_motorway,pct_trunk,pct_primary,pct_secondary,pct_tertiary,pct_unclassified,pct_residential,lane_changes_per_km,priority_changes_per_km,yield_priority_changes_per_km,traffic_lights_per_km,bearing_std,turns_per_km,left_yield_turns_per_km,mean_circuity,edge_length_std,edges_per_km,h3_sequence
-42762428#0,-100468681#2,"-42762428#0,-697042776#1,623959719,619185406,619184994,1164659927#1,1164659926,120512822,-133906979,-133906980,-282479126,-100468681#8,-100468681#7,100525438#0,-101601553#1,-101601553#0,101600741#4,-100468681#2",1.9721714315675876,1269.4159116522205,35.54800000000001,9.225146196832938,20.016000000000005,0.17091754742977702,0.0,0.0,0.052890772938578086,0.19836637120309736,0.0,0.0,0.7487428558583245,0.0,25.996207938695626,1.575527753860341,0.7877638769301705,144.99825546820279,2.363291630790511,0.7877638769301705,1.749402757356198,50.73896588660499,14.179749784743068,"8a7558242a97fff,8a755824206ffff,8a7558242067fff,8a7558242ab7fff,8a7558242b9ffff,8a7558242147fff,8a7558242167fff,8a7558242177fff,8a75582428dffff,8a755824212ffff,8a7558242127fff,8a755824288ffff"
-42762428#0,-100468681#2,"-42762428#0,697042776#2,42762428#1,42762428#4,1197063689,282479127#0,101611060,-372606529#7,-372606529#6,-372606529#5,-372606529#4,-372606529#3,-372606529#2,-372606529#1,-372606529#0,-101607965,101607964#1,101607969#0,101607969#1,-100468681#3,-100468681#2",2.235474665027998,1424.052326492413,31.89428571428571,6.020664756842531,20.016000000000005,0.07485880613266015,0.0,0.0,0.25277451644062937,0.07485880613266015,0.0,0.0,0.6723666774267103,0.0,11.937763580550966,0.7022213870912333,0.0,128.51513837272395,1.4044427741824665,0.7022213870912333,1.9625097209809172,48.90949230367635,14.746649128915898,"8a7558242a97fff,8a755824206ffff,8a7558242a87fff,8a7558242aa7fff,8a7558242b9ffff,8a7558242b87fff,8a7558242bb7fff,8a755824285ffff,8a7558242847fff,8a7558242877fff,8a75582428e7fff,8a75582428f7fff,8a75582428d7fff,8a755824288ffff"
-42762428#0,-100468681#2,"-42762428#0,697042776#2,42762428#1,42762428#4,1197063689,1164653914,1164659927#1,1164659926,120512822,-133906979,-133906980,-282479126,-100468681#8,-100468681#7,100525438#0,-101601553#1,-101601553#0,101600741#4,-100468681#2",1.814988558418328,1179.676749050409,35.255368421052644,9.055517190031027,20.016000000000005,0.18391941221404953,0.0,0.0,0.2200854884589502,0.2134562948236615,0.0,0.0,0.5664582167173883,0.0,27.973764869540435,1.6953796890630568,0.0,149.13680068474687,2.543069533594585,1.6953796890630568,1.6257317547656338,47.04060609049084,16.10610704609904,"8a7558242a97fff,8a755824206ffff,8a7558242a87fff,8a7558242aa7fff,8a7558242ab7fff,8a7558242b9ffff,8a7558242147fff,8a7558242167fff,8a7558242177fff,8a75582428dffff,8a755824212ffff,8a7558242127fff,8a755824288ffff"
-42762428#0,-100468681#2,"-42762428#0,-697042776#1,623959719,-282689984#1,-282689984#0,-134065887,100475363,282479151#1,100475362,-659278038#3,-659278038#2,-659278038#1,-659278038#0,-100525438#2,-100525438#1,-101601553#1,-101601553#0,101600741#4,-100468681#2",1.8275350024819144,1254.4751728162169,37.36231578947369,9.919822069711579,20.016000000000005,0.2155937459487206,0.0,0.0,0.0535206994946658,0.03917782378741012,0.0,0.0,0.9073014767179238,0.0,13.551483814411474,0.7971461067300867,0.7971461067300867,125.31275483398774,1.5942922134601734,0.0,1.7288126816554577,51.43609348941887,15.145776027871648,"8a7558242a97fff,8a755824206ffff,8a7558242067fff,8a7558242077fff,8a755824200ffff,8a7558242007fff,8a7558242037fff,8a75582421affff,8a755824211ffff,8a755824212ffff,8a7558242127fff,8a755824288ffff"
-42762428#0,-100468681#2,"-42762428#0,-697042776#1,623959719,619185406,619184994,1164659927#1,1164659926,120512822,-133906979,-133906980,-282479126,-100468681#8,-100468681#7,-100468681#6,-100468681#5,-100468681#4,-100468681#3,-100468681#2",1.485518843966672,1072.136980975361,39.99600000000001,10.298147040637373,20.016000000000005,0.3907511656412791,0.0,0.0,0.06262295764365455,0.4232507195903387,0.0,0.0,0.5141263227660067,0.0,15.856182840120391,0.9327166376541407,0.9327166376541407,151.93390976105107,0.9327166376541407,0.0,1.477529447650173,42.52604822138742,16.78889947777453,"8a7558242a97fff,8a755824206ffff,8a7558242067fff,8a7558242ab7fff,8a7558242b9ffff,8a7558242147fff,8a7558242167fff,8a7558242177fff,8a75582428dffff,8a75582428d7fff,8a755824288ffff"
-42762428#0,-100468681#2,"-42762428#0,697042776#2,42762428#1,42762428#4,1197063689,1164653914,1164659927#1,1164659928,1164659929,120512822,-133906979,-133906980,-282479126,-100468681#8,-100468681#7,100525438#0,-101601553#1,-101601553#0,101600741#4,-100468681#2",1.8263130882302523,1198.1282276303978,34.99200000000001,8.892341352919498,20.016000000000005,0.18108700661951369,0.0,0.0,0.21669611611764567,0.21016901374566527,0.0,0.0,0.573134870136689,0.0,27.54296179572187,1.6692704118619315,0.0,147.56182362032754,2.5039056177928973,1.6692704118619315,1.6511600381271667,46.782114007018514,16.692704118619314,"8a7558242a97fff,8a755824206ffff,8a7558242a87fff,8a7558242aa7fff,8a7558242ab7fff,8a7558242b9ffff,8a7558242147fff,8a7558242167fff,8a7558242177fff,8a75582428dffff,8a755824212ffff,8a7558242127fff,8a755824288ffff"
-42762428#0,-100468681#2,"-42762428#0,-697042776#1,623959719,619185406,619184994,1164659927#1,1164659928,1164659929,120512822,-133906979,-133906980,-282479126,-100468681#8,-100468681#7,-100468681#6,-100468681#5,-100468681#4,-100468681#3,-100468681#2",1.4968433737785969,1090.5884595553498,39.46926315789474,10.267991347668225,20.016000000000005,0.38414011387398334,0.0,0.0,0.061563450593627125,0.4160898134592853,0.0,0.0,0.5223467359470876,0.0,15.587914809708483,0.9169361652769696,0.9169361652769696,151.42919713595282,0.9169361652769696,0.0,1.502957731011706,42.353130991170886,17.421787140262424,"8a7558242a97fff,8a755824206ffff,8a7558242067fff,8a7558242ab7fff,8a7558242b9ffff,8a7558242147fff,8a7558242167fff,8a7558242177fff,8a75582428dffff,8a75582428d7fff,8a755824288ffff"
-42762428#0,-100468681#2,"-42762428#0,697042776#2,42762428#1,42762428#4,1197063689,1164653914,1164659927#1,1164659926,120512822,-133906979,-133906980,-282479126,-100468681#8,-100468681#7,-100468681#6,-100468681#5,-100468681#4,-100468681#3,-100468681#2",1.3283359708174125,982.3978183735492,39.46926315789474,10.267991347668225,20.016000000000005,0.426445139848576,0.0,0.0,0.2642816674494115,0.46191343283774217,0.0,0.0,0.2738048997128466,0.0,17.304598689098352,1.0179175699469618,0.0,155.5270808521316,1.0179175699469618,1.0179175699469618,1.3538584450596083,36.20533303630542,19.340433828992275,"8a7558242a97fff,8a755824206ffff,8a7558242a87fff,8a7558242aa7fff,8a7558242ab7fff,8a7558242b9ffff,8a7558242147fff,8a7558242167fff,8a7558242177fff,8a75582428dffff,8a75582428d7fff,8a755824288ffff"
-42762428#0,-100468681#2,"-42762428#0,-697042776#1,623959719,619185406,619184994,1164659927#1,1164659928,1164659929,120512822,-133906979,-133906980,-282479126,-100468681#8,-100468681#7,100525438#0,-101601553#1,-101601553#0,101600741#4,-100468681#2",1.983495961379512,1287.8673902322093,35.255368421052644,9.055517190031027,20.016000000000005,0.16846878485587868,0.0,0.0,0.05213299851913319,0.19552434501546004,0.0,0.0,0.7523426564654068,0.0,25.623756180401404,1.5529549200243276,0.7764774600121638,144.85926945228226,2.3294323800364913,0.7764774600121638,1.774831040717731,50.70466475524892,14.753071740231112,"8a7558242a97fff,8a755824206ffff,8a7558242067fff,8a7558242ab7fff,8a7558242b9ffff,8a7558242147fff,8a7558242167fff,8a7558242177fff,8a75582428dffff,8a755824212ffff,8a7558242127fff,8a755824288ffff"
-42762428#0,-100468681#2,"-42762428#0,697042776#2,42762428#1,42762428#4,1197063689,1164653914,1164659927#1,1164659928,1164659929,120512822,-133906979,-133906980,-282479126,-100468681#8,-100468681#7,-100468681#6,-100468681#5,-100468681#4,-100468681#3,-100468681#2",1.3396605006293372,1000.8492969535382,38.995200000000004,10.216522395249356,20.016000000000005,0.418583273544221,0.0,0.0,0.25940941791007555,0.45339767942935416,0.0,0.0,0.28719290266057035,0.0,16.985574203574807,0.9991514237396945,0.0,153.6888118551096,0.9991514237396945,0.9991514237396945,1.3792867284211416,35.9740036023717,19.983028474793887,"8a7558242a97fff,8a755824206ffff,8a7558242a87fff,8a7558242aa7fff,8a7558242ab7fff,8a7558242b9ffff,8a7558242147fff,8a7558242167fff,8a7558242177fff,8a75582428dffff,8a75582428d7fff,8a755824288ffff"
-42762428#0,-100468681#2,"-42762428#0,697042776#2,42762428#1,42762428#4,1197063689,282479127#0,101611060,372606529#8,1164659929,120512822,-133906979,-133906980,-282479126,-100468681#8,-100468681#7,-100468681#6,-100468681#5,-100468681#4,-100468681#3,-100468681#2",1.7736340900651113,1217.0141268014056,38.995200000000004,10.216522395249356,20.016000000000005,0.34423493188555837,0.0,0.0,0.29577646658986767,0.37286563787873256,0.0,0.0,0.33135789553139966,0.0,13.968613531775452,0.8216831489279678,0.0,145.6784122558511,0.8216831489279678,0.8216831489279678,1.677187003585564,44.39513097353495,16.433662978559354,"8a7558242a97fff,8a755824206ffff,8a7558242a87fff,8a7558242aa7fff,8a7558242b9ffff,8a7558242147fff,8a7558242167fff,8a7558242177fff,8a75582428dffff,8a75582428d7fff,8a755824288ffff"
-42762428#0,-100468681#2,"-42762428#0,697042776#2,42762428#1,42762428#4,1197063689,282479127#0,101611060,372606529#8,1164659929,120512822,-133906979,-133906980,-282479126,-100468681#8,-100468681#7,100525438#0,-101601553#1,-101601553#0,101600741#4,-100468681#2",2.260286677666026,1414.2930574782652,34.99200000000001,8.892341352919498,20.016000000000005,0.1534091206491455,0.0,0.0,0.25451877622669083,0.17804614581853906,0.0,0.0,0.56743507795477,0.0,23.33321218364755,1.4141340717362152,0.0,139.19752326045628,2.121201107604323,1.4141340717362152,1.9490603132915891,51.3898703107806,14.141340717362151,"8a7558242a97fff,8a755824206ffff,8a7558242a87fff,8a7558242aa7fff,8a7558242b9ffff,8a7558242147fff,8a7558242167fff,8a7558242177fff,8a75582428dffff,8a755824212ffff,8a7558242127fff,8a755824288ffff"
-1323419247,464265154,"-1323419247,1323419246,-416373452,101418587,464265154",0.5096039711781041,483.51942936368755,37.9944,10.963214711023408,20.016000000000005,0.20728013623031968,0.0,0.0,0.34333760889996784,0.0,0.0,0.0,0.6566623911000322,8.272676871049438,37.22704591972247,2.0681692177623594,0.0,140.8476135811591,4.136338435524719,0.0,3.5714135023024673,56.06989474400109,10.340846088811796,"8a755824204ffff,8a7558242047fff,8a75582423b7fff,8a75582420effff"
71324347#2,416373452,"71324347#2,71324347#3,71324347#4,71324347#5,47374666,659281081#0,659281081#1,100525445,-416373452,416373452",1.3160584901227974,703.6583779111363,29.005200000000002,11.966738503034152,29.988000000000007,0.2029389288025473,0.0,0.0,0.22677438072795986,0.0,0.0,0.0,0.3308549474024429,2.842288335906911,27.001739191115657,1.4211441679534556,0.0,108.07912369600798,2.842288335906911,1.4211441679534556,2.7739999547088376,28.371752884469256,14.211441679534556,"8a7558242317fff,8a75582423affff,8a7558242387fff,8a7558242397fff,8a75582423a7fff,8a75582423b7fff,8a75582420effff"
-100525445,101606547#1,"-100525445,100525445,184568063,76867740,1323419243,-162276533#2,100488715#0,100488715#1,100488715#2,101605951#0,101605951#1,-101606546,101606547#1",2.4360866736903546,1594.6815155498155,37.68646153846154,10.13549558577334,20.016000000000005,0.37102769059364576,0.0,0.0,0.1397682050254109,0.22053273684069294,0.0,0.0,0.6396990581338964,2.508337847398248,22.575040626584233,1.881253385548686,0.0,111.69506683913293,1.881253385548686,0.0,3.2913300676208186,99.5887205063012,8.152098004044307,"8a75582423b7fff,8a75582423a7fff,8a7558242397fff,8a755824274ffff,8a755824260ffff,8a755824262ffff,8a755824270ffff,8a7558242707fff,8a755824271ffff"
-100525445,101606547#1,"-100525445,100525445,-416373452,-101418584#4,-101418584#3,-101418584#2,-101418592,-100488715#3,101605951#0,101605951#1,-101606546,101606547#1",1.1885443738330466,857.7750605657441,39.99600000000001,10.453015084827745,20.016000000000005,0.4338921821153012,0.0,0.0,0.0,0.0,0.0,0.0,1.0,0.0,0.0,0.0,0.0,58.21062310922117,0.0,0.0,1.7703979262103067,48.253893247762925,13.989681621292908,"8a75582423b7fff,8a75582423a7fff,8a75582420effff,8a75582420cffff,8a75582420dffff,8a755824270ffff,8a7558242707fff,8a755824271ffff"
-282689981#0,-352797377,"-282689981#0,101411570,282689981#1,352797377,-352797377",1.331294043895456,1342.7051859825908,41.9976,10.963214711023408,20.016000000000005,0.24712760786798693,0.0,0.0,0.0,0.0,0.0,0.0,1.0,0.0,0.0,0.0,0.0,100.98496610155804,0.0,0.0,12.082491828701995,216.26137976811253,3.723825641100062,"8a7558242ac7fff,8a7558242af7fff,8a7558242acffff,8a7558240697fff"
-101607967#0,-100468681#0,"-101607967#0,101607962,-101607966#1,-101607966#0,101607969#1,-100468681#3,-100468681#2,-100468681#1,-100468681#0",1.0731723358889993,1052.314801522328,45.556000000000004,8.826226373711476,20.016000000000005,0.9322956819946724,0.0,0.0,0.0,0.6503284712561144,0.0,0.0,0.34967152874388546,0.0,7.602287821502486,0.0,0.0,31.5838425657277,0.9502859776878108,0.0,1.1923464151873824,144.80979343349722,8.552573799190297,"8a755824280ffff,8a755824281ffff,8a75582428f7fff,8a75582428d7fff,8a755824288ffff,8a7558242c0ffff,8a7558242c1ffff"
-101607967#0,-100468681#0,"-101607967#0,101607962,101607963,-659279347,101607969#0,101607969#1,-100468681#3,-100468681#2,-100468681#1,-100468681#0",1.1523395679366055,1014.8420556082085,41.997600000000006,10.336217954358357,20.016000000000005,0.7327462499368023,0.0,0.0,0.0,0.6743416597413837,0.0,0.0,0.3256583402586163,0.0,7.883000074534251,0.0,0.0,49.964075350847885,0.9853750093167813,0.0,1.1498871680179126,139.58162568728247,9.853750093167813,"8a755824280ffff,8a75582428e7fff,8a75582428f7fff,8a75582428d7fff,8a755824288ffff,8a7558242c0ffff,8a7558242c1ffff"
-101594809#0,-101787493,"-101594809#0,101594836#1,101594812#3,101594812#0,101594843,101594815#0,-659283000#5,-659283000#3,-659283000#2,-659283000#1,-659283000#0,-282479127#2,-1197063689,-42762428#4,-42762428#3,-42762428#0,-697042776#1,42762429,1323419246,184568063,76867740,1323419243,120511145,283490977#1,-173532317#3,-101786553#2,-101786553#1,-101786553#0,-101786554#3,-101786554#2,-101786554#1,-101787493",4.348712328703979,2850.471490918807,35.61750000000001,9.143377042533876,20.016000000000005,0.25941870331040595,0.0,0.0,0.5056260070013361,0.03532460686187304,0.0,0.0,0.4590493861367911,1.403276620286653,12.629489582579875,1.0524574652149896,0.3508191550716632,44.23568949943903,0.7016383101433264,0.3508191550716632,1.401773153559045,72.78081254006955,11.226212962293223,"8a7558242b07fff,8a755824284ffff,8a7558242b17fff,8a7558242b0ffff,8a7558242b1ffff,8a7558242a37fff,8a7558242b8ffff,8a7558242aa7fff,8a7558242a87fff,8a7558242a97fff,8a755824206ffff,8a7558242047fff,8a75582423b7fff,8a7558242397fff,8a755824274ffff,8a7558242297fff,8a755824266ffff,8a755825c937fff,8a755825c9affff,8a755825c837fff,8a755825c807fff,8a755825c817fff"
-101594809#0,-101787493,"-101594809#0,101594836#1,101594812#3,101594812#0,101594843,101594815#0,-659283000#5,-659283000#3,-659283000#2,-659283000#1,-659283000#0,-282479127#2,1164653914,-619184994,120511930,-42762428#0,-697042776#1,42762429,1323419246,184568063,76867740,1323419243,120511145,283490977#1,-173532317#3,-101786553#2,-101786553#1,-101786553#0,-101786554#3,-101786554#2,-101786554#1,-101787493",4.636307366719185,3006.497151051117,35.61750000000001,9.143377042533876,20.016000000000005,0.24595586852257886,0.0,0.0,0.42846505786142697,0.06209291872439705,0.0,0.0,0.509442023414176,1.3304519509029102,17.961101337189287,1.3304519509029102,0.33261298772572756,50.61619928482185,1.6630649386286378,0.33261298772572756,1.4785017166534618,70.96773849065455,10.643615607223282,"8a7558242b07fff,8a755824284ffff,8a7558242b17fff,8a7558242b0ffff,8a7558242b1ffff,8a7558242a37fff,8a7558242b8ffff,8a7558242aa7fff,8a7558242ab7fff,8a7558242a97fff,8a755824206ffff,8a7558242047fff,8a75582423b7fff,8a7558242397fff,8a755824274ffff,8a7558242297fff,8a755824266ffff,8a755825c937fff,8a755825c9affff,8a755825c837fff,8a755825c807fff,8a755825c817fff"
-101594809#0,-101787493,"-101594809#0,101594836#1,101594812#3,101594812#0,101594843,101594815#0,-659283000#5,-659283000#3,-659283000#2,-659283000#1,-659283000#0,-282479127#2,-1197063689,-42762428#4,-42762428#3,-42762428#0,-697042776#1,42762429,1323419246,184568063,1323419245,16648700,1323419243,120511145,283490977#1,-173532317#3,-173532317#2,-173532317#1,-101765339#6,416382004,-101754276#0,101765339#2,101786554#0,-101787493",4.510778220575488,3220.668422878968,37.641176470588235,9.87329668461654,20.016000000000005,0.45045770400562113,0.0,0.0,0.5208884694184163,0.11890302105338688,0.0,0.0,0.3602085095281967,0.6209891045574297,5.588901941016868,0.6209891045574297,0.31049455227871486,58.17642864773198,0.9314836568361446,0.31049455227871486,1.5838244817006952,80.92216068539012,10.556814777476307,"8a7558242b07fff,8a755824284ffff,8a7558242b17fff,8a7558242b0ffff,8a7558242b1ffff,8a7558242a37fff,8a7558242b8ffff,8a7558242aa7fff,8a7558242a87fff,8a7558242a97fff,8a755824206ffff,8a7558242047fff,8a75582423b7fff,8a7558242397fff,8a755824239ffff,8a755824274ffff,8a7558242297fff,8a755824266ffff,8a755825c937fff,8a755825c90ffff,8a755825c977fff,8a755825c957fff,8a755825c877fff,8a755825c807fff,8a755825c817fff"
-101594809#0,-101787493,"-101594809#0,-101594836#0,372606529#2,372606529#3,372606529#4,372606529#5,372606529#6,372606529#7,372606529#8,1164659929,120512822,282479125#0,282479125#1,120511930,-42762428#0,-697042776#1,42762429,1323419246,184568063,1323419245,16648700,1323419243,120511145,283490977#1,-173532317#3,-173532317#2,-173532317#1,-101765339#6,416382004,-101754276#0,101765339#2,101786554#0,-101787493",4.72313636757799,3256.8539603287804,34.840363636363634,8.710845904023122,20.016000000000005,0.3516785260330493,0.0,0.0,0.3435130371668961,0.20975722321465695,0.0,0.0,0.44672973961844675,0.6140895552461614,5.526805997215452,0.6140895552461614,0.3070447776230807,58.06952610288526,1.2281791104923228,0.3070447776230807,1.6016194026833646,80.5761565551101,10.132477661561662,"8a7558242b07fff,8a755824284ffff,8a755824285ffff,8a7558242bb7fff,8a7558242b87fff,8a7558242b9ffff,8a7558242147fff,8a755824214ffff,8a7558242a97fff,8a755824206ffff,8a7558242047fff,8a75582423b7fff,8a7558242397fff,8a755824239ffff,8a755824274ffff,8a7558242297fff,8a755824266ffff,8a755825c937fff,8a755825c90ffff,8a755825c977fff,8a755825c957fff,8a755825c877fff,8a755825c807fff,8a755825c817fff"
-101594809#0,-101787493,"-101594809#0,-101594836#0,372606529#2,372606529#3,372606529#4,372606529#5,372606529#6,372606529#7,372606529#8,1164659929,120512822,282479125#0,282479125#1,120511930,-42762428#0,-697042776#1,42762429,1323419246,184568063,1323419245,16648700,1323419243,120511145,283490977#1,-173532317#3,-101786553#2,-101786553#1,-101786553#0,-101786554#3,-101786554#2,-101786554#1,-101787493",4.527877198395557,2880.2762607433388,32.49,6.72559122236273,20.016000000000005,0.15069954262834317,0.0,0.0,0.38842516975536284,0.1391856844061511,0.0,0.0,0.4723891458384861,0.694377837035619,6.24940053332057,0.694377837035619,0.3471889185178095,44.18544698620077,1.0415667555534285,0.3471889185178095,1.416430211635626,68.238640475773,11.110045392569903,"8a7558242b07fff,8a755824284ffff,8a755824285ffff,8a7558242bb7fff,8a7558242b87fff,8a7558242b9ffff,8a7558242147fff,8a755824214ffff,8a7558242a97fff,8a755824206ffff,8a7558242047fff,8a75582423b7fff,8a7558242397fff,8a755824239ffff,8a755824274ffff,8a7558242297fff,8a755824266ffff,8a755825c937fff,8a755825c9affff,8a755825c837fff,8a755825c807fff,8a755825c817fff"
-101594809#0,-101787493,"-101594809#0,-101594836#0,372606529#2,372606529#3,372606529#4,372606529#5,372606529#6,372606529#7,372606529#8,1164659929,120512822,282479125#0,282479125#1,120511930,-42762428#0,-697042776#1,42762429,1323419246,184568063,1323419245,16648700,1323419243,120511145,283490977#1,-173532317#3,-101786553#2,-101786553#1,-101786553#0,-101786554#3,-101787491#1,-101787491#0,-101786554#1,-101787493",4.535007221030961,2902.0086391916834,33.627272727272725,7.83976131362081,20.016000000000005,0.16824449910723965,0.0,0.0,0.38551635595171496,0.1381433594704993,0.0,0.0,0.4763402845777855,0.6891778242800386,6.202600418520348,0.6891778242800386,0.3445889121400193,46.374707870688894,1.033766736420058,0.3445889121400193,1.4271175189000307,68.1950417695435,11.371434100620636,"8a7558242b07fff,8a755824284ffff,8a755824285ffff,8a7558242bb7fff,8a7558242b87fff,8a7558242b9ffff,8a7558242147fff,8a755824214ffff,8a7558242a97fff,8a755824206ffff,8a7558242047fff,8a75582423b7fff,8a7558242397fff,8a755824239ffff,8a755824274ffff,8a7558242297fff,8a755824266ffff,8a755825c937fff,8a755825c9affff,8a755825c837fff,8a755825c807fff,8a755825c817fff"
-101594809#0,-101787493,"-101594809#0,101594836#1,101594812#3,101594812#0,101594843,101594815#0,-659283000#5,-659283000#3,-659283000#2,-659283000#1,-659283000#0,-282479127#2,-1197063689,-42762428#4,-42762428#3,-42762428#0,-697042776#1,42762429,1323419246,184568063,1323419245,16648700,1323419243,120511145,283490977#1,-173532317#3,-173532317#2,-173532317#1,-101765339#6,-101765339#5,-101765339#4,-101765339#3,101786554#0,-101787493",4.377013800480595,2983.6028275889566,36.463764705882355,9.504759327955284,20.016000000000005,0.34244539154259995,0.0,0.0,0.5622762620362989,0.12835059738866622,0.0,0.0,0.30937314057503473,0.6703305083056902,6.032974574751212,0.6703305083056902,0.3351652541528451,46.500177005142525,1.0054957624585352,0.3351652541528451,1.4672430009987374,71.07724398207385,11.395618641196734,"8a7558242b07fff,8a755824284ffff,8a7558242b17fff,8a7558242b0ffff,8a7558242b1ffff,8a7558242a37fff,8a7558242b8ffff,8a7558242aa7fff,8a7558242a87fff,8a7558242a97fff,8a755824206ffff,8a7558242047fff,8a75582423b7fff,8a7558242397fff,8a755824239ffff,8a755824274ffff,8a7558242297fff,8a755824266ffff,8a755825c937fff,8a755825c90ffff,8a755825c977fff,8a755825c957fff,8a755825c82ffff,8a755825c807fff,8a755825c817fff"
-101594809#0,-101787493,"-101594809#0,-101594836#0,372606529#2,372606529#3,372606529#4,372606529#5,372606529#6,372606529#7,372606529#8,1164659929,120512822,282479125#0,282479125#1,120511930,-42762428#0,-697042776#1,42762429,1323419246,184568063,76867740,1323419243,120511145,283490977#1,-173532317#3,-101786553#2,-101786553#1,-101786553#0,-101786554#3,-101787491#1,-101787491#0,-101786554#1,-101787493",4.568200498341884,2908.3894068169634,33.741,7.937500313436622,20.016000000000005,0.16787538448644002,0.0,0.0,0.3034102882440732,0.13784028427922998,0.0,0.0,0.5587494274766968,1.3753316494085746,12.37798484467717,1.031498737056431,0.34383291235214364,46.04663452229493,1.031498737056431,0.34383291235214364,1.4302553818061188,72.33757686629079,11.002653195268596,"8a7558242b07fff,8a755824284ffff,8a755824285ffff,8a7558242bb7fff,8a7558242b87fff,8a7558242b9ffff,8a7558242147fff,8a755824214ffff,8a7558242a97fff,8a755824206ffff,8a7558242047fff,8a75582423b7fff,8a7558242397fff,8a755824274ffff,8a7558242297fff,8a755824266ffff,8a755825c937fff,8a755825c9affff,8a755825c837fff,8a755825c807fff,8a755825c817fff"
-101594809#0,-101787493,"-101594809#0,101594836#1,101594812#3,101594812#0,101594843,101594815#0,-659283000#5,-659283000#3,-659283000#2,-659283000#1,-659283000#0,-282479127#2,1164653914,-619184994,120511930,-42762428#0,-697042776#1,42762429,1323419246,184568063,76867740,1323419243,120511145,283490977#1,-173532317#3,-173532317#2,-173532317#1,-101765339#6,-101765339#5,-101765339#4,-101765339#3,101786554#0,-101787493",4.697802115806725,3146.009255346547,36.66,9.581930494425436,20.016000000000005,0.3247673339691944,0.0,0.0,0.40946445837567425,0.1490579224941171,0.0,0.0,0.44147761913020866,1.2714520763733044,17.164603031039608,1.2714520763733044,0.3178630190933261,52.00337182866715,1.9071781145599564,0.3178630190933261,1.5471094269992425,73.23399287723764,10.48947963007976,"8a7558242b07fff,8a755824284ffff,8a7558242b17fff,8a7558242b0ffff,8a7558242b1ffff,8a7558242a37fff,8a7558242b8ffff,8a7558242aa7fff,8a7558242ab7fff,8a7558242a97fff,8a755824206ffff,8a7558242047fff,8a75582423b7fff,8a7558242397fff,8a755824274ffff,8a7558242297fff,8a755824266ffff,8a755825c937fff,8a755825c90ffff,8a755825c977fff,8a755825c957fff,8a755825c82ffff,8a755825c807fff,8a755825c817fff"
-101594809#0,-101787493,"-101594809#0,-101594836#0,372606529#2,372606529#3,372606529#4,372606529#5,372606529#6,372606529#7,372606529#8,1164659929,120512822,282479125#0,282479125#1,120511930,-42762428#0,-697042776#1,42762429,1323419246,184568063,76867740,1323419243,120511145,283490977#1,-173532317#3,-101786553#2,-101786553#1,-101786553#0,-101786554#3,-101786554#2,-101786554#1,-101787493",4.56107047570648,2886.6570283686196,32.570709677419366,6.820994444573553,20.016000000000005,0.1503664310902222,0.0,0.0,0.30569453162471744,0.13887802350281778,0.0,0.0,0.5554274448724646,1.3856859199724814,12.471173279752334,1.0392644399793611,0.34642147999312034,43.69852293957129,1.0392644399793611,0.34642147999312034,1.4195680745417147,72.41823890769358,10.73906587978673,"8a7558242b07fff,8a755824284ffff,8a755824285ffff,8a7558242bb7fff,8a7558242b87fff,8a7558242b9ffff,8a7558242147fff,8a755824214ffff,8a7558242a97fff,8a755824206ffff,8a7558242047fff,8a75582423b7fff,8a7558242397fff,8a755824274ffff,8a7558242297fff,8a755824266ffff,8a755825c937fff,8a755825c9affff,8a755825c837fff,8a755825c807fff,8a755825c817fff"
-101594809#0,-101787493,"-101594809#0,-101594836#0,372606529#2,372606529#3,372606529#4,372606529#5,372606529#6,372606529#7,372606529#8,1164659929,120512822,282479125#0,282479125#1,120511930,-42762428#0,-697042776#1,42762429,1323419246,184568063,76867740,1323419243,120511145,283490977#1,-173532317#3,-173532317#2,-173532317#1,-101765339#6,416382004,-101754276#0,101765339#2,101786554#0,-101787493",4.756329644888913,3263.2347279540604,34.992000000000004,8.805865962802224,20.016000000000005,0.3509908712547414,0.0,0.0,0.27041734408165036,0.20934707432539948,0.0,0.0,0.5202355815929501,1.2257775898664411,11.03199830879797,0.9193331923998309,0.3064443974666103,58.0561757638922,1.2257775898664411,0.3064443974666103,1.6047572655894529,84.04029764180004,9.80622071893153,"8a7558242b07fff,8a755824284ffff,8a755824285ffff,8a7558242bb7fff,8a7558242b87fff,8a7558242b9ffff,8a7558242147fff,8a755824214ffff,8a7558242a97fff,8a755824206ffff,8a7558242047fff,8a75582423b7fff,8a7558242397fff,8a755824274ffff,8a7558242297fff,8a755824266ffff,8a755825c937fff,8a755825c90ffff,8a755825c977fff,8a755825c957fff,8a755825c877fff,8a755825c807fff,8a755825c817fff"
-101594809#0,-101787493,"-101594809#0,101594836#1,101594812#3,101594812#0,101594843,101594815#0,-659283000#5,-659283000#3,-659283000#2,-659283000#1,-659283000#0,-282479127#2,1164653914,-619184994,120511930,-42762428#0,-697042776#1,42762429,1323419246,184568063,76867740,1323419243,120511145,283490977#1,-173532317#3,-101786553#2,-101786553#1,-101786553#0,-101786554#3,-101787491#1,-101787491#0,-101786554#1,-101787493",4.643437389354589,3028.2295294994615,36.66,9.581930494425436,20.016000000000005,0.262085910276759,0.0,0.0,0.4253901374504647,0.0616473029626011,0.0,0.0,0.5129625595869339,1.3209038354041687,17.83220177795628,1.3209038354041687,0.33022595885104217,52.23288157356405,1.6511297942552108,0.33022595885104217,1.4891890239178662,70.96050083542963,10.897456642084391,"8a7558242b07fff,8a755824284ffff,8a7558242b17fff,8a7558242b0ffff,8a7558242b1ffff,8a7558242a37fff,8a7558242b8ffff,8a7558242aa7fff,8a7558242ab7fff,8a7558242a97fff,8a755824206ffff,8a7558242047fff,8a75582423b7fff,8a7558242397fff,8a755824274ffff,8a7558242297fff,8a755824266ffff,8a755825c937fff,8a755825c9affff,8a755825c837fff,8a755825c807fff,8a755825c817fff"
-101594809#0,-101787493,"-101594809#0,101594836#1,101594812#3,101594812#0,101594843,101594815#0,-659283000#5,-659283000#3,-659283000#2,-659283000#1,-659283000#0,-282479127#2,-1197063689,-42762428#4,-42762428#3,-42762428#0,-697042776#1,42762429,1323419246,184568063,76867740,1323419243,120511145,283490977#1,-173532317#3,-101786553#2,-101786553#1,-101786553#0,-101786554#3,-101787491#1,-101787491#0,-101786554#1,-101787493",4.355842351339383,2872.2038693671516,36.66,9.581930494425436,20.016000000000005,0.276323105483699,0.0,0.0,0.5018002146003602,0.035057325095056685,0.0,0.0,0.46314246030458306,1.3926588020652386,12.533929218587147,1.0444941015489289,0.34816470051630966,46.2510011833269,0.6963294010326193,0.34816470051630966,1.4124604608234497,72.57584884701404,11.489435117038218,"8a7558242b07fff,8a755824284ffff,8a7558242b17fff,8a7558242b0ffff,8a7558242b1ffff,8a7558242a37fff,8a7558242b8ffff,8a7558242aa7fff,8a7558242a87fff,8a7558242a97fff,8a755824206ffff,8a7558242047fff,8a75582423b7fff,8a7558242397fff,8a755824274ffff,8a7558242297fff,8a755824266ffff,8a755825c937fff,8a755825c9affff,8a755825c837fff,8a755825c807fff,8a755825c817fff"
-101594809#0,-101787493,"-101594809#0,101594836#1,101594812#3,101594812#0,101594843,101594815#0,-659283000#5,-659283000#3,-659283000#2,-659283000#1,-659283000#0,-282479127#2,1164653914,-619184994,120511930,-42762428#0,-697042776#1,42762429,1323419246,184568063,1323419245,16648700,1323419243,120511145,283490977#1,-173532317#3,-101786553#2,-101786553#1,-101786553#0,-101786554#3,-101787491#1,-101787491#0,-101786554#1,-101787493",4.610244112043666,3021.8487618741806,36.463764705882355,9.504759327955284,20.016000000000005,0.26263931629509957,0.0,0.0,0.5044976182438202,0.061777473975754546,0.0,0.0,0.4337249077804252,0.6618464912054633,11.913236841698339,0.9927697368081949,0.3309232456027317,52.242163092041494,1.6546162280136583,0.3309232456027317,1.4860511610117777,66.94886490529566,11.251390350492876,"8a7558242b07fff,8a755824284ffff,8a7558242b17fff,8a7558242b0ffff,8a7558242b1ffff,8a7558242a37fff,8a7558242b8ffff,8a7558242aa7fff,8a7558242ab7fff,8a7558242a97fff,8a755824206ffff,8a7558242047fff,8a75582423b7fff,8a7558242397fff,8a755824239ffff,8a755824274ffff,8a7558242297fff,8a755824266ffff,8a755825c937fff,8a755825c9affff,8a755825c837fff,8a755825c807fff,8a755825c817fff"
-101594809#0,-101787493,"-101594809#0,101594836#1,101594812#3,101594812#0,101594843,101594815#0,-659283000#5,-659283000#3,-659283000#2,-659283000#1,-659283000#0,-282479127#2,1164653914,-619184994,120511930,-42762428#0,-697042776#1,42762429,1323419246,184568063,1323419245,16648700,1323419243,120511145,283490977#1,-173532317#3,-101786553#2,-101786553#1,-101786553#0,-101786554#3,-101786554#2,-101786554#1,-101787493",4.603114089408262,3000.1163834258364,35.446909090909095,9.052576609602777,20.016000000000005,0.24647897730988683,0.0,0.0,0.5081521208579632,0.06222498042965109,0.0,0.0,0.42962289871238574,0.6666408046864495,11.99953448435609,0.9999612070296742,0.33332040234322474,50.71256713086843,1.6666020117161238,0.33332040234322474,1.4753638537473732,66.92347374610364,10.999573277326416,"8a7558242b07fff,8a755824284ffff,8a7558242b17fff,8a7558242b0ffff,8a7558242b1ffff,8a7558242a37fff,8a7558242b8ffff,8a7558242aa7fff,8a7558242ab7fff,8a7558242a97fff,8a755824206ffff,8a7558242047fff,8a75582423b7fff,8a7558242397fff,8a755824239ffff,8a755824274ffff,8a7558242297fff,8a755824266ffff,8a755825c937fff,8a755825c9affff,8a755825c837fff,8a755825c807fff,8a755825c817fff"
-101594809#0,-101787493,"-101594809#0,-101594836#0,372606529#2,372606529#3,372606529#4,372606529#5,372606529#6,372606529#7,372606529#8,1164659929,120512822,282479125#0,282479125#1,120511930,-42762428#0,-697042776#1,42762429,1323419246,184568063,76867740,1323419243,120511145,283490977#1,-173532317#3,-173532317#2,-173532317#1,-101765339#6,-101765339#5,-101765339#4,-101765339#3,101786554#0,-101787493",4.6225652247940205,3026.169132664049,33.741,7.937500313436622,20.016000000000005,0.23670578352987562,0.0,0.0,0.29160143718454473,0.22574701319910112,0.0,0.0,0.4826515496163541,1.3218031856926158,11.896228671233542,0.9913523892694619,0.33045079642315395,44.904970986361114,1.3218031856926158,0.33045079642315395,1.488175784887495,74.68177898037372,10.574425485540926,"8a7558242b07fff,8a755824284ffff,8a755824285ffff,8a7558242bb7fff,8a7558242b87fff,8a7558242b9ffff,8a7558242147fff,8a755824214ffff,8a7558242a97fff,8a755824206ffff,8a7558242047fff,8a75582423b7fff,8a7558242397fff,8a755824274ffff,8a7558242297fff,8a755824266ffff,8a755825c937fff,8a755825c90ffff,8a755825c977fff,8a755825c957fff,8a755825c82ffff,8a755825c807fff,8a755825c817fff"
-101594809#0,-101787493,"-101594809#0,101594836#1,101594812#3,101594812#0,101594843,101594815#0,-659283000#5,-659283000#3,-659283000#2,-659283000#1,-659283000#0,-282479127#2,-1197063689,-42762428#4,-42762428#3,-42762428#0,-697042776#1,42762429,1323419246,184568063,76867740,1323419243,120511145,283490977#1,-173532317#3,-173532317#2,-173532317#1,-101765339#6,-101765339#5,-101765339#4,-101765339#3,101786554#0,-101787493",4.41020707779152,2989.983595214237,36.66,9.581930494425436,20.016000000000005,0.3417145967411573,0.0,0.0,0.4820335871846655,0.12807669109104844,0.0,0.0,0.38988972172428604,1.3377999820475248,12.040199838427723,1.0033499865356437,0.3344499955118812,46.13048338944159,1.0033499865356437,0.3344499955118812,1.470380863904826,75.03254726518728,11.036849851892079,"8a7558242b07fff,8a755824284ffff,8a7558242b17fff,8a7558242b0ffff,8a7558242b1ffff,8a7558242a37fff,8a7558242b8ffff,8a7558242aa7fff,8a7558242a87fff,8a7558242a97fff,8a755824206ffff,8a7558242047fff,8a75582423b7fff,8a7558242397fff,8a755824274ffff,8a7558242297fff,8a755824266ffff,8a755825c937fff,8a755825c90ffff,8a755825c977fff,8a755825c957fff,8a755825c82ffff,8a755825c807fff,8a755825c817fff"
-101594809#0,-101787493,"-101594809#0,101594836#1,101594812#3,101594812#0,101594843,101594815#0,-659283000#5,-659283000#3,-659283000#2,-659283000#1,-659283000#0,-282479127#2,-1197063689,-42762428#4,-42762428#3,-42762428#0,-697042776#1,42762429,1323419246,184568063,76867740,1323419243,120511145,283490977#1,-173532317#3,-173532317#2,-173532317#1,-101765339#6,416382004,-101754276#0,101765339#2,101786554#0,-101787493",4.543971497886412,3227.0491905042486,37.873090909090905,9.93189243159265,20.016000000000005,0.44956702469935744,0.0,0.0,0.4466224197218428,0.11866791693736721,0.0,0.0,0.43470966334079003,1.23952247513617,11.155702276225531,0.9296418563521276,0.3098806187840425,58.28395180408922,0.9296418563521276,0.3098806187840425,1.5869623446067835,84.43481260453316,10.226060419873402,"8a7558242b07fff,8a755824284ffff,8a7558242b17fff,8a7558242b0ffff,8a7558242b1ffff,8a7558242a37fff,8a7558242b8ffff,8a7558242aa7fff,8a7558242a87fff,8a7558242a97fff,8a755824206ffff,8a7558242047fff,8a75582423b7fff,8a7558242397fff,8a755824274ffff,8a7558242297fff,8a755824266ffff,8a755825c937fff,8a755825c90ffff,8a755825c977fff,8a755825c957fff,8a755825c877fff,8a755825c807fff,8a755825c817fff"
-101594809#0,-101787493,"-101594809#0,-101594836#0,372606529#2,372606529#3,372606529#4,372606529#5,372606529#6,372606529#7,372606529#8,1164659929,120512822,282479125#0,282479125#1,120511930,-42762428#0,-697042776#1,42762429,1323419246,184568063,1323419245,16648700,1323419243,120511145,283490977#1,-173532317#3,-173532317#2,-173532317#1,-101765339#6,-101765339#5,-101765339#4,-101765339#3,101786554#0,-101787493",4.589371947483097,3019.788365038769,33.627272727272725,7.8397613136208095,20.016000000000005,0.23720593930825734,0.0,0.0,0.37048019936563004,0.22622401325976796,0.0,0.0,0.4032957873746018,0.6622980680218374,5.960682612196537,0.6622980680218374,0.3311490340109187,45.50218588992986,1.3245961360436749,0.3311490340109187,1.485037921981407,70.7569399765772,10.927918122360317,"8a7558242b07fff,8a755824284ffff,8a755824285ffff,8a7558242bb7fff,8a7558242b87fff,8a7558242b9ffff,8a7558242147fff,8a755824214ffff,8a7558242a97fff,8a755824206ffff,8a7558242047fff,8a75582423b7fff,8a7558242397fff,8a755824239ffff,8a755824274ffff,8a7558242297fff,8a755824266ffff,8a755825c937fff,8a755825c90ffff,8a755825c977fff,8a755825c957fff,8a755825c82ffff,8a755825c807fff,8a755825c817fff"
-101594809#0,-101787493,"-101594809#0,101594836#1,101594812#3,101594812#0,101594843,101594815#0,-659283000#5,-659283000#3,-659283000#2,-659283000#1,-659283000#0,-282479127#2,-1197063689,-42762428#4,-42762428#3,-42762428#0,-697042776#1,42762429,1323419246,184568063,1323419245,16648700,1323419243,120511145,283490977#1,-173532317#3,-101786553#2,-101786553#1,-101786553#0,-101786554#3,-101786554#2,-101786554#1,-101787493",4.315519051393055,2844.090723293527,35.446909090909095,9.052576609602777,20.016000000000005,0.260000713739932,0.0,0.0,0.5898577818062491,0.035403858239472896,0.0,0.0,0.37473835995427784,0.7032124480487567,6.32891203243881,0.7032124480487567,0.35160622402437836,44.53875656779134,0.7032124480487567,0.35160622402437836,1.3986352906529567,68.57335468122598,11.603005392804485,"8a7558242b07fff,8a755824284ffff,8a7558242b17fff,8a7558242b0ffff,8a7558242b1ffff,8a7558242a37fff,8a7558242b8ffff,8a7558242aa7fff,8a7558242a87fff,8a7558242a97fff,8a755824206ffff,8a7558242047fff,8a75582423b7fff,8a7558242397fff,8a755824239ffff,8a755824274ffff,8a7558242297fff,8a755824266ffff,8a755825c937fff,8a755825c9affff,8a755825c837fff,8a755825c807fff,8a755825c817fff"
-101594809#0,-101787493,"-101594809#0,101594836#1,101594812#3,101594812#0,101594843,101594815#0,-659283000#5,-659283000#3,-659283000#2,-659283000#1,-659283000#0,-282479127#2,-1197063689,-42762428#4,-42762428#3,-42762428#0,-697042776#1,42762429,1323419246,184568063,1323419245,16648700,1323419243,120511145,283490977#1,-173532317#3,-101786553#2,-101786553#1,-101786553#0,-101786554#3,-101787491#1,-101787491#0,-101786554#1,-101787493",4.322649074028459,2865.823101741871,36.463764705882355,9.504759327955284,20.016000000000005,0.2769383400822741,0.0,0.0,0.5853847169694409,0.03513538038216059,0.0,0.0,0.37947990264839837,0.6978797814786207,6.280918033307586,0.6978797814786207,0.34893989073931037,46.43693565142576,0.6978797814786207,0.34893989073931037,1.4093225979173611,68.41306035827071,11.863956285136553,"8a7558242b07fff,8a755824284ffff,8a7558242b17fff,8a7558242b0ffff,8a7558242b1ffff,8a7558242a37fff,8a7558242b8ffff,8a7558242aa7fff,8a7558242a87fff,8a7558242a97fff,8a755824206ffff,8a7558242047fff,8a75582423b7fff,8a7558242397fff,8a755824239ffff,8a755824274ffff,8a7558242297fff,8a755824266ffff,8a755825c937fff,8a755825c9affff,8a755825c837fff,8a755825c807fff,8a755825c817fff"
-101594809#0,-101787493,"-101594809#0,101594836#1,101594812#3,101594812#0,101594843,101594815#0,-659283000#5,-659283000#3,-659283000#2,-659283000#1,-659283000#0,-282479127#2,1164653914,-619184994,120511930,-42762428#0,-697042776#1,42762429,1323419246,184568063,1323419245,16648700,1323419243,120511145,283490977#1,-173532317#3,-173532317#2,-173532317#1,-101765339#6,416382004,-101754276#0,101765339#2,101786554#0,-101787493",4.798373258590694,3376.694083011278,37.641176470588235,9.87329668461654,20.016000000000005,0.4296435707435151,0.0,0.0,0.4514816757397887,0.13887476692322392,0.0,0.0,0.4096435573369872,0.592295289662851,10.661315213931319,0.8884429344942766,0.2961476448314255,62.85700343639068,1.7768858689885532,0.2961476448314255,1.6605530447951118,79.0664908710329,10.069019924268467,"8a7558242b07fff,8a755824284ffff,8a7558242b17fff,8a7558242b0ffff,8a7558242b1ffff,8a7558242a37fff,8a7558242b8ffff,8a7558242aa7fff,8a7558242ab7fff,8a7558242a97fff,8a755824206ffff,8a7558242047fff,8a75582423b7fff,8a7558242397fff,8a755824239ffff,8a755824274ffff,8a7558242297fff,8a755824266ffff,8a755825c937fff,8a755825c90ffff,8a755825c977fff,8a755825c957fff,8a755825c877fff,8a755825c807fff,8a755825c817fff"
-101594809#0,-101787493,"-101594809#0,101594836#1,101594812#3,101594812#0,101594843,101594815#0,-659283000#5,-659283000#3,-659283000#2,-659283000#1,-659283000#0,-282479127#2,1164653914,-619184994,120511930,-42762428#0,-697042776#1,42762429,1323419246,184568063,1323419245,16648700,1323419243,120511145,283490977#1,-173532317#3,-173532317#2,-173532317#1,-101765339#6,-101765339#5,-101765339#4,-101765339#3,101786554#0,-101787493",4.664608838495802,3139.6284877212665,36.463764705882355,9.504759327955284,20.016000000000005,0.32542736903335684,0.0,0.0,0.48557194235584544,0.14936085768847582,0.0,0.0,0.36506719995567855,0.6370180445940578,11.46632480269304,0.9555270668910867,0.3185090222970289,52.18317526671504,1.9110541337821734,0.3185090222970289,1.5439715640931542,69.43357493207715,10.829306758098982,"8a7558242b07fff,8a755824284ffff,8a7558242b17fff,8a7558242b0ffff,8a7558242b1ffff,8a7558242a37fff,8a7558242b8ffff,8a7558242aa7fff,8a7558242ab7fff,8a7558242a97fff,8a755824206ffff,8a7558242047fff,8a75582423b7fff,8a7558242397fff,8a755824239ffff,8a755824274ffff,8a7558242297fff,8a755824266ffff,8a755825c937fff,8a755825c90ffff,8a755825c977fff,8a755825c957fff,8a755825c82ffff,8a755825c807fff,8a755825c817fff"
-101594809#0,-101787493,"-101594809#0,101594836#1,101594812#3,101594812#0,101594843,101594815#0,-659283000#5,-659283000#3,-659283000#2,-659283000#1,-659283000#0,-282479127#2,1164653914,-619184994,120511930,-42762428#0,-697042776#1,42762429,1323419246,184568063,76867740,1323419243,120511145,283490977#1,-173532317#3,-173532317#2,-173532317#1,-101765339#6,416382004,-101754276#0,101765339#2,101786554#0,-101787493",4.831566535901618,3383.0748506365585,37.873090909090905,9.93189243159265,20.016000000000005,0.42883322633564774,0.0,0.0,0.3807716449261975,0.13861283727168658,0.0,0.0,0.480615517802116,1.182356340489292,15.961810596605444,1.182356340489292,0.295589085122323,63.0824260595694,1.7735345107339382,0.295589085122323,1.6636909077012003,82.41673685857681,9.75443980903666,"8a7558242b07fff,8a755824284ffff,8a7558242b17fff,8a7558242b0ffff,8a7558242b1ffff,8a7558242a37fff,8a7558242b8ffff,8a7558242aa7fff,8a7558242ab7fff,8a7558242a97fff,8a755824206ffff,8a7558242047fff,8a75582423b7fff,8a7558242397fff,8a755824274ffff,8a7558242297fff,8a755824266ffff,8a755825c937fff,8a755825c90ffff,8a755825c977fff,8a755825c957fff,8a755825c877fff,8a755825c807fff,8a755825c817fff"
-659278038#3,-101752975#1,"-659278038#3,659278038#3,100475365#0,100475365#1,282479151#3,282479151#4,100488713,-100488715#7,-100488715#6,-100488715#5,-100488715#4,-100488715#3,-100488715#2,-100488715#1,-100488715#0,162276533#2,120511145,283490977#1,-173532317#3,-173532317#2,-173532317#1,-101765339#6,416382004,336860320,101752975#1,101752975#2,-101752975#2,-101752975#1",4.229390301837077,3192.5395964730387,42.14057142857142,9.954906787251058,20.016000000000005,0.6266054609170598,0.0,0.0,0.08016862128572314,0.23010730551834052,0.0,0.1776849523998199,0.5120391207961165,0.0,5.951374893201096,0.6264605150737996,0.0,60.475651257037796,1.566151287684499,0.3132302575368998,2.1088417603158907,95.44932529070816,8.770447211033193,"8a755824200ffff,8a7558242007fff,8a75582420e7fff,8a75582420c7fff,8a75582420dffff,8a755824270ffff,8a755824262ffff,8a755824260ffff,8a755824274ffff,8a7558242297fff,8a755824266ffff,8a755825c937fff,8a755825c90ffff,8a755825c977fff,8a755825c957fff,8a755825c877fff,8a755825c95ffff,8a755825c96ffff"
-659278038#3,-101752975#1,"-659278038#3,659278038#3,100475365#0,100475365#1,282479151#3,282479151#4,100488713,-100488715#7,-100488715#6,-100488715#5,-100488715#4,-100488715#3,-100488715#2,-100488715#1,-100488715#0,162276533#2,120511145,283490977#1,-173532317#3,-173532317#2,-173532317#1,-173532317#0,47374679#0,47374679#1,101754282#1,101754278#1,-101752975#2,-101752975#1",3.6794993159250726,2731.1137270093327,42.85542857142856,9.766807930068921,20.016000000000005,0.5790771031580143,0.0,0.0,0.09371323329313991,0.34588706488604654,0.0,0.11694375666019828,0.4434559451606151,0.0,6.224566861452382,0.7323019837002802,0.0,51.96425765747737,1.4646039674005604,0.3661509918501401,1.804045495959409,86.23041694040622,10.252227771803923,"8a755824200ffff,8a7558242007fff,8a75582420e7fff,8a75582420c7fff,8a75582420dffff,8a755824270ffff,8a755824262ffff,8a755824260ffff,8a755824274ffff,8a7558242297fff,8a755824266ffff,8a755825c937fff,8a755825c90ffff,8a755825c977fff,8a755825c947fff,8a755825c96ffff,8a755825c95ffff,8a755825c877fff"
-659278038#3,-101752975#1,"-659278038#3,659278038#3,100475365#0,100475365#1,282479151#3,282479151#4,100488713,-100488715#7,-101605219,-100488715#5,-100488715#4,-100488715#3,-100488715#2,-100488715#1,-100488715#0,162276533#2,120511145,283490977#1,-173532317#3,-173532317#2,-173532317#1,-173532317#0,47374679#0,101754278#0,101754278#1,-101752975#2,-101752975#1",3.782248983106561,2902.332536882299,43.33199999999999,9.615375379687874,20.016000000000005,0.6610071190921979,0.0,0.0,0.08818475987739714,0.3163290621729005,0.0,0.11443471306521873,0.4810514648844834,0.0,5.857357757585383,0.6891009126571039,0.0,51.304570123173534,1.033651368985656,0.34455045632855197,1.917144602642563,98.17431387579697,9.302862320870902,"8a755824200ffff,8a7558242007fff,8a75582420e7fff,8a75582420c7fff,8a75582420dffff,8a755824270ffff,8a755824262ffff,8a755824260ffff,8a755824274ffff,8a7558242297fff,8a755824266ffff,8a755825c937fff,8a755825c90ffff,8a755825c977fff,8a755825c947fff,8a755825c96ffff,8a755825c95ffff,8a755825c877fff"
-659278038#3,-101752975#1,"-659278038#3,659278038#3,100475365#0,100475365#1,282479151#3,282479151#4,100488713,-100488715#7,-101605219,-100488715#5,-100488715#4,-100488715#3,-100488715#2,-100488715#1,-100488715#0,162276533#2,120511145,283490977#1,-173532317#3,-173532317#2,-173532317#1,-101765339#6,416382004,336860320,101752975#1,101752975#2,-101752975#2,-101752975#1",4.334491780873615,3377.582295770114,42.85542857142856,9.766807930068921,20.016000000000005,0.6961262442466798,0.0,0.0,0.07577653938139377,0.2175007505294614,0.0,0.16795038478981344,0.5387723252993313,0.0,5.625325554256512,0.5921395320270013,0.0,60.475651257037796,1.4803488300675032,0.29606976601350066,2.2310722792890463,105.08135045027461,8.289953448378018,"8a755824200ffff,8a7558242007fff,8a75582420e7fff,8a75582420c7fff,8a75582420dffff,8a755824270ffff,8a755824262ffff,8a755824260ffff,8a755824274ffff,8a7558242297fff,8a755824266ffff,8a755825c937fff,8a755825c90ffff,8a755825c977fff,8a755825c957fff,8a755825c877fff,8a755825c95ffff,8a755825c96ffff"
-659278038#3,-101752975#1,"-659278038#3,659278038#3,100475365#0,100475365#1,282479151#3,282479151#4,100488713,-100488715#7,-100488715#6,-100488715#5,-100488715#4,-100488715#3,-100488715#2,-100488715#1,-100488715#0,162276533#2,120511145,283490977#1,-173532317#3,-173532317#2,-173532317#1,-173532317#0,47374679#0,101754278#0,101754278#1,-101752975#2,-101752975#1",3.677147504070021,2717.2898375852237,42.590666666666664,9.849931198510204,20.016000000000005,0.5769357078966276,0.0,0.0,0.09418998824091955,0.337870519665195,0.0,0.12222751746391777,0.4457119746299675,0.0,6.256233606315402,0.7360274830959297,0.0,51.304570123173534,1.1040412246438946,0.36801374154796485,1.7949140836694075,86.2768579376205,9.93637102179505,"8a755824200ffff,8a7558242007fff,8a75582420e7fff,8a75582420c7fff,8a75582420dffff,8a755824270ffff,8a755824262ffff,8a755824260ffff,8a755824274ffff,8a7558242297fff,8a755824266ffff,8a755825c937fff,8a755825c90ffff,8a755825c977fff,8a755825c947fff,8a755825c96ffff,8a755825c95ffff,8a755825c877fff"
-659278038#3,-101752975#1,"-659278038#3,659278038#3,100475365#0,100475365#1,282479151#3,282479151#4,100488713,-100488715#7,-101605219,-100488715#5,-100488715#4,-100488715#3,-100488715#2,-100488715#1,-100488715#0,162276533#2,120511145,283490977#1,-173532317#3,-173532317#2,-173532317#1,-173532317#0,47374679#0,47374679#1,101754282#1,101754278#1,-101752975#2,-101752975#1",3.784600794961612,2916.156426306408,43.5702857142857,9.519506829963111,20.016000000000005,0.6626140973938266,0.0,0.0,0.08776672456267955,0.32393903920365075,0.0,0.10952317105541574,0.4787710651782538,0.0,5.829591254654378,0.6858342652534563,0.0,51.96425765747737,1.3716685305069125,0.3429171326267281,1.9262760149325644,97.944288063123,9.601679713548387,"8a755824200ffff,8a7558242007fff,8a75582420e7fff,8a75582420c7fff,8a75582420dffff,8a755824270ffff,8a755824262ffff,8a755824260ffff,8a755824274ffff,8a7558242297fff,8a755824266ffff,8a755825c937fff,8a755825c90ffff,8a755825c977fff,8a755825c947fff,8a755825c96ffff,8a755825c95ffff,8a755825c877fff"
-101609498#5,282689983#1,"-101609498#5,-101609498#4,-101609498#3,101608828,-101607966#0,101607969#1,100468681#4,100468681#5,100468681#6,100468681#7,100468681#8,282479126,133906980,133906979,282479125#0,282479125#1,120511930,42762428#1,1164653913,463830226#0,463830226#1,101411570,282689981#1,-120511301,120509990,120509991,282689983#0,282689983#1",3.359883507038524,2365.72963271075,41.42571428571428,10.08711585567026,20.016000000000005,0.43977249419178976,0.0,0.0,0.05176871780002141,0.2736497529375099,0.0,0.0,0.6745815292624687,0.0,7.608646292930296,0.4227025718294609,0.0,75.98930767886309,1.2681077154883829,0.0,2.33785490972853,60.5130698375706,11.835672011224906,"8a755824295ffff,8a755824282ffff,8a755824280ffff,8a755824281ffff,8a75582428f7fff,8a75582428d7fff,8a75582428dffff,8a7558242177fff,8a7558242167fff,8a7558242147fff,8a755824214ffff,8a7558242a97fff,8a7558242a87fff,8a7558242aa7fff,8a7558242aaffff,8a7558242af7fff,8a7558242ac7fff,8a7558242acffff,8a755824230ffff,8a7558242307fff,8a7558242337fff,8a7558242327fff"
-101609498#5,282689983#1,"-101609498#5,101609498#5,120512823#0,120512823#1,-101607965,101607964#1,101607969#0,101607969#1,100468681#4,100468681#5,100468681#6,100468681#7,100468681#8,282479126,133906980,133906979,282479125#0,282479125#1,120511930,42762428#1,42762428#4,71324344,463830226#0,-416376586,71223791#1,101411570,282689981#1,-120511301,120509990,120509991,282689983#0,282689983#1",4.174231218765404,2868.3578849199503,39.996,10.168138168143255,20.016000000000005,0.3958453374687234,0.0,0.0,0.05136093127190082,0.22569754384966154,0.0,0.0,0.7229415248784375,0.0,6.2753675525055135,0.3486315306947508,0.0,81.00859932871028,1.0458945920842522,0.0,2.834560835438689,68.70441064566245,11.156208982232025,"8a755824295ffff,8a755824282ffff,8a7558242847fff,8a7558242877fff,8a75582428e7fff,8a75582428f7fff,8a75582428d7fff,8a75582428dffff,8a7558242177fff,8a7558242167fff,8a7558242147fff,8a755824214ffff,8a7558242a97fff,8a7558242a87fff,8a7558242aa7fff,8a7558242aaffff,8a7558242327fff,8a7558242af7fff,8a7558242ac7fff,8a7558242acffff,8a755824230ffff,8a7558242307fff,8a7558242337fff"
-101609498#5,282689983#1,"-101609498#5,-101609498#4,-101609498#3,101608828,-101607966#0,101607969#1,100468681#4,100468681#5,100468681#6,100468681#7,100468681#8,282479126,133906980,133906979,282479125#0,282479125#1,120511930,42762428#1,1164653913,463830226#0,-416376586,71223791#1,101411570,282689981#1,-120511301,120509990,120509991,282689983#0,282689983#1",3.812508257442645,2686.8941185468734,41.7215172413793,10.03261996340185,20.016000000000005,0.46969695371542225,0.0,0.0,0.04558080234779992,0.24094039472547574,0.0,0.0,0.7134788029267244,0.0,6.699184711355416,0.3721769284086342,0.0,77.38387144000555,1.1165307852259025,0.0,2.655235205287529,67.93271511458752,10.793130923850391,"8a755824295ffff,8a755824282ffff,8a755824280ffff,8a755824281ffff,8a75582428f7fff,8a75582428d7fff,8a75582428dffff,8a7558242177fff,8a7558242167fff,8a7558242147fff,8a755824214ffff,8a7558242a97fff,8a7558242a87fff,8a7558242aa7fff,8a7558242aaffff,8a7558242327fff,8a7558242af7fff,8a7558242ac7fff,8a7558242acffff,8a755824230ffff,8a7558242307fff,8a7558242337fff"
-101609498#5,282689983#1,"-101609498#5,101609498#5,120512823#0,120512823#1,372606529#0,372606529#1,101594836#0,101594836#1,101594812#3,101594812#0,101594843,101594815#0,-659283000#5,-659283000#3,-659283000#2,-659283000#1,-659283000#0,-282479127#2,-1197063689,-42762428#4,1164653913,463830226#0,-416376586,71223791#1,101411570,282689981#1,-120511301,120509990,120509991,282689983#0,282689983#1",3.614454305840406,2593.648668617449,39.67316129032257,10.168138168143257,20.016000000000005,0.44564389094852747,0.0,0.0,0.1682442442220722,0.0,0.0,0.0,0.8317557557779277,0.0,6.940030165918712,0.3855572314399284,0.0,77.7895906609358,0.7711144628798569,0.3855572314399284,2.56308844011489,66.76583155067847,11.95227417463778,"8a755824295ffff,8a755824282ffff,8a7558242847fff,8a755824285ffff,8a755824284ffff,8a7558242b17fff,8a7558242b07fff,8a7558242b0ffff,8a7558242b1ffff,8a7558242a37fff,8a7558242b8ffff,8a7558242aa7fff,8a7558242a87fff,8a7558242aaffff,8a7558242327fff,8a7558242af7fff,8a7558242ac7fff,8a7558242acffff,8a755824230ffff,8a7558242307fff,8a7558242337fff"
-101609498#5,282689983#1,"-101609498#5,-101609498#4,-101609498#3,101608828,-101607966#0,101607969#1,100468681#4,100468681#5,100468681#6,100468681#7,100468681#8,282479126,133906980,133906979,282479125#0,282479125#1,120511930,42762428#1,42762428#4,71324344,463830226#0,463830226#1,101411570,282689981#1,-120511301,120509990,120509991,282689983#0,282689983#1",3.368442740667181,2376.41430258104,40.34110344827586,10.179089316355608,20.016000000000005,0.42628872221901043,0.0,0.0,0.06199320212413358,0.2724193878168119,0.0,0.0,0.6655874100590546,0.0,7.57443682292691,0.42080204571816165,0.0,75.9994779914752,1.262406137154485,0.0,2.3484136851564994,60.96200485881241,12.20325932582669,"8a755824295ffff,8a755824282ffff,8a755824280ffff,8a755824281ffff,8a75582428f7fff,8a75582428d7fff,8a75582428dffff,8a7558242177fff,8a7558242167fff,8a7558242147fff,8a755824214ffff,8a7558242a97fff,8a7558242a87fff,8a7558242aa7fff,8a7558242aaffff,8a7558242af7fff,8a7558242ac7fff,8a7558242acffff,8a755824230ffff,8a7558242307fff,8a7558242337fff,8a7558242327fff"
-101609498#5,282689983#1,"-101609498#5,101609498#5,120512823#0,120512823#1,-101607965,101607964#1,101607969#0,101607969#1,100468681#4,100468681#5,100468681#6,100468681#7,100468681#8,282479126,133906980,133906979,282479125#0,282479125#1,120511930,42762428#1,1164653913,463830226#0,463830226#1,101411570,282689981#1,-120511301,120509990,120509991,282689983#0,282689983#1",3.713047234732625,2536.5087292135363,40.66319999999999,10.156443928312981,20.016000000000005,0.37103248550722623,0.0,0.0,0.04828321240783749,0.2552253505190847,0.0,0.0,0.6964914370730778,0.0,7.096368245332646,0.3942426802962581,0.0,79.91781021343662,1.1827280408887741,0.0,2.50662176445172,61.4541586059347,11.827280408887741,"8a755824295ffff,8a755824282ffff,8a7558242847fff,8a7558242877fff,8a75582428e7fff,8a75582428f7fff,8a75582428d7fff,8a75582428dffff,8a7558242177fff,8a7558242167fff,8a7558242147fff,8a755824214ffff,8a7558242a97fff,8a7558242a87fff,8a7558242aa7fff,8a7558242aaffff,8a7558242af7fff,8a7558242ac7fff,8a7558242acffff,8a755824230ffff,8a7558242307fff,8a7558242337fff,8a7558242327fff"
-101609498#5,282689983#1,"-101609498#5,101609498#5,120512823#0,120512823#1,-101607965,101607964#1,101607969#0,101607969#1,100468681#4,100468681#5,100468681#6,100468681#7,100468681#8,282479126,133906980,133906979,282479125#0,282479125#1,120511930,42762428#1,42762428#4,71324344,463830226#0,463830226#1,101411570,282689981#1,-120511301,120509990,120509991,282689983#0,282689983#1",3.721606468361282,2547.193399083826,39.67316129032257,10.168138168143257,20.016000000000005,0.35874108891345374,0.0,0.0,0.05783680667654719,0.25415476097774625,0.0,0.0,0.6880084323457066,0.0,7.06660122724652,0.3925889570692511,0.0,79.90227379304895,1.1777668712077534,0.0,2.5171805398796896,61.841538182640114,12.170257669146785,"8a755824295ffff,8a755824282ffff,8a7558242847fff,8a7558242877fff,8a75582428e7fff,8a75582428f7fff,8a75582428d7fff,8a75582428dffff,8a7558242177fff,8a7558242167fff,8a7558242147fff,8a755824214ffff,8a7558242a97fff,8a7558242a87fff,8a7558242aa7fff,8a7558242aaffff,8a7558242af7fff,8a7558242ac7fff,8a7558242acffff,8a755824230ffff,8a7558242307fff,8a7558242337fff,8a7558242327fff"
-101609498#5,282689983#1,"-101609498#5,-101609498#4,-101609498#3,101608828,-101607966#0,101607969#1,100468681#4,100468681#5,100468681#6,100468681#7,100468681#8,282479126,133906980,133906979,282479125#0,282479125#1,120511930,42762428#1,42762428#4,71324344,463830226#0,-416376586,71223791#1,101411570,282689981#1,-120511301,120509990,120509991,282689983#0,282689983#1",3.821067491071302,2697.5787884171637,40.66319999999999,10.156443928312981,20.016000000000005,0.4576999875178565,0.0,0.0,0.0546125039324731,0.23998606909572473,0.0,0.0,0.7054014269718022,0.0,6.672650332693976,0.37070279626077646,0.0,77.33410347864607,1.1121083887823293,0.0,2.665793980715499,68.39032835597486,11.121083887823294,"8a755824295ffff,8a755824282ffff,8a755824280ffff,8a755824281ffff,8a75582428f7fff,8a75582428d7fff,8a75582428dffff,8a7558242177fff,8a7558242167fff,8a7558242147fff,8a755824214ffff,8a7558242a97fff,8a7558242a87fff,8a7558242aa7fff,8a7558242aaffff,8a7558242327fff,8a7558242af7fff,8a7558242ac7fff,8a7558242acffff,8a755824230ffff,8a7558242307fff,8a7558242337fff"
-101609498#5,282689983#1,"-101609498#5,101609498#5,120512823#0,120512823#1,372606529#0,372606529#1,372606529#2,372606529#3,372606529#4,372606529#5,372606529#6,372606529#7,372606529#8,1164659929,120512822,282479125#0,282479125#1,120511930,42762428#1,42762428#4,71324344,463830226#0,-416376586,71223791#1,101411570,282689981#1,-120511301,120509990,120509991,282689983#0,282689983#1",4.158160802117823,2782.2661336523006,35.79909677419354,9.235670137587343,20.016000000000005,0.29583445198506225,0.0,0.0,0.05295019423508503,0.10789817487681912,0.0,0.0,0.8391516308880961,0.0,6.469546454339819,0.3594192474633233,0.0,80.42364613240105,1.07825774238997,0.0,2.7494834789203204,66.7705459473321,11.141996671363023,"8a755824295ffff,8a755824282ffff,8a7558242847fff,8a755824285ffff,8a7558242bb7fff,8a7558242b87fff,8a7558242b9ffff,8a7558242147fff,8a755824214ffff,8a7558242a97fff,8a7558242a87fff,8a7558242aa7fff,8a7558242aaffff,8a7558242327fff,8a7558242af7fff,8a7558242ac7fff,8a7558242acffff,8a755824230ffff,8a7558242307fff,8a7558242337fff"
-101609498#5,282689983#1,"-101609498#5,101609498#5,120512823#0,120512823#1,372606529#0,372606529#1,101594836#0,101594836#1,101594812#3,101594812#0,101594843,101594815#0,-659283000#5,-659283000#3,-659283000#2,-659283000#1,-659283000#0,-282479127#2,-1197063689,-42762428#4,1164653913,463830226#0,463830226#1,101411570,282689981#1,-120511301,120509990,120509991,282689983#0,282689983#1",3.161829555436285,2272.4841827813257,39.32879999999999,10.15644392831298,20.016000000000005,0.411092200437694,0.0,0.0,0.1920217809811338,0.0,0.0,0.0,0.8079782190188664,0.0,7.9208472104609084,0.44004706724782827,0.0,76.41182723259926,0.8800941344956565,0.44004706724782827,2.245708144555891,58.481141262665865,13.201412017434848,"8a755824295ffff,8a755824282ffff,8a7558242847fff,8a755824285ffff,8a755824284ffff,8a7558242b17fff,8a7558242b07fff,8a7558242b0ffff,8a7558242b1ffff,8a7558242a37fff,8a7558242b8ffff,8a7558242aa7fff,8a7558242a87fff,8a7558242aaffff,8a7558242af7fff,8a7558242ac7fff,8a7558242acffff,8a755824230ffff,8a7558242307fff,8a7558242337fff,8a7558242327fff"
-101609498#5,282689983#1,"-101609498#5,101609498#5,120512823#0,120512823#1,372606529#0,372606529#1,372606529#2,372606529#3,372606529#4,372606529#5,372606529#6,372606529#7,372606529#8,1164659929,120512822,282479125#0,282479125#1,120511930,42762428#1,1164653913,463830226#0,-416376586,71223791#1,101411570,282689981#1,-120511301,120509990,120509991,282689983#0,282689983#1",4.149601568489167,2771.581463782011,36.66,9.596937442531454,20.016000000000005,0.30684083895392045,0.0,0.0,0.04418805340826296,0.1083141310351463,0.0,0.0,0.8474978155565907,0.0,6.494487077221891,0.36080483762343835,0.0,80.3657074591243,1.082414512870315,0.0,2.738924703492351,66.27009267177642,10.824145128703151,"8a755824295ffff,8a755824282ffff,8a7558242847fff,8a755824285ffff,8a7558242bb7fff,8a7558242b87fff,8a7558242b9ffff,8a7558242147fff,8a755824214ffff,8a7558242a97fff,8a7558242a87fff,8a7558242aa7fff,8a7558242aaffff,8a7558242327fff,8a7558242af7fff,8a7558242ac7fff,8a7558242acffff,8a755824230ffff,8a7558242307fff,8a7558242337fff"
-101609498#5,282689983#1,"-101609498#5,101609498#5,120512823#0,120512823#1,-101607965,101607964#1,101607969#0,101607969#1,100468681#4,100468681#5,100468681#6,100468681#7,100468681#8,282479126,133906980,133906979,282479125#0,282479125#1,120511930,42762428#1,1164653913,463830226#0,-416376586,71223791#1,101411570,282689981#1,-120511301,120509990,120509991,282689983#0,282689983#1",4.165671985136747,2857.6732150496596,40.96451612903225,10.125682290989808,20.016000000000005,0.4068940750341833,0.0,0.0,0.04285682110255664,0.226541413517428,0.0,0.0,0.7306017653800154,0.0,6.298830777852674,0.34993504321403746,0.0,81.07471484248218,1.0498051296421125,0.0,2.8240020600107187,68.30456435156898,10.847986339635161,"8a755824295ffff,8a755824282ffff,8a7558242847fff,8a7558242877fff,8a75582428e7fff,8a75582428f7fff,8a75582428d7fff,8a75582428dffff,8a7558242177fff,8a7558242167fff,8a7558242147fff,8a755824214ffff,8a7558242a97fff,8a7558242a87fff,8a7558242aa7fff,8a7558242aaffff,8a7558242327fff,8a7558242af7fff,8a7558242ac7fff,8a7558242acffff,8a755824230ffff,8a7558242307fff,8a7558242337fff"
-101609498#5,282689983#1,"-101609498#5,101609498#5,120512823#0,120512823#1,372606529#0,372606529#1,372606529#2,372606529#3,372606529#4,372606529#5,372606529#6,372606529#7,372606529#8,1164659929,120512822,282479125#0,282479125#1,120511930,42762428#1,1164653913,463830226#0,463830226#1,101411570,282689981#1,-120511301,120509990,120509991,282689983#0,282689983#1",3.696976818085045,2450.416977945887,36.199862068965516,9.424005486462063,20.016000000000005,0.256605804627744,0.0,0.0,0.04997957117062371,0.12251034846090456,0.0,0.0,0.8275100803684717,0.0,7.345688575455788,0.4080938097475438,0.0,79.07306283716905,1.2242814292426314,0.0,2.421544407933352,58.84371000231655,11.834720482678769,"8a755824295ffff,8a755824282ffff,8a7558242847fff,8a755824285ffff,8a7558242bb7fff,8a7558242b87fff,8a7558242b9ffff,8a7558242147fff,8a755824214ffff,8a7558242a97fff,8a7558242a87fff,8a7558242aa7fff,8a7558242aaffff,8a7558242af7fff,8a7558242ac7fff,8a7558242acffff,8a755824230ffff,8a7558242307fff,8a7558242337fff,8a7558242327fff"
-101609498#5,282689983#1,"-101609498#5,101609498#5,120512823#0,120512823#1,372606529#0,372606529#1,101594836#0,101594836#1,101594812#3,101594812#0,101594843,101594815#0,-659283000#5,-659283000#3,-659283000#2,-659283000#1,-659283000#0,-282479127#2,-1197063689,71324344,463830226#0,-416376586,71223791#1,101411570,282689981#1,-120511301,120509990,120509991,282689983#0,282689983#1",3.57703514811252,2554.6318536004646,39.32879999999999,10.15644392831298,20.016000000000005,0.441746421581362,0.0,0.0,0.1610861138388705,0.0,0.0,0.0,0.8389138861611293,0.0,7.046025036692091,0.39144583537178285,0.0,76.62322140843506,0.7828916707435657,0.39144583537178285,2.524531349191145,67.46671942018529,11.743375061153486,"8a755824295ffff,8a755824282ffff,8a7558242847fff,8a755824285ffff,8a755824284ffff,8a7558242b17fff,8a7558242b07fff,8a7558242b0ffff,8a7558242b1ffff,8a7558242a37fff,8a7558242b8ffff,8a7558242aa7fff,8a7558242aaffff,8a7558242327fff,8a7558242af7fff,8a7558242ac7fff,8a7558242acffff,8a755824230ffff,8a7558242307fff,8a7558242337fff"
-101609498#5,282689983#1,"-101609498#5,101609498#5,120512823#0,120512823#1,372606529#0,372606529#1,101594836#0,101594836#1,101594812#3,101594812#0,101594843,101594815#0,-659283000#5,-659283000#3,-659283000#2,-659283000#1,-659283000#0,-282479127#2,-1197063689,71324344,463830226#0,463830226#1,101411570,282689981#1,-120511301,120509990,120509991,282689983#0,282689983#1",3.124410397708399,2233.4673677643414,38.96068965517241,10.130501500431572,20.016000000000005,0.40603069988741103,0.0,0.0,0.18424971124490108,0.0,0.0,0.0,0.8157502887550989,0.0,8.059217815220492,0.44773432306780514,0.0,75.12777879588997,0.8954686461356103,0.44773432306780514,2.207151053632146,59.195851503731895,12.98429536896635,"8a755824295ffff,8a755824282ffff,8a7558242847fff,8a755824285ffff,8a755824284ffff,8a7558242b17fff,8a7558242b07fff,8a7558242b0ffff,8a7558242b1ffff,8a7558242a37fff,8a7558242b8ffff,8a7558242aa7fff,8a7558242aaffff,8a7558242af7fff,8a7558242ac7fff,8a7558242acffff,8a755824230ffff,8a7558242307fff,8a7558242337fff,8a7558242327fff"
-101609498#5,282689983#1,"-101609498#5,101609498#5,120512823#0,120512823#1,372606529#0,372606529#1,372606529#2,372606529#3,372606529#4,372606529#5,372606529#6,372606529#7,372606529#8,1164659929,120512822,282479125#0,282479125#1,120511930,42762428#1,42762428#4,71324344,463830226#0,463830226#1,101411570,282689981#1,-120511301,120509990,120509991,282689983#0,282689983#1",3.705536051713702,2461.101647816177,35.3256,9.002725325297815,20.016000000000005,0.24438121691665748,0.0,0.0,0.059859994942229225,0.12197847988482992,0.0,0.0,0.818161525172941,0.0,7.313797874204846,0.4063221041224915,0.0,79.20040419323463,1.2189663123674745,0.0,2.4321031833613214,59.34944081975846,12.189663123674745,"8a755824295ffff,8a755824282ffff,8a7558242847fff,8a755824285ffff,8a7558242bb7fff,8a7558242b87fff,8a7558242b9ffff,8a7558242147fff,8a755824214ffff,8a7558242a97fff,8a7558242a87fff,8a7558242aa7fff,8a7558242aaffff,8a7558242af7fff,8a7558242ac7fff,8a7558242acffff,8a755824230ffff,8a7558242307fff,8a7558242337fff,8a7558242327fff"
-120511302,-372606529#4,"-120511302,120511302,71324347#1,71324347#2,71324347#3,101418583,526438862#2,1200809292,868087112,526439431#0,526439431#1,697042776#0,697042776#2,42762428#1,42762428#4,1197063689,282479127#0,101611060,-372606529#7,-372606529#6,-372606529#5,-372606529#4",2.4356445815736363,1119.6250867057609,25.90363636363637,7.331987884445961,19.98,0.0,0.0,0.0,0.4938288531852542,0.0,0.0,0.0,0.25999988412725,1.786312243042481,16.96996630890357,0.8931561215212405,0.8931561215212405,113.25417978050584,1.786312243042481,0.8931561215212405,1.5990666892432273,41.594394821420124,19.64943467346729,"8a7558242307fff,8a7558242317fff,8a75582423affff,8a75582423a7fff,8a755824204ffff,8a755824206ffff,8a7558242a97fff,8a7558242a87fff,8a7558242aa7fff,8a7558242b9ffff,8a7558242b87fff,8a7558242bb7fff"
-120511302,-372606529#4,"-120511302,120511302,71324347#1,71324347#2,71324347#3,101418583,526438862#2,1200809292,868087112,526439431#0,526439431#1,623959719,619185406,619184994,1164659927#1,1164659928,-372606529#8,-372606529#7,-372606529#6,-372606529#5,-372606529#4",2.451390880093044,1129.3415954100417,25.709142857142858,7.4546715708052105,19.98,0.0,0.0,0.0,0.2057259183987091,0.0,0.0,0.0,0.5502208009542765,1.7709433603867566,16.823961923674187,0.8854716801933783,0.8854716801933783,124.96108419312095,1.7709433603867566,0.8854716801933783,1.6129439644036763,38.08287698379051,18.594905284060943,"8a7558242307fff,8a7558242317fff,8a75582423affff,8a75582423a7fff,8a755824204ffff,8a755824206ffff,8a7558242067fff,8a7558242a97fff,8a7558242ab7fff,8a7558242b9ffff,8a7558242b87fff,8a7558242bb7fff"
101416508#0,101418583,"101416508#0,101416508#1,101416508#2,-679068326#0,101749453,224715836,224715833,282689986,-352797377,-120511301,120509990,71324347#0,71324347#1,71324347#2,71324347#3,101418583",2.879514799507654,1738.277103057146,32.50125,13.414176597913123,39.99600000000001,0.17955340384822827,0.0,0.0,0.0,0.0,0.0,0.0,0.8492354105879326,0.0,0.5752822713025892,0.5752822713025892,0.0,84.03581882393304,0.5752822713025892,0.5752822713025892,2.3614933343800684,122.92167281318035,9.204516340841428,"8a7558242a27fff,8a7558242a2ffff,8a7558242b5ffff,8a7558242a77fff,8a7558242a67fff,8a7558242a6ffff,8a7558240697fff,8a7558242acffff,8a755824230ffff,8a7558242307fff,8a7558242317fff,8a75582423affff,8a75582423a7fff"
101416508#0,101418583,"101416508#0,-101416509,-71324343#2,-71324343#1,-71324343#0,-416376586,71223791#1,101411570,282689981#1,-120511301,120509990,71324347#0,71324347#1,71324347#2,71324347#3,101418583",2.4355836777428936,1702.4604303576098,33.75225,14.080937049784723,39.99600000000001,0.43833835716369696,0.0,0.0,0.0,0.0,0.0,0.0,0.846063597688576,0.0,0.5873851645350402,0.5873851645350402,0.0,64.9276182506735,0.5873851645350402,0.5873851645350402,2.3128354801801407,69.01244778547267,9.398162632560643,"8a7558242a27fff,8a7558242a07fff,8a7558242a1ffff,8a7558242aaffff,8a7558242327fff,8a7558242af7fff,8a7558242ac7fff,8a7558242acffff,8a755824230ffff,8a7558242307fff,8a7558242317fff,8a75582423affff,8a75582423a7fff"
101416508#0,101418583,"101416508#0,101416508#1,-101416507,101415864#1,679068326#2,679068326#3,101411570,282689981#1,-120511301,120509990,71324347#0,71324347#1,71324347#2,71324347#3,101418583",1.9575896003423148,1423.293269388352,35.3376,15.052697967948664,39.99600000000001,0.4895872576065178,0.0,0.0,0.0,0.0,0.0,0.0,0.8158702501000152,0.0,0.7025958890606863,0.7025958890606863,0.0,61.61088482347889,0.7025958890606863,0.7025958890606863,1.933579843292748,58.88564485897219,10.538938335910293,"8a7558242a27fff,8a7558242a2ffff,8a7558242a0ffff,8a7558242af7fff,8a7558242ac7fff,8a7558242acffff,8a755824230ffff,8a7558242307fff,8a7558242317fff,8a75582423affff,8a75582423a7fff"
101416508#0,101418583,"101416508#0,-101416509,-71324343#2,-71324343#1,-416375814,679068326#3,101411570,282689981#1,-120511301,120509990,71324347#0,71324347#1,71324347#2,71324347#3,101418583",2.0035718089204906,1443.319520911064,34.00320000000001,14.538072200752266,39.99600000000001,0.4658968434139407,0.0,0.0,0.0,0.0,0.0,0.0,0.8184250750233167,0.0,0.6928472770663919,0.6928472770663919,0.0,58.19141099365368,0.6928472770663919,0.6928472770663919,1.9607860116305407,60.03778251745887,10.392709155995878,"8a7558242a27fff,8a7558242a07fff,8a7558242a1ffff,8a7558242a0ffff,8a7558242af7fff,8a7558242ac7fff,8a7558242acffff,8a755824230ffff,8a7558242307fff,8a7558242317fff,8a75582423affff,8a75582423a7fff"
101416508#0,101418583,"101416508#0,101416508#1,-101416507,-101415864#0,-71324343#1,-416375814,679068326#3,101411570,282689981#1,-120511301,120509990,71324347#0,71324347#1,71324347#2,71324347#3,101418583",2.0936959795390617,1559.7238972401444,36.25425,14.997402795150903,39.99600000000001,0.538945626911434,0.0,0.0,0.0,0.0,0.0,0.0,0.8319762656771943,0.0,0.6411391155636272,0.6411391155636272,0.0,64.57469141593441,0.6411391155636272,0.6411391155636272,2.1189242959756203,58.81363104876436,10.258225849018036,"8a7558242a27fff,8a7558242a2ffff,8a7558242a0ffff,8a7558242a07fff,8a7558242a1ffff,8a7558242af7fff,8a7558242ac7fff,8a7558242acffff,8a755824230ffff,8a7558242307fff,8a7558242317fff,8a75582423affff,8a75582423a7fff"
101416508#0,101418583,"101416508#0,-101416509,-71324343#2,101415864#0,101415864#1,679068326#2,679068326#3,101411570,282689981#1,-120511301,120509990,71324347#0,71324347#1,71324347#2,71324347#3,101418583",1.9974390318355744,1448.6856067024305,35.00325,14.603656179190198,39.99600000000001,0.4628020008580674,0.0,0.0,0.0,0.0,0.0,0.0,0.8190976478855568,0.0,0.6902808969547569,0.6902808969547569,0.0,60.20610537142179,0.6902808969547569,0.6902808969547569,1.9680759746667775,56.50426422518752,11.04449435127611,"8a7558242a27fff,8a7558242a07fff,8a7558242a0ffff,8a7558242af7fff,8a7558242ac7fff,8a7558242acffff,8a755824230ffff,8a7558242307fff,8a7558242317fff,8a75582423affff,8a75582423a7fff"
101416508#0,101418583,"101416508#0,101416508#1,-101416507,-101415864#0,-71324343#1,-71324343#0,-416376586,71223791#1,101411570,282689981#1,-120511301,120509990,71324347#0,71324347#1,71324347#2,71324347#3,101418583",2.525707848361465,1818.86480668669,35.88564705882353,14.600486913717882,39.99600000000001,0.5027432877881387,0.0,0.0,0.0,0.0,0.0,0.0,0.8559152759658886,0.0,0.5497934735576286,0.5497934735576286,0.0,70.0362042351493,0.5497934735576286,0.5497934735576286,2.4709737645252203,67.34944078356833,9.346489050479686,"8a7558242a27fff,8a7558242a2ffff,8a7558242a0ffff,8a7558242a07fff,8a7558242a1ffff,8a7558242aaffff,8a7558242327fff,8a7558242af7fff,8a7558242ac7fff,8a7558242acffff,8a755824230ffff,8a7558242307fff,8a7558242317fff,8a75582423affff,8a75582423a7fff"
101416508#0,101418583,"101416508#0,101416508#1,101416508#2,679068326#1,679068326#2,679068326#3,101411570,282689981#1,-120511301,120509990,71324347#0,71324347#1,71324347#2,71324347#3,101418583",1.9936320086663355,1374.818282768437,34.00320000000001,14.538072200752266,39.99600000000001,0.37957441906675077,0.0,0.0,0.0,0.0,0.0,0.0,0.8093779832494781,0.0,0.7273688548760969,0.7273688548760969,0.0,61.854391335928824,0.7273688548760969,0.7273688548760969,1.8677253500213558,60.184371494918345,10.910532823141454,"8a7558242a27fff,8a7558242a2ffff,8a7558242a0ffff,8a7558242af7fff,8a7558242ac7fff,8a7558242acffff,8a755824230ffff,8a7558242307fff,8a7558242317fff,8a75582423affff,8a75582423a7fff"
101416508#0,101418583,"101416508#0,-101416509,-71324343#2,-71324343#1,-71324343#0,463830226#1,101411570,282689981#1,-120511301,120509990,71324347#0,71324347#1,71324347#2,71324347#3,101418583",1.982958927338772,1381.295944521486,32.668800000000005,13.867651172010763,39.99600000000001,0.37979590759181936,0.0,0.0,0.0,0.0,0.0,0.0,0.8102719154673285,0.0,0.7239578194421065,0.7239578194421065,0.0,57.2240309563415,0.7239578194421065,0.7239578194421065,1.8765254170677956,57.30897084390233,10.859367291631598,"8a7558242a27fff,8a7558242a07fff,8a7558242a1ffff,8a7558242aaffff,8a7558242af7fff,8a7558242ac7fff,8a7558242acffff,8a755824230ffff,8a7558242307fff,8a7558242317fff,8a75582423affff,8a75582423a7fff"
101416508#0,101418583,"101416508#0,101416508#1,-101416507,-101415864#0,-71324343#1,-71324343#0,463830226#1,101411570,282689981#1,-120511301,120509990,71324347#0,71324347#1,71324347#2,71324347#3,101418583",2.073083097957344,1497.7003208505664,35.00325,14.603656179190198,39.99600000000001,0.4625617702249315,0.0,0.0,0.0,0.0,0.0,0.0,0.8250179758404703,0.0,0.6676903156648087,0.6676903156648087,0.0,63.76834070818644,0.6676903156648087,0.6676903156648087,2.0346637014128754,56.317619772442335,10.68304505063694,"8a7558242a27fff,8a7558242a2ffff,8a7558242a0ffff,8a7558242a07fff,8a7558242a1ffff,8a7558242aaffff,8a7558242af7fff,8a7558242ac7fff,8a7558242acffff,8a755824230ffff,8a7558242307fff,8a7558242317fff,8a75582423affff,8a75582423a7fff"
-47374680#7,526438862#2,"-47374680#7,-47374680#6,-47374680#5,-47374680#4,47374665#0,47374666,659281081#0,659281081#1,526438862#0,526438862#1,526438862#2",1.9464866522148427,781.5451340974364,27.265090909090908,6.458208814439891,19.98,0.0,0.0,0.0,0.3474670404660431,0.0,0.0,0.0,0.340903239951786,1.2795166348963904,14.074682983860294,1.2795166348963904,0.0,117.94643444747292,2.559033269792781,0.0,2.856296349449853,47.99475516932305,14.074682983860294,"8a755824230ffff,8a7558242227fff,8a7558242237fff,8a7558242217fff,8a7558242387fff,8a7558242397fff,8a75582423a7fff,8a755824204ffff"
336863934,100475365#1,"336863934,101594812#2,-101594836#1,-101594836#0,-372606529#1,-372606529#0,-101607965,101607964#1,101607969#0,101607969#1,100468681#4,100468681#5,100468681#6,100525438#0,100525438#1,100525438#2,659278038#0,659278038#1,659278038#2,659278038#3,100475365#0,100475365#1",2.5002126408518777,1581.4580573897124,34.53709090909092,8.585503457013436,20.016000000000005,0.10896030020007137,0.0,0.0,0.0,0.09138280355563964,0.0,0.0,0.9086171964443603,0.0,10.117245870186986,0.6323278668866866,0.0,84.41739587565883,1.2646557337733733,0.0,1.898717918216908,53.52487466813911,13.911213071507104,"8a7558242b07fff,8a7558242b17fff,8a755824284ffff,8a755824285ffff,8a7558242847fff,8a7558242877fff,8a75582428e7fff,8a75582428f7fff,8a75582428d7fff,8a75582428dffff,8a755824212ffff,8a755824211ffff,8a75582421affff,8a7558242037fff,8a7558242007fff,8a755824200ffff"
336863934,100475365#1,"336863934,101594812#2,-101594836#1,-101594836#0,-372606529#1,-372606529#0,-101607965,101607964#1,101607969#0,101607969#1,-100468681#3,-101600741#4,101601553#0,101601553#1,100525438#1,100525438#2,659278038#0,659278038#1,659278038#2,659278038#3,100475365#0,100475365#1",2.7499707010233907,1682.8177974071787,32.71745454545455,7.030621734528603,20.016000000000005,0.0506610540926159,0.0,0.0,0.0,0.03414228792559091,0.0,0.0,0.9658577120744092,0.0,9.507862363146021,0.5942413976966263,0.0,88.04605147943843,1.1884827953932526,0.5942413976966263,2.020411663844678,56.982170452068154,13.073310749325778,"8a7558242b07fff,8a7558242b17fff,8a755824284ffff,8a755824285ffff,8a7558242847fff,8a7558242877fff,8a75582428e7fff,8a75582428f7fff,8a75582428d7fff,8a755824288ffff,8a7558242127fff,8a755824212ffff,8a755824211ffff,8a75582421affff,8a7558242037fff,8a7558242007fff,8a755824200ffff"
100475365#1,336863934,"100475365#1,282479151#3,282479151#4,282479151#5,282479151#6,100475366,100475359,282689984#0,282689984#1,619185406,619184994,1164659927#1,1164659928,-372606529#8,-372606529#7,-372606529#6,-372606529#5,-372606529#4,-372606529#3,-372606529#2,101594836#0,101594809#0,336863934",1.856809347209006,1304.9454297736934,37.82034782608697,9.988201761026477,20.016000000000005,0.17490364848709447,0.0,0.0,0.0,0.0,0.0,0.0,1.0,0.0,0.0,0.0,0.0,81.9371325654127,0.0,0.0,1.7140813184222154,55.80352704342474,17.625258095266645,"8a755824200ffff,8a7558242077fff,8a7558242067fff,8a7558242a97fff,8a7558242ab7fff,8a7558242b9ffff,8a7558242b87fff,8a7558242bb7fff,8a755824285ffff,8a755824284ffff,8a7558242b07fff,8a7558242b17fff"
-101611601,-100468681#0,"-101611601,101611601,-372606529#2,-372606529#1,-372606529#0,-101607965,101607964#1,101607969#0,101607969#1,-100468681#3,-100468681#2,-100468681#1,-100468681#0",1.628621455781737,1319.8518675951598,39.226153846153856,10.385792425602023,20.016000000000005,0.578135084621616,0.0,0.0,0.0,0.5185053663644236,0.0,0.0,0.48149463363557643,0.0,6.061286267356976,0.0,0.0,124.8479269470127,0.757660783419622,0.0,1.3332784251883705,122.84366001571902,9.849590184455087,"8a755824285ffff,8a7558242847fff,8a7558242877fff,8a75582428e7fff,8a75582428f7fff,8a75582428d7fff,8a755824288ffff,8a7558242c0ffff,8a7558242c1ffff"
-101604496#1,-100468681#0,"-101604496#1,101604496#1,-100525438#1,-101601553#1,-101601553#0,101600741#4,-100468681#2,-100468681#1,-100468681#0",1.5343966816388184,1232.1347303494704,41.108000000000004,10.549358274321717,20.016000000000005,0.6126321796809145,0.0,0.0,0.0,0.5087877250331271,0.0,0.0,0.491212274966873,0.0,6.49279644745584,0.0,0.0,137.95331074966924,0.81159955593198,0.0,2.026149274746408,140.63920878901277,7.3043960033878195,"8a755824211ffff,8a755824212ffff,8a7558242127fff,8a755824288ffff,8a7558242c0ffff,8a7558242c1ffff"
101594836#1,-101418584#1,"101594836#1,101594812#3,101594812#0,101594843,101594815#0,-659283000#5,-659283000#3,-659283000#2,-659283000#1,-659283000#0,-282479127#2,1164653914,-619184994,120511930,-42762428#0,-697042776#1,42762429,1323419246,-416373452,-101418584#4,-101418584#3,-101418584#2,-101418584#1",2.487204428207568,1856.1170315838685,35.20956521739131,8.986738815034311,20.016000000000005,0.20300936588395646,0.0,0.0,0.4360456216652303,0.04632811239509326,0.0,0.0,0.5176262659396764,1.0775182631093863,19.395328735968953,1.0775182631093863,0.5387591315546931,54.30045070557849,2.6937956577734656,0.0,1.4397718046605072,61.81816351908979,12.391460025757942,"8a755824284ffff,8a7558242b17fff,8a7558242b07fff,8a7558242b0ffff,8a7558242b1ffff,8a7558242a37fff,8a7558242b8ffff,8a7558242aa7fff,8a7558242ab7fff,8a7558242a97fff,8a755824206ffff,8a7558242047fff,8a75582423b7fff,8a75582420effff,8a75582420cffff,8a7558242747fff"
101594836#1,-101418584#1,"101594836#1,101594812#3,101594812#0,101594843,101594815#0,-659283000#5,-659283000#3,-659283000#2,-659283000#1,-659283000#0,-282479127#2,-1197063689,-42762428#4,-42762428#3,-42762428#0,-697042776#1,42762429,1323419246,-416373452,-101418584#4,-101418584#3,-101418584#2,-101418584#1",2.199609390192362,1700.0913714515586,35.20956521739131,8.986738815034311,20.016000000000005,0.2216405235128795,0.0,0.0,0.5661138355979962,0.0,0.0,0.0,0.43388616440200395,1.1764073587952957,10.58766622915766,0.5882036793976478,0.5882036793976478,46.117918209438585,1.1764073587952957,0.0,1.318744228037092,63.144504594867115,13.5286846261459,"8a755824284ffff,8a7558242b17fff,8a7558242b07fff,8a7558242b0ffff,8a7558242b1ffff,8a7558242a37fff,8a7558242b8ffff,8a7558242aa7fff,8a7558242a87fff,8a7558242a97fff,8a755824206ffff,8a7558242047fff,8a75582423b7fff,8a75582420effff,8a75582420cffff,8a7558242747fff"
659281081#1,-101746498#2,"659281081#1,100525445,184568063,76867740,1323419243,120511145,47374680#0,47374680#1,101415865#0,-101749449#1,101746514,-101746498#2",2.9253631186095745,2103.558854479956,33.324000000000005,7.791217433168525,20.016000000000005,0.31184746325652585,0.0,0.0,0.22076435662487776,0.0,0.0,0.0,0.7792356433751223,2.3769242250348657,21.39231802531379,1.4261545350209195,0.0,91.89721045008868,1.4261545350209195,0.9507696900139464,4.401509337410302,145.62559872480423,5.704618140083678,"8a7558242397fff,8a75582423a7fff,8a75582423b7fff,8a755824274ffff,8a7558242297fff,8a75582422a7fff,8a755825c927fff,8a755824225ffff,8a755824220ffff"
659281081#1,-101746498#2,"659281081#1,100525445,184568063,76867740,1323419243,120511145,47374680#0,101749458#0,101749458#1,-101749449#1,101746514,-101746498#2",2.141978519269479,1741.142286961661,36.660000000000004,9.8551971337693,20.016000000000005,0.4610397645544419,0.0,0.0,0.26671617857389845,0.0,0.0,0.0,0.7332838214261017,2.871677999806168,25.84510199825551,1.7230067998837009,0.0,84.69639421700101,1.7230067998837009,1.1486711999224672,3.6431849850553837,144.42286538764867,6.8920271995348035,"8a7558242397fff,8a75582423a7fff,8a75582423b7fff,8a755824274ffff,8a7558242297fff,8a755824229ffff,8a755825c927fff,8a755824225ffff,8a755824220ffff"
659281081#1,-101746498#2,"659281081#1,100525445,184568063,1323419245,16648700,1323419243,120511145,47374680#0,47374680#1,101415865#0,-101749449#1,101746514,-101746498#2",2.8921698412986503,2097.1780868546753,33.06738461538462,7.516684702917701,20.016000000000005,0.3127962745234591,0.0,0.0,0.3341286792939958,0.0,0.0,0.0,0.6658713207060044,1.430493680438635,12.874443123947716,0.9536624536257566,0.0,88.78945401486189,1.430493680438635,0.9536624536257566,4.388158150100898,141.7661975764806,6.1988059485674185,"8a7558242397fff,8a75582423a7fff,8a75582423b7fff,8a755824239ffff,8a755824274ffff,8a7558242297fff,8a75582422a7fff,8a755825c927fff,8a755824225ffff,8a755824220ffff"
659281081#1,-101746498#2,"659281081#1,100525445,184568063,1323419245,16648700,1323419243,120511145,47374680#0,101749458#0,101749458#1,-101749449#1,101746514,-101746498#2",2.1087852419585547,1734.7615193363806,36.14676923076924,9.615375379687876,20.016000000000005,0.46273555246006787,0.0,0.0,0.4039329536621951,0.0,0.0,0.0,0.5960670463378049,1.7293443315180443,15.564098983662399,1.1528962210120295,0.0,81.99343965710806,1.7293443315180443,1.1528962210120295,3.62983379774598,137.8546285529027,7.4938254365781924,"8a7558242397fff,8a75582423a7fff,8a75582423b7fff,8a755824239ffff,8a755824274ffff,8a7558242297fff,8a755824229ffff,8a755825c927fff,8a755824225ffff,8a755824220ffff"
-297823021,-101754276#1,"-297823021,-297823018,-297823020#1,1047412912#1,-659283000#11,-659283000#10,-659283000#8,-659283000#7,-659283000#6,-659283000#5,-659283000#3,-659283000#2,-659283000#1,-659283000#0,-282479127#2,-1197063689,-42762428#4,-42762428#3,-42762428#0,-697042776#1,42762429,1323419246,184568063,76867740,1323419243,120511145,283490977#1,-173532317#3,-173532317#2,-173532317#1,-101765339#6,416382004,101754276#1,-101754276#1",4.458134931438377,3227.0554316539847,41.173411764705875,10.087958661023752,20.016000000000005,0.5046946695171456,0.0,0.0,0.5185986459556928,0.11866768743271376,0.0,0.0,0.3627336666115932,1.2395200778902806,11.155680701012525,0.9296400584177105,0.6197600389451403,48.45851085324113,0.9296400584177105,0.30988001947257016,1.4927118379369162,86.75188067902816,10.535920662067385,"8a755824048ffff,8a755824049ffff,8a75582404d7fff,8a7558242b2ffff,8a7558242b0ffff,8a7558242b1ffff,8a7558242a37fff,8a7558242b8ffff,8a7558242aa7fff,8a7558242a87fff,8a7558242a97fff,8a755824206ffff,8a7558242047fff,8a75582423b7fff,8a7558242397fff,8a755824274ffff,8a7558242297fff,8a755824266ffff,8a755825c937fff,8a755825c90ffff,8a755825c977fff,8a755825c957fff,8a755825c877fff,8a755825c80ffff"
-297823021,-101754276#1,"-297823021,297823023#1,297823019#3,297823019#4,297823017,372606529#1,372606529#2,372606529#3,372606529#4,372606529#5,372606529#6,372606529#7,372606529#8,1164659929,120512822,282479125#0,282479125#1,120511930,-42762428#0,-697042776#1,42762429,1323419246,184568063,1323419245,16648700,1323419243,120511145,283490977#1,-173532317#3,-173532317#2,-173532317#1,-101765339#6,416382004,101754276#1,-101754276#1",4.9321480500047405,3356.5010118463765,34.563085714285705,8.527675917344688,20.016000000000005,0.3250391728249572,0.0,0.0,0.33331489892986754,0.20352999767410482,0.0,0.0,0.46315510339602745,0.595858601841988,5.362727416577893,0.595858601841988,0.297929300920994,63.886382367420936,1.191717203683976,0.297929300920994,1.5525883891812686,77.81209844808453,10.42752553223479,"8a755824048ffff,8a755824049ffff,8a7558240487fff,8a7558240497fff,8a7558242847fff,8a755824285ffff,8a7558242bb7fff,8a7558242b87fff,8a7558242b9ffff,8a7558242147fff,8a755824214ffff,8a7558242a97fff,8a755824206ffff,8a7558242047fff,8a75582423b7fff,8a7558242397fff,8a755824239ffff,8a755824274ffff,8a7558242297fff,8a755824266ffff,8a755825c937fff,8a755825c90ffff,8a755825c977fff,8a755825c957fff,8a755825c877fff,8a755825c80ffff"
-297823021,-101754276#1,"-297823021,297823021,297823022#1,-297823020#1,1047412912#1,-659283000#11,-659283000#10,-659283000#8,101594822,101594815#0,-659283000#5,-659283000#3,-659283000#2,-659283000#1,-659283000#0,-282479127#2,-1197063689,-42762428#4,-42762428#3,-42762428#0,-697042776#1,42762429,1323419246,184568063,76867740,1323419243,120511145,283490977#1,-173532317#3,-173532317#2,-173532317#1,-101765339#6,416382004,101754276#1,-101754276#1",4.250016075544688,3137.0094440585776,39.71005714285714,10.149964537587595,20.016000000000005,0.5114391749249257,0.0,0.0,0.5257422567255189,0.12207397271845939,0.0,0.0,0.35218377055602174,1.2750997634310302,17.213846806318905,1.2750997634310302,0.6375498817155151,51.36563967051365,1.5938747042887877,0.31877494085775754,1.4510600242358132,77.13122690612765,11.157122930021513,"8a755824048ffff,8a755824049ffff,8a75582404d7fff,8a7558242b2ffff,8a7558242b0ffff,8a7558242b07fff,8a7558242b1ffff,8a7558242a37fff,8a7558242b8ffff,8a7558242aa7fff,8a7558242a87fff,8a7558242a97fff,8a755824206ffff,8a7558242047fff,8a75582423b7fff,8a7558242397fff,8a755824274ffff,8a7558242297fff,8a755824266ffff,8a755825c937fff,8a755825c90ffff,8a755825c977fff,8a755825c957fff,8a755825c877fff,8a755825c80ffff"
-297823021,-101754276#1,"-297823021,297823021,297823022#1,-297823020#1,1047412912#1,-659283000#11,-659283000#10,-659283000#8,-659283000#7,-659283000#6,-659283000#5,-659283000#3,-659283000#2,-659283000#1,-659283000#0,-282479127#2,-1197063689,-42762428#4,-42762428#3,-42762428#0,-697042776#1,42762429,1323419246,184568063,76867740,1323419243,120511145,283490977#1,-173532317#3,-173532317#2,-173532317#1,-101765339#6,416382004,101754276#1,-101754276#1",4.179303398825332,3101.1257815483937,40.853828571428565,10.116740341939124,20.016000000000005,0.5251891697791496,0.0,0.0,0.5396577550118323,0.12348651175972311,0.0,0.0,0.3368557332284443,1.2898541632202993,11.608687468982694,0.9673906224152244,0.6449270816101497,49.05574183869368,0.9673906224152244,0.32246354080507483,1.4344616208455028,78.05375829417063,11.286223928177618,"8a755824048ffff,8a755824049ffff,8a75582404d7fff,8a7558242b2ffff,8a7558242b0ffff,8a7558242b1ffff,8a7558242a37fff,8a7558242b8ffff,8a7558242aa7fff,8a7558242a87fff,8a7558242a97fff,8a755824206ffff,8a7558242047fff,8a75582423b7fff,8a7558242397fff,8a755824274ffff,8a7558242297fff,8a755824266ffff,8a755825c937fff,8a755825c90ffff,8a755825c977fff,8a755825c957fff,8a755825c877fff,8a755825c80ffff"
-297823021,-101754276#1,"-297823021,-297823018,-297823020#1,1047412912#1,-659283000#11,-659283000#10,-659283000#8,-659283000#7,-659283000#6,-659283000#5,-659283000#3,-659283000#2,-659283000#1,-659283000#0,-282479127#2,1164653914,-619184994,120511930,-42762428#0,-697042776#1,42762429,1323419246,184568063,76867740,1323419243,120511145,283490977#1,-173532317#3,-173532317#2,-173532317#1,-101765339#6,416382004,101754276#1,-101754276#1",4.745729969453583,3383.0810917862946,41.173411764705875,10.087958661023752,20.016000000000005,0.48141845566349173,0.0,0.0,0.44942849248636224,0.13861258155701425,0.0,0.0,0.4119589259566233,1.1823541592637283,15.961781150060332,1.1823541592637283,0.5911770796318642,53.90118302050356,1.7735312388955924,0.2955885398159321,1.5648833127795565,85.01309505754065,10.05001035374169,"8a755824048ffff,8a755824049ffff,8a75582404d7fff,8a7558242b2ffff,8a7558242b0ffff,8a7558242b1ffff,8a7558242a37fff,8a7558242b8ffff,8a7558242aa7fff,8a7558242ab7fff,8a7558242a97fff,8a755824206ffff,8a7558242047fff,8a75582423b7fff,8a7558242397fff,8a755824274ffff,8a7558242297fff,8a755824266ffff,8a755825c937fff,8a755825c90ffff,8a755825c977fff,8a755825c957fff,8a755825c877fff,8a755825c80ffff"
-297823021,-101754276#1,"-297823021,297823021,297823022#1,-297823020#1,1047412912#1,-659283000#11,-659283000#10,-659283000#8,-659283000#7,-659283000#6,-659283000#5,-659283000#3,-659283000#2,-659283000#1,-659283000#0,-282479127#2,1164653914,-619184994,120511930,-42762428#0,-697042776#1,42762429,1323419246,184568063,76867740,1323419243,120511145,283490977#1,-173532317#3,-173532317#2,-173532317#1,-101765339#6,416382004,101754276#1,-101754276#1",4.466898436840538,3257.151441680703,40.853828571428565,10.116740341939124,20.016000000000005,0.500031301507956,0.0,0.0,0.4668045260603759,0.14397169187418776,0.0,0.0,0.3892237820654363,1.2280669387407988,16.57890367300078,1.2280669387407988,0.6140334693703994,54.31570479897357,1.842100408111198,0.3070167346851997,1.5066330956881426,76.55732371880075,10.745585713981988,"8a755824048ffff,8a755824049ffff,8a75582404d7fff,8a7558242b2ffff,8a7558242b0ffff,8a7558242b1ffff,8a7558242a37fff,8a7558242b8ffff,8a7558242aa7fff,8a7558242ab7fff,8a7558242a97fff,8a755824206ffff,8a7558242047fff,8a75582423b7fff,8a7558242397fff,8a755824274ffff,8a7558242297fff,8a755824266ffff,8a755825c937fff,8a755825c90ffff,8a755825c977fff,8a755825c957fff,8a755825c877fff,8a755825c80ffff"
-297823021,-101754276#1,"-297823021,297823021,297823022#1,-297823020#1,1047412912#1,-659283000#11,-659283000#10,-659283000#8,101594822,101594815#0,-659283000#5,-659283000#3,-659283000#2,-659283000#1,-659283000#0,-282479127#2,1164653914,-619184994,120511930,-42762428#0,-697042776#1,42762429,1323419246,184568063,1323419245,16648700,1323419243,120511145,283490977#1,-173532317#3,-173532317#2,-173532317#1,-101765339#6,416382004,101754276#1,-101754276#1",4.504417836248971,3286.6543365656066,39.44,10.13428890732561,20.016000000000005,0.4881528014526553,0.0,0.0,0.5271322238690732,0.14267931937108955,0.0,0.0,0.3301884567598373,0.6085215526771527,16.430081922283122,1.2170431053543054,0.6085215526771527,56.42507978685307,2.4340862107086108,0.30426077633857634,1.52028000116616,71.97814788312401,10.953387948188748,"8a755824048ffff,8a755824049ffff,8a75582404d7fff,8a7558242b2ffff,8a7558242b0ffff,8a7558242b07fff,8a7558242b1ffff,8a7558242a37fff,8a7558242b8ffff,8a7558242aa7fff,8a7558242ab7fff,8a7558242a97fff,8a755824206ffff,8a7558242047fff,8a75582423b7fff,8a7558242397fff,8a755824239ffff,8a755824274ffff,8a7558242297fff,8a755824266ffff,8a755825c937fff,8a755825c90ffff,8a755825c977fff,8a755825c957fff,8a755825c877fff,8a755825c80ffff"
-297823021,-101754276#1,"-297823021,297823021,297823022#1,-297823020#1,1047412912#1,-659283000#11,-659283000#10,-659283000#8,-659283000#7,-659283000#6,-659283000#5,-659283000#3,-659283000#2,-659283000#1,-659283000#0,-282479127#2,1164653914,-619184994,120511930,-42762428#0,-697042776#1,42762429,1323419246,184568063,1323419245,16648700,1323419243,120511145,283490977#1,-173532317#3,-173532317#2,-173532317#1,-101765339#6,416382004,101754276#1,-101754276#1",4.433705159529614,3250.7706740554227,40.55199999999999,10.13428890732561,20.016000000000005,0.5010127867802803,0.0,0.0,0.5404224839158582,0.14425428637333204,0.0,0.0,0.3153232297108098,0.6152387235316562,11.074297023569812,0.9228580852974844,0.6152387235316562,54.39635267691379,1.8457161705949687,0.3076193617658281,1.5036815977758498,72.96145574570066,11.074297023569812,"8a755824048ffff,8a755824049ffff,8a75582404d7fff,8a7558242b2ffff,8a7558242b0ffff,8a7558242b1ffff,8a7558242a37fff,8a7558242b8ffff,8a7558242aa7fff,8a7558242ab7fff,8a7558242a97fff,8a755824206ffff,8a7558242047fff,8a75582423b7fff,8a7558242397fff,8a755824239ffff,8a755824274ffff,8a7558242297fff,8a755824266ffff,8a755825c937fff,8a755825c90ffff,8a755825c977fff,8a755825c957fff,8a755825c877fff,8a755825c80ffff"
-297823021,-101754276#1,"-297823021,-297823018,-297823020#1,1047412912#1,-659283000#11,-659283000#10,-659283000#8,101594822,101594815#0,-659283000#5,-659283000#3,-659283000#2,-659283000#1,-659283000#0,-282479127#2,-1197063689,-42762428#4,-42762428#3,-42762428#0,-697042776#1,42762429,1323419246,184568063,76867740,1323419243,120511145,283490977#1,-173532317#3,-173532317#2,-173532317#1,-101765339#6,416382004,101754276#1,-101754276#1",4.528847608157733,3262.9390941641686,39.996,10.15850468595381,20.016000000000005,0.4917007260939996,0.0,0.0,0.5054517957256246,0.11736265809449675,0.0,0.0,0.3771855461798785,1.2258886496392407,16.54949677012975,1.2258886496392407,0.6129443248196204,50.89273128567287,1.5323608120490508,0.3064721624098102,1.5093102413272266,85.81743627364686,10.420053521933546,"8a755824048ffff,8a755824049ffff,8a75582404d7fff,8a7558242b2ffff,8a7558242b0ffff,8a7558242b07fff,8a7558242b1ffff,8a7558242a37fff,8a7558242b8ffff,8a7558242aa7fff,8a7558242a87fff,8a7558242a97fff,8a755824206ffff,8a7558242047fff,8a75582423b7fff,8a7558242397fff,8a755824274ffff,8a7558242297fff,8a755824266ffff,8a755825c937fff,8a755825c90ffff,8a755825c977fff,8a755825c957fff,8a755825c877fff,8a755825c80ffff"
-297823021,-101754276#1,"-297823021,297823021,297823022#1,-297823020#1,1047412912#1,-659283000#11,-659283000#10,-659283000#8,-659283000#7,-659283000#6,-659283000#5,-659283000#3,-659283000#2,-659283000#1,-659283000#0,-282479127#2,-1197063689,-42762428#4,-42762428#3,-42762428#0,-697042776#1,42762429,1323419246,184568063,1323419245,16648700,1323419243,120511145,283490977#1,-173532317#3,-173532317#2,-173532317#1,-101765339#6,416382004,101754276#1,-101754276#1",4.1461101215144085,3094.7450139231128,40.55199999999999,10.13428890732561,20.016000000000005,0.5262720086032203,0.0,0.0,0.6171374688255333,0.12374111714170141,0.0,0.0,0.25912141403276534,0.6462567969257866,5.81631117233208,0.6462567969257866,0.6462567969257866,49.28554250090723,0.96938519538868,0.3231283984628933,1.4315101229332095,74.32397412771873,11.63262234466416,"8a755824048ffff,8a755824049ffff,8a75582404d7fff,8a7558242b2ffff,8a7558242b0ffff,8a7558242b1ffff,8a7558242a37fff,8a7558242b8ffff,8a7558242aa7fff,8a7558242a87fff,8a7558242a97fff,8a755824206ffff,8a7558242047fff,8a75582423b7fff,8a7558242397fff,8a755824239ffff,8a755824274ffff,8a7558242297fff,8a755824266ffff,8a755825c937fff,8a755825c90ffff,8a755825c977fff,8a755825c957fff,8a755825c877fff,8a755825c80ffff"
-297823021,-101754276#1,"-297823021,297823023#1,297823019#3,297823019#4,297823017,372606529#1,372606529#2,372606529#3,372606529#4,372606529#5,372606529#6,372606529#7,372606529#8,1164659929,120512822,282479125#0,282479125#1,120511930,-42762428#0,-697042776#1,42762429,1323419246,184568063,76867740,1323419243,120511145,283490977#1,-173532317#3,-173532317#2,-173532317#1,-101765339#6,416382004,101754276#1,-101754276#1",4.965341327315664,3362.881779471657,34.69764705882352,8.618119888764157,20.016000000000005,0.3244224400442897,0.0,0.0,0.26240448701916114,0.20314381769363093,0.0,0.0,0.5344516952872077,1.1894560267974812,10.705104241177331,0.8920920200981108,0.2973640066993703,64.20225870396814,1.1894560267974812,0.2973640066993703,1.5555398870935617,81.21470083703142,10.11037622777859,"8a755824048ffff,8a755824049ffff,8a7558240487fff,8a7558240497fff,8a7558242847fff,8a755824285ffff,8a7558242bb7fff,8a7558242b87fff,8a7558242b9ffff,8a7558242147fff,8a755824214ffff,8a7558242a97fff,8a755824206ffff,8a7558242047fff,8a75582423b7fff,8a7558242397fff,8a755824274ffff,8a7558242297fff,8a755824266ffff,8a755825c937fff,8a755825c90ffff,8a755825c977fff,8a755825c957fff,8a755825c877fff,8a755825c80ffff"
-297823021,-101754276#1,"-297823021,-297823018,-297823020#1,1047412912#1,-659283000#11,-659283000#10,-659283000#8,101594822,101594815#0,-659283000#5,-659283000#3,-659283000#2,-659283000#1,-659283000#0,-282479127#2,-1197063689,-42762428#4,-42762428#3,-42762428#0,-697042776#1,42762429,1323419246,184568063,1323419245,16648700,1323419243,120511145,283490977#1,-173532317#3,-173532317#2,-173532317#1,-101765339#6,416382004,101754276#1,-101754276#1",4.4956543308468095,3256.558326538888,39.71005714285714,10.149964537587595,20.016000000000005,0.49266414445160106,0.0,0.0,0.5790146414376941,0.11759261370225708,0.0,0.0,0.3033927448600488,0.614145302941841,11.054615452953136,0.9212179544127614,0.614145302941841,51.094258762418136,1.5353632573546023,0.3070726514709205,1.5063587434149335,82.3618654143199,10.747542801482217,"8a755824048ffff,8a755824049ffff,8a75582404d7fff,8a7558242b2ffff,8a7558242b0ffff,8a7558242b07fff,8a7558242b1ffff,8a7558242a37fff,8a7558242b8ffff,8a7558242aa7fff,8a7558242a87fff,8a7558242a97fff,8a755824206ffff,8a7558242047fff,8a75582423b7fff,8a7558242397fff,8a755824239ffff,8a755824274ffff,8a7558242297fff,8a755824266ffff,8a755825c937fff,8a755825c90ffff,8a755825c977fff,8a755825c957fff,8a755825c877fff,8a755825c80ffff"
-297823021,-101754276#1,"-297823021,-297823018,-297823020#1,1047412912#1,-659283000#11,-659283000#10,-659283000#8,-659283000#7,-659283000#6,-659283000#5,-659283000#3,-659283000#2,-659283000#1,-659283000#0,-282479127#2,-1197063689,-42762428#4,-42762428#3,-42762428#0,-697042776#1,42762429,1323419246,184568063,1323419245,16648700,1323419243,120511145,283490977#1,-173532317#3,-173532317#2,-173532317#1,-101765339#6,416382004,101754276#1,-101754276#1",4.424941654127453,3220.674664028704,40.853828571428565,10.116740341939124,20.016000000000005,0.5056945654221479,0.0,0.0,0.5930071502980991,0.1189027906384472,0.0,0.0,0.2880900590634536,0.6209879011803768,5.588891110623392,0.6209879011803768,0.6209879011803768,48.76085976494204,0.9314818517705652,0.3104939505901884,1.4897603400246229,83.26974077781662,10.867288270656594,"8a755824048ffff,8a755824049ffff,8a75582404d7fff,8a7558242b2ffff,8a7558242b0ffff,8a7558242b1ffff,8a7558242a37fff,8a7558242b8ffff,8a7558242aa7fff,8a7558242a87fff,8a7558242a97fff,8a755824206ffff,8a7558242047fff,8a75582423b7fff,8a7558242397fff,8a755824239ffff,8a755824274ffff,8a7558242297fff,8a755824266ffff,8a755825c937fff,8a755825c90ffff,8a755825c977fff,8a755825c957fff,8a755825c877fff,8a755825c80ffff"
-297823021,-101754276#1,"-297823021,-297823018,-297823020#1,1047412912#1,-659283000#11,-659283000#10,-659283000#8,101594822,101594815#0,-659283000#5,-659283000#3,-659283000#2,-659283000#1,-659283000#0,-282479127#2,1164653914,-619184994,120511930,-42762428#0,-697042776#1,42762429,1323419246,184568063,1323419245,16648700,1323419243,120511145,283490977#1,-173532317#3,-173532317#2,-173532317#1,-101765339#6,416382004,101754276#1,-101754276#1",4.783249368862015,3412.583986671198,39.71005714285714,10.149964537587595,20.016000000000005,0.47013920479830285,0.0,0.0,0.5076802259781827,0.1374142308528633,0.0,0.0,0.3549055431689538,0.5860661621256971,15.82378637739382,1.1721323242513941,0.5860661621256971,56.16357774673585,2.3442646485027883,0.29303308106284853,1.5785302182575736,80.69295347317913,10.256157837199698,"8a755824048ffff,8a755824049ffff,8a75582404d7fff,8a7558242b2ffff,8a7558242b0ffff,8a7558242b07fff,8a7558242b1ffff,8a7558242a37fff,8a7558242b8ffff,8a7558242aa7fff,8a7558242ab7fff,8a7558242a97fff,8a755824206ffff,8a7558242047fff,8a75582423b7fff,8a7558242397fff,8a755824239ffff,8a755824274ffff,8a7558242297fff,8a755824266ffff,8a755825c937fff,8a755825c90ffff,8a755825c977fff,8a755825c957fff,8a755825c877fff,8a755825c80ffff"
-297823021,-101754276#1,"-297823021,-297823018,-297823020#1,1047412912#1,-659283000#11,-659283000#10,-659283000#8,-659283000#7,-659283000#6,-659283000#5,-659283000#3,-659283000#2,-659283000#1,-659283000#0,-282479127#2,1164653914,-619184994,120511930,-42762428#0,-697042776#1,42762429,1323419246,184568063,1323419245,16648700,1323419243,120511145,283490977#1,-173532317#3,-173532317#2,-173532317#1,-101765339#6,416382004,101754276#1,-101754276#1",4.71253669214266,3376.7003241610137,40.853828571428565,10.116740341939124,20.016000000000005,0.4823281660319632,0.0,0.0,0.5202681297311623,0.13887451024121733,0.0,0.0,0.34085736002762024,0.5922941949244273,10.66129550863969,0.8884412923866408,0.5922941949244273,54.03920644940927,1.7768825847732816,0.2961470974622136,1.5619318148672632,81.67701816278301,10.365148411177476,"8a755824048ffff,8a755824049ffff,8a75582404d7fff,8a7558242b2ffff,8a7558242b0ffff,8a7558242b1ffff,8a7558242a37fff,8a7558242b8ffff,8a7558242aa7fff,8a7558242ab7fff,8a7558242a97fff,8a755824206ffff,8a7558242047fff,8a75582423b7fff,8a7558242397fff,8a755824239ffff,8a755824274ffff,8a7558242297fff,8a755824266ffff,8a755825c937fff,8a755825c90ffff,8a755825c977fff,8a755825c957fff,8a755825c877fff,8a755825c80ffff"
-297823021,-101754276#1,"-297823021,297823021,297823022#1,-297823020#1,1047412912#1,-659283000#11,-659283000#10,-659283000#8,101594822,101594815#0,-659283000#5,-659283000#3,-659283000#2,-659283000#1,-659283000#0,-282479127#2,-1197063689,-42762428#4,-42762428#3,-42762428#0,-697042776#1,42762429,1323419246,184568063,1323419245,16648700,1323419243,120511145,283490977#1,-173532317#3,-173532317#2,-173532317#1,-101765339#6,416382004,101754276#1,-101754276#1",4.216822798233765,3130.628676433297,39.44,10.13428890732561,20.016000000000005,0.512481577223936,0.0,0.0,0.6023055260293905,0.12232278078019948,0.0,0.0,0.2753716931904101,0.6388493196448279,11.499287753606902,0.9582739794672419,0.6388493196448279,51.50575697237006,1.5971232991120698,0.31942465982241397,1.44810852632352,73.4194784657416,11.499287753606902,"8a755824048ffff,8a755824049ffff,8a75582404d7fff,8a7558242b2ffff,8a7558242b0ffff,8a7558242b07fff,8a7558242b1ffff,8a7558242a37fff,8a7558242b8ffff,8a7558242aa7fff,8a7558242a87fff,8a7558242a97fff,8a755824206ffff,8a7558242047fff,8a75582423b7fff,8a7558242397fff,8a755824239ffff,8a755824274ffff,8a7558242297fff,8a755824266ffff,8a755825c937fff,8a755825c90ffff,8a755825c977fff,8a755825c957fff,8a755825c877fff,8a755825c80ffff"
-297823021,-101754276#1,"-297823021,297823021,297823022#1,-297823020#1,1047412912#1,-659283000#11,-659283000#10,-659283000#8,101594822,101594815#0,-659283000#5,-659283000#3,-659283000#2,-659283000#1,-659283000#0,-282479127#2,1164653914,-619184994,120511930,-42762428#0,-697042776#1,42762429,1323419246,184568063,76867740,1323419243,120511145,283490977#1,-173532317#3,-173532317#2,-173532317#1,-101765339#6,416382004,101754276#1,-101754276#1",4.537611113559894,3293.0351041908875,39.71005714285714,10.149964537587595,20.016000000000005,0.48720692948556477,0.0,0.0,0.45434222075113473,0.14240285600126953,0.0,0.0,0.40325492324759554,1.2146848950712346,21.86432811128222,1.518356118839043,0.6073424475356173,56.420463640357404,2.429369790142469,0.30367122376780864,1.5232314990784532,75.55429236068782,10.628492831873302,"8a755824048ffff,8a755824049ffff,8a75582404d7fff,8a7558242b2ffff,8a7558242b0ffff,8a7558242b07fff,8a7558242b1ffff,8a7558242a37fff,8a7558242b8ffff,8a7558242aa7fff,8a7558242ab7fff,8a7558242a97fff,8a755824206ffff,8a7558242047fff,8a75582423b7fff,8a7558242397fff,8a755824274ffff,8a7558242297fff,8a755824266ffff,8a755825c937fff,8a755825c90ffff,8a755825c977fff,8a755825c957fff,8a755825c877fff,8a755825c80ffff"
-297823021,-101754276#1,"-297823021,-297823018,-297823020#1,1047412912#1,-659283000#11,-659283000#10,-659283000#8,101594822,101594815#0,-659283000#5,-659283000#3,-659283000#2,-659283000#1,-659283000#0,-282479127#2,1164653914,-619184994,120511930,-42762428#0,-697042776#1,42762429,1323419246,184568063,76867740,1323419243,120511145,283490977#1,-173532317#3,-173532317#2,-173532317#1,-101765339#6,416382004,101754276#1,-101754276#1",4.81644264617294,3418.9647542964785,39.996,10.15850468595381,20.016000000000005,0.46926179036646865,0.0,0.0,0.4376075770799803,0.13715777653452707,0.0,0.0,0.42523464638549247,1.1699447895663029,21.059006212193452,1.4624309869578787,0.5849723947831514,56.11022556784091,2.3398895791326058,0.2924861973915757,1.5814817161698667,83.99993995546706,9.944530711313574,"8a755824048ffff,8a755824049ffff,8a75582404d7fff,8a7558242b2ffff,8a7558242b0ffff,8a7558242b07fff,8a7558242b1ffff,8a7558242a37fff,8a7558242b8ffff,8a7558242aa7fff,8a7558242ab7fff,8a7558242a97fff,8a755824206ffff,8a7558242047fff,8a75582423b7fff,8a7558242397fff,8a755824274ffff,8a7558242297fff,8a755824266ffff,8a755825c937fff,8a755825c90ffff,8a755825c977fff,8a755825c957fff,8a755825c877fff,8a755825c80ffff"
-282689985#1,-101608959,"-282689985#1,282689985#1,162276533#0,162276533#1,100488715#0,100488715#1,100488715#2,100488715#3,101418592,101418584#2,101418584#3,101418584#4,101418587,464265154,120511142#1,75421017,619185406,619184994,1164659927#1,1164659928,-372606529#8,-372606529#7,-372606529#6,-372606529#5,-372606529#4,-372606529#3,-372606529#2,-372606529#1,-372606529#0,-101607965,101607964#1,101607969#0,101607966#0,-101608828,-101609498#2,-101609498#1,-101608959",4.344090940912002,2827.0872814259865,33.774810810810806,7.947578519544451,20.016000000000005,0.17965030300822338,0.0,0.0,0.0,0.04416151209230855,0.0,0.0,0.9558384879076915,1.4148838015296064,5.659535206118425,0.3537209503824016,0.0,99.36047108905018,0.7074419007648032,0.3537209503824016,1.7255062324944297,54.819086515600546,13.087675164148859,"8a75582426f7fff,8a755824261ffff,8a755824260ffff,8a755824262ffff,8a755824270ffff,8a75582420dffff,8a75582420cffff,8a75582420effff,8a7558242047fff,8a7558242067fff,8a7558242a97fff,8a7558242ab7fff,8a7558242b9ffff,8a7558242b87fff,8a7558242bb7fff,8a755824285ffff,8a7558242847fff,8a7558242877fff,8a75582428e7fff,8a75582428f7fff,8a755824281ffff,8a75582428affff"
-282689985#1,-101608959,"-282689985#1,282689985#1,162276533#0,162276533#1,162276533#2,-1323419243,-16648700,42762427,659281081#0,659281081#1,100525445,-416373452,101418587,464265154,120511142#1,75421017,619185406,619184994,1164659927#1,1164659928,-372606529#8,-372606529#7,-372606529#6,-372606529#5,-372606529#4,-372606529#3,-372606529#2,-372606529#1,-372606529#0,-101607965,101607964#1,101607969#0,101607966#0,-101608828,-101609498#2,-101609498#1,-101608959",4.422944887098108,3004.599546480774,34.31578378378378,8.353513376402157,20.016000000000005,0.28961459185740207,0.0,0.0,0.12919465609876926,0.15859948083141986,0.0,0.0,0.712205863069811,1.9969383297776497,5.990814989332949,0.3328230549629416,0.0,112.5121838802615,0.9984691648888249,0.3328230549629416,1.8338504359821062,68.44976192344201,12.314453033628839,"8a75582426f7fff,8a755824261ffff,8a755824260ffff,8a755824274ffff,8a755824239ffff,8a7558242397fff,8a75582423a7fff,8a75582423b7fff,8a75582420effff,8a7558242047fff,8a7558242067fff,8a7558242a97fff,8a7558242ab7fff,8a7558242b9ffff,8a7558242b87fff,8a7558242bb7fff,8a755824285ffff,8a7558242847fff,8a7558242877fff,8a75582428e7fff,8a75582428f7fff,8a755824281ffff,8a75582428affff"
-282689985#1,-101608959,"-282689985#1,282689985#1,162276533#0,162276533#1,162276533#2,-1323419243,-16648700,42762427,659281081#0,659281081#1,100525445,-416373452,101418587,464265154,120511142#1,75421017,619185406,619184994,1164659927#1,1164659928,-372606529#8,-372606529#7,-372606529#6,-372606529#5,-372606529#4,-372606529#3,-372606529#2,-372606529#1,-372606529#0,-120512823#1,-120512823#0,-101609498#5,336863927#0,336863927#1,336863927#2,101608827,-101609498#1,-101608959",4.547644356518706,3040.2070984584097,34.201894736842114,8.269709481447284,20.016000000000005,0.25357489260850496,0.0,0.0,0.12768150081582738,0.15674192998884914,0.0,0.0,0.7155765691953234,1.973549763449472,5.9206492903484165,0.328924960574912,0.0,107.39853614304369,0.986774881724736,0.328924960574912,1.8555834235926933,68.06600260682954,12.499148501846657,"8a75582426f7fff,8a755824261ffff,8a755824260ffff,8a755824274ffff,8a755824239ffff,8a7558242397fff,8a75582423a7fff,8a75582423b7fff,8a75582420effff,8a7558242047fff,8a7558242067fff,8a7558242a97fff,8a7558242ab7fff,8a7558242b9ffff,8a7558242b87fff,8a7558242bb7fff,8a755824285ffff,8a7558242847fff,8a755824295ffff,8a755824282ffff,8a7558242817fff,8a755824281ffff,8a75582428affff"
-282689985#1,-101608959,"-282689985#1,282689985#1,162276533#0,162276533#1,100488715#0,100488715#1,100488715#2,100488715#3,101418592,101418584#2,101418584#3,101418584#4,101418587,464265154,120511142#1,75421017,619185406,619184994,1164659927#1,1164659928,-372606529#8,-372606529#7,-372606529#6,-372606529#5,-372606529#4,-372606529#3,-372606529#2,-372606529#1,-372606529#0,-120512823#1,-120512823#0,-101609498#5,-101609498#4,-101609498#3,-101609498#2,-101609498#1,-101608959",4.255385048187742,2734.439115217206,33.77481081081081,7.94757851954445,20.016000000000005,0.149438837974147,0.0,0.0,0.0,0.04565779083173635,0.0,0.0,0.9543422091682638,1.4628228428052845,5.851291371221138,0.36570571070132113,0.0,95.60539722933727,0.7314114214026423,0.36570571070132113,1.6689586369275202,52.84422175378964,13.53111129594888,"8a75582426f7fff,8a755824261ffff,8a755824260ffff,8a755824262ffff,8a755824270ffff,8a75582420dffff,8a75582420cffff,8a75582420effff,8a7558242047fff,8a7558242067fff,8a7558242a97fff,8a7558242ab7fff,8a7558242b9ffff,8a7558242b87fff,8a7558242bb7fff,8a755824285ffff,8a7558242847fff,8a755824295ffff,8a755824282ffff,8a755824280ffff,8a755824281ffff,8a75582428affff"
-282689985#1,-101608959,"-282689985#1,282689985#1,162276533#0,162276533#1,162276533#2,-1323419243,-16648700,42762427,659281081#0,659281081#1,100525445,-416373452,101418587,464265154,120511142#1,75421017,619185406,619184994,1164659927#1,1164659928,-372606529#8,-372606529#7,-372606529#6,-372606529#5,-372606529#4,-372606529#3,-372606529#2,-372606529#1,-372606529#0,-120512823#1,-120512823#0,-101609498#5,-101609498#4,-101609498#3,-101609498#2,-101609498#1,-101608959",4.334238994373848,2911.951380271994,34.315783783783786,8.353513376402159,20.016000000000005,0.264743495967023,0.0,0.0,0.13330518076364428,0.16364556475996508,0.0,0.0,0.7030492544763908,2.060473962803446,6.1814218884103385,0.3434123271339077,0.0,109.46926918510498,1.030236981401723,0.3434123271339077,1.777302840415197,67.06298089454984,12.706256103954583,"8a75582426f7fff,8a755824261ffff,8a755824260ffff,8a755824274ffff,8a755824239ffff,8a7558242397fff,8a75582423a7fff,8a75582423b7fff,8a75582420effff,8a7558242047fff,8a7558242067fff,8a7558242a97fff,8a7558242ab7fff,8a7558242b9ffff,8a7558242b87fff,8a7558242bb7fff,8a755824285ffff,8a7558242847fff,8a755824295ffff,8a755824282ffff,8a755824280ffff,8a755824281ffff,8a75582428affff"
-282689985#1,-101608959,"-282689985#1,282689985#1,162276533#0,162276533#1,162276533#2,-1323419243,-16648700,42762427,659281081#0,659281081#1,100525445,-416373452,101418587,464265154,120511142#1,75421017,619185406,619184994,1164659927#1,1164659928,-372606529#8,-372606529#7,-372606529#6,-372606529#5,-372606529#4,-372606529#3,-372606529#2,-372606529#1,-372606529#0,-120512823#1,-120512823#0,-101609498#5,336863927#0,336863927#1,336863927#2,336863927#3,101609498#0,-101608959",4.760269406538714,3139.473631375925,34.201894736842114,8.269709481447284,20.016000000000005,0.2455571471582443,0.0,0.0,0.12364435911888079,0.15178593106046387,0.0,0.0,0.7245697098206553,1.911148397628173,5.733445192884519,0.3185247329380288,0.0,106.51191370956448,0.9555741988140865,0.3185247329380288,1.916170524087479,70.09144718085741,12.103939851645094,"8a75582426f7fff,8a755824261ffff,8a755824260ffff,8a755824274ffff,8a755824239ffff,8a7558242397fff,8a75582423a7fff,8a75582423b7fff,8a75582420effff,8a7558242047fff,8a7558242067fff,8a7558242a97fff,8a7558242ab7fff,8a7558242b9ffff,8a7558242b87fff,8a7558242bb7fff,8a755824285ffff,8a7558242847fff,8a755824295ffff,8a755824282ffff,8a7558242817fff,8a75582428b7fff,8a75582428affff"
-282689985#1,-101608959,"-282689985#1,282689985#1,162276533#0,162276533#1,100488715#0,100488715#1,100488715#2,100488715#3,101418592,101418584#2,101418584#3,101418584#4,101418587,464265154,120511142#1,75421017,619185406,619184994,1164659927#1,1164659928,-372606529#8,-372606529#7,-372606529#6,-372606529#5,-372606529#4,-372606529#3,-372606529#2,-372606529#1,-372606529#0,-120512823#1,-120512823#0,-101609498#5,336863927#0,336863927#1,336863927#2,101608827,-101609498#1,-101608959",4.4687904103326,2862.6948334036224,33.67515789473685,7.863474792496845,20.016000000000005,0.14274361315811948,0.0,0.0,0.0,0.04361221032290959,0.0,0.0,0.9563877896770904,1.3972848077712041,5.5891392310848165,0.34932120194280103,0.0,93.05487467863666,0.6986424038856021,0.34932120194280103,1.747239220105017,54.65571179213555,13.27420567382644,"8a75582426f7fff,8a755824261ffff,8a755824260ffff,8a755824262ffff,8a755824270ffff,8a75582420dffff,8a75582420cffff,8a75582420effff,8a7558242047fff,8a7558242067fff,8a7558242a97fff,8a7558242ab7fff,8a7558242b9ffff,8a7558242b87fff,8a7558242bb7fff,8a755824285ffff,8a7558242847fff,8a755824295ffff,8a755824282ffff,8a7558242817fff,8a755824281ffff,8a75582428affff"
-282689985#1,-101608959,"-282689985#1,282689985#1,162276533#0,162276533#1,100488715#0,100488715#1,100488715#2,100488715#3,101418592,101418584#2,101418584#3,101418584#4,101418587,464265154,120511142#1,75421017,619185406,619184994,1164659927#1,1164659928,-372606529#8,-372606529#7,-372606529#6,-372606529#5,-372606529#4,-372606529#3,-372606529#2,-372606529#1,-372606529#0,-120512823#1,-120512823#0,-101609498#5,336863927#0,336863927#1,336863927#2,336863927#3,101609498#0,-101608959",4.681415460352608,2961.9613663211376,33.67515789473685,7.863474792496845,20.016000000000005,0.13795973456488694,0.0,0.0,0.0,0.042150600134184625,0.0,0.0,0.9578493998658154,1.3504565067869685,5.401826027147874,0.3376141266967421,0.0,91.87558433566551,0.6752282533934842,0.3376141266967421,1.8078263205998026,57.37719547822353,12.829336814476202,"8a75582426f7fff,8a755824261ffff,8a755824260ffff,8a755824262ffff,8a755824270ffff,8a75582420dffff,8a75582420cffff,8a75582420effff,8a7558242047fff,8a7558242067fff,8a7558242a97fff,8a7558242ab7fff,8a7558242b9ffff,8a7558242b87fff,8a7558242bb7fff,8a755824285ffff,8a7558242847fff,8a755824295ffff,8a755824282ffff,8a7558242817fff,8a75582428b7fff,8a75582428affff"
526438862#2,-1323419243,"526438862#2,101418589,625955757,71324347#2,71324347#3,71324347#4,71324347#5,47374666,659281081#0,1323419244,1323419245,16648700,1323419243,-1323419243",2.071979907070742,830.8043284662047,23.572285714285716,7.438699549586002,19.98,0.0,0.0,0.0,0.40323817057354866,0.0,0.0,0.0,0.0705038898218293,4.814611410829586,45.73880840288106,2.407305705414793,0.0,92.39117476555411,4.814611410829586,1.2036528527073964,1.8769087930269484,49.3998423172397,16.85113993790355,"8a75582423a7fff,8a755824204ffff,8a7558242317fff,8a75582423affff,8a7558242387fff,8a7558242397fff,8a755824239ffff,8a755824274ffff"
526438862#2,-1323419243,"526438862#2,1200809292,868087112,526439431#0,526439431#1,42762429,1323419246,184568063,76867740,1323419243,-1323419243",1.816906762705082,1043.1122120219509,29.988,0.0,0.0,0.0,0.0,0.0,0.7673143003205468,0.0,0.0,0.0,0.23268569967945313,1.917339263168278,17.256053368514504,0.958669631584139,0.958669631584139,97.56620930088437,0.0,0.0,2.3565434311978675,87.30057332568246,10.545365947425529,"8a75582423a7fff,8a755824204ffff,8a755824206ffff,8a7558242047fff,8a75582423b7fff,8a7558242397fff,8a755824274ffff"
526438862#2,-1323419243,"526438862#2,101418589,625955757,71324347#2,71324347#3,71324347#4,71324347#5,47374666,-42762427,16648700,1323419243,-1323419243",1.895889470896272,705.1305865451171,22.503,7.52753744593808,19.98,0.0,0.0,0.0,0.3799483635287581,0.0,0.0,0.0,0.0,2.836354057195662,28.36354057195662,1.418177028597831,0.0,84.58556555387086,2.836354057195662,0.0,1.5929933833663406,54.035456208480774,17.018124343173973,"8a75582423a7fff,8a755824204ffff,8a7558242317fff,8a75582423affff,8a7558242387fff,8a7558242397fff,8a755824239ffff,8a755824274ffff"
526438862#2,-1323419243,"526438862#2,1200809292,868087112,526439431#0,526439431#1,42762429,1323419246,184568063,1323419245,16648700,1323419243,-1323419243",1.7837134853941576,1036.7314443966702,29.988,0.0,0.0,0.0,0.0,0.0,1.0,0.0,0.0,0.0,0.0,0.0,0.0,0.0,0.9645699524257738,94.86709079312043,0.0,0.0,2.3421283415650764,75.69844228826688,11.574839429109286,"8a75582423a7fff,8a755824204ffff,8a755824206ffff,8a7558242047fff,8a75582423b7fff,8a7558242397fff,8a755824239ffff,8a755824274ffff"
526438862#2,-1323419243,"526438862#2,101418589,625955757,71324347#2,71324347#3,71324347#4,71324347#5,47374666,659281081#0,1323419244,76867740,1323419243,-1323419243",2.105173184381666,837.1850960914853,23.078769230769232,7.500097845515597,19.98,0.0,0.0,0.0,0.11786579897653351,0.0,0.0,0.0,0.35988723777192694,4.7779159216695986,45.390201255861186,2.3889579608347993,0.0,95.44704599663801,3.5834369412521987,1.1944789804173996,1.8913238826597392,64.31909515289662,15.528226745426194,"8a75582423a7fff,8a755824204ffff,8a7558242317fff,8a75582423affff,8a7558242387fff,8a7558242397fff,8a755824274ffff"
71324347#0,-101746498#2,"71324347#0,71324347#1,71324347#2,71324347#3,71324347#4,71324347#5,-47374665#1,-47374680#3,-47374680#2,101415865#0,-101749449#1,101746514,-101746498#2",2.84550758010058,1572.7606793870511,25.38830769230769,9.66713573044101,39.99600000000001,0.33278683575441675,0.0,0.0,0.0,0.0,0.0,0.0,0.7084831606371209,0.0,0.6358246445922897,0.0,0.0,59.36088184080296,0.6358246445922897,0.0,3.385965584284597,147.99018869032648,8.265720379699767,"8a7558242307fff,8a7558242317fff,8a75582423affff,8a7558242387fff,8a7558242217fff,8a75582422a7fff,8a755825c927fff,8a755824225ffff,8a755824220ffff"
71324347#0,-101746498#2,"71324347#0,71324347#1,71324347#2,71324347#3,71324347#4,71324347#5,-47374665#1,47374680#4,47374680#5,101746498#0,101746498#1,101746498#2,-101746498#2",2.706737946977352,1299.4642427904937,23.848615384615382,6.492614644584794,19.98,0.0,0.0,0.0,0.0,0.0,0.0,0.0,0.6471728830763623,0.0,0.7695479160339044,0.0,0.0,78.51315318860462,0.7695479160339044,0.0,2.7975910523219816,74.40835878940955,10.004122908440758,"8a7558242307fff,8a7558242317fff,8a75582423affff,8a7558242387fff,8a7558242217fff,8a7558242237fff,8a7558242207fff,8a755824220ffff,8a755824225ffff"
297823019#4,-101787498,"297823019#4,297823017,372606529#1,372606529#2,372606529#3,372606529#4,372606529#5,372606529#6,372606529#7,372606529#8,1164659929,120512822,282479125#0,282479125#1,120511930,-42762428#0,-697042776#1,42762429,1323419246,184568063,1323419245,16648700,1323419243,120511145,283490977#1,-173532317#3,-101786553#2,-101786553#1,-101787498",4.275836382069027,2709.816492190491,32.05862068965518,6.203639878639184,20.016000000000005,0.13160790912034062,0.0,0.0,0.4128588776198677,0.14794109630142802,0.0,0.0,0.4392000260787045,0.738057357671217,6.642516219040954,0.738057357671217,0.3690286788356085,35.55188440484908,1.1070860365068256,0.3690286788356085,1.273081337161225,69.33683490094404,10.701831686232648,"8a7558240487fff,8a7558240497fff,8a7558242847fff,8a755824285ffff,8a7558242bb7fff,8a7558242b87fff,8a7558242b9ffff,8a7558242147fff,8a755824214ffff,8a7558242a97fff,8a755824206ffff,8a7558242047fff,8a75582423b7fff,8a7558242397fff,8a755824239ffff,8a755824274ffff,8a7558242297fff,8a755824266ffff,8a755825c937fff,8a755825c9affff,8a755825c98ffff"
297823019#4,-101787498,"297823019#4,297823017,372606529#1,372606529#2,372606529#3,372606529#4,372606529#5,372606529#6,372606529#7,372606529#8,1164659929,120512822,282479125#0,282479125#1,120511930,-42762428#0,-697042776#1,42762429,1323419246,184568063,76867740,1323419243,120511145,283490977#1,-173532317#3,-101786553#2,-101786553#1,-101787498",4.30902965937995,2716.1972598157713,32.13257142857144,6.304447409793911,20.016000000000005,0.13129874177886305,0.0,0.0,0.32487893324367606,0.1475935597761196,0.0,0.0,0.5275275069802046,1.472647093485141,13.25382384136627,1.1044853201138558,0.36816177337128525,34.34119241799154,1.1044853201138558,0.36816177337128525,1.2760790442767873,73.75209836179157,10.308529654395986,"8a7558240487fff,8a7558240497fff,8a7558242847fff,8a755824285ffff,8a7558242bb7fff,8a7558242b87fff,8a7558242b9ffff,8a7558242147fff,8a755824214ffff,8a7558242a97fff,8a755824206ffff,8a7558242047fff,8a75582423b7fff,8a7558242397fff,8a755824274ffff,8a7558242297fff,8a755824266ffff,8a755825c937fff,8a755825c9affff,8a755825c98ffff"
-47374665#1,-100468681#0,"-47374665#1,47374665#0,47374666,659281081#0,659281081#1,100525445,-416373452,101418587,464265154,120511142#1,75421017,-282689984#1,-282689984#0,-134065887,100475363,282479151#1,100475362,-659278038#3,-659278038#2,-659278038#1,-659278038#0,-100525438#2,-100525438#1,-101601553#1,-101601553#0,101600741#4,-100468681#2,-100468681#1,-100468681#0",5.126972794649504,2697.090276735064,35.85848275862069,12.400273518356332,39.99600000000001,0.3516487387164055,0.0,0.0,0.059164386995605736,0.2324338313019667,0.0,0.0,0.5601290290537004,2.2246196398228246,10.01078837920271,0.37076993997047075,0.0,132.17896457196287,1.1123098199114123,0.37076993997047075,2.0110428558887645,90.51956817387482,10.75232825914365,"8a7558242387fff,8a7558242217fff,8a7558242397fff,8a75582423a7fff,8a75582423b7fff,8a75582420effff,8a7558242047fff,8a7558242067fff,8a7558242077fff,8a755824200ffff,8a7558242007fff,8a7558242037fff,8a75582421affff,8a755824211ffff,8a755824212ffff,8a7558242127fff,8a755824288ffff,8a7558242c0ffff,8a7558242c1ffff"
-47374665#1,-100468681#0,"-47374665#1,47374665#0,47374666,659281081#0,659281081#1,100525445,-416373452,101418587,464265154,120511142#1,75421017,619185406,619184994,1164659927#1,1164659926,120512822,-133906979,-133906980,-282479126,-100468681#8,-100468681#7,-100468681#6,-100468681#5,-100468681#4,-100468681#3,-100468681#2,-100468681#1,-100468681#0",4.784956636134262,2514.752084894209,37.49785714285714,12.948648136829908,39.99600000000001,0.4361901811090212,0.0,0.0,0.06345424419900683,0.410191594637118,0.0,0.0,0.3673305333972244,2.3859210758950056,10.736644841527525,0.3976535126491676,0.0,145.22451168156587,0.7953070252983352,0.3976535126491676,1.8750852569829097,89.97171640709838,11.134298354176693,"8a7558242387fff,8a7558242217fff,8a7558242397fff,8a75582423a7fff,8a75582423b7fff,8a75582420effff,8a7558242047fff,8a7558242067fff,8a7558242a97fff,8a7558242ab7fff,8a7558242b9ffff,8a7558242147fff,8a7558242167fff,8a7558242177fff,8a75582428dffff,8a75582428d7fff,8a755824288ffff,8a7558242c0ffff,8a7558242c1ffff"
-47374665#1,-100468681#0,"-47374665#1,47374665#0,47374666,659281081#0,659281081#1,100525445,-416373452,101418587,464265154,120511142#1,75421017,619185406,619184994,1164659927#1,1164659926,120512822,-133906979,-133906980,-282479126,-100468681#8,-100468681#7,100525438#0,-101601553#1,-101601553#0,101600741#4,-100468681#2,-100468681#1,-100468681#0",5.271609223735177,2712.0310155710677,34.63842857142858,12.015518180372297,39.99600000000001,0.32998768873243733,0.0,0.0,0.058838446897790345,0.3058802949898352,0.0,0.0,0.4878253488039708,2.2123640790061505,15.855275899544079,0.7374546930020501,0.0,140.68583128166645,1.4749093860041003,0.7374546930020501,2.022183182320187,90.3534719620458,10.324365702028702,"8a7558242387fff,8a7558242217fff,8a7558242397fff,8a75582423a7fff,8a75582423b7fff,8a75582420effff,8a7558242047fff,8a7558242067fff,8a7558242a97fff,8a7558242ab7fff,8a7558242b9ffff,8a7558242147fff,8a7558242167fff,8a7558242177fff,8a75582428dffff,8a755824212ffff,8a7558242127fff,8a755824288ffff,8a7558242c0ffff,8a7558242c1ffff"
-47374665#1,-100468681#0,"-47374665#1,47374665#0,47374666,659281081#0,659281081#1,100525445,-416373452,101418587,464265154,120511142#1,75421017,619185406,619184994,1164659927#1,1164659928,1164659929,120512822,-133906979,-133906980,-282479126,-100468681#8,-100468681#7,100525438#0,-101601553#1,-101601553#0,101600741#4,-100468681#2,-100468681#1,-100468681#0",5.282933753547102,2730.482494151057,34.478068965517245,11.830564272048647,39.99600000000001,0.3277577675432888,0.0,0.0,0.058440840853825594,0.3038132816604564,0.0,0.0,0.4912864146141346,2.1974138317504504,15.748132460878226,0.73247127725015,0.0,140.16818329897052,1.4649425545003,0.73247127725015,2.0359412365087888,89.90072801430631,10.620833520127176,"8a7558242387fff,8a7558242217fff,8a7558242397fff,8a75582423a7fff,8a75582423b7fff,8a75582420effff,8a7558242047fff,8a7558242067fff,8a7558242a97fff,8a7558242ab7fff,8a7558242b9ffff,8a7558242147fff,8a7558242167fff,8a7558242177fff,8a75582428dffff,8a755824212ffff,8a7558242127fff,8a755824288ffff,8a7558242c0ffff,8a7558242c1ffff"
-47374665#1,-100468681#0,"-47374665#1,47374665#0,47374666,659281081#0,659281081#1,100525445,-416373452,101418587,464265154,120511142#1,75421017,619185406,619184994,1164659927#1,1164659928,1164659929,120512822,-133906979,-133906980,-282479126,-100468681#8,-100468681#7,-100468681#6,-100468681#5,-100468681#4,-100468681#3,-100468681#2,-100468681#1,-100468681#0",4.796281165946186,2533.2035634741983,37.23889655172413,12.791564447894189,39.99600000000001,0.4330130366033121,0.0,0.0,0.06299205290710701,0.40720381997452504,0.0,0.0,0.3719388038416351,2.368542381083348,10.658440714875066,0.39475706351389134,0.0,144.56509315627824,0.7895141270277827,0.39475706351389134,1.8888433111715115,89.32733387353,11.447954841902849,"8a7558242387fff,8a7558242217fff,8a7558242397fff,8a75582423a7fff,8a75582423b7fff,8a75582420effff,8a7558242047fff,8a7558242067fff,8a7558242a97fff,8a7558242ab7fff,8a7558242b9ffff,8a7558242147fff,8a7558242167fff,8a7558242177fff,8a75582428dffff,8a75582428d7fff,8a755824288ffff,8a7558242c0ffff,8a7558242c1ffff"
-297823024,101767915#1,"-297823024,297823024,297823019#4,297823017,372606529#1,372606529#2,372606529#3,372606529#4,372606529#5,372606529#6,372606529#7,372606529#8,1164659929,120512822,282479125#0,282479125#1,120511930,-42762428#0,-697042776#1,42762429,1323419246,184568063,76867740,1323419243,120511145,283490977#1,-173532317#3,-173532317#2,-173532317#1,-101765339#6,-101765339#5,-101767911,101767915#1",5.13707102711495,3242.7320776860856,33.02072727272728,7.288016565194229,20.016000000000005,0.19702173594211025,0.0,0.0,0.27212709749305675,0.21067070197846793,0.0,0.0,0.5172022005284753,1.2335277488771992,11.101749739894792,0.9251458116578993,0.3083819372192998,43.96153091724018,1.2335277488771992,0.3083819372192998,1.5413591878410455,74.89899621581499,10.176603928236892,"8a7558240487fff,8a75582404affff,8a7558240497fff,8a7558242847fff,8a755824285ffff,8a7558242bb7fff,8a7558242b87fff,8a7558242b9ffff,8a7558242147fff,8a755824214ffff,8a7558242a97fff,8a755824206ffff,8a7558242047fff,8a75582423b7fff,8a7558242397fff,8a755824274ffff,8a7558242297fff,8a755824266ffff,8a755825c937fff,8a755825c90ffff,8a755825c977fff,8a755825c957fff,8a755825c827fff"
-297823024,101767915#1,"-297823024,297823024,297823019#4,297823017,372606529#1,372606529#2,372606529#3,372606529#4,372606529#5,372606529#6,372606529#7,372606529#8,1164659929,120512822,282479125#0,282479125#1,120511930,-42762428#0,-697042776#1,42762429,1323419246,184568063,1323419245,16648700,1323419243,120511145,283490977#1,-173532317#3,-173532317#2,-173532317#1,-101765339#6,-101765339#5,-101767911,101767915#1",5.103877749804026,3236.351310060805,32.93152941176471,7.195564409118678,20.016000000000005,0.19741018261978333,0.0,0.0,0.3456892309693515,0.2110860588621908,0.0,0.0,0.4432247101684576,0.6179798817831132,5.561818936048019,0.6179798817831132,0.3089899408915566,44.30972400096266,1.2359597635662265,0.3089899408915566,1.5383262345877127,71.25993715912543,10.505657990312926,"8a7558240487fff,8a75582404affff,8a7558240497fff,8a7558242847fff,8a755824285ffff,8a7558242bb7fff,8a7558242b87fff,8a7558242b9ffff,8a7558242147fff,8a755824214ffff,8a7558242a97fff,8a755824206ffff,8a7558242047fff,8a75582423b7fff,8a7558242397fff,8a755824239ffff,8a755824274ffff,8a7558242297fff,8a755824266ffff,8a755825c937fff,8a755825c90ffff,8a755825c977fff,8a755825c957fff,8a755825c827fff"
-101611601,-1323419243,"-101611601,101611601,372606529#3,372606529#4,372606529#5,372606529#6,372606529#7,372606529#8,1164659929,120512822,282479125#0,282479125#1,120511930,-42762428#0,-697042776#1,42762429,1323419246,184568063,76867740,1323419243,-1323419243",2.893463346461694,1734.9439689147887,31.894285714285722,6.020664756842532,20.016000000000005,0.04536307593562057,0.0,0.0,0.3661216041270669,0.1730323533332572,0.0,0.0,0.46084604253967604,1.7291624708067699,15.56246223726093,0.5763874902689233,0.5763874902689233,60.134131200318116,1.1527749805378467,0.0,1.373847848641413,73.91205747648907,12.104137295647389,"8a755824285ffff,8a7558242bb7fff,8a7558242b87fff,8a7558242b9ffff,8a7558242147fff,8a755824214ffff,8a7558242a97fff,8a755824206ffff,8a7558242047fff,8a75582423b7fff,8a7558242397fff,8a755824274ffff"
-101611601,-1323419243,"-101611601,101611601,372606529#3,372606529#4,372606529#5,372606529#6,372606529#7,372606529#8,1164659929,120512822,282479125#0,282479125#1,120511930,-42762428#0,-697042776#1,42762429,1323419246,184568063,1323419245,16648700,1323419243,-1323419243",2.8602700691507703,1728.5632012895082,31.807636363636377,5.889606782455691,20.016000000000005,0.045530527866852945,0.0,0.0,0.5041973562741154,0.17367107989960506,0.0,0.0,0.32213156382627955,0.5785151501860042,5.206636351674037,0.0,0.5785151501860042,59.83752417962846,1.1570303003720084,0.0,1.3687951183909048,66.99307886711385,12.727333304092092,"8a755824285ffff,8a7558242bb7fff,8a7558242b87fff,8a7558242b9ffff,8a7558242147fff,8a755824214ffff,8a7558242a97fff,8a755824206ffff,8a7558242047fff,8a75582423b7fff,8a7558242397fff,8a755824239ffff,8a755824274ffff"
-100488715#4,-101611601,"-100488715#4,101418592,101418584#2,101418584#3,101418584#4,101418587,464265154,120511142#1,75421017,619185406,619184994,1164659927#1,1164659928,-372606529#8,-372606529#7,-372606529#6,-372606529#5,-372606529#4,-372606529#3,-101611601",1.780484720886195,1172.827277766981,32.99040000000001,7.332812531426987,20.016000000000005,0.10996151568063389,0.0,0.0,0.0,0.0,0.0,0.0,1.0,3.4105618754160028,0.0,0.0,0.0,95.11722984938547,0.0,0.0,1.193146327150924,45.36596078534843,17.052809377080013,"8a75582420dffff,8a75582420cffff,8a75582420effff,8a7558242047fff,8a7558242067fff,8a7558242a97fff,8a7558242ab7fff,8a7558242b9ffff,8a7558242b87fff,8a7558242bb7fff,8a755824285ffff"
868087112,416373452,"868087112,526439431#0,526439431#1,42762429,1323419246,-416373452,416373452",0.8979219189475646,626.8715542757611,35.706857142857146,9.766807930068921,20.016000000000005,0.22779734776959804,0.0,0.0,0.7722026522304022,0.0,0.0,0.0,0.22779734776959804,1.5952231253423559,14.357008128081203,1.5952231253423559,1.5952231253423559,115.76346108663395,1.5952231253423559,0.0,3.7126219921811994,58.289062050939066,11.166561877396491,"8a755824204ffff,8a755824206ffff,8a7558242047fff,8a75582423b7fff,8a75582420effff"
75421017,-100468675#0,"75421017,-282689984#1,-282689984#0,-134065887,100475363,282479151#1,100475362,-659278038#3,-659278038#2,-659278038#1,-659278038#0,659278036#0,-416412034,659278036#2,659278036#3,-100468675#3,-100468675#2,-100468675#1,-100468675#0",2.044081621129373,1318.0787750098727,36.30884210526317,9.558979729745444,20.016000000000005,0.16790301053075116,0.0,0.0,0.0,0.0,0.0,0.0,1.0,0.0,0.0,0.0,0.0,63.536705490492274,0.0,0.0,1.2663941775334076,54.34492528449548,14.414919927572374,"8a7558242047fff,8a7558242067fff,8a7558242077fff,8a755824200ffff,8a7558242007fff,8a7558242037fff,8a75582421affff,8a75582421b7fff,8a7558242ce7fff,8a7558242c1ffff"
75421017,-100468675#0,"75421017,-282689984#1,-282689984#0,-134065887,100475363,282479151#1,100475362,-659278038#3,-659278038#2,-659278038#1,-659278038#0,659278036#0,659278036#1,659278036#2,659278036#3,-100468675#3,-100468675#2,-100468675#1,-100468675#0",1.8011644542626264,1194.2097978940399,36.30884210526317,9.558979729745444,20.016000000000005,0.18531868925469883,0.0,0.0,0.0,0.0,0.0,0.0,1.0,0.0,0.0,0.0,0.0,63.536705490492274,0.0,0.0,1.1473823594458772,47.70089764880864,15.910102256325516,"8a7558242047fff,8a7558242067fff,8a7558242077fff,8a755824200ffff,8a7558242007fff,8a7558242037fff,8a75582421affff,8a75582421b7fff,8a7558242ce7fff,8a7558242c1ffff"
416409192#0,-416409191#0,"416409192#0,416409192#1,416409192#2,416409192#3,416409192#4,416409192#5,416409192#6,416409192#7,-416409190,-416409191#1,-416409191#0",0.7125749940004799,1051.5990134322697,50.00400000000001,7.452235082682191e-15,0.0,1.0,0.0,0.0,0.0,0.0,0.0,0.0,1.0,0.0,0.0,0.0,0.0,30.96044817336082,0.0,0.0,1.3314878572317908,99.15578583429784,10.460260859410246,"8a755825138ffff,8a75582513affff,8a755825131ffff,8a755825130ffff,8a7558251307fff,8a755825132ffff,8a7558251a8ffff,8a7558251af7fff,8a7558251a47fff"
416409192#0,-416409191#0,"416409192#0,416409192#1,416409192#2,416409192#3,416409192#4,416409192#5,416409192#6,416409192#7,416409192#8,416409191#0,-416409191#0",1.240964722822174,1491.5375565022628,50.00400000000001,7.452235082682191e-15,0.0,1.0,0.0,0.0,0.0,0.0,0.0,0.0,1.0,0.0,0.0,0.0,0.0,64.7435042114184,0.0,0.0,1.8885184559141361,152.05635991615986,7.374940008748825,"8a755825138ffff,8a75582513affff,8a755825131ffff,8a755825130ffff,8a7558251307fff,8a755825132ffff,8a7558251a47fff,8a7558251af7fff"
-282689975#2,-101594836#0,"-282689975#2,-282689975#1,-282689975#0,-282689986,-224715833,-224715836,-101749453,-1006827381,101417074,71324343#8,71324343#9,71324343#11,659283000#7,101594822,-101594843,101594812#1,-336863934,-101594809#0,-101594836#0",1.954237000775832,1343.428589536727,36.30884210526317,9.558979729745444,20.016000000000005,0.2948282098038338,0.0,0.0,0.008073399826958129,0.0,0.0,0.0,0.991926600173042,0.0,13.398553626290763,0.7443640903494868,0.7443640903494868,133.0813172289778,1.4887281806989736,0.7443640903494868,1.514216024344613,65.14881195085455,14.14291771664025,"8a75582406affff,8a7558240687fff,8a7558240697fff,8a7558242a6ffff,8a7558242a67fff,8a7558242a77fff,8a7558242b5ffff,8a7558242b0ffff,8a7558242b07fff,8a7558242b17fff,8a755824284ffff,8a755824285ffff"
-282689975#2,-101594836#0,"-282689975#2,-282689975#1,-282689975#0,-282689986,-224715833,-224715836,-101749453,-1006827381,101417074,71324343#8,71324343#9,71324343#11,659283000#7,101594822,-101594843,101594812#1,101594812#2,-101594836#1,-101594836#0",1.6803674529567043,1207.4704181167874,36.30884210526317,9.558979729745444,20.016000000000005,0.3280251342887089,0.0,0.0,0.00898244460449165,0.0,0.0,0.0,0.9910175553955085,0.0,14.907197501428996,0.8281776389682776,0.8281776389682776,131.32227996699547,1.6563552779365551,0.8281776389682776,1.3609737579464731,55.17852644641548,15.735375140397274,"8a75582406affff,8a7558240687fff,8a7558240697fff,8a7558242a6ffff,8a7558242a67fff,8a7558242a77fff,8a7558242b5ffff,8a7558242b0ffff,8a7558242b07fff,8a7558242b17fff,8a755824284ffff,8a755824285ffff"
120511932#0,100475365#1,"120511932#0,120511932#1,120511932#2,-101604499,100475363,282479151#1,100475362,-659278038#3,659278038#3,100475365#0,100475365#1",1.0971431049021485,680.994558862708,40.905818181818184,10.453015084827747,20.016000000000005,0.2054165463602896,0.0,0.0,0.0,0.0,0.0,0.0,1.0,0.0,0.0,0.0,0.0,68.41928940832892,0.0,0.0,1.986698997018968,53.49110123739918,16.1528456532318,"8a7558242167fff,8a7558242147fff,8a7558242077fff,8a755824200ffff,8a7558242007fff"
-101604513#1,-100468675#0,"-101604513#1,-101604503,-659278038#1,-659278038#0,659278036#0,659278036#1,659278036#2,659278036#3,-100468675#3,-100468675#2,-100468675#1,-100468675#0",1.1374153981246926,747.9320487596185,33.324000000000005,7.791217433168525,20.016000000000005,0.12112449327726624,0.0,0.0,0.0,0.0,0.0,0.0,1.0,0.0,0.0,0.0,0.0,25.445908702584994,0.0,0.0,1.0479989534271372,48.481980459346914,16.044238269908313,"8a7558242007fff,8a7558242037fff,8a75582421affff,8a75582421b7fff,8a7558242ce7fff,8a7558242c1ffff"
-101604513#1,-100468675#0,"-101604513#1,-101604503,-659278038#1,-659278038#0,659278036#0,-416412034,659278036#2,659278036#3,-100468675#3,-100468675#2,-100468675#1,-100468675#0",1.3803325649914393,871.8010258754514,33.324000000000005,7.791217433168525,20.016000000000005,0.10391464075287611,0.0,0.0,0.0,0.0,0.0,0.0,1.0,0.0,0.0,0.0,0.0,25.445908702584994,0.0,0.0,1.2215635955557493,58.55731375041495,13.764608716707754,"8a7558242007fff,8a7558242037fff,8a75582421affff,8a75582421b7fff,8a7558242ce7fff,8a7558242c1ffff"
-100468675#0,-101604513#1,"-100468675#0,100468664,100468672#2,100468667,100468681#0,100468681#1,100468681#2,-101600741#4,101601553#0,101601553#1,100525438#1,100525438#2,659278038#0,659278038#1,101604503,101604513#1,-101604513#1",1.886853978452432,1470.5027667190698,46.4675294117647,22.351327516832324,70.02,0.5654293085605596,0.0,0.0,0.0,0.4495187733606334,0.0,0.0,0.5504812266393665,1.3600790459322456,10.880632367457965,0.6800395229661228,0.0,96.05070477242609,1.3600790459322456,0.0,2.293301201084399,114.218384602582,11.560671890424087,"8a7558242c1ffff,8a7558242c0ffff,8a755824288ffff,8a7558242127fff,8a755824212ffff,8a755824211ffff,8a75582421affff,8a7558242037fff,8a7558242007fff"
-100468675#0,-101604513#1,"-100468675#0,100468675#0,100468675#1,100468675#2,100468675#3,101600741#0,101600741#1,101600741#2,101600741#3,101601553#0,101601553#1,100525438#1,100525438#2,659278038#0,659278038#1,101604503,101604513#1,-101604513#1",2.3103645777965616,1447.0351641204898,33.324,7.675785608384485,20.016000000000005,0.10215045979045108,0.0,0.0,0.0,0.0,0.0,0.0,1.0,0.0,0.0,0.0,0.0,80.88691214928731,0.0,0.0,2.2567026427926846,60.48824233411767,12.439227771593531,"8a7558242c1ffff,8a7558242ce7fff,8a75582421b7fff,8a75582421a7fff,8a7558242137fff,8a7558242127fff,8a755824212ffff,8a755824211ffff,8a75582421affff,8a7558242037fff,8a7558242007fff"
-416409190,-100468681#0,"-416409190,-416409191#1,-416409191#0,-162276631,162276528,1323419242#0,1323419242#1,162276533#0,162276533#1,100488715#0,100488715#1,100488715#2,100488715#3,100488715#4,100488715#5,100488715#6,100488715#7,100488714,282479151#6,282479151#7,282479151#1,100475362,-659278038#3,-659278038#2,-659278038#1,-659278038#0,-100525438#2,-100525438#1,-101601553#1,-101601553#0,101600741#4,-100468681#2,-100468681#1,-100468681#0",4.884214367559147,3618.380769371143,40.58364705882352,11.271875792061312,39.99600000000001,0.5305349993232771,0.0,0.0,0.0,0.24698695117995836,0.0,0.0,0.7530130488200416,0.0,6.6328011145634855,0.2763667131068119,0.0,124.10064071947848,0.5527334262136238,0.2763667131068119,1.8506119421631795,106.04685624462725,9.396468245631604,"8a755825132ffff,8a7558251a8ffff,8a7558251af7fff,8a7558251a47fff,8a755824268ffff,8a75582426f7fff,8a755824261ffff,8a755824260ffff,8a755824262ffff,8a755824270ffff,8a75582420dffff,8a75582420c7fff,8a75582420e7fff,8a755824200ffff,8a7558242007fff,8a7558242037fff,8a75582421affff,8a755824211ffff,8a755824212ffff,8a7558242127fff,8a755824288ffff,8a7558242c0ffff,8a7558242c1ffff"
-416409190,-100468681#0,"-416409190,416409190,416409192#8,-162276631,162276528,1323419242#0,1323419242#1,162276533#0,162276533#1,100488715#0,100488715#1,100488715#2,100488715#3,100488715#4,100488715#5,101605219,100488715#7,100488714,282479151#6,282479151#7,282479151#1,100475362,-659278038#3,-659278038#2,-659278038#1,-659278038#0,-100525438#2,-100525438#1,-101601553#1,-101601553#0,101600741#4,-100468681#2,-100468681#1,-100468681#0",5.160154217941344,3953.773145840556,41.17235294117646,11.224314575502579,39.99600000000001,0.612272925064835,0.0,0.0,0.0,0.2260354353853995,0.0,0.0,0.7739645646146004,0.0,6.0701509962068645,0.25292295817528604,0.0,124.60275650509183,0.5058459163505721,0.25292295817528604,2.022147547939864,119.34670264245744,8.599380577959725,"8a755825132ffff,8a7558251a8ffff,8a7558251a47fff,8a755824268ffff,8a75582426f7fff,8a755824261ffff,8a755824260ffff,8a755824262ffff,8a755824270ffff,8a75582420dffff,8a75582420c7fff,8a75582420e7fff,8a755824200ffff,8a7558242007fff,8a7558242037fff,8a75582421affff,8a755824211ffff,8a755824212ffff,8a7558242127fff,8a755824288ffff,8a7558242c0ffff,8a7558242c1ffff"
-416409190,-100468681#0,"-416409190,416409190,416409192#8,-162276631,162276528,1323419242#0,1323419242#1,162276533#0,162276533#1,100488715#0,100488715#1,100488715#2,100488715#3,100488715#4,100488715#5,100488715#6,100488715#7,100488714,282479151#6,282479151#7,282479151#1,100475362,-659278038#3,-659278038#2,-659278038#1,-659278038#0,-100525438#2,-100525438#1,-101601553#1,-101601553#0,101600741#4,-100468681#2,-100468681#1,-100468681#0",5.068231646176857,3768.7304465434813,40.58364705882352,11.271875792061312,39.99600000000001,0.549263829176363,0.0,0.0,0.0,0.23713365737123163,0.0,0.0,0.7628663426287682,0.0,6.368192244157917,0.26534134350657984,0.0,124.60275650509183,0.5306826870131597,0.26534134350657984,1.927507914646436,112.34396227941058,9.021605679223715,"8a755825132ffff,8a7558251a8ffff,8a7558251a47fff,8a755824268ffff,8a75582426f7fff,8a755824261ffff,8a755824260ffff,8a755824262ffff,8a755824270ffff,8a75582420dffff,8a75582420c7fff,8a75582420e7fff,8a755824200ffff,8a7558242007fff,8a7558242037fff,8a75582421affff,8a755824211ffff,8a755824212ffff,8a7558242127fff,8a755824288ffff,8a7558242c0ffff,8a7558242c1ffff"
-416409190,-100468681#0,"-416409190,-416409191#1,-416409191#0,-162276631,162276528,1323419242#0,1323419242#1,162276533#0,162276533#1,100488715#0,100488715#1,100488715#2,100488715#3,100488715#4,100488715#5,101605219,100488715#7,100488714,282479151#6,282479151#7,282479151#1,100475362,-659278038#3,-659278038#2,-659278038#1,-659278038#0,-100525438#2,-100525438#1,-101601553#1,-101601553#0,101600741#4,-100468681#2,-100468681#1,-100468681#0",4.976136939323633,3803.423468668218,41.17235294117646,11.224314575502579,39.99600000000001,0.5969460383724391,0.0,0.0,0.0,0.2349706367953028,0.0,0.0,0.7650293632046972,0.0,6.310104619616202,0.2629210258173417,0.0,124.10064071947848,0.5258420516346834,0.2629210258173417,1.9452515754566075,113.65736793967939,8.939314877789618,"8a755825132ffff,8a7558251a8ffff,8a7558251af7fff,8a7558251a47fff,8a755824268ffff,8a75582426f7fff,8a755824261ffff,8a755824260ffff,8a755824262ffff,8a755824270ffff,8a75582420dffff,8a75582420c7fff,8a75582420e7fff,8a755824200ffff,8a7558242007fff,8a7558242037fff,8a75582421affff,8a755824211ffff,8a755824212ffff,8a7558242127fff,8a755824288ffff,8a7558242c0ffff,8a7558242c1ffff"
297823019#3,-71324343#0,"297823019#3,297823019#4,297823019#1,297823023#0,297823021,297823022#1,-297823020#1,1047412912#1,-659283000#11,-659283000#10,-659283000#8,-659283000#7,-71324343#11,-71324343#10,-71324343#8,-71324343#7,-71324343#6,-71324343#5,-71324343#4,-71324343#3,-71324343#2,-71324343#1,-71324343#0",1.1863084902787608,1028.5260548535034,34.3393043478261,8.441571215418387,20.016000000000005,0.21276266320512977,0.0,0.0,0.21276266320512977,0.0,0.0,0.0,0.7872373367948702,0.0,17.50077201745152,0.97226511208064,1.94453022416128,55.47427809667284,1.94453022416128,0.97226511208064,1.3265758897633633,34.646820411585445,22.362097577854723,"8a7558240487fff,8a7558240497fff,8a755824049ffff,8a755824048ffff,8a75582404d7fff,8a7558242b2ffff,8a7558242b0ffff,8a7558242a27fff,8a7558242a07fff,8a7558242a1ffff,8a7558242aaffff"
297823019#3,-71324343#0,"297823019#3,297823019#4,297823017,372606529#1,372606529#2,372606529#3,372606529#4,372606529#5,372606529#6,372606529#7,372606529#8,1164659929,120512822,282479125#0,282479125#1,120511930,42762428#1,1164653913,463830226#0,71324343#0,-71324343#0",2.697563215350935,1748.92557547706,30.941142857142864,4.367849290963624,20.016000000000005,0.01563485892927267,0.0,0.0,0.07002630155576768,0.17164906388928552,0.0,0.0,0.7583246345549468,0.0,10.29203315017569,0.5717796194542051,0.0,75.72302907501336,1.7153388583626152,0.0,2.2557352732778755,60.32546270234804,12.007372008538306,"8a7558240487fff,8a7558240497fff,8a7558242847fff,8a755824285ffff,8a7558242bb7fff,8a7558242b87fff,8a7558242b9ffff,8a7558242147fff,8a755824214ffff,8a7558242a97fff,8a7558242a87fff,8a7558242aa7fff,8a7558242aaffff,8a7558242a1ffff"
297823019#3,-71324343#0,"297823019#3,297823019#4,297823017,372606529#1,372606529#2,372606529#3,372606529#4,372606529#5,372606529#6,372606529#7,372606529#8,1164659929,120512822,282479125#0,282479125#1,120511930,42762428#1,42762428#4,71324344,463830226#0,71324343#0,-71324343#0",2.706122448979592,1759.6102453473502,29.988000000000003,3.636318380409584e-15,0.0,0.0,0.0,0.0,0.08372395681380386,0.17060677990278864,0.0,0.0,0.7456692632834075,0.0,10.229538073897023,0.5683076707720568,0.0,76.13291482036581,1.7049230123161705,0.0,2.2695161837109388,60.844617648243116,12.502768756985251,"8a7558240487fff,8a7558240497fff,8a7558242847fff,8a755824285ffff,8a7558242bb7fff,8a7558242b87fff,8a7558242b9ffff,8a7558242147fff,8a755824214ffff,8a7558242a97fff,8a7558242a87fff,8a7558242aa7fff,8a7558242aaffff,8a7558242a1ffff"
297823019#3,-71324343#0,"297823019#3,297823019#4,297823019#1,297823023#0,-297823018,-297823020#1,1047412912#1,-659283000#11,-659283000#10,-659283000#8,101594822,101594815#0,-659283000#5,-659283000#3,-659283000#2,-659283000#1,-659283000#0,-282479127#2,-1197063689,-42762428#4,1164653913,463830226#0,71324343#0,-71324343#0",2.062009872343465,1599.8894750686125,38.328,10.080260866189665,20.016000000000005,0.3379854811230207,0.0,0.0,0.4027480501212082,0.0,0.0,0.0,0.5972519498787919,0.0,22.501554364220134,1.2500863535677853,0.6250431767838927,71.37002152033088,2.5001727071355706,0.6250431767838927,2.0635109766028066,65.56672477419814,15.001036242813424,"8a7558240487fff,8a7558240497fff,8a755824049ffff,8a75582404d7fff,8a7558242b2ffff,8a7558242b0ffff,8a7558242b07fff,8a7558242b1ffff,8a7558242a37fff,8a7558242b8ffff,8a7558242aa7fff,8a7558242a87fff,8a7558242aaffff,8a7558242a1ffff"
297823019#3,-71324343#0,"297823019#3,297823019#4,297823017,372606529#1,101594836#0,101594836#1,101594812#3,101594812#0,101594843,101594815#0,-659283000#5,-659283000#3,-659283000#2,-659283000#1,1164659923,416376585#2,1164659921,463830227,-71324343#3,-71324343#2,-71324343#1,-71324343#0",1.9248534547008145,1437.0559335674907,34.53709090909092,8.585503457013434,20.016000000000005,0.1920419446501153,0.0,0.0,0.18802879070238052,0.0,0.0,0.0,0.8119712092976196,0.0,12.525608488540184,0.6958671382522325,0.0,68.56617712706908,1.391734276504465,0.6958671382522325,1.8534909686692815,55.88987575042211,15.309077041549115,"8a7558240487fff,8a7558240497fff,8a7558242847fff,8a755824285ffff,8a755824284ffff,8a7558242b17fff,8a7558242b07fff,8a7558242b0ffff,8a7558242b1ffff,8a7558242a37fff,8a7558242b8ffff,8a7558242a17fff,8a7558242a27fff,8a7558242a07fff,8a7558242a1ffff,8a7558242aaffff"
297823019#3,-71324343#0,"297823019#3,297823019#4,297823019#1,297823023#0,297823021,297823022#1,-297823020#1,1047412912#1,-659283000#11,-659283000#10,-659283000#8,-659283000#7,-71324343#11,-71324343#10,-71324343#8,-71324343#7,-71324343#6,-71324343#5,101416508#0,-101416509,-71324343#2,-71324343#1,-71324343#0",1.2454232520942143,1115.789368599465,36.07982608695653,9.41696692944165,20.016000000000005,0.343235214249826,0.0,0.0,0.1961229859011597,0.0,0.0,0.0,0.8038770140988403,0.0,16.132076991012685,0.8962264995007048,1.7924529990014095,57.897601135717856,1.7924529990014095,0.8962264995007048,1.4391266681612296,36.55884685865448,20.61320948851621,"8a7558240487fff,8a7558240497fff,8a755824049ffff,8a755824048ffff,8a75582404d7fff,8a7558242b2ffff,8a7558242b0ffff,8a7558242a27fff,8a7558242a07fff,8a7558242a1ffff,8a7558242aaffff"
297823019#3,-71324343#0,"297823019#3,297823019#4,297823017,372606529#1,101594836#0,101594836#1,101594812#3,101594812#0,101594843,101594815#0,-659283000#5,-659283000#3,-659283000#2,-659283000#1,-659283000#0,-282479127#2,-1197063689,-42762428#4,1164653913,463830226#0,71324343#0,-71324343#0",2.1624159527021747,1570.9927803124988,35.446909090909095,9.124139593664456,20.016000000000005,0.211810971813843,0.0,0.0,0.27776477746913986,0.0,0.0,0.0,0.7222352225308601,0.0,11.457722928821783,0.6365401627123213,0.0,72.03748517869201,1.2730803254246426,0.6365401627123213,2.026240497769121,59.189013561233764,14.003883579671069,"8a7558240487fff,8a7558240497fff,8a7558242847fff,8a755824285ffff,8a755824284ffff,8a7558242b17fff,8a7558242b07fff,8a7558242b0ffff,8a7558242b1ffff,8a7558242a37fff,8a7558242b8ffff,8a7558242aa7fff,8a7558242a87fff,8a7558242aaffff,8a7558242a1ffff"
297823019#3,-71324343#0,"297823019#3,297823019#4,297823019#1,297823023#0,-297823018,-297823020#1,1047412912#1,-659283000#11,-659283000#10,-659283000#8,-659283000#7,-71324343#11,-71324343#10,-71324343#8,-71324343#7,-71324343#6,-71324343#5,101416508#0,101416508#1,-101416507,-101415864#0,-71324343#1,-71324343#0",1.6143789553258303,1358.123395034136,37.820347826086966,9.988201761026477,20.016000000000005,0.40581479546025445,0.0,0.0,0.16112817392487117,0.0,0.0,0.0,0.838871826075129,0.0,13.253582160365905,0.7363101200203281,1.4726202400406563,63.3794604146526,1.4726202400406563,0.7363101200203281,1.7516850863174918,64.19484646180268,16.935132760467546,"8a7558240487fff,8a7558240497fff,8a755824049ffff,8a75582404d7fff,8a7558242b2ffff,8a7558242b0ffff,8a7558242a27fff,8a7558242a2ffff,8a7558242a0ffff,8a7558242a07fff,8a7558242a1ffff,8a7558242aaffff"
297823019#3,-71324343#0,"297823019#3,297823019#4,297823019#1,297823023#0,-297823018,-297823020#1,1047412912#1,-659283000#11,-659283000#10,-659283000#8,-659283000#7,-71324343#11,-71324343#10,-71324343#8,-71324343#7,-71324343#6,-71324343#5,-71324343#4,-71324343#3,-71324343#2,-71324343#1,-71324343#0",1.465140022891806,1154.4557049590942,34.53709090909092,8.585503457013434,20.016000000000005,0.189554213008329,0.0,0.0,0.189554213008329,0.0,0.0,0.0,0.8104457869916709,0.0,15.591763220259537,0.8662090677921964,1.7324181355843928,55.77998776394209,1.7324181355843928,0.8662090677921964,1.4889978691075882,63.45438879751923,19.056599491428322,"8a7558240487fff,8a7558240497fff,8a755824049ffff,8a75582404d7fff,8a7558242b2ffff,8a7558242b0ffff,8a7558242a27fff,8a7558242a07fff,8a7558242a1ffff,8a7558242aaffff"
297823019#3,-71324343#0,"297823019#3,297823019#4,297823019#1,297823023#0,297823021,297823022#1,-297823020#1,1047412912#1,-659283000#11,-659283000#10,-659283000#8,-659283000#7,-659283000#6,-659283000#5,-659283000#3,-659283000#2,-659283000#1,1164659923,416376585#2,1164659921,463830227,-71324343#3,-71324343#2,-71324343#1,-71324343#0",1.4749031650097044,1304.1393157078294,38.79504,10.14056206726235,20.016000000000005,0.38971992423426893,0.0,0.0,0.3852977535171919,0.0,0.0,0.0,0.6147022464828081,0.0,13.802206392520567,0.7667892440289203,0.7667892440289203,66.32626854441617,1.5335784880578407,0.7667892440289203,1.6820573139072428,39.23782431107408,19.16973110072301,"8a7558240487fff,8a7558240497fff,8a755824049ffff,8a755824048ffff,8a75582404d7fff,8a7558242b2ffff,8a7558242b0ffff,8a7558242b1ffff,8a7558242a37fff,8a7558242b8ffff,8a7558242a17fff,8a7558242a27fff,8a7558242a07fff,8a7558242a1ffff,8a7558242aaffff"
297823019#3,-71324343#0,"297823019#3,297823019#4,297823017,372606529#1,101594836#0,101594836#1,101594812#3,101594812#0,101594843,101594815#0,659283000#6,-71324343#11,-71324343#10,-71324343#8,-71324343#7,-71324343#6,-71324343#5,101416508#0,-101416509,-71324343#2,-71324343#1,-71324343#0",1.6965254496326965,1275.5902197567304,32.71745454545455,7.030621734528603,20.016000000000005,0.1392205539684123,0.0,0.0,0.010537958382407203,0.0,0.0,0.0,0.989462041617593,0.0,14.111114777465765,0.7839508209703202,0.7839508209703202,64.91250611879671,1.5679016419406404,0.0,1.6452351622616406,55.38602736438406,17.246918061347046,"8a7558240487fff,8a7558240497fff,8a7558242847fff,8a755824285ffff,8a755824284ffff,8a7558242b17fff,8a7558242b07fff,8a7558242b0ffff,8a7558242a27fff,8a7558242a07fff,8a7558242a1ffff,8a7558242aaffff"
297823019#3,-71324343#0,"297823019#3,297823019#4,297823019#1,297823023#0,297823021,297823022#1,-297823020#1,1047412912#1,-659283000#11,-659283000#10,-659283000#8,101594822,101594815#0,-659283000#5,-659283000#3,-659283000#2,-659283000#1,1164659923,416376585#2,1164659921,463830227,-71324343#3,-71324343#2,-71324343#1,-71324343#0",1.5456158417290604,1340.0229782180133,37.193760000000005,9.805797338309622,20.016000000000005,0.36115867442890276,0.0,0.0,0.35685492233908317,0.0,0.0,0.0,0.6431450776609171,0.0,26.865210959198212,1.4925117199554563,0.7462558599777281,68.39031873394394,2.9850234399109126,0.7462558599777281,1.7283394681587418,38.014999966146796,18.656396499443204,"8a7558240487fff,8a7558240497fff,8a755824049ffff,8a755824048ffff,8a75582404d7fff,8a7558242b2ffff,8a7558242b0ffff,8a7558242b07fff,8a7558242b1ffff,8a7558242a37fff,8a7558242b8ffff,8a7558242a17fff,8a7558242a27fff,8a7558242a07fff,8a7558242a1ffff,8a7558242aaffff"
297823019#3,-71324343#0,"297823019#3,297823019#4,297823019#1,297823023#0,-297823018,-297823020#1,1047412912#1,-659283000#11,-659283000#10,-659283000#8,-659283000#7,-659283000#6,-659283000#5,-659283000#3,-659283000#2,-659283000#1,-659283000#0,-282479127#2,-1197063689,71324344,463830226#0,71324343#0,-71324343#0",1.953878037896224,1524.9889975414437,39.5608695652174,10.223250431800269,20.016000000000005,0.35258179762757746,0.0,0.0,0.42216027648638316,0.0,0.0,0.0,0.577839723513617,0.0,11.803363846571505,0.6557424359206392,0.6557424359206392,66.85640604697916,1.3114848718412784,0.6557424359206392,1.96690557983096,67.9894582766937,15.082076026174702,"8a7558240487fff,8a7558240497fff,8a755824049ffff,8a75582404d7fff,8a7558242b2ffff,8a7558242b0ffff,8a7558242b1ffff,8a7558242a37fff,8a7558242b8ffff,8a7558242aa7fff,8a7558242aaffff,8a7558242a1ffff"
297823019#3,-71324343#0,"297823019#3,297823019#4,297823017,372606529#1,101594836#0,101594836#1,101594812#3,101594812#0,101594843,101594815#0,-659283000#5,-659283000#3,-659283000#2,-659283000#1,-659283000#0,-282479127#2,-1197063689,71324344,463830226#0,71324343#0,-71324343#0",2.124996794974289,1531.9759652955145,34.753714285714295,8.735698581927249,20.016000000000005,0.19935645844236727,0.0,0.0,0.26861760687355746,0.0,0.0,0.0,0.7313823931264425,0.0,11.749531590417506,0.6527517550231947,0.0,69.87659844787444,1.3055035100463894,0.6527517550231947,1.975917255248774,60.33308956934692,13.70778685548709,"8a7558240487fff,8a7558240497fff,8a7558242847fff,8a755824285ffff,8a755824284ffff,8a7558242b17fff,8a7558242b07fff,8a7558242b0ffff,8a7558242b1ffff,8a7558242a37fff,8a7558242b8ffff,8a7558242aa7fff,8a7558242aaffff,8a7558242a1ffff"
297823019#3,-71324343#0,"297823019#3,297823019#4,297823019#1,297823023#0,297823021,297823022#1,-297823020#1,1047412912#1,-659283000#11,-659283000#10,-659283000#8,-659283000#7,-71324343#11,-71324343#10,-71324343#8,-71324343#7,-71324343#6,-71324343#5,101416508#0,101416508#1,-101416507,-101415864#0,-71324343#1,-71324343#0",1.3355474227127857,1232.1937449285451,37.494,9.898619666617558,20.016000000000005,0.447288886211255,0.0,0.0,0.17759540129720983,0.0,0.0,0.0,0.8224045987027904,0.0,14.608092334573422,0.8115606852540791,1.6231213705081582,62.852505682145114,1.6231213705081582,0.8115606852540791,1.5892631069732668,38.93226151718146,19.477456446097897,"8a7558240487fff,8a7558240497fff,8a755824049ffff,8a755824048ffff,8a75582404d7fff,8a7558242b2ffff,8a7558242b0ffff,8a7558242a27fff,8a7558242a2ffff,8a7558242a0ffff,8a7558242a07fff,8a7558242a1ffff,8a7558242aaffff"
297823019#3,-71324343#0,"297823019#3,297823019#4,297823017,372606529#1,101594836#0,101594836#1,101594812#3,101594812#0,101594843,101594815#0,659283000#6,-71324343#11,-71324343#10,-71324343#8,-71324343#7,-71324343#6,-71324343#5,101416508#0,101416508#1,-101416507,101415864#1,679068326#2,416375814,-71324343#0",1.964558119864216,1551.218892089516,34.992,8.853594583189265,20.016000000000005,0.320800335222757,0.0,0.0,0.00866551891377196,0.0,0.0,0.0,0.9913344810862279,0.0,11.60377822355794,0.6446543457532189,0.6446543457532189,68.85817201245287,1.2893086915064378,0.0,2.000736463875472,57.51339368327703,15.471704298077253,"8a7558240487fff,8a7558240497fff,8a7558242847fff,8a755824285ffff,8a755824284ffff,8a7558242b17fff,8a7558242b07fff,8a7558242b0ffff,8a7558242a27fff,8a7558242a2ffff,8a7558242a0ffff,8a7558242a1ffff,8a7558242aaffff"
297823019#3,-71324343#0,"297823019#3,297823019#4,297823019#1,297823023#0,-297823018,-297823020#1,1047412912#1,-659283000#11,-659283000#10,-659283000#8,101594822,101594815#0,-659283000#5,-659283000#3,-659283000#2,-659283000#1,1164659923,416376585#2,1164659921,463830227,-71324343#3,-71324343#2,-71324343#1,-71324343#0",1.824447374342105,1465.9526283236044,37.494,9.898619666617558,20.016000000000005,0.3301340801652803,0.0,0.0,0.3262000330606975,0.0,0.0,0.0,0.6737999669393026,0.0,24.557410181233436,1.3643005656240799,0.6821502828120399,69.35299845871701,2.7286011312481597,0.6821502828120399,1.8907614475029673,62.450135023967725,16.371606787488957,"8a7558240487fff,8a7558240497fff,8a755824049ffff,8a75582404d7fff,8a7558242b2ffff,8a7558242b0ffff,8a7558242b07fff,8a7558242b1ffff,8a7558242a37fff,8a7558242b8ffff,8a7558242a17fff,8a7558242a27fff,8a7558242a07fff,8a7558242a1ffff,8a7558242aaffff"
297823019#3,-71324343#0,"297823019#3,297823019#4,297823019#1,297823023#0,297823021,297823022#1,-297823020#1,1047412912#1,-659283000#11,-659283000#10,-659283000#8,101594822,101594815#0,659283000#6,-71324343#11,-71324343#10,-71324343#8,-71324343#7,-71324343#6,-71324343#5,-71324343#4,-71324343#3,-71324343#2,-71324343#1,-71324343#0",1.258173074845489,1091.2939506612918,33.9912,8.171497781924685,20.016000000000005,0.20290410569839926,0.0,0.0,0.20290410569839926,0.0,0.0,0.0,0.7970958943016008,0.0,32.98836209820926,1.8326867832338476,1.8326867832338476,62.794339381738034,3.665373566467695,0.0,1.4075328833532348,33.326407335524436,22.908584790423095,"8a7558240487fff,8a7558240497fff,8a755824049ffff,8a755824048ffff,8a75582404d7fff,8a7558242b2ffff,8a7558242b0ffff,8a7558242b07fff,8a7558242a27fff,8a7558242a07fff,8a7558242a1ffff,8a7558242aaffff"
297823019#3,-71324343#0,"297823019#3,297823019#4,297823019#1,297823023#0,-297823018,-297823020#1,1047412912#1,-659283000#11,-659283000#10,-659283000#8,-659283000#7,-71324343#11,-71324343#10,-71324343#8,-71324343#7,-71324343#6,-71324343#5,101416508#0,-101416509,-71324343#2,-71324343#1,-71324343#0",1.5242547847072592,1241.7190187050558,36.356727272727284,9.54225359316989,20.016000000000005,0.30842581712915185,0.0,0.0,0.1762330602254194,0.0,0.0,0.0,0.8237669397745806,0.0,14.496033103182679,0.8053351723990377,1.6106703447980755,58.32849287924157,1.6106703447980755,0.8053351723990377,1.6015486475054548,64.06175562686472,17.71737379277883,"8a7558240487fff,8a7558240497fff,8a755824049ffff,8a75582404d7fff,8a7558242b2ffff,8a7558242b0ffff,8a7558242a27fff,8a7558242a07fff,8a7558242a1ffff,8a7558242aaffff"
297823019#3,-71324343#0,"297823019#3,297823019#4,297823017,372606529#1,101594836#0,101594836#1,101594812#3,101594812#0,101594843,101594815#0,659283000#6,-71324343#11,-71324343#10,-71324343#8,-71324343#7,-71324343#6,-71324343#5,-71324343#4,-71324343#3,-71324343#2,-71324343#1,-71324343#0",1.6374106878172432,1188.3269060107689,30.89781818181819,4.2674255385738995,20.016000000000005,0.01131180029738405,0.0,0.0,0.01131180029738405,0.0,0.0,0.0,0.9886881997026159,0.0,15.147347004391467,0.8415192780217482,0.8415192780217482,62.82324161199745,1.6830385560434964,0.0,1.532684383863774,54.799254067084505,18.51342411647846,"8a7558240487fff,8a7558240497fff,8a7558242847fff,8a755824285ffff,8a755824284ffff,8a7558242b17fff,8a7558242b07fff,8a7558242b0ffff,8a7558242a27fff,8a7558242a07fff,8a7558242a1ffff,8a7558242aaffff"
297823019#3,-71324343#0,"297823019#3,297823019#4,297823019#1,297823023#0,-297823018,-297823020#1,1047412912#1,-659283000#11,-659283000#10,-659283000#8,-659283000#7,-71324343#11,-71324343#10,-71324343#8,-71324343#7,-71324343#6,-71324343#5,101416508#0,101416508#1,-101416507,101415864#1,679068326#2,416375814,-71324343#0",1.7922874549387786,1517.3476910378413,38.328,10.080260866189667,20.016000000000005,0.4633225269964525,0.0,0.0,0.14422003862332913,0.0,0.0,0.0,0.8557799613766708,0.0,11.862805147637777,0.659044730424321,1.318089460848642,63.0554035915404,1.318089460848642,0.659044730424321,1.9570499491192863,65.37398292172819,15.817073530183702,"8a7558240487fff,8a7558240497fff,8a755824049ffff,8a75582404d7fff,8a7558242b2ffff,8a7558242b0ffff,8a7558242a27fff,8a7558242a2ffff,8a7558242a0ffff,8a7558242a1ffff,8a7558242aaffff"
297823019#3,-71324343#0,"297823019#3,297823019#4,297823019#1,297823023#0,-297823018,-297823020#1,1047412912#1,-659283000#11,-659283000#10,-659283000#8,101594822,101594815#0,-659283000#5,-659283000#3,-659283000#2,-659283000#1,-659283000#0,-282479127#2,-1197063689,71324344,463830226#0,71324343#0,-71324343#0",2.0245907146155795,1560.8726600516281,37.82034782608697,9.988201761026476,20.016000000000005,0.3289154986591666,0.0,0.0,0.3968944039478523,0.0,0.0,0.0,0.6031055960521478,0.0,23.06402112188271,1.2813345067712616,0.6406672533856308,69.23402446731424,2.562669013542523,0.6406672533856308,2.0131877340824595,66.88188907757302,14.73534682786951,"8a7558240487fff,8a7558240497fff,8a755824049ffff,8a75582404d7fff,8a7558242b2ffff,8a7558242b0ffff,8a7558242b07fff,8a7558242b1ffff,8a7558242a37fff,8a7558242b8ffff,8a7558242aa7fff,8a7558242aaffff,8a7558242a1ffff"
297823019#3,-71324343#0,"297823019#3,297823019#4,297823019#1,297823023#0,297823021,297823022#1,-297823020#1,1047412912#1,-659283000#11,-659283000#10,-659283000#8,101594822,101594815#0,-659283000#5,-659283000#3,-659283000#2,-659283000#1,-659283000#0,-282479127#2,-1197063689,-42762428#4,1164653913,463830226#0,71324343#0,-71324343#0",1.7831783397304206,1473.9598249630214,37.994400000000006,10.008000000000003,20.016000000000005,0.36686170465215223,0.0,0.0,0.4371573468832452,0.0,0.0,0.0,0.5628426531167549,0.0,24.424003551727175,1.3568890862070653,0.6784445431035326,70.51121449801951,2.7137781724141306,0.6784445431035326,1.9010889972585812,43.72905487167048,16.961113577588314,"8a7558240487fff,8a7558240497fff,8a755824049ffff,8a755824048ffff,8a75582404d7fff,8a7558242b2ffff,8a7558242b0ffff,8a7558242b07fff,8a7558242b1ffff,8a7558242a37fff,8a7558242b8ffff,8a7558242aa7fff,8a7558242a87fff,8a7558242aaffff,8a7558242a1ffff"
297823019#3,-71324343#0,"297823019#3,297823019#4,297823019#1,297823023#0,-297823018,-297823020#1,1047412912#1,-659283000#11,-659283000#10,-659283000#8,-659283000#7,-659283000#6,-659283000#5,-659283000#3,-659283000#2,-659283000#1,-659283000#0,-282479127#2,-1197063689,-42762428#4,1164653913,463830226#0,71324343#0,-71324343#0",1.9912971956241097,1564.0058125584283,39.996,10.22325043180027,20.016000000000005,0.36126948009326026,0.0,0.0,0.427517924751604,0.0,0.0,0.0,0.572482075248396,0.0,11.508908634140742,0.639383813007819,0.639383813007819,69.18246312091901,1.278767626015638,0.639383813007819,2.0172288223513073,66.62004873576537,15.345211512187655,"8a7558240487fff,8a7558240497fff,8a755824049ffff,8a75582404d7fff,8a7558242b2ffff,8a7558242b0ffff,8a7558242b1ffff,8a7558242a37fff,8a7558242b8ffff,8a7558242aa7fff,8a7558242a87fff,8a7558242aaffff,8a7558242a1ffff"
297823019#3,-71324343#0,"297823019#3,297823019#4,297823019#1,297823023#0,297823021,297823022#1,-297823020#1,1047412912#1,-659283000#11,-659283000#10,-659283000#8,-659283000#7,-71324343#11,-71324343#10,-71324343#8,-71324343#7,-71324343#6,-71324343#5,101416508#0,101416508#1,-101416507,101415864#1,679068326#2,416375814,-71324343#0",1.5134559223257338,1391.4180409322503,37.994400000000006,10.008000000000003,20.016000000000005,0.5052553192948832,0.0,0.0,0.15727260691537343,0.0,0.0,0.0,0.8427273930846267,0.0,12.936442873731892,0.7186912707628829,1.4373825415257657,62.503109455592785,1.4373825415257657,0.7186912707628829,1.794627969775061,42.84305835002671,17.967281769072073,"8a7558240487fff,8a7558240497fff,8a755824049ffff,8a755824048ffff,8a75582404d7fff,8a7558242b2ffff,8a7558242b0ffff,8a7558242a27fff,8a7558242a2ffff,8a7558242a0ffff,8a7558242a1ffff,8a7558242aaffff"
297823019#3,-71324343#0,"297823019#3,297823019#4,297823019#1,297823023#0,297823021,297823022#1,-297823020#1,1047412912#1,-659283000#11,-659283000#10,-659283000#8,-659283000#7,-659283000#6,-659283000#5,-659283000#3,-659283000#2,-659283000#1,-659283000#0,-282479127#2,-1197063689,-42762428#4,1164653913,463830226#0,71324343#0,-71324343#0",1.7124656630110646,1438.0761624528373,39.59568,10.20619745840732,20.016000000000005,0.3929051753434867,0.0,0.0,0.46495487286568105,0.0,0.0,0.0,0.5350451271343192,0.0,12.516722319698642,0.6953734622054801,0.6953734622054801,68.41891414375442,1.3907469244109603,0.6953734622054801,1.8548068430070819,44.974630140014085,17.384336555137004,"8a7558240487fff,8a7558240497fff,8a755824049ffff,8a755824048ffff,8a75582404d7fff,8a7558242b2ffff,8a7558242b0ffff,8a7558242b1ffff,8a7558242a37fff,8a7558242b8ffff,8a7558242aa7fff,8a7558242a87fff,8a7558242aaffff,8a7558242a1ffff"
297823019#3,-71324343#0,"297823019#3,297823019#4,297823019#1,297823023#0,-297823018,-297823020#1,1047412912#1,-659283000#11,-659283000#10,-659283000#8,-659283000#7,-659283000#6,-659283000#5,-659283000#3,-659283000#2,-659283000#1,1164659923,416376585#2,1164659921,463830227,-71324343#3,-71324343#2,-71324343#1,-71324343#0",1.7537346976227497,1430.0689658134202,39.162,10.1876911921243,20.016000000000005,0.355401793520843,0.0,0.0,0.3513690322829039,0.0,0.0,0.0,0.6486309677170963,0.0,12.586805552948727,0.6992669751638181,0.6992669751638181,67.20186702084303,1.3985339503276362,0.6992669751638181,1.844479293251468,63.41798871801329,16.782407403931636,"8a7558240487fff,8a7558240497fff,8a755824049ffff,8a75582404d7fff,8a7558242b2ffff,8a7558242b0ffff,8a7558242b1ffff,8a7558242a37fff,8a7558242b8ffff,8a7558242a17fff,8a7558242a27fff,8a7558242a07fff,8a7558242a1ffff,8a7558242aaffff"
297823019#3,-71324343#0,"297823019#3,297823019#4,297823017,372606529#1,101594836#0,101594836#1,101594812#3,101594812#0,101594843,101594815#0,659283000#6,-71324343#11,-71324343#10,-71324343#8,-71324343#7,-71324343#6,-71324343#5,101416508#0,101416508#1,-101416507,-101415864#0,-71324343#1,-71324343#0",1.7866496202512678,1391.9945960858106,34.33930434782609,8.441571215418389,20.016000000000005,0.24838942822056406,0.0,0.0,0.009656730483437476,0.0,0.0,0.0,0.9903432695165627,0.0,12.931084682810345,0.7183935934894636,0.7183935934894636,69.78389226425317,1.4367871869789273,0.0,1.7953716010736775,55.891516014575316,16.523052650257664,"8a7558240487fff,8a7558240497fff,8a7558242847fff,8a755824285ffff,8a755824284ffff,8a7558242b17fff,8a7558242b07fff,8a7558242b0ffff,8a7558242a27fff,8a7558242a2ffff,8a7558242a0ffff,8a7558242a07fff,8a7558242a1ffff,8a7558242aaffff"
297823019#3,-71324343#0,"297823019#3,297823019#4,297823019#1,297823023#0,-297823018,-297823020#1,1047412912#1,-659283000#11,-659283000#10,-659283000#8,101594822,101594815#0,659283000#6,-71324343#11,-71324343#10,-71324343#8,-71324343#7,-71324343#6,-71324343#5,101416508#0,101416508#1,-101416507,101415864#1,679068326#2,416375814,-71324343#0",1.8641520395055065,1580.1155868456294,37.686461538461536,9.93071699015039,20.016000000000005,0.44656065222355573,0.0,0.0,0.1401340667457355,0.0,0.0,0.0,0.8598659332542645,0.0,22.78314339767161,1.2657301887595338,1.2657301887595338,68.91583214492744,2.5314603775190676,0.0,2.0380069427091576,63.27320568221298,16.45449245387394,"8a7558240487fff,8a7558240497fff,8a755824049ffff,8a75582404d7fff,8a7558242b2ffff,8a7558242b0ffff,8a7558242b07fff,8a7558242a27fff,8a7558242a2ffff,8a7558242a0ffff,8a7558242a1ffff,8a7558242aaffff"
297823019#3,-71324343#0,"297823019#3,297823019#4,297823019#1,297823023#0,-297823018,-297823020#1,1047412912#1,-659283000#11,-659283000#10,-659283000#8,101594822,101594815#0,659283000#6,-71324343#11,-71324343#10,-71324343#8,-71324343#7,-71324343#6,-71324343#5,101416508#0,-101416509,-71324343#2,-71324343#1,-71324343#0",1.596119369273987,1304.4869145128444,35.826,9.293541319694533,20.016000000000005,0.29557543215327103,0.0,0.0,0.16974338389258115,0.0,0.0,0.0,0.8302566161074187,0.0,27.597057202711813,1.5331698445951008,1.5331698445951008,65.50169270657784,3.0663396891902015,0.0,1.6825056410953265,61.59220231051566,18.39803813514121,"8a7558240487fff,8a7558240497fff,8a755824049ffff,8a75582404d7fff,8a7558242b2ffff,8a7558242b0ffff,8a7558242b07fff,8a7558242a27fff,8a7558242a07fff,8a7558242a1ffff,8a7558242aaffff"
297823019#3,-71324343#0,"297823019#3,297823019#4,297823019#1,297823023#0,-297823018,-297823020#1,1047412912#1,-659283000#11,-659283000#10,-659283000#8,101594822,101594815#0,659283000#6,-71324343#11,-71324343#10,-71324343#8,-71324343#7,-71324343#6,-71324343#5,-71324343#4,-71324343#3,-71324343#2,-71324343#1,-71324343#0",1.5370046074585335,1217.2236007668826,34.158,8.303659957853055,20.016000000000005,0.1819123643129307,0.0,0.0,0.1819123643129307,0.0,0.0,0.0,0.8180876356870693,0.0,29.57550278956065,1.6430834883089251,1.6430834883089251,63.492739338197694,3.2861669766178503,0.0,1.56995486269746,60.895763177006195,19.717001859707104,"8a7558240487fff,8a7558240497fff,8a755824049ffff,8a75582404d7fff,8a7558242b2ffff,8a7558242b0ffff,8a7558242b07fff,8a7558242a27fff,8a7558242a07fff,8a7558242a1ffff,8a7558242aaffff"
297823019#3,-71324343#0,"297823019#3,297823019#4,297823019#1,297823023#0,297823021,297823022#1,-297823020#1,1047412912#1,-659283000#11,-659283000#10,-659283000#8,101594822,101594815#0,-659283000#5,-659283000#3,-659283000#2,-659283000#1,-659283000#0,-282479127#2,-1197063689,71324344,463830226#0,71324343#0,-71324343#0",1.7457591820025349,1434.9430099460374,37.494,9.898619666617556,20.016000000000005,0.3577809054198242,0.0,0.0,0.43172559450495995,0.0,0.0,0.0,0.5682744054950399,0.0,25.088104371025732,1.3937835761680961,0.6968917880840481,68.43088024699219,2.7875671523361922,0.6968917880840481,1.8507657547382346,44.62890459311612,16.725402914017153,"8a7558240487fff,8a7558240497fff,8a755824049ffff,8a755824048ffff,8a75582404d7fff,8a7558242b2ffff,8a7558242b0ffff,8a7558242b07fff,8a7558242b1ffff,8a7558242a37fff,8a7558242b8ffff,8a7558242aa7fff,8a7558242aaffff,8a7558242a1ffff"
297823019#3,-71324343#0,"297823019#3,297823019#4,297823019#1,297823023#0,297823021,297823022#1,-297823020#1,1047412912#1,-659283000#11,-659283000#10,-659283000#8,-659283000#7,-659283000#6,-659283000#5,-659283000#3,-659283000#2,-659283000#1,-659283000#0,-282479127#2,-1197063689,71324344,463830226#0,71324343#0,-71324343#0",1.6750465052831789,1399.059347435853,39.162,10.1876911921243,20.016000000000005,0.3843177654335299,0.0,0.0,0.46015901900137657,0.0,0.0,0.0,0.5398409809986237,0.0,12.865787311302961,0.7147659617390535,0.7147659617390535,66.16407557258722,1.429531923478107,0.7147659617390535,1.804483600486735,45.929613451694806,17.154383081737283,"8a7558240487fff,8a7558240497fff,8a755824049ffff,8a755824048ffff,8a75582404d7fff,8a7558242b2ffff,8a7558242b0ffff,8a7558242b1ffff,8a7558242a37fff,8a7558242b8ffff,8a7558242aa7fff,8a7558242aaffff,8a7558242a1ffff"
297823019#3,-71324343#0,"297823019#3,297823019#4,297823019#1,297823023#0,297823021,297823022#1,-297823020#1,1047412912#1,-659283000#11,-659283000#10,-659283000#8,101594822,101594815#0,659283000#6,-71324343#11,-71324343#10,-71324343#8,-71324343#7,-71324343#6,-71324343#5,101416508#0,101416508#1,-101416507,101415864#1,679068326#2,416375814,-71324343#0",1.5853205068924616,1454.1859367400389,37.40133333333333,9.849931198510205,20.016000000000005,0.48523192889090094,0.0,0.0,0.15226940208856288,0.0,0.0,0.0,0.8477305979114371,0.0,24.756118932565105,1.3753399406980613,1.3753399406980613,68.11709749017982,2.7506798813961226,0.0,1.8755849633649326,41.63175613029038,18.56708919942383,"8a7558240487fff,8a7558240497fff,8a755824049ffff,8a755824048ffff,8a75582404d7fff,8a7558242b2ffff,8a7558242b0ffff,8a7558242b07fff,8a7558242a27fff,8a7558242a2ffff,8a7558242a0ffff,8a7558242a1ffff,8a7558242aaffff"
297823019#3,-71324343#0,"297823019#3,297823019#4,297823019#1,297823023#0,297823021,297823022#1,-297823020#1,1047412912#1,-659283000#11,-659283000#10,-659283000#8,101594822,101594815#0,659283000#6,-71324343#11,-71324343#10,-71324343#8,-71324343#7,-71324343#6,-71324343#5,101416508#0,-101416509,-71324343#2,-71324343#1,-71324343#0",1.3172878366609422,1178.5572644072533,35.59248,9.172483511023612,20.016000000000005,0.3271578693202853,0.0,0.0,0.1878805806049382,0.0,0.0,0.0,0.8121194193950618,0.0,30.545821647542883,1.6969900915301603,1.6969900915301603,64.7249202650967,3.3939801830603207,0.0,1.520083661751101,35.274807162573815,21.212376144127003,"8a7558240487fff,8a7558240497fff,8a755824049ffff,8a755824048ffff,8a75582404d7fff,8a7558242b2ffff,8a7558242b0ffff,8a7558242b07fff,8a7558242a27fff,8a7558242a07fff,8a7558242a1ffff,8a7558242aaffff"
297823019#3,-71324343#0,"297823019#3,297823019#4,297823019#1,297823023#0,297823021,297823022#1,-297823020#1,1047412912#1,-659283000#11,-659283000#10,-659283000#8,101594822,101594815#0,659283000#6,-71324343#11,-71324343#10,-71324343#8,-71324343#7,-71324343#6,-71324343#5,101416508#0,101416508#1,-101416507,-101415864#0,-71324343#1,-71324343#0",1.4074120072795135,1294.9616407363335,36.91661538461539,9.711053113136282,20.016000000000005,0.427613166948485,0.0,0.0,0.17099195539652845,0.0,0.0,0.0,0.8290080446034718,0.0,27.80005126602043,1.5444472925566903,1.5444472925566903,68.72892389764016,3.0888945851133807,0.0,1.6702201005631383,37.691629057471545,20.077814803236976,"8a7558240487fff,8a7558240497fff,8a755824049ffff,8a755824048ffff,8a75582404d7fff,8a7558242b2ffff,8a7558242b0ffff,8a7558242b07fff,8a7558242a27fff,8a7558242a2ffff,8a7558242a0ffff,8a7558242a07fff,8a7558242a1ffff,8a7558242aaffff"
-297823021,100475365#1,"-297823021,297823023#1,297823019#3,297823019#4,297823017,-372606529#0,-101607965,101607964#1,101607969#0,101607969#1,100468681#4,100468681#5,100468681#6,100525438#0,100525438#1,100525438#2,659278038#0,659278038#1,659278038#2,659278038#3,100475365#0,100475365#1",2.624982548815063,1642.4417207161493,34.53709090909092,8.585503457013436,20.016000000000005,0.10491461737337641,0.0,0.0,0.0,0.08798977106287445,0.0,0.0,0.9120102289371257,0.0,9.741593749228171,0.6088496093267607,0.0,86.29699609675214,1.2176992186535214,0.0,1.6583995268300384,62.01611166025522,13.394691405188734,"8a755824048ffff,8a755824049ffff,8a7558240487fff,8a7558240497fff,8a7558242847fff,8a7558242877fff,8a75582428e7fff,8a75582428f7fff,8a75582428d7fff,8a75582428dffff,8a755824212ffff,8a755824211ffff,8a75582421affff,8a7558242037fff,8a7558242007fff,8a755824200ffff"
-297823021,100475365#1,"-297823021,297823023#1,297823019#3,297823019#4,297823017,-372606529#0,-101607965,101607964#1,101607969#0,101607969#1,-100468681#3,-101600741#4,101601553#0,101601553#1,100525438#1,100525438#2,659278038#0,659278038#1,659278038#2,659278038#3,100475365#0,100475365#1",2.874740608986576,1743.8014607336158,32.71745454545455,7.030621734528603,20.016000000000005,0.04888935201751455,0.0,0.0,0.0,0.03294827482322054,0.0,0.0,0.9670517251767794,0.0,9.175356461319176,0.5734597788324485,0.0,89.84221752073366,1.146919557664897,0.5734597788324485,1.7607440683528195,64.81739599065271,12.616115134313867,"8a755824048ffff,8a755824049ffff,8a7558240487fff,8a7558240497fff,8a7558242847fff,8a7558242877fff,8a75582428e7fff,8a75582428f7fff,8a75582428d7fff,8a755824288ffff,8a7558242127fff,8a755824212ffff,8a755824211ffff,8a75582421affff,8a7558242037fff,8a7558242007fff,8a755824200ffff"
-297823017,-659283000#3,"-297823017,297823019#1,297823023#0,-297823018,-297823020#1,1047412912#1,-659283000#11,-659283000#10,-659283000#8,-659283000#7,-659283000#6,-659283000#5,-659283000#3",1.4701697381616432,1093.3479661199397,42.30553846153847,10.135495585773338,20.016000000000005,0.4031101917277397,0.0,0.0,0.4031101917277397,0.0,0.0,0.0,0.5968898082722603,0.0,8.231597148288566,0.0,0.9146219053653963,57.158960935741234,0.9146219053653963,0.0,2.4689027811622157,88.55424436187218,11.890084769750151,"8a7558242847fff,8a7558240497fff,8a755824049ffff,8a75582404d7fff,8a7558242b2ffff,8a7558242b0ffff,8a7558242b1ffff,8a7558242a37fff"
-297823017,-659283000#3,"-297823017,297823019#1,297823023#0,297823021,297823022#1,-297823020#1,1047412912#1,-659283000#11,-659283000#10,-659283000#8,-659283000#7,-659283000#6,-659283000#5,-659283000#3",1.191338205548598,967.4183160143488,41.4257142857143,10.279268661718124,20.016000000000005,0.45558338203016413,0.0,0.0,0.45558338203016413,0.0,0.0,0.0,0.544416617969836,0.0,9.303111023449459,0.0,1.0336790026054954,56.49408613083314,1.0336790026054954,0.0,2.184539455843356,59.790648120956035,14.471506036476935,"8a7558242847fff,8a7558240497fff,8a755824049ffff,8a755824048ffff,8a75582404d7fff,8a7558242b2ffff,8a7558242b0ffff,8a7558242b1ffff,8a7558242a37fff"
-297823017,-659283000#3,"-297823017,297823019#1,297823023#0,-297823018,-297823020#1,1047412912#1,-659283000#11,-659283000#10,-659283000#8,101594822,101594815#0,-659283000#5,-659283000#3",1.540882414880999,1129.2316286301239,39.22615384615385,10.385792425602023,20.016000000000005,0.3687919687140219,0.0,0.0,0.3687919687140219,0.0,0.0,0.0,0.6312080312859781,0.0,23.910063547151815,0.885557909153771,0.885557909153771,62.12026074903696,2.656673727461313,0.0,2.5499321303858475,86.35942061863585,11.512252818999022,"8a7558242847fff,8a7558240497fff,8a755824049ffff,8a75582404d7fff,8a7558242b2ffff,8a7558242b0ffff,8a7558242b07fff,8a7558242b1ffff,8a7558242a37fff"
-297823017,-659283000#3,"-297823017,297823019#1,297823023#0,297823021,297823022#1,-297823020#1,1047412912#1,-659283000#11,-659283000#10,-659283000#8,101594822,101594815#0,-659283000#5,-659283000#3",1.2620508822679537,1003.301978524533,38.56628571428572,10.279268661718122,20.016000000000005,0.41508096701761016,0.0,0.0,0.41508096701761016,0.0,0.0,0.0,0.58491903298239,0.0,26.9111399936702,0.9967088886544518,0.9967088886544518,61.0293586780466,2.9901266659633556,0.0,2.2655688050669878,57.47968240996909,13.953924441162327,"8a7558242847fff,8a7558240497fff,8a755824049ffff,8a755824048ffff,8a75582404d7fff,8a7558242b2ffff,8a7558242b0ffff,8a7558242b07fff,8a7558242b1ffff,8a7558242a37fff"
75421017,101606547#1,"75421017,619185406,120511930,-42762428#0,-697042776#1,42762429,1323419246,-416373452,-101418584#4,-101418584#3,-101418584#2,-101418592,-100488715#3,101605951#0,101605951#1,-101606546,101606547#1",2.092265862428485,1383.913228076636,37.052470588235295,9.859725136366933,20.016000000000005,0.2689344138362013,0.0,0.0,0.2916425605269752,0.062135686481712346,0.0,0.0,0.6462217529913127,1.445177312727621,13.00659581454859,0.7225886563638105,0.7225886563638105,80.36265734675779,2.1677659690914313,0.0,2.2270132026470355,55.31715659779372,12.284007158184778,"8a7558242047fff,8a7558242067fff,8a7558242a97fff,8a755824206ffff,8a75582423b7fff,8a75582420effff,8a75582420cffff,8a75582420dffff,8a755824270ffff,8a7558242707fff,8a755824271ffff"
75421017,101606547#1,"75421017,619185406,120511930,-42762428#0,-697042776#1,42762429,1323419246,184568063,76867740,1323419243,-162276533#2,100488715#0,100488715#1,100488715#2,101605951#0,101605951#1,-101606546,101606547#1",3.3398081622857934,2120.8196830607085,35.548,9.225146196832938,20.016000000000005,0.27898222780210136,0.0,0.0,0.29540171444225893,0.20636826457565507,0.0,0.0,0.4982300209820858,1.8860632197770395,16.974568977993354,1.4145474148327795,0.4715158049442599,101.933904922172,1.8860632197770395,0.0,3.4128537387955022,90.56714778404414,8.487284488996677,"8a7558242047fff,8a7558242067fff,8a7558242a97fff,8a755824206ffff,8a75582423b7fff,8a7558242397fff,8a755824274ffff,8a755824260ffff,8a755824262ffff,8a755824270ffff,8a7558242707fff,8a755824271ffff"
-100468681#0,-336863927#1,"-100468681#0,100468681#0,100468681#1,100468681#2,100468681#3,100468681#4,101607105,-101607101,101607107,101607098#1,101607098#2,-120512823#1,-120512823#0,-101609498#5,336863927#0,336863927#1,-336863927#1",2.3845124947027045,1952.1550350226876,39.407294117647055,10.298147040637373,20.016000000000005,0.5120516432469946,0.0,0.0,0.0,0.43415973990997603,0.0,0.0,0.5658402600900238,0.0,4.098035174704772,0.5122543968380965,0.0,90.29633272955321,0.5122543968380965,0.5122543968380965,2.486329323469352,108.85112055237936,8.70832474624764,"8a7558242c0ffff,8a7558242c1ffff,8a755824288ffff,8a75582428d7fff,8a75582428c7fff,8a75582428effff,8a7558242857fff,8a7558242847fff,8a755824295ffff,8a755824282ffff,8a7558242817fff"
-100468681#0,-336863927#1,"-100468681#0,100468681#0,100468681#1,100468681#2,100468681#3,100468681#4,101607105,101607099,101607107,101607098#1,101607098#2,-120512823#1,-120512823#0,-101609498#5,336863927#0,336863927#1,-336863927#1",2.383692166571452,1951.631704072537,39.407294117647055,10.298147040637373,20.016000000000005,0.5121889501335487,0.0,0.0,0.0,0.434276160046383,0.0,0.0,0.565723839953617,0.0,4.099134064744964,0.5123917580931205,0.0,90.29633272955321,0.5123917580931205,0.5123917580931205,2.485662791834367,108.87113237006241,8.710659887583049,"8a7558242c0ffff,8a7558242c1ffff,8a755824288ffff,8a75582428d7fff,8a75582428c7fff,8a75582428effff,8a7558242857fff,8a7558242847fff,8a755824295ffff,8a755824282ffff,8a7558242817fff"
-101600741#2,-659283000#3,"-101600741#2,-101600741#1,101600741#1,101600741#2,101600741#3,101600741#4,100468681#3,100468681#4,101607105,101607099,101607107,101607098#1,101607098#2,372606529#0,372606529#1,101594836#0,101594836#1,101594812#3,101594812#0,101594843,101594815#0,-659283000#5,-659283000#3",2.3735730721374217,1679.1025145010688,33.46904347826088,7.757268611837905,20.016000000000005,0.1992879634206253,0.0,0.0,0.12415302055240393,0.07513494286822137,0.0,0.0,0.8007120365793746,0.0,14.888906296128406,0.5955562518451363,0.0,67.44751272933618,1.7866687555354086,0.5955562518451363,2.412468777325125,43.232422164354034,13.697793792438134,"8a7558242137fff,8a75582421a7fff,8a7558242127fff,8a755824288ffff,8a75582428d7fff,8a75582428c7fff,8a75582428effff,8a7558242857fff,8a7558242847fff,8a755824285ffff,8a755824284ffff,8a7558242b17fff,8a7558242b07fff,8a7558242b0ffff,8a7558242b1ffff,8a7558242a37fff"
-101600741#2,-659283000#3,"-101600741#2,-101600741#1,101600741#1,101600741#2,101600741#3,101600741#4,100468681#3,100468681#4,101607105,-101607101,101607107,101607098#1,101607098#2,372606529#0,372606529#1,101594836#0,101594836#1,101594812#3,101594812#0,101594843,101594815#0,-659283000#5,-659283000#3",2.374393400268674,1679.625845451219,33.46904347826088,7.757268611837905,20.016000000000005,0.19922587009220166,0.0,0.0,0.1241143374621278,0.07511153263007386,0.0,0.0,0.8007741299077983,0.0,14.884267271610087,0.5953706908644034,0.0,67.44751272933618,1.7861120725932105,0.5953706908644034,2.4132206787525496,43.21877267029932,13.693525889881279,"8a7558242137fff,8a75582421a7fff,8a7558242127fff,8a755824288ffff,8a75582428d7fff,8a75582428c7fff,8a75582428effff,8a7558242857fff,8a7558242847fff,8a755824285ffff,8a755824284ffff,8a7558242b17fff,8a7558242b07fff,8a7558242b0ffff,8a7558242b1ffff,8a7558242a37fff"
-297823021,416373452,"-297823021,-297823018,-297823020#1,1047412912#1,-659283000#11,-659283000#10,-659283000#8,-659283000#7,-659283000#6,-659283000#5,-659283000#3,-659283000#2,-659283000#1,-659283000#0,-282479127#2,-1197063689,-42762428#4,-42762428#3,-42762428#0,-697042776#1,42762429,1323419246,-416373452,416373452",2.501759940837385,1770.7691791680145,40.830000000000005,10.1876911921243,20.016000000000005,0.3842866973161259,0.0,0.0,0.6746894629011615,0.0,0.0,0.0,0.3253105370988385,1.1294526827825682,10.165074145043112,0.5647263413912841,1.1294526827825682,42.08760167777106,1.1294526827825682,0.0,1.5205865802467855,67.93290177792451,13.553432193390817,"8a755824048ffff,8a755824049ffff,8a75582404d7fff,8a7558242b2ffff,8a7558242b0ffff,8a7558242b1ffff,8a7558242a37fff,8a7558242b8ffff,8a7558242aa7fff,8a7558242a87fff,8a7558242a97fff,8a755824206ffff,8a7558242047fff,8a75582423b7fff,8a75582420effff"
-297823021,416373452,"-297823021,297823021,297823022#1,-297823020#1,1047412912#1,-659283000#11,-659283000#10,-659283000#8,-659283000#7,-659283000#6,-659283000#5,-659283000#3,-659283000#2,-659283000#1,-659283000#0,-282479127#2,-1197063689,-42762428#4,-42762428#3,-42762428#0,-697042776#1,42762429,1323419246,-416373452,416373452",2.222928408224341,1644.8395290624237,40.39632,10.20619745840732,20.016000000000005,0.41370785875966043,0.0,0.0,0.7263439899792542,0.0,0.0,0.0,0.27365601002074574,1.2159240853969635,10.943316768572672,0.6079620426984818,1.2159240853969635,44.67470830019154,1.2159240853969635,0.0,1.4124488634520402,48.23567125566153,15.199051067462046,"8a755824048ffff,8a755824049ffff,8a75582404d7fff,8a7558242b2ffff,8a7558242b0ffff,8a7558242b1ffff,8a7558242a37fff,8a7558242b8ffff,8a7558242aa7fff,8a7558242a87fff,8a7558242a97fff,8a755824206ffff,8a7558242047fff,8a75582423b7fff,8a75582420effff"
-297823021,416373452,"-297823021,297823023#1,297823019#3,297823019#4,297823017,372606529#1,372606529#2,372606529#3,372606529#4,372606529#5,372606529#6,372606529#7,372606529#8,1164659929,120512822,282479125#0,282479125#1,120511930,-42762428#0,-697042776#1,42762429,1323419246,-416373452,416373452",3.008966336714672,1906.595526985687,31.656000000000002,5.651114303353387,20.016000000000005,0.07489773023961155,0.0,0.0,0.2116904144957914,0.1574541813371835,0.0,0.0,0.630855404167025,1.0489901878464936,9.440911690618442,0.5244950939232468,0.5244950939232468,68.92183354894016,1.5734852817697402,0.0,1.6372227427490744,59.331236955517,12.587882254157922,"8a755824048ffff,8a755824049ffff,8a7558240487fff,8a7558240497fff,8a7558242847fff,8a755824285ffff,8a7558242bb7fff,8a7558242b87fff,8a7558242b9ffff,8a7558242147fff,8a755824214ffff,8a7558242a97fff,8a755824206ffff,8a7558242047fff,8a75582423b7fff,8a75582420effff"
-297823021,416373452,"-297823021,-297823018,-297823020#1,1047412912#1,-659283000#11,-659283000#10,-659283000#8,-659283000#7,-659283000#6,-659283000#5,-659283000#3,-659283000#2,-659283000#1,-659283000#0,-282479127#2,1164653914,-619184994,120511930,-42762428#0,-697042776#1,42762429,1323419246,-416373452,416373452",2.789354978852592,1926.7948393003242,40.830000000000005,10.1876911921243,20.016000000000005,0.35316839431579905,0.0,0.0,0.5406002460303214,0.04462872574896971,0.0,0.0,0.41477102822070894,1.0379932306265978,18.683878151278762,1.0379932306265978,1.0379932306265978,50.248675301935286,2.5949830765664945,0.0,1.6545682012070098,66.7839116841565,12.455918767519174,"8a755824048ffff,8a755824049ffff,8a75582404d7fff,8a7558242b2ffff,8a7558242b0ffff,8a7558242b1ffff,8a7558242a37fff,8a7558242b8ffff,8a7558242aa7fff,8a7558242ab7fff,8a7558242a97fff,8a755824206ffff,8a7558242047fff,8a75582423b7fff,8a75582420effff"
-297823021,416373452,"-297823021,-297823018,-297823020#1,1047412912#1,-659283000#11,-659283000#10,-659283000#8,101594822,101594815#0,-659283000#5,-659283000#3,-659283000#2,-659283000#1,-659283000#0,-282479127#2,1164653914,-619184994,120511930,-42762428#0,-697042776#1,42762429,1323419246,-416373452,416373452",2.8600676555719478,1962.6785018105084,39.162,10.1876911921243,20.016000000000005,0.33433641127431013,0.0,0.0,0.5183414453493778,0.043812778495479994,0.0,0.0,0.4378457761551423,1.0190155943294146,27.51342104689419,1.5285233914941216,1.0190155943294146,54.002303163540084,3.5665545801529506,0.0,1.6853820510893118,65.37345008658316,12.228187131952973,"8a755824048ffff,8a755824049ffff,8a75582404d7fff,8a7558242b2ffff,8a7558242b0ffff,8a7558242b07fff,8a7558242b1ffff,8a7558242a37fff,8a7558242b8ffff,8a7558242aa7fff,8a7558242ab7fff,8a7558242a97fff,8a755824206ffff,8a7558242047fff,8a75582423b7fff,8a75582420effff"
-297823021,416373452,"-297823021,297823021,297823022#1,-297823020#1,1047412912#1,-659283000#11,-659283000#10,-659283000#8,101594822,101594815#0,-659283000#5,-659283000#3,-659283000#2,-659283000#1,-659283000#0,-282479127#2,1164653914,-619184994,120511930,-42762428#0,-697042776#1,42762429,1323419246,-416373452,416373452",2.5812361229589023,1836.7488517049176,38.79504,10.14056206726235,20.016000000000005,0.35725890677512495,0.0,0.0,0.5538795412558942,0.046816633846181975,0.0,0.0,0.3993038248979237,1.0888804956342009,29.399773382123424,1.6333207434513013,1.0888804956342009,55.61957601266295,3.811081734719703,0.0,1.5772443342945666,46.15211607265557,13.611006195427512,"8a755824048ffff,8a755824049ffff,8a75582404d7fff,8a7558242b2ffff,8a7558242b0ffff,8a7558242b07fff,8a7558242b1ffff,8a7558242a37fff,8a7558242b8ffff,8a7558242aa7fff,8a7558242ab7fff,8a7558242a97fff,8a755824206ffff,8a7558242047fff,8a75582423b7fff,8a75582420effff"
-297823021,416373452,"-297823021,297823021,297823022#1,-297823020#1,1047412912#1,-659283000#11,-659283000#10,-659283000#8,-659283000#7,-659283000#6,-659283000#5,-659283000#3,-659283000#2,-659283000#1,-659283000#0,-282479127#2,1164653914,-619184994,120511930,-42762428#0,-697042776#1,42762429,1323419246,-416373452,416373452",2.5105234462395463,1800.8651891947334,40.39632,10.20619745840732,20.016000000000005,0.3778645084899138,0.0,0.0,0.5784029645447682,0.04774949228493633,0.0,0.0,0.37384754317029545,1.1105773002888188,19.99039140519874,1.1105773002888188,1.1105773002888188,52.2083257550298,2.776443250722047,0.0,1.5464304844122643,47.79015516720345,13.882216253610236,"8a755824048ffff,8a755824049ffff,8a75582404d7fff,8a7558242b2ffff,8a7558242b0ffff,8a7558242b1ffff,8a7558242a37fff,8a7558242b8ffff,8a7558242aa7fff,8a7558242ab7fff,8a7558242a97fff,8a755824206ffff,8a7558242047fff,8a75582423b7fff,8a75582420effff"
-297823021,416373452,"-297823021,-297823018,-297823020#1,1047412912#1,-659283000#11,-659283000#10,-659283000#8,101594822,101594815#0,-659283000#5,-659283000#3,-659283000#2,-659283000#1,-659283000#0,-282479127#2,-1197063689,-42762428#4,-42762428#3,-42762428#0,-697042776#1,42762429,1323419246,-416373452,416373452",2.572472617556741,1806.652841678199,39.162,10.1876911921243,20.016000000000005,0.36321028126855065,0.0,0.0,0.6478450793770026,0.0,0.0,0.0,0.3521549206229974,1.1070195412540913,19.926351742573644,1.1070195412540913,1.1070195412540913,46.47895322274711,2.2140390825081826,0.0,1.551400430129088,66.6990379737749,13.284234495049095,"8a755824048ffff,8a755824049ffff,8a75582404d7fff,8a7558242b2ffff,8a7558242b0ffff,8a7558242b07fff,8a7558242b1ffff,8a7558242a37fff,8a7558242b8ffff,8a7558242aa7fff,8a7558242a87fff,8a7558242a97fff,8a755824206ffff,8a7558242047fff,8a75582423b7fff,8a75582420effff"
-297823021,416373452,"-297823021,297823021,297823022#1,-297823020#1,1047412912#1,-659283000#11,-659283000#10,-659283000#8,101594822,101594815#0,-659283000#5,-659283000#3,-659283000#2,-659283000#1,-659283000#0,-282479127#2,-1197063689,-42762428#4,-42762428#3,-42762428#0,-697042776#1,42762429,1323419246,-416373452,416373452",2.293641084943697,1680.723191572608,38.79504,10.14056206726235,20.016000000000005,0.39042412817935884,0.0,0.0,0.6963854366337141,0.0,0.0,0.0,0.303614563366286,1.1899639452994357,21.419351015389843,1.1899639452994357,1.1899639452994357,48.59481885647964,2.3799278905988714,0.0,1.4432627133343425,46.81304777872435,14.874549316242947,"8a755824048ffff,8a755824049ffff,8a75582404d7fff,8a7558242b2ffff,8a7558242b0ffff,8a7558242b07fff,8a7558242b1ffff,8a7558242a37fff,8a7558242b8ffff,8a7558242aa7fff,8a7558242a87fff,8a7558242a97fff,8a755824206ffff,8a7558242047fff,8a75582423b7fff,8a75582420effff"
-101608828,-619184994,"-101608828,101608828,-101607966#0,101607969#1,100468681#4,100468681#5,100468681#6,100468681#7,100468681#8,282479126,133906980,133906979,282479125#0,282479125#1,619184994,-619184994",1.3918651693938913,1232.3403825268706,42.498000000000005,10.008000000000003,20.016000000000005,0.5158825733766808,0.0,0.0,0.0,0.455548595997046,0.0,0.0,0.544451404002954,0.0,12.98342586744789,0.8114641167154931,0.0,63.2770012336343,1.6229282334309862,0.8114641167154931,1.934759639026296,59.967238748024116,12.98342586744789,"8a755824281ffff,8a75582428f7fff,8a75582428d7fff,8a75582428dffff,8a7558242177fff,8a7558242167fff,8a7558242147fff,8a755824214ffff,8a7558242a97fff,8a7558242ab7fff"
-297823024,100475365#1,"-297823024,297823024,297823019#4,297823017,-372606529#0,-101607965,101607964#1,101607969#0,101607969#1,100468681#4,100468681#5,100468681#6,100525438#0,100525438#1,100525438#2,659278038#0,659278038#1,659278038#2,659278038#3,100475365#0,100475365#1",2.9824455340091403,1797.9241381423697,34.753714285714295,8.735698581927249,20.016000000000005,0.09584172158956787,0.0,0.0,0.0,0.08038051657688118,0.0,0.0,0.9196194834231188,0.0,8.899151894434954,0.5561969934021846,0.0,72.20613264017025,1.1123939868043693,0.0,1.804020634745257,66.96989792771944,11.680136861445877,"8a7558240487fff,8a75582404affff,8a7558240497fff,8a7558242847fff,8a7558242877fff,8a75582428e7fff,8a75582428f7fff,8a75582428d7fff,8a75582428dffff,8a755824212ffff,8a755824211ffff,8a75582421affff,8a7558242037fff,8a7558242007fff,8a755824200ffff"
-297823024,100475365#1,"-297823024,297823024,297823019#4,297823017,-372606529#0,-101607965,101607964#1,101607969#0,101607969#1,-100468681#3,-101600741#4,101601553#0,101601553#1,100525438#1,100525438#2,659278038#0,659278038#1,659278038#2,659278038#3,100475365#0,100475365#1",3.2322035941806533,1899.2838781598361,32.84742857142857,7.1771087533311695,20.016000000000005,0.04488708846676539,0.0,0.0,0.0,0.03025100693270319,0.0,0.0,0.9697489930672967,0.0,8.424227775524509,0.5265142359702818,0.0,77.1154192817809,1.0530284719405636,0.5265142359702818,1.905724070749432,68.89003431509235,11.056798955375918,"8a7558240487fff,8a75582404affff,8a7558240497fff,8a7558242847fff,8a7558242877fff,8a75582428e7fff,8a75582428f7fff,8a75582428d7fff,8a755824288ffff,8a7558242127fff,8a755824212ffff,8a755824211ffff,8a75582421affff,8a7558242037fff,8a7558242007fff,8a755824200ffff"
-297823017,-101746498#2,"-297823017,297823019#1,297823023#0,-297823018,-297823020#1,1047412912#1,-659283000#11,-659283000#10,-659283000#8,101594822,101594815#0,-659283000#5,-659283000#3,-659283000#2,-659283000#1,-659283000#0,-282479127#2,-1197063689,-42762428#4,1164653913,463830226#0,463830226#1,101411570,282689981#1,-120511301,101411571#0,-47374680#8,-47374680#7,-47374680#6,101746498#0,101746498#1,101746498#2,-101746498#2",4.2185493059714885,2974.6449633222783,37.87309090909091,9.931892431592647,20.016000000000005,0.2606817128164893,0.0,0.0,0.2166148815869683,0.0,0.0,0.0,0.7833851184130317,0.0,12.102284623504394,0.6723491457502441,0.33617457287512204,58.62700687103511,1.3446982915004881,0.33617457287512204,2.1632558779613253,79.64161463583899,11.093760904879026,"8a7558242847fff,8a7558240497fff,8a755824049ffff,8a75582404d7fff,8a7558242b2ffff,8a7558242b0ffff,8a7558242b07fff,8a7558242b1ffff,8a7558242a37fff,8a7558242b8ffff,8a7558242aa7fff,8a7558242a87fff,8a7558242aaffff,8a7558242af7fff,8a7558242ac7fff,8a7558242acffff,8a755824230ffff,8a7558242227fff,8a7558242237fff,8a7558242207fff,8a755824220ffff,8a755824225ffff"
-297823017,-101746498#2,"-297823017,297823019#1,297823019#2,297823019#3,297823019#4,297823017,372606529#1,101594836#0,101594836#1,101594812#3,101594812#0,101594843,101594815#0,-659283000#5,-659283000#3,-659283000#2,-659283000#1,-659283000#0,-282479127#2,-1197063689,-42762428#4,1164653913,463830226#0,-416376586,71223791#1,101411570,282689981#1,-120511301,101411571#0,-47374680#8,-47374680#7,-47374680#6,101746498#0,101746498#1,101746498#2,-101746498#2",4.820819832612671,3333.7135465646274,35.54800000000001,9.092403359791234,20.016000000000005,0.23670084062425445,0.0,0.0,0.13089500760459746,0.0,0.0,0.0,0.8691049923954025,0.0,5.399384124814472,0.2999657847119151,0.0,70.68431353395982,0.5999315694238302,0.2999657847119151,2.4243819057285934,79.91339994341742,10.798768249628944,"8a7558242847fff,8a7558240497fff,8a7558240487fff,8a755824285ffff,8a755824284ffff,8a7558242b17fff,8a7558242b07fff,8a7558242b0ffff,8a7558242b1ffff,8a7558242a37fff,8a7558242b8ffff,8a7558242aa7fff,8a7558242a87fff,8a7558242aaffff,8a7558242327fff,8a7558242af7fff,8a7558242ac7fff,8a7558242acffff,8a755824230ffff,8a7558242227fff,8a7558242237fff,8a7558242207fff,8a755824220ffff,8a755824225ffff"
-297823017,-101746498#2,"-297823017,297823019#1,297823019#2,297823019#3,297823019#4,297823017,372606529#1,372606529#2,372606529#3,372606529#4,372606529#5,372606529#6,372606529#7,372606529#8,1164659929,120512822,282479125#0,282479125#1,120511930,-42762428#0,-697042776#1,42762429,1323419246,184568063,76867740,1323419243,120511145,47374680#0,101749458#0,101749458#1,-101749449#1,101746514,-101746498#2",4.893279039477563,3396.330047250832,32.414181818181824,6.633982596518408,20.016000000000005,0.23635389342869173,0.0,0.0,0.22350278168685708,0.08838994846383263,0.0,0.0,0.6881072698493104,1.1777418402660278,10.59967656239425,0.5888709201330139,0.29443546006650695,67.81400438063336,0.8833063801995209,0.29443546006650695,2.4699186050110233,108.12959703987802,9.71637018219473,"8a7558242847fff,8a7558240497fff,8a7558240487fff,8a755824285ffff,8a7558242bb7fff,8a7558242b87fff,8a7558242b9ffff,8a7558242147fff,8a755824214ffff,8a7558242a97fff,8a755824206ffff,8a7558242047fff,8a75582423b7fff,8a7558242397fff,8a755824274ffff,8a7558242297fff,8a755824229ffff,8a755825c927fff,8a755824225ffff,8a755824220ffff"
-297823017,-101746498#2,"-297823017,297823019#1,297823023#0,-297823018,-297823020#1,1047412912#1,-659283000#11,-659283000#10,-659283000#8,101594822,101594815#0,-659283000#5,-659283000#3,-659283000#2,-659283000#1,-659283000#0,-282479127#2,-1197063689,71324344,463830226#0,-416376586,71223791#1,101411570,282689981#1,-120511301,101411571#0,-47374680#8,-47374680#7,-47374680#6,101746498#0,101746498#1,101746498#2,-101746498#2",4.633754898647724,3256.7926341414177,37.87309090909091,9.931892431592647,20.016000000000005,0.2977575208566452,0.0,0.0,0.19021832018267498,0.0,0.0,0.0,0.809781679817325,0.0,11.053820136599091,0.6141011186999495,0.30705055934997477,59.12284104047821,1.228202237399899,0.30705055934997477,2.3684425859141673,84.39290420448296,10.132668458549167,"8a7558242847fff,8a7558240497fff,8a755824049ffff,8a75582404d7fff,8a7558242b2ffff,8a7558242b0ffff,8a7558242b07fff,8a7558242b1ffff,8a7558242a37fff,8a7558242b8ffff,8a7558242aa7fff,8a7558242aaffff,8a7558242327fff,8a7558242af7fff,8a7558242ac7fff,8a7558242acffff,8a755824230ffff,8a7558242227fff,8a7558242237fff,8a7558242207fff,8a755824220ffff,8a755824225ffff"
-297823017,-101746498#2,"-297823017,297823019#1,297823019#2,297823019#3,297823019#4,297823017,372606529#1,101594836#0,101594836#1,101594812#3,101594812#0,101594843,101594815#0,-659283000#5,-659283000#3,-659283000#2,-659283000#1,-659283000#0,-282479127#2,-1197063689,71324344,463830226#0,-416376586,71223791#1,101411570,282689981#1,-120511301,101411571#0,-47374680#8,-47374680#7,-47374680#6,101746498#0,101746498#1,101746498#2,-101746498#2",4.783400674884785,3294.696731547643,35.13497142857144,8.875886505801299,20.016000000000005,0.2312044647168813,0.0,0.0,0.12490245722621783,0.0,0.0,0.0,0.875097542773782,0.0,5.463325297179848,0.3035180720655471,0.0,69.34646775739469,0.6070361441310942,0.3035180720655471,2.3960076441056017,80.60296188375442,10.62313252229415,"8a7558242847fff,8a7558240497fff,8a7558240487fff,8a755824285ffff,8a755824284ffff,8a7558242b17fff,8a7558242b07fff,8a7558242b0ffff,8a7558242b1ffff,8a7558242a37fff,8a7558242b8ffff,8a7558242aa7fff,8a7558242aaffff,8a7558242327fff,8a7558242af7fff,8a7558242ac7fff,8a7558242acffff,8a755824230ffff,8a7558242227fff,8a7558242237fff,8a7558242207fff,8a755824220ffff,8a755824225ffff"
-297823017,-101746498#2,"-297823017,297823019#1,297823023#0,297823021,297823022#1,-297823020#1,1047412912#1,-659283000#11,-659283000#10,-659283000#8,-659283000#7,-659283000#6,-659283000#5,-659283000#3,-659283000#2,-659283000#1,-659283000#0,-282479127#2,-1197063689,-42762428#4,1164653913,463830226#0,-416376586,71223791#1,101411570,282689981#1,-120511301,101411571#0,-47374680#8,-47374680#7,-47374680#6,101746498#0,101746498#1,101746498#2,-101746498#2",4.321629847043208,3133.996136542627,39.13817142857143,10.116740341939124,20.016000000000005,0.3258992077936529,0.0,0.0,0.21335077969242763,0.0,0.0,0.0,0.7866492203075722,0.0,5.743465918837189,0.3190814399353994,0.3190814399353994,59.27259118559386,0.6381628798707988,0.3190814399353994,2.279141089937665,75.8536099839224,11.167850397738977,"8a7558242847fff,8a7558240497fff,8a755824049ffff,8a755824048ffff,8a75582404d7fff,8a7558242b2ffff,8a7558242b0ffff,8a7558242b1ffff,8a7558242a37fff,8a7558242b8ffff,8a7558242aa7fff,8a7558242a87fff,8a7558242aaffff,8a7558242327fff,8a7558242af7fff,8a7558242ac7fff,8a7558242acffff,8a755824230ffff,8a7558242227fff,8a7558242237fff,8a7558242207fff,8a755824220ffff,8a755824225ffff"
-297823017,-101746498#2,"-297823017,297823019#1,297823023#0,-297823018,-297823020#1,1047412912#1,-659283000#11,-659283000#10,-659283000#8,-659283000#7,-659283000#6,-659283000#5,-659283000#3,-659283000#2,-659283000#1,-659283000#0,-282479127#2,-1197063689,-42762428#4,1164653913,463830226#0,463830226#1,101411570,282689981#1,-120511301,101411571#0,-47374680#8,-47374680#7,-47374680#6,101746498#0,101746498#1,101746498#2,-101746498#2",4.147836629252132,2938.761300812094,39.08618181818182,10.121088335298193,20.016000000000005,0.27212951818505926,0.0,0.0,0.22752461014770206,0.0,0.0,0.0,0.7724753898522981,0.0,6.125029615377711,0.34027942307653947,0.34027942307653947,56.59844033316224,0.6805588461530789,0.34027942307653947,2.137160143914046,80.59761721062812,11.229220961525803,"8a7558242847fff,8a7558240497fff,8a755824049ffff,8a75582404d7fff,8a7558242b2ffff,8a7558242b0ffff,8a7558242b1ffff,8a7558242a37fff,8a7558242b8ffff,8a7558242aa7fff,8a7558242a87fff,8a7558242aaffff,8a7558242af7fff,8a7558242ac7fff,8a7558242acffff,8a755824230ffff,8a7558242227fff,8a7558242237fff,8a7558242207fff,8a755824220ffff,8a755824225ffff"
-297823017,-101746498#2,"-297823017,297823019#1,297823023#0,297823021,297823022#1,-297823020#1,1047412912#1,-659283000#11,-659283000#10,-659283000#8,101594822,101594815#0,-659283000#5,-659283000#3,-659283000#2,-659283000#1,-659283000#0,-282479127#2,-1197063689,71324344,463830226#0,-416376586,71223791#1,101411570,282689981#1,-120511301,101411571#0,-47374680#8,-47374680#7,-47374680#6,101746498#0,101746498#1,101746498#2,-101746498#2",4.354923366034678,3130.8629840358267,37.64117647058824,9.873296684616541,20.016000000000005,0.30973393138913385,0.0,0.0,0.19786928626660102,0.0,0.0,0.0,0.802130713733399,0.0,11.498427169621566,0.6388015094234203,0.31940075471171014,58.98681001074483,1.2776030188468406,0.31940075471171014,2.276862562361952,75.53611726595564,10.859625660198146,"8a7558242847fff,8a7558240497fff,8a755824049ffff,8a755824048ffff,8a75582404d7fff,8a7558242b2ffff,8a7558242b0ffff,8a7558242b07fff,8a7558242b1ffff,8a7558242a37fff,8a7558242b8ffff,8a7558242aa7fff,8a7558242aaffff,8a7558242327fff,8a7558242af7fff,8a7558242ac7fff,8a7558242acffff,8a755824230ffff,8a7558242227fff,8a7558242237fff,8a7558242207fff,8a755824220ffff,8a755824225ffff"
-297823017,-101746498#2,"-297823017,297823019#1,297823023#0,297823021,297823022#1,-297823020#1,1047412912#1,-659283000#11,-659283000#10,-659283000#8,101594822,101594815#0,-659283000#5,-659283000#3,-659283000#2,-659283000#1,-659283000#0,-282479127#2,-1197063689,-42762428#4,1164653913,463830226#0,463830226#1,101411570,282689981#1,-120511301,101411571#0,-47374680#8,-47374680#7,-47374680#6,101746498#0,101746498#1,101746498#2,-101746498#2",3.9397177733584425,2848.7153132166873,37.64117647058824,9.873296684616541,20.016000000000005,0.2722053483063546,0.0,0.0,0.2261905089300562,0.0,0.0,0.0,0.773809491069944,0.0,12.637275417791692,0.7020708565439828,0.3510354282719914,58.52261034400849,1.4041417130879656,0.3510354282719914,2.07167585440911,69.5638347654232,11.935204561247708,"8a7558242847fff,8a7558240497fff,8a755824049ffff,8a755824048ffff,8a75582404d7fff,8a7558242b2ffff,8a7558242b0ffff,8a7558242b07fff,8a7558242b1ffff,8a7558242a37fff,8a7558242b8ffff,8a7558242aa7fff,8a7558242a87fff,8a7558242aaffff,8a7558242af7fff,8a7558242ac7fff,8a7558242acffff,8a755824230ffff,8a7558242227fff,8a7558242237fff,8a7558242207fff,8a755824220ffff,8a755824225ffff"
-297823017,-101746498#2,"-297823017,297823019#1,297823019#2,297823019#3,297823019#4,297823017,372606529#1,372606529#2,372606529#3,372606529#4,372606529#5,372606529#6,372606529#7,372606529#8,1164659929,120512822,282479125#0,282479125#1,120511930,42762428#1,1164653913,463830226#0,463830226#1,101411570,282689981#1,-120511301,101411571#0,-47374680#8,-47374680#7,-47374680#6,101746498#0,101746498#1,101746498#2,-101746498#2",4.903342344857309,3190.4818558930647,32.34282352941177,6.545931961198629,20.016000000000005,0.08213189937170298,0.0,0.0,0.0383862987719984,0.09409282089731123,0.0,0.0,0.8675208803306904,0.0,5.6417810265094035,0.3134322792505224,0.0,71.34582709856984,0.9402968377515672,0.0,2.320219291172556,75.09892617103392,10.656697494517761,"8a7558242847fff,8a7558240497fff,8a7558240487fff,8a755824285ffff,8a7558242bb7fff,8a7558242b87fff,8a7558242b9ffff,8a7558242147fff,8a755824214ffff,8a7558242a97fff,8a7558242a87fff,8a7558242aa7fff,8a7558242aaffff,8a7558242af7fff,8a7558242ac7fff,8a7558242acffff,8a755824230ffff,8a7558242227fff,8a7558242237fff,8a7558242207fff,8a755824220ffff,8a755824225ffff"
-297823017,-101746498#2,"-297823017,297823019#1,297823019#2,297823019#3,297823019#4,297823017,372606529#1,101594836#0,101594836#1,101594812#3,101594812#0,101594843,101594815#0,-659283000#5,-659283000#3,-659283000#2,-659283000#1,-659283000#0,-282479127#2,-1197063689,71324344,463830226#0,463830226#1,101411570,282689981#1,-120511301,101411571#0,-47374680#8,-47374680#7,-47374680#6,101746498#0,101746498#1,101746498#2,-101746498#2",4.330775924480663,2973.532245711519,34.697647058823534,8.618119888764157,20.016000000000005,0.18163765794844258,0.0,0.0,0.13839288885431947,0.0,0.0,0.0,0.8616071111456807,0.0,6.053406693658668,0.336300371869926,0.0,67.63658186457455,0.672600743739852,0.336300371869926,2.1624466745297677,76.19162721092717,11.434212643577485,"8a7558242847fff,8a7558240497fff,8a7558240487fff,8a755824285ffff,8a755824284ffff,8a7558242b17fff,8a7558242b07fff,8a7558242b0ffff,8a7558242b1ffff,8a7558242a37fff,8a7558242b8ffff,8a7558242aa7fff,8a7558242aaffff,8a7558242af7fff,8a7558242ac7fff,8a7558242acffff,8a755824230ffff,8a7558242227fff,8a7558242237fff,8a7558242207fff,8a755824220ffff,8a755824225ffff"
-297823017,-101746498#2,"-297823017,297823019#1,297823023#0,297823021,297823022#1,-297823020#1,1047412912#1,-659283000#11,-659283000#10,-659283000#8,-659283000#7,-71324343#11,-71324343#10,-71324343#8,-71324343#7,-71324343#6,-71324343#5,-71324343#4,-71324343#3,-71324343#2,-71324343#1,-416375814,679068326#3,101411570,282689981#1,-120511301,101411571#0,-47374680#8,-47374680#7,-47374680#6,101746498#0,101746498#1,101746498#2,-101746498#2",3.848394779077937,2737.720303980459,35.28635294117648,8.963386487606304,20.016000000000005,0.21965557757853793,0.0,0.0,0.07993217652231677,0.0,0.0,0.0,0.9200678234776833,0.0,6.574813348839626,0.3652674082688681,0.7305348165377362,50.799923995043564,0.7305348165377362,0.3652674082688681,1.9909567739422864,71.94341296647706,12.419091881141515,"8a7558242847fff,8a7558240497fff,8a755824049ffff,8a755824048ffff,8a75582404d7fff,8a7558242b2ffff,8a7558242b0ffff,8a7558242a27fff,8a7558242a07fff,8a7558242a1ffff,8a7558242a0ffff,8a7558242af7fff,8a7558242ac7fff,8a7558242acffff,8a755824230ffff,8a7558242227fff,8a7558242237fff,8a7558242207fff,8a755824220ffff,8a755824225ffff"
-297823017,-101746498#2,"-297823017,297823019#1,297823023#0,-297823018,-297823020#1,1047412912#1,-659283000#11,-659283000#10,-659283000#8,-659283000#7,-71324343#11,-71324343#10,-71324343#8,-71324343#7,-71324343#6,-71324343#5,-71324343#4,-71324343#3,-71324343#2,-71324343#1,-416375814,679068326#3,101411570,282689981#1,-120511301,101411571#0,-47374680#8,-47374680#7,-47374680#6,101746498#0,101746498#1,101746498#2,-101746498#2",4.127226311690983,2863.64995408605,35.446909090909095,9.052576609602777,20.016000000000005,0.2099961742046242,0.0,0.0,0.07641714110142984,0.0,0.0,0.0,0.9235828588985702,0.0,6.285684454664712,0.3492046919258173,0.6984093838516346,50.69823702961582,0.6984093838516346,0.3492046919258173,2.0825367974945017,82.05961161890941,11.523754833551973,"8a7558242847fff,8a7558240497fff,8a755824049ffff,8a75582404d7fff,8a7558242b2ffff,8a7558242b0ffff,8a7558242a27fff,8a7558242a07fff,8a7558242a1ffff,8a7558242a0ffff,8a7558242af7fff,8a7558242ac7fff,8a7558242acffff,8a755824230ffff,8a7558242227fff,8a7558242237fff,8a7558242207fff,8a755824220ffff,8a755824225ffff"
-297823017,-101746498#2,"-297823017,297823019#1,297823019#2,297823019#3,297823019#4,297823017,372606529#1,372606529#2,372606529#3,372606529#4,372606529#5,372606529#6,372606529#7,372606529#8,1164659929,120512822,282479125#0,282479125#1,120511930,42762428#1,1164653913,463830226#0,-416376586,71223791#1,101411570,282689981#1,-120511301,101411571#0,-47374680#8,-47374680#7,-47374680#6,101746498#0,101746498#1,101746498#2,-101746498#2",5.35596709526143,3511.646341729188,32.84742857142857,7.1063965977872385,20.016000000000005,0.13773696122656767,0.0,0.0,0.03487560472466161,0.0854873778931974,0.0,0.0,0.8796370173821411,0.0,5.125800906003686,0.2847667170002048,0.0,72.86570976124293,0.8543001510006143,0.0,2.5537802607483893,79.0716945037355,9.966835095007166,"8a7558242847fff,8a7558240497fff,8a7558240487fff,8a755824285ffff,8a7558242bb7fff,8a7558242b87fff,8a7558242b9ffff,8a7558242147fff,8a755824214ffff,8a7558242a97fff,8a7558242a87fff,8a7558242aa7fff,8a7558242aaffff,8a7558242327fff,8a7558242af7fff,8a7558242ac7fff,8a7558242acffff,8a755824230ffff,8a7558242227fff,8a7558242237fff,8a7558242207fff,8a755824220ffff,8a755824225ffff"
-297823017,-101746498#2,"-297823017,297823019#1,297823023#0,-297823018,-297823020#1,1047412912#1,-659283000#11,-659283000#10,-659283000#8,-659283000#7,-659283000#6,-659283000#5,-659283000#3,-659283000#2,-659283000#1,-659283000#0,-282479127#2,-1197063689,71324344,463830226#0,-416376586,71223791#1,101411570,282689981#1,-120511301,101411571#0,-47374680#8,-47374680#7,-47374680#6,101746498#0,101746498#1,101746498#2,-101746498#2",4.563042221928368,3220.9089716312333,39.08618181818183,10.121088335298193,20.016000000000005,0.30861556853430916,0.0,0.0,0.1998782897967899,0.0,0.0,0.0,0.8001217102032102,0.0,5.588484542263819,0.31047136345910104,0.31047136345910104,57.12046504523871,0.6209427269182021,0.31047136345910104,2.342346851866888,85.40800063315957,10.245554994150334,"8a7558242847fff,8a7558240497fff,8a755824049ffff,8a75582404d7fff,8a7558242b2ffff,8a7558242b0ffff,8a7558242b1ffff,8a7558242a37fff,8a7558242b8ffff,8a7558242aa7fff,8a7558242aaffff,8a7558242327fff,8a7558242af7fff,8a7558242ac7fff,8a7558242acffff,8a755824230ffff,8a7558242227fff,8a7558242237fff,8a7558242207fff,8a755824220ffff,8a755824225ffff"
-297823017,-101746498#2,"-297823017,297823019#1,297823023#0,-297823018,-297823020#1,1047412912#1,-659283000#11,-659283000#10,-659283000#8,101594822,101594815#0,-659283000#5,-659283000#3,-659283000#2,-659283000#1,-659283000#0,-282479127#2,-1197063689,71324344,463830226#0,463830226#1,101411570,282689981#1,-120511301,101411571#0,-47374680#8,-47374680#7,-47374680#6,101746498#0,101746498#1,101746498#2,-101746498#2",4.181130148243602,2935.6281483052944,37.494,9.845257446788704,20.016000000000005,0.25483177760142356,0.0,0.0,0.2110286428501924,0.0,0.0,0.0,0.7889713571498076,0.0,12.263133537802599,0.6812851965445889,0.34064259827229443,56.18357240163743,1.3625703930891777,0.34064259827229443,2.1348816163383337,80.44323843883389,10.900563144713422,"8a7558242847fff,8a7558240497fff,8a755824049ffff,8a75582404d7fff,8a7558242b2ffff,8a7558242b0ffff,8a7558242b07fff,8a7558242b1ffff,8a7558242a37fff,8a7558242b8ffff,8a7558242aa7fff,8a7558242aaffff,8a7558242af7fff,8a7558242ac7fff,8a7558242acffff,8a755824230ffff,8a7558242227fff,8a7558242237fff,8a7558242207fff,8a755824220ffff,8a755824225ffff"
-297823017,-101746498#2,"-297823017,297823019#1,297823023#0,297823021,297823022#1,-297823020#1,1047412912#1,-659283000#11,-659283000#10,-659283000#8,101594822,101594815#0,-659283000#5,-659283000#3,-659283000#2,-659283000#1,-659283000#0,-282479127#2,-1197063689,-42762428#4,1164653913,463830226#0,-416376586,71223791#1,101411570,282689981#1,-120511301,101411571#0,-47374680#8,-47374680#7,-47374680#6,101746498#0,101746498#1,101746498#2,-101746498#2",4.392342523762564,3169.879799052811,37.994400000000006,9.948955236902133,20.016000000000005,0.3145477963027017,0.0,0.0,0.20327343853412527,0.0,0.0,0.0,0.7967265614658747,0.0,11.35689751098989,0.6309387506105494,0.3154693753052747,61.063655667415546,1.2618775012210988,0.3154693753052747,2.3052368239849437,74.89075216732282,11.041428135684615,"8a7558242847fff,8a7558240497fff,8a755824049ffff,8a755824048ffff,8a75582404d7fff,8a7558242b2ffff,8a7558242b0ffff,8a7558242b07fff,8a7558242b1ffff,8a7558242a37fff,8a7558242b8ffff,8a7558242aa7fff,8a7558242a87fff,8a7558242aaffff,8a7558242327fff,8a7558242af7fff,8a7558242ac7fff,8a7558242acffff,8a755824230ffff,8a7558242227fff,8a7558242237fff,8a7558242207fff,8a755824220ffff,8a755824225ffff"
-297823017,-101746498#2,"-297823017,297823019#1,297823019#2,297823019#3,297823019#4,297823017,372606529#1,101594836#0,101594836#1,101594812#3,101594812#0,101594843,101594815#0,-659283000#5,-659283000#3,-659283000#2,-659283000#1,-659283000#0,-282479127#2,-1197063689,-42762428#4,1164653913,463830226#0,463830226#1,101411570,282689981#1,-120511301,101411571#0,-47374680#8,-47374680#7,-47374680#6,101746498#0,101746498#1,101746498#2,-101746498#2",4.3681950822085485,3012.5490607285037,35.13497142857144,8.875886505801299,20.016000000000005,0.18836195731808986,0.0,0.0,0.14484957795960443,0.0,0.0,0.0,0.8551504220403955,0.0,5.9750064271641055,0.331944801509117,0.0,69.10218499799873,0.663889603018234,0.331944801509117,2.1908209361527597,75.44360923168678,11.618068052819094,"8a7558242847fff,8a7558240497fff,8a7558240487fff,8a755824285ffff,8a755824284ffff,8a7558242b17fff,8a7558242b07fff,8a7558242b0ffff,8a7558242b1ffff,8a7558242a37fff,8a7558242b8ffff,8a7558242aa7fff,8a7558242a87fff,8a7558242aaffff,8a7558242af7fff,8a7558242ac7fff,8a7558242acffff,8a755824230ffff,8a7558242227fff,8a7558242237fff,8a7558242207fff,8a755824220ffff,8a755824225ffff"
-297823017,-101746498#2,"-297823017,297823019#1,297823023#0,297823021,297823022#1,-297823020#1,1047412912#1,-659283000#11,-659283000#10,-659283000#8,-659283000#7,-659283000#6,-659283000#5,-659283000#3,-659283000#2,-659283000#1,-659283000#0,-282479127#2,-1197063689,71324344,463830226#0,-416376586,71223791#1,101411570,282689981#1,-120511301,101411571#0,-47374680#8,-47374680#7,-47374680#6,101746498#0,101746498#1,101746498#2,-101746498#2",4.284210689315322,3094.9793215256423,38.81858823529413,10.087958661023752,20.016000000000005,0.3211726316113917,0.0,0.0,0.20801101072411615,0.0,0.0,0.0,0.7919889892758839,0.0,5.815870844373545,0.3231039357985303,0.3231039357985303,57.063072120792505,0.6462078715970606,0.3231039357985303,2.250766828314673,76.54092605518807,10.98553381715003,"8a7558242847fff,8a7558240497fff,8a755824049ffff,8a755824048ffff,8a75582404d7fff,8a7558242b2ffff,8a7558242b0ffff,8a7558242b1ffff,8a7558242a37fff,8a7558242b8ffff,8a7558242aa7fff,8a7558242aaffff,8a7558242327fff,8a7558242af7fff,8a7558242ac7fff,8a7558242acffff,8a755824230ffff,8a7558242227fff,8a7558242237fff,8a7558242207fff,8a755824220ffff,8a755824225ffff"
-297823017,-101746498#2,"-297823017,297823019#1,297823023#0,-297823018,-297823020#1,1047412912#1,-659283000#11,-659283000#10,-659283000#8,-659283000#7,-71324343#11,-71324343#10,-71324343#8,-71324343#7,-71324343#6,-71324343#5,101416508#0,101416508#1,-101416507,-101415864#0,-71324343#1,-416375814,679068326#3,101411570,282689981#1,-120511301,101411571#0,-47374680#8,-47374680#7,-47374680#6,101746498#0,101746498#1,101746498#2,-101746498#2",4.276465244125007,3067.3176441610917,37.64117647058824,9.873296684616541,20.016000000000005,0.3043930456813655,0.0,0.0,0.07134309777895438,0.0,0.0,0.0,0.9286569022210456,0.0,5.868319518281577,0.3260177510156432,0.6520355020312864,56.41838311247921,0.6520355020312864,0.3260177510156432,2.2306503818509906,80.33699116555204,11.084603534531869,"8a7558242847fff,8a7558240497fff,8a755824049ffff,8a75582404d7fff,8a7558242b2ffff,8a7558242b0ffff,8a7558242a27fff,8a7558242a2ffff,8a7558242a0ffff,8a7558242a07fff,8a7558242a1ffff,8a7558242af7fff,8a7558242ac7fff,8a7558242acffff,8a755824230ffff,8a7558242227fff,8a7558242237fff,8a7558242207fff,8a755824220ffff,8a755824225ffff"
-297823017,-101746498#2,"-297823017,297823019#1,297823023#0,297823021,297823022#1,-297823020#1,1047412912#1,-659283000#11,-659283000#10,-659283000#8,-659283000#7,-659283000#6,-659283000#5,-659283000#3,-659283000#2,-659283000#1,-659283000#0,-282479127#2,-1197063689,71324344,463830226#0,463830226#1,101411570,282689981#1,-120511301,101411571#0,-47374680#8,-47374680#7,-47374680#6,101746498#0,101746498#1,101746498#2,-101746498#2",3.831585938911201,2773.814835689519,38.47963636363637,10.045837564067837,20.016000000000005,0.2784538759626732,0.0,0.0,0.2320954407473107,0.0,0.0,0.0,0.7679045592526894,0.0,6.489257959255789,0.36051433106976605,0.36051433106976605,54.067668539307476,0.7210286621395321,0.36051433106976605,2.0172058587388393,71.26101759234822,11.89697292530228,"8a7558242847fff,8a7558240497fff,8a755824049ffff,8a755824048ffff,8a75582404d7fff,8a7558242b2ffff,8a7558242b0ffff,8a7558242b1ffff,8a7558242a37fff,8a7558242b8ffff,8a7558242aa7fff,8a7558242aaffff,8a7558242af7fff,8a7558242ac7fff,8a7558242acffff,8a755824230ffff,8a7558242227fff,8a7558242237fff,8a7558242207fff,8a755824220ffff,8a755824225ffff"
-297823017,-101746498#2,"-297823017,297823019#1,297823023#0,-297823018,-297823020#1,1047412912#1,-659283000#11,-659283000#10,-659283000#8,-659283000#7,-659283000#6,-659283000#5,-659283000#3,-659283000#2,-659283000#1,-659283000#0,-282479127#2,-1197063689,71324344,463830226#0,463830226#1,101411570,282689981#1,-120511301,101411571#0,-47374680#8,-47374680#7,-47374680#6,101746498#0,101746498#1,101746498#2,-101746498#2",4.110417471524246,2899.74448579511,38.745000000000005,10.088386833544096,20.016000000000005,0.26636122457828404,0.0,0.0,0.22201603623853808,0.0,0.0,0.0,0.7779839637614618,0.0,6.207443479305177,0.3448579710725099,0.3448579710725099,53.97975710610814,0.6897159421450197,0.3448579710725099,2.1087858822910546,81.44264605655528,11.035455074320316,"8a7558242847fff,8a7558240497fff,8a755824049ffff,8a75582404d7fff,8a7558242b2ffff,8a7558242b0ffff,8a7558242b1ffff,8a7558242a37fff,8a7558242b8ffff,8a7558242aa7fff,8a7558242aaffff,8a7558242af7fff,8a7558242ac7fff,8a7558242acffff,8a755824230ffff,8a7558242227fff,8a7558242237fff,8a7558242207fff,8a755824220ffff,8a755824225ffff"
-297823017,-101746498#2,"-297823017,297823019#1,297823023#0,-297823018,-297823020#1,1047412912#1,-659283000#11,-659283000#10,-659283000#8,-659283000#7,-659283000#6,-659283000#5,-659283000#3,-659283000#2,-659283000#1,-659283000#0,-282479127#2,-1197063689,-42762428#4,1164653913,463830226#0,-416376586,71223791#1,101411570,282689981#1,-120511301,101411571#0,-47374680#8,-47374680#7,-47374680#6,101746498#0,101746498#1,101746498#2,-101746498#2",4.600461379656254,3259.9257866482176,39.40729411764706,10.140914188451658,20.016000000000005,0.31330984966309844,0.0,0.0,0.20510912304292256,0.0,0.0,0.0,0.7948908769570774,0.0,5.521598090890037,0.30675544949389094,0.30675544949389094,59.41516855330492,0.6135108989877819,0.30675544949389094,2.37072111348988,84.64284402004517,10.429685282792292,"8a7558242847fff,8a7558240497fff,8a755824049ffff,8a75582404d7fff,8a7558242b2ffff,8a7558242b0ffff,8a7558242b1ffff,8a7558242a37fff,8a7558242b8ffff,8a7558242aa7fff,8a7558242a87fff,8a7558242aaffff,8a7558242327fff,8a7558242af7fff,8a7558242ac7fff,8a7558242acffff,8a755824230ffff,8a7558242227fff,8a7558242237fff,8a7558242207fff,8a755824220ffff,8a755824225ffff"
-297823017,-101746498#2,"-297823017,297823019#1,297823023#0,-297823018,-297823020#1,1047412912#1,-659283000#11,-659283000#10,-659283000#8,-659283000#7,-71324343#11,-71324343#10,-71324343#8,-71324343#7,-71324343#6,-71324343#5,-71324343#4,-71324343#3,-71324343#2,101415864#0,101415864#1,679068326#2,679068326#3,101411570,282689981#1,-120511301,101411571#0,-47374680#8,-47374680#7,-47374680#6,101746498#0,101746498#1,101746498#2,-101746498#2",4.121093534606067,2869.0160398774165,35.875058823529415,9.257345757898614,20.016000000000005,0.20891208513804946,0.0,0.0,0.07627421372515113,0.0,0.0,0.0,0.9237257862748489,0.0,6.273927977331588,0.34855155429619933,0.6971031085923987,50.813491738415564,0.6971031085923987,0.34855155429619933,2.086439184761873,80.07620084670171,11.850752846070776,"8a7558242847fff,8a7558240497fff,8a755824049ffff,8a75582404d7fff,8a7558242b2ffff,8a7558242b0ffff,8a7558242a27fff,8a7558242a07fff,8a7558242a0ffff,8a7558242af7fff,8a7558242ac7fff,8a7558242acffff,8a755824230ffff,8a7558242227fff,8a7558242237fff,8a7558242207fff,8a755824220ffff,8a755824225ffff"
-297823017,-101746498#2,"-297823017,297823019#1,297823023#0,297823021,297823022#1,-297823020#1,1047412912#1,-659283000#11,-659283000#10,-659283000#8,-659283000#7,-71324343#11,-71324343#10,-71324343#8,-71324343#7,-71324343#6,-71324343#5,-71324343#4,-71324343#3,-71324343#2,101415864#0,101415864#1,679068326#2,679068326#3,101411570,282689981#1,-120511301,101411571#0,-47374680#8,-47374680#7,-47374680#6,101746498#0,101746498#1,101746498#2,-101746498#2",3.842262001993021,2743.086389771826,35.70685714285715,9.17431855825834,20.016000000000005,0.21850282419838662,0.0,0.0,0.07977581144453111,0.0,0.0,0.0,0.9202241885554688,0.0,6.561951554685548,0.36455286414919713,0.7291057282983943,50.860484968022696,0.7291057282983943,0.36455286414919713,1.9948591612096578,69.86938309618517,12.7593502452219,"8a7558242847fff,8a7558240497fff,8a755824049ffff,8a755824048ffff,8a75582404d7fff,8a7558242b2ffff,8a7558242b0ffff,8a7558242a27fff,8a7558242a07fff,8a7558242a0ffff,8a7558242af7fff,8a7558242ac7fff,8a7558242acffff,8a755824230ffff,8a7558242227fff,8a7558242237fff,8a7558242207fff,8a755824220ffff,8a755824225ffff"
-297823017,-101746498#2,"-297823017,297823019#1,297823023#0,297823021,297823022#1,-297823020#1,1047412912#1,-659283000#11,-659283000#10,-659283000#8,-659283000#7,-659283000#6,-659283000#5,-659283000#3,-659283000#2,-659283000#1,-659283000#0,-282479127#2,-1197063689,-42762428#4,1164653913,463830226#0,463830226#1,101411570,282689981#1,-120511301,101411571#0,-47374680#8,-47374680#7,-47374680#6,101746498#0,101746498#1,101746498#2,-101746498#2",3.869005096639087,2812.831650706503,38.81858823529413,10.087958661023752,20.016000000000005,0.2843126771024584,0.0,0.0,0.23771082038147645,0.0,0.0,0.0,0.7622891796185238,0.0,6.399245399375008,0.3555136332986116,0.3555136332986116,56.57494422075294,0.7110272665972232,0.3555136332986116,2.045580120361831,70.52579836191052,12.087463532152794,"8a7558242847fff,8a7558240497fff,8a755824049ffff,8a755824048ffff,8a75582404d7fff,8a7558242b2ffff,8a7558242b0ffff,8a7558242b1ffff,8a7558242a37fff,8a7558242b8ffff,8a7558242aa7fff,8a7558242a87fff,8a7558242aaffff,8a7558242af7fff,8a7558242ac7fff,8a7558242acffff,8a755824230ffff,8a7558242227fff,8a7558242237fff,8a7558242207fff,8a755824220ffff,8a755824225ffff"
-297823017,-101746498#2,"-297823017,297823019#1,297823019#2,297823019#3,297823019#4,297823017,372606529#1,372606529#2,372606529#3,372606529#4,372606529#5,372606529#6,372606529#7,372606529#8,1164659929,120512822,282479125#0,282479125#1,120511930,-42762428#0,-697042776#1,42762429,1323419246,184568063,76867740,1323419243,120511145,47374680#0,47374680#1,101415865#0,-101749449#1,101746514,-101746498#2",5.67666363881766,3758.746614769127,31.201090909090908,4.849993739452381,20.016000000000005,0.17452346747791364,0.0,0.0,0.20195274938314542,0.07986743151642493,0.0,0.0,0.7181798191004297,1.0641845300991888,9.577660770892699,0.5320922650495944,0.2660461325247972,71.11185469400593,0.7981383975743915,0.2660461325247972,2.7334793928096777,113.95141674910845,8.779522373318308,"8a7558242847fff,8a7558240497fff,8a7558240487fff,8a755824285ffff,8a7558242bb7fff,8a7558242b87fff,8a7558242b9ffff,8a7558242147fff,8a755824214ffff,8a7558242a97fff,8a755824206ffff,8a7558242047fff,8a75582423b7fff,8a7558242397fff,8a755824274ffff,8a7558242297fff,8a75582422a7fff,8a755825c927fff,8a755824225ffff,8a755824220ffff"
-297823017,-101746498#2,"-297823017,297823019#1,297823019#2,297823019#3,297823019#4,297823017,372606529#1,372606529#2,372606529#3,372606529#4,372606529#5,372606529#6,372606529#7,372606529#8,1164659929,120512822,282479125#0,282479125#1,120511930,-42762428#0,-697042776#1,42762429,1323419246,184568063,1323419245,16648700,1323419243,120511145,47374680#0,101749458#0,101749458#1,-101749449#1,101746514,-101746498#2",4.860085762166638,3389.9492796255518,32.34282352941176,6.545931961198629,20.016000000000005,0.23679877302626062,0.0,0.0,0.2936403049872174,0.08855632137240327,0.0,0.0,0.6178033736403794,0.5899793286054466,5.309813957449019,0.2949896643027233,0.2949896643027233,67.22726499853444,0.8849689929081698,0.2949896643027233,2.4652783090289856,104.90524085457183,10.029648586292591,"8a7558242847fff,8a7558240497fff,8a7558240487fff,8a755824285ffff,8a7558242bb7fff,8a7558242b87fff,8a7558242b9ffff,8a7558242147fff,8a755824214ffff,8a7558242a97fff,8a755824206ffff,8a7558242047fff,8a75582423b7fff,8a7558242397fff,8a755824239ffff,8a755824274ffff,8a7558242297fff,8a755824229ffff,8a755825c927fff,8a755824225ffff,8a755824220ffff"
-297823017,-101746498#2,"-297823017,297823019#1,297823023#0,-297823018,-297823020#1,1047412912#1,-659283000#11,-659283000#10,-659283000#8,-659283000#7,-71324343#11,-71324343#10,-71324343#8,-71324343#7,-71324343#6,-71324343#5,101416508#0,101416508#1,101416508#2,-679068326#0,101749453,224715836,224715833,282689986,-352797377,-120511301,101411571#0,-47374680#8,-47374680#7,-47374680#6,101746498#0,101746498#1,101746498#2,-101746498#2",5.0622840640936,3245.870849978094,35.875058823529415,9.257345757898614,20.016000000000005,0.1248285515918273,0.0,0.0,0.06741856121847042,0.0,0.0,0.0,0.9325814387815294,0.0,5.545507147988183,0.30808373044378795,0.6161674608875759,61.27352111774471,0.6161674608875759,0.30808373044378795,2.3604999191151195,108.90552611960227,10.47484683508879,"8a7558242847fff,8a7558240497fff,8a755824049ffff,8a75582404d7fff,8a7558242b2ffff,8a7558242b0ffff,8a7558242a27fff,8a7558242a2ffff,8a7558242b5ffff,8a7558242a77fff,8a7558242a67fff,8a7558242a6ffff,8a7558240697fff,8a7558242acffff,8a755824230ffff,8a7558242227fff,8a7558242237fff,8a7558242207fff,8a755824220ffff,8a755824225ffff"
-297823017,-101746498#2,"-297823017,297823019#1,297823023#0,-297823018,-297823020#1,1047412912#1,-659283000#11,-659283000#10,-659283000#8,-659283000#7,-71324343#11,-71324343#10,-71324343#8,-71324343#7,-71324343#6,-71324343#5,101416508#0,-101416509,-71324343#2,101415864#0,101415864#1,679068326#2,679068326#3,101411570,282689981#1,-120511301,101411571#0,-47374680#8,-47374680#7,-47374680#6,101746498#0,101746498#1,101746498#2,-101746498#2",4.18020829642152,2956.279353623378,37.052470588235295,9.709186141454484,20.016000000000005,0.2582700388689279,0.0,0.0,0.07402275510204553,0.0,0.0,0.0,0.9259772448979546,0.0,6.0887344688647955,0.3382630260480442,0.6765260520960884,52.63292550893008,0.6765260520960884,0.3382630260480442,2.149899825853138,79.35008866683248,11.500942885633503,"8a7558242847fff,8a7558240497fff,8a755824049ffff,8a75582404d7fff,8a7558242b2ffff,8a7558242b0ffff,8a7558242a27fff,8a7558242a07fff,8a7558242a0ffff,8a7558242af7fff,8a7558242ac7fff,8a7558242acffff,8a755824230ffff,8a7558242227fff,8a7558242237fff,8a7558242207fff,8a755824220ffff,8a755824225ffff"
-297823017,-101746498#2,"-297823017,297823019#1,297823023#0,-297823018,-297823020#1,1047412912#1,-659283000#11,-659283000#10,-659283000#8,101594822,101594815#0,-659283000#5,-659283000#3,-659283000#2,-659283000#1,-659283000#0,-282479127#2,-1197063689,-42762428#4,1164653913,463830226#0,-416376586,71223791#1,101411570,282689981#1,-120511301,101411571#0,-47374680#8,-47374680#7,-47374680#6,101746498#0,101746498#1,101746498#2,-101746498#2",4.67117405637561,3295.8094491584015,38.22988235294118,9.999076235407818,20.016000000000005,0.3025292331724823,0.0,0.0,0.19550655959732896,0.0,0.0,0.0,0.8044934404026712,0.0,10.922961583592993,0.6068311990884996,0.3034155995442498,61.27459486036629,1.2136623981769992,0.3034155995442498,2.3968168475371585,83.67228991690246,10.316130384504493,"8a7558242847fff,8a7558240497fff,8a755824049ffff,8a75582404d7fff,8a7558242b2ffff,8a7558242b0ffff,8a7558242b07fff,8a7558242b1ffff,8a7558242a37fff,8a7558242b8ffff,8a7558242aa7fff,8a7558242a87fff,8a7558242aaffff,8a7558242327fff,8a7558242af7fff,8a7558242ac7fff,8a7558242acffff,8a755824230ffff,8a7558242227fff,8a7558242237fff,8a7558242207fff,8a755824220ffff,8a755824225ffff"
-297823017,-101746498#2,"-297823017,297823019#1,297823023#0,297823021,297823022#1,-297823020#1,1047412912#1,-659283000#11,-659283000#10,-659283000#8,101594822,101594815#0,-659283000#5,-659283000#3,-659283000#2,-659283000#1,-659283000#0,-282479127#2,-1197063689,71324344,463830226#0,463830226#1,101411570,282689981#1,-120511301,101411571#0,-47374680#8,-47374680#7,-47374680#6,101746498#0,101746498#1,101746498#2,-101746498#2",3.902298615630557,2809.698498199703,37.26654545454546,9.777900276551295,20.016000000000005,0.2662532438582818,0.0,0.0,0.22048686876781673,0.0,0.0,0.0,0.7795131312321836,0.0,12.812762658721844,0.7118201477067692,0.3559100738533846,56.17667079603749,1.4236402954135383,0.3559100738533846,2.0433015927861184,70.25776481140238,11.745032437161692,"8a7558242847fff,8a7558240497fff,8a755824049ffff,8a755824048ffff,8a75582404d7fff,8a7558242b2ffff,8a7558242b0ffff,8a7558242b07fff,8a7558242b1ffff,8a7558242a37fff,8a7558242b8ffff,8a7558242aa7fff,8a7558242aaffff,8a7558242af7fff,8a7558242ac7fff,8a7558242acffff,8a755824230ffff,8a7558242227fff,8a7558242237fff,8a7558242207fff,8a755824220ffff,8a755824225ffff"
-297823017,-101746498#2,"-297823017,297823019#1,297823019#2,297823019#3,297823019#4,297823017,372606529#1,372606529#2,372606529#3,372606529#4,372606529#5,372606529#6,372606529#7,372606529#8,1164659929,120512822,282479125#0,282479125#1,120511930,-42762428#0,-697042776#1,42762429,1323419246,184568063,1323419245,16648700,1323419243,120511145,47374680#0,47374680#1,101415865#0,-101749449#1,101746514,-101746498#2",5.643470361506735,3752.365847143847,31.165411764705883,4.780472793390028,20.016000000000005,0.1748202385648753,0.0,0.0,0.2652795012293707,0.08000324330613147,0.0,0.0,0.6547172554644978,0.5329970694414887,4.796973624973399,0.26649853472074436,0.26649853472074436,70.44488730914149,0.7994956041622332,0.26649853472074436,2.7288390968276404,111.05405477448299,9.060950180505309,"8a7558242847fff,8a7558240497fff,8a7558240487fff,8a755824285ffff,8a7558242bb7fff,8a7558242b87fff,8a7558242b9ffff,8a7558242147fff,8a755824214ffff,8a7558242a97fff,8a755824206ffff,8a7558242047fff,8a75582423b7fff,8a7558242397fff,8a755824239ffff,8a755824274ffff,8a7558242297fff,8a75582422a7fff,8a755825c927fff,8a755824225ffff,8a755824220ffff"
-297823017,-101746498#2,"-297823017,297823019#1,297823023#0,297823021,297823022#1,-297823020#1,1047412912#1,-659283000#11,-659283000#10,-659283000#8,-659283000#7,-71324343#11,-71324343#10,-71324343#8,-71324343#7,-71324343#6,-71324343#5,-71324343#4,-71324343#3,-71324343#2,-71324343#1,-71324343#0,-416376586,71223791#1,101411570,282689981#1,-120511301,101411571#0,-47374680#8,-47374680#7,-47374680#6,101746498#0,101746498#1,101746498#2,-101746498#2",4.28040664790034,2996.861213427005,35.13497142857143,8.875886505801299,20.016000000000005,0.2252927933209852,0.0,0.0,0.07302037933089853,0.0,0.0,0.0,0.9269796206691013,0.0,6.006284148012458,0.3336824526673588,0.6673649053347176,53.26094693397123,0.6673649053347176,0.3336824526673588,2.179412237532934,76.29085967167865,11.678885843357557,"8a7558242847fff,8a7558240497fff,8a755824049ffff,8a755824048ffff,8a75582404d7fff,8a7558242b2ffff,8a7558242b0ffff,8a7558242a27fff,8a7558242a07fff,8a7558242a1ffff,8a7558242aaffff,8a7558242327fff,8a7558242af7fff,8a7558242ac7fff,8a7558242acffff,8a755824230ffff,8a7558242227fff,8a7558242237fff,8a7558242207fff,8a755824220ffff,8a755824225ffff"
-297823017,-101746498#2,"-297823017,297823019#1,297823023#0,297823021,297823022#1,-297823020#1,1047412912#1,-659283000#11,-659283000#10,-659283000#8,-659283000#7,-71324343#11,-71324343#10,-71324343#8,-71324343#7,-71324343#6,-71324343#5,101416508#0,101416508#1,101416508#2,-679068326#0,101749453,224715836,224715833,282689986,-352797377,-120511301,101411571#0,-47374680#8,-47374680#7,-47374680#6,101746498#0,101746498#1,101746498#2,-101746498#2",4.783452531480554,3119.9411998725036,35.70685714285715,9.17431855825834,20.016000000000005,0.1298669849526191,0.0,0.0,0.07013976501077628,0.0,0.0,0.0,0.9298602349892235,0.0,5.769339499326324,0.32051886107368466,0.6410377221473693,60.71709399395123,0.6410377221473693,0.32051886107368466,2.2689198955629046,101.52054150927133,11.218160137578963,"8a7558242847fff,8a7558240497fff,8a755824049ffff,8a755824048ffff,8a75582404d7fff,8a7558242b2ffff,8a7558242b0ffff,8a7558242a27fff,8a7558242a2ffff,8a7558242b5ffff,8a7558242a77fff,8a7558242a67fff,8a7558242a6ffff,8a7558240697fff,8a7558242acffff,8a755824230ffff,8a7558242227fff,8a7558242237fff,8a7558242207fff,8a755824220ffff,8a755824225ffff"
-297823017,-101746498#2,"-297823017,297823019#1,297823023#0,297823021,297823022#1,-297823020#1,1047412912#1,-659283000#11,-659283000#10,-659283000#8,-659283000#7,-71324343#11,-71324343#10,-71324343#8,-71324343#7,-71324343#6,-71324343#5,-71324343#4,-71324343#3,-71324343#2,-71324343#1,-71324343#0,463830226#1,101411570,282689981#1,-120511301,101411571#0,-47374680#8,-47374680#7,-47374680#6,101746498#0,101746498#1,101746498#2,-101746498#2",3.8277818974962186,2675.696727590881,34.697647058823534,8.618119888764157,20.016000000000005,0.16949905720440622,0.0,0.0,0.08178503204416841,0.0,0.0,0.0,0.9182149679558318,0.0,6.7272197982641595,0.37373443323689776,0.7474688664737955,50.09932658270871,0.7474688664737955,0.37373443323689776,1.9458512679571,70.6068769745591,12.706970730054524,"8a7558242847fff,8a7558240497fff,8a755824049ffff,8a755824048ffff,8a75582404d7fff,8a7558242b2ffff,8a7558242b0ffff,8a7558242a27fff,8a7558242a07fff,8a7558242a1ffff,8a7558242aaffff,8a7558242af7fff,8a7558242ac7fff,8a7558242acffff,8a755824230ffff,8a7558242227fff,8a7558242237fff,8a7558242207fff,8a755824220ffff,8a755824225ffff"
-297823017,-101746498#2,"-297823017,297823019#1,297823023#0,-297823018,-297823020#1,1047412912#1,-659283000#11,-659283000#10,-659283000#8,-659283000#7,-71324343#11,-71324343#10,-71324343#8,-71324343#7,-71324343#6,-71324343#5,101416508#0,101416508#1,-101416507,-101415864#0,-71324343#1,-71324343#0,-416376586,71223791#1,101411570,282689981#1,-120511301,101411571#0,-47374680#8,-47374680#7,-47374680#6,101746498#0,101746498#1,101746498#2,-101746498#2",4.708477112947411,3326.4585536076374,37.42251428571429,9.812661740507185,20.016000000000005,0.30287040794021264,0.0,0.0,0.06578526053456081,0.0,0.0,0.0,0.9342147394654392,0.0,5.4111601602486505,0.30062000890270285,0.6012400178054057,58.56093411684467,0.6012400178054057,0.30062000890270285,2.419105845441638,83.45429140958551,10.521700311594598,"8a7558242847fff,8a7558240497fff,8a755824049ffff,8a75582404d7fff,8a7558242b2ffff,8a7558242b0ffff,8a7558242a27fff,8a7558242a2ffff,8a7558242a0ffff,8a7558242a07fff,8a7558242a1ffff,8a7558242aaffff,8a7558242327fff,8a7558242af7fff,8a7558242ac7fff,8a7558242acffff,8a755824230ffff,8a7558242227fff,8a7558242237fff,8a7558242207fff,8a755824220ffff,8a755824225ffff"
-297823017,-101746498#2,"-297823017,297823019#1,297823023#0,-297823018,-297823020#1,1047412912#1,-659283000#11,-659283000#10,-659283000#8,-659283000#7,-71324343#11,-71324343#10,-71324343#8,-71324343#7,-71324343#6,-71324343#5,-71324343#4,-71324343#3,-71324343#2,-71324343#1,-71324343#0,-416376586,71223791#1,101411570,282689981#1,-120511301,101411571#0,-47374680#8,-47374680#7,-47374680#6,101746498#0,101746498#1,101746498#2,-101746498#2",4.559238180513386,3122.7908635325957,35.28635294117648,8.963386487606304,20.016000000000005,0.2162076371661063,0.0,0.0,0.07007575984737814,0.0,0.0,0.0,0.9299242401526219,0.0,5.764074760881634,0.32022637560453526,0.6404527512090705,53.292644438144066,0.6404527512090705,0.32022637560453526,2.270992261085149,85.35305987475604,10.887696770554198,"8a7558242847fff,8a7558240497fff,8a755824049ffff,8a75582404d7fff,8a7558242b2ffff,8a7558242b0ffff,8a7558242a27fff,8a7558242a07fff,8a7558242a1ffff,8a7558242aaffff,8a7558242327fff,8a7558242af7fff,8a7558242ac7fff,8a7558242acffff,8a755824230ffff,8a7558242227fff,8a7558242237fff,8a7558242207fff,8a755824220ffff,8a755824225ffff"
-297823017,-101746498#2,"-297823017,297823019#1,297823023#0,297823021,297823022#1,-297823020#1,1047412912#1,-659283000#11,-659283000#10,-659283000#8,-659283000#7,-71324343#11,-71324343#10,-71324343#8,-71324343#7,-71324343#6,-71324343#5,101416508#0,101416508#1,101416508#2,679068326#1,679068326#2,679068326#3,101411570,282689981#1,-120511301,101411571#0,-47374680#8,-47374680#7,-47374680#6,101746498#0,101746498#1,101746498#2,-101746498#2",3.897569740639236,2756.4823795837938,36.463764705882355,9.504759327955284,20.016000000000005,0.22307765931323476,0.0,0.0,0.07938811589266846,0.0,0.0,0.0,0.9206118841073315,0.0,6.530061695049852,0.36278120528054736,0.7255624105610947,52.37220838410284,0.7255624105610947,0.36278120528054736,2.0046011485927453,70.98425992379536,12.33456097953861,"8a7558242847fff,8a7558240497fff,8a755824049ffff,8a755824048ffff,8a75582404d7fff,8a7558242b2ffff,8a7558242b0ffff,8a7558242a27fff,8a7558242a2ffff,8a7558242a0ffff,8a7558242af7fff,8a7558242ac7fff,8a7558242acffff,8a755824230ffff,8a7558242227fff,8a7558242237fff,8a7558242207fff,8a755824220ffff,8a755824225ffff"
-297823017,-101746498#2,"-297823017,297823019#1,297823023#0,297823021,297823022#1,-297823020#1,1047412912#1,-659283000#11,-659283000#10,-659283000#8,-659283000#7,-71324343#11,-71324343#10,-71324343#8,-71324343#7,-71324343#6,-71324343#5,101416508#0,101416508#1,-101416507,101415864#1,679068326#2,679068326#3,101411570,282689981#1,-120511301,101411571#0,-47374680#8,-47374680#7,-47374680#6,101746498#0,101746498#1,101746498#2,-101746498#2",3.861527332315215,2804.9573662037083,37.052470588235295,9.709186141454484,20.016000000000005,0.2816050055585207,0.0,0.0,0.07801613858490433,0.0,0.0,0.0,0.9219838614150958,0.0,6.417209836013159,0.3565116575562866,0.7130233151125732,52.61397412744758,0.7130233151125732,0.3565116575562866,2.0398536916802765,70.75945619372186,12.121396356913744,"8a7558242847fff,8a7558240497fff,8a755824049ffff,8a755824048ffff,8a75582404d7fff,8a7558242b2ffff,8a7558242b0ffff,8a7558242a27fff,8a7558242a2ffff,8a7558242a0ffff,8a7558242af7fff,8a7558242ac7fff,8a7558242acffff,8a755824230ffff,8a7558242227fff,8a7558242237fff,8a7558242207fff,8a755824220ffff,8a755824225ffff"
-297823017,-101746498#2,"-297823017,297823019#1,297823023#0,297823021,297823022#1,-297823020#1,1047412912#1,-659283000#11,-659283000#10,-659283000#8,-659283000#7,-71324343#11,-71324343#10,-71324343#8,-71324343#7,-71324343#6,-71324343#5,101416508#0,-101416509,-71324343#2,-71324343#1,-416375814,679068326#3,101411570,282689981#1,-120511301,101411571#0,-47374680#8,-47374680#7,-47374680#6,101746498#0,101746498#1,101746498#2,-101746498#2",3.90750954089339,2824.9836177264206,36.46376470588236,9.504759327955284,20.016000000000005,0.27097565812357577,0.0,0.0,0.07746308376209815,0.0,0.0,0.0,0.922536916237902,0.0,6.37171836574635,0.35398435365257497,0.7079687073051499,52.61983323491194,0.7079687073051499,0.35398435365257497,2.0544174150335515,71.27774053015496,12.03546802418755,"8a7558242847fff,8a7558240497fff,8a755824049ffff,8a755824048ffff,8a75582404d7fff,8a7558242b2ffff,8a7558242b0ffff,8a7558242a27fff,8a7558242a07fff,8a7558242a1ffff,8a7558242a0ffff,8a7558242af7fff,8a7558242ac7fff,8a7558242acffff,8a755824230ffff,8a7558242227fff,8a7558242237fff,8a7558242207fff,8a755824220ffff,8a755824225ffff"
-297823017,-101746498#2,"-297823017,297823019#1,297823023#0,-297823018,-297823020#1,1047412912#1,-659283000#11,-659283000#10,-659283000#8,-659283000#7,-71324343#11,-71324343#10,-71324343#8,-71324343#7,-71324343#6,-71324343#5,101416508#0,101416508#1,-101416507,101415864#1,679068326#2,679068326#3,101411570,282689981#1,-120511301,101411571#0,-47374680#8,-47374680#7,-47374680#6,101746498#0,101746498#1,101746498#2,-101746498#2",4.1403588649282606,2930.8870163092993,37.26654545454546,9.777900276551295,20.016000000000005,0.269505453572848,0.0,0.0,0.07466406633513273,0.0,0.0,0.0,0.9253359336648672,0.0,6.141485461512735,0.34119363675070746,0.6823872735014149,52.670064599986006,0.6823872735014149,0.34119363675070746,2.131433715232492,80.82778019119837,11.259390012773347,"8a7558242847fff,8a7558240497fff,8a755824049ffff,8a75582404d7fff,8a7558242b2ffff,8a7558242b0ffff,8a7558242a27fff,8a7558242a2ffff,8a7558242a0ffff,8a7558242af7fff,8a7558242ac7fff,8a7558242acffff,8a755824230ffff,8a7558242227fff,8a7558242237fff,8a7558242207fff,8a755824220ffff,8a755824225ffff"
-297823017,-101746498#2,"-297823017,297823019#1,297823023#0,-297823018,-297823020#1,1047412912#1,-659283000#11,-659283000#10,-659283000#8,-659283000#7,-71324343#11,-71324343#10,-71324343#8,-71324343#7,-71324343#6,-71324343#5,101416508#0,-101416509,-71324343#2,-71324343#1,-71324343#0,-416376586,71223791#1,101411570,282689981#1,-120511301,101411571#0,-47374680#8,-47374680#7,-47374680#6,101746498#0,101746498#1,101746498#2,-101746498#2",4.61835294232884,3210.0541772785573,36.463764705882355,9.504759327955284,20.016000000000005,0.26146521148819635,0.0,0.0,0.06817079417395369,0.0,0.0,0.0,0.9318292058260463,0.0,5.607381996044743,0.3115212220024857,0.6230424440049714,55.02867490448844,0.6230424440049714,0.3115212220024857,2.334452902176414,84.4387878432017,10.591721548084514,"8a7558242847fff,8a7558240497fff,8a755824049ffff,8a75582404d7fff,8a7558242b2ffff,8a7558242b0ffff,8a7558242a27fff,8a7558242a07fff,8a7558242a1ffff,8a7558242aaffff,8a7558242327fff,8a7558242af7fff,8a7558242ac7fff,8a7558242acffff,8a755824230ffff,8a7558242227fff,8a7558242237fff,8a7558242207fff,8a755824220ffff,8a755824225ffff"
-101594843,-619184994,"-101594843,101594812#1,101594812#2,101594812#3,101594812#0,101594843,101594815#0,-659283000#5,-659283000#3,-659283000#2,-659283000#1,-659283000#0,-282479127#2,1164653914,-619184994",1.024996794974289,919.6040133081342,36.660000000000004,9.766807930068921,20.016000000000005,0.3321095802545246,0.0,0.0,0.44121567725372063,0.0,0.0,0.0,0.5587843227462793,0.0,19.573642284626146,1.0874245713681192,0.0,83.65182111497136,2.1748491427362384,0.0,1.6602369815973435,43.50538838643683,16.311368570521786,"8a7558242b07fff,8a7558242b17fff,8a7558242b0ffff,8a7558242b1ffff,8a7558242a37fff,8a7558242b8ffff,8a7558242aa7fff,8a7558242ab7fff,8a7558242a97fff"
-101787489,-1323419243,"-101787489,101787489,-120511144#0,-283490977#1,-283490977#0,-1323419243",0.8902207391235832,681.4117461566509,39.996,10.963214711023408,20.016000000000005,0.6787571758638921,0.0,0.0,0.6915346171389349,0.0,0.0,0.0,0.3084653828610651,1.4675414764131587,13.207873287718428,0.0,0.0,124.7330311428768,1.4675414764131587,0.0,1.639477209087384,63.63453380551545,8.805248858478953,"8a755825c9b7fff,8a755825c9a7fff,8a755824266ffff,8a7558242297fff,8a755824274ffff"
-1323419243,-101787489,"-1323419243,1323419243,120511145,283490977#1,120511144#0,-101787489",0.5065203763290773,585.0224771451727,39.996,10.963214711023408,20.016000000000005,0.7905903285609989,0.0,0.0,0.8203556757426268,0.0,0.0,0.0,0.1796443242573732,1.7093360324886304,15.384024292397672,1.7093360324886304,0.0,76.47123292109049,1.7093360324886304,1.7093360324886304,1.271317813010201,76.97080637107584,10.256016194931782,"8a755824274ffff,8a7558242297fff,8a755824266ffff,8a755825c9b7fff,8a755825c9a7fff"
659281081#1,100475365#1,"659281081#1,100525445,-416373452,101418587,464265154,120511142#1,75421017,-282689984#1,-282689984#0,-134065887,100475363,282479151#1,100475362,-659278038#3,659278038#3,100475365#0,100475365#1",1.6394101196994275,1098.3114043391192,41.76211764705882,10.154109918416985,20.016000000000005,0.31806229084603954,0.0,0.0,0.09916094925152134,0.0,0.0,0.0,0.9008390507484785,4.552442941270032,8.194397294286057,0.9104885882540065,0.0,113.94388511655212,0.9104885882540065,0.9104885882540065,2.578605941776098,48.79401036685928,15.47830600031811,"8a7558242397fff,8a75582423a7fff,8a75582423b7fff,8a75582420effff,8a7558242047fff,8a7558242067fff,8a7558242077fff,8a755824200ffff,8a7558242007fff"
-101601559,-101746516#0,"-101601559,101601559,659278036#3,101600741#0,101600741#1,101600741#2,101600741#3,101601553#0,101601553#1,-100525438#0,100468681#7,100468681#8,282479126,133906980,133906979,282479125#0,282479125#1,120511930,-42762428#0,-697042776#1,42762429,1323419246,184568063,1323419245,16648700,1323419243,120511145,47374680#0,101749458#0,101749458#1,-101749449#1,101746514,-101746498#2,-101746508#1,-101746504,-101746516#0",5.378101276507723,3728.929100101993,36.104000000000006,9.351006668497556,20.016000000000005,0.3468174902507732,0.0,0.0,0.2669468133178553,0.13485460437007535,0.0,0.0,0.5981985823120693,0.5363470171490513,4.827123154341462,0.26817350857452565,0.26817350857452565,73.28303524249708,0.8045205257235769,0.26817350857452565,2.851809465596381,95.56551039214939,9.654246308682923,"8a75582421b7fff,8a7558242197fff,8a75582421a7fff,8a7558242137fff,8a7558242127fff,8a755824212ffff,8a75582428dffff,8a7558242177fff,8a7558242167fff,8a7558242147fff,8a755824214ffff,8a7558242a97fff,8a755824206ffff,8a7558242047fff,8a75582423b7fff,8a7558242397fff,8a755824239ffff,8a755824274ffff,8a7558242297fff,8a755824229ffff,8a755825c927fff,8a755824225ffff,8a755824220ffff,8a7558242277fff,8a755824235ffff,8a7558242347fff"
-101601559,-101746516#0,"-101601559,101601559,659278036#3,101600741#0,101600741#1,101600741#2,101600741#3,101601553#0,101601553#1,-100525438#0,100468681#7,100468681#8,282479126,133906980,133906979,282479125#0,282479125#1,120511930,42762428#1,42762428#4,71324344,463830226#0,-416376586,71223791#1,101411570,282689981#1,-120511301,101411571#0,-47374680#8,-47374680#7,-47374680#6,101746498#0,-101746516#3,-101746516#2,-101746516#1,-101746516#0",4.878999245486532,3289.0095827645973,35.54800000000001,9.092403359791234,20.016000000000005,0.2588223922558933,0.0,0.0,0.04479206535687753,0.15289200163887345,0.0,0.0,0.802315933004249,0.0,5.4727721361243304,0.3040428964513517,0.0,68.19058374874359,0.9121286893540551,0.0,2.5153679270299705,65.5889414213302,10.945544272248661,"8a75582421b7fff,8a7558242197fff,8a75582421a7fff,8a7558242137fff,8a7558242127fff,8a755824212ffff,8a75582428dffff,8a7558242177fff,8a7558242167fff,8a7558242147fff,8a755824214ffff,8a7558242a97fff,8a7558242a87fff,8a7558242aa7fff,8a7558242aaffff,8a7558242327fff,8a7558242af7fff,8a7558242ac7fff,8a7558242acffff,8a755824230ffff,8a7558242227fff,8a7558242237fff,8a7558242207fff,8a755824222ffff,8a755824235ffff,8a7558242347fff"
-101601559,-101746516#0,"-101601559,101601559,659278036#3,101600741#0,101600741#1,101600741#2,101600741#3,101601553#0,101601553#1,-100525438#0,100468681#7,100468681#8,282479126,133906980,133906979,282479125#0,282479125#1,120511930,42762428#1,1164653913,463830226#0,463830226#1,101411570,282689981#1,-120511301,101411571#0,-47374680#8,-47374680#7,-47374680#6,101746498#0,101746498#1,-101746508#1,-101746504,-101746516#0",4.555451496653377,3066.8481357276196,36.463764705882355,9.504759327955284,20.016000000000005,0.24538624125278577,0.0,0.0,0.039933764023139195,0.1639674467933866,0.0,0.0,0.796098789183474,0.0,5.869217908218805,0.3260676615677114,0.0,70.29225087536376,0.978202984703134,0.0,2.3454633510665084,56.83462480056937,11.086300493302186,"8a75582421b7fff,8a7558242197fff,8a75582421a7fff,8a7558242137fff,8a7558242127fff,8a755824212ffff,8a75582428dffff,8a7558242177fff,8a7558242167fff,8a7558242147fff,8a755824214ffff,8a7558242a97fff,8a7558242a87fff,8a7558242aa7fff,8a7558242aaffff,8a7558242af7fff,8a7558242ac7fff,8a7558242acffff,8a755824230ffff,8a7558242227fff,8a7558242237fff,8a7558242207fff,8a755824220ffff,8a7558242277fff,8a755824235ffff,8a7558242347fff"
-101601559,-101746516#0,"-101601559,101601559,659278036#3,101600741#0,101600741#1,101600741#2,101600741#3,101601553#0,101601553#1,-100525438#0,100468681#7,100468681#8,282479126,133906980,133906979,282479125#0,282479125#1,120511930,42762428#1,1164653913,463830226#0,-416376586,71223791#1,101411570,282689981#1,-120511301,101411571#0,-47374680#8,-47374680#7,-47374680#6,101746498#0,101746498#1,-101746508#1,-101746504,-101746516#0",5.008076247057498,3388.012621563743,36.85062857142858,9.639585343430358,20.016000000000005,0.28754482542228127,0.0,0.0,0.036148268447248146,0.14842425772493667,0.0,0.0,0.8154274738278151,0.0,5.312849156887753,0.2951582864937641,0.0,71.64007271541782,0.8854748594812923,0.0,2.591083446309349,62.937627988658285,10.330540027281744,"8a75582421b7fff,8a7558242197fff,8a75582421a7fff,8a7558242137fff,8a7558242127fff,8a755824212ffff,8a75582428dffff,8a7558242177fff,8a7558242167fff,8a7558242147fff,8a755824214ffff,8a7558242a97fff,8a7558242a87fff,8a7558242aa7fff,8a7558242aaffff,8a7558242327fff,8a7558242af7fff,8a7558242ac7fff,8a7558242acffff,8a755824230ffff,8a7558242227fff,8a7558242237fff,8a7558242207fff,8a755824220ffff,8a7558242277fff,8a755824235ffff,8a7558242347fff"
-101601559,-101746516#0,"-101601559,101601559,659278036#3,101600741#0,101600741#1,101600741#2,101600741#3,101601553#0,101601553#1,-100525438#0,100468681#7,100468681#8,282479126,133906980,133906979,282479125#0,282479125#1,120511930,-42762428#0,-697042776#1,687927789#0,-71324342,71223791#0,71223791#1,101411570,282689981#1,-120511301,101411571#0,-47374680#8,-47374680#7,-47374680#6,101746498#0,101746498#1,-101746508#1,-101746504,-101746516#0",4.5221851447562464,3105.3548998062874,36.660000000000004,9.569478337774893,20.016000000000005,0.2788475924724596,0.0,0.0,0.021620842355894305,0.16193423126924528,0.0,0.0,0.8164449263748604,0.0,5.796438919468703,0.322024384414928,0.322024384414928,69.57705073225864,0.9660731532447839,0.322024384414928,2.3749125444786405,60.27073826675927,11.592877838937406,"8a75582421b7fff,8a7558242197fff,8a75582421a7fff,8a7558242137fff,8a7558242127fff,8a755824212ffff,8a75582428dffff,8a7558242177fff,8a7558242167fff,8a7558242147fff,8a755824214ffff,8a7558242a97fff,8a755824206ffff,8a7558242a9ffff,8a7558242327fff,8a7558242af7fff,8a7558242ac7fff,8a7558242acffff,8a755824230ffff,8a7558242227fff,8a7558242237fff,8a7558242207fff,8a755824220ffff,8a7558242277fff,8a755824235ffff,8a7558242347fff"
-101601559,-101746516#0,"-101601559,101601559,659278036#3,101600741#0,101600741#1,101600741#2,101600741#3,101601553#0,101601553#1,-100525438#0,100468681#7,100468681#8,282479126,133906980,133906979,282479125#0,282479125#1,120511930,-42762428#0,-697042776#1,42762429,1323419246,184568063,76867740,1323419243,120511145,47374680#0,101749458#0,101749458#1,-101749449#1,101746514,-101746498#2,-101746508#1,-101746504,-101746516#0",5.4112945538186485,3735.3098677272733,36.27874285714286,9.427700450527372,20.016000000000005,0.34622504627904466,0.0,0.0,0.20321987732414795,0.13462424171633167,0.0,0.0,0.6621558809595204,1.0708616263832955,9.637754637449659,0.5354308131916478,0.2677154065958239,74.00152884790025,0.8031462197874716,0.2677154065958239,2.8566893474667676,98.4856633644221,9.370039230853836,"8a75582421b7fff,8a7558242197fff,8a75582421a7fff,8a7558242137fff,8a7558242127fff,8a755824212ffff,8a75582428dffff,8a7558242177fff,8a7558242167fff,8a7558242147fff,8a755824214ffff,8a7558242a97fff,8a755824206ffff,8a7558242047fff,8a75582423b7fff,8a7558242397fff,8a755824274ffff,8a7558242297fff,8a755824229ffff,8a755825c927fff,8a755824225ffff,8a755824220ffff,8a7558242277fff,8a755824235ffff,8a7558242347fff"
-101601559,-101746516#0,"-101601559,101601559,659278036#3,101600741#0,101600741#1,101600741#2,101600741#3,101601553#0,101601553#1,-100525438#0,100468681#7,100468681#8,282479126,133906980,133906979,282479125#0,282479125#1,120511930,-42762428#0,-697042776#1,42762429,1323419246,184568063,1323419245,16648700,1323419243,120511145,47374680#0,47374680#1,101415865#0,-101749449#1,101746514,-101746498#2,-101746508#1,-101746504,-101746516#0",6.161485875847821,4091.3456676202877,34.992000000000004,8.79012713706203,20.016000000000005,0.28022845965765136,0.0,0.0,0.2433003273809005,0.12290901316358424,0.0,0.0,0.6337906594555153,0.48883672084429153,4.399530487598624,0.24441836042214576,0.24441836042214576,75.63756150385595,0.7332550812664372,0.24441836042214576,3.1289783175623125,101.54123469054386,8.799060975197248,"8a75582421b7fff,8a7558242197fff,8a75582421a7fff,8a7558242137fff,8a7558242127fff,8a755824212ffff,8a75582428dffff,8a7558242177fff,8a7558242167fff,8a7558242147fff,8a755824214ffff,8a7558242a97fff,8a755824206ffff,8a7558242047fff,8a75582423b7fff,8a7558242397fff,8a755824239ffff,8a755824274ffff,8a7558242297fff,8a75582422a7fff,8a755825c927fff,8a755824225ffff,8a755824220ffff,8a7558242277fff,8a755824235ffff,8a7558242347fff"
-101601559,-101746516#0,"-101601559,101601559,659278036#3,101600741#0,101600741#1,101600741#2,101600741#3,101601553#0,101601553#1,-100525438#0,100468681#7,100468681#8,282479126,133906980,133906979,282479125#0,282479125#1,120511930,42762428#1,1164653913,463830226#0,-416376586,71223791#1,101411570,282689981#1,-120511301,101411571#0,-47374680#8,-47374680#7,-47374680#6,101746498#0,-101746516#3,-101746516#2,-101746516#1,-101746516#0",4.870440011857875,3278.3249128943075,36.278742857142866,9.427700450527372,20.016000000000005,0.26800684994898116,0.0,0.0,0.03735773390405844,0.15339030507331763,0.0,0.0,0.8092519610226239,0.0,5.490608917133991,0.30503382872966617,0.0,68.21717020274099,0.9151014861889984,0.0,2.5071965078758676,65.06620464443327,10.676184005538316,"8a75582421b7fff,8a7558242197fff,8a75582421a7fff,8a7558242137fff,8a7558242127fff,8a755824212ffff,8a75582428dffff,8a7558242177fff,8a7558242167fff,8a7558242147fff,8a755824214ffff,8a7558242a97fff,8a7558242a87fff,8a7558242aa7fff,8a7558242aaffff,8a7558242327fff,8a7558242af7fff,8a7558242ac7fff,8a7558242acffff,8a755824230ffff,8a7558242227fff,8a7558242237fff,8a7558242207fff,8a755824222ffff,8a755824235ffff,8a7558242347fff"
-101601559,-101746516#0,"-101601559,101601559,659278036#3,101600741#0,101600741#1,101600741#2,101600741#3,101601553#0,101601553#1,-100525438#0,100468681#7,100468681#8,282479126,133906980,133906979,282479125#0,282479125#1,120511930,42762428#1,1164653913,463830226#0,463830226#1,101411570,282689981#1,-120511301,101411571#0,-47374680#8,-47374680#7,-47374680#6,101746498#0,-101746516#3,-101746516#2,-101746516#1,-101746516#0",4.417815261453754,2957.1604270581843,35.875058823529415,9.257345757898614,20.016000000000005,0.22216257384145868,0.0,0.0,0.041414996841678424,0.1700493669254763,0.0,0.0,0.7885356362328451,0.0,6.086920356196771,0.33816224201093176,0.0,66.69183453820024,1.0144867260327952,0.0,2.2615764126330267,58.878881149272665,11.49751622837168,"8a75582421b7fff,8a7558242197fff,8a75582421a7fff,8a7558242137fff,8a7558242127fff,8a755824212ffff,8a75582428dffff,8a7558242177fff,8a7558242167fff,8a7558242147fff,8a755824214ffff,8a7558242a97fff,8a7558242a87fff,8a7558242aa7fff,8a7558242aaffff,8a7558242af7fff,8a7558242ac7fff,8a7558242acffff,8a755824230ffff,8a7558242227fff,8a7558242237fff,8a7558242207fff,8a755824222ffff,8a755824235ffff,8a7558242347fff"
-101601559,-101746516#0,"-101601559,101601559,659278036#3,101600741#0,101600741#1,101600741#2,101600741#3,101601553#0,101601553#1,-100525438#0,100468681#7,100468681#8,282479126,133906980,133906979,282479125#0,282479125#1,120511930,-42762428#0,-697042776#1,687927789#0,-71324342,71223791#0,416376586,463830226#1,101411570,282689981#1,-120511301,101411571#0,-47374680#8,-47374680#7,-47374680#6,101746498#0,-101746516#3,-101746516#2,-101746516#1,-101746516#0",4.428984394333687,3117.789027854165,36.479675675675686,9.499173221491011,20.016000000000005,0.3181651886051529,0.0,0.0,0.021534615763923393,0.16128841753747966,0.0,0.0,0.8171769666985969,0.0,5.773322004532358,0.3207401113629088,0.3207401113629088,66.27120254290244,0.9622203340887264,0.3207401113629088,2.3844219138207405,62.24980666399311,11.867384120427625,"8a75582421b7fff,8a7558242197fff,8a75582421a7fff,8a7558242137fff,8a7558242127fff,8a755824212ffff,8a75582428dffff,8a7558242177fff,8a7558242167fff,8a7558242147fff,8a755824214ffff,8a7558242a97fff,8a755824206ffff,8a7558242a9ffff,8a7558242327fff,8a7558242aaffff,8a7558242af7fff,8a7558242ac7fff,8a7558242acffff,8a755824230ffff,8a7558242227fff,8a7558242237fff,8a7558242207fff,8a755824222ffff,8a755824235ffff,8a7558242347fff"
-101601559,-101746516#0,"-101601559,101601559,659278036#3,101600741#0,101600741#1,101600741#2,101600741#3,101601553#0,101601553#1,-100525438#0,100468681#7,100468681#8,282479126,133906980,133906979,282479125#0,282479125#1,120511930,-42762428#0,-697042776#1,687927789#0,-71324342,71223791#0,416376586,463830226#1,101411570,282689981#1,-120511301,101411571#0,-47374680#8,-47374680#7,-47374680#6,101746498#0,101746498#1,-101746508#1,-101746504,-101746516#0",4.56662062953331,3227.4767365236003,37.02064864864865,9.68729392387614,20.016000000000005,0.3369703293451778,0.0,0.0,0.020802749091271333,0.15580693512913202,0.0,0.0,0.8233903157795965,0.0,5.5771122364117405,0.3098395686895411,0.3098395686895411,69.63259427443943,0.9295187060686233,0.3098395686895411,2.4683088522542223,60.62605285742905,11.464064041513021,"8a75582421b7fff,8a7558242197fff,8a75582421a7fff,8a7558242137fff,8a7558242127fff,8a755824212ffff,8a75582428dffff,8a7558242177fff,8a7558242167fff,8a7558242147fff,8a755824214ffff,8a7558242a97fff,8a755824206ffff,8a7558242a9ffff,8a7558242327fff,8a7558242aaffff,8a7558242af7fff,8a7558242ac7fff,8a7558242acffff,8a755824230ffff,8a7558242227fff,8a7558242237fff,8a7558242207fff,8a755824220ffff,8a7558242277fff,8a755824235ffff,8a7558242347fff"
-101601559,-101746516#0,"-101601559,101601559,659278036#3,101600741#0,101600741#1,101600741#2,101600741#3,101601553#0,101601553#1,-100525438#0,100468681#7,100468681#8,282479126,133906980,133906979,282479125#0,282479125#1,120511930,42762428#1,42762428#4,71324344,463830226#0,-416376586,71223791#1,101411570,282689981#1,-120511301,101411571#0,-47374680#8,-47374680#7,-47374680#6,101746498#0,101746498#1,-101746508#1,-101746504,-101746516#0",5.016635480686155,3398.6972914340326,36.104000000000006,9.351006668497556,20.016000000000005,0.27859535932549506,0.0,0.0,0.04334647059092106,0.14795764829828056,0.0,0.0,0.8086958811107984,0.0,5.296146863495793,0.29423038130532186,0.0,71.51128945482347,0.8826911439159655,0.0,2.5992548654634517,63.654917904742064,10.592293726991587,"8a75582421b7fff,8a7558242197fff,8a75582421a7fff,8a7558242137fff,8a7558242127fff,8a755824212ffff,8a75582428dffff,8a7558242177fff,8a7558242167fff,8a7558242147fff,8a755824214ffff,8a7558242a97fff,8a7558242a87fff,8a7558242aa7fff,8a7558242aaffff,8a7558242327fff,8a7558242af7fff,8a7558242ac7fff,8a7558242acffff,8a755824230ffff,8a7558242227fff,8a7558242237fff,8a7558242207fff,8a755824220ffff,8a7558242277fff,8a755824235ffff,8a7558242347fff"
-101601559,-101746516#0,"-101601559,101601559,659278036#3,101600741#0,101600741#1,101600741#2,101600741#3,101601553#0,101601553#1,-100525438#0,100468681#7,100468681#8,282479126,133906980,133906979,282479125#0,282479125#1,120511930,-42762428#0,-697042776#1,687927789#0,-71324342,71223791#0,71223791#1,101411570,282689981#1,-120511301,101411571#0,-47374680#8,-47374680#7,-47374680#6,101746498#0,-101746516#3,-101746516#2,-101746516#1,-101746516#0",4.384548909556624,2995.667191136852,36.10400000000001,9.351006668497554,20.016000000000005,0.25714764813685453,0.0,0.0,0.022412499274439092,0.16786352636438207,0.0,0.0,0.8097239743611789,0.0,6.008678151316609,0.33381545285092273,0.33381545285092273,66.10644165366622,1.0014463585527682,0.33381545285092273,2.2910256060451593,61.89870315026794,12.017356302633218,"8a75582421b7fff,8a7558242197fff,8a75582421a7fff,8a7558242137fff,8a7558242127fff,8a755824212ffff,8a75582428dffff,8a7558242177fff,8a7558242167fff,8a7558242147fff,8a755824214ffff,8a7558242a97fff,8a755824206ffff,8a7558242a9ffff,8a7558242327fff,8a7558242af7fff,8a7558242ac7fff,8a7558242acffff,8a755824230ffff,8a7558242227fff,8a7558242237fff,8a7558242207fff,8a755824222ffff,8a755824235ffff,8a7558242347fff"
-101601559,-101746516#0,"-101601559,101601559,659278036#3,101600741#0,101600741#1,101600741#2,101600741#3,101601553#0,101601553#1,-100525438#0,100468681#7,100468681#8,282479126,133906980,133906979,282479125#0,282479125#1,120511930,42762428#1,42762428#4,71324344,463830226#0,463830226#1,101411570,282689981#1,-120511301,101411571#0,-47374680#8,-47374680#7,-47374680#6,101746498#0,-101746516#3,-101746516#2,-101746516#1,-101746516#0",4.426374495082411,2967.845096928474,35.13497142857143,8.875886505801299,20.016000000000005,0.21214926875347861,0.0,0.0,0.04963922555899448,0.16943716470874642,0.0,0.0,0.7809236097322592,0.0,6.065006566086897,0.33694480922704984,0.0,66.70903591186575,1.0108344276811496,0.0,2.2697478317871296,59.40518155511822,11.793068322946745,"8a75582421b7fff,8a7558242197fff,8a75582421a7fff,8a7558242137fff,8a7558242127fff,8a755824212ffff,8a75582428dffff,8a7558242177fff,8a7558242167fff,8a7558242147fff,8a755824214ffff,8a7558242a97fff,8a7558242a87fff,8a7558242aa7fff,8a7558242aaffff,8a7558242af7fff,8a7558242ac7fff,8a7558242acffff,8a755824230ffff,8a7558242227fff,8a7558242237fff,8a7558242207fff,8a755824222ffff,8a755824235ffff,8a7558242347fff"
-101601559,-101746516#0,"-101601559,101601559,659278036#3,101600741#0,101600741#1,101600741#2,101600741#3,101601553#0,101601553#1,-100525438#0,100468681#7,100468681#8,282479126,133906980,133906979,282479125#0,282479125#1,120511930,-42762428#0,-697042776#1,42762429,1323419246,184568063,76867740,1323419243,120511145,47374680#0,47374680#1,101415865#0,-101749449#1,101746514,-101746498#2,-101746508#1,-101746504,-101746516#0",6.194679153158745,4097.726435245568,35.13497142857143,8.875886505801299,20.016000000000005,0.2797921023967844,0.0,0.0,0.18524643484203826,0.12271762560649802,0.0,0.0,0.6920359395514638,0.9761510591812577,8.78535953263132,0.48807552959062883,0.24403776479531442,76.39627855591628,0.7321132943859433,0.24403776479531442,3.133858199432699,104.12434867827875,8.541321767836004,"8a75582421b7fff,8a7558242197fff,8a75582421a7fff,8a7558242137fff,8a7558242127fff,8a755824212ffff,8a75582428dffff,8a7558242177fff,8a7558242167fff,8a7558242147fff,8a755824214ffff,8a7558242a97fff,8a755824206ffff,8a7558242047fff,8a75582423b7fff,8a7558242397fff,8a755824274ffff,8a7558242297fff,8a75582422a7fff,8a755825c927fff,8a755824225ffff,8a755824220ffff,8a7558242277fff,8a755824235ffff,8a7558242347fff"
-101601559,-101746516#0,"-101601559,101601559,659278036#3,101600741#0,101600741#1,101600741#2,101600741#3,101601553#0,101601553#1,-100525438#0,100468681#7,100468681#8,282479126,133906980,133906979,282479125#0,282479125#1,120511930,42762428#1,42762428#4,71324344,463830226#0,463830226#1,101411570,282689981#1,-120511301,101411571#0,-47374680#8,-47374680#7,-47374680#6,101746498#0,101746498#1,-101746508#1,-101746504,-101746516#0",4.564010730282034,3077.5328055979094,35.706857142857146,9.17431855825834,20.016000000000005,0.23564919618396604,0.0,0.0,0.04787001195328166,0.16339817973788195,0.0,0.0,0.7887318083088363,0.0,5.848840983029886,0.324935610168327,0.0,70.19681062407334,0.9748068305049811,0.0,2.3536347702206113,57.56514828612033,11.372746355891445,"8a75582421b7fff,8a7558242197fff,8a75582421a7fff,8a7558242137fff,8a7558242127fff,8a755824212ffff,8a75582428dffff,8a7558242177fff,8a7558242167fff,8a7558242147fff,8a755824214ffff,8a7558242a97fff,8a7558242a87fff,8a7558242aa7fff,8a7558242aaffff,8a7558242af7fff,8a7558242ac7fff,8a7558242acffff,8a755824230ffff,8a7558242227fff,8a7558242237fff,8a7558242207fff,8a755824220ffff,8a7558242277fff,8a755824235ffff,8a7558242347fff"
100475365#1,-101601832#0,"100475365#1,282479151#3,282479151#4,282479151#5,282479151#6,282479151#7,282479151#1,100475362,-659278038#3,-101601832#2,-101601832#1,-101601832#0",0.4714420397388617,500.2113842729049,48.336000000000006,5.778121494049777,20.016000000000005,0.7329266011020149,0.0,0.0,0.0,0.0,0.0,0.0,1.0,0.0,0.0,0.0,0.0,109.90034732961307,0.0,0.0,1.7519276068692555,51.49343028919315,23.989857842685662,"8a755824200ffff,8a7558242007fff,8a7558242017fff,8a75582420affff,8a7558242087fff"
120511930,-372606529#4,"120511930,42762428#1,42762428#4,1197063689,282479127#0,101611060,-372606529#7,-372606529#6,-372606529#5,-372606529#4",0.97140856342537,630.5207381830613,29.988,0.0,0.0,0.0,0.0,0.0,0.4019343561105174,0.136379968572419,0.0,0.0,0.4616856753170635,0.0,15.859906573123158,1.585990657312316,0.0,94.58020650616771,3.171981314624632,1.585990657312316,1.6300457782098032,52.53488108943237,15.859906573123158,"8a7558242a97fff,8a7558242a87fff,8a7558242aa7fff,8a7558242b9ffff,8a7558242b87fff,8a7558242bb7fff"
659283000#1,100525438#0,"659283000#1,659283000#2,659283000#3,-659283000#3,-659283000#2,-659283000#1,-659283000#0,-282479127#2,1164653914,1164659927#1,1164659926,120512822,-133906979,-133906980,-282479126,-100468681#8,-100468681#7,100525438#0",1.2970678552198416,1105.3118171940741,42.22,10.04065261530228,20.016000000000005,0.5389730285726835,0.0,0.0,0.47791926863358997,0.18335262278306394,0.0,0.0,0.33872810858334623,0.0,22.618051857497168,1.8094441485997736,0.0,125.94440198363465,1.8094441485997736,0.9047220742998868,2.185315718544609,45.252470451716846,16.28499733739796,"8a7558242b8ffff,8a7558242a37fff,8a7558242b1ffff,8a7558242aa7fff,8a7558242ab7fff,8a7558242b9ffff,8a7558242147fff,8a7558242167fff,8a7558242177fff,8a75582428dffff,8a755824212ffff"
659283000#1,100525438#0,"659283000#1,659283000#2,659283000#3,-659283000#3,-659283000#2,-659283000#1,-659283000#0,-282479127#2,1164653914,1164659927#1,1164659928,1164659929,120512822,-133906979,-133906980,-282479126,-100468681#8,-100468681#7,100525438#0",1.3083923850317665,1123.763295774063,41.5762105263158,10.153261586411793,20.016000000000005,0.5301234342414766,0.0,0.0,0.4700721382091331,0.18034208933301374,0.0,0.0,0.3495857724578534,0.0,22.246677831544297,1.7797342265235436,0.0,129.5476795907945,1.7797342265235436,0.8898671132617718,2.221796199024407,45.03296603283095,16.907475151973664,"8a7558242b8ffff,8a7558242a37fff,8a7558242b1ffff,8a7558242aa7fff,8a7558242ab7fff,8a7558242b9ffff,8a7558242147fff,8a7558242167fff,8a7558242177fff,8a75582428dffff,8a755824212ffff"
659283000#1,100525438#0,"659283000#1,659283000#2,659283000#3,-659283000#3,-659283000#2,-659283000#1,-659283000#0,101611060,372606529#8,1164659929,120512822,-133906979,-133906980,-282479126,-100468681#8,-100468681#7,100525438#0",1.3869438055999934,1139.2593162682356,42.9395294117647,9.859725136366933,20.016000000000005,0.5229127812460237,0.0,0.0,0.37560843655006576,0.17788910547555428,0.0,0.0,0.44650245797438015,0.0,21.94408212687709,1.755526570150167,0.0,122.71500440384963,1.755526570150167,0.8777632850750835,2.2524334333631932,52.03216349224595,14.92197584627642,"8a7558242b8ffff,8a7558242a37fff,8a7558242b1ffff,8a7558242aa7fff,8a7558242b9ffff,8a7558242147fff,8a7558242167fff,8a7558242177fff,8a75582428dffff,8a755824212ffff"
-297823021,-372606529#4,"-297823021,297823023#1,297823019#3,297823019#4,297823017,372606529#1,372606529#2,372606529#3,372606529#4,372606529#5,-372606529#5,-372606529#4",1.312665066026411,843.7587834852972,29.988,0.0,0.0,0.0,0.0,0.0,0.0,0.0,0.0,0.0,1.0,0.0,0.0,0.0,0.0,110.08940290656749,0.0,0.0,1.961692061441413,57.46107904604119,14.222074169624456,"8a755824048ffff,8a755824049ffff,8a7558240487fff,8a7558240497fff,8a7558242847fff,8a755824285ffff,8a7558242bb7fff,8a7558242b87fff"
526439431#0,-100468681#0,"526439431#0,526439431#1,623959719,-282689984#1,-282689984#0,-134065887,100475363,282479151#1,100475362,-659278038#3,-659278038#2,-659278038#1,-659278038#0,-100525438#2,-100525438#1,-101601553#1,-101601553#0,101600741#4,-100468681#2,-100468681#1,-100468681#0",2.557450539611093,1903.405884108969,38.56628571428572,10.149964537587596,20.016000000000005,0.44562456589584415,0.0,0.0,0.07267166823054287,0.3293543597939845,0.0,0.0,0.5979739719754725,0.5253740194609751,8.931358330836575,0.5253740194609751,0.5253740194609751,133.24794178966386,1.0507480389219501,0.5253740194609751,1.6176792028939215,101.73200712171385,11.032854408680477,"8a755824204ffff,8a755824206ffff,8a7558242067fff,8a7558242077fff,8a755824200ffff,8a7558242007fff,8a7558242037fff,8a75582421affff,8a755824211ffff,8a755824212ffff,8a7558242127fff,8a755824288ffff,8a7558242c0ffff,8a7558242c1ffff"
526439431#0,-100468681#0,"526439431#0,526439431#1,623959719,619185406,619184994,1164659927#1,1164659926,120512822,-133906979,-133906980,-282479126,-100468681#8,-100468681#7,-100468681#6,-100468681#5,-100468681#4,-100468681#3,-100468681#2,-100468681#1,-100468681#0",2.21543438109585,1721.0676922681134,40.99680000000001,10.216522395249354,20.016000000000005,0.5791092347171403,0.0,0.0,0.0803708544059298,0.59935479147852,0.0,0.0,0.32027435411555016,0.5810346707991174,9.877589403584997,0.5810346707991174,0.5810346707991174,153.9420275650552,0.5810346707991174,0.5810346707991174,1.462712412417536,101.45283860252897,11.620693415982348,"8a755824204ffff,8a755824206ffff,8a7558242067fff,8a7558242a97fff,8a7558242ab7fff,8a7558242b9ffff,8a7558242147fff,8a7558242167fff,8a7558242177fff,8a75582428dffff,8a75582428d7fff,8a755824288ffff,8a7558242c0ffff,8a7558242c1ffff"
526439431#0,-100468681#0,"526439431#0,526439431#1,623959719,619185406,619184994,1164659927#1,1164659928,1164659929,120512822,-133906979,-133906980,-282479126,-100468681#8,-100468681#7,-100468681#6,-100468681#5,-100468681#4,-100468681#3,-100468681#2,-100468681#1,-100468681#0",2.2267589109077752,1739.5191708481022,40.472571428571435,10.24351457543469,20.016000000000005,0.5729664903203382,0.0,0.0,0.07951834233053634,0.5929972978204375,0.0,0.0,0.327484359849026,0.5748715028604429,9.772815548627529,0.5748715028604429,0.5748715028604429,152.8548107436334,0.5748715028604429,0.5748715028604429,1.4783940772745632,99.96408144369782,12.0723015600693,"8a755824204ffff,8a755824206ffff,8a7558242067fff,8a7558242a97fff,8a7558242ab7fff,8a7558242b9ffff,8a7558242147fff,8a7558242167fff,8a7558242177fff,8a75582428dffff,8a75582428d7fff,8a755824288ffff,8a7558242c0ffff,8a7558242c1ffff"
526439431#0,-100468681#0,"526439431#0,526439431#1,623959719,619185406,619184994,1164659927#1,1164659926,120512822,-133906979,-133906980,-282479126,-100468681#8,-100468681#7,100525438#0,-101601553#1,-101601553#0,101600741#4,-100468681#2,-100468681#1,-100468681#0",2.702086968696765,1918.3466229449728,36.99360000000001,9.795039466350735,20.016000000000005,0.4142696965736343,0.0,0.0,0.07210567645261151,0.43243324076175366,0.0,0.0,0.4954610827856348,0.5212822271216231,17.202313495013563,1.0425644542432462,0.5212822271216231,147.83308434851318,1.5638466813648693,1.0425644542432462,1.6303771369985998,102.17292027719247,10.425644542432462,"8a755824204ffff,8a755824206ffff,8a7558242067fff,8a7558242a97fff,8a7558242ab7fff,8a7558242b9ffff,8a7558242147fff,8a7558242167fff,8a7558242177fff,8a75582428dffff,8a755824212ffff,8a7558242127fff,8a755824288ffff,8a7558242c0ffff,8a7558242c1ffff"
526439431#0,-100468681#0,"526439431#0,526439431#1,623959719,619185406,619184994,1164659927#1,1164659928,1164659929,120512822,-133906979,-133906980,-282479126,-100468681#8,-100468681#7,100525438#0,-101601553#1,-101601553#0,101600741#4,-100468681#2,-100468681#1,-100468681#0",2.71341149850869,1936.7981015249616,36.66000000000001,9.668646565057598,20.016000000000005,0.4103230340760573,0.0,0.0,0.0714187404506021,0.428313537901188,0.0,0.0,0.50026772164821,0.5163160781769859,17.038430579840536,1.0326321563539718,0.5163160781769859,147.01017092622283,1.5489482345309578,1.0326321563539718,1.6460588018556273,100.99630402512629,10.842637641716705,"8a755824204ffff,8a755824206ffff,8a7558242067fff,8a7558242a97fff,8a7558242ab7fff,8a7558242b9ffff,8a7558242147fff,8a7558242167fff,8a7558242177fff,8a75582428dffff,8a755824212ffff,8a7558242127fff,8a755824288ffff,8a7558242c0ffff,8a7558242c1ffff"
-71324343#4,-619184994,"-71324343#4,-463830227,416376585#0,416376585#1,-1164659923,-659283000#0,-282479127#2,1164653914,-619184994",0.6442007328489351,575.7475327443144,34.43600000000001,8.826226373711476,20.016000000000005,0.07115712680069941,0.0,0.0,0.23540842203973936,0.0,0.0,0.0,0.7645915779602607,0.0,31.263703231523316,1.7368724017512953,0.0,48.58755657344217,3.4737448035025906,0.0,1.2417341064168976,48.16702255095863,15.631851615761658,"8a7558242a27fff,8a7558242a17fff,8a7558242b8ffff,8a7558242aa7fff,8a7558242ab7fff,8a7558242a97fff"
-101607098#1,100475365#1,"-101607098#1,101607098#1,101607098#2,-101607965,101607964#1,101607969#0,101607969#1,-100468681#3,-101600741#4,101601553#0,101601553#1,100525438#1,100525438#2,659278038#0,659278038#1,659278038#2,659278038#3,100475365#0,100475365#1",2.4392063953011016,1470.0417957990142,33.14842105263158,7.498680641847677,20.016000000000005,0.05799380922780086,0.0,0.0,0.0,0.03908409266292722,0.0,0.0,0.9609159073370728,0.0,10.884044280729784,0.6802527675456115,0.0,76.12558875526825,1.360505535091223,0.6802527675456115,1.9662271806212777,56.10285728189194,12.924802583366617,"8a7558242857fff,8a7558242847fff,8a7558242877fff,8a75582428e7fff,8a75582428f7fff,8a75582428d7fff,8a755824288ffff,8a7558242127fff,8a755824212ffff,8a755824211ffff,8a75582421affff,8a7558242037fff,8a7558242007fff,8a755824200ffff"
-101607098#1,100475365#1,"-101607098#1,101607098#1,101607098#2,-101607965,101607964#1,101607969#0,101607969#1,100468681#4,100468681#5,100468681#6,100525438#0,100525438#1,100525438#2,659278038#0,659278038#1,659278038#2,659278038#3,100475365#0,100475365#1",2.189448335129588,1368.682055781548,35.25536842105264,9.055517190031027,20.016000000000005,0.12589932333744847,0.0,0.0,0.0,0.10558922021331282,0.0,0.0,0.8944107797866871,0.0,11.690078007827498,0.7306298754892186,0.0,69.89952912311398,1.4612597509784373,0.0,1.8306553374175105,52.034614374642985,13.881967634295153,"8a7558242857fff,8a7558242847fff,8a7558242877fff,8a75582428e7fff,8a75582428f7fff,8a75582428d7fff,8a75582428dffff,8a755824212ffff,8a755824211ffff,8a75582421affff,8a7558242037fff,8a7558242007fff,8a755824200ffff"
101611600,-1200809291,"101611600,372606529#6,372606529#7,372606529#8,1164659929,120512822,282479125#0,282479125#1,120511930,-42762428#0,-697042776#1,42762429,1323419246,-100525445,526438862#0,526438862#1,526438862#2,101418589,-1200809291",2.1074787649779263,1338.6178537667076,28.938315789473688,8.090138558438715,39.99600000000001,0.06609786736114784,0.0,0.0,0.38517152432505497,0.22426223959133446,0.0,0.0,0.35175990868862866,2.988156768374549,27.640450107464577,1.4940783841872745,0.7470391920936372,77.2309085564305,3.7351959604681864,0.7470391920936372,2.2296295040079084,57.941449910627554,14.193744649779108,"8a7558242b97fff,8a7558242b87fff,8a7558242b9ffff,8a7558242147fff,8a755824214ffff,8a7558242a97fff,8a755824206ffff,8a7558242047fff,8a75582423b7fff,8a75582423a7fff,8a755824204ffff"
-42762428#0,-101599076#0,"-42762428#0,-697042776#1,623959719,-282689984#1,-282689984#0,-134065887,100475363,282479151#1,100475362,-659278038#3,-659278038#2,-659278038#1,-659278038#0,659278036#0,-416412034,659278036#2,659278036#3,-100468675#3,101599083#0,101599083#1,101599079#3,101599076#0,101599076#1,-101599076#1,-101599076#0",2.1604393953405694,1645.99551997359,40.39632,10.20619745840732,20.016000000000005,0.38716035887335876,0.0,0.0,0.04079014063713427,0.0,0.0,0.0,0.9592098593628657,0.0,5.4678156111533065,0.6075350679059229,0.6075350679059229,101.10109310794897,0.6075350679059229,0.0,1.6967805927000057,56.59326179895468,15.188376697648074,"8a7558242a97fff,8a755824206ffff,8a7558242067fff,8a7558242077fff,8a755824200ffff,8a7558242007fff,8a7558242037fff,8a75582421affff,8a75582421b7fff,8a7558242ce7fff,8a7558242c57fff,8a7558242c47fff"
-42762428#0,-101599076#0,"-42762428#0,-697042776#1,623959719,-282689984#1,-282689984#0,-134065887,100475363,282479151#1,100475362,-659278038#3,-659278038#2,-659278038#1,-659278038#0,659278036#0,659278036#1,659278036#2,659278036#3,-100468675#3,101599083#0,101599083#1,101599079#3,101599076#0,101599076#1,-101599076#1,-101599076#0",1.9175222284738225,1522.1265428577574,40.39632,10.20619745840732,20.016000000000005,0.41866704132264,0.0,0.0,0.04410959723608864,0.0,0.0,0.0,0.9558904027639112,0.0,5.912780407273306,0.6569756008081452,0.6569756008081452,101.10109310794897,0.6569756008081452,0.0,1.5690897977632623,51.632450032403,16.424390020203628,"8a7558242a97fff,8a755824206ffff,8a7558242067fff,8a7558242077fff,8a755824200ffff,8a7558242007fff,8a7558242037fff,8a75582421affff,8a75582421b7fff,8a7558242ce7fff,8a7558242c57fff,8a7558242c47fff"
526438862#0,-100468681#0,"526438862#0,526438862#1,526438862#2,1200809292,868087112,526439431#0,526439431#1,623959719,-282689984#1,-282689984#0,-134065887,100475363,282479151#1,100475362,-659278038#3,-659278038#2,-659278038#1,-659278038#0,-100525438#2,-100525438#1,-101601553#1,-101601553#0,101600741#4,-100468681#2,-100468681#1,-100468681#0",2.831980351535862,2078.8065202991806,36.91661538461539,9.711053113136282,20.016000000000005,0.40802470674739927,0.0,0.0,0.15091559221350279,0.30156487401174314,0.0,0.0,0.547519533774754,0.4810452489133431,8.177769231526833,0.4810452489133431,0.4810452489133431,138.74166080386425,0.9620904978266862,0.4810452489133431,1.6750021440914262,94.59447571703666,12.50717647174692,"8a75582423a7fff,8a755824204ffff,8a755824206ffff,8a7558242067fff,8a7558242077fff,8a755824200ffff,8a7558242007fff,8a7558242037fff,8a75582421affff,8a755824211ffff,8a755824212ffff,8a7558242127fff,8a755824288ffff,8a7558242c0ffff,8a7558242c1ffff"
526438862#0,-100468681#0,"526438862#0,526438862#1,526438862#2,1200809292,868087112,526439431#0,526439431#1,623959719,619185406,619184994,1164659927#1,1164659928,1164659929,120512822,-133906979,-133906980,-282479126,-100468681#8,-100468681#7,100525438#0,-101601553#1,-101601553#0,101600741#4,-100468681#2,-100468681#1,-100468681#0",2.98794131043346,2112.198737715173,35.37692307692308,9.054123926357878,20.016000000000005,0.37624909967995435,0.0,0.0,0.14852973420844223,0.3927456409531881,0.0,0.0,0.4587246248383698,0.4734402980856475,15.623529836826368,0.946880596171295,0.4734402980856475,141.18330702053,1.4203208942569425,0.946880596171295,1.7019079841595557,94.1156030572705,12.309447750226836,"8a75582423a7fff,8a755824204ffff,8a755824206ffff,8a7558242067fff,8a7558242a97fff,8a7558242ab7fff,8a7558242b9ffff,8a7558242147fff,8a7558242167fff,8a7558242177fff,8a75582428dffff,8a755824212ffff,8a7558242127fff,8a755824288ffff,8a7558242c0ffff,8a7558242c1ffff"
526438862#0,-100468681#0,"526438862#0,526438862#1,526438862#2,1200809292,868087112,526439431#0,526439431#1,623959719,619185406,619184994,1164659927#1,1164659928,1164659929,120512822,-133906979,-133906980,-282479126,-100468681#8,-100468681#7,-100468681#6,-100468681#5,-100468681#4,-100468681#3,-100468681#2,-100468681#1,-100468681#0",2.5012887228325447,1914.9198070383138,38.456307692307696,10.084690776694075,20.016000000000005,0.520484560503499,0.0,0.0,0.16383156931958395,0.5386806089886216,0.0,0.0,0.2974878216917944,0.5222150798819284,8.877656357992784,0.5222150798819284,0.5222150798819284,146.07170754357716,0.5222150798819284,0.5222150798819284,1.542950126061128,92.37210285729654,13.57759207693014,"8a75582423a7fff,8a755824204ffff,8a755824206ffff,8a7558242067fff,8a7558242a97fff,8a7558242ab7fff,8a7558242b9ffff,8a7558242147fff,8a7558242167fff,8a7558242177fff,8a75582428dffff,8a75582428d7fff,8a755824288ffff,8a7558242c0ffff,8a7558242c1ffff"
526438862#0,-100468681#0,"526438862#0,526438862#1,526438862#2,1200809292,868087112,526439431#0,526439431#1,623959719,619185406,619184994,1164659927#1,1164659926,120512822,-133906979,-133906980,-282479126,-100468681#8,-100468681#7,-100468681#6,-100468681#5,-100468681#4,-100468681#3,-100468681#2,-100468681#1,-100468681#0",2.4899641930206204,1896.4683284583245,38.79504,10.14056206726235,20.016000000000005,0.5255485573945794,0.0,0.0,0.1654255504299797,0.543921642318342,0.0,0.0,0.2906528072516786,0.5272959136696573,8.964030532384173,0.5272959136696573,0.5272959136696573,148.3209032390413,0.5272959136696573,0.5272959136696573,1.5280828135520779,93.58668716181546,13.182397841741432,"8a75582423a7fff,8a755824204ffff,8a755824206ffff,8a7558242067fff,8a7558242a97fff,8a7558242ab7fff,8a7558242b9ffff,8a7558242147fff,8a7558242167fff,8a7558242177fff,8a75582428dffff,8a75582428d7fff,8a755824288ffff,8a7558242c0ffff,8a7558242c1ffff"
526438862#0,-100468681#0,"526438862#0,526438862#1,526438862#2,1200809292,868087112,526439431#0,526439431#1,623959719,619185406,619184994,1164659927#1,1164659926,120512822,-133906979,-133906980,-282479126,-100468681#8,-100468681#7,100525438#0,-101601553#1,-101601553#0,101600741#4,-100468681#2,-100468681#1,-100468681#0",2.976616780621535,2093.7472591351843,35.59248,9.172483511023612,20.016000000000005,0.37956485432665044,0.0,0.0,0.14983867596217162,0.3962067739766768,0.0,0.0,0.45395455006115165,0.47761256552667525,15.761214662380283,0.9552251310533505,0.47761256552667525,143.30774402538916,1.4328376965800258,0.9552251310533505,1.687040671650506,95.17543414532399,11.940314138166881,"8a75582423a7fff,8a755824204ffff,8a755824206ffff,8a7558242067fff,8a7558242a97fff,8a7558242ab7fff,8a7558242b9ffff,8a7558242147fff,8a7558242167fff,8a7558242177fff,8a75582428dffff,8a755824212ffff,8a7558242127fff,8a755824288ffff,8a7558242c0ffff,8a7558242c1ffff"
100475365#1,71324347#3,"100475365#1,282479151#3,282479151#4,100488713,-100488715#7,-101605219,-100488715#5,-100488715#4,101418592,101418584#2,101418584#3,101418584#4,416373452,-100525445,526438862#0,526438862#1,526438862#2,101418589,625955757,71324347#2,71324347#3",1.9713752591899707,1229.2195707128865,33.80742857142858,13.220089699285058,39.99600000000001,0.43202502254771113,0.0,0.0,0.09110616565898473,0.0,0.0,0.0,0.7393335325541965,1.6270486149517607,15.456961842041727,0.8135243074758803,0.0,71.36685977237522,1.6270486149517607,0.0,2.7654412163676487,76.40550420647614,17.08401045699349,"8a755824200ffff,8a75582420e7fff,8a75582420c7fff,8a75582420dffff,8a75582420cffff,8a75582420effff,8a75582423b7fff,8a75582423a7fff,8a755824204ffff,8a7558242317fff,8a75582423affff"
100475365#1,71324347#3,"100475365#1,282479151#3,282479151#4,100488713,-100488715#7,-100488715#6,-100488715#5,-100488715#4,101418592,101418584#2,101418584#3,101418584#4,416373452,-100525445,526438862#0,526438862#1,526438862#2,101418589,625955757,71324347#2,71324347#3",1.8662737801534317,1044.1768714158115,32.854285714285716,12.70550359939683,39.99600000000001,0.17266488546551156,0.0,0.0,0.10725144839569803,0.0,0.0,0.0,0.6931398003687642,1.91538431347189,18.196150977982953,0.957692156735945,0.0,71.36685977237522,1.91538431347189,0.0,2.349140728142196,45.39685284417451,20.111535291454846,"8a755824200ffff,8a75582420e7fff,8a75582420c7fff,8a75582420dffff,8a75582420cffff,8a75582420effff,8a75582423b7fff,8a75582423a7fff,8a755824204ffff,8a7558242317fff,8a75582423affff"
-100468681#0,-1200809291,"-100468681#0,100468681#0,100468681#1,100468681#2,-101600741#4,101601553#0,101601553#1,-100525438#0,100468681#7,100468681#8,282479126,133906980,133906979,282479125#0,282479125#1,120511930,-42762428#0,-697042776#1,42762429,1323419246,-100525445,526438862#0,526438862#1,526438862#2,101418589,-1200809291",3.2808006639318923,2281.056860793911,34.609846153846156,11.744147205113903,39.99600000000001,0.38982180281321416,0.0,0.0,0.22603447028699017,0.5367034598447915,0.0,0.0,0.21448892309450798,1.7535731216309178,19.727697618347825,1.3151798412231883,0.43839328040772946,64.93663018771701,2.6303596824463766,0.43839328040772946,1.9607542158612203,97.31490119486145,11.398225290600966,"8a7558242c0ffff,8a7558242c1ffff,8a755824288ffff,8a7558242127fff,8a755824212ffff,8a75582428dffff,8a7558242177fff,8a7558242167fff,8a7558242147fff,8a755824214ffff,8a7558242a97fff,8a755824206ffff,8a7558242047fff,8a75582423b7fff,8a75582423a7fff,8a755824204ffff"
-100468681#0,-1200809291,"-100468681#0,100468681#0,100468681#1,100468681#2,100468681#3,100468681#4,100468681#5,100468681#6,100468681#7,100468681#8,282479126,133906980,133906979,282479125#0,282479125#1,120511930,-42762428#0,-697042776#1,42762429,1323419246,-100525445,526438862#0,526438862#1,526438862#2,101418589,-1200809291",2.784393159245352,2083.7779301170517,37.689230769230775,12.749982011933016,39.99600000000001,0.5236541777213999,0.0,0.0,0.24743398601745137,0.6844416621525443,0.0,0.0,0.04319518738342585,1.9195903470267144,13.917030015943679,0.9597951735133572,0.4798975867566786,60.036568018779434,1.9195903470267144,0.4798975867566786,1.7911769020845636,96.16416986048264,12.477337255673643,"8a7558242c0ffff,8a7558242c1ffff,8a755824288ffff,8a75582428d7fff,8a75582428dffff,8a7558242177fff,8a7558242167fff,8a7558242147fff,8a755824214ffff,8a7558242a97fff,8a755824206ffff,8a7558242047fff,8a75582423b7fff,8a75582423a7fff,8a755824204ffff"
-100468681#0,-101749458#0,"-100468681#0,100468681#0,100468681#1,100468681#2,-101600741#4,101601553#0,101601553#1,-100525438#0,100468681#7,100468681#8,282479126,133906980,133906979,282479125#0,282479125#1,120511930,-42762428#0,-697042776#1,42762429,1323419246,184568063,1323419245,16648700,1323419243,120511145,47374680#0,101749458#0,-101749458#0",4.014747266797287,2821.738442555777,37.85142857142858,9.954906787251058,20.016000000000005,0.4222062947078634,0.0,0.0,0.35277037919178733,0.43386413525341877,0.0,0.0,0.21336548555479382,0.7087829154670016,9.21417790107102,0.7087829154670016,0.3543914577335008,56.865535519179865,1.4175658309340031,0.3543914577335008,1.803291172435847,96.33336159604289,9.922960816538021,"8a7558242c0ffff,8a7558242c1ffff,8a755824288ffff,8a7558242127fff,8a755824212ffff,8a75582428dffff,8a7558242177fff,8a7558242167fff,8a7558242147fff,8a755824214ffff,8a7558242a97fff,8a755824206ffff,8a7558242047fff,8a75582423b7fff,8a7558242397fff,8a755824239ffff,8a755824274ffff,8a7558242297fff,8a755824229ffff"
-100468681#0,-101749458#0,"-100468681#0,100468681#0,100468681#1,100468681#2,100468681#3,100468681#4,100468681#5,100468681#6,100468681#7,100468681#8,282479126,133906980,133906979,282479125#0,282479125#1,120511930,-42762428#0,-697042776#1,42762429,1323419246,184568063,1323419245,16648700,1323419243,120511145,47374680#0,101749458#0,-101749458#0",3.518339762110747,2624.4595118789175,40.71085714285714,10.165615995670336,20.016000000000005,0.5309013329849407,0.0,0.0,0.37928790132022044,0.5434354858936394,0.0,0.0,0.07727661278614012,0.762061670583041,3.8103083529152046,0.3810308352915205,0.3810308352915205,51.6179913418682,0.762061670583041,0.3810308352915205,1.677215931431247,96.2732202237242,10.668863388162574,"8a7558242c0ffff,8a7558242c1ffff,8a755824288ffff,8a75582428d7fff,8a75582428dffff,8a7558242177fff,8a7558242167fff,8a7558242147fff,8a755824214ffff,8a7558242a97fff,8a755824206ffff,8a7558242047fff,8a75582423b7fff,8a7558242397fff,8a755824239ffff,8a755824274ffff,8a7558242297fff,8a755824229ffff"
-100468681#0,-101749458#0,"-100468681#0,100468681#0,100468681#1,100468681#2,100468681#3,100468681#4,100468681#5,100468681#6,100468681#7,100468681#8,282479126,133906980,133906979,282479125#0,282479125#1,120511930,-42762428#0,-697042776#1,42762429,1323419246,184568063,76867740,1323419243,120511145,47374680#0,101749458#0,-101749458#0",3.551533039421671,2630.8402795041984,41.108,10.135495585773338,20.016000000000005,0.5296136994998828,0.0,0.0,0.2885348909247626,0.542117452418999,0.0,0.0,0.16934765665623835,1.5204267743512845,10.64298742045899,0.7602133871756422,0.3801066935878211,51.93362947967642,0.7602133871756422,0.3801066935878211,1.6812936948973787,100.4657762330126,10.26288072687117,"8a7558242c0ffff,8a7558242c1ffff,8a755824288ffff,8a75582428d7fff,8a75582428dffff,8a7558242177fff,8a7558242167fff,8a7558242147fff,8a755824214ffff,8a7558242a97fff,8a755824206ffff,8a7558242047fff,8a75582423b7fff,8a7558242397fff,8a755824274ffff,8a7558242297fff,8a755824229ffff"
-100468681#0,-101749458#0,"-100468681#0,100468681#0,100468681#1,100468681#2,-101600741#4,101601553#0,101601553#1,-100525438#0,100468681#7,100468681#8,282479126,133906980,133906979,282479125#0,282479125#1,120511930,-42762428#0,-697042776#1,42762429,1323419246,184568063,76867740,1323419243,120511145,47374680#0,101749458#0,-101749458#0",4.047940544108212,2828.1192101810575,38.14266666666667,10.022246270556932,20.016000000000005,0.4212537180814032,0.0,0.0,0.26840778505889734,0.43288525635113306,0.0,0.0,0.29870695858996965,1.4143675364179285,15.558042900597213,1.0607756523134464,0.3535918841044821,57.34377393905753,1.4143675364179285,0.3535918841044821,1.8073689359019784,100.23549204437982,9.546980870821017,"8a7558242c0ffff,8a7558242c1ffff,8a755824288ffff,8a7558242127fff,8a755824212ffff,8a75582428dffff,8a7558242177fff,8a7558242167fff,8a7558242147fff,8a755824214ffff,8a7558242a97fff,8a755824206ffff,8a7558242047fff,8a75582423b7fff,8a7558242397fff,8a755824274ffff,8a7558242297fff,8a755824229ffff"
101417074,463830226#1,"101417074,-71324343#7,-71324343#6,-71324343#5,-71324343#4,-71324343#3,-71324343#2,-71324343#1,-71324343#0,463830226#1",0.8354080869208734,688.283406838795,31.989600000000003,6.329614964593031,20.016000000000005,0.25594135220167036,0.0,0.0,0.0,0.0,0.0,0.0,1.0,0.0,0.0,0.0,0.0,43.57015168289074,0.0,0.0,1.7608627422146776,54.46360884004217,14.528898852768842,"8a7558242b5ffff,8a7558242b0ffff,8a7558242a27fff,8a7558242a07fff,8a7558242a1ffff,8a7558242aaffff,8a7558242af7fff"
101417074,463830226#1,"101417074,-71324343#7,-71324343#6,-71324343#5,101416508#0,101416508#1,-101416507,-101415864#0,-71324343#1,-71324343#0,463830226#1",0.984647019354898,891.9510969138367,39.08618181818182,10.453015084827747,20.016000000000005,0.5700702793714711,0.0,0.0,0.0,0.0,0.0,0.0,1.0,0.0,0.0,0.0,0.0,62.72446973803882,0.0,0.0,2.2819138727267676,52.40795199660582,12.332514683888112,"8a7558242b5ffff,8a7558242b0ffff,8a7558242a27fff,8a7558242a2ffff,8a7558242a0ffff,8a7558242a07fff,8a7558242a1ffff,8a7558242aaffff,8a7558242af7fff"
101417074,463830226#1,"101417074,-71324343#7,-71324343#6,-71324343#5,101416508#0,101416508#1,-101416507,101415864#1,679068326#2,416375814,-71324343#0,463830226#1",1.1625555189678465,1051.175392917542,39.996,10.453015084827745,20.016000000000005,0.6282011681693562,0.0,0.0,0.0,0.0,0.0,0.0,1.0,0.0,0.0,0.0,0.0,64.11240923393595,0.0,0.0,2.689263705226729,53.15549527073261,11.415792341460682,"8a7558242b5ffff,8a7558242b0ffff,8a7558242a27fff,8a7558242a2ffff,8a7558242a0ffff,8a7558242a1ffff,8a7558242aaffff,8a7558242af7fff"
101417074,463830226#1,"101417074,-71324343#7,-71324343#6,-71324343#5,101416508#0,-101416509,-71324343#2,-71324343#1,-71324343#0,463830226#1",0.8945228487363268,775.5467205847566,35.9928,9.668646565057596,20.016000000000005,0.43879554538006904,0.0,0.0,0.0,0.0,0.0,0.0,1.0,0.0,0.0,0.0,0.0,51.64211669821967,0.0,0.0,1.9841119392906177,52.76108334277085,12.89412969532006,"8a7558242b5ffff,8a7558242b0ffff,8a7558242a27fff,8a7558242a07fff,8a7558242a1ffff,8a7558242aaffff,8a7558242af7fff"
71324343#3,526438862#2,"71324343#3,-71324343#3,-71324343#2,-71324343#1,-71324343#0,-416376586,71223791#1,101411570,282689981#1,-120511301,120509990,71324347#0,71324347#1,71324347#2,71324347#3,101418583,526438862#2",2.880286702034689,1633.2910618726883,31.176,12.184856667191456,39.99600000000001,0.35640153882266856,0.0,0.0,0.01873517975351041,0.0,0.0,0.0,0.8208092591744014,0.6122607435648527,6.73486817921338,0.6122607435648527,0.0,86.97483964191146,1.2245214871297054,0.6122607435648527,2.5604112129428374,72.67778758762054,10.408432640602495,"8a7558242a07fff,8a7558242a27fff,8a7558242a1ffff,8a7558242aaffff,8a7558242327fff,8a7558242af7fff,8a7558242ac7fff,8a7558242acffff,8a755824230ffff,8a7558242307fff,8a7558242317fff,8a75582423affff,8a75582423a7fff,8a755824204ffff"
71324343#3,526438862#2,"71324343#3,-71324343#3,-71324343#2,101415864#0,101415864#1,679068326#2,679068326#3,101411570,282689981#1,-120511301,120509990,71324347#0,71324347#1,71324347#2,71324347#3,101418583,526438862#2",2.44214205612737,1379.5162382175092,32.35341176470588,13.002516290409062,39.99600000000001,0.3670187584511198,0.0,0.0,0.022181690063703324,0.0,0.0,0.0,0.7878454582463202,0.7248917934392081,7.973809727831289,0.7248917934392081,0.0,83.82807542277595,1.4497835868784161,0.7248917934392081,2.16258383286503,59.138642778540415,12.323160488466536,"8a7558242a07fff,8a7558242a27fff,8a7558242a0ffff,8a7558242af7fff,8a7558242ac7fff,8a7558242acffff,8a755824230ffff,8a7558242307fff,8a7558242317fff,8a75582423affff,8a75582423a7fff,8a755824204ffff"
71324343#3,526438862#2,"71324343#3,-71324343#3,-71324343#2,-71324343#1,-71324343#0,463830226#1,101411570,282689981#1,-120511301,120509990,71324347#0,71324347#1,71324347#2,71324347#3,101418583,526438862#2",2.427661951630568,1312.1265760365648,29.99925,11.54377835026297,39.99600000000001,0.2747176172658921,0.0,0.0,0.023320922076296692,0.0,0.0,0.0,0.7769493883396204,0.7621215957843179,8.383337553627499,0.7621215957843179,0.0,84.26185423801861,1.5242431915686359,0.7621215957843179,2.056941151831385,60.23189966160471,12.193945532549087,"8a7558242a07fff,8a7558242a27fff,8a7558242a1ffff,8a7558242aaffff,8a7558242af7fff,8a7558242ac7fff,8a7558242acffff,8a755824230ffff,8a7558242307fff,8a7558242317fff,8a75582423affff,8a75582423a7fff,8a755824204ffff"
71324343#3,526438862#2,"71324343#3,-71324343#3,-71324343#2,-71324343#1,-416375814,679068326#3,101411570,282689981#1,-120511301,120509990,71324347#0,71324347#1,71324347#2,71324347#3,101418583,526438862#2",2.448274833212286,1374.1501524261425,31.25025,12.580493257420397,39.99600000000001,0.36989534771753174,0.0,0.0,0.02226831003872511,0.0,0.0,0.0,0.7870169902145934,0.7277225114260195,8.004947625686215,0.7277225114260195,0.0,85.08562629897027,1.455445022852039,0.7277225114260195,2.1541717460358307,63.333773493798994,11.643560182816312,"8a7558242a07fff,8a7558242a27fff,8a7558242a1ffff,8a7558242a0ffff,8a7558242af7fff,8a7558242ac7fff,8a7558242acffff,8a755824230ffff,8a7558242307fff,8a7558242317fff,8a75582423affff,8a75582423a7fff,8a755824204ffff"
-101411571#0,-416409191#0,"-101411571#0,101411571#0,-47374680#8,-47374680#7,-47374680#6,-47374680#5,-47374680#4,47374665#0,47374666,659281081#0,1323419244,76867740,1323419243,-162276533#2,-162276533#1,-162276533#0,-1323419242#1,-1323419242#0,-162276528,162276631,416409191#0,-416409191#0",3.547708571534793,2536.5658200208004,39.542727272727284,13.966425503708864,59.97600000000001,0.641447389742647,0.0,0.0,0.023405184115015132,0.24382465543699214,0.0,0.0,0.636753455871568,1.5769352281058486,14.980884667005562,1.5769352281058486,0.0,72.79312014819322,1.5769352281058486,0.39423380702646216,1.7561625869640707,119.18404366934938,8.673143754582167,"8a755824230ffff,8a7558242227fff,8a7558242237fff,8a7558242217fff,8a7558242387fff,8a7558242397fff,8a755824274ffff,8a755824260ffff,8a755824261ffff,8a75582426f7fff,8a755824268ffff,8a7558251a47fff,8a7558251af7fff"
-101411571#0,-416409191#0,"-101411571#0,120509990,120509991,282689983#0,101418595,526439431#1,42762429,1323419246,184568063,1323419245,16648700,1323419243,-162276533#2,-162276533#1,-162276533#0,-1323419242#1,-1323419242#0,-162276528,162276631,416409191#0,-416409191#0",3.312903481793752,2790.127584548255,43.33028571428572,11.552087989376023,39.99600000000001,0.6473531821011976,0.0,0.0,0.3080033317001124,0.22166631034543163,0.0,0.0,0.4703303579544559,0.7168130988260225,6.451317889434203,0.7168130988260225,0.35840654941301126,97.82498163392991,0.7168130988260225,0.0,1.931713199856922,117.53928120600219,7.526537537673237,"8a755824230ffff,8a7558242307fff,8a7558242337fff,8a755824206ffff,8a7558242047fff,8a75582423b7fff,8a7558242397fff,8a755824239ffff,8a755824274ffff,8a755824260ffff,8a755824261ffff,8a75582426f7fff,8a755824268ffff,8a7558251a47fff,8a7558251af7fff"
-101411571#0,-416409191#0,"-101411571#0,101411571#0,-47374680#8,-47374680#7,-47374680#6,-47374680#5,-47374680#4,-47374680#3,-47374680#2,-47374680#1,-47374680#0,-283490977#0,-162276533#2,-162276533#1,-162276533#0,-1323419242#1,-1323419242#0,-162276528,162276631,416409191#0,-416409191#0",2.508963720143952,2396.365166525442,42.377142857142864,11.79706479716762,39.99600000000001,0.7343075218383132,0.0,0.0,0.055331902057501596,0.2580897501346053,0.0,0.0,0.6865783478078933,0.0,7.511376083845648,0.8345973426495165,0.0,73.65268218898751,0.8345973426495165,0.41729867132475823,1.659096254053205,121.21028842248786,8.763272097819923,"8a755824230ffff,8a7558242227fff,8a7558242237fff,8a7558242217fff,8a75582422a7fff,8a7558242297fff,8a755824274ffff,8a755824260ffff,8a755824261ffff,8a75582426f7fff,8a755824268ffff,8a7558251a47fff,8a7558251af7fff"
-101411571#0,-416409191#0,"-101411571#0,101411571#0,-47374680#8,-47374680#7,-47374680#6,-47374680#5,-47374680#4,47374665#0,47374666,-42762427,16648700,1323419243,-162276533#2,-162276533#1,-162276533#0,-1323419242#1,-1323419242#0,-162276528,162276631,416409191#0,-416409191#0",3.3384248580493985,2404.511310474432,39.99771428571429,14.14327009267255,59.97600000000001,0.6766753464934724,0.0,0.0,0.0950740016199619,0.2572153785950759,0.0,0.0,0.5464207277729598,0.8317698449941506,8.317698449941506,1.247654767491226,0.0,51.81621274402121,1.247654767491226,0.0,1.6647361444586992,119.46567254934291,8.73358337243858,"8a755824230ffff,8a7558242227fff,8a7558242237fff,8a7558242217fff,8a7558242387fff,8a7558242397fff,8a755824239ffff,8a755824274ffff,8a755824260ffff,8a755824261ffff,8a75582426f7fff,8a755824268ffff,8a7558251a47fff,8a7558251af7fff"
-101411571#0,-416409191#0,"-101411571#0,120509990,71324347#0,71324347#1,71324347#2,71324347#3,71324347#4,71324347#5,47374666,-42762427,16648700,1323419243,-162276533#2,-162276533#1,-162276533#0,-1323419242#1,-1323419242#0,-162276528,162276631,416409191#0,-416409191#0",2.917134907467388,2370.7824891456266,38.10000000000001,15.684821707625503,49.96800000000001,0.7393515384152292,0.0,0.0,0.09642660736440954,0.26087474911403935,0.0,0.0,0.4784767893011898,0.843603328924853,8.43603328924853,1.2654049933872795,0.0,47.328903245702655,1.2654049933872795,0.4218016644624265,1.6413843774150363,118.5898122760863,8.857834953710956,"8a755824230ffff,8a7558242307fff,8a7558242317fff,8a75582423affff,8a7558242387fff,8a7558242397fff,8a755824239ffff,8a755824274ffff,8a755824260ffff,8a755824261ffff,8a75582426f7fff,8a755824268ffff,8a7558251a47fff,8a7558251af7fff"
-101411571#0,-416409191#0,"-101411571#0,120509990,71324347#0,71324347#1,71324347#2,71324347#3,71324347#4,71324347#5,47374666,659281081#0,1323419244,1323419245,16648700,1323419243,-162276533#2,-162276533#1,-162276533#0,-1323419242#1,-1323419242#0,-162276528,162276631,416409191#0,-416409191#0",3.093225343641857,2496.4562310667143,37.39460869565218,15.136406231752913,49.96800000000001,0.7021319495950992,0.0,0.0,0.11845003073990122,0.2477420911143125,0.0,0.0,0.47785309252781477,1.602271231605304,15.221576700250388,1.602271231605304,0.0,70.90797429794313,2.0028390395066302,0.801135615802652,1.7283931677975317,113.90276197746732,9.213059581730498,"8a755824230ffff,8a7558242307fff,8a7558242317fff,8a75582423affff,8a7558242387fff,8a7558242397fff,8a755824239ffff,8a755824274ffff,8a755824260ffff,8a755824261ffff,8a75582426f7fff,8a755824268ffff,8a7558251a47fff,8a7558251af7fff"
-101411571#0,-416409191#0,"-101411571#0,120509990,120509991,282689983#0,101418595,526439431#1,42762429,1323419246,184568063,76867740,1323419243,-162276533#2,-162276533#1,-162276533#0,-1323419242#1,-1323419242#0,-162276528,162276631,416409191#0,-416409191#0",3.346096759104676,2796.5083521735355,43.997400000000006,11.429641337099644,39.99600000000001,0.6458761222443004,0.0,0.0,0.22278927368544427,0.221160536344947,0.0,0.0,0.5560501899696088,1.4303551058201105,12.873195952380994,1.0727663293650829,0.3575887764550276,99.30511861157858,0.7151775529100552,0.0,1.9361308519797977,121.07459862613882,7.1517755291005525,"8a755824230ffff,8a7558242307fff,8a7558242337fff,8a755824206ffff,8a7558242047fff,8a75582423b7fff,8a7558242397fff,8a755824274ffff,8a755824260ffff,8a755824261ffff,8a75582426f7fff,8a755824268ffff,8a7558251a47fff,8a7558251af7fff"
-101411571#0,-416409191#0,"-101411571#0,120509990,71324347#0,71324347#1,71324347#2,71324347#3,71324347#4,71324347#5,47374666,659281081#0,1323419244,76867740,1323419243,-162276533#2,-162276533#1,-162276533#0,-1323419242#1,-1323419242#0,-162276528,162276631,416409191#0,-416409191#0",3.1264186209527813,2502.836998691995,37.73127272727273,15.404214124038294,49.96800000000001,0.7003419245894783,0.0,0.0,0.023720597892898272,0.2471104939646668,0.0,0.0,0.5736117158346146,1.5981863789333606,15.182770599866926,1.5981863789333606,0.0,70.47099728089003,1.5981863789333606,0.7990931894666803,1.7328108199204078,118.35937650110318,8.790025084133484,"8a755824230ffff,8a7558242307fff,8a7558242317fff,8a75582423affff,8a7558242387fff,8a7558242397fff,8a755824274ffff,8a755824260ffff,8a755824261ffff,8a75582426f7fff,8a755824268ffff,8a7558251a47fff,8a7558251af7fff"
-101411571#0,-416409191#0,"-101411571#0,101411571#0,-47374680#8,-47374680#7,-47374680#6,-47374680#5,-47374680#4,47374665#0,47374666,659281081#0,1323419244,1323419245,16648700,1323419243,-162276533#2,-162276533#1,-162276533#0,-1323419242#1,-1323419242#0,-162276528,162276631,416409191#0,-416409191#0",3.5145152942238687,2530.1850523955195,39.1273043478261,13.789992136706783,59.97600000000001,0.6430650290271396,0.0,0.0,0.11687102373429303,0.2444395466150839,0.0,0.0,0.5424305845716816,1.5809120349568482,15.018664332090058,1.5809120349568482,0.0,72.95652456143536,1.9761400436960601,0.39522800873921204,1.7517449348411946,114.79089115215281,9.090244201001877,"8a755824230ffff,8a7558242227fff,8a7558242237fff,8a7558242217fff,8a7558242387fff,8a7558242397fff,8a755824239ffff,8a755824274ffff,8a755824260ffff,8a755824261ffff,8a75582426f7fff,8a755824268ffff,8a7558251a47fff,8a7558251af7fff"
-101749462,100475365#1,"-101749462,101749462,282689981#1,-120511301,120509990,120509991,282689983#0,101418595,526439431#1,623959719,-282689984#1,-282689984#0,-134065887,100475363,282479151#1,100475362,-659278038#3,659278038#3,100475365#0,100475365#1",2.473121602852804,1625.0792840149597,41.99760000000001,10.060535794039897,20.016000000000005,0.34013328016619476,0.0,0.0,0.03918496999573373,0.0,0.0,0.0,0.9608150300042663,1.2307091842674607,11.076382658407146,0.6153545921337303,0.6153545921337303,114.44068021952387,1.2307091842674607,0.6153545921337303,2.5196309277083166,63.09389076471402,12.307091842674605,"8a7558242ac7fff,8a7558242ae7fff,8a7558242acffff,8a755824230ffff,8a7558242307fff,8a7558242337fff,8a755824206ffff,8a7558242067fff,8a7558242077fff,8a755824200ffff,8a7558242007fff"
-42762428#3,-47374664,"-42762428#3,42762428#1,42762428#4,71324344,463830226#0,-416376586,71223791#1,101411570,282689981#1,-120511301,101411571#0,-47374680#8,-47374680#7,-47374680#6,-47374680#5,47374664,-47374664",3.0074234877536323,2132.0952692600026,34.697647058823534,8.751742119009627,20.016000000000005,0.2140332554277345,0.0,0.0,0.1265385866322839,0.0,0.0,0.0,0.8734614133677164,0.0,4.221199741756228,0.4690221935284698,0.0,78.7742537428114,0.4690221935284698,0.0,3.339520360176497,89.74531329721448,7.973377289983987,"8a7558242a87fff,8a7558242a97fff,8a7558242aa7fff,8a7558242aaffff,8a7558242327fff,8a7558242af7fff,8a7558242ac7fff,8a7558242acffff,8a755824230ffff,8a7558242227fff,8a7558242237fff,8a755824221ffff"
-42762428#3,-47374664,"-42762428#3,-42762428#0,-697042776#1,42762429,1323419246,184568063,76867740,1323419243,120511145,47374680#0,47374680#1,47374680#2,47374680#3,47374680#4,47374664,-47374664",3.0140644738817057,2036.2290386036525,31.239,5.004000000000001,20.016000000000005,0.06511813758393395,0.0,0.0,0.4329375458856525,0.0,0.0,0.0,0.5670624541143475,1.9644155564852406,13.259805006275373,0.9822077782426203,0.49110388912131014,82.22361000357745,0.49110388912131014,0.49110388912131014,3.1893642045177617,98.2211533469759,7.857662225940962,"8a7558242a87fff,8a7558242a97fff,8a755824206ffff,8a7558242047fff,8a75582423b7fff,8a7558242397fff,8a755824274ffff,8a7558242297fff,8a75582422a7fff,8a7558242217fff,8a7558242237fff,8a755824221ffff"
-42762428#3,-47374664,"-42762428#3,42762428#1,1164653913,463830226#0,463830226#1,101411570,282689981#1,-120511301,101411571#0,-47374680#8,-47374680#7,-47374680#6,-47374680#5,47374664,-47374664",2.5462395037208543,1800.2461135535896,35.3256,9.162077967672746,20.016000000000005,0.1455580616242519,0.0,0.0,0.13606005181724887,0.0,0.0,0.0,0.8639399481827509,0.0,4.999316444702375,0.5554796049669306,0.0,76.23337847961501,0.5554796049669306,0.0,2.8197419863078745,84.83461268372409,8.332194074503958,"8a7558242a87fff,8a7558242a97fff,8a7558242aa7fff,8a7558242aaffff,8a7558242af7fff,8a7558242ac7fff,8a7558242acffff,8a755824230ffff,8a7558242227fff,8a7558242237fff,8a755824221ffff"
-42762428#3,-47374664,"-42762428#3,-42762428#0,-697042776#1,42762429,1323419246,184568063,1323419245,16648700,1323419243,120511145,47374680#0,47374680#1,47374680#2,47374680#3,47374680#4,47374664,-47374664",2.980871196570781,2029.8482709783716,31.165411764705883,4.854593070727241,20.016000000000005,0.06532283451131261,0.0,0.0,0.5507291092100093,0.0,0.0,0.0,0.44927089078999094,0.9852953191599957,4.433828936219981,0.49264765957999784,0.49264765957999784,80.33241073890326,0.49264765957999784,0.49264765957999784,3.1793699497086996,93.19016020178347,8.375010212859962,"8a7558242a87fff,8a7558242a97fff,8a755824206ffff,8a7558242047fff,8a75582423b7fff,8a7558242397fff,8a755824239ffff,8a755824274ffff,8a7558242297fff,8a75582422a7fff,8a7558242217fff,8a7558242237fff,8a755824221ffff"
-42762428#3,-47374664,"-42762428#3,42762428#1,1164653913,463830226#0,-416376586,71223791#1,101411570,282689981#1,-120511301,101411571#0,-47374680#8,-47374680#7,-47374680#6,-47374680#5,47374664,-47374664",2.998864254124976,2121.410599389713,36.243,9.581930494425434,20.016000000000005,0.22800088589701464,0.0,0.0,0.11546165535534095,0.0,0.0,0.0,0.8845383446446591,0.0,4.242460183139048,0.4713844647932276,0.0,78.85581867141137,0.4713844647932276,0.0,3.3227848638372635,87.54117833440894,7.542151436691642,"8a7558242a87fff,8a7558242a97fff,8a7558242aa7fff,8a7558242aaffff,8a7558242327fff,8a7558242af7fff,8a7558242ac7fff,8a7558242acffff,8a755824230ffff,8a7558242227fff,8a7558242237fff,8a755824221ffff"
-42762428#3,-47374664,"-42762428#3,-42762428#0,-697042776#1,687927789#0,-71324342,71223791#0,416376586,463830226#1,101411570,282689981#1,-120511301,101411571#0,-47374680#8,-47374680#7,-47374680#6,-47374680#5,47374664,-47374664",2.557408636600788,1960.8747143495702,36.660000000000004,9.709186141454484,20.016000000000005,0.3044773297892403,0.0,0.0,0.09669724287186884,0.0,0.0,0.0,0.903302757128131,0.0,4.589788390935182,0.509976487881687,0.509976487881687,72.40130024015598,0.509976487881687,0.509976487881687,3.071336035841608,88.72357005660227,9.179576781870365,"8a7558242a87fff,8a7558242a97fff,8a755824206ffff,8a7558242a9ffff,8a7558242327fff,8a7558242aaffff,8a7558242af7fff,8a7558242ac7fff,8a7558242acffff,8a755824230ffff,8a7558242227fff,8a7558242237fff,8a755824221ffff"
-42762428#3,-47374664,"-42762428#3,42762428#1,42762428#4,71324344,463830226#0,463830226#1,101411570,282689981#1,-120511301,101411571#0,-47374680#8,-47374680#7,-47374680#6,-47374680#5,47374664,-47374664",2.554798737349511,1810.9307834238793,33.741,8.068707554497191,20.016000000000005,0.12959972420444404,0.0,0.0,0.14897991928076357,0.0,0.0,0.0,0.8510200807192365,0.0,4.969819985600961,0.5522022206223289,0.0,76.37373319721674,0.5522022206223289,0.0,2.8364774826471075,86.36837984656782,8.835235529957263,"8a7558242a87fff,8a7558242a97fff,8a7558242aa7fff,8a7558242aaffff,8a7558242af7fff,8a7558242ac7fff,8a7558242acffff,8a755824230ffff,8a7558242227fff,8a7558242237fff,8a755824221ffff"
-42762428#3,-47374664,"-42762428#3,-42762428#0,-697042776#1,687927789#0,-71324342,71223791#0,71223791#1,101411570,282689981#1,-120511301,101411571#0,-47374680#8,-47374680#7,-47374680#6,-47374680#5,47374664,-47374664",2.5129731518237244,1838.7528776322574,35.87505882352941,9.400879057770267,20.016000000000005,0.2041594280374835,0.0,0.0,0.10311944622973325,0.0,0.0,0.0,0.8968805537702669,0.0,4.89462184368636,0.5438468715207067,0.5438468715207067,71.69902723330797,0.5438468715207067,0.5438468715207067,2.8800554837858066,90.0382211223541,9.245396815852013,"8a7558242a87fff,8a7558242a97fff,8a755824206ffff,8a7558242a9ffff,8a7558242327fff,8a7558242af7fff,8a7558242ac7fff,8a7558242acffff,8a755824230ffff,8a7558242227fff,8a7558242237fff,8a755824221ffff"
71324347#5,-1047412913,"71324347#5,-47374665#1,47374680#4,47374680#5,47374680#6,47374680#7,47374680#8,-101411571#0,120511301,-282689981#1,-282689981#0,-679068326#3,-679068326#2,-679068326#1,-679068326#0,-1006827381,101417074,71324343#8,71324343#9,71324343#11,659283000#7,659283000#8,659283000#9,659283000#11,1047412915,1047412911,1047412914,1047412913,-1047412913",3.5300683773206285,2045.791195182131,37.92786206896552,11.76976093859702,39.99600000000001,0.39052559717835367,0.0,0.0,0.18969556286354244,0.0,0.0,0.0,0.6978823176885101,0.9776168773773344,4.888084386886672,0.0,0.9776168773773344,100.52055840474114,0.9776168773773344,0.0,1.6471498742281088,58.880150070009456,14.175444721971349,"8a75582423affff,8a7558242387fff,8a7558242217fff,8a7558242237fff,8a7558242227fff,8a755824230ffff,8a7558242acffff,8a7558242ac7fff,8a7558242af7fff,8a7558242a0ffff,8a7558242a2ffff,8a7558242b5ffff,8a7558242b0ffff,8a7558242b2ffff,8a75582404dffff,8a75582404d7fff,8a75582404c7fff"
71324347#5,-1047412913,"71324347#5,-47374665#1,47374680#4,47374680#5,47374680#6,47374680#7,47374680#8,-101411571#0,120511301,352797377,-282689986,-224715833,-224715836,-101749453,-1006827381,101417074,71324343#8,71324343#9,71324343#11,659283000#7,659283000#8,659283000#9,659283000#11,1047412915,1047412911,1047412914,1047412913,-1047412913",4.288739592386929,2316.7597359745996,37.49657142857143,11.750054686802834,39.99600000000001,0.2543213863452391,0.0,0.0,0.16750874345979586,0.0,0.0,0.0,0.7332180438116631,0.863274671492274,4.31637335746137,0.0,0.863274671492274,114.22500561653138,0.863274671492274,0.0,1.8653176906392814,102.59602834340554,12.085845400891836,"8a75582423affff,8a7558242387fff,8a7558242217fff,8a7558242237fff,8a7558242227fff,8a755824230ffff,8a7558242acffff,8a7558240697fff,8a7558242a6ffff,8a7558242a67fff,8a7558242a77fff,8a7558242b5ffff,8a7558242b0ffff,8a7558242b2ffff,8a75582404dffff,8a75582404d7fff,8a75582404c7fff"
101611060,-1200809291,"101611060,372606529#8,1164659929,120512822,282479125#0,282479125#1,120511930,-42762428#0,-697042776#1,42762429,1323419246,-100525445,526438862#0,526438862#1,526438862#2,101418589,-1200809291",2.26107507751302,1361.0221778025136,27.63741176470588,6.635469529909164,19.98,0.0,0.0,0.0,0.378831063617591,0.22057057022198429,0.0,0.0,0.3624308450595477,2.9389675386909135,27.185449732890948,1.4694837693454568,0.7347418846727284,89.01597420141503,3.6737094233636416,0.7347418846727284,2.9145614021923105,62.515792580037015,12.490612039436382,"8a7558242aa7fff,8a7558242b9ffff,8a7558242147fff,8a755824214ffff,8a7558242a97fff,8a755824206ffff,8a7558242047fff,8a75582423b7fff,8a75582423a7fff,8a755824204ffff"
-101415865#0,-100525438#2,"-101415865#0,47374680#2,47374680#3,47374665#0,47374666,659281081#0,659281081#1,100525445,-416373452,101418587,464265154,120511142#1,75421017,-282689984#1,-282689984#0,-134065887,100475363,282479151#1,100475362,-659278038#3,-659278038#2,-659278038#1,-659278038#0,-100525438#2",3.3125571985039133,1786.8041442454535,35.412,11.416404307151526,39.99600000000001,0.17994885934470095,0.0,0.0,0.08930564293168458,0.0,0.0,0.0,0.7743880406967225,3.3579505729956374,11.193168576652125,1.1193168576652126,0.0,133.6092372312787,1.6789752864978187,1.1193168576652126,1.4909693973355223,60.954704302224336,13.43180229198255,"8a755825c927fff,8a75582422a7fff,8a7558242217fff,8a7558242387fff,8a7558242397fff,8a75582423a7fff,8a75582423b7fff,8a75582420effff,8a7558242047fff,8a7558242067fff,8a7558242077fff,8a755824200ffff,8a7558242007fff,8a7558242037fff,8a75582421affff,8a755824211ffff"
-101415865#0,-100525438#2,"-101415865#0,-47374680#1,-47374680#0,-283490977#0,-162276533#2,100488715#0,100488715#1,100488715#2,100488715#3,100488715#4,100488715#5,101605219,100488715#7,100488714,282479151#6,282479151#7,282479151#1,100475362,-659278038#3,-659278038#2,-659278038#1,-659278038#0,-100525438#2",3.614745984787004,2504.1957975533323,36.95008695652175,9.747486827210404,20.016000000000005,0.36182577736795385,0.0,0.0,0.05294931123905871,0.14043609503580562,0.0,0.0,0.8066145937251357,0.0,7.187936349700167,0.7986595944111298,0.0,139.79186328195772,1.1979893916166946,0.3993297972055649,2.0895850902925504,107.60902494975063,9.184585335727991,"8a755825c927fff,8a75582422a7fff,8a7558242297fff,8a755824274ffff,8a755824260ffff,8a755824262ffff,8a755824270ffff,8a75582420dffff,8a75582420c7fff,8a75582420e7fff,8a755824200ffff,8a7558242007fff,8a7558242037fff,8a75582421affff,8a755824211ffff"
-101415865#0,-100525438#2,"-101415865#0,-47374680#1,-47374680#0,-283490977#0,-162276533#2,100488715#0,100488715#1,100488715#2,100488715#3,100488715#4,100488715#5,100488715#6,100488715#7,100488714,282479151#6,282479151#7,282479151#1,100475362,-659278038#3,-659278038#2,-659278038#1,-659278038#0,-100525438#2",3.5228234130225173,2319.153098256257,36.07982608695653,9.41696692944165,20.016000000000005,0.23945019356603156,0.0,0.0,0.05717407910150095,0.15164133807202654,0.0,0.0,0.7911845828264725,0.0,7.761453960729879,0.8623837734144311,0.0,139.79186328195772,1.2935756601216466,0.43119188670721553,1.9351792463499817,94.86550453783683,9.917413394265957,"8a755825c927fff,8a75582422a7fff,8a7558242297fff,8a755824274ffff,8a755824260ffff,8a755824262ffff,8a755824270ffff,8a75582420dffff,8a75582420c7fff,8a75582420e7fff,8a755824200ffff,8a7558242007fff,8a7558242037fff,8a75582421affff,8a755824211ffff"
-100525438#2,-101415865#0,"-100525438#2,-100525438#1,-100525438#0,100468681#7,100468681#8,282479126,133906980,133906979,282479125#0,282479125#1,120511930,-42762428#0,-697042776#1,42762429,1323419246,184568063,76867740,1323419243,120511145,47374680#0,47374680#1,101415865#0,-101415865#0",4.000600758661996,2690.94357166291,34.3393043478261,8.441571215418387,20.016000000000005,0.11163864336412174,0.0,0.0,0.2820903496754207,0.18687246503930338,0.0,0.0,0.531037185285276,1.4864674391994546,13.378206952795091,0.7432337195997273,0.37161685979986364,62.738523179914694,1.1148505793995909,0.37161685979986364,2.9043645909767117,91.24319727334837,8.547187775396864,"8a75582421affff,8a755824211ffff,8a755824212ffff,8a75582428dffff,8a7558242177fff,8a7558242167fff,8a7558242147fff,8a755824214ffff,8a7558242a97fff,8a755824206ffff,8a7558242047fff,8a75582423b7fff,8a7558242397fff,8a755824274ffff,8a7558242297fff,8a75582422a7fff,8a755825c927fff"
-100525438#2,-101415865#0,"-100525438#2,-100525438#1,-100525438#0,100468681#7,100468681#8,282479126,133906980,133906979,282479125#0,282479125#1,120511930,-42762428#0,-697042776#1,42762429,1323419246,184568063,76867740,1323419243,120511145,47374680#0,101749458#0,101749458#1,-101415865#0",3.2172161593219,2328.5270041446147,36.07982608695653,9.41696692944165,20.016000000000005,0.1920354053743624,0.0,0.0,0.32599545194712803,0.21595766663785904,0.0,0.0,0.45804688141501315,1.7178241836492687,15.460417652843418,0.8589120918246343,0.4294560459123172,58.10194700806587,1.2883681377369516,0.4294560459123172,2.5132044577922787,80.42428197320955,9.877489055983295,"8a75582421affff,8a755824211ffff,8a755824212ffff,8a75582428dffff,8a7558242177fff,8a7558242167fff,8a7558242147fff,8a755824214ffff,8a7558242a97fff,8a755824206ffff,8a7558242047fff,8a75582423b7fff,8a7558242397fff,8a755824274ffff,8a7558242297fff,8a755824229ffff,8a755825c927fff,8a75582422a7fff"
-100525438#2,-101415865#0,"-100525438#2,-100525438#1,-100525438#0,100468681#7,100468681#8,282479126,133906980,133906979,282479125#0,282479125#1,120511930,-42762428#0,-697042776#1,42762429,1323419246,184568063,1323419245,16648700,1323419243,120511145,47374680#0,101749458#0,101749458#1,-101415865#0",3.184022882010976,2322.1462365193347,35.826,9.293541319694533,20.016000000000005,0.19256307812737425,0.0,0.0,0.42866625912952344,0.21655107271454924,0.0,0.0,0.3547826681559272,0.8612722009264154,7.751449808337739,0.4306361004632077,0.4306361004632077,57.48817355112476,1.291908301389623,0.4306361004632077,2.506317626069285,75.41950581794516,10.335266411116985,"8a75582421affff,8a755824211ffff,8a755824212ffff,8a75582428dffff,8a7558242177fff,8a7558242167fff,8a7558242147fff,8a755824214ffff,8a7558242a97fff,8a755824206ffff,8a7558242047fff,8a75582423b7fff,8a7558242397fff,8a755824239ffff,8a755824274ffff,8a7558242297fff,8a755824229ffff,8a755825c927fff,8a75582422a7fff"
-100525438#2,-101415865#0,"-100525438#2,-100525438#1,-100525438#0,100468681#7,100468681#8,282479126,133906980,133906979,282479125#0,282479125#1,120511930,-42762428#0,-697042776#1,42762429,1323419246,184568063,1323419245,16648700,1323419243,120511145,47374680#0,47374680#1,101415865#0,-101415865#0",3.967407481351072,2684.5628040376296,34.158,8.303659957853055,20.016000000000005,0.11190399019833872,0.0,0.0,0.37079622010083246,0.18731663038838212,0.0,0.0,0.44188714951078545,0.7450002648446015,6.705002383601413,0.37250013242230073,0.37250013242230073,61.98718298849247,1.1175003972669022,0.37250013242230073,2.8974777592537175,87.27124709945072,8.940003178135218,"8a75582421affff,8a755824211ffff,8a755824212ffff,8a75582428dffff,8a7558242177fff,8a7558242167fff,8a7558242147fff,8a755824214ffff,8a7558242a97fff,8a755824206ffff,8a7558242047fff,8a75582423b7fff,8a7558242397fff,8a755824239ffff,8a755824274ffff,8a7558242297fff,8a75582422a7fff,8a755825c927fff"
-101418584#1,-100468681#0,"-101418584#1,-101418584#0,101418584#0,101418584#1,-101418592,100488715#4,100488715#5,100488715#6,100488715#7,100488714,282479151#6,282479151#7,282479151#1,100475362,-659278038#3,-659278038#2,-659278038#1,-659278038#0,-100525438#2,-100525438#1,-101601553#1,-101601553#0,101600741#4,-100468681#2,-100468681#1,-100468681#0",4.323022326281125,2784.103825462103,36.91661538461539,9.711053113136282,20.016000000000005,0.27252298896555244,0.0,0.0,0.0,0.22516941381838051,0.0,0.0,0.7748305861816196,0.0,2.873456056787741,0.0,0.0,138.39346621811444,0.35918200709846765,0.0,2.4320831672816534,107.27725961034467,9.338732184560158,"8a75582420cffff,8a7558242747fff,8a755824262ffff,8a75582420dffff,8a75582420c7fff,8a75582420e7fff,8a755824200ffff,8a7558242007fff,8a7558242037fff,8a75582421affff,8a755824211ffff,8a755824212ffff,8a7558242127fff,8a755824288ffff,8a7558242c0ffff,8a7558242c1ffff"
-101418584#1,-100468681#0,"-101418584#1,-101418584#0,101418584#0,101418584#1,-101418592,100488715#4,100488715#5,101605219,100488715#7,100488714,282479151#6,282479151#7,282479151#1,100475362,-659278038#3,-659278038#2,-659278038#1,-659278038#0,-100525438#2,-100525438#1,-101601553#1,-101601553#0,101600741#4,-100468681#2,-100468681#1,-100468681#0",4.414944898045611,2969.146524759178,37.68646153846154,9.930716990150389,20.016000000000005,0.3736741247688762,0.0,0.0,0.0,0.2111364397685489,0.0,0.0,0.788863560231451,0.0,2.694376964319356,0.0,0.0,138.39346621811444,0.3367971205399195,0.0,2.5937291626906354,117.0187886341917,8.756725134037907,"8a75582420cffff,8a7558242747fff,8a755824262ffff,8a75582420dffff,8a75582420c7fff,8a75582420e7fff,8a755824200ffff,8a7558242007fff,8a7558242037fff,8a75582421affff,8a755824211ffff,8a755824212ffff,8a7558242127fff,8a755824288ffff,8a7558242c0ffff,8a7558242c1ffff"
100475365#1,101607963,"100475365#1,282479151#3,282479151#4,282479151#5,282479151#6,100475366,100475359,282689984#0,282689984#1,619185406,619184994,1164659927#1,1164659928,-372606529#8,-372606529#7,-372606529#6,-372606529#5,-372606529#4,-372606529#3,-372606529#2,-372606529#1,-372606529#0,-101607965,101607964#1,101607969#0,101607966#0,101607966#1,101607963",2.3543374009070868,1663.1104389186846,38.56628571428571,10.087115855670259,20.016000000000005,0.3082721415789977,0.0,0.0,0.0,0.0,0.0,0.0,1.0,0.0,0.0,0.0,0.0,95.81504711500581,0.0,0.0,2.2787035722511106,51.774851124026824,16.83592342683204,"8a755824200ffff,8a7558242077fff,8a7558242067fff,8a7558242a97fff,8a7558242ab7fff,8a7558242b9ffff,8a7558242b87fff,8a7558242bb7fff,8a755824285ffff,8a7558242847fff,8a7558242877fff,8a75582428e7fff,8a75582428f7fff,8a755824281ffff,8a755824280ffff"
100475365#1,101607963,"100475365#1,282479151#3,282479151#4,282479151#5,282479151#6,282479151#7,282479151#1,100475362,-659278038#3,-659278038#2,-659278038#1,-659278038#0,-100525438#2,-100525438#1,-100525438#0,-100468681#6,-100468681#5,101607105,-101607101,101607107,101607098#1,101607098#2,-101607965,101607964#1,101607969#0,101607966#0,101607966#1,101607963",2.67674205751415,1809.1861011986646,39.28114285714286,10.165615995670338,20.016000000000005,0.2523914337220936,0.0,0.0,0.0,0.041905058417239335,0.0,0.0,0.9580949415827609,0.0,8.843755758127537,0.5527347348829711,0.0,120.84437220160243,1.1054694697659422,0.0,2.4788485089113346,56.16719798594566,15.476572576723191,"8a755824200ffff,8a7558242007fff,8a7558242037fff,8a75582421affff,8a755824211ffff,8a755824212ffff,8a75582428dffff,8a75582428d7fff,8a75582428c7fff,8a75582428effff,8a7558242857fff,8a7558242847fff,8a7558242877fff,8a75582428e7fff,8a75582428f7fff,8a755824281ffff,8a755824280ffff"
100475365#1,101607963,"100475365#1,282479151#3,282479151#4,282479151#5,282479151#6,282479151#7,282479151#1,100475362,-659278038#3,-659278038#2,-659278038#1,-659278038#0,-100525438#2,-100525438#1,-100525438#0,-100468681#6,-100468681#5,101607105,101607099,101607107,101607098#1,101607098#2,-101607965,101607964#1,101607969#0,101607966#0,101607966#1,101607963",2.6759217293828974,1808.6627702485146,39.28114285714286,10.165615995670338,20.016000000000005,0.25246446239885534,0.0,0.0,0.0,0.04191718351562601,0.0,0.0,0.958082816484374,0.0,8.846314671364393,0.5528946669602746,0.0,120.84437220160243,1.1057893339205491,0.0,2.478131469274236,56.17285424187236,15.481050674887687,"8a755824200ffff,8a7558242007fff,8a7558242037fff,8a75582421affff,8a755824211ffff,8a755824212ffff,8a75582428dffff,8a75582428d7fff,8a75582428c7fff,8a75582428effff,8a7558242857fff,8a7558242847fff,8a7558242877fff,8a75582428e7fff,8a75582428f7fff,8a755824281ffff,8a755824280ffff"
71223791#0,-372606529#4,"71223791#0,416376586,71324343#0,71324343#1,71324343#2,71324343#3,-463830227,416376585#0,416376585#1,-1164659923,-659283000#0,101611060,-372606529#7,-372606529#6,-372606529#5,-372606529#4",1.3717894789305212,1007.904364381461,33.741,8.068707554497191,20.016000000000005,0.2605522019249879,0.0,0.0,0.03492535080088443,0.0,0.0,0.0,0.9650746491991157,0.0,17.858837243002103,0.9921576246112279,0.0,129.73178535828663,1.9843152492224558,0.0,1.7191622973589111,61.95229219611703,15.874521993779647,"8a7558242327fff,8a7558242aaffff,8a7558242a1ffff,8a7558242a07fff,8a7558242a27fff,8a7558242a17fff,8a7558242b8ffff,8a7558242aa7fff,8a7558242b9ffff,8a7558242b87fff,8a7558242bb7fff"
71223791#0,-372606529#4,"71223791#0,71223791#1,-679068326#3,416375814,71324343#1,71324343#2,71324343#3,-463830227,416376585#0,416376585#1,-1164659923,-659283000#0,101611060,-372606529#7,-372606529#6,-372606529#5,-372606529#4",1.693865235078913,1152.5841699659054,33.52023529411765,7.865339721917706,20.016000000000005,0.16380235564575787,0.0,0.0,0.030541295305839804,0.0,0.0,0.0,0.9694587046941603,0.0,15.617080703557171,0.8676155946420651,0.0,132.43794682891877,1.7352311892841301,0.0,1.9659397454381595,61.85026666605415,14.749465108915105,"8a7558242327fff,8a7558242af7fff,8a7558242a0ffff,8a7558242a1ffff,8a7558242a07fff,8a7558242a27fff,8a7558242a17fff,8a7558242b8ffff,8a7558242aa7fff,8a7558242b9ffff,8a7558242b87fff,8a7558242bb7fff"
71223791#0,-372606529#4,"71223791#0,71223791#1,-679068326#3,-679068326#2,-101415864#1,-101415864#0,71324343#2,71324343#3,-463830227,416376585#0,416376585#1,-1164659923,-659283000#0,101611060,-372606529#7,-372606529#6,-372606529#5,-372606529#4",1.6877324579939963,1157.9502557572719,34.43600000000001,8.562697321041119,20.016000000000005,0.16133041100650483,0.0,0.0,0.030399763137272325,0.0,0.0,0.0,0.9696002368627276,0.0,15.544709205343565,0.8635949558524203,0.0,134.99174051861192,1.7271899117048406,0.0,1.9750925705502642,56.660675552510014,15.544709205343565,"8a7558242327fff,8a7558242af7fff,8a7558242a0ffff,8a7558242a07fff,8a7558242a27fff,8a7558242a17fff,8a7558242b8ffff,8a7558242aa7fff,8a7558242b9ffff,8a7558242b87fff,8a7558242bb7fff"
-71223800#7,416428068,"-71223800#7,-71223800#6,71223800#6,71223800#7,1006827381,101749453,224715836,224715833,282689986,-352797377,-120511301,120509990,120509991,282689983#0,101418595,526439431#1,687927789#0,416428068",2.9441199637916187,1772.5258988375251,34.443999999999996,11.990677319827908,29.988000000000007,0.18754483978939615,0.0,0.0,0.035925389313959825,0.0,0.0,0.0,0.9640746106860402,1.1283333018218007,10.154999716396206,0.5641666509109003,0.5641666509109003,109.58564373682223,1.1283333018218007,0.0,2.9706110780647283,119.69020382227174,10.154999716396206,"8a7558242b5ffff,8a7558242b57fff,8a7558242b47fff,8a7558242a77fff,8a7558242a67fff,8a7558242a6ffff,8a7558240697fff,8a7558242acffff,8a755824230ffff,8a7558242307fff,8a7558242337fff,8a755824206ffff,8a7558242a9ffff"
-71223800#7,416428068,"-71223800#7,-71223800#6,71223800#6,71223800#7,1006827381,101749453,224715836,224715833,282689986,-352797377,-120511301,120509990,120509991,282689983#0,282689983#1,71324342,416428068",2.691744053024144,1647.8073063500794,35.88352941176471,12.77539477921156,29.988000000000007,0.2402885319205232,0.0,0.0,0.0,0.0,0.0,0.0,1.0,0.0,0.0,0.0,0.0,113.20430151101891,0.0,0.0,2.7615927315757856,123.48854119685748,10.316740273263676,"8a7558242b5ffff,8a7558242b57fff,8a7558242b47fff,8a7558242a77fff,8a7558242a67fff,8a7558242a6ffff,8a7558240697fff,8a7558242acffff,8a755824230ffff,8a7558242307fff,8a7558242337fff,8a7558242327fff,8a7558242a9ffff,8a755824206ffff"
-71223800#7,416428068,"-71223800#7,-71223800#6,71223800#6,71223800#7,1006827381,679068326#0,679068326#1,679068326#2,679068326#3,101411570,282689981#1,-120511301,120509990,120509991,282689983#0,282689983#1,71324342,416428068",1.9388744674649383,1376.8387655576116,36.668000000000006,12.833050125726613,29.988000000000007,0.4399073399159446,0.0,0.0,0.0,0.0,0.0,0.0,1.0,0.0,0.0,0.0,0.0,108.2611621197749,0.0,0.0,2.3074712151494,61.307261470808804,13.073426206669962,"8a7558242b5ffff,8a7558242b57fff,8a7558242b47fff,8a7558242a2ffff,8a7558242a0ffff,8a7558242af7fff,8a7558242ac7fff,8a7558242acffff,8a755824230ffff,8a7558242307fff,8a7558242337fff,8a7558242327fff,8a7558242a9ffff,8a755824206ffff"
-71223800#7,416428068,"-71223800#7,-71223800#6,71223800#6,71223800#7,1006827381,679068326#0,679068326#1,679068326#2,679068326#3,101411570,282689981#1,-120511301,120509990,120509991,282689983#0,101418595,526439431#1,687927789#0,416428068",2.1912503782324126,1501.557358045057,35.26294736842106,12.18735365256263,29.988000000000007,0.36106537198467775,0.0,0.0,0.04240842525504367,0.0,0.0,0.0,0.9575915747449563,1.3319504508331852,11.987554057498667,0.6659752254165926,0.6659752254165926,105.682269510666,1.3319504508331852,0.0,2.5164895616383425,60.0541323366373,12.653529282915258,"8a7558242b5ffff,8a7558242b57fff,8a7558242b47fff,8a7558242a2ffff,8a7558242a0ffff,8a7558242af7fff,8a7558242ac7fff,8a7558242acffff,8a755824230ffff,8a7558242307fff,8a7558242337fff,8a755824206ffff,8a7558242a9ffff"
120509991,-100468681#0,"120509991,282689983#0,101418595,526439431#1,623959719,619185406,619184994,1164659927#1,1164659928,1164659929,120512822,-133906979,-133906980,-282479126,-100468681#8,-100468681#7,100525438#0,-101601553#1,-101601553#0,101600741#4,-100468681#2,-100468681#1,-100468681#0",2.857019928201661,2040.0704156330464,37.820347826086966,9.988201761026476,20.016000000000005,0.4157058288967172,0.0,0.0,0.031213963251878623,0.4066314773782178,0.0,0.0,0.5621545593699036,0.9803583173767009,20.587524664910717,0.9803583173767009,0.49017915868835044,148.97034662388967,1.9607166347534017,0.9803583173767009,1.5428320725631377,98.51196048137606,11.27412064983206,"8a7558242307fff,8a7558242337fff,8a755824206ffff,8a7558242067fff,8a7558242a97fff,8a7558242ab7fff,8a7558242b9ffff,8a7558242147fff,8a7558242167fff,8a7558242177fff,8a75582428dffff,8a755824212ffff,8a7558242127fff,8a755824288ffff,8a7558242c0ffff,8a7558242c1ffff"
120509991,-100468681#0,"120509991,282689983#0,101418595,526439431#1,623959719,-282689984#1,-282689984#0,-134065887,100475363,282479151#1,100475362,-659278038#3,-659278038#2,-659278038#1,-659278038#0,-100525438#2,-100525438#1,-101601553#1,-101601553#0,101600741#4,-100468681#2,-100468681#1,-100468681#0",2.7010589693040643,2006.6781982170537,39.5608695652174,10.22325043180027,20.016000000000005,0.44928016428275985,0.0,0.0,0.03173338058957015,0.31240436406087074,0.0,0.0,0.6558622553495592,0.996672013368667,12.95673617379267,0.4983360066843335,0.4983360066843335,138.149963205984,1.4950080200530005,0.4983360066843335,1.5175787363995383,99.14479320401334,11.46172815373967,"8a7558242307fff,8a7558242337fff,8a755824206ffff,8a7558242067fff,8a7558242077fff,8a755824200ffff,8a7558242007fff,8a7558242037fff,8a75582421affff,8a755824211ffff,8a755824212ffff,8a7558242127fff,8a755824288ffff,8a7558242c0ffff,8a7558242c1ffff"
120509991,-100468681#0,"120509991,282689983#0,101418595,526439431#1,623959719,619185406,619184994,1164659927#1,1164659926,120512822,-133906979,-133906980,-282479126,-100468681#8,-100468681#7,100525438#0,-101601553#1,-101601553#0,101600741#4,-100468681#2,-100468681#1,-100468681#0",2.8456953983897364,2021.6189370530574,38.17636363636365,10.072777375279774,20.016000000000005,0.41950000942049365,0.0,0.0,0.031498855604132785,0.410342835566092,0.0,0.0,0.5581583088297751,0.9893061265618278,20.775428657798386,0.9893061265618278,0.4946530632809139,149.99776231703834,1.9786122531236556,0.9893061265618278,1.5288778812169603,99.61815177955464,10.882367392180106,"8a7558242307fff,8a7558242337fff,8a755824206ffff,8a7558242067fff,8a7558242a97fff,8a7558242ab7fff,8a7558242b9ffff,8a7558242147fff,8a7558242167fff,8a7558242177fff,8a75582428dffff,8a755824212ffff,8a7558242127fff,8a755824288ffff,8a7558242c0ffff,8a7558242c1ffff"
120509991,-100468681#0,"120509991,282689983#0,101418595,526439431#1,623959719,619185406,619184994,1164659927#1,1164659926,120512822,-133906979,-133906980,-282479126,-100468681#8,-100468681#7,-100468681#6,-100468681#5,-100468681#4,-100468681#3,-100468681#2,-100468681#1,-100468681#0",2.359042810788821,1824.340006376198,41.81563636363637,10.072777375279774,20.016000000000005,0.5755738953395445,0.0,0.0,0.03490505210775027,0.5654264907936577,0.0,0.0,0.39966845709859206,1.0962868725182027,14.251729342736635,0.5481434362591013,0.5481434362591013,155.45939249048018,1.0962868725182027,0.5481434362591013,1.3796829028687394,98.6098542985662,12.05915559770023,"8a7558242307fff,8a7558242337fff,8a755824206ffff,8a7558242067fff,8a7558242a97fff,8a7558242ab7fff,8a7558242b9ffff,8a7558242147fff,8a7558242167fff,8a7558242177fff,8a75582428dffff,8a75582428d7fff,8a755824288ffff,8a7558242c0ffff,8a7558242c1ffff"
120509991,-100468681#0,"120509991,282689983#0,101418595,526439431#1,623959719,619185406,619184994,1164659927#1,1164659928,1164659929,120512822,-133906979,-133906980,-282479126,-100468681#8,-100468681#7,-100468681#6,-100468681#5,-100468681#4,-100468681#3,-100468681#2,-100468681#1,-100468681#0",2.3703673406007466,1842.7914849561869,41.30139130434783,10.145505954223955,20.016000000000005,0.5698107965365832,0.0,0.0,0.0345555552566104,0.5597649957907732,0.0,0.0,0.4056794489526164,1.0853099855991308,14.1090298127887,0.5426549927995654,0.5426549927995654,154.22597645791853,1.0853099855991308,0.5426549927995654,1.3936370942149165,97.26278384329565,12.481064834390004,"8a7558242307fff,8a7558242337fff,8a755824206ffff,8a7558242067fff,8a7558242a97fff,8a7558242ab7fff,8a7558242b9ffff,8a7558242147fff,8a7558242167fff,8a7558242177fff,8a75582428dffff,8a75582428d7fff,8a755824288ffff,8a7558242c0ffff,8a7558242c1ffff"
-1006827381,416428068,"-1006827381,1006827381,101749453,224715836,224715833,282689986,-352797377,-120511301,120509990,120509991,282689983#0,282689983#1,71324342,416428068",2.472222899238889,1547.9942263244402,39.996,10.385792425602025,20.016000000000005,0.25578209000876884,0.0,0.0,0.0,0.0,0.0,0.0,1.0,0.0,0.0,0.0,0.0,119.24588056117669,0.0,0.0,2.65550149334747,132.7484716556339,9.043961380425573,"8a7558242b5ffff,8a7558242a77fff,8a7558242a67fff,8a7558242a6ffff,8a7558240697fff,8a7558242acffff,8a755824230ffff,8a7558242307fff,8a7558242337fff,8a7558242327fff,8a7558242a9ffff,8a755824206ffff"
-1006827381,416428068,"-1006827381,1006827381,101749453,224715836,224715833,282689986,-352797377,-120511301,120509990,120509991,282689983#0,101418595,526439431#1,687927789#0,416428068",2.724598810006364,1672.7128188118859,37.994400000000006,10.149964537587596,20.016000000000005,0.1987358989429877,0.0,0.0,0.038069106823755375,0.0,0.0,0.0,0.9619308931762446,1.19566250554628,10.760962549916519,0.59783125277314,0.59783125277314,114.63348169531207,1.19566250554628,0.0,2.869449583699839,127.6413726434986,8.9674687915971,"8a7558242b5ffff,8a7558242a77fff,8a7558242a67fff,8a7558242a6ffff,8a7558240697fff,8a7558242acffff,8a755824230ffff,8a7558242307fff,8a7558242337fff,8a755824206ffff,8a7558242a9ffff"
-1006827381,416428068,"-1006827381,1006827381,679068326#0,679068326#1,679068326#2,679068326#3,101411570,282689981#1,-120511301,120509990,120509991,282689983#0,101418595,526439431#1,687927789#0,416428068",1.971729224447158,1401.7442780194174,38.745000000000005,10.25514832657237,20.016000000000005,0.38677551572024915,0.0,0.0,0.04542817401387143,0.0,0.0,0.0,0.9545718259861289,1.4267937678517817,12.841143910666036,0.7133968839258908,0.7133968839258908,109.55755514217186,1.4267937678517817,0.0,2.4046175110162715,61.81560361647906,11.414350142814254,"8a7558242b5ffff,8a7558242a2ffff,8a7558242a0ffff,8a7558242af7fff,8a7558242ac7fff,8a7558242acffff,8a755824230ffff,8a7558242307fff,8a7558242337fff,8a755824206ffff,8a7558242a9ffff"
-1006827381,416428068,"-1006827381,1006827381,679068326#0,679068326#1,679068326#2,679068326#3,101411570,282689981#1,-120511301,120509990,120509991,282689983#0,282689983#1,71324342,416428068",1.7193533136796837,1277.0256855319722,40.6632,10.336217954358357,20.016000000000005,0.47429075680438826,0.0,0.0,0.0,0.0,0.0,0.0,1.0,0.0,0.0,0.0,0.0,112.64886085353452,0.0,0.0,2.1906694206639035,63.82508003530735,11.746044085050201,"8a7558242b5ffff,8a7558242a2ffff,8a7558242a0ffff,8a7558242af7fff,8a7558242ac7fff,8a7558242acffff,8a755824230ffff,8a7558242307fff,8a7558242337fff,8a7558242327fff,8a7558242a9ffff,8a755824206ffff"
-416375813,-619184994,"-416375813,71223800#5,71223800#6,71223800#7,101417074,-71324343#7,-71324343#6,-71324343#5,-71324343#4,-463830227,416376585#0,416376585#1,-1164659923,-659283000#0,-282479127#2,1164653914,-619184994",1.2799741364036847,1010.5976958967776,32.93788235294117,10.467069419627165,29.988000000000007,0.2686718900458573,0.0,0.0,0.13411451334879734,0.0,0.0,0.0,0.8658854866512028,0.0,17.811241875064116,0.9895134375035621,0.0,53.883432114597404,1.9790268750071243,0.0,1.5440575197219535,49.74088590551963,16.821728437560555,"8a7558242b77fff,8a7558242b47fff,8a7558242b57fff,8a7558242b5ffff,8a7558242b0ffff,8a7558242a27fff,8a7558242a17fff,8a7558242b8ffff,8a7558242aa7fff,8a7558242ab7fff,8a7558242a97fff"
-416375813,-619184994,"-416375813,71223800#5,71223800#6,71223800#7,101417074,71324343#8,71324343#9,71324343#11,-659283000#6,-659283000#5,-659283000#3,-659283000#2,-659283000#1,-659283000#0,-282479127#2,1164653914,-619184994",1.1625266246416006,1049.0203230846332,37.64752941176471,12.515195154878967,29.988000000000007,0.523728721225658,0.0,0.0,0.39959742910716783,0.0,0.0,0.0,0.6004025708928321,0.0,17.158866805431558,0.9532703780795311,0.9532703780795311,89.48311594330303,1.9065407561590622,0.0,1.6027621325246144,51.76055773623142,16.205596427352027,"8a7558242b77fff,8a7558242b47fff,8a7558242b57fff,8a7558242b5ffff,8a7558242b0ffff,8a7558242b1ffff,8a7558242a37fff,8a7558242b8ffff,8a7558242aa7fff,8a7558242ab7fff,8a7558242a97fff"
-71324343#5,416428068,"-71324343#5,101416508#0,-101416509,71324343#3,-463830227,416376585#0,416376585#1,-1164659923,-659283000#0,-282479127#2,-1197063689,-42762428#4,-42762428#3,-42762428#0,-697042776#1,687927789#0,416428068",1.1870758238500585,920.0823687697023,37.052470588235295,9.859725136366933,20.016000000000005,0.36241819394049707,0.0,0.0,0.38667162988813575,0.0,0.0,0.0,0.6133283701118643,0.0,19.563465849333564,1.0868592138518647,1.0868592138518647,76.24145555410479,2.1737184277037294,1.0868592138518647,1.6213777540212655,36.76274717652127,18.476606635481698,"8a7558242b0ffff,8a7558242a27fff,8a7558242a07fff,8a7558242a17fff,8a7558242b8ffff,8a7558242aa7fff,8a7558242a87fff,8a7558242a97fff,8a755824206ffff,8a7558242a9ffff"
-71324343#5,416428068,"-71324343#5,-71324343#4,-463830227,416376585#0,416376585#1,-1164659923,-659283000#0,-282479127#2,-1197063689,-42762428#4,-42762428#3,-42762428#0,-697042776#1,687927789#0,416428068",1.0595336910862256,768.44216476023,35.3256,9.162077967672744,20.016000000000005,0.2203267047903584,0.0,0.0,0.46297530963117456,0.0,0.0,0.0,0.5370246903688254,0.0,23.42401396677182,1.3013341092651012,1.3013341092651012,52.39038380010828,2.6026682185302024,1.3013341092651012,1.3541559685142057,36.694851389172335,19.520011638976516,"8a7558242b0ffff,8a7558242a27fff,8a7558242a17fff,8a7558242b8ffff,8a7558242aa7fff,8a7558242a87fff,8a7558242a97fff,8a755824206ffff,8a7558242a9ffff"
-71324343#5,416428068,"-71324343#5,101416508#0,-101416509,-71324343#2,-71324343#1,-71324343#0,-416376586,71223791#1,101411570,282689981#1,-120511301,120509990,120509991,282689983#0,282689983#1,71324342,416428068",2.332933562193776,1752.8567041122153,42.93952941176471,9.859725136366933,20.016000000000005,0.5656314621627313,0.0,0.0,0.0,0.0,0.0,0.0,1.0,0.0,0.0,0.0,0.0,103.73747024988738,0.0,0.0,3.0889004751116453,67.00182422998893,9.698453935291955,"8a7558242b0ffff,8a7558242a27fff,8a7558242a07fff,8a7558242a1ffff,8a7558242aaffff,8a7558242327fff,8a7558242af7fff,8a7558242ac7fff,8a7558242acffff,8a755824230ffff,8a7558242307fff,8a7558242337fff,8a7558242a9ffff,8a755824206ffff"
-71324343#5,416428068,"-71324343#5,101416508#0,-101416509,-71324343#2,101415864#0,101415864#1,679068326#2,679068326#3,101411570,282689981#1,-120511301,120509990,120509991,282689983#0,282689983#1,71324342,416428068",1.8947889162864568,1499.0818804570363,44.11694117647059,9.400879057770265,20.016000000000005,0.610821731396409,0.0,0.0,0.0,0.0,0.0,0.0,1.0,0.0,0.0,0.0,0.0,101.15785186465912,0.0,0.0,2.64169610779465,54.10795842967569,11.340274485084887,"8a7558242b0ffff,8a7558242a27fff,8a7558242a07fff,8a7558242a0ffff,8a7558242af7fff,8a7558242ac7fff,8a7558242acffff,8a755824230ffff,8a7558242307fff,8a7558242337fff,8a7558242327fff,8a7558242a9ffff,8a755824206ffff"
-71324343#5,416428068,"-71324343#5,-71324343#4,-71324343#3,-71324343#2,101415864#0,101415864#1,679068326#2,679068326#3,101411570,282689981#1,-120511301,120509990,120509991,282689983#0,282689983#1,71324342,416428068",1.835674154471004,1411.8185667110747,41.76211764705882,10.154109918416985,20.016000000000005,0.5323102748918096,0.0,0.0,0.0,0.0,0.0,0.0,1.0,0.0,0.0,0.0,0.0,99.2576067597835,0.0,0.0,2.487919880304202,56.26605049170664,12.041207277506366,"8a7558242b0ffff,8a7558242a27fff,8a7558242a07fff,8a7558242a0ffff,8a7558242af7fff,8a7558242ac7fff,8a7558242acffff,8a755824230ffff,8a7558242307fff,8a7558242337fff,8a7558242327fff,8a7558242a9ffff,8a755824206ffff"
-71324343#5,416428068,"-71324343#5,101416508#0,-101416509,-71324343#2,-71324343#1,-416375814,679068326#3,101411570,282689981#1,-120511301,120509990,120509991,282689983#0,101418595,526439431#1,687927789#0,416428068",2.153297604138847,1618.4343871531153,41.76211764705882,10.154109918416985,20.016000000000005,0.5277532998118564,0.0,0.0,0.03934585392542713,0.0,0.0,0.0,0.960654146074573,1.2357621760113937,11.121859584102543,0.6178810880056969,0.6178810880056969,101.45575224864912,1.2357621760113937,0.0,2.8520202111708053,55.68343309066595,10.503978496096845,"8a7558242b0ffff,8a7558242a27fff,8a7558242a07fff,8a7558242a1ffff,8a7558242a0ffff,8a7558242af7fff,8a7558242ac7fff,8a7558242acffff,8a755824230ffff,8a7558242307fff,8a7558242337fff,8a755824206ffff,8a7558242a9ffff"
-71324343#5,416428068,"-71324343#5,-71324343#4,-71324343#3,-71324343#2,-71324343#1,-416375814,679068326#3,101411570,282689981#1,-120511301,120509990,120509991,282689983#0,101418595,526439431#1,687927789#0,416428068",2.094182842323394,1531.1710734071537,39.40729411764706,10.298147040637375,20.016000000000005,0.45062752291372643,0.0,0.0,0.04158822230302274,0.0,0.0,0.0,0.9584117776969774,1.3061897750913036,11.755707975821732,0.6530948875456518,0.6530948875456518,99.58655686212522,1.3061897750913036,0.0,2.6982439836803573,58.441625370143214,11.10261308827608,"8a7558242b0ffff,8a7558242a27fff,8a7558242a07fff,8a7558242a1ffff,8a7558242a0ffff,8a7558242af7fff,8a7558242ac7fff,8a7558242acffff,8a755824230ffff,8a7558242307fff,8a7558242337fff,8a755824206ffff,8a7558242a9ffff"
-71324343#5,416428068,"-71324343#5,-71324343#4,-463830227,416376585#0,416376585#1,-1164659923,-659283000#0,-282479127#2,1164653914,-619184994,120511930,-42762428#0,-697042776#1,687927789#0,416428068",1.3471287291014318,924.4678248925397,35.3256,9.162077967672744,20.016000000000005,0.1831413981371083,0.0,0.0,0.21923554445822604,0.09301610736713294,0.0,0.0,0.6877483481746409,0.0,38.94132281367894,2.163406822982163,1.0817034114910815,62.62216813153842,5.408517057455407,1.0817034114910815,1.6291058458097352,39.388176855687206,16.225551172366224,"8a7558242b0ffff,8a7558242a27fff,8a7558242a17fff,8a7558242b8ffff,8a7558242aa7fff,8a7558242ab7fff,8a7558242a97fff,8a755824206ffff,8a7558242a9ffff"
-71324343#5,416428068,"-71324343#5,-71324343#4,-71324343#3,-71324343#2,-71324343#1,-71324343#0,-416376586,71223791#1,101411570,282689981#1,-120511301,120509990,120509991,282689983#0,101418595,526439431#1,687927789#0,416428068",2.5261947111457967,1790.3119828536994,38.884,10.234380811179314,20.016000000000005,0.4266315226791413,0.0,0.0,0.035568483926088065,0.0,0.0,0.0,0.9644315160739119,1.117123729916651,10.054113569249859,0.5585618649583255,0.5585618649583255,99.75657124547757,1.117123729916651,0.0,3.154904517557663,67.62241710512576,10.054113569249859,"8a7558242b0ffff,8a7558242a27fff,8a7558242a07fff,8a7558242a1ffff,8a7558242aaffff,8a7558242327fff,8a7558242af7fff,8a7558242ac7fff,8a7558242acffff,8a755824230ffff,8a7558242307fff,8a7558242337fff,8a755824206ffff,8a7558242a9ffff"
-71324343#5,416428068,"-71324343#5,-71324343#4,-71324343#3,-71324343#2,101415864#0,101415864#1,679068326#2,679068326#3,101411570,282689981#1,-120511301,120509990,120509991,282689983#0,101418595,526439431#1,687927789#0,416428068",2.088050065238478,1536.5371591985202,39.99600000000001,10.298147040637373,20.016000000000005,0.44776295347876416,0.0,0.0,0.0414429827509218,0.0,0.0,0.0,0.9585570172490782,1.3016281370267861,11.714653233241075,0.6508140685133931,0.6508140685133931,97.24840974148722,1.3016281370267861,0.0,2.7077001502406675,54.83208859848294,11.714653233241075,"8a7558242b0ffff,8a7558242a27fff,8a7558242a07fff,8a7558242a0ffff,8a7558242af7fff,8a7558242ac7fff,8a7558242acffff,8a755824230ffff,8a7558242307fff,8a7558242337fff,8a755824206ffff,8a7558242a9ffff"
-71324343#5,416428068,"-71324343#5,101416508#0,-101416509,-71324343#2,-71324343#1,-71324343#0,463830226#1,101411570,282689981#1,-120511301,120509990,120509991,282689983#0,101418595,526439431#1,687927789#0,416428068",2.132684722557129,1556.4108107635373,40.58470588235294,10.298147040637373,20.016000000000005,0.45380475484797633,0.0,0.0,0.04091380151335202,0.0,0.0,0.0,0.9590861984866481,1.2850077795455872,11.565070015910283,0.6425038897727936,0.6425038897727936,100.67876073563137,1.2850077795455872,0.0,2.742721684868894,53.05127720461263,10.922566126137491,"8a7558242b0ffff,8a7558242a27fff,8a7558242a07fff,8a7558242a1ffff,8a7558242aaffff,8a7558242af7fff,8a7558242ac7fff,8a7558242acffff,8a755824230ffff,8a7558242307fff,8a7558242337fff,8a755824206ffff,8a7558242a9ffff"
-71324343#5,416428068,"-71324343#5,101416508#0,-101416509,71324343#3,-463830227,416376585#0,416376585#1,-1164659923,-659283000#0,-282479127#2,1164653914,-619184994,120511930,-42762428#0,-697042776#1,687927789#0,416428068",1.4746708618652644,1076.108028902012,37.052470588235295,9.859725136366933,20.016000000000005,0.30987092504666514,0.0,0.0,0.18834187784215778,0.0799087044684567,0.0,0.0,0.7317494176893856,0.0,33.45389034661508,1.8585494637008377,0.9292747318504189,83.05255432437647,4.646373659252094,0.9292747318504189,1.8963276313167947,38.552712806192844,15.797670441457122,"8a7558242b0ffff,8a7558242a27fff,8a7558242a07fff,8a7558242a17fff,8a7558242b8ffff,8a7558242aa7fff,8a7558242ab7fff,8a7558242a97fff,8a755824206ffff,8a7558242a9ffff"
-71324343#5,416428068,"-71324343#5,101416508#0,-101416509,-71324343#2,101415864#0,101415864#1,679068326#2,679068326#3,101411570,282689981#1,-120511301,120509990,120509991,282689983#0,101418595,526439431#1,687927789#0,416428068",2.147164827053932,1623.8004729444817,42.22,10.04065261530228,20.016000000000005,0.5247877994331348,0.0,0.0,0.03921582980533585,0.0,0.0,0.0,0.9607841701946641,1.2316784194386552,11.085105774947897,0.6158392097193276,0.6158392097193276,99.02791019537301,1.2316784194386552,0.0,2.861476377731116,52.53636300684814,11.085105774947897,"8a7558242b0ffff,8a7558242a27fff,8a7558242a07fff,8a7558242a0ffff,8a7558242af7fff,8a7558242ac7fff,8a7558242acffff,8a755824230ffff,8a7558242307fff,8a7558242337fff,8a755824206ffff,8a7558242a9ffff"
-71324343#5,416428068,"-71324343#5,101416508#0,-101416509,-71324343#2,-71324343#1,-71324343#0,-416376586,71223791#1,101411570,282689981#1,-120511301,120509990,120509991,282689983#0,101418595,526439431#1,687927789#0,416428068",2.5853094729612502,1877.575296599661,41.108000000000004,10.234380811179314,20.016000000000005,0.49422773583490737,0.0,0.0,0.03391538176931623,0.0,0.0,0.0,0.9660846182306837,1.0652036185297353,9.586832566767617,0.5326018092648677,0.5326018092648677,101.48912779588716,1.0652036185297353,0.0,3.3086807450481115,64.66500378294425,9.586832566767617,"8a7558242b0ffff,8a7558242a27fff,8a7558242a07fff,8a7558242a1ffff,8a7558242aaffff,8a7558242327fff,8a7558242af7fff,8a7558242ac7fff,8a7558242acffff,8a755824230ffff,8a7558242307fff,8a7558242337fff,8a755824206ffff,8a7558242a9ffff"
-71324343#5,416428068,"-71324343#5,-71324343#4,-71324343#3,-71324343#2,-71324343#1,-71324343#0,463830226#1,101411570,282689981#1,-120511301,120509990,120509991,282689983#0,101418595,526439431#1,687927789#0,416428068",2.073569960741676,1469.1474970175757,38.229882352941175,10.154109918416983,20.016000000000005,0.36903058892281015,0.0,0.0,0.0433439686036186,0.0,0.0,0.0,0.9566560313963816,1.3613337013881006,12.252003312492906,0.6806668506940503,0.6806668506940503,98.8012975041828,1.3613337013881006,0.0,2.5889454573784456,55.582550641223094,11.571336461798856,"8a7558242b0ffff,8a7558242a27fff,8a7558242a07fff,8a7558242a1ffff,8a7558242aaffff,8a7558242af7fff,8a7558242ac7fff,8a7558242acffff,8a755824230ffff,8a7558242307fff,8a7558242337fff,8a755824206ffff,8a7558242a9ffff"
-71324343#5,416428068,"-71324343#5,101416508#0,-101416509,-71324343#2,-71324343#1,-416375814,679068326#3,101411570,282689981#1,-120511301,120509990,120509991,282689983#0,282689983#1,71324342,416428068",1.9009216933713728,1493.7157946656698,43.749,9.581930494425434,20.016000000000005,0.6143439096224882,0.0,0.0,0.0,0.0,0.0,0.0,1.0,0.0,0.0,0.0,0.0,103.6609351815071,0.0,0.0,2.63223994123434,57.65819024116703,10.711542354401622,"8a7558242b0ffff,8a7558242a27fff,8a7558242a07fff,8a7558242a1ffff,8a7558242a0ffff,8a7558242af7fff,8a7558242ac7fff,8a7558242acffff,8a755824230ffff,8a7558242307fff,8a7558242337fff,8a7558242327fff,8a7558242a9ffff,8a755824206ffff"
-71324343#5,416428068,"-71324343#5,-71324343#4,-71324343#3,-71324343#2,-71324343#1,-416375814,679068326#3,101411570,282689981#1,-120511301,120509990,120509991,282689983#0,282689983#1,71324342,416428068",1.84180693155592,1406.4524809197083,41.247,10.25514832657237,20.016000000000005,0.5357514391702843,0.0,0.0,0.0,0.0,0.0,0.0,1.0,0.0,0.0,0.0,0.0,101.65335351364982,0.0,0.0,2.4784637137438916,60.3067188605987,11.37613976800501,"8a7558242b0ffff,8a7558242a27fff,8a7558242a07fff,8a7558242a1ffff,8a7558242a0ffff,8a7558242af7fff,8a7558242ac7fff,8a7558242acffff,8a755824230ffff,8a7558242307fff,8a7558242337fff,8a7558242327fff,8a7558242a9ffff,8a755824206ffff"
-71324343#5,416428068,"-71324343#5,101416508#0,-101416509,-71324343#2,-71324343#1,-71324343#0,463830226#1,101411570,282689981#1,-120511301,120509990,120509991,282689983#0,282689983#1,71324342,416428068",1.8803088117896545,1431.6922182760918,42.498000000000005,10.008000000000003,20.016000000000005,0.5377047729986086,0.0,0.0,0.0,0.0,0.0,0.0,1.0,0.0,0.0,0.0,0.0,102.89400223869177,0.0,0.0,2.5229414149324283,54.799460276936045,11.175586341641003,"8a7558242b0ffff,8a7558242a27fff,8a7558242a07fff,8a7558242a1ffff,8a7558242aaffff,8a7558242af7fff,8a7558242ac7fff,8a7558242acffff,8a755824230ffff,8a7558242307fff,8a7558242337fff,8a7558242327fff,8a7558242a9ffff,8a755824206ffff"
-71324343#5,416428068,"-71324343#5,-71324343#4,-71324343#3,-71324343#2,-71324343#1,-71324343#0,-416376586,71223791#1,101411570,282689981#1,-120511301,120509990,120509991,282689983#0,282689983#1,71324342,416428068",2.273818800378322,1665.5933903662537,40.58470588235294,10.298147040637373,20.016000000000005,0.4967146513137856,0.0,0.0,0.0,0.0,0.0,0.0,1.0,0.0,0.0,0.0,0.0,101.88868443914627,0.0,0.0,2.9351242476211974,69.93049628961462,10.206572683541813,"8a7558242b0ffff,8a7558242a27fff,8a7558242a07fff,8a7558242a1ffff,8a7558242aaffff,8a7558242327fff,8a7558242af7fff,8a7558242ac7fff,8a7558242acffff,8a755824230ffff,8a7558242307fff,8a7558242337fff,8a7558242a9ffff,8a755824206ffff"
-71324343#5,416428068,"-71324343#5,-71324343#4,-71324343#3,-71324343#2,-71324343#1,-71324343#0,463830226#1,101411570,282689981#1,-120511301,120509990,120509991,282689983#0,282689983#1,71324342,416428068",1.8211940499742008,1344.4289045301302,39.996,10.336217954358357,20.016000000000005,0.45051209239010215,0.0,0.0,0.0,0.0,0.0,0.0,1.0,0.0,0.0,0.0,0.0,100.87829710805154,0.0,0.0,2.3691651874419803,57.18663387922992,11.90096400492959,"8a7558242b0ffff,8a7558242a27fff,8a7558242a07fff,8a7558242a1ffff,8a7558242aaffff,8a7558242af7fff,8a7558242ac7fff,8a7558242acffff,8a755824230ffff,8a7558242307fff,8a7558242337fff,8a7558242327fff,8a7558242a9ffff,8a755824206ffff"
-101601551,-101746508#0,"-101601551,101601551,101600741#3,101601553#0,101601553#1,-100525438#0,100468681#7,100468681#8,282479126,133906980,133906979,282479125#0,282479125#1,120511930,42762428#1,1164653913,463830226#0,463830226#1,101411570,282689981#1,-120511301,101411571#0,-47374680#8,-47374680#7,-47374680#6,101746498#0,101746498#1,-101746508#1,-101746508#0",3.859920786169039,2641.8408325923583,38.270482758620695,10.032619963401851,20.016000000000005,0.32599583003298727,0.0,0.0,0.04635812583257495,0.19034578174222208,0.0,0.0,0.7632960924252028,0.0,6.813430914510147,0.37852393969500814,0.0,63.11280134337707,1.1355718190850246,0.0,1.970192748326627,57.766488041314204,10.977194251155236,"8a7558242137fff,8a7558242c6ffff,8a7558242127fff,8a755824212ffff,8a75582428dffff,8a7558242177fff,8a7558242167fff,8a7558242147fff,8a755824214ffff,8a7558242a97fff,8a7558242a87fff,8a7558242aa7fff,8a7558242aaffff,8a7558242af7fff,8a7558242ac7fff,8a7558242acffff,8a755824230ffff,8a7558242227fff,8a7558242237fff,8a7558242207fff,8a755824220ffff,8a7558242277fff,8a755824234ffff"
-101601551,-101746508#0,"-101601551,101601551,101600741#3,101601553#0,101601553#1,-100525438#0,100468681#7,100468681#8,282479126,133906980,133906979,282479125#0,282479125#1,120511930,-42762428#0,-697042776#1,687927789#0,-71324342,71223791#0,416376586,463830226#1,101411570,282689981#1,-120511301,101411571#0,-47374680#8,-47374680#7,-47374680#6,101746498#0,101746498#1,-101746508#1,-101746508#0",3.871089919048973,2802.469433388339,38.745000000000005,10.088386833544096,20.016000000000005,0.42684877955318823,0.0,0.0,0.023957581106117287,0.1794357692281147,0.0,0.0,0.7966066496657681,0.0,6.422906806957396,0.35682815594207756,0.35682815594207756,62.37021637196114,1.0704844678262329,0.35682815594207756,2.089983956244158,62.03219664160371,11.418500990146482,"8a7558242137fff,8a7558242c6ffff,8a7558242127fff,8a755824212ffff,8a75582428dffff,8a7558242177fff,8a7558242167fff,8a7558242147fff,8a755824214ffff,8a7558242a97fff,8a755824206ffff,8a7558242a9ffff,8a7558242327fff,8a7558242aaffff,8a7558242af7fff,8a7558242ac7fff,8a7558242acffff,8a755824230ffff,8a7558242227fff,8a7558242237fff,8a7558242207fff,8a755824220ffff,8a7558242277fff,8a755824234ffff"
-101601551,-101746508#0,"-101601551,101601551,101600741#3,101601553#0,101601553#1,-100525438#0,100468681#7,100468681#8,282479126,133906980,133906979,282479125#0,282479125#1,120511930,42762428#1,42762428#4,71324344,463830226#0,463830226#1,101411570,282689981#1,-120511301,101411571#0,-47374680#8,-47374680#7,-47374680#6,101746498#0,101746498#1,-101746508#1,-101746508#0",3.868480019797696,2652.5255024626485,37.3272,9.81049247735688,20.016000000000005,0.31437393895418186,0.0,0.0,0.05554010020028558,0.18957904761007904,0.0,0.0,0.7548808521896352,0.0,6.78598565151909,0.3769992028621717,0.0,63.47442974730996,1.1309976085865152,0.0,1.978161002445878,58.608928575182844,11.30997608586515,"8a7558242137fff,8a7558242c6ffff,8a7558242127fff,8a755824212ffff,8a75582428dffff,8a7558242177fff,8a7558242167fff,8a7558242147fff,8a755824214ffff,8a7558242a97fff,8a7558242a87fff,8a7558242aa7fff,8a7558242aaffff,8a7558242af7fff,8a7558242ac7fff,8a7558242acffff,8a755824230ffff,8a7558242227fff,8a7558242237fff,8a7558242207fff,8a755824220ffff,8a7558242277fff,8a755824234ffff"
-101601551,-101746508#0,"-101601551,101601551,101600741#3,101601553#0,101601553#1,-100525438#0,100468681#7,100468681#8,282479126,133906980,133906979,282479125#0,282479125#1,120511930,42762428#1,1164653913,463830226#0,-416376586,71223791#1,101411570,282689981#1,-120511301,101411571#0,-47374680#8,-47374680#7,-47374680#6,101746498#0,101746498#1,-101746508#1,-101746508#0",4.31254553657316,2963.0053184284816,38.6616,10.08820277080252,20.016000000000005,0.36546416220644373,0.0,0.0,0.04133330068131878,0.16971392369454938,0.0,0.0,0.7889527756241319,0.0,6.074913159300989,0.3374951755167216,0.0,65.15604906717697,1.0124855265501649,0.0,2.209706019984812,64.558093378278,10.124855265501647,"8a7558242137fff,8a7558242c6ffff,8a7558242127fff,8a755824212ffff,8a75582428dffff,8a7558242177fff,8a7558242167fff,8a7558242147fff,8a755824214ffff,8a7558242a97fff,8a7558242a87fff,8a7558242aa7fff,8a7558242aaffff,8a7558242327fff,8a7558242af7fff,8a7558242ac7fff,8a7558242acffff,8a755824230ffff,8a7558242227fff,8a7558242237fff,8a7558242207fff,8a755824220ffff,8a7558242277fff,8a755824234ffff"
-101601551,-101746508#0,"-101601551,101601551,101600741#3,101601553#0,101601553#1,-100525438#0,100468681#7,100468681#8,282479126,133906980,133906979,282479125#0,282479125#1,120511930,-42762428#0,-697042776#1,687927789#0,-71324342,71223791#0,71223791#1,101411570,282689981#1,-120511301,101411571#0,-47374680#8,-47374680#7,-47374680#6,101746498#0,101746498#1,-101746508#1,-101746508#0",3.826654434271908,2680.3475966710266,38.38180645161291,10.040231967504058,20.016000000000005,0.3636048911382391,0.0,0.0,0.02504913498204621,0.18761121100221032,0.0,0.0,0.7873396540157435,0.0,6.715546902333069,0.37308593901850384,0.37308593901850384,61.834005866343595,1.1192578170555116,0.37308593901850384,1.9989097499011963,61.678818036670904,11.56566410957362,"8a7558242137fff,8a7558242c6ffff,8a7558242127fff,8a755824212ffff,8a75582428dffff,8a7558242177fff,8a7558242167fff,8a7558242147fff,8a755824214ffff,8a7558242a97fff,8a755824206ffff,8a7558242a9ffff,8a7558242327fff,8a7558242af7fff,8a7558242ac7fff,8a7558242acffff,8a755824230ffff,8a7558242227fff,8a7558242237fff,8a7558242207fff,8a755824220ffff,8a7558242277fff,8a755824234ffff"
-101601551,-101746508#0,"-101601551,101601551,101600741#3,101601553#0,101601553#1,-100525438#0,100468681#7,100468681#8,282479126,133906980,133906979,282479125#0,282479125#1,120511930,42762428#1,42762428#4,71324344,463830226#0,-416376586,71223791#1,101411570,282689981#1,-120511301,101411571#0,-47374680#8,-47374680#7,-47374680#6,101746498#0,101746498#1,-101746508#1,-101746508#0",4.321104770201817,2973.689988298772,37.73612903225807,9.910675159449486,20.016000000000005,0.35495564628987497,0.0,0.0,0.04954165793014289,0.16910413005291114,0.0,0.0,0.781354212016946,0.0,6.053085584182795,0.3362825324545997,0.0,65.42067354581961,1.0088475973637991,0.0,2.217674274104063,65.39679560177481,10.42475850609259,"8a7558242137fff,8a7558242c6ffff,8a7558242127fff,8a755824212ffff,8a75582428dffff,8a7558242177fff,8a7558242167fff,8a7558242147fff,8a755824214ffff,8a7558242a97fff,8a7558242a87fff,8a7558242aa7fff,8a7558242aaffff,8a7558242327fff,8a7558242af7fff,8a7558242ac7fff,8a7558242acffff,8a755824230ffff,8a7558242227fff,8a7558242237fff,8a7558242207fff,8a755824220ffff,8a7558242277fff,8a755824234ffff"
-101601551,-101746508#0,"-101601551,101601551,101600741#3,101601553#0,101601553#1,-100525438#0,100468681#7,100468681#8,282479126,133906980,133906979,282479125#0,282479125#1,120511930,-42762428#0,-697042776#1,42762429,1323419246,184568063,76867740,1323419243,120511145,47374680#0,47374680#1,101415865#0,-101749449#1,101746514,-101746498#2,-101746508#1,-101746508#0",5.4991484426744055,3672.7191321103073,36.66,9.596937442531454,20.016000000000005,0.3417572124987668,0.0,0.0,0.206683164647837,0.136918517433533,0.0,0.0,0.6563983179186299,1.0891113249113717,9.802001924202346,0.5445556624556859,0.27227783122784294,69.43027193479257,0.8168334936835288,0.27227783122784294,2.7389858281597372,109.79916493960755,8.168334936835288,"8a7558242137fff,8a7558242c6ffff,8a7558242127fff,8a755824212ffff,8a75582428dffff,8a7558242177fff,8a7558242167fff,8a7558242147fff,8a755824214ffff,8a7558242a97fff,8a755824206ffff,8a7558242047fff,8a75582423b7fff,8a7558242397fff,8a755824274ffff,8a7558242297fff,8a75582422a7fff,8a755825c927fff,8a755824225ffff,8a755824220ffff,8a7558242277fff,8a755824234ffff"
-101601551,-101746508#0,"-101601551,101601551,101600741#3,101601553#0,101601553#1,-100525438#0,100468681#7,100468681#8,282479126,133906980,133906979,282479125#0,282479125#1,120511930,-42762428#0,-697042776#1,42762429,1323419246,184568063,76867740,1323419243,120511145,47374680#0,101749458#0,101749458#1,-101749449#1,101746514,-101746498#2,-101746508#1,-101746508#0",4.715763843334309,3310.302564592013,37.9944,9.97342994851476,20.016000000000005,0.42350346017688006,0.0,0.0,0.22931112738958098,0.151908548752338,0.0,0.0,0.6187803238580808,1.2083487602569014,10.875138842312113,0.6041743801284507,0.30208719006422535,66.02670754471804,0.9062615701926761,0.30208719006422535,2.4687081928120715,104.0599888987937,9.062615701926761,"8a7558242137fff,8a7558242c6ffff,8a7558242127fff,8a755824212ffff,8a75582428dffff,8a7558242177fff,8a7558242167fff,8a7558242147fff,8a755824214ffff,8a7558242a97fff,8a755824206ffff,8a7558242047fff,8a75582423b7fff,8a7558242397fff,8a755824274ffff,8a7558242297fff,8a755824229ffff,8a755825c927fff,8a755824225ffff,8a755824220ffff,8a7558242277fff,8a755824234ffff"
-101601551,-101746508#0,"-101601551,101601551,101600741#3,101601553#0,101601553#1,-100525438#0,100468681#7,100468681#8,282479126,133906980,133906979,282479125#0,282479125#1,120511930,-42762428#0,-697042776#1,42762429,1323419246,184568063,1323419245,16648700,1323419243,120511145,47374680#0,101749458#0,101749458#1,-101749449#1,101746514,-101746498#2,-101746508#1,-101746508#0",4.682570566023385,3303.921796966732,37.73612903225806,9.910675159449484,20.016000000000005,0.42432136003467086,0.0,0.0,0.30128610830750485,0.15220192529374774,0.0,0.0,0.5465119663987473,0.6053412044547065,5.448070840092359,0.30267060222735326,0.30267060222735326,65.34044402118558,0.9080118066820598,0.30267060222735326,2.463949638871579,100.77039946650986,9.382788669047951,"8a7558242137fff,8a7558242c6ffff,8a7558242127fff,8a755824212ffff,8a75582428dffff,8a7558242177fff,8a7558242167fff,8a7558242147fff,8a755824214ffff,8a7558242a97fff,8a755824206ffff,8a7558242047fff,8a75582423b7fff,8a7558242397fff,8a755824239ffff,8a755824274ffff,8a7558242297fff,8a755824229ffff,8a755825c927fff,8a755824225ffff,8a755824220ffff,8a7558242277fff,8a755824234ffff"
-101601551,-101746508#0,"-101601551,101601551,101600741#3,101601553#0,101601553#1,-100525438#0,100468681#7,100468681#8,282479126,133906980,133906979,282479125#0,282479125#1,120511930,-42762428#0,-697042776#1,42762429,1323419246,184568063,1323419245,16648700,1323419243,120511145,47374680#0,47374680#1,101415865#0,-101749449#1,101746514,-101746498#2,-101746508#1,-101746508#0",5.465955165363482,3666.338364485027,36.44477419354839,9.511422321642815,20.016000000000005,0.3423519948511928,0.0,0.0,0.2715040570185513,0.13715680565368313,0.0,0.0,0.5913391373277654,0.5455033881688439,4.909530493519595,0.27275169408442196,0.27275169408442196,68.66488663162067,0.8182550822532659,0.27275169408442196,2.7342272742192453,106.94305812584116,8.455302516617081,"8a7558242137fff,8a7558242c6ffff,8a7558242127fff,8a755824212ffff,8a75582428dffff,8a7558242177fff,8a7558242167fff,8a7558242147fff,8a755824214ffff,8a7558242a97fff,8a755824206ffff,8a7558242047fff,8a75582423b7fff,8a7558242397fff,8a755824239ffff,8a755824274ffff,8a7558242297fff,8a75582422a7fff,8a755825c927fff,8a755824225ffff,8a755824220ffff,8a7558242277fff,8a755824234ffff"
-416409191#0,100475365#1,"-416409191#0,-162276631,162276528,1323419242#0,1323419242#1,162276533#0,162276533#1,100488715#0,100488715#1,100488715#2,100488715#3,100488715#4,100488715#5,100488715#6,100488715#7,100488714,282479151#6,282479151#7,282479151#1,100475362,-659278038#3,659278038#3,100475365#0,100475365#1",3.0764354172461195,2155.001830065363,42.4965,11.521061262257732,39.99600000000001,0.46654880495261025,0.0,0.0,0.0,0.12380398212388806,0.0,0.0,0.876196017876112,0.0,7.424587662421943,0.46403672890137143,0.0,95.81259268596851,0.46403672890137143,0.46403672890137143,1.4141009740622672,92.69547804348487,11.136881493632915,"8a7558251af7fff,8a7558251a47fff,8a755824268ffff,8a75582426f7fff,8a755824261ffff,8a755824260ffff,8a755824262ffff,8a755824270ffff,8a75582420dffff,8a75582420c7fff,8a75582420e7fff,8a755824200ffff,8a7558242007fff"
-416409191#0,100475365#1,"-416409191#0,-162276631,162276528,1323419242#0,1323419242#1,162276533#0,162276533#1,100488715#0,100488715#1,100488715#2,100488715#3,100488715#4,100488715#5,101605219,100488715#7,100488714,282479151#6,282479151#7,282479151#1,100475362,-659278038#3,659278038#3,100475365#0,100475365#1",3.168357989010606,2340.044529362438,43.3305,11.298534437473856,39.99600000000001,0.5795507069695625,0.0,0.0,0.0,0.11401398763939301,0.0,0.0,0.885986012360607,0.0,6.837476722872156,0.4273422951795097,0.0,95.81259268596851,0.4273422951795097,0.4273422951795097,1.535525029331477,106.02292082600462,10.256215084308234,"8a7558251af7fff,8a7558251a47fff,8a755824268ffff,8a75582426f7fff,8a755824261ffff,8a755824260ffff,8a755824262ffff,8a755824270ffff,8a75582420dffff,8a75582420c7fff,8a75582420e7fff,8a755824200ffff,8a7558242007fff"
-42762428#3,-416409191#0,"-42762428#3,-42762428#0,-697042776#1,42762429,1323419246,184568063,1323419245,16648700,1323419243,-162276533#2,-162276533#1,-162276533#0,-1323419242#1,-1323419242#0,-162276528,162276631,416409191#0,-416409191#0",3.1124666475928287,2586.2523988119838,41.106,12.31886031779774,39.99600000000001,0.6190236158420547,0.0,0.0,0.38097638415794527,0.23914034351168728,0.0,0.0,0.3798832723303674,0.7733197273857402,3.4799387732358307,0.7733197273857402,0.3866598636928701,46.51317471334996,0.3866598636928701,0.0,1.600205950979282,121.88676722066396,6.959877546471661,"8a7558242a87fff,8a7558242a97fff,8a755824206ffff,8a7558242047fff,8a75582423b7fff,8a7558242397fff,8a755824239ffff,8a755824274ffff,8a755824260ffff,8a755824261ffff,8a75582426f7fff,8a755824268ffff,8a7558251a47fff,8a7558251af7fff"
-42762428#3,-416409191#0,"-42762428#3,-42762428#0,-697042776#1,42762429,1323419246,184568063,76867740,1323419243,-162276533#2,-162276533#1,-162276533#0,-1323419242#1,-1323419242#0,-162276528,162276631,416409191#0,-416409191#0",3.1456599249037533,2592.633166437264,41.76,12.371697377482207,39.99600000000001,0.6175001277148559,0.0,0.0,0.28888180936726277,0.23855179169435686,0.0,0.0,0.47256639893838037,1.5428329976572452,10.414122734186405,1.1571247482429339,0.3857082494143113,44.030998889325176,0.3857082494143113,0.0,1.6041539578832023,125.32115324687561,6.557040240043293,"8a7558242a87fff,8a7558242a97fff,8a755824206ffff,8a7558242047fff,8a75582423b7fff,8a7558242397fff,8a755824274ffff,8a755824260ffff,8a755824261ffff,8a75582426f7fff,8a755824268ffff,8a7558251a47fff,8a7558251af7fff"
-101601551,101606547#1,"-101601551,101601551,101600741#3,101601553#0,101601553#1,100525438#1,100525438#2,659278038#0,659278038#1,659278038#2,659278038#3,100475365#0,100475365#1,282479151#3,282479151#4,100488713,-100488715#7,-100488715#6,-100488715#5,120829754,-101605951#4,-101605951#3,-101605951#2,-101606546,101606547#1",3.585760706694226,1941.7483749784194,38.79648,11.667530576775878,39.99600000000001,0.30529292028287397,0.0,0.0,0.0,0.0,0.0,0.0,0.907921085728663,0.0,1.0299995744928732,0.5149997872464366,0.0,60.4141677491117,1.0299995744928732,0.0,1.8668190948753298,64.28021228625599,12.874994681160915,"8a7558242137fff,8a7558242c6ffff,8a7558242127fff,8a755824212ffff,8a755824211ffff,8a75582421affff,8a7558242037fff,8a7558242007fff,8a755824200ffff,8a75582420e7fff,8a75582420c7fff,8a75582420dffff,8a755824208ffff,8a7558242707fff,8a755824271ffff"
-101601551,101606547#1,"-101601551,101601551,101600741#3,101601553#0,101601553#1,100525438#1,100525438#2,659278038#0,659278038#1,659278038#2,659278038#3,100475365#0,100475365#1,282479151#3,282479151#4,100488713,-100488715#7,-101605219,-100488715#5,120829754,-101605951#4,-101605951#3,-101605951#2,-101606546,101606547#1",3.690862185730765,2126.7910742754943,39.59712,11.724518555574043,39.99600000000001,0.4436556914823864,0.0,0.0,0.0,0.0,0.0,0.0,0.9159324654317287,0.0,0.9403838600748845,0.47019193003744225,0.0,60.4141677491117,0.9403838600748845,0.0,2.0447212622552264,82.82090486958815,11.754798250936057,"8a7558242137fff,8a7558242c6ffff,8a7558242127fff,8a755824212ffff,8a755824211ffff,8a75582421affff,8a7558242037fff,8a7558242007fff,8a755824200ffff,8a75582420e7fff,8a75582420c7fff,8a75582420dffff,8a755824208ffff,8a7558242707fff,8a755824271ffff"
-101601551,101606547#1,"-101601551,101601551,101600741#3,101601553#0,101601553#1,100525438#1,100525438#2,659278038#0,659278038#1,659278038#2,659278038#3,100475365#0,100475365#1,282479151#3,282479151#4,100488713,-100488715#7,-100488715#6,-100488715#5,-100488715#4,-100488715#3,101605951#0,101605951#1,-101606546,101606547#1",2.8681580479564035,1888.644290182791,38.79504,10.14056206726235,20.016000000000005,0.27339484586802154,0.0,0.0,0.0,0.0,0.0,0.0,1.0,0.0,0.0,0.0,0.0,65.0584593535286,0.0,0.0,1.8157642204179434,59.28846397287706,13.237008223279775,"8a7558242137fff,8a7558242c6ffff,8a7558242127fff,8a755824212ffff,8a755824211ffff,8a75582421affff,8a7558242037fff,8a7558242007fff,8a755824200ffff,8a75582420e7fff,8a75582420c7fff,8a75582420dffff,8a755824270ffff,8a7558242707fff,8a755824271ffff"
-101601551,101606547#1,"-101601551,101601551,101600741#3,101601553#0,101601553#1,100525438#1,100525438#2,659278038#0,659278038#1,659278038#2,659278038#3,100475365#0,100475365#1,282479151#3,282479151#4,100488713,-100488715#7,-101605219,-100488715#5,-100488715#4,-100488715#3,101605951#0,101605951#1,-101606546,101606547#1",2.9732595269929427,2073.686989479866,39.59568,10.20619745840732,20.016000000000005,0.4181472670936278,0.0,0.0,0.0,0.0,0.0,0.0,1.0,0.0,0.0,0.0,0.0,65.0584593535286,0.0,0.0,1.99366638779784,79.2163722309262,12.05582140739121,"8a7558242137fff,8a7558242c6ffff,8a7558242127fff,8a755824212ffff,8a755824211ffff,8a75582421affff,8a7558242037fff,8a7558242007fff,8a755824200ffff,8a75582420e7fff,8a75582420c7fff,8a75582420dffff,8a755824270ffff,8a7558242707fff,8a755824271ffff"
101606547#1,-101601551,"101606547#1,-101606547#1,101606546,-101605951#1,-101605951#0,100488715#3,100488715#4,100488715#5,101605219,100488715#7,100488714,282479151#6,282479151#7,282479151#1,100475362,-659278038#3,-659278038#2,-659278038#1,-659278038#0,-100525438#2,-100525438#1,-101601553#1,-101601553#0,-101600741#3,-101601551",2.728495516277065,1980.8523372520906,39.59568,10.20619745840732,20.016000000000005,0.3908781491026942,0.0,0.0,0.0,0.0,0.0,0.0,1.0,0.0,0.0,0.0,0.0,135.9681725362848,0.0,0.0,1.780649128407677,80.35108269539772,12.620829695302223,"8a755824271ffff,8a7558242707fff,8a755824270ffff,8a75582420dffff,8a75582420c7fff,8a75582420e7fff,8a755824200ffff,8a7558242007fff,8a7558242037fff,8a75582421affff,8a755824211ffff,8a755824212ffff,8a7558242127fff,8a7558242137fff,8a7558242c6ffff"
101606547#1,-101601551,"101606547#1,-101606547#1,101606546,101605951#2,101605951#3,101605951#4,-120829754,100488715#5,101605219,100488715#7,100488714,282479151#6,282479151#7,282479151#1,100475362,-659278038#3,-659278038#2,-659278038#1,-659278038#0,-100525438#2,-100525438#1,-101601553#1,-101601553#0,-101600741#3,-101601551",3.443612086132214,2033.9564220477191,39.59712,11.724518555574043,39.99600000000001,0.41826280211647876,0.0,0.0,0.0,0.0,0.0,0.0,0.9120954214072383,0.0,0.983305236198948,0.491652618099474,0.0,139.66937167772863,0.983305236198948,0.0,1.8283860245548176,84.00475070965298,12.29131545248685,"8a755824271ffff,8a7558242707fff,8a755824208ffff,8a75582420dffff,8a75582420c7fff,8a75582420e7fff,8a755824200ffff,8a7558242007fff,8a7558242037fff,8a75582421affff,8a755824211ffff,8a755824212ffff,8a7558242127fff,8a7558242137fff,8a7558242c6ffff"
101606547#1,-101601551,"101606547#1,-101606547#1,101606546,101605951#2,101605951#3,101605951#4,-120829754,100488715#5,100488715#6,100488715#7,100488714,282479151#6,282479151#7,282479151#1,100475362,-659278038#3,-659278038#2,-659278038#1,-659278038#0,-100525438#2,-100525438#1,-101601553#1,-101601553#0,-101600741#3,-101601551",3.351689514367727,1848.913722750644,38.79648,11.667530576775878,39.99600000000001,0.2704114169698008,0.0,0.0,0.0,0.0,0.0,0.0,0.9032977688703869,0.0,1.0817162398603346,0.5408581199301673,0.0,139.66937167772863,1.0817162398603346,0.0,1.6620454473068287,65.36191782032766,13.521452998254183,"8a755824271ffff,8a7558242707fff,8a755824208ffff,8a75582420dffff,8a75582420c7fff,8a75582420e7fff,8a755824200ffff,8a7558242007fff,8a7558242037fff,8a75582421affff,8a755824211ffff,8a755824212ffff,8a7558242127fff,8a7558242137fff,8a7558242c6ffff"
101606547#1,-101601551,"101606547#1,-101606547#1,101606546,-101605951#1,-101605951#0,100488715#3,100488715#4,100488715#5,100488715#6,100488715#7,100488714,282479151#6,282479151#7,282479151#1,100475362,-659278038#3,-659278038#2,-659278038#1,-659278038#0,-100525438#2,-100525438#1,-101601553#1,-101601553#0,-101600741#3,-101601551",2.636572944512578,1795.8096379550157,38.79504,10.14056206726235,20.016000000000005,0.23583288196879384,0.0,0.0,0.0,0.0,0.0,0.0,1.0,0.0,0.0,0.0,0.0,135.9681725362848,0.0,0.0,1.6143085511596884,60.32349104924784,13.921297375633218,"8a755824271ffff,8a7558242707fff,8a755824270ffff,8a75582420dffff,8a75582420c7fff,8a75582420e7fff,8a755824200ffff,8a7558242007fff,8a7558242037fff,8a75582421affff,8a755824211ffff,8a755824212ffff,8a7558242127fff,8a7558242137fff,8a7558242c6ffff"
-101746498#2,120509990,"-101746498#2,-101746498#1,-101746498#0,47374680#6,47374680#7,47374680#8,-101411571#0,120509990",1.143337219697094,801.7494082560344,34.992000000000004,9.265607558523698,20.016000000000005,0.18944868264426346,0.0,0.0,0.0,0.0,0.0,0.0,1.0,0.0,0.0,0.0,0.0,160.80411386795652,0.0,0.0,1.1748136300261554,77.54296074622704,9.978180111665568,"8a755824225ffff,8a755824220ffff,8a7558242207fff,8a7558242237fff,8a7558242227fff,8a755824230ffff,8a7558242307fff"
-101601553#1,-619184994,"-101601553#1,101601553#1,-100525438#0,100468681#7,100468681#8,282479126,133906980,133906979,282479125#0,282479125#1,619184994,-619184994",1.7388372051484378,1203.1205688136693,36.660000000000004,9.8551971337693,20.016000000000005,0.13948547749219625,0.0,0.0,0.0,0.3464930039985155,0.0,0.0,0.6535069960014847,0.0,13.298750278849207,0.8311718924280754,0.0,64.96650784095493,1.6623437848561509,0.8311718924280754,3.014758917134818,70.46991493701351,9.974062709136906,"8a755824212ffff,8a7558242127fff,8a75582428dffff,8a7558242177fff,8a7558242167fff,8a7558242147fff,8a755824214ffff,8a7558242a97fff,8a7558242ab7fff"
71324347#1,100475365#1,"71324347#1,71324347#2,71324347#3,101418583,526438862#2,1200809292,868087112,526439431#0,526439431#1,623959719,-282689984#1,-282689984#0,-134065887,100475363,282479151#1,100475362,-659278038#3,659278038#3,100475365#0,100475365#1",2.0325266252012044,1061.370251366772,35.49960000000001,13.169122795387704,39.99600000000001,0.2347036463638708,0.0,0.0,0.218900837480989,0.0,0.0,0.0,0.5812019141680754,1.8843565640025375,17.901387358024106,0.9421782820012687,0.9421782820012687,114.5350872392295,1.8843565640025375,0.9421782820012687,2.4607875220762834,41.343376158324986,18.843565640025375,"8a7558242307fff,8a7558242317fff,8a75582423affff,8a75582423a7fff,8a755824204ffff,8a755824206ffff,8a7558242067fff,8a7558242077fff,8a755824200ffff,8a7558242007fff"
-101746516#2,-372606529#4,"-101746516#2,101746516#2,101746516#3,-101746498#0,47374680#6,47374680#7,47374680#8,-101411571#0,120509990,120509991,282689983#0,282689983#1,71324342,416428068,697042776#2,42762428#1,42762428#4,1197063689,282479127#0,101611060,-372606529#7,-372606529#6,-372606529#5,-372606529#4",2.0184384480934203,1414.403061131446,35.826,9.293541319694533,20.016000000000005,0.28075982896759455,0.0,0.0,0.21683779609488732,0.0,0.0,0.0,0.7831622039051126,0.0,12.726216801030516,0.7070120445016953,0.0,129.77341134738072,1.4140240890033906,0.7070120445016953,1.3579947160218613,50.81994566674426,16.968289068040686,"8a755824222ffff,8a7558242207fff,8a7558242237fff,8a7558242227fff,8a755824230ffff,8a7558242307fff,8a7558242337fff,8a7558242327fff,8a7558242a9ffff,8a755824206ffff,8a7558242a97fff,8a7558242a87fff,8a7558242aa7fff,8a7558242b9ffff,8a7558242b87fff,8a7558242bb7fff"
-101746516#2,-372606529#4,"-101746516#2,101746516#2,101746516#3,-101746498#0,47374680#6,47374680#7,47374680#8,-101411571#0,120509990,120509991,282689983#0,282689983#1,71324342,416428068,-697042776#1,623959719,619185406,619184994,1164659927#1,1164659928,-372606529#8,-372606529#7,-372606529#6,-372606529#5,-372606529#4",2.043088308037398,1451.8641560320225,35.59248,9.172483511023612,20.016000000000005,0.27351564530652156,0.0,0.0,0.009554814781061153,0.0,0.0,0.0,0.9904451852189389,0.0,12.397854114116576,0.6887696730064764,0.6887696730064764,135.50226711381137,1.3775393460129528,0.0,1.3939618107838605,47.9815759502353,17.219241825161912,"8a755824222ffff,8a7558242207fff,8a7558242237fff,8a7558242227fff,8a755824230ffff,8a7558242307fff,8a7558242337fff,8a7558242327fff,8a7558242a9ffff,8a755824206ffff,8a7558242067fff,8a7558242a97fff,8a7558242ab7fff,8a7558242b9ffff,8a7558242b87fff,8a7558242bb7fff"
-101746516#2,-372606529#4,"-101746516#2,101746516#2,101746516#3,-101746498#0,47374680#6,47374680#7,47374680#8,-101411571#0,120509990,120509991,282689983#0,101418595,526439431#1,623959719,619185406,619184994,1164659927#1,1164659928,-372606529#8,-372606529#7,-372606529#6,-372606529#5,-372606529#4",2.168864205149302,1434.370665630406,33.46904347826089,7.757268611837903,20.016000000000005,0.1430917850252142,0.0,0.0,0.044394858672620635,0.0,0.0,0.0,0.9556051413273795,1.3943397253742638,12.549057528368374,0.6971698626871319,0.6971698626871319,132.61687541365052,1.3943397253742638,0.6971698626871319,1.3771659849100315,50.425368913604544,16.034906841804034,"8a755824222ffff,8a7558242207fff,8a7558242237fff,8a7558242227fff,8a755824230ffff,8a7558242307fff,8a7558242337fff,8a755824206ffff,8a7558242067fff,8a7558242a97fff,8a7558242ab7fff,8a7558242b9ffff,8a7558242b87fff,8a7558242bb7fff"
-101746516#2,-372606529#4,"-101746516#2,101746516#2,101746516#3,-101746498#0,47374680#6,47374680#7,47374680#8,-101411571#0,120509990,120509991,282689983#0,101418595,526439431#1,697042776#0,697042776#2,42762428#1,42762428#4,1197063689,282479127#0,101611060,-372606529#7,-372606529#6,-372606529#5,-372606529#4",2.153117906629894,1424.6541569261253,33.324000000000005,7.619960972169827,20.016000000000005,0.14406770789600298,0.0,0.0,0.2697124890139159,0.0,0.0,0.0,0.730287510986084,1.4038494818386362,12.634645336547726,0.7019247409193181,0.7019247409193181,121.90094230813082,1.4038494818386362,0.7019247409193181,1.3678369839758577,52.913562232521414,16.846193782063633,"8a755824222ffff,8a7558242207fff,8a7558242237fff,8a7558242227fff,8a755824230ffff,8a7558242307fff,8a7558242337fff,8a755824206ffff,8a7558242a97fff,8a7558242a87fff,8a7558242aa7fff,8a7558242b9ffff,8a7558242b87fff,8a7558242bb7fff"
526438862#2,-100468681#1,"526438862#2,1200809292,868087112,526439431#0,526439431#1,623959719,619185406,619184994,1164659927#1,1164659928,1164659929,120512822,-133906979,-133906980,-282479126,-100468681#8,-100468681#7,100525438#0,-101601553#1,-101601553#0,101600741#4,-100468681#2,-100468681#1",2.293351134550292,1936.3164331248624,35.20956521739131,8.986738815034311,20.016000000000005,0.36162480318197726,0.0,0.0,0.11998805201825821,0.3796197822349406,0.0,0.0,0.5003921657468011,0.5164445143845533,17.04266897469026,1.0328890287691066,0.5164445143845533,145.21845061353284,1.5493335431536601,1.0328890287691066,1.6499674419061774,98.7749412666215,11.878223830844727,"8a75582423a7fff,8a755824204ffff,8a755824206ffff,8a7558242067fff,8a7558242a97fff,8a7558242ab7fff,8a7558242b9ffff,8a7558242147fff,8a7558242167fff,8a7558242177fff,8a75582428dffff,8a755824212ffff,8a7558242127fff,8a755824288ffff,8a7558242c0ffff"
526438862#2,-100468681#1,"526438862#2,1200809292,868087112,526439431#0,526439431#1,623959719,-282689984#1,-282689984#0,-134065887,100475363,282479151#1,100475362,-659278038#3,-659278038#2,-659278038#1,-659278038#0,-100525438#2,-100525438#1,-101601553#1,-101601553#0,101600741#4,-100468681#2,-100468681#1",2.1373901756526945,1902.92421570887,36.95008695652175,9.747486827210404,20.016000000000005,0.39608072156737034,0.0,0.0,0.12209358364544524,0.27978108513733996,0.0,0.0,0.5981253312172147,0.5255070021942434,8.933619037302138,0.5255070021942434,0.5255070021942434,140.97742113289127,1.0510140043884868,0.5255070021942434,1.6215133779903304,99.33719700763567,12.086661050467598,"8a75582423a7fff,8a755824204ffff,8a755824206ffff,8a7558242067fff,8a7558242077fff,8a755824200ffff,8a7558242007fff,8a7558242037fff,8a75582421affff,8a755824211ffff,8a755824212ffff,8a7558242127fff,8a755824288ffff,8a7558242c0ffff"
526438862#2,-100468681#1,"526438862#2,1200809292,868087112,526439431#0,526439431#1,623959719,619185406,619184994,1164659927#1,1164659926,120512822,-133906979,-133906980,-282479126,-100468681#8,-100468681#7,-100468681#6,-100468681#5,-100468681#4,-100468681#3,-100468681#2,-100468681#1",1.795374017137452,1720.586023868014,39.08618181818183,10.201098183815516,20.016000000000005,0.5243523760316943,0.0,0.0,0.13503238645359156,0.5446036004230552,0.0,0.0,0.3203640131233531,0.5811973281939838,9.880354579297725,0.5811973281939838,0.5811973281939838,153.13686198859435,0.5811973281939838,0.5811973281939838,1.4661399716571855,98.59100918755982,12.786341220267644,"8a75582423a7fff,8a755824204ffff,8a755824206ffff,8a7558242067fff,8a7558242a97fff,8a7558242ab7fff,8a7558242b9ffff,8a7558242147fff,8a7558242167fff,8a7558242177fff,8a75582428dffff,8a75582428d7fff,8a755824288ffff,8a7558242c0ffff"
526438862#2,-100468681#1,"526438862#2,1200809292,868087112,526439431#0,526439431#1,623959719,619185406,619184994,1164659927#1,1164659928,1164659929,120512822,-133906979,-133906980,-282479126,-100468681#8,-100468681#7,-100468681#6,-100468681#5,-100468681#4,-100468681#3,-100468681#2,-100468681#1",1.806698546949377,1739.0375024480031,38.69060869565218,10.145505954223955,20.016000000000005,0.5187889096768309,0.0,0.0,0.1335996702627412,0.5388252651924202,0.0,0.0,0.3275750645448384,0.5750307273950809,9.775522365716375,0.5750307273950809,0.5750307273950809,150.6117284757461,0.5750307273950809,0.5750307273950809,1.481862783482358,97.11348373497368,13.225706730086861,"8a75582423a7fff,8a755824204ffff,8a755824206ffff,8a7558242067fff,8a7558242a97fff,8a7558242ab7fff,8a7558242b9ffff,8a7558242147fff,8a7558242167fff,8a7558242177fff,8a75582428dffff,8a75582428d7fff,8a755824288ffff,8a7558242c0ffff"
526438862#2,-100468681#1,"526438862#2,1200809292,868087112,526439431#0,526439431#1,623959719,619185406,619184994,1164659927#1,1164659926,120512822,-133906979,-133906980,-282479126,-100468681#8,-100468681#7,100525438#0,-101601553#1,-101601553#0,101600741#4,-100468681#2,-100468681#1",2.2820266047383666,1917.8649545448736,35.44690909090911,9.124139593664456,20.016000000000005,0.3651039388187658,0.0,0.0,0.12114243828848174,0.38327204474896637,0.0,0.0,0.49558551696255176,0.52141314623339,17.206633825701868,1.04282629246678,0.52141314623339,147.58186425146354,1.56423943870017,1.04282629246678,1.6342446300810054,100.0433306497441,11.47108921713458,"8a75582423a7fff,8a755824204ffff,8a755824206ffff,8a7558242067fff,8a7558242a97fff,8a7558242ab7fff,8a7558242b9ffff,8a7558242147fff,8a7558242167fff,8a7558242177fff,8a75582428dffff,8a755824212ffff,8a7558242127fff,8a755824288ffff,8a7558242c0ffff"
1164653913,526438862#1,"1164653913,463830226#0,-416376586,71223791#1,101411570,282689981#1,-120511301,120509990,120509991,282689983#0,101418595,526439431#1,42762429,1323419246,-100525445,526438862#0,526438862#1",2.839617445250238,1932.7416185797097,38.22988235294118,10.154109918416985,20.016000000000005,0.3429366531994706,0.0,0.0,0.24914648041828213,0.0,0.0,0.0,0.7508535195817179,1.5521992030184426,13.969792827165982,0.5173997343394808,0.5173997343394808,104.39010221137777,1.5521992030184426,0.5173997343394808,4.6688053303865304,72.2215112519471,8.795795483771174,"8a7558242a87fff,8a7558242aa7fff,8a7558242aaffff,8a7558242327fff,8a7558242af7fff,8a7558242ac7fff,8a7558242acffff,8a755824230ffff,8a7558242307fff,8a7558242337fff,8a755824206ffff,8a7558242047fff,8a75582423b7fff,8a75582423a7fff"
1164653913,526438862#1,"1164653913,463830226#0,463830226#1,101411570,282689981#1,-120511301,120509990,120509991,282689983#0,101418595,526439431#1,42762429,1323419246,-100525445,526438862#0,526438862#1",2.3869926948461164,1611.5771327435864,37.494,10.008000000000003,20.016000000000005,0.27374723302711923,0.0,0.0,0.29879784345617444,0.0,0.0,0.0,0.7012021565438253,1.8615305088703575,16.753774579833216,0.6205101696234525,0.6205101696234525,104.21306659975416,1.8615305088703575,0.6205101696234525,3.8929879893679065,64.00837954198944,9.92816271397524,"8a7558242a87fff,8a7558242aa7fff,8a7558242aaffff,8a7558242af7fff,8a7558242ac7fff,8a7558242acffff,8a755824230ffff,8a7558242307fff,8a7558242337fff,8a755824206ffff,8a7558242047fff,8a75582423b7fff,8a75582423a7fff"
71324347#3,-101418584#0,"71324347#3,71324347#4,71324347#5,47374666,659281081#0,659281081#1,100525445,-416373452,-101418584#4,-101418584#3,-101418584#2,-101418584#1,-101418584#0",1.9412492858655548,1182.979359514073,28.459384615384618,8.000139306479417,29.988000000000007,0.06035594632643512,0.0,0.0,0.13488966786401516,0.0,0.0,0.0,0.6041781812950561,1.6906465729220592,16.06114244275956,0.8453232864610296,0.0,91.39507614534318,1.6906465729220592,0.8453232864610296,1.692807094735603,62.7745439548491,10.989202723993385,"8a7558242317fff,8a75582423affff,8a7558242387fff,8a7558242397fff,8a75582423a7fff,8a75582423b7fff,8a75582420effff,8a75582420cffff,8a7558242747fff,8a755824262ffff"
-1323419243,868087112,"-1323419243,-16648700,42762427,659281081#0,659281081#1,526438862#0,526438862#1,526438862#2,1200809292,868087112",0.9490796318527414,563.5788413123133,29.988,0.0,0.0,0.0,0.0,0.0,1.0,0.0,0.0,0.0,0.0,0.0,0.0,0.0,0.0,18.415615451520722,0.0,0.0,1.044302252169934,55.82556704470366,17.743746334966456,"8a755824274ffff,8a755824239ffff,8a7558242397fff,8a75582423a7fff,8a755824204ffff"
75421017,-1323419243,"75421017,619185406,120511930,-42762428#0,-697042776#1,42762429,1323419246,184568063,1323419245,16648700,1323419243,-1323419243",2.040636254501801,1174.0855226840686,29.988,0.0,0.0,0.0,0.0,0.0,0.7423113388286035,0.07324031920697079,0.0,0.0,0.18444834196442572,0.8517267104306909,7.665540393876218,0.0,0.8517267104306909,80.56442112100011,1.7034534208613819,0.0,2.0834302386430545,72.88099664158788,10.220720525168291,"8a7558242047fff,8a7558242067fff,8a7558242a97fff,8a755824206ffff,8a75582423b7fff,8a7558242397fff,8a755824239ffff,8a755824274ffff"
75421017,-1323419243,"75421017,619185406,120511930,-42762428#0,-697042776#1,42762429,1323419246,184568063,76867740,1323419243,-1323419243",2.0738295318127253,1180.4662903093492,29.988,0.0,0.0,0.0,0.0,0.0,0.5380928487193005,0.07284443373230926,0.0,0.0,0.3890627175483902,2.541368630877066,22.872317677893594,0.847122876959022,0.847122876959022,83.50807576595332,1.694245753918044,0.0,2.0947529949154196,83.15605891761652,9.318351646549242,"8a7558242047fff,8a7558242067fff,8a7558242a97fff,8a755824206ffff,8a75582423b7fff,8a7558242397fff,8a755824274ffff"
-101415864#1,-1323419247,"-101415864#1,101415864#1,679068326#2,679068326#3,101411570,282689981#1,-120511301,120509990,120509991,282689983#0,101418595,526439431#1,42762429,1323419247,-1323419247",2.158364065568632,1537.1736298391481,39.328800000000015,10.336217954358357,20.016000000000005,0.3667197723468916,0.0,0.0,0.15231583624714914,0.0,0.0,0.0,0.8476841637528508,1.3010891945949417,11.709802751354474,0.6505445972974708,0.6505445972974708,112.57876121913793,1.3010891945949417,0.6505445972974708,2.526378490552888,58.00664945601415,9.758168959462061,"8a7558242a0ffff,8a7558242af7fff,8a7558242ac7fff,8a7558242acffff,8a755824230ffff,8a7558242307fff,8a7558242337fff,8a755824206ffff,8a7558242047fff,8a755824204ffff"
-101415864#1,-1323419247,"-101415864#1,-101415864#0,-71324343#1,-416375814,679068326#3,101411570,282689981#1,-120511301,120509990,120509991,282689983#0,101418595,526439431#1,42762429,1323419247,-1323419247",2.294470444765379,1673.6042576909408,39.996,10.336217954358357,20.016000000000005,0.42273559320741433,0.0,0.0,0.1398991940956526,0.0,0.0,0.0,0.8601008059043473,1.1950256405055906,10.755230764550314,0.5975128202527953,0.5975128202527953,113.21110262622639,1.1950256405055906,0.5975128202527953,2.750605212223531,57.68294303731598,9.560205124044725,"8a7558242a0ffff,8a7558242a07fff,8a7558242a1ffff,8a7558242af7fff,8a7558242ac7fff,8a7558242acffff,8a755824230ffff,8a7558242307fff,8a7558242337fff,8a755824206ffff,8a7558242047fff,8a755824204ffff"
-101415864#1,-1323419247,"-101415864#1,-101415864#0,-71324343#1,-71324343#0,-416376586,71223791#1,101411570,282689981#1,-120511301,120509990,120509991,282689983#0,101418595,526439431#1,42762429,1323419247,-1323419247",2.726482313587782,1932.7451671374863,39.407294117647055,10.298147040637373,20.016000000000005,0.40424769975007513,0.0,0.0,0.12114162325537467,0.0,0.0,0.0,0.8788583767446253,1.0347975687669795,9.313178118902815,0.5173987843834897,0.5173987843834897,113.09506239996033,1.0347975687669795,0.5173987843834897,3.176508966320961,65.42226726184008,8.795779334519326,"8a7558242a0ffff,8a7558242a07fff,8a7558242a1ffff,8a7558242aaffff,8a7558242327fff,8a7558242af7fff,8a7558242ac7fff,8a7558242acffff,8a755824230ffff,8a7558242307fff,8a7558242337fff,8a755824206ffff,8a7558242047fff,8a755824204ffff"
-101415864#1,-1323419247,"-101415864#1,-101415864#0,-71324343#1,-71324343#0,463830226#1,101411570,282689981#1,-120511301,120509990,120509991,282689983#0,101418595,526439431#1,42762429,1323419247,-1323419247",2.2738575631836606,1611.5806813013628,38.745000000000005,10.25514832657237,20.016000000000005,0.3472768277972607,0.0,0.0,0.145283378984755,0.0,0.0,0.0,0.8547166210152449,1.2410176066301475,11.169158459671328,0.6205088033150737,0.6205088033150737,112.59094903061671,1.2410176066301475,0.6205088033150737,2.6486681074904825,55.66698821956229,9.92814085304118,"8a7558242a0ffff,8a7558242a07fff,8a7558242a1ffff,8a7558242aaffff,8a7558242af7fff,8a7558242ac7fff,8a7558242acffff,8a755824230ffff,8a7558242307fff,8a7558242337fff,8a755824206ffff,8a7558242047fff,8a755824204ffff"
71223791#1,100475365#1,"71223791#1,101411570,282689981#1,-120511301,120509990,120509991,282689983#0,101418595,526439431#1,623959719,-282689984#1,-282689984#0,-134065887,100475363,282479151#1,100475362,-659278038#3,659278038#3,100475365#0,100475365#1",2.4580911702333923,1665.7010480308982,42.998400000000004,9.795039466350733,20.016000000000005,0.3979874090669221,0.0,0.0,0.03822935877965146,0.0,0.0,0.0,0.9617706412203486,1.2006956484564213,10.806260836107793,0.6003478242282106,0.6003478242282106,113.14279136351287,1.2006956484564213,0.6003478242282106,3.97207008426972,66.8901980468737,12.006956484564213,"8a7558242327fff,8a7558242af7fff,8a7558242ac7fff,8a7558242acffff,8a755824230ffff,8a7558242307fff,8a7558242337fff,8a755824206ffff,8a7558242067fff,8a7558242077fff,8a755824200ffff,8a7558242007fff"
-679068326#3,-1200809291,"-679068326#3,679068326#3,101411570,282689981#1,-120511301,120509990,71324347#0,71324347#1,71324347#2,71324347#3,101418583,526438862#2,101418589,-1200809291",2.3896173812844435,1255.5272311242531,27.14657142857143,14.369446955335405,39.99600000000001,0.28710192625391584,0.0,0.0,0.024372232537390806,0.0,0.0,0.0,0.7255197103592496,1.5929562899317715,16.7260410442836,1.5929562899317715,0.0,95.75656276166531,2.389434434897657,0.7964781449658858,3.459746701298731,68.3078866813374,11.1506940295224,"8a7558242af7fff,8a7558242a0ffff,8a7558242ac7fff,8a7558242acffff,8a755824230ffff,8a7558242307fff,8a7558242317fff,8a75582423affff,8a75582423a7fff,8a755824204ffff"
-101746498#0,416428068,"-101746498#0,47374680#6,47374680#7,47374680#8,-101411571#0,120509990,120509991,282689983#0,101418595,526439431#1,687927789#0,416428068",1.1701315371360927,862.2649540031263,39.996,10.453015084827745,20.016000000000005,0.3868723263946595,0.0,0.0,0.073850482603035,0.0,0.0,0.0,0.9261495173969649,2.3194726756722024,20.87525408104982,1.1597363378361012,1.1597363378361012,143.7501439685236,2.3194726756722024,0.0,1.4785825156747971,52.81318189891561,13.916836054033215,"8a7558242207fff,8a7558242237fff,8a7558242227fff,8a755824230ffff,8a7558242307fff,8a7558242337fff,8a755824206ffff,8a7558242a9ffff"
-101746498#0,416428068,"-101746498#0,47374680#6,47374680#7,47374680#8,-101411571#0,120509990,120509991,282689983#0,282689983#1,71324342,416428068",0.9177556263686182,737.5463615156807,42.725454545454554,10.098571981856015,20.016000000000005,0.5384170843422488,0.0,0.0,0.0,0.0,0.0,0.0,1.0,0.0,0.0,0.0,0.0,151.948902814253,0.0,0.0,1.2647193296837793,53.67993943852509,14.914316677523376,"8a7558242207fff,8a7558242237fff,8a7558242227fff,8a755824230ffff,8a7558242307fff,8a7558242337fff,8a7558242327fff,8a7558242a9ffff,8a755824206ffff"
-659278038#3,-1200809291,"-659278038#3,659278038#3,100475365#0,100475365#1,282479151#3,282479151#4,100488713,-100488715#7,-101605219,-100488715#5,-100488715#4,101418592,101418584#2,101418584#3,101418584#4,416373452,-100525445,526438862#0,526438862#1,526438862#2,101418589,-1200809291",1.8662930322255016,1353.3638906862702,35.450181818181825,12.62488733240199,39.99600000000001,0.40232462682482445,0.0,0.0,0.08274898023461093,0.0,0.0,0.0,0.8788675199191669,1.4777991446083512,14.039091873779336,0.7388995723041756,0.0,77.53230449984746,1.4777991446083512,0.0,3.8533103723280573,76.61509479795222,16.255790590691863,"8a755824200ffff,8a7558242007fff,8a75582420e7fff,8a75582420c7fff,8a75582420dffff,8a75582420cffff,8a75582420effff,8a75582423b7fff,8a75582423a7fff,8a755824204ffff"
-659278038#3,-1200809291,"-659278038#3,659278038#3,100475365#0,100475365#1,282479151#3,282479151#4,100488713,-100488715#7,-100488715#6,-100488715#5,-100488715#4,101418592,101418584#2,101418584#3,101418584#4,416373452,-100525445,526438862#0,526438862#1,526438862#2,101418589,-1200809291",1.7611915531889626,1168.321191389195,34.54036363636365,12.24152626083877,39.99600000000001,0.16581971709647333,0.0,0.0,0.09585504625442338,0.0,0.0,0.0,0.8596821441407354,1.711858018788391,16.262651178489712,0.8559290093941955,0.0,77.53230449984746,1.711858018788391,0.0,3.326455062065984,48.25853098487997,18.8304382066723,"8a755824200ffff,8a7558242007fff,8a75582420e7fff,8a75582420c7fff,8a75582420dffff,8a75582420cffff,8a75582420effff,8a75582423b7fff,8a75582423a7fff,8a755824204ffff"
463830226#1,464265154,"463830226#1,101411570,282689981#1,-120511301,120509990,120509991,282689983#0,101418595,526439431#1,42762429,1323419246,-416373452,101418587,464265154",2.08128635183375,1528.1017500431492,39.995999999999995,10.385792425602023,20.016000000000005,0.33639418934108994,0.0,0.0,0.26185840806027605,0.0,0.0,0.0,0.7381415919397238,2.6176267384596943,11.779320323068625,0.6544066846149236,0.6544066846149236,119.92726662103486,1.3088133692298471,0.0,3.6857758681161954,63.04221492327151,9.16169358460893,"8a7558242aaffff,8a7558242af7fff,8a7558242ac7fff,8a7558242acffff,8a755824230ffff,8a7558242307fff,8a7558242337fff,8a755824206ffff,8a7558242047fff,8a75582423b7fff,8a75582420effff"
-101765339#0,71324343#3,"-101765339#0,101765339#0,101765339#1,101754276#0,-416382004,101765339#6,173532317#1,-101415865#2,-101415865#1,-101415865#0,47374680#2,47374680#3,47374680#4,47374680#5,47374680#6,47374680#7,47374680#8,-101411571#0,120511301,-282689981#1,-282689981#0,-679068326#3,416375814,71324343#1,71324343#2,71324343#3",3.577929991290974,2467.608664571525,35.376923076923084,9.054123926357878,20.016000000000005,0.3394243043071732,0.0,0.0,0.0,0.010532017496411833,0.0,0.0,0.9894679825035881,0.0,6.484010301032978,0.4052506438145611,0.0,100.3310230450219,0.8105012876291222,0.0,1.3772998733954664,84.9142175305404,10.53651673917859,"8a755825c81ffff,8a755825c807fff,8a755825c877fff,8a755825c957fff,8a755825c977fff,8a755825c90ffff,8a755825c927fff,8a75582422a7fff,8a7558242217fff,8a7558242237fff,8a7558242227fff,8a755824230ffff,8a7558242acffff,8a7558242ac7fff,8a7558242af7fff,8a7558242a0ffff,8a7558242a1ffff,8a7558242a07fff,8a7558242a27fff"
-101765339#0,71324343#3,"-101765339#0,101765339#0,101765339#1,101754276#0,-416382004,101765339#6,173532317#1,-101415865#2,-101415865#1,-101749449#1,101746514,-101746498#2,-101746498#1,-101746498#0,47374680#6,47374680#7,47374680#8,-101411571#0,120511301,-282689981#1,-282689981#0,-679068326#3,-679068326#2,-101415864#1,-101415864#0,71324343#2,71324343#3",4.250582853731846,3000.021798589864,36.660000000000004,9.615375379687876,20.016000000000005,0.4529890394034751,0.0,0.0,0.0,0.008662902930165578,0.0,0.0,0.9913370970698344,0.0,5.333294580566272,0.333330911285392,0.0,121.62385713178868,0.666661822570784,0.0,1.6744671481768065,114.3968592579767,8.999934604705583,"8a755825c81ffff,8a755825c807fff,8a755825c877fff,8a755825c957fff,8a755825c977fff,8a755825c90ffff,8a755825c927fff,8a755824225ffff,8a755824220ffff,8a7558242207fff,8a7558242237fff,8a7558242227fff,8a755824230ffff,8a7558242acffff,8a7558242ac7fff,8a7558242af7fff,8a7558242a0ffff,8a7558242a07fff,8a7558242a27fff"
-101765339#0,71324343#3,"-101765339#0,101765339#0,101765339#1,101754276#0,-416382004,101765339#6,173532317#1,-101415865#2,-101415865#1,-101749449#1,101746514,-101746498#2,-101746498#1,-101746498#0,47374680#6,47374680#7,47374680#8,-101411571#0,120511301,-282689981#1,-282689981#0,-679068326#3,416375814,71324343#1,71324343#2,71324343#3",4.256715630816762,2994.655712798498,36.14676923076923,9.421105346222143,20.016000000000005,0.45446306176375517,0.0,0.0,0.0,0.008678425876635476,0.0,0.0,0.9913215741233645,0.0,5.342851243840663,0.3339282027400414,0.0,115.33872304203943,0.6678564054800828,0.0,1.6714720584824034,116.43911394155946,8.682133271241076,"8a755825c81ffff,8a755825c807fff,8a755825c877fff,8a755825c957fff,8a755825c977fff,8a755825c90ffff,8a755825c927fff,8a755824225ffff,8a755824220ffff,8a7558242207fff,8a7558242237fff,8a7558242227fff,8a755824230ffff,8a7558242acffff,8a7558242ac7fff,8a7558242af7fff,8a7558242a0ffff,8a7558242a1ffff,8a7558242a07fff,8a7558242a27fff"
-101765339#0,71324343#3,"-101765339#0,101765339#0,101765339#1,101754276#0,-416382004,101765339#6,173532317#1,-101415865#2,-101415865#1,-101415865#0,47374680#2,47374680#3,47374680#4,47374680#5,47374680#6,47374680#7,47374680#8,-101411571#0,120511301,-282689981#1,-282689981#0,-679068326#3,-679068326#2,-101415864#1,-101415864#0,71324343#2,71324343#3",3.571797214206058,2472.974750362891,35.91866666666667,9.313877685392995,20.016000000000005,0.3378857558969856,0.0,0.0,0.0,0.010509164165849676,0.0,0.0,0.9894908358341505,0.0,6.469940705076797,0.4043712940672998,0.0,109.02317281141589,0.8087425881345996,0.0,1.3802949630898695,82.66478731723112,10.918024939817094,"8a755825c81ffff,8a755825c807fff,8a755825c877fff,8a755825c957fff,8a755825c977fff,8a755825c90ffff,8a755825c927fff,8a75582422a7fff,8a7558242217fff,8a7558242237fff,8a7558242227fff,8a755824230ffff,8a7558242acffff,8a7558242ac7fff,8a7558242af7fff,8a7558242a0ffff,8a7558242a07fff,8a7558242a27fff"
-101415864#1,-416412034,"-101415864#1,-101415864#0,71324343#2,71324343#3,-463830227,416376585#0,416376585#1,-1164659923,-659283000#0,101611060,372606529#8,1164659929,120512822,-133906979,-133906980,-282479126,-100468681#8,-100468681#7,100525438#0,100525438#1,100525438#2,659278036#0,-416412034",2.183373277316686,1622.0627109152256,36.95008695652175,9.747486827210404,20.016000000000005,0.218629301642703,0.0,0.0,0.021701635370128865,0.12494080488497204,0.0,0.0,0.8533575597448992,0.0,20.960965177983773,1.2329979516461043,0.0,116.83586013351267,1.8494969274691564,0.6164989758230521,1.6275464732092508,53.43755399690891,14.179476443930199,"8a7558242a0ffff,8a7558242a07fff,8a7558242a27fff,8a7558242a17fff,8a7558242b8ffff,8a7558242aa7fff,8a7558242b9ffff,8a7558242147fff,8a7558242167fff,8a7558242177fff,8a75582428dffff,8a755824212ffff,8a755824211ffff,8a75582421affff"
-101415864#1,-416412034,"-101415864#1,-101415864#0,71324343#2,71324343#3,-463830227,416376585#0,416376585#1,-1164659923,-659283000#0,-282479127#2,1164653914,1164659927#1,1164659928,1164659929,120512822,-133906979,-133906980,-282479126,-100468681#8,-100468681#7,100525438#0,100525438#1,100525438#2,659278036#0,-416412034",2.1048218567484587,1606.5666904210532,36.393119999999996,9.52952209504758,20.016000000000005,0.22073807444316113,0.0,0.0,0.0843636426578038,0.1261459122014623,0.0,0.0,0.7894904451407339,0.0,21.163142621293357,1.244890742429021,0.0,123.62457593192771,1.8673361136435316,0.6224453712145105,1.6119980647942407,48.85311276983711,15.561134280362763,"8a7558242a0ffff,8a7558242a07fff,8a7558242a27fff,8a7558242a17fff,8a7558242b8ffff,8a7558242aa7fff,8a7558242ab7fff,8a7558242b9ffff,8a7558242147fff,8a7558242167fff,8a7558242177fff,8a75582428dffff,8a755824212ffff,8a755824211ffff,8a75582421affff"
-101415864#1,-416412034,"-101415864#1,-101415864#0,71324343#2,71324343#3,-463830227,416376585#0,416376585#1,-1164659923,-659283000#0,-282479127#2,1164653914,1164659927#1,1164659926,120512822,-133906979,-133906980,-282479126,-100468681#8,-100468681#7,100525438#0,100525438#1,100525438#2,659278036#0,-416412034",2.0934973269365336,1588.1152118410641,36.660000000000004,9.638572941459028,20.016000000000005,0.22330271447809558,0.0,0.0,0.08534381962092585,0.1276115354632911,0.0,0.0,0.7870446449157832,0.0,21.409026087335697,1.2593544757256292,0.0,116.63107533492378,1.8890317135884438,0.6296772378628146,1.5934842066762565,48.967543207341784,15.11225370870755,"8a7558242a0ffff,8a7558242a07fff,8a7558242a27fff,8a7558242a17fff,8a7558242b8ffff,8a7558242aa7fff,8a7558242ab7fff,8a7558242b9ffff,8a7558242147fff,8a7558242167fff,8a7558242177fff,8a75582428dffff,8a755824212ffff,8a755824211ffff,8a75582421affff"
-101787498,-71223800#1,"-101787498,101787498,101786553#1,101786553#2,173532317#3,-283490977#1,47374680#0,47374680#1,47374680#2,47374680#3,47374680#4,47374680#5,47374680#6,47374680#7,47374680#8,-101411571#0,120511301,352797377,-282689986,-224715833,-224715836,-101749453,-1006827381,-71223800#7,-71223800#6,-71223800#5,-71223800#4,-71223800#3,-71223800#2,-71223800#1",4.719609211756551,2740.7965037865483,30.32999999999999,8.896216925536773,29.988000000000007,0.09085011943464134,0.0,0.0,0.04500372610324022,0.03673814697609735,0.0,0.0,0.9182581269206624,0.0,6.56743394671297,0.36485744148405386,0.0,97.20264658616367,0.7297148829681077,0.0,1.3660098395739197,101.85263308300608,10.945723244521616,"8a755825c9affff,8a755825c98ffff,8a755825c937fff,8a755824266ffff,8a7558242297fff,8a75582422a7fff,8a7558242217fff,8a7558242237fff,8a7558242227fff,8a755824230ffff,8a7558242acffff,8a7558240697fff,8a7558242a6ffff,8a7558242a67fff,8a7558242a77fff,8a7558242b5ffff,8a7558242b57fff,8a7558242b47fff,8a7558242b67fff,8a75582404cffff"
-101787498,-71223800#1,"-101787498,336860316#0,336860316#1,-120511144#1,-120511144#0,-283490977#1,47374680#0,47374680#1,47374680#2,47374680#3,47374680#4,47374680#5,47374680#6,47374680#7,47374680#8,-101411571#0,120511301,352797377,-282689986,-224715833,-224715836,-101749453,-1006827381,-71223800#7,-71223800#6,-71223800#5,-71223800#4,-71223800#3,-71223800#2,-71223800#1",4.728691836887237,2810.260820171007,30.99719999999999,9.592979165460832,29.988000000000007,0.15483762179280772,0.0,0.0,0.1459545140089814,0.0,0.0,0.0,0.8540454859910186,0.0,6.4050994380317645,0.3558388576684314,0.0,110.94889612627448,0.7116777153368627,0.0,1.400630775330862,102.42951161417625,10.67516573005294,"8a755825c9affff,8a755825c98ffff,8a755825c9b7fff,8a755824266ffff,8a7558242297fff,8a75582422a7fff,8a7558242217fff,8a7558242237fff,8a7558242227fff,8a755824230ffff,8a7558242acffff,8a7558240697fff,8a7558242a6ffff,8a7558242a67fff,8a7558242a77fff,8a7558242b5ffff,8a7558242b57fff,8a7558242b47fff,8a7558242b67fff,8a75582404cffff"
-101787498,-71223800#1,"-101787498,101787498,101786553#1,101786553#2,-173532317#2,-101415865#2,-101415865#1,-101749449#1,101746514,-101746498#2,-101746498#1,-101746498#0,47374680#6,47374680#7,47374680#8,-101411571#0,120511301,352797377,-282689986,-224715833,-224715836,-101749453,-1006827381,-71223800#7,-71223800#6,-71223800#5,-71223800#4,-71223800#3,-71223800#2,-71223800#1",5.973976098900177,3588.9316970501222,30.329999999999995,8.896216925536773,29.988000000000007,0.2241960813002056,0.0,0.0,0.0,0.07140468097649856,0.0,0.0,0.9285953190235017,0.0,4.4581511576692865,0.2786344473543304,0.0,110.89514381415863,0.5572688947086608,0.2786344473543304,1.7887194488741212,131.53398394530862,8.359033420629913,"8a755825c9affff,8a755825c98ffff,8a755825c937fff,8a755825c90ffff,8a755825c927fff,8a755824225ffff,8a755824220ffff,8a7558242207fff,8a7558242237fff,8a7558242227fff,8a755824230ffff,8a7558242acffff,8a7558240697fff,8a7558242a6ffff,8a7558242a67fff,8a7558242a77fff,8a7558242b5ffff,8a7558242b57fff,8a7558242b47fff,8a7558242b67fff,8a75582404cffff"
-101787498,-71223800#1,"-101787498,336860316#0,336860316#1,-120511144#1,-120511144#0,-283490977#1,47374680#0,47374680#1,47374680#2,47374680#3,47374680#4,47374680#5,47374680#6,47374680#7,47374680#8,-101411571#0,120511301,-282689981#1,-282689981#0,-679068326#3,-679068326#2,-679068326#1,-679068326#0,-1006827381,-71223800#7,-71223800#6,-71223800#5,-71223800#4,-71223800#3,-71223800#2,-71223800#1",3.970020621820938,2539.2922793785388,31.610322580645153,10.030515401802964,29.988000000000007,0.2539551620617051,0.0,0.0,0.16152935823005182,0.0,0.0,0.0,0.8384706417699482,0.0,7.0885892680323055,0.39381051489068364,0.0,94.58014648194315,0.7876210297813673,0.0,1.265580364829344,64.5532457306691,12.208125961611193,"8a755825c9affff,8a755825c98ffff,8a755825c9b7fff,8a755824266ffff,8a7558242297fff,8a75582422a7fff,8a7558242217fff,8a7558242237fff,8a7558242227fff,8a755824230ffff,8a7558242acffff,8a7558242ac7fff,8a7558242af7fff,8a7558242a0ffff,8a7558242a2ffff,8a7558242b5ffff,8a7558242b57fff,8a7558242b47fff,8a7558242b67fff,8a75582404cffff"
-101787498,-71223800#1,"-101787498,101787498,101786553#1,101786553#2,-173532317#2,-101415865#2,-101415865#1,-101415865#0,47374680#2,47374680#3,47374680#4,47374680#5,47374680#6,47374680#7,47374680#8,-101411571#0,120511301,-282689981#1,-282689981#0,-679068326#3,-679068326#2,-679068326#1,-679068326#0,-1006827381,-71223800#7,-71223800#6,-71223800#5,-71223800#4,-71223800#3,-71223800#2,-71223800#1",4.53651924430809,2790.916108030682,30.318967741935477,8.74690570614878,29.988000000000007,0.17591451478841177,0.0,0.0,0.0,0.0918216502950114,0.0,0.0,0.9081783497049886,0.0,5.732884608735112,0.3583052880459445,0.0,72.10802773353794,0.716610576091889,0.3583052880459445,1.3909893929477113,76.57233374907575,11.107463929424279,"8a755825c9affff,8a755825c98ffff,8a755825c937fff,8a755825c90ffff,8a755825c927fff,8a75582422a7fff,8a7558242217fff,8a7558242237fff,8a7558242227fff,8a755824230ffff,8a7558242acffff,8a7558242ac7fff,8a7558242af7fff,8a7558242a0ffff,8a7558242a2ffff,8a7558242b5ffff,8a7558242b57fff,8a7558242b47fff,8a7558242b67fff,8a75582404cffff"
-101787498,-71223800#1,"-101787498,101787498,101786553#1,101786553#2,-173532317#2,-101415865#2,-101415865#1,-101415865#0,47374680#2,47374680#3,47374680#4,47374680#5,47374680#6,47374680#7,47374680#8,-101411571#0,120511301,352797377,-282689986,-224715833,-224715836,-101749453,-1006827381,-71223800#7,-71223800#6,-71223800#5,-71223800#4,-71223800#3,-71223800#2,-71223800#1",5.295190459374388,3061.88464882315,29.662799999999994,8.083259851117596,29.988000000000007,0.09184878102728099,0.0,0.0,0.0,0.08369568166874111,0.0,0.0,0.9163043183312589,0.0,5.225539768831486,0.3265962355519679,0.0,98.52617345211388,0.6531924711039357,0.3265962355519679,1.526039803449229,109.72704831517758,9.797887066559035,"8a755825c9affff,8a755825c98ffff,8a755825c937fff,8a755825c90ffff,8a755825c927fff,8a75582422a7fff,8a7558242217fff,8a7558242237fff,8a7558242227fff,8a755824230ffff,8a7558242acffff,8a7558240697fff,8a7558242a6ffff,8a7558242a67fff,8a7558242a77fff,8a7558242b5ffff,8a7558242b57fff,8a7558242b47fff,8a7558242b67fff,8a75582404cffff"
-101787498,-71223800#1,"-101787498,101787498,101786553#1,101786553#2,-173532317#2,-101415865#2,-101415865#1,-101749449#1,101746514,-101746498#2,-101746498#1,-101746498#0,47374680#6,47374680#7,47374680#8,-101411571#0,120511301,-282689981#1,-282689981#0,-679068326#3,-679068326#2,-679068326#1,-679068326#0,-1006827381,-71223800#7,-71223800#6,-71223800#5,-71223800#4,-71223800#3,-71223800#2,-71223800#1",5.215304883833878,3317.9631562576546,30.964645161290314,9.433482670955932,29.988000000000007,0.30571668673851726,0.0,0.0,0.0,0.0772360966067362,0.0,0.0,0.9227639033932638,0.0,4.822235584450091,0.3013897240281307,0.0,90.93643291381734,0.6027794480562614,0.3013897240281307,1.6536690383726034,106.68587915887483,9.343081444872052,"8a755825c9affff,8a755825c98ffff,8a755825c937fff,8a755825c90ffff,8a755825c927fff,8a755824225ffff,8a755824220ffff,8a7558242207fff,8a7558242237fff,8a7558242227fff,8a755824230ffff,8a7558242acffff,8a7558242ac7fff,8a7558242af7fff,8a7558242a0ffff,8a7558242a2ffff,8a7558242b5ffff,8a7558242b57fff,8a7558242b47fff,8a7558242b67fff,8a75582404cffff"
-101787498,-71223800#1,"-101787498,101787498,101786553#1,101786553#2,173532317#3,-283490977#1,47374680#0,47374680#1,47374680#2,47374680#3,47374680#4,47374680#5,47374680#6,47374680#7,47374680#8,-101411571#0,120511301,-282689981#1,-282689981#0,-679068326#3,-679068326#2,-679068326#1,-679068326#0,-1006827381,-71223800#7,-71223800#6,-71223800#5,-71223800#4,-71223800#3,-71223800#2,-71223800#1",3.960937996690253,2469.8279629940803,30.964645161290314,9.433482670955932,29.988000000000007,0.18573519164378502,0.0,0.0,0.04994115258602887,0.04076874434024104,0.0,0.0,0.90929010307373,0.0,7.287957003361186,0.40488650018673256,0.0,70.56747437666084,0.8097730003734651,0.0,1.2309594290724017,63.23688909195646,12.55148150578871,"8a755825c9affff,8a755825c98ffff,8a755825c937fff,8a755824266ffff,8a7558242297fff,8a75582422a7fff,8a7558242217fff,8a7558242237fff,8a7558242227fff,8a755824230ffff,8a7558242acffff,8a7558242ac7fff,8a7558242af7fff,8a7558242a0ffff,8a7558242a2ffff,8a7558242b5ffff,8a7558242b57fff,8a7558242b47fff,8a7558242b67fff,8a75582404cffff"
101784499#1,1047412912#0,"101784499#1,479315694,101787498,101786553#1,101786553#2,-173532317#2,-101415865#2,-101415865#1,-101415865#0,47374680#2,47374680#3,47374680#4,47374680#5,47374680#6,47374680#7,47374680#8,-101411571#0,120511301,-282689981#1,-282689981#0,-679068326#3,-679068326#2,-679068326#1,-679068326#0,-1006827381,101417074,71324343#8,71324343#9,71324343#11,659283000#7,659283000#8,659283000#9,659283000#11,1047412915,1047412911,1047412914,1047412913,-1047412913,1047412912#0",4.871285490438078,3346.287184219361,38.199692307692295,9.974177666021411,20.016000000000005,0.349253640210783,0.0,0.0,0.13881946378868223,0.07658234597521274,0.0,0.0,0.7845981902361053,0.5976773330847783,7.47096666355973,0.29883866654238916,0.5976773330847783,90.51261832037709,0.8965159996271675,0.29883866654238916,1.516503085358315,78.45742723190612,11.654707995153178,"8a755825cd6ffff,8a755825c98ffff,8a755825c9affff,8a755825c937fff,8a755825c90ffff,8a755825c927fff,8a75582422a7fff,8a7558242217fff,8a7558242237fff,8a7558242227fff,8a755824230ffff,8a7558242acffff,8a7558242ac7fff,8a7558242af7fff,8a7558242a0ffff,8a7558242a2ffff,8a7558242b5ffff,8a7558242b0ffff,8a7558242b2ffff,8a75582404dffff,8a75582404d7fff,8a75582404c7fff"
101784499#1,1047412912#0,"101784499#1,479315694,336860316#0,336860316#1,-120511144#1,-120511144#0,-283490977#1,47374680#0,47374680#1,47374680#2,47374680#3,47374680#4,47374680#5,47374680#6,47374680#7,47374680#8,-101411571#0,120511301,352797377,-282689986,-224715833,-224715836,-101749453,-1006827381,101417074,71324343#8,71324343#9,71324343#11,659283000#7,659283000#8,659283000#9,659283000#11,1047412915,1047412911,1047412914,1047412913,-1047412913,1047412912#0",5.063458083017226,3365.631896359686,38.94252631578946,10.085994803437314,20.016000000000005,0.33065839153010373,0.0,0.0,0.2598917741981527,0.0,0.0,0.0,0.7401082258018475,0.5942420507017502,8.022267684473627,0.2971210253508751,0.5942420507017502,113.6190438973293,0.8913630760526252,0.0,1.5252699108072836,99.0889463877474,11.290598963333252,"8a755825cd6ffff,8a755825c98ffff,8a755825c9b7fff,8a755824266ffff,8a7558242297fff,8a75582422a7fff,8a7558242217fff,8a7558242237fff,8a7558242227fff,8a755824230ffff,8a7558242acffff,8a7558240697fff,8a7558242a6ffff,8a7558242a67fff,8a7558242a77fff,8a7558242b5ffff,8a7558242b0ffff,8a7558242b2ffff,8a75582404dffff,8a75582404d7fff,8a75582404c7fff"
101784499#1,1047412912#0,"101784499#1,479315694,336860316#0,336860316#1,-120511144#1,-120511144#0,-283490977#1,47374680#0,47374680#1,47374680#2,47374680#3,47374680#4,47374680#5,47374680#6,47374680#7,47374680#8,-101411571#0,120511301,-282689981#1,-282689981#0,-679068326#3,-679068326#2,-679068326#1,-679068326#0,-1006827381,101417074,71324343#8,71324343#9,71324343#11,659283000#7,659283000#8,659283000#9,659283000#11,1047412915,1047412911,1047412914,1047412913,-1047412913,1047412912#0",4.304786867950926,3094.663355567218,39.22615384615383,10.108788041101619,20.016000000000005,0.4273830648726949,0.0,0.0,0.2826478826103167,0.0,0.0,0.0,0.7173521173896835,0.6462738495940286,8.724696969519385,0.3231369247970143,0.6462738495940286,103.25729271020512,0.9694107743910428,0.0,1.4024697428824613,69.07606880092413,12.602340067083556,"8a755825cd6ffff,8a755825c98ffff,8a755825c9b7fff,8a755824266ffff,8a7558242297fff,8a75582422a7fff,8a7558242217fff,8a7558242237fff,8a7558242227fff,8a755824230ffff,8a7558242acffff,8a7558242ac7fff,8a7558242af7fff,8a7558242a0ffff,8a7558242a2ffff,8a7558242b5ffff,8a7558242b0ffff,8a7558242b2ffff,8a75582404dffff,8a75582404d7fff,8a75582404c7fff"
101784499#1,1047412912#0,"101784499#1,479315694,101787498,101786553#1,101786553#2,173532317#3,-283490977#1,47374680#0,47374680#1,47374680#2,47374680#3,47374680#4,47374680#5,47374680#6,47374680#7,47374680#8,-101411571#0,120511301,352797377,-282689986,-224715833,-224715836,-101749453,-1006827381,101417074,71324343#8,71324343#9,71324343#11,659283000#7,659283000#8,659283000#9,659283000#11,1047412915,1047412911,1047412914,1047412913,-1047412913,1047412912#0",5.05437545788654,3296.1675799752275,38.4157894736842,10.015115535914905,20.016000000000005,0.2811574334585085,0.0,0.0,0.1783513227084824,0.03054813881411961,0.0,0.0,0.7911005384773983,0.606765266471989,8.191331097371851,0.3033826332359945,0.606765266471989,104.69502598242453,0.9101478997079835,0.0,1.4937893939478462,98.52916410129835,11.52854006296779,"8a755825cd6ffff,8a755825c98ffff,8a755825c9affff,8a755825c937fff,8a755824266ffff,8a7558242297fff,8a75582422a7fff,8a7558242217fff,8a7558242237fff,8a7558242227fff,8a755824230ffff,8a7558242acffff,8a7558240697fff,8a7558242a6ffff,8a7558242a67fff,8a7558242a77fff,8a7558242b5ffff,8a7558242b0ffff,8a7558242b2ffff,8a75582404dffff,8a75582404d7fff,8a75582404c7fff"
101784499#1,1047412912#0,"101784499#1,479315694,101787498,101786553#1,101786553#2,173532317#3,-283490977#1,47374680#0,47374680#1,47374680#2,47374680#3,47374680#4,47374680#5,47374680#6,47374680#7,47374680#8,-101411571#0,120511301,-282689981#1,-282689981#0,-679068326#3,-679068326#2,-679068326#1,-679068326#0,-1006827381,101417074,71324343#8,71324343#9,71324343#11,659283000#7,659283000#8,659283000#9,659283000#11,1047412915,1047412911,1047412914,1047412913,-1047412913,1047412912#0",4.29570424282024,3025.1990391827594,38.71292307692306,10.055160140012472,20.016000000000005,0.3756692642811428,0.0,0.0,0.19432633692631696,0.03328435037943331,0.0,0.0,0.77238931269425,0.6611135247948144,8.925032584729994,0.3305567623974072,0.6611135247948144,89.47007892172074,0.9916702871922216,0.0,1.3709892260230239,68.04537061923139,12.89171373349888,"8a755825cd6ffff,8a755825c98ffff,8a755825c9affff,8a755825c937fff,8a755824266ffff,8a7558242297fff,8a75582422a7fff,8a7558242217fff,8a7558242237fff,8a7558242227fff,8a755824230ffff,8a7558242acffff,8a7558242ac7fff,8a7558242af7fff,8a7558242a0ffff,8a7558242a2ffff,8a7558242b5ffff,8a7558242b0ffff,8a7558242b2ffff,8a75582404dffff,8a75582404d7fff,8a75582404c7fff"
101784499#1,1047412912#0,"101784499#1,479315694,101787498,101786553#1,101786553#2,-173532317#2,-101415865#2,-101415865#1,-101749449#1,101746514,-101746498#2,-101746498#1,-101746498#0,47374680#6,47374680#7,47374680#8,-101411571#0,120511301,-282689981#1,-282689981#0,-679068326#3,-679068326#2,-679068326#1,-679068326#0,-1006827381,101417074,71324343#8,71324343#9,71324343#11,659283000#7,659283000#8,659283000#9,659283000#11,1047412915,1047412911,1047412914,1047412913,-1047412913,1047412912#0",5.550071129963865,3873.3342324463338,38.71292307692306,10.055160140012472,20.016000000000005,0.43685799588299035,0.0,0.0,0.11993021121311333,0.06616173753548087,0.0,0.0,0.8139080512514061,0.5163509989007153,6.454387486258942,0.25817549945035767,0.5163509989007153,101.84196494219607,0.774526498351073,0.25817549945035767,1.755355410566516,103.33418909903354,10.06884447856395,"8a755825cd6ffff,8a755825c98ffff,8a755825c9affff,8a755825c937fff,8a755825c90ffff,8a755825c927fff,8a755824225ffff,8a755824220ffff,8a7558242207fff,8a7558242237fff,8a7558242227fff,8a755824230ffff,8a7558242acffff,8a7558242ac7fff,8a7558242af7fff,8a7558242a0ffff,8a7558242a2ffff,8a7558242b5ffff,8a7558242b0ffff,8a7558242b2ffff,8a75582404dffff,8a75582404d7fff,8a75582404c7fff"
101784499#1,1047412912#0,"101784499#1,479315694,101787498,101786553#1,101786553#2,-173532317#2,-101415865#2,-101415865#1,-101749449#1,101746514,-101746498#2,-101746498#1,-101746498#0,47374680#6,47374680#7,47374680#8,-101411571#0,120511301,352797377,-282689986,-224715833,-224715836,-101749453,-1006827381,101417074,71324343#8,71324343#9,71324343#11,659283000#7,659283000#8,659283000#9,659283000#11,1047412915,1047412911,1047412914,1047412913,-1047412913,1047412912#0",6.308742345030165,4144.302773238802,38.4157894736842,10.015115535914905,20.016000000000005,0.35768736768577797,0.0,0.0,0.11208876812666796,0.061835859225611904,0.0,0.0,0.8260753726477204,0.48259022311658617,6.0323777889573265,0.24129511155829308,0.48259022311658617,114.20619653452773,0.7238853346748793,0.24129511155829308,1.8781555784913382,124.44123014869247,9.169214239215137,"8a755825cd6ffff,8a755825c98ffff,8a755825c9affff,8a755825c937fff,8a755825c90ffff,8a755825c927fff,8a755824225ffff,8a755824220ffff,8a7558242207fff,8a7558242237fff,8a7558242227fff,8a755824230ffff,8a7558242acffff,8a7558240697fff,8a7558242a6ffff,8a7558242a67fff,8a7558242a77fff,8a7558242b5ffff,8a7558242b0ffff,8a7558242b2ffff,8a75582404dffff,8a75582404d7fff,8a75582404c7fff"
101784499#1,1047412912#0,"101784499#1,479315694,101787498,101786553#1,101786553#2,-173532317#2,-101415865#2,-101415865#1,-101415865#0,47374680#2,47374680#3,47374680#4,47374680#5,47374680#6,47374680#7,47374680#8,-101411571#0,120511301,352797377,-282689986,-224715833,-224715836,-101749453,-1006827381,101417074,71324343#8,71324343#9,71324343#11,659283000#7,659283000#8,659283000#9,659283000#11,1047412915,1047412911,1047412914,1047412913,-1047412913,1047412912#0",5.629956705504377,3617.25572501183,37.889052631578934,9.915033354940743,20.016000000000005,0.26511000959362285,0.0,0.0,0.12842050104012256,0.07084556424980694,0.0,0.0,0.8007339347100706,0.5529053382017826,6.911316727522283,0.2764526691008913,0.5529053382017826,105.70590958933306,0.8293580073026738,0.2764526691008913,1.6393032532831378,105.42081026620517,10.505201425833869,"8a755825cd6ffff,8a755825c98ffff,8a755825c9affff,8a755825c937fff,8a755825c90ffff,8a755825c927fff,8a75582422a7fff,8a7558242217fff,8a7558242237fff,8a7558242227fff,8a755824230ffff,8a7558242acffff,8a7558240697fff,8a7558242a6ffff,8a7558242a67fff,8a7558242a77fff,8a7558242b5ffff,8a7558242b0ffff,8a7558242b2ffff,8a75582404dffff,8a75582404d7fff,8a75582404c7fff"
101418583,-47374664,"101418583,526438862#2,101418589,625955757,71324347#2,71324347#3,71324347#4,71324347#5,-47374665#1,47374680#4,47374664,-47374664",3.2244116711432778,1219.030296204021,20.004,8.519505235314165,19.98,0.0,0.0,0.0,0.0251019205423139,0.0,0.0,0.0,0.47622616608385177,1.640648313850662,17.22680729543195,0.820324156925331,0.0,98.74280733448464,2.4609724707759932,0.0,6.383730813910703,91.7456967454474,9.843889883103973,"8a75582423affff,8a75582423a7fff,8a755824204ffff,8a7558242317fff,8a7558242387fff,8a7558242217fff,8a7558242237fff,8a755824221ffff"
-47374664,101418583,"-47374664,47374680#5,47374680#6,47374680#7,47374680#8,-101411571#0,120509990,71324347#0,71324347#1,71324347#2,71324347#3,101418583",1.5367522805331817,959.3654824648117,28.335000000000004,11.929547503420393,39.99600000000001,0.15832377960345745,0.0,0.0,0.0,0.0,0.0,0.0,0.7268292027210588,0.0,1.04235561762217,1.04235561762217,0.0,124.80804096081866,1.04235561762217,1.04235561762217,1.9533305620891475,75.46680888783563,12.50826741146604,"8a755824221ffff,8a7558242237fff,8a7558242227fff,8a755824230ffff,8a7558242307fff,8a7558242317fff,8a75582423affff,8a75582423a7fff"
-101749451,-619184994,"-101749451,101749451,47374680#8,-101411571#0,120509990,120509991,282689983#0,101418595,526439431#1,623959719,619185406,619184994,-619184994",1.7220654856615072,1216.5332712729398,36.14676923076923,9.615375379687874,20.016000000000005,0.1687143819076121,0.0,0.0,0.052344382589868184,0.0,0.0,0.0,0.7184450503028902,1.644015866419557,15.618150730985791,0.8220079332097785,0.8220079332097785,139.75348566933795,2.4660237996293355,0.8220079332097785,2.550601885471796,53.75603058505204,10.686103131727121,"8a755824230ffff,8a7558242357fff,8a7558242307fff,8a7558242337fff,8a755824206ffff,8a7558242067fff,8a7558242a97fff,8a7558242ab7fff"
-297823017,101767915#1,"-297823017,297823019#1,297823019#2,297823019#3,297823019#4,297823017,372606529#1,372606529#2,372606529#3,372606529#4,372606529#5,372606529#6,372606529#7,372606529#8,1164659929,120512822,282479125#0,282479125#1,120511930,-42762428#0,-697042776#1,42762429,1323419246,184568063,76867740,1323419243,120511145,283490977#1,-173532317#3,-173532317#2,-173532317#1,-101765339#6,-101765339#5,-101767911,101767915#1",4.950936573333438,3177.560350604466,32.84742857142857,7.1063965977872385,20.016000000000005,0.20106264953216169,0.0,0.0,0.27770842120448747,0.2149915557085386,0.0,0.0,0.507300023086974,1.2588273891443422,11.32944650229908,0.9441205418582567,0.31470684728608556,59.13403080427764,1.2588273891443422,0.31470684728608556,1.6254385020588387,78.36345396332963,11.014739655012994,"8a7558242847fff,8a7558240497fff,8a7558240487fff,8a755824285ffff,8a7558242bb7fff,8a7558242b87fff,8a7558242b9ffff,8a7558242147fff,8a755824214ffff,8a7558242a97fff,8a755824206ffff,8a7558242047fff,8a75582423b7fff,8a7558242397fff,8a755824274ffff,8a7558242297fff,8a755824266ffff,8a755825c937fff,8a755825c90ffff,8a755825c977fff,8a755825c957fff,8a755825c827fff"
-297823017,101767915#1,"-297823017,297823019#1,297823023#0,-297823018,-297823020#1,1047412912#1,-659283000#11,-659283000#10,-659283000#8,101594822,101594815#0,-659283000#5,-659283000#3,-659283000#2,-659283000#1,-659283000#0,-282479127#2,-1197063689,-42762428#4,-42762428#3,-42762428#0,-697042776#1,42762429,1323419246,184568063,76867740,1323419243,120511145,283490977#1,-173532317#3,-173532317#2,-173532317#1,-101765339#6,-101765339#5,-101767911,101767915#1",4.735631329565663,3206.6650375275817,37.77200000000001,9.896175261180456,20.016000000000005,0.35934028000431856,0.0,0.0,0.5143220152985611,0.11942226606456471,0.0,0.0,0.36625571863687423,1.2474018811406942,16.839925395399373,1.2474018811406942,0.6237009405703471,46.332018910063866,1.5592523514258678,0.31185047028517354,1.640326615421092,80.57682462254607,11.226616930266248,"8a7558242847fff,8a7558240497fff,8a755824049ffff,8a75582404d7fff,8a7558242b2ffff,8a7558242b0ffff,8a7558242b07fff,8a7558242b1ffff,8a7558242a37fff,8a7558242b8ffff,8a7558242aa7fff,8a7558242a87fff,8a7558242a97fff,8a755824206ffff,8a7558242047fff,8a75582423b7fff,8a7558242397fff,8a755824274ffff,8a7558242297fff,8a755824266ffff,8a755825c937fff,8a755825c90ffff,8a755825c977fff,8a755825c957fff,8a755825c827fff"
-297823017,101767915#1,"-297823017,297823019#1,297823023#0,-297823018,-297823020#1,1047412912#1,-659283000#11,-659283000#10,-659283000#8,101594822,101594815#0,-659283000#5,-659283000#3,-659283000#2,-659283000#1,-659283000#0,-282479127#2,1164653914,-619184994,120511930,-42762428#0,-697042776#1,42762429,1323419246,184568063,76867740,1323419243,120511145,283490977#1,-173532317#3,-173532317#2,-173532317#1,-101765339#6,-101765339#5,-101767911,101767915#1",5.02322636758087,3362.6906976598916,37.77200000000001,9.896175261180456,20.016000000000005,0.34266723171033786,0.0,0.0,0.4449308654199801,0.13945308858633831,0.0,0.0,0.4156160459936815,1.1895236165442198,21.411425097795956,1.4869045206802747,0.5947618082721099,51.77683890772736,2.3790472330884396,0.29738090413605495,1.7201394552433034,79.14687279007498,10.705712548897978,"8a7558242847fff,8a7558240497fff,8a755824049ffff,8a75582404d7fff,8a7558242b2ffff,8a7558242b0ffff,8a7558242b07fff,8a7558242b1ffff,8a7558242a37fff,8a7558242b8ffff,8a7558242aa7fff,8a7558242ab7fff,8a7558242a97fff,8a755824206ffff,8a7558242047fff,8a75582423b7fff,8a7558242397fff,8a755824274ffff,8a7558242297fff,8a755824266ffff,8a755825c937fff,8a755825c90ffff,8a755825c977fff,8a755825c957fff,8a755825c827fff"
-297823017,101767915#1,"-297823017,297823019#1,297823023#0,-297823018,-297823020#1,1047412912#1,-659283000#11,-659283000#10,-659283000#8,101594822,101594815#0,-659283000#5,-659283000#3,-659283000#2,-659283000#1,-659283000#0,-282479127#2,-1197063689,-42762428#4,-42762428#3,-42762428#0,-697042776#1,42762429,1323419246,184568063,1323419245,16648700,1323419243,120511145,283490977#1,-173532317#3,-173532317#2,-173532317#1,-101765339#6,-101765339#5,-101767911,101767915#1",4.702438052254739,3200.2842699023013,37.561621621621626,9.841314612250608,20.016000000000005,0.36005673724115667,0.0,0.0,0.5891960815779078,0.11966037170293217,0.0,0.0,0.29114354671916015,0.6249444834664817,11.24900070239667,0.9374167251997224,0.6249444834664817,46.559877344188365,1.5623612086662042,0.31247224173324084,1.6370626190759563,77.01667060585824,11.56147294412991,"8a7558242847fff,8a7558240497fff,8a755824049ffff,8a75582404d7fff,8a7558242b2ffff,8a7558242b0ffff,8a7558242b07fff,8a7558242b1ffff,8a7558242a37fff,8a7558242b8ffff,8a7558242aa7fff,8a7558242a87fff,8a7558242a97fff,8a755824206ffff,8a7558242047fff,8a75582423b7fff,8a7558242397fff,8a755824239ffff,8a755824274ffff,8a7558242297fff,8a755824266ffff,8a755825c937fff,8a755825c90ffff,8a755825c977fff,8a755825c957fff,8a755825c827fff"
-297823017,101767915#1,"-297823017,297823019#1,297823019#2,297823019#3,297823019#4,297823017,372606529#1,372606529#2,372606529#3,372606529#4,372606529#5,372606529#6,372606529#7,372606529#8,1164659929,120512822,282479125#0,282479125#1,120511930,-42762428#0,-697042776#1,42762429,1323419246,184568063,1323419245,16648700,1323419243,120511145,283490977#1,-173532317#3,-173532317#2,-173532317#1,-101765339#6,-101765339#5,-101767911,101767915#1",4.917743296022514,3171.179582979186,32.76800000000001,7.020335523117316,20.016000000000005,0.20146721004701673,0.0,0.0,0.3527935792493137,0.21542414273884639,0.0,0.0,0.43178227801183977,0.6306801452477462,5.676121307229716,0.6306801452477462,0.3153400726238731,58.81097442263909,1.2613602904954924,0.3153400726238731,1.6221745057137031,74.71791780672785,11.352242614459431,"8a7558242847fff,8a7558240497fff,8a7558240487fff,8a755824285ffff,8a7558242bb7fff,8a7558242b87fff,8a7558242b9ffff,8a7558242147fff,8a755824214ffff,8a7558242a97fff,8a755824206ffff,8a7558242047fff,8a75582423b7fff,8a7558242397fff,8a755824239ffff,8a755824274ffff,8a7558242297fff,8a755824266ffff,8a755825c937fff,8a755825c90ffff,8a755825c977fff,8a755825c957fff,8a755825c827fff"
-297823017,101767915#1,"-297823017,297823019#1,297823023#0,-297823018,-297823020#1,1047412912#1,-659283000#11,-659283000#10,-659283000#8,101594822,101594815#0,-659283000#5,-659283000#3,-659283000#2,-659283000#1,-659283000#0,-282479127#2,1164653914,-619184994,120511930,-42762428#0,-697042776#1,42762429,1323419246,184568063,1323419245,16648700,1323419243,120511145,283490977#1,-173532317#3,-173532317#2,-173532317#1,-101765339#6,-101765339#5,-101767911,101767915#1",4.990033090269946,3356.309930034611,37.561621621621626,9.841314612250608,20.016000000000005,0.3433186852482772,0.0,0.0,0.5161923200295437,0.13971820646026714,0.0,0.0,0.3440894735101891,0.5958925253304529,16.08909818392223,1.1917850506609058,0.5958925253304529,51.85193276874891,2.3835701013218116,0.29794626266522645,1.7168754588981674,75.71251453545746,11.024011718613378,"8a7558242847fff,8a7558240497fff,8a755824049ffff,8a75582404d7fff,8a7558242b2ffff,8a7558242b0ffff,8a7558242b07fff,8a7558242b1ffff,8a7558242a37fff,8a7558242b8ffff,8a7558242aa7fff,8a7558242ab7fff,8a7558242a97fff,8a755824206ffff,8a7558242047fff,8a75582423b7fff,8a7558242397fff,8a755824239ffff,8a755824274ffff,8a7558242297fff,8a755824266ffff,8a755825c937fff,8a755825c90ffff,8a755825c977fff,8a755825c957fff,8a755825c827fff"
-297823017,101767915#1,"-297823017,297823019#1,297823023#0,-297823018,-297823020#1,1047412912#1,-659283000#11,-659283000#10,-659283000#8,-659283000#7,-659283000#6,-659283000#5,-659283000#3,-659283000#2,-659283000#1,-659283000#0,-282479127#2,1164653914,-619184994,120511930,-42762428#0,-697042776#1,42762429,1323419246,184568063,1323419245,16648700,1323419243,120511145,283490977#1,-173532317#3,-173532317#2,-173532317#1,-101765339#6,-101765339#5,-101767911,101767915#1",4.91932041355059,3320.4262675244267,38.64356756756758,10.052980001915797,20.016000000000005,0.35434368073877515,0.0,0.0,0.5290855513029206,0.14122813336820192,0.0,0.0,0.32968631532887754,0.6023323028013261,10.84198145042387,0.903498454201989,0.6023323028013261,49.742875617872755,1.806996908403978,0.30116615140066305,1.6985196512333836,76.61466632978163,11.143147601824532,"8a7558242847fff,8a7558240497fff,8a755824049ffff,8a75582404d7fff,8a7558242b2ffff,8a7558242b0ffff,8a7558242b1ffff,8a7558242a37fff,8a7558242b8ffff,8a7558242aa7fff,8a7558242ab7fff,8a7558242a97fff,8a755824206ffff,8a7558242047fff,8a75582423b7fff,8a7558242397fff,8a755824239ffff,8a755824274ffff,8a7558242297fff,8a755824266ffff,8a755825c937fff,8a755825c90ffff,8a755825c977fff,8a755825c957fff,8a755825c827fff"
-297823017,101767915#1,"-297823017,297823019#1,297823023#0,-297823018,-297823020#1,1047412912#1,-659283000#11,-659283000#10,-659283000#8,-659283000#7,-659283000#6,-659283000#5,-659283000#3,-659283000#2,-659283000#1,-659283000#0,-282479127#2,-1197063689,-42762428#4,-42762428#3,-42762428#0,-697042776#1,42762429,1323419246,184568063,76867740,1323419243,120511145,283490977#1,-173532317#3,-173532317#2,-173532317#1,-101765339#6,-101765339#5,-101767911,101767915#1",4.664918652846308,3170.7813750173977,38.88400000000001,10.087115855670259,20.016000000000005,0.3710669157219528,0.0,0.0,0.5278025758778584,0.12077376520147343,0.0,0.0,0.35142365892066807,1.2615187005688944,11.353668305120049,0.9461390254266708,0.6307593502844472,43.88499647068954,0.9461390254266708,0.3153796751422236,1.6219708077563084,81.42842791095835,11.353668305120049,"8a7558242847fff,8a7558240497fff,8a755824049ffff,8a75582404d7fff,8a7558242b2ffff,8a7558242b0ffff,8a7558242b1ffff,8a7558242a37fff,8a7558242b8ffff,8a7558242aa7fff,8a7558242a87fff,8a7558242a97fff,8a755824206ffff,8a7558242047fff,8a75582423b7fff,8a7558242397fff,8a755824274ffff,8a7558242297fff,8a755824266ffff,8a755825c937fff,8a755825c90ffff,8a755825c977fff,8a755825c957fff,8a755825c827fff"
-297823017,101767915#1,"-297823017,297823019#1,297823023#0,-297823018,-297823020#1,1047412912#1,-659283000#11,-659283000#10,-659283000#8,-659283000#7,-659283000#6,-659283000#5,-659283000#3,-659283000#2,-659283000#1,-659283000#0,-282479127#2,1164653914,-619184994,120511930,-42762428#0,-697042776#1,42762429,1323419246,184568063,76867740,1323419243,120511145,283490977#1,-173532317#3,-173532317#2,-173532317#1,-101765339#6,-101765339#5,-101767911,101767915#1",4.952513690861514,3326.8070351497076,38.88400000000001,10.087115855670259,20.016000000000005,0.3536640547002366,0.0,0.0,0.4570307261515725,0.14095725985745916,0.0,0.0,0.4020120139909683,1.2023540763674014,16.231780030959918,1.2023540763674014,0.6011770381837007,49.58860598477469,1.8035311145511022,0.30058851909185036,1.7017836475785195,80.06921142447055,10.821186687306612,"8a7558242847fff,8a7558240497fff,8a755824049ffff,8a75582404d7fff,8a7558242b2ffff,8a7558242b0ffff,8a7558242b1ffff,8a7558242a37fff,8a7558242b8ffff,8a7558242aa7fff,8a7558242ab7fff,8a7558242a97fff,8a755824206ffff,8a7558242047fff,8a75582423b7fff,8a7558242397fff,8a755824274ffff,8a7558242297fff,8a755824266ffff,8a755825c937fff,8a755825c90ffff,8a755825c977fff,8a755825c957fff,8a755825c827fff"
-297823017,101767915#1,"-297823017,297823019#1,297823023#0,-297823018,-297823020#1,1047412912#1,-659283000#11,-659283000#10,-659283000#8,-659283000#7,-659283000#6,-659283000#5,-659283000#3,-659283000#2,-659283000#1,-659283000#0,-282479127#2,-1197063689,-42762428#4,-42762428#3,-42762428#0,-697042776#1,42762429,1323419246,184568063,1323419245,16648700,1323419243,120511145,283490977#1,-173532317#3,-173532317#2,-173532317#1,-101765339#6,-101765339#5,-101767911,101767915#1",4.631725375535384,3164.4006073921173,38.64356756756758,10.052980001915797,20.016000000000005,0.37181514328742604,0.0,0.0,0.6035528814181794,0.12101729610245372,0.0,0.0,0.27542982247936676,0.6320312274393928,5.688281046954535,0.6320312274393928,0.6320312274393928,44.21022967070761,0.9480468411590892,0.3160156137196964,1.6187068114111727,77.84974775804832,11.692577707628768,"8a7558242847fff,8a7558240497fff,8a755824049ffff,8a75582404d7fff,8a7558242b2ffff,8a7558242b0ffff,8a7558242b1ffff,8a7558242a37fff,8a7558242b8ffff,8a7558242aa7fff,8a7558242a87fff,8a7558242a97fff,8a755824206ffff,8a7558242047fff,8a75582423b7fff,8a7558242397fff,8a755824239ffff,8a755824274ffff,8a7558242297fff,8a755824266ffff,8a755825c937fff,8a755825c90ffff,8a755825c977fff,8a755825c957fff,8a755825c827fff"
47374680#2,-372606529#4,"47374680#2,47374680#3,47374665#0,47374666,659281081#0,659281081#1,100525445,-416373452,101418587,464265154,120511142#1,75421017,619185406,619184994,1164659927#1,1164659928,-372606529#8,-372606529#7,-372606529#6,-372606529#5,-372606529#4",2.967135041160053,1466.6682568950055,30.46800000000001,8.046997253634427,39.99600000000001,0.06833445308258712,0.0,0.0,0.10879876355451931,0.0,0.0,0.0,0.7251427635531821,4.090904655359649,13.63634885119883,1.363634885119883,0.0,122.78976596221557,2.0454523276798247,1.363634885119883,1.3891775719450854,46.26464125309258,14.318166293758772,"8a75582422a7fff,8a7558242217fff,8a7558242387fff,8a7558242397fff,8a75582423a7fff,8a75582423b7fff,8a75582420effff,8a7558242047fff,8a7558242067fff,8a7558242a97fff,8a7558242ab7fff,8a7558242b9ffff,8a7558242b87fff,8a7558242bb7fff"
619185406,-1200809291,"619185406,120511930,-42762428#0,-697042776#1,42762429,1323419246,-100525445,526438862#0,526438862#1,526438862#2,101418589,-1200809291",1.351611291998814,837.5558326094607,26.657999999999998,7.777204452173615,19.98,0.0,0.0,0.0,0.6155977418456727,0.10266825817421095,0.0,0.0,0.2197120538989873,4.775801020378229,44.17615943849862,2.3879005101891146,1.1939502550945573,80.25553702580439,5.969751275472786,1.1939502550945573,4.056752045312686,56.21559316435462,14.327403061134687,"8a7558242067fff,8a7558242a97fff,8a755824206ffff,8a7558242047fff,8a75582423b7fff,8a75582423a7fff,8a755824204ffff"
-101746498#1,71223791#1,"-101746498#1,-101746498#0,47374680#6,47374680#7,47374680#8,-101411571#0,120509990,120509991,282689983#0,282689983#1,71223791#0,71223791#1",0.9513093502339742,869.2934521048123,38.328,10.306811869297459,20.016000000000005,0.27702500975230715,0.0,0.0,0.0,0.0,0.0,0.0,1.0,0.0,0.0,0.0,0.0,119.10169728743914,0.0,0.0,1.3615372109519728,67.3787182429455,13.804314263433723,"8a755824220ffff,8a7558242207fff,8a7558242237fff,8a7558242227fff,8a755824230ffff,8a7558242307fff,8a7558242337fff,8a7558242327fff,8a7558242af7fff"
75421017,-372606529#4,"75421017,619185406,619184994,1164659927#1,1164659928,-372606529#8,-372606529#7,-372606529#6,-372606529#5,-372606529#4",0.9960184073629452,643.3567866131206,29.988,0.0,0.0,0.0,0.0,0.0,0.0,0.0,0.0,0.0,1.0,0.0,0.0,0.0,0.0,96.86703943061121,0.0,0.0,1.0782172912525194,47.339919613401705,15.543474799797908,"8a7558242047fff,8a7558242067fff,8a7558242a97fff,8a7558242ab7fff,8a7558242b9ffff,8a7558242b87fff,8a7558242bb7fff"
526439431#0,100475365#1,"526439431#0,526439431#1,623959719,-282689984#1,-282689984#0,-134065887,100475363,282479151#1,100475362,-659278038#3,659278038#3,100475365#0,100475365#1",1.094452006864661,755.1941026534494,42.30553846153847,10.135495585773338,20.016000000000005,0.329858863122283,0.0,0.0,0.18316308407602253,0.0,0.0,0.0,0.8168369159239774,1.3241628827428615,11.917465944685754,1.3241628827428615,1.3241628827428615,105.87771338108577,1.3241628827428615,1.3241628827428615,2.689723481790368,44.24316077963025,17.2141174756572,"8a755824204ffff,8a755824206ffff,8a7558242067fff,8a7558242077fff,8a755824200ffff,8a7558242007fff"
-1200809291,120509991,"-1200809291,-101418591,101418591,1200809291,-101418589,1200809292,868087112,526439431#0,526439431#1,687927789#0,-71324342,71223791#0,71223791#1,101411570,282689981#1,-120511301,120509990,120509991",2.131248379831134,1318.6617592750256,31.11,16.046226648251572,39.99600000000001,0.4117005241315766,0.0,0.0,0.1529845192284315,0.0,0.0,0.0,0.7565843735059419,1.5166891630341663,14.40854704882458,0.7583445815170832,0.7583445815170832,107.92329920414764,1.5166891630341663,0.0,8.6329260356588,67.13701944496559,13.650202467307498,"8a755824204ffff,8a755824206ffff,8a7558242a9ffff,8a7558242327fff,8a7558242af7fff,8a7558242ac7fff,8a7558242acffff,8a755824230ffff,8a7558242307fff,8a7558242337fff"
-1200809291,120509991,"-1200809291,-101418591,101418591,1200809291,625955757,71324347#2,71324347#3,71324347#4,71324347#5,-47374665#1,47374680#4,47374680#5,47374680#6,47374680#7,47374680#8,-101411571#0,120509990,120509991",3.15623453386617,1104.3729817555252,24.448,14.230120300429856,39.99600000000001,0.1753186809299858,0.0,0.0,0.0,0.0,0.0,0.0,0.45174574691954045,0.0,0.90549118506176,0.0,0.0,110.84588110086545,0.90549118506176,0.0,7.230034692533288,47.13379241798049,16.29884133111168,"8a755824204ffff,8a7558242317fff,8a75582423affff,8a7558242387fff,8a7558242217fff,8a7558242237fff,8a7558242227fff,8a755824230ffff,8a7558242307fff,8a7558242337fff"
-1200809291,120509991,"-1200809291,-101418591,101418591,1200809291,-101418589,1200809292,868087112,526439431#0,526439431#1,687927789#0,-71324342,71223791#0,416376586,463830226#1,101411570,282689981#1,-120511301,120509990,120509991",2.175683864608198,1440.783595992338,32.10442105263157,16.18534705739797,39.99600000000001,0.5306396469595692,0.0,0.0,0.14001744316686424,0.0,0.0,0.0,0.7772164541847032,1.388133516763496,13.187268409253212,0.694066758381748,0.694066758381748,106.13646600574857,1.388133516763496,0.0,9.432425055254981,67.8294573450915,13.187268409253212,"8a755824204ffff,8a755824206ffff,8a7558242a9ffff,8a7558242327fff,8a7558242aaffff,8a7558242af7fff,8a7558242ac7fff,8a7558242acffff,8a755824230ffff,8a7558242307fff,8a7558242337fff"
120509991,-120511144#2,"120509991,282689983#0,101418595,526439431#1,42762429,1323419246,184568063,76867740,1323419243,120511145,283490977#1,120511144#0,120511144#1,120511144#2,-120511144#2",2.5383509343262145,1837.3230734807573,40.6632,10.336217954358357,20.016000000000005,0.4610036764128921,0.0,0.0,0.7710611633788884,0.0,0.0,0.0,0.22893883662111167,2.1770803718379867,14.69529250990641,0.5442700929594967,0.5442700929594967,95.6971115713838,0.5442700929594967,0.0,1.7598254330263743,71.34065920298521,8.16405139439245,"8a7558242307fff,8a7558242337fff,8a755824206ffff,8a7558242047fff,8a75582423b7fff,8a7558242397fff,8a755824274ffff,8a7558242297fff,8a755824266ffff,8a755825c9b7fff,8a755825cd67fff"
120509991,-120511144#2,"120509991,282689983#0,101418595,526439431#1,42762429,1323419246,184568063,1323419245,16648700,1323419243,120511145,283490977#1,120511144#0,120511144#1,120511144#2,-120511144#2",2.50515765701529,1830.9423058554771,39.996,10.336217954358357,20.016000000000005,0.4626102575291748,0.0,0.0,0.9028274613174273,0.0,0.0,0.0,0.09717253868257267,1.0923337090436247,4.915501690696312,0.0,0.5461668545218124,93.06114879027315,0.5461668545218124,0.0,1.7537138039333338,65.44785548427929,8.738669672348998,"8a7558242307fff,8a7558242337fff,8a755824206ffff,8a7558242047fff,8a75582423b7fff,8a7558242397fff,8a755824239ffff,8a755824274ffff,8a7558242297fff,8a755824266ffff,8a755825c9b7fff,8a755825cd67fff"
-282689975#2,-101752970#2,"-282689975#2,-282689975#1,-282689975#0,-352797377,-120511301,101411571#0,-47374680#8,-47374680#7,-47374680#6,-47374680#5,-47374680#4,-47374680#3,-47374680#2,-47374680#1,-47374680#0,283490977#1,120511144#0,-101752970#2",3.013480323734965,2070.7680013608037,36.660000000000004,9.709186141454484,20.016000000000005,0.2608454720413706,0.0,0.0,0.15932140612409126,0.0,0.0,0.0,0.8406785938759087,0.0,8.692427151748198,0.48291261954156656,0.0,27.49935105442526,0.9658252390831331,0.0,1.059210582758862,121.784857248751,8.692427151748198,"8a75582406affff,8a7558240687fff,8a7558240697fff,8a7558242acffff,8a755824230ffff,8a7558242227fff,8a7558242237fff,8a7558242217fff,8a75582422a7fff,8a7558242297fff,8a755824266ffff,8a755825c9b7fff,8a75582426cffff"
-282689975#2,-101752970#2,"-282689975#2,-282689975#1,-282689975#0,-352797377,-120511301,120509990,120509991,282689983#0,101418595,526439431#1,42762429,1323419246,184568063,76867740,1323419243,120511145,283490977#1,120511144#0,-101752970#2",4.122379621394994,2736.1020723852853,39.469263157894744,10.267991347668225,20.016000000000005,0.31134450510888834,0.0,0.0,0.3967487865361079,0.0,0.0,0.0,0.6032512134638921,1.461933763499134,13.157403871492207,0.730966881749567,0.3654834408747835,90.94374485938317,0.730966881749567,0.0,1.399533056660359,113.9599361698744,6.9441853766208865,"8a75582406affff,8a7558240687fff,8a7558240697fff,8a7558242acffff,8a755824230ffff,8a7558242307fff,8a7558242337fff,8a755824206ffff,8a7558242047fff,8a75582423b7fff,8a7558242397fff,8a755824274ffff,8a7558242297fff,8a755824266ffff,8a755825c9b7fff,8a75582426cffff"
-282689975#2,-101752970#2,"-282689975#2,-282689975#1,-282689975#0,-352797377,-120511301,120509990,120509991,282689983#0,101418595,526439431#1,42762429,1323419246,184568063,1323419245,16648700,1323419243,120511145,283490977#1,120511144#0,-101752970#2",4.089186344084069,2729.7213047600044,38.9952,10.216522395249354,20.016000000000005,0.3120722779166998,0.0,0.0,0.4842551882589495,0.0,0.0,0.0,0.5157448117410507,0.7326755286382025,6.594079757743822,0.36633776431910126,0.36633776431910126,89.42990415338487,0.7326755286382025,0.0,1.3962692547325808,110.66259976581102,7.326755286382024,"8a75582406affff,8a7558240687fff,8a7558240697fff,8a7558242acffff,8a755824230ffff,8a7558242307fff,8a7558242337fff,8a755824206ffff,8a7558242047fff,8a75582423b7fff,8a7558242397fff,8a755824239ffff,8a755824274ffff,8a7558242297fff,8a755824266ffff,8a755825c9b7fff,8a75582426cffff"
-282689986,-282690560#0,"-282689986,282689986,282689975#0,282689975#1,282689975#2,282689975#3,-282690560#1,-282690560#0",0.6717449974950384,664.0127466903917,45.0,9.265607558523698,20.016000000000005,0.7277436760580317,0.0,0.0,0.0,0.0,0.0,0.36029675537229494,0.639703244627705,0.0,1.5059951860626983,0.0,0.0,119.83241647082228,1.5059951860626983,0.0,1.953102802529128,29.53176774448682,12.047961488501587,"8a7558240697fff,8a7558242a6ffff,8a7558240687fff,8a75582406affff,8a7558240617fff,8a755824078ffff,8a7558240787fff"
-619184994,-101746498#2,"-619184994,120511930,-42762428#0,-697042776#1,42762429,1323419246,184568063,76867740,1323419243,120511145,47374680#0,101749458#0,101749458#1,-101749449#1,101746514,-101746498#2",2.9089052899777617,2187.2062695969908,34.992000000000004,8.95142732752716,20.016000000000005,0.36701423235427033,0.0,0.0,0.34705881362853064,0.039315175552010785,0.0,0.0,0.6136260108194587,1.8288169961843745,16.45935296565937,0.9144084980921873,0.45720424904609364,60.15648088516843,1.3716127471382809,0.45720424904609364,2.5320678062163355,130.20439373954596,7.315267984737498,"8a7558242ab7fff,8a7558242a97fff,8a755824206ffff,8a7558242047fff,8a75582423b7fff,8a7558242397fff,8a755824274ffff,8a7558242297fff,8a755824229ffff,8a755825c927fff,8a755824225ffff,8a755824220ffff"
-619184994,-101746498#2,"-619184994,120511930,42762428#1,1164653913,463830226#0,463830226#1,101411570,282689981#1,-120511301,101411571#0,-47374680#8,-47374680#7,-47374680#6,101746498#0,101746498#1,101746498#2,-101746498#2",2.9189685953575086,1981.3580782392235,34.697647058823534,8.751742119009627,20.016000000000005,0.13225289139473526,0.0,0.0,0.061811537799259096,0.043399726380645716,0.0,0.0,0.8947887358200952,0.0,9.084677927573843,0.5047043293096579,0.0,69.03720878807691,1.5141129879289736,0.0,2.2937630859208413,72.53122812391865,8.579973598264184,"8a7558242ab7fff,8a7558242a97fff,8a7558242a87fff,8a7558242aa7fff,8a7558242aaffff,8a7558242af7fff,8a7558242ac7fff,8a7558242acffff,8a755824230ffff,8a7558242227fff,8a7558242237fff,8a7558242207fff,8a755824220ffff,8a755824225ffff"
-619184994,-101746498#2,"-619184994,120511930,42762428#1,1164653913,463830226#0,-416376586,71223791#1,101411570,282689981#1,-120511301,101411571#0,-47374680#8,-47374680#7,-47374680#6,101746498#0,101746498#1,101746498#2,-101746498#2",3.3715933457616303,2302.5225640753465,35.548,9.225146196832938,20.016000000000005,0.21006677787169062,0.0,0.0,0.05318983260263219,0.037346169718079004,0.0,0.0,0.909463997679289,0.0,7.8175129663619565,0.43430627590899756,0.0,72.3015144097937,1.3029188277269927,0.0,2.665566269913867,76.6875870253952,7.8175129663619565,"8a7558242ab7fff,8a7558242a97fff,8a7558242a87fff,8a7558242aa7fff,8a7558242aaffff,8a7558242327fff,8a7558242af7fff,8a7558242ac7fff,8a7558242acffff,8a755824230ffff,8a7558242227fff,8a7558242237fff,8a7558242207fff,8a755824220ffff,8a755824225ffff"
-619184994,-101746498#2,"-619184994,120511930,-42762428#0,-697042776#1,42762429,1323419246,184568063,1323419245,16648700,1323419243,120511145,47374680#0,47374680#1,101415865#0,-101749449#1,101746514,-101746498#2",3.659096612006933,2543.242069490005,32.34282352941176,6.647425330863957,20.016000000000005,0.25793435098056666,0.0,0.0,0.3914003123422919,0.03381133061978168,0.0,0.0,0.5747883570379265,0.7863978124587483,7.077580312128735,0.39319890622937415,0.39319890622937415,66.85793963521562,1.1795967186881224,0.39319890622937415,2.9442405396712794,129.9608057872811,6.6843814058993605,"8a7558242ab7fff,8a7558242a97fff,8a755824206ffff,8a7558242047fff,8a75582423b7fff,8a7558242397fff,8a755824239ffff,8a755824274ffff,8a7558242297fff,8a75582422a7fff,8a755825c927fff,8a755824225ffff,8a755824220ffff"
-619184994,-101746498#2,"-619184994,120511930,-42762428#0,-697042776#1,42762429,1323419246,184568063,1323419245,16648700,1323419243,120511145,47374680#0,101749458#0,101749458#1,-101749449#1,101746514,-101746498#2",2.8757120126668374,2180.8255019717103,34.697647058823534,8.751742119009627,20.016000000000005,0.3680880608333054,0.0,0.0,0.45644446997729465,0.03943020584632718,0.0,0.0,0.5041253241763782,0.9170839199155439,8.253755279239895,0.45854195995777197,0.45854195995777197,59.431767623659276,1.3756258798733159,0.45854195995777197,2.524680969177917,125.24848866714537,7.795213319282124,"8a7558242ab7fff,8a7558242a97fff,8a755824206ffff,8a7558242047fff,8a75582423b7fff,8a7558242397fff,8a755824239ffff,8a755824274ffff,8a7558242297fff,8a755824229ffff,8a755825c927fff,8a755824225ffff,8a755824220ffff"
-619184994,-101746498#2,"-619184994,120511930,-42762428#0,-697042776#1,42762429,1323419246,184568063,76867740,1323419243,120511145,47374680#0,47374680#1,101415865#0,-101749449#1,101746514,-101746498#2",3.692289889317858,2549.6228371152856,32.49,6.836765551048246,20.016000000000005,0.2572888362274722,0.0,0.0,0.29772608012331364,0.03372671330280218,0.0,0.0,0.6685472065738843,1.5688594963032694,14.119735466729425,0.7844297481516347,0.39221487407581734,68.0196282783087,1.176644622227452,0.39221487407581734,2.951627376709698,133.40572731887136,6.2754379852130775,"8a7558242ab7fff,8a7558242a97fff,8a755824206ffff,8a7558242047fff,8a75582423b7fff,8a7558242397fff,8a755824274ffff,8a7558242297fff,8a75582422a7fff,8a755825c927fff,8a755824225ffff,8a755824220ffff"
-1323419247,282479125#1,"-1323419247,-120511142#2,75421017,619185406,619184994,1164659927#1,1164659926,120512822,282479125#0,282479125#1",1.5109043617446978,904.7800973202615,29.988,0.0,0.0,0.0,0.0,0.0,0.0,0.23675480928398399,0.0,0.0,0.7632451907160162,0.0,8.841927473530921,0.0,0.0,124.55349440541666,1.1052409341913652,0.0,3.5195679470560246,56.81141308637963,11.052409341913652,"8a755824204ffff,8a7558242047fff,8a7558242067fff,8a7558242a97fff,8a7558242ab7fff,8a7558242b9ffff,8a7558242147fff,8a755824214ffff"
-1323419247,282479125#1,"-1323419247,-120511142#2,75421017,619185406,619184994,1164659927#1,1164659928,1164659929,120512822,282479125#0,282479125#1",1.5222288915566224,923.2315759002505,29.988,0.0,0.0,0.0,0.0,0.0,0.0,0.23202308605630617,0.0,0.0,0.7679769139436939,0.0,8.665214891723277,0.0,0.0,129.79836976664748,1.0831518614654096,0.0,3.591343655626826,58.05781085479193,11.914670476119506,"8a755824204ffff,8a7558242047fff,8a7558242067fff,8a7558242a97fff,8a7558242ab7fff,8a7558242b9ffff,8a7558242147fff,8a755824214ffff"
101611600,100475365#1,"101611600,372606529#6,372606529#7,372606529#8,1164659929,120512822,-133906979,-133906980,-282479126,-100468681#8,-100468681#7,100525438#0,100525438#1,100525438#2,659278038#0,659278038#1,659278038#2,659278038#3,100475365#0,100475365#1",1.879089562390831,1239.2013868780539,36.9936,9.795039466350733,20.016000000000005,0.22925709176294518,0.0,0.0,0.0,0.1635422803925504,0.0,0.0,0.8364577196074496,0.0,12.911541392242254,0.8069713370151409,0.0,97.14493286986423,0.8069713370151409,0.8069713370151409,2.632917799796273,49.302702774987225,16.13942674030282,"8a7558242b97fff,8a7558242b87fff,8a7558242b9ffff,8a7558242147fff,8a7558242167fff,8a7558242177fff,8a75582428dffff,8a755824212ffff,8a755824211ffff,8a75582421affff,8a7558242037fff,8a7558242007fff,8a755824200ffff"
-101746498#0,-101600741#2,"-101746498#0,47374680#6,47374680#7,47374680#8,-101411571#0,120509990,120509991,282689983#0,101418595,526439431#1,623959719,-282689984#1,-282689984#0,-134065887,100475363,282479151#1,100475362,-659278038#3,-659278038#2,-659278038#1,-659278038#0,-100525438#2,-100525438#1,-101601553#1,-101601553#0,-101600741#3,-101600741#2",2.909524457731256,1931.1241965298493,37.40133333333334,9.849931198510204,20.016000000000005,0.2208848369981617,0.0,0.0,0.032974928851931234,0.0,0.0,0.0,0.9670250711480685,1.035666169785412,9.320995528068707,0.517833084892706,0.517833084892706,141.9574671262641,1.035666169785412,0.517833084892706,1.5315267306077822,54.26836329902909,13.98149329210306,"8a7558242207fff,8a7558242237fff,8a7558242227fff,8a755824230ffff,8a7558242307fff,8a7558242337fff,8a755824206ffff,8a7558242067fff,8a7558242077fff,8a755824200ffff,8a7558242007fff,8a7558242037fff,8a75582421affff,8a755824211ffff,8a755824212ffff,8a7558242127fff,8a7558242137fff"
-101746498#0,-101600741#2,"-101746498#0,47374680#6,47374680#7,47374680#8,-101411571#0,120509990,120509991,282689983#0,101418595,526439431#1,623959719,619185406,619184994,1164659927#1,1164659926,120512822,-133906979,-133906980,-282479126,-100468681#8,-100468681#7,100525438#0,-101601553#1,-101601553#0,-101600741#3,-101600741#2",3.054160886816929,1946.0649353658525,36.14676923076923,9.421105346222143,20.016000000000005,0.19170198238240294,0.0,0.0,0.03272176679594883,0.10413929000655284,0.0,0.0,0.8631389431974986,1.0277149357423718,17.47115390762032,1.0277149357423718,0.5138574678711859,148.61968447818128,1.5415724036135576,1.0277149357423718,1.5433758602202052,53.61752628361887,13.360294164650833,"8a7558242207fff,8a7558242237fff,8a7558242227fff,8a755824230ffff,8a7558242307fff,8a7558242337fff,8a755824206ffff,8a7558242067fff,8a7558242a97fff,8a7558242ab7fff,8a7558242b9ffff,8a7558242147fff,8a7558242167fff,8a7558242177fff,8a75582428dffff,8a755824212ffff,8a7558242127fff,8a7558242137fff"
-101746498#0,-101600741#2,"-101746498#0,47374680#6,47374680#7,47374680#8,-101411571#0,120509990,120509991,282689983#0,101418595,526439431#1,623959719,619185406,619184994,1164659927#1,1164659928,1164659929,120512822,-133906979,-133906980,-282479126,-100468681#8,-100468681#7,100525438#0,-101601553#1,-101601553#0,-101600741#3,-101600741#2",3.0654854166288543,1964.5164139458418,35.91866666666667,9.313877685392995,20.016000000000005,0.18990144511197835,0.0,0.0,0.03241443162946775,0.10316117454503235,0.0,0.0,0.8644243938254998,1.0180622497232727,17.30705824529564,1.0180622497232727,0.5090311248616364,147.07668934080695,1.5270933745849093,1.0180622497232727,1.5580092704976336,53.66451367017585,13.743840371264183,"8a7558242207fff,8a7558242237fff,8a7558242227fff,8a755824230ffff,8a7558242307fff,8a7558242337fff,8a755824206ffff,8a7558242067fff,8a7558242a97fff,8a7558242ab7fff,8a7558242b9ffff,8a7558242147fff,8a7558242167fff,8a7558242177fff,8a75582428dffff,8a755824212ffff,8a7558242127fff,8a7558242137fff"
659281081#1,-352797377,"659281081#1,100525445,-416373452,101418587,464265154,120511142#1,75421017,619185406,120511930,42762428#1,42762428#4,71324344,463830226#0,-416376586,71223791#1,101411570,282689981#1,352797377,-352797377",3.5704089267096326,2705.651191025966,35.25536842105264,9.055517190031026,20.016000000000005,0.2008766540077255,0.0,0.0,0.09470220495106231,0.03178177539768432,0.0,0.0,0.8735160196512533,1.84798395912373,9.97911337926814,0.739193583649492,0.0,91.4500730688054,1.478387167298984,0.369596791824746,4.210132626485759,139.385337899292,7.022339044670173,"8a7558242397fff,8a75582423a7fff,8a75582423b7fff,8a75582420effff,8a7558242047fff,8a7558242067fff,8a7558242a97fff,8a7558242a87fff,8a7558242aa7fff,8a7558242aaffff,8a7558242327fff,8a7558242af7fff,8a7558242ac7fff,8a7558242acffff,8a7558240697fff"
659281081#1,-352797377,"659281081#1,526438862#0,526438862#1,526438862#2,1200809292,868087112,526439431#0,526439431#1,687927789#0,-71324342,71223791#0,71223791#1,101411570,282689981#1,352797377,-352797377",2.4473470165604034,2005.7823695774352,34.992000000000004,8.95142732752716,20.016000000000005,0.18064653220130988,0.0,0.0,0.21070776418546247,0.0,0.0,0.0,0.7892922358145377,0.49855857503158396,4.487027175284256,0.49855857503158396,0.49855857503158396,61.945755439300974,0.49855857503158396,0.0,3.1211006887350226,156.4333392500652,7.976937200505343,"8a7558242397fff,8a75582423a7fff,8a755824204ffff,8a755824206ffff,8a7558242a9ffff,8a7558242327fff,8a7558242af7fff,8a7558242ac7fff,8a7558242acffff,8a7558240697fff"
659281081#1,-352797377,"659281081#1,526438862#0,526438862#1,526438862#2,1200809292,868087112,526439431#0,526439431#1,687927789#0,-71324342,71223791#0,416376586,463830226#1,101411570,282689981#1,352797377,-352797377",2.491782501337468,2127.904206294748,35.87505882352941,9.400879057770267,20.016000000000005,0.27443941741544603,0.0,0.0,0.19861510555129708,0.0,0.0,0.0,0.801384894448703,0.46994596704203534,4.229513703378318,0.46994596704203534,0.46994596704203534,62.95844962088857,0.46994596704203534,0.0,3.311128557395713,152.27614541276358,7.9890814397146,"8a7558242397fff,8a75582423a7fff,8a755824204ffff,8a755824206ffff,8a7558242a9ffff,8a7558242327fff,8a7558242aaffff,8a7558242af7fff,8a7558242ac7fff,8a7558242acffff,8a7558240697fff"
659281081#1,-352797377,"659281081#1,100525445,-416373452,101418587,464265154,120511142#1,75421017,619185406,120511930,42762428#1,42762428#4,71324344,463830226#0,463830226#1,101411570,282689981#1,352797377,-352797377",3.1177841763055114,2384.4867051898423,34.43600000000001,8.562697321041119,20.016000000000005,0.13498041158630422,0.0,0.0,0.10745756437263376,0.03606243568920136,0.0,0.0,0.8564799999381649,2.0968873464957825,11.323191671077225,0.8387549385983131,0.0,90.36402265551676,1.6775098771966261,0.41937746929915654,3.7103841427300006,141.36195970332736,7.548794447384817,"8a7558242397fff,8a75582423a7fff,8a75582423b7fff,8a75582420effff,8a7558242047fff,8a7558242067fff,8a7558242a97fff,8a7558242a87fff,8a7558242aa7fff,8a7558242aaffff,8a7558242af7fff,8a7558242ac7fff,8a7558242acffff,8a7558240697fff"
659281081#1,-352797377,"659281081#1,100525445,-416373452,101418587,464265154,120511142#1,75421017,619185406,120511930,42762428#1,1164653913,463830226#0,-416376586,71223791#1,101411570,282689981#1,352797377,-352797377",3.561849693080976,2694.9665211556758,36.660000000000004,9.709186141454484,20.016000000000005,0.2118194635571575,0.0,0.0,0.08585649927694367,0.03190777984907556,0.0,0.0,0.8822357208739807,1.8553106173118108,10.018677333483778,0.7421242469247242,0.0,92.8643698411716,1.4842484938494485,0.3710621234623621,4.193506729779879,139.63524795004892,6.6791182223225185,"8a7558242397fff,8a75582423a7fff,8a75582423b7fff,8a75582420effff,8a7558242047fff,8a7558242067fff,8a7558242a97fff,8a7558242a87fff,8a7558242aa7fff,8a7558242aaffff,8a7558242327fff,8a7558242af7fff,8a7558242ac7fff,8a7558242acffff,8a7558240697fff"
659281081#1,-352797377,"659281081#1,100525445,-416373452,101418587,464265154,120511142#1,75421017,619185406,120511930,42762428#1,1164653913,463830226#0,463830226#1,101411570,282689981#1,352797377,-352797377",3.1092249426768546,2373.8020353195525,35.87505882352941,9.400879057770267,20.016000000000005,0.1471071287088048,0.0,0.0,0.09747248832560802,0.036224755551736064,0.0,0.0,0.8663027561226558,2.106325601547864,11.374158248358464,0.8425302406191455,0.0,91.82355043202995,1.685060481238291,0.42126512030957275,3.6937582460241214,142.3201951067873,7.161507045262737,"8a7558242397fff,8a75582423a7fff,8a75582423b7fff,8a75582420effff,8a7558242047fff,8a7558242067fff,8a7558242a97fff,8a7558242a87fff,8a7558242aa7fff,8a7558242aaffff,8a7558242af7fff,8a7558242ac7fff,8a7558242acffff,8a7558240697fff"
-101608960,-101752975#2,"-101608960,101608960,101609498#0,101609498#1,101609498#2,101608828,-101607966#0,101607969#1,100468681#4,100468681#5,100468681#6,100468681#7,100468681#8,282479126,133906980,133906979,282479125#0,282479125#1,120511930,-42762428#0,-697042776#1,42762429,1323419246,184568063,76867740,1323419243,120511145,283490977#1,-173532317#3,-173532317#2,-173532317#1,-173532317#0,47374679#0,101754278#0,101754278#1,-101752975#2",4.244114478044637,3246.802580254739,40.55199999999999,10.13428890732561,20.016000000000005,0.5092399851310035,0.0,0.0,0.27178593290975805,0.3738428654031126,0.0,0.08235760277771868,0.2720135989094106,1.2319812803912968,10.779836203423848,0.9239859602934727,0.3079953200978242,46.49067650879523,0.9239859602934727,0.3079953200978242,1.450502239043855,72.60894787393309,11.087831523521672,"8a75582428b7fff,8a75582428affff,8a755824281ffff,8a75582428f7fff,8a75582428d7fff,8a75582428dffff,8a7558242177fff,8a7558242167fff,8a7558242147fff,8a755824214ffff,8a7558242a97fff,8a755824206ffff,8a7558242047fff,8a75582423b7fff,8a7558242397fff,8a755824274ffff,8a7558242297fff,8a755824266ffff,8a755825c937fff,8a755825c90ffff,8a755825c977fff,8a755825c947fff,8a755825c96ffff,8a755825c95ffff"
-101608960,-101752975#2,"-101608960,101608960,101609498#0,101609498#1,101609498#2,101608828,-101607966#0,101607969#1,100468681#4,100468681#5,100468681#6,100468681#7,100468681#8,282479126,133906980,133906979,282479125#0,282479125#1,120511930,-42762428#0,-697042776#1,42762429,1323419246,184568063,1323419245,16648700,1323419243,120511145,283490977#1,-173532317#3,-173532317#2,-173532317#1,-173532317#0,47374679#0,101754278#0,101754278#1,-101752975#2",4.210921200733713,3240.4218126294586,40.26648648648648,10.14234158154599,20.016000000000005,0.5102427379201491,0.0,0.0,0.34525498845896835,0.37457900550783885,0.0,0.08251977448124556,0.1976462315519472,0.6172035974468055,5.246230578297847,0.6172035974468055,0.30860179872340276,46.35938554756102,0.9258053961702082,0.30860179872340276,1.4476516444978318,68.92527199991365,11.418266552765902,"8a75582428b7fff,8a75582428affff,8a755824281ffff,8a75582428f7fff,8a75582428d7fff,8a75582428dffff,8a7558242177fff,8a7558242167fff,8a7558242147fff,8a755824214ffff,8a7558242a97fff,8a755824206ffff,8a7558242047fff,8a75582423b7fff,8a7558242397fff,8a755824239ffff,8a755824274ffff,8a7558242297fff,8a755824266ffff,8a755825c937fff,8a755825c90ffff,8a755825c977fff,8a755825c947fff,8a755825c96ffff,8a755825c95ffff"
-101608960,-101752975#2,"-101608960,101608960,101609498#0,101609498#1,101609498#2,101608828,-101607966#0,101607969#1,100468681#4,100468681#5,100468681#6,100468681#7,100468681#8,282479126,133906980,133906979,282479125#0,282479125#1,120511930,-42762428#0,-697042776#1,42762429,1323419246,184568063,76867740,1323419243,120511145,283490977#1,-173532317#3,-173532317#2,-173532317#1,-173532317#0,47374679#0,47374679#1,101754282#1,101754278#1,-101752975#2",4.246466289899689,3260.626469678848,40.807459459459444,10.112642128089517,20.016000000000005,0.5113206319767587,0.0,0.0,0.2706336578121622,0.3804050457586439,0.0,0.07810093783974788,0.270860358589446,1.226758120623972,10.734133555459755,0.920068590467979,0.306689530155993,47.16543127609459,1.226758120623972,0.306689530155993,1.4566780326334952,72.67804928235137,11.34751261577174,"8a75582428b7fff,8a75582428affff,8a755824281ffff,8a75582428f7fff,8a75582428d7fff,8a75582428dffff,8a7558242177fff,8a7558242167fff,8a7558242147fff,8a755824214ffff,8a7558242a97fff,8a755824206ffff,8a7558242047fff,8a75582423b7fff,8a7558242397fff,8a755824274ffff,8a7558242297fff,8a755824266ffff,8a755825c937fff,8a755825c90ffff,8a755825c977fff,8a755825c947fff,8a755825c96ffff,8a755825c95ffff"
-101608960,-101752975#2,"-101608960,101608960,-336863927#3,101608827,101609498#2,101608828,-101607966#0,101607969#1,100468681#4,100468681#5,100468681#6,100468681#7,100468681#8,282479126,133906980,133906979,282479125#0,282479125#1,120511930,-42762428#0,-697042776#1,42762429,1323419246,184568063,76867740,1323419243,120511145,283490977#1,-173532317#3,-173532317#2,-173532317#1,-173532317#0,47374679#0,101754278#0,101754278#1,-101752975#2",4.2780080354676056,3268.2805421054372,40.55199999999999,10.13428890732561,20.016000000000005,0.5058934434762752,0.0,0.0,0.2699998537089708,0.3713861048227889,0.0,0.0818163782935331,0.27679766317470716,1.2238851434164788,10.70899500489419,0.9179138575623591,0.3059712858541197,46.578685910873794,0.9179138575623591,0.3059712858541197,1.460097473427367,73.6105943340805,11.014966290748308,"8a75582428b7fff,8a7558242817fff,8a755824281ffff,8a75582428f7fff,8a75582428d7fff,8a75582428dffff,8a7558242177fff,8a7558242167fff,8a7558242147fff,8a755824214ffff,8a7558242a97fff,8a755824206ffff,8a7558242047fff,8a75582423b7fff,8a7558242397fff,8a755824274ffff,8a7558242297fff,8a755824266ffff,8a755825c937fff,8a755825c90ffff,8a755825c977fff,8a755825c947fff,8a755825c96ffff,8a755825c95ffff"
-101608960,-101752975#2,"-101608960,101608960,101609498#0,101609498#1,101609498#2,101608828,-101607966#0,101607969#1,100468681#4,100468681#5,100468681#6,100468681#7,100468681#8,282479126,133906980,133906979,282479125#0,282479125#1,120511930,-42762428#0,-697042776#1,42762429,1323419246,184568063,1323419245,16648700,1323419243,120511145,283490977#1,-173532317#3,-173532317#2,-173532317#1,-173532317#0,47374679#0,47374679#1,101754282#1,101754278#1,-101752975#2",4.213273012588765,3254.2457020535676,40.52273684210525,10.128284275300963,20.016000000000005,0.5123232047488749,0.0,0.0,0.3437883607914364,0.3811509255792544,0.0,0.07825407438237507,0.19680663924693415,0.6145817443157149,5.223944826683577,0.6145817443157149,0.30729087215785744,47.02128961608253,1.2291634886314298,0.30729087215785744,1.453827438087472,69.02429673647656,11.677053141998584,"8a75582428b7fff,8a75582428affff,8a755824281ffff,8a75582428f7fff,8a75582428d7fff,8a75582428dffff,8a7558242177fff,8a7558242167fff,8a7558242147fff,8a755824214ffff,8a7558242a97fff,8a755824206ffff,8a7558242047fff,8a75582423b7fff,8a7558242397fff,8a755824239ffff,8a755824274ffff,8a7558242297fff,8a755824266ffff,8a755825c937fff,8a755825c90ffff,8a755825c977fff,8a755825c947fff,8a755825c96ffff,8a755825c95ffff"
-101608960,-101752975#2,"-101608960,101608960,101609498#0,101609498#1,101609498#2,101608828,-101607966#0,101607969#1,100468681#4,100468681#5,100468681#6,100468681#7,100468681#8,282479126,133906980,133906979,282479125#0,282479125#1,120511930,-42762428#0,-697042776#1,42762429,1323419246,184568063,1323419245,16648700,1323419243,120511145,283490977#1,-173532317#3,-173532317#2,-173532317#1,-101765339#6,416382004,336860320,101752975#1,101752975#2,-101752975#2",4.763163998500769,3715.671571517274,39.995999999999995,10.14234158154599,20.016000000000005,0.5614497586439706,0.0,0.0,0.3010954477509778,0.2772926818123137,0.0,0.13524810325282902,0.28636376718387935,0.5382607050986777,5.113476698437439,0.5382607050986777,0.26913035254933887,53.68273133744125,1.3456517627466944,0.26913035254933887,1.659968476929862,79.60844791712238,10.226953396874878,"8a75582428b7fff,8a75582428affff,8a755824281ffff,8a75582428f7fff,8a75582428d7fff,8a75582428dffff,8a7558242177fff,8a7558242167fff,8a7558242147fff,8a755824214ffff,8a7558242a97fff,8a755824206ffff,8a7558242047fff,8a75582423b7fff,8a7558242397fff,8a755824239ffff,8a755824274ffff,8a7558242297fff,8a755824266ffff,8a755825c937fff,8a755825c90ffff,8a755825c977fff,8a755825c957fff,8a755825c877fff,8a755825c95ffff,8a755825c96ffff"
-101608960,-101752975#2,"-101608960,101608960,-336863927#3,101608827,101609498#2,101608828,-101607966#0,101607969#1,100468681#4,100468681#5,100468681#6,100468681#7,100468681#8,282479126,133906980,133906979,282479125#0,282479125#1,120511930,-42762428#0,-697042776#1,42762429,1323419246,184568063,76867740,1323419243,120511145,283490977#1,-173532317#3,-173532317#2,-173532317#1,-173532317#0,47374679#0,47374679#1,101754282#1,101754278#1,-101752975#2",4.280359847322657,3282.104431529546,40.807459459459444,10.112642128089517,20.016000000000005,0.50797456994364,0.0,0.0,0.2688626418377267,0.3779156901543161,0.0,0.07758984838527731,0.27563181962267985,1.2187302639044595,10.66388980916402,0.9140476979283446,0.30468256597611487,47.25008002588412,1.2187302639044595,0.30468256597611487,1.4662732670170073,73.66792466859765,11.273254941116251,"8a75582428b7fff,8a7558242817fff,8a755824281ffff,8a75582428f7fff,8a75582428d7fff,8a75582428dffff,8a7558242177fff,8a7558242167fff,8a7558242147fff,8a755824214ffff,8a7558242a97fff,8a755824206ffff,8a7558242047fff,8a75582423b7fff,8a7558242397fff,8a755824274ffff,8a7558242297fff,8a755824266ffff,8a755825c937fff,8a755825c90ffff,8a755825c977fff,8a755825c947fff,8a755825c96ffff,8a755825c95ffff"
-101608960,-101752975#2,"-101608960,101608960,-336863927#3,101608827,101609498#2,101608828,-101607966#0,101607969#1,100468681#4,100468681#5,100468681#6,100468681#7,100468681#8,282479126,133906980,133906979,282479125#0,282479125#1,120511930,-42762428#0,-697042776#1,42762429,1323419246,184568063,76867740,1323419243,120511145,283490977#1,-173532317#3,-173532317#2,-173532317#1,-101765339#6,416382004,336860320,101752975#1,101752975#2,-101752975#2",4.830250833234661,3743.5303009932527,40.26648648648648,10.14234158154599,20.016000000000005,0.5572715429804656,0.0,0.0,0.23572275293570125,0.2752291158232183,0.0,0.13424160937733934,0.354806521863741,1.0685101170247504,9.883718582478942,0.8013825877685629,0.2671275292561876,54.09422138965406,1.335637646280938,0.2671275292561876,1.6724143058593972,83.43244337161516,9.883718582478942,"8a75582428b7fff,8a7558242817fff,8a755824281ffff,8a75582428f7fff,8a75582428d7fff,8a75582428dffff,8a7558242177fff,8a7558242167fff,8a7558242147fff,8a755824214ffff,8a7558242a97fff,8a755824206ffff,8a7558242047fff,8a75582423b7fff,8a7558242397fff,8a755824274ffff,8a7558242297fff,8a755824266ffff,8a755825c937fff,8a755825c90ffff,8a755825c977fff,8a755825c957fff,8a755825c877fff,8a755825c95ffff,8a755825c96ffff"
-101608960,-101752975#2,"-101608960,101608960,-336863927#3,101608827,101609498#2,101608828,-101607966#0,101607969#1,100468681#4,100468681#5,100468681#6,100468681#7,100468681#8,282479126,133906980,133906979,282479125#0,282479125#1,120511930,-42762428#0,-697042776#1,42762429,1323419246,184568063,1323419245,16648700,1323419243,120511145,283490977#1,-173532317#3,-173532317#2,-173532317#1,-173532317#0,47374679#0,47374679#1,101754282#1,101754278#1,-101752975#2",4.247166570011734,3275.723663904266,40.52273684210525,10.128284275300963,20.016000000000005,0.5089640513599384,0.0,0.0,0.34153424107457603,0.3786518304543645,0.0,0.07774098530750387,0.2020729431635555,0.6105521115954702,5.189692948561497,0.6105521115954702,0.3052760557977351,47.106554414281355,1.2211042231909404,0.3052760557977351,1.4634226724709842,70.05853811591254,11.600490120313934,"8a75582428b7fff,8a7558242817fff,8a755824281ffff,8a75582428f7fff,8a75582428d7fff,8a75582428dffff,8a7558242177fff,8a7558242167fff,8a7558242147fff,8a755824214ffff,8a7558242a97fff,8a755824206ffff,8a7558242047fff,8a75582423b7fff,8a7558242397fff,8a755824239ffff,8a755824274ffff,8a7558242297fff,8a755824266ffff,8a755825c937fff,8a755825c90ffff,8a755825c977fff,8a755825c947fff,8a755825c96ffff,8a755825c95ffff"
-101608960,-101752975#2,"-101608960,101608960,-336863927#3,101608827,101609498#2,101608828,-101607966#0,101607969#1,100468681#4,100468681#5,100468681#6,100468681#7,100468681#8,282479126,133906980,133906979,282479125#0,282479125#1,120511930,-42762428#0,-697042776#1,42762429,1323419246,184568063,1323419245,16648700,1323419243,120511145,283490977#1,-173532317#3,-173532317#2,-173532317#1,-101765339#6,416382004,336860320,101752975#1,101752975#2,-101752975#2",4.797057555923738,3737.1495333679723,39.995999999999995,10.14234158154599,20.016000000000005,0.5582230222263964,0.0,0.0,0.2993650068139821,0.2756990389601169,0.0,0.13447081201090602,0.29046514221499486,0.535167239668243,5.084088776848309,0.535167239668243,0.2675836198341215,53.78416468837382,1.3379180991706074,0.2675836198341215,1.669563711313374,80.41923141500055,10.168177553696617,"8a75582428b7fff,8a7558242817fff,8a755824281ffff,8a75582428f7fff,8a75582428d7fff,8a75582428dffff,8a7558242177fff,8a7558242167fff,8a7558242147fff,8a755824214ffff,8a7558242a97fff,8a755824206ffff,8a7558242047fff,8a75582423b7fff,8a7558242397fff,8a755824239ffff,8a755824274ffff,8a7558242297fff,8a755824266ffff,8a755825c937fff,8a755825c90ffff,8a755825c977fff,8a755825c957fff,8a755825c877fff,8a755825c95ffff,8a755825c96ffff"
-101608960,-101752975#2,"-101608960,101608960,-336863927#3,101608827,101609498#2,101608828,-101607966#0,101607969#1,100468681#4,100468681#5,100468681#6,100468681#7,100468681#8,282479126,133906980,133906979,282479125#0,282479125#1,120511930,-42762428#0,-697042776#1,42762429,1323419246,184568063,1323419245,16648700,1323419243,120511145,283490977#1,-173532317#3,-173532317#2,-173532317#1,-173532317#0,47374679#0,101754278#0,101754278#1,-101752975#2",4.244814758156682,3261.899774480157,40.26648648648648,10.14234158154599,20.016000000000005,0.5068830473050714,0.0,0.0,0.3429816588095107,0.3721125920228776,0.0,0.08197642346166407,0.20292932570594752,0.6131396236166503,5.211686800741528,0.6131396236166503,0.30656981180832515,46.44803941625261,0.9197094354249755,0.30656981180832515,1.457246878881344,69.97291605768763,11.34308303690803,"8a75582428b7fff,8a7558242817fff,8a755824281ffff,8a75582428f7fff,8a75582428d7fff,8a75582428dffff,8a7558242177fff,8a7558242167fff,8a7558242147fff,8a755824214ffff,8a7558242a97fff,8a755824206ffff,8a7558242047fff,8a75582423b7fff,8a7558242397fff,8a755824239ffff,8a755824274ffff,8a7558242297fff,8a755824266ffff,8a755825c937fff,8a755825c90ffff,8a755825c977fff,8a755825c947fff,8a755825c96ffff,8a755825c95ffff"
-101608960,-101752975#2,"-101608960,101608960,101609498#0,101609498#1,101609498#2,101608828,-101607966#0,101607969#1,100468681#4,100468681#5,100468681#6,100468681#7,100468681#8,282479126,133906980,133906979,282479125#0,282479125#1,120511930,-42762428#0,-697042776#1,42762429,1323419246,184568063,76867740,1323419243,120511145,283490977#1,-173532317#3,-173532317#2,-173532317#1,-101765339#6,416382004,336860320,101752975#1,101752975#2,-101752975#2",4.796357275811693,3722.0523391425545,40.26648648648648,10.14234158154599,20.016000000000005,0.5604872572826916,0.0,0.0,0.23708298214087703,0.2768173149970145,0.0,0.13501624549265173,0.3510834573694567,1.0746759141279232,9.94075220568329,0.8060069355959425,0.2686689785319808,53.992202940382775,1.343344892659904,0.2686689785319808,1.662819071475885,82.64979698045741,9.94075220568329,"8a75582428b7fff,8a75582428affff,8a755824281ffff,8a75582428f7fff,8a75582428d7fff,8a75582428dffff,8a7558242177fff,8a7558242167fff,8a7558242147fff,8a755824214ffff,8a7558242a97fff,8a755824206ffff,8a7558242047fff,8a75582423b7fff,8a7558242397fff,8a755824274ffff,8a7558242297fff,8a755824266ffff,8a755825c937fff,8a755825c90ffff,8a755825c977fff,8a755825c957fff,8a755825c877fff,8a755825c95ffff,8a755825c96ffff"
100475365#1,71324347#5,"100475365#1,282479151#3,282479151#4,100488713,-100488715#7,-101605219,-100488715#5,-100488715#4,101418592,101418584#2,101418584#3,101418584#4,416373452,-100525445,526438862#0,526438862#1,526438862#2,101418589,625955757,71324347#2,71324347#3,71324347#4,71324347#5",2.3674783766959657,1370.8097209682096,32.60817391304348,13.216283976602412,39.99600000000001,0.3874014056292487,0.0,0.0,0.08169586203513031,0.0,0.0,0.0,0.6629681958032944,1.458991696227096,13.860421114157411,0.729495848113548,0.0,74.09861614564439,1.458991696227096,0.0,2.845232503371531,72.94042345660537,16.7784045066116,"8a755824200ffff,8a75582420e7fff,8a75582420c7fff,8a75582420dffff,8a75582420cffff,8a75582420effff,8a75582423b7fff,8a75582423a7fff,8a755824204ffff,8a7558242317fff,8a75582423affff,8a7558242387fff"
100475365#1,71324347#5,"100475365#1,282479151#3,282479151#4,100488713,-100488715#7,-100488715#6,-100488715#5,-100488715#4,101418592,101418584#2,101418584#3,101418584#4,416373452,-100525445,526438862#0,526438862#1,526438862#2,101418589,625955757,71324347#2,71324347#3,71324347#4,71324347#5",2.2623768976594265,1185.7670216711344,31.73791304347826,12.666302775162723,39.99600000000001,0.15204730492053642,0.0,0.0,0.0944447600531211,0.0,0.0,0.0,0.6103733153101362,1.6866719713467357,16.02338372779399,0.8433359856733679,0.0,74.09861614564439,1.6866719713467357,0.0,2.4611605971847403,43.71630383536662,19.39672767048746,"8a755824200ffff,8a75582420e7fff,8a75582420c7fff,8a75582420dffff,8a75582420cffff,8a75582420effff,8a75582423b7fff,8a75582423a7fff,8a755824204ffff,8a7558242317fff,8a75582423affff,8a7558242387fff"
-100468681#2,659281081#1,"-100468681#2,100468681#2,100468681#3,100468681#4,100468681#5,100468681#6,100468681#7,100468681#8,282479126,133906980,133906979,282479125#0,282479125#1,120511930,-42762428#0,-697042776#1,42762429,1323419246,184568063,76867740,-16648700,42762427,659281081#0,659281081#1",3.013440567011542,2043.1076670845275,38.328,10.080260866189667,20.016000000000005,0.22910509800859805,0.0,0.0,0.4881086760361036,0.393093230838994,0.0,0.0,0.11879809312490235,1.4683513983778143,9.299558856392824,0.4894504661259381,0.4894504661259381,70.88705276148998,0.9789009322518762,0.0,2.1524768756284787,69.80148288828205,11.746811187022514,"8a755824288ffff,8a75582428d7fff,8a75582428dffff,8a7558242177fff,8a7558242167fff,8a7558242147fff,8a755824214ffff,8a7558242a97fff,8a755824206ffff,8a7558242047fff,8a75582423b7fff,8a7558242397fff,8a755824274ffff,8a755824239ffff,8a75582423a7fff"
-100468681#2,659281081#1,"-100468681#2,100468681#2,100468681#3,100468681#4,100468681#5,100468681#6,100468681#7,100468681#8,282479126,133906980,133906979,282479125#0,282479125#1,120511930,-42762428#0,-697042776#1,42762429,1323419246,184568063,1323419245,42762427,659281081#0,659281081#1",2.2935125958230667,1670.3585861699826,38.690608695652195,10.145505954223955,20.016000000000005,0.2802310750428797,0.0,0.0,0.5191859996674709,0.480814000332529,0.0,0.0,0.0,0.5986738466097458,0.5986738466097458,0.0,0.5986738466097458,67.23439427103537,0.5986738466097458,0.0,1.7597742344479284,58.40253763536388,13.769498472024154,"8a755824288ffff,8a75582428d7fff,8a75582428dffff,8a7558242177fff,8a7558242167fff,8a7558242147fff,8a755824214ffff,8a7558242a97fff,8a755824206ffff,8a7558242047fff,8a75582423b7fff,8a7558242397fff,8a755824239ffff,8a75582423a7fff"
-100468681#2,659281081#1,"-100468681#2,100468681#2,-101600741#4,101601553#0,101601553#1,-100525438#0,100468681#7,100468681#8,282479126,133906980,133906979,282479125#0,282479125#1,120511930,-42762428#0,-697042776#1,42762429,1323419246,184568063,1323419245,42762427,659281081#0,659281081#1",2.7899201005096064,1867.6375168468421,35.20956521739132,8.986738815034311,20.016000000000005,0.14248646172169904,0.0,0.0,0.4643442769493925,0.321881771825728,0.0,0.0,0.21377395122487935,0.5354358064558018,9.10240870974863,0.5354358064558018,0.5354358064558018,72.2328649191473,1.6063074193674052,0.0,1.96761366609991,61.56191743490411,12.31502354848344,"8a755824288ffff,8a7558242127fff,8a755824212ffff,8a75582428dffff,8a7558242177fff,8a7558242167fff,8a7558242147fff,8a755824214ffff,8a7558242a97fff,8a755824206ffff,8a7558242047fff,8a75582423b7fff,8a7558242397fff,8a755824239ffff,8a75582423a7fff"
-100468681#2,659281081#1,"-100468681#2,100468681#2,-101600741#4,101601553#0,101601553#1,-100525438#0,100468681#7,100468681#8,282479126,133906980,133906979,282479125#0,282479125#1,120511930,-42762428#0,-697042776#1,42762429,1323419246,184568063,76867740,-16648700,42762427,659281081#0,659281081#1",3.5098480716980816,2240.386597761387,34.992,8.853594583189265,20.016000000000005,0.11877997387598598,0.0,0.0,0.44512789862977675,0.2683280080551933,0.0,0.0,0.28654409331503,1.339054609145415,15.622303773363173,0.8927030727636099,0.44635153638180497,75.44232047009713,1.7854061455272199,0.0,2.3603163072804603,70.87541239642822,10.71243687316332,"8a755824288ffff,8a7558242127fff,8a755824212ffff,8a75582428dffff,8a7558242177fff,8a7558242167fff,8a7558242147fff,8a755824214ffff,8a7558242a97fff,8a755824206ffff,8a7558242047fff,8a75582423b7fff,8a7558242397fff,8a755824274ffff,8a755824239ffff,8a75582423a7fff"
-100488715#4,-619184994,"-100488715#4,101418592,101418584#2,101418584#3,101418584#4,101418587,464265154,120511142#1,75421017,619185406,619184994,-619184994",1.1947904431751102,907.8624123916932,33.324000000000005,7.791217433168525,20.016000000000005,0.0987095251094292,0.0,0.0,0.0,0.0,0.0,0.0,1.0,4.405953969899811,0.0,0.0,0.0,72.58954071265725,0.0,0.0,1.7318599275520847,57.383804169469926,13.217861909699433,"8a75582420dffff,8a75582420cffff,8a75582420effff,8a7558242047fff,8a7558242067fff,8a7558242a97fff,8a7558242ab7fff"
-100488715#6,-372606529#4,"-100488715#6,100488715#6,100488715#7,100488714,282479151#6,100475366,100475359,282689984#0,282689984#1,619185406,619184994,1164659927#1,1164659928,-372606529#8,-372606529#7,-372606529#6,-372606529#5,-372606529#4",1.741159213865532,1153.2577492925222,36.660000000000004,9.709186141454484,20.016000000000005,0.17596094949647936,0.0,0.0,0.0,0.0,0.0,0.0,1.0,0.0,0.0,0.0,0.0,83.09645650506945,0.0,0.0,1.7182868311632133,53.025970801444835,15.607959288409104,"8a75582420e7fff,8a75582420c7fff,8a755824200ffff,8a7558242077fff,8a7558242067fff,8a7558242a97fff,8a7558242ab7fff,8a7558242b9ffff,8a7558242b87fff,8a7558242bb7fff"
-100488715#6,-372606529#4,"-100488715#6,101605219,100488715#7,100488714,282479151#6,100475366,100475359,282689984#0,282689984#1,619185406,619184994,1164659927#1,1164659928,-372606529#8,-372606529#7,-372606529#6,-372606529#5,-372606529#4",1.8330817856300188,1338.3004485895972,37.77200000000001,10.04065261530228,20.016000000000005,0.4137256787201858,0.0,0.0,0.0,0.0,0.0,0.0,1.0,0.0,0.0,0.0,0.0,83.09645650506945,0.0,0.0,1.9939896682784306,83.2278651087908,13.449894617437936,"8a75582420e7fff,8a75582420c7fff,8a755824200ffff,8a7558242077fff,8a7558242067fff,8a7558242a97fff,8a7558242ab7fff,8a7558242b9ffff,8a7558242b87fff,8a7558242bb7fff"
-659278038#0,100475365#1,"-659278038#0,659278038#0,659278038#1,659278038#2,659278038#3,100475365#0,100475365#1",0.4889258079041552,331.6831481393567,35.706857142857146,9.766807930068921,20.016000000000005,0.08380912281198519,0.0,0.0,0.0,0.0,0.0,0.0,1.0,0.0,0.0,0.0,0.0,67.9643290083464,0.0,0.0,1.3100990500552425,41.185022146965,21.10447889580133,"8a7558242037fff,8a75582421affff,8a7558242007fff,8a755824200ffff"
-100488715#3,-101609498#0,"-100488715#3,100488715#3,101418592,101418584#2,101418584#3,101418584#4,101418587,464265154,120511142#1,75421017,619185406,619184994,1164659927#1,1164659928,-372606529#8,-372606529#7,-372606529#6,-372606529#5,-372606529#4,-372606529#3,-372606529#2,-372606529#1,-372606529#0,-120512823#1,-120512823#0,-101609498#5,-101609498#4,-101609498#3,-101609498#2,-101609498#1,-101609498#0",3.740459711602424,2447.178117627482,32.570709677419366,6.820994444573553,20.016000000000005,0.09875527128080257,0.0,0.0,0.0,0.0,0.0,0.0,1.0,1.6345357010130368,0.0,0.0,0.0,109.8287059095186,0.0,0.0,2.15974341869368,55.92367913471119,12.667651682851034,"8a75582420dffff,8a755824270ffff,8a75582420cffff,8a75582420effff,8a7558242047fff,8a7558242067fff,8a7558242a97fff,8a7558242ab7fff,8a7558242b9ffff,8a7558242b87fff,8a7558242bb7fff,8a755824285ffff,8a7558242847fff,8a755824295ffff,8a755824282ffff,8a755824280ffff,8a755824281ffff,8a75582428affff,8a75582428b7fff"
-100488715#3,-101609498#0,"-100488715#3,100488715#3,101418592,101418584#2,101418584#3,101418584#4,101418587,464265154,120511142#1,75421017,619185406,619184994,1164659927#1,1164659928,-372606529#8,-372606529#7,-372606529#6,-372606529#5,-372606529#4,-372606529#3,-372606529#2,-372606529#1,-372606529#0,-120512823#1,-120512823#0,-101609498#5,336863927#0,336863927#1,336863927#2,336863927#3,101609498#0,-101609498#0",4.166490123767289,2674.700368731413,32.49,6.72559122236273,20.016000000000005,0.09035469606390661,0.0,0.0,0.0,0.0,0.0,0.0,1.0,1.4954946156818174,0.0,0.0,0.0,106.29212837904939,0.0,0.0,2.360541914270489,60.51163538939826,11.96395692545454,"8a75582420dffff,8a755824270ffff,8a75582420cffff,8a75582420effff,8a7558242047fff,8a7558242067fff,8a7558242a97fff,8a7558242ab7fff,8a7558242b9ffff,8a7558242b87fff,8a7558242bb7fff,8a755824285ffff,8a7558242847fff,8a755824295ffff,8a755824282ffff,8a7558242817fff,8a75582428b7fff,8a75582428affff"
-100488715#3,-101609498#0,"-100488715#3,100488715#3,101418592,101418584#2,101418584#3,101418584#4,101418587,464265154,120511142#1,75421017,619185406,619184994,1164659927#1,1164659928,-372606529#8,-372606529#7,-372606529#6,-372606529#5,-372606529#4,-372606529#3,-372606529#2,-372606529#1,-372606529#0,-101607965,101607964#1,101607969#0,101607966#0,-101608828,-101609498#2,-101609498#1,-101609498#0",3.829165604326685,2539.826283836262,32.570709677419366,6.820994444573551,20.016000000000005,0.13423257484112397,0.0,0.0,0.0,0.0,0.0,0.0,1.0,1.5749108612098577,0.0,0.0,0.0,113.4428202778617,0.0,0.0,2.2415095417977233,57.879111792965475,12.205559174376397,"8a75582420dffff,8a755824270ffff,8a75582420cffff,8a75582420effff,8a7558242047fff,8a7558242067fff,8a7558242a97fff,8a7558242ab7fff,8a7558242b9ffff,8a7558242b87fff,8a7558242bb7fff,8a755824285ffff,8a7558242847fff,8a7558242877fff,8a75582428e7fff,8a75582428f7fff,8a755824281ffff,8a75582428affff,8a75582428b7fff"
-100488715#3,-101609498#0,"-100488715#3,100488715#3,101418592,101418584#2,101418584#3,101418584#4,101418587,464265154,120511142#1,75421017,619185406,619184994,1164659927#1,1164659928,-372606529#8,-372606529#7,-372606529#6,-372606529#5,-372606529#4,-372606529#3,-372606529#2,-372606529#1,-372606529#0,-120512823#1,-120512823#0,-101609498#5,336863927#0,336863927#1,336863927#2,101608827,-101609498#1,-101609498#0",3.953865073747281,2575.4338358138984,32.49,6.72559122236273,20.016000000000005,0.09383729277687762,0.0,0.0,0.0,0.0,0.0,0.0,1.0,1.553136385946372,0.0,0.0,0.0,107.35570187216082,0.0,0.0,2.272934788487184,57.72598563382402,12.425091087570976,"8a75582420dffff,8a755824270ffff,8a75582420cffff,8a75582420effff,8a7558242047fff,8a7558242067fff,8a7558242a97fff,8a7558242ab7fff,8a7558242b9ffff,8a7558242b87fff,8a7558242bb7fff,8a755824285ffff,8a7558242847fff,8a755824295ffff,8a755824282ffff,8a7558242817fff,8a755824281ffff,8a75582428affff,8a75582428b7fff"
100525438#0,-100468681#0,"100525438#0,-101601553#1,-101601553#0,101600741#4,-100468681#2,-100468681#1,-100468681#0",1.274893528325657,1026.147277820984,38.56628571428572,10.699002036238175,20.016000000000005,0.6109211025926213,0.0,0.0,0.0,0.6109211025926213,0.0,0.0,0.3890788974073788,0.0,7.796151851601593,0.0,0.0,146.79080025594683,0.9745189814501991,0.0,1.3990295857646098,155.86621510529844,6.821632870151394,"8a75582428dffff,8a755824212ffff,8a7558242127fff,8a755824288ffff,8a7558242c0ffff,8a7558242c1ffff"
100475365#1,-101604513#1,"100475365#1,282479151#3,282479151#4,282479151#5,282479151#6,282479151#7,282479151#1,100475362,-659278038#3,-659278038#2,101604503,101604513#1,-101604513#1",0.4657096387871203,437.1884832999659,46.92461538461539,7.516684702917701,20.016000000000005,0.5585083812230304,0.0,0.0,0.0,0.0,0.0,0.0,1.0,0.0,0.0,0.0,0.0,122.72297772677105,0.0,0.0,2.081885928916506,36.71430980361261,29.73545849578196,"8a755824200ffff,8a7558242007fff,8a7558242037fff"
-100488715#3,1164659926,"-100488715#3,100488715#3,101418592,101418584#2,101418584#3,101418584#4,101418587,464265154,120511142#1,75421017,619185406,619184994,1164659927#1,1164659926",1.950192604039456,1180.6150158600717,32.84742857142857,7.268540576339252,20.016000000000005,0.07590507183800385,0.0,0.0,0.0,0.0,0.0,0.0,1.0,3.3880646495809827,0.0,0.0,0.0,105.09492579386709,0.0,0.0,1.700286439479233,64.58346060398952,11.85822627353344,"8a75582420dffff,8a755824270ffff,8a75582420cffff,8a75582420effff,8a7558242047fff,8a7558242067fff,8a7558242a97fff,8a7558242ab7fff,8a7558242b9ffff"
101607969#1,-100468681#0,"101607969#1,-100468681#3,-100468681#2,-100468681#1,-100468681#0",0.6948619908726629,721.123985069838,46.000800000000005,8.95142732752716,20.016000000000005,0.9490050120686533,0.0,0.0,0.0,0.9490050120686533,0.0,0.0,0.05099498793134662,0.0,11.093792698110342,0.0,0.0,28.654210314309378,1.3867240872637927,0.0,1.0574266006854747,190.74120918187154,6.9336204363189635,"8a75582428f7fff,8a75582428d7fff,8a755824288ffff,8a7558242c0ffff,8a7558242c1ffff"
-100468681#0,-101608828,"-100468681#0,100468681#0,100468681#1,100468681#2,100468681#3,100468681#4,101607105,-101607101,101607107,101607098#1,101607098#2,-101607965,101607964#1,101607969#0,101607966#0,-101608828",2.3687698405496107,1823.5443270008327,39.996,10.336217954358357,20.016000000000005,0.6025956485594761,0.0,0.0,0.0,0.4647801041740255,0.0,0.0,0.5352198958259744,0.0,4.387060891005337,0.5483826113756671,0.0,95.81294926373027,0.5483826113756671,0.5483826113756671,2.928911989573459,107.4965746387456,8.774121782010674,"8a7558242c0ffff,8a7558242c1ffff,8a755824288ffff,8a75582428d7fff,8a75582428c7fff,8a75582428effff,8a7558242857fff,8a7558242847fff,8a7558242877fff,8a75582428e7fff,8a75582428f7fff,8a755824281ffff"
-100468681#0,-101608828,"-100468681#0,100468681#0,100468681#1,100468681#2,100468681#3,100468681#4,101607105,101607099,101607107,101607098#1,101607098#2,-101607965,101607964#1,101607969#0,101607966#0,-101608828",2.3679495124183583,1823.0209960506827,39.996,10.336217954358357,20.016000000000005,0.6027686344735167,0.0,0.0,0.0,0.46491352765848076,0.0,0.0,0.535086472341519,0.0,4.388320275702183,0.5485400344627729,0.0,95.81294926373027,0.5485400344627729,0.5485400344627729,2.9280714340291194,107.5179096265582,8.776640551404366,"8a7558242c0ffff,8a7558242c1ffff,8a755824288ffff,8a75582428d7fff,8a75582428c7fff,8a75582428effff,8a7558242857fff,8a7558242847fff,8a7558242877fff,8a75582428e7fff,8a75582428f7fff,8a755824281ffff"
-101604497,-1323419243,"-101604497,101604497,101604496#0,101604496#1,-100525438#1,-100525438#0,100468681#7,100468681#8,282479126,133906980,133906979,282479125#0,282479125#1,120511930,-42762428#0,-697042776#1,42762429,1323419246,184568063,76867740,1323419243,-1323419243",2.9387106606501487,1839.206485784582,37.266545454545465,9.855197133769298,20.016000000000005,0.1834359162141178,0.0,0.0,0.3453665881885438,0.27341316073262995,0.0,0.0,0.38122025107882634,1.63113822356941,14.680244012124689,0.5437127411898033,0.5437127411898033,78.09474252010561,1.0874254823796066,0.0,2.173968250459267,75.9182757925922,11.961680306175673,"8a7558242027fff,8a755824211ffff,8a755824212ffff,8a75582428dffff,8a7558242177fff,8a7558242167fff,8a7558242147fff,8a755824214ffff,8a7558242a97fff,8a755824206ffff,8a7558242047fff,8a75582423b7fff,8a7558242397fff,8a755824274ffff"
-101604497,-1323419243,"-101604497,101604497,101604496#0,101604496#1,-100525438#1,-100525438#0,100468681#7,100468681#8,282479126,133906980,133906979,282479125#0,282479125#1,120511930,-42762428#0,-697042776#1,42762429,1323419246,184568063,1323419245,16648700,1323419243,-1323419243",2.905517383339225,1832.8257181593015,36.95008695652175,9.747486827210404,20.016000000000005,0.18407452682717063,0.0,0.0,0.47551547733527677,0.27436501656215223,0.0,0.0,0.250119506102571,0.5456056132845492,4.910450519560943,0.0,0.5456056132845492,76.8058396130781,1.0912112265690983,0.0,2.1664260922850036,69.48153867674154,12.548929105544632,"8a7558242027fff,8a755824211ffff,8a755824212ffff,8a75582428dffff,8a7558242177fff,8a7558242167fff,8a7558242147fff,8a755824214ffff,8a7558242a97fff,8a755824206ffff,8a7558242047fff,8a75582423b7fff,8a7558242397fff,8a755824239ffff,8a755824274ffff"
101606547#1,-101604518,"101606547#1,-101606547#1,101606546,101605951#2,101605951#3,101605951#4,-120829754,100488715#5,101605219,100488715#7,100488714,282479151#6,282479151#7,282479151#1,100475362,-659278038#3,-659278038#2,-659278038#1,-659278038#0,-100525438#2,-101604496#1,-101604502,-101604518",2.7092542825356136,1596.1558981129415,42.17321739130436,11.665362897977161,39.99600000000001,0.5771377163472445,0.0,0.0,0.0,0.0,0.0,0.0,0.8879845744594712,0.0,1.2530104373667408,0.6265052186833704,0.0,130.01736444107928,1.2530104373667408,0.0,1.9140292560172116,82.19421857669705,14.40962002971752,"8a755824271ffff,8a7558242707fff,8a755824208ffff,8a75582420dffff,8a75582420c7fff,8a75582420e7fff,8a755824200ffff,8a7558242007fff,8a7558242037fff,8a75582421affff,8a755824211ffff,8a755824210ffff"
101606547#1,-101604518,"101606547#1,-101606547#1,101606546,101605951#2,101605951#3,101605951#4,-120829754,100488715#5,100488715#6,100488715#7,100488714,282479151#6,282479151#7,282479151#1,100475362,-659278038#3,-659278038#2,-659278038#1,-659278038#0,-100525438#2,-101604496#1,-101604502,-101604518",2.6173317107711265,1411.1131988158663,41.30295652173914,11.800451530183311,39.99600000000001,0.40424881406055696,0.0,0.0,0.0,0.0,0.0,0.0,0.8732957197862082,0.0,1.4173207377539216,0.7086603688769608,0.0,130.01736444107928,1.4173207377539216,0.0,1.6921354294268869,59.258048159925615,16.2991884841701,"8a755824271ffff,8a7558242707fff,8a755824208ffff,8a75582420dffff,8a75582420c7fff,8a75582420e7fff,8a755824200ffff,8a7558242007fff,8a7558242037fff,8a75582421affff,8a755824211ffff,8a755824210ffff"
101606547#1,-101604518,"101606547#1,-101606547#1,101606546,-101605951#1,-101605951#0,100488715#3,100488715#4,100488715#5,100488715#6,100488715#7,100488714,282479151#6,282479151#7,282479151#1,100475362,-659278038#3,-659278038#2,-659278038#1,-659278038#0,-100525438#2,-101604496#1,-101604502,-101604518",1.902215140915977,1358.009114020238,41.30139130434784,10.145505954223957,20.016000000000005,0.3637563362343588,0.0,0.0,0.0,0.0,0.0,0.0,1.0,0.0,0.0,0.0,0.0,125.75850528078279,0.0,0.0,1.6284557023820418,52.52997455591233,16.936557908592388,"8a755824271ffff,8a7558242707fff,8a755824270ffff,8a75582420dffff,8a75582420c7fff,8a75582420e7fff,8a755824200ffff,8a7558242007fff,8a7558242037fff,8a75582421affff,8a755824211ffff,8a755824210ffff"
101606547#1,-101604518,"101606547#1,-101606547#1,101606546,-101605951#1,-101605951#0,100488715#3,100488715#4,100488715#5,101605219,100488715#7,100488714,282479151#6,282479151#7,282479151#1,100475362,-659278038#3,-659278038#2,-659278038#1,-659278038#0,-100525438#2,-101604496#1,-101604502,-101604518",1.9941377126804647,1543.0518133173132,42.17165217391305,9.988201761026476,20.016000000000005,0.5474510612300038,0.0,0.0,0.0,0.0,0.0,0.0,1.0,0.0,0.0,0.0,0.0,125.75850528078279,0.0,0.0,1.8503495289723668,77.7342365703826,14.90552669813057,"8a755824271ffff,8a7558242707fff,8a755824270ffff,8a75582420dffff,8a75582420c7fff,8a75582420e7fff,8a755824200ffff,8a7558242007fff,8a7558242037fff,8a75582421affff,8a755824211ffff,8a755824210ffff"
-1323419243,-1323419242#1,"-1323419243,1323419243,-162276533#2,-162276533#1,-162276533#0,-1323419242#1",0.5281666446276135,510.8944961143212,43.332,10.336217954358357,20.016000000000005,0.9659158646771063,0.0,0.0,0.034084135322893575,0.9659158646771063,0.0,0.0,0.0,1.9573512879971076,1.9573512879971076,1.9573512879971076,0.0,98.0296701426745,1.9573512879971076,0.0,1.1112276800963223,136.28993675598142,11.744107727982646,"8a755824274ffff,8a755824260ffff,8a755824261ffff,8a75582426f7fff"
-336860316#0,101608824,"-336860316#0,101787498,101786553#1,101786553#2,173532317#3,-283490977#1,-283490977#0,-1323419243,-16648700,42762427,659281081#0,659281081#1,100525445,-416373452,101418587,464265154,120511142#1,75421017,619185406,619184994,1164659927#1,1164659928,-372606529#8,-372606529#7,-372606529#6,-372606529#5,-372606529#4,-372606529#3,-372606529#2,-372606529#1,-372606529#0,-120512823#1,-120512823#0,-101609498#5,-101609498#4,-101608824,101608824",4.547855340840439,3005.7184069268133,33.77481081081081,7.947578519544449,20.016000000000005,0.20258528733400594,0.0,0.0,0.21429808643651424,0.033500072580197535,0.0,0.0,0.7522018409832881,1.9961949815966558,5.9885849447899675,0.3326991635994426,0.0,98.97841716886896,0.6653983271988853,0.3326991635994426,1.511743664470244,54.6501117583629,12.309869053179378,"8a755825c9b7fff,8a755825c98ffff,8a755825c9affff,8a755825c937fff,8a755824266ffff,8a7558242297fff,8a755824274ffff,8a755824239ffff,8a7558242397fff,8a75582423a7fff,8a75582423b7fff,8a75582420effff,8a7558242047fff,8a7558242067fff,8a7558242a97fff,8a7558242ab7fff,8a7558242b9ffff,8a7558242b87fff,8a7558242bb7fff,8a755824285ffff,8a7558242847fff,8a755824295ffff,8a755824282ffff,8a755824280ffff"
-336860316#0,101608824,"-336860316#0,336860316#0,336860316#1,-120511144#1,-120511144#0,-283490977#1,-283490977#0,-1323419243,-16648700,42762427,659281081#0,659281081#1,100525445,-416373452,101418587,464265154,120511142#1,75421017,619185406,619184994,1164659927#1,1164659928,-372606529#8,-372606529#7,-372606529#6,-372606529#5,-372606529#4,-372606529#3,-372606529#2,-372606529#1,-372606529#0,-120512823#1,-120512823#0,-101609498#5,-101609498#4,-101608824,101608824",4.556937965971125,3075.1827233112717,34.315783783783786,8.353513376402159,20.016000000000005,0.2585364223671312,0.0,0.0,0.30272799499030156,0.0,0.0,0.0,0.6972720050096982,1.951103573299009,5.853310719897027,0.32518392888316816,0.0,112.890665949655,0.6503678577663363,0.32518392888316816,1.5466811489528078,55.87022695562688,12.031805368677222,"8a755825c9b7fff,8a755825c98ffff,8a755824266ffff,8a7558242297fff,8a755824274ffff,8a755824239ffff,8a7558242397fff,8a75582423a7fff,8a75582423b7fff,8a75582420effff,8a7558242047fff,8a7558242067fff,8a7558242a97fff,8a7558242ab7fff,8a7558242b9ffff,8a7558242b87fff,8a7558242bb7fff,8a755824285ffff,8a7558242847fff,8a755824295ffff,8a755824282ffff,8a755824280ffff"
526439431#0,101754278#1,"526439431#0,526439431#1,42762429,1323419246,184568063,1323419245,16648700,1323419243,120511145,283490977#1,-173532317#3,-173532317#2,-173532317#1,-173532317#0,47374679#0,47374679#1,101754282#1,101754278#1",2.560745291637173,1818.6860955693526,41.108000000000004,10.234380811179314,20.016000000000005,0.48643496416567406,0.0,0.0,0.6542938281601935,0.32604715752563607,0.0,0.019659014314170373,0.0,0.5498474983869841,4.398779987095873,1.0996949967739682,0.5498474983869841,59.99725074775273,1.0996949967739682,0.5498474983869841,1.6909736746360218,73.68363987607269,9.897254970965713,"8a755824204ffff,8a755824206ffff,8a7558242047fff,8a75582423b7fff,8a7558242397fff,8a755824239ffff,8a755824274ffff,8a7558242297fff,8a755824266ffff,8a755825c937fff,8a755825c90ffff,8a755825c977fff,8a755825c947fff,8a755825c96ffff"
526439431#0,101754278#1,"526439431#0,526439431#1,42762429,1323419246,184568063,76867740,1323419243,120511145,283490977#1,-173532317#3,-173532317#2,-173532317#1,-173532317#0,47374679#0,47374679#1,101754282#1,101754278#1",2.593938568948097,1825.0668631946332,41.76211764705882,10.154109918416985,20.016000000000005,0.4847342985441856,0.0,0.0,0.5225115745892869,0.32490723701696345,0.0,0.01959028280377452,0.13299090558997523,1.643775392836151,14.246053404579975,1.643775392836151,0.5479251309453836,60.9759572471074,1.0958502618907673,0.5479251309453836,1.6969063697309066,80.09797066353168,9.314727226071522,"8a755824204ffff,8a755824206ffff,8a7558242047fff,8a75582423b7fff,8a7558242397fff,8a755824274ffff,8a7558242297fff,8a755824266ffff,8a755825c937fff,8a755825c90ffff,8a755825c977fff,8a755825c947fff,8a755825c96ffff"
526439431#0,101754278#1,"526439431#0,526439431#1,42762429,1323419246,184568063,76867740,1323419243,120511145,283490977#1,-173532317#3,-173532317#2,-173532317#1,-173532317#0,47374679#0,101754278#0,101754278#1",2.591586757093046,1811.2429737705243,41.247,10.25514832657237,20.016000000000005,0.4808016532922165,0.0,0.0,0.5264995222774442,0.312720412829698,0.0,0.02677413724349508,0.13400592764936287,1.6563211250199088,14.354783083505877,1.6563211250199088,0.5521070416733029,60.435369731651065,0.5521070416733029,0.5521070416733029,1.6840532263796735,78.90766461383326,8.833712666772847,"8a755824204ffff,8a755824206ffff,8a7558242047fff,8a75582423b7fff,8a7558242397fff,8a755824274ffff,8a7558242297fff,8a755824266ffff,8a755825c937fff,8a755825c90ffff,8a755825c977fff,8a755825c947fff,8a755825c96ffff"
526439431#0,101754278#1,"526439431#0,526439431#1,42762429,1323419246,184568063,1323419245,16648700,1323419243,120511145,283490977#1,-173532317#3,-173532317#2,-173532317#1,-173532317#0,47374679#0,101754278#0,101754278#1",2.5583934797821217,1804.8622061452438,40.58470588235294,10.298147040637373,20.016000000000005,0.4825014415713786,0.0,0.0,0.6593052276457427,0.31382597993568206,0.0,0.02686879241857517,0.0,0.5540589174038733,4.432471339230986,1.1081178348077465,0.5540589174038733,59.428042237450356,0.5540589174038733,0.5540589174038733,1.6781205312847889,72.57948974532974,9.419001595865845,"8a755824204ffff,8a755824206ffff,8a7558242047fff,8a75582423b7fff,8a7558242397fff,8a755824239ffff,8a755824274ffff,8a7558242297fff,8a755824266ffff,8a755825c937fff,8a755825c90ffff,8a755825c977fff,8a755825c947fff,8a755825c96ffff"
-100468681#0,-23887076#2,"-100468681#0,100468665,100468672#4,100468679,-23887076#3,-23887076#2",0.4560256295607963,669.7086960343679,85.002,19.751457222189956,50.00399999999999,1.0,0.0,0.0,0.0,1.0,0.0,0.0,0.0,2.986373048226575,0.0,0.0,0.0,21.419976960517456,0.0,0.0,1.0617413384533125,148.64515782905616,8.959119144679725,"8a7558242c0ffff,8a7558242c1ffff,8a7558242caffff,8a7558255acffff,8a7558255adffff"
120829754,526438862#0,"120829754,-120829754,-100488715#4,101418592,101418584#2,101418584#3,101418584#4,416373452,-100525445,526438862#0",2.4140302123097115,711.4666102208361,29.995200000000004,13.33200324032364,39.99600000000001,0.18579982526315025,0.0,0.0,0.00152739736921895,0.0,0.0,0.0,0.49586551021740993,1.4055473378991103,14.055473378991103,0.0,0.0,90.49021115450245,2.8110946757982207,0.0,2.9456437273758973,64.91294325031663,14.055473378991103,"8a75582420dffff,8a755824208ffff,8a75582420cffff,8a75582420effff,8a75582423b7fff,8a75582423a7fff"
526438862#0,120829754,"526438862#0,526438862#1,526438862#2,1200809292,868087112,526439431#0,526439431#1,42762429,1323419246,-416373452,-101418584#4,-101418584#3,-101418584#2,-101418592,100488715#4,120829754",1.405495445118292,1091.7685834229464,31.24125,8.851932907563185,39.99600000000001,0.12107911316256222,0.0,0.0,0.5955400582285912,0.0,0.0,0.0,0.24069439212023186,0.9159450227673426,9.159450227673425,1.8318900455346852,0.9159450227673426,116.07160211627011,1.8318900455346852,0.9159450227673426,2.7258008564013285,58.09096503626562,14.655120364277481,"8a75582423a7fff,8a755824204ffff,8a755824206ffff,8a7558242047fff,8a75582423b7fff,8a75582420effff,8a75582420cffff,8a75582420dffff,8a755824208ffff"
-1323419243,-101746498#2,"-1323419243,1323419243,120511145,47374680#0,101749458#0,101749458#1,-101749449#1,101746514,-101746498#2",0.9330349418385064,1094.033836603942,38.884,10.549358274321717,20.016000000000005,0.7337394906618323,0.0,0.0,0.13711535677463865,0.0,0.0,0.0,0.8628846432253614,0.9140485116110866,8.22643660449978,0.9140485116110866,0.0,86.44462754360511,0.9140485116110866,0.9140485116110866,2.185998766743521,167.4841277929051,8.22643660449978,"8a755824274ffff,8a7558242297fff,8a755824229ffff,8a755825c927fff,8a755824225ffff,8a755824220ffff"
-1323419243,-101746498#2,"-1323419243,1323419243,120511145,47374680#0,47374680#1,101415865#0,-101749449#1,101746514,-101746498#2",1.7164195411786023,1456.450404122237,34.43600000000001,8.826226373711476,20.016000000000005,0.45040290470839944,0.0,0.0,0.10299618813308133,0.0,0.0,0.0,0.8970038118669188,0.6866007913277848,6.179407121950064,0.6866007913277848,0.0,94.616057731876,0.6866007913277848,0.6866007913277848,2.910146542740706,173.8015800473997,6.179407121950064,"8a755824274ffff,8a7558242297fff,8a75582422a7fff,8a755825c927fff,8a755824225ffff,8a755824220ffff"
1200809292,101606547#1,"1200809292,868087112,526439431#0,526439431#1,42762429,1323419246,-416373452,-101418584#4,-101418584#3,-101418584#2,-101418592,-100488715#3,101605951#0,101605951#1,-101606546,101606547#1",1.7914455342972322,1215.9591481552511,37.494,10.008000000000003,20.016000000000005,0.3060809183907187,0.0,0.0,0.44261556378742517,0.0,0.0,0.0,0.5573844362125748,0.8223960496675519,7.401564447007967,0.8223960496675519,0.8223960496675519,107.22926200716127,0.8223960496675519,0.0,1.9454829037038825,56.31623455428121,13.15833679468083,"8a755824204ffff,8a755824206ffff,8a7558242047fff,8a75582423b7fff,8a75582420effff,8a75582420cffff,8a75582420dffff,8a755824270ffff,8a7558242707fff,8a755824271ffff"
1200809292,101606547#1,"1200809292,868087112,526439431#0,526439431#1,42762429,1323419246,184568063,76867740,1323419243,-162276533#2,100488715#0,100488715#1,100488715#2,101605951#0,101605951#1,-101606546,101606547#1",3.0389878341545407,1952.865603139323,35.875058823529415,9.400879057770265,20.016000000000005,0.3029757905488653,0.0,0.0,0.38972892742610055,0.18008381040053326,0.0,0.0,0.43018726217336617,1.5362040250887512,13.825836225798762,1.5362040250887512,0.5120680083629171,116.01338749752908,1.0241360167258342,0.0,3.1245018797735478,94.65450207987335,8.70515614216959,"8a755824204ffff,8a755824206ffff,8a7558242047fff,8a75582423b7fff,8a7558242397fff,8a755824274ffff,8a755824260ffff,8a755824262ffff,8a755824270ffff,8a7558242707fff,8a755824271ffff"
659278036#2,-100468681#0,"659278036#2,659278036#3,101600741#0,101600741#1,101600741#2,101600741#3,101600741#4,-100468681#2,-100468681#1,-100468681#0",1.6389791625793586,1242.790564119146,35.9928,9.668646565057596,20.016000000000005,0.5044253187045539,0.0,0.0,0.0,0.5044253187045539,0.0,0.0,0.49557468129544613,0.0,6.437126440262418,0.0,0.0,123.75726405422851,0.8046408050328022,0.0,2.4195558062621956,131.8836983877745,8.046408050328022,"8a75582421affff,8a75582421b7fff,8a75582421a7fff,8a7558242137fff,8a7558242127fff,8a755824288ffff,8a7558242c0ffff,8a7558242c1ffff"
-100488715#4,-101605951#5,"-100488715#4,100488715#4,120829754,101605951#5,-101605951#5",1.0748386272793065,376.6809772700857,33.998400000000004,16.733681388146486,39.99600000000001,0.45322991765813114,0.0,0.0,0.0,0.0,0.0,0.0,0.525343479110845,0.0,5.309532789509492,2.654766394754746,0.0,126.88013051057331,5.309532789509492,2.654766394754746,2.1148016791132296,68.06565714062096,13.273831973773731,"8a75582420dffff,8a755824208ffff"
71223800#6,-416409192#7,"71223800#6,71223800#7,1006827381,101749453,224715836,224715833,282689986,-352797377,-120511301,120509990,120509991,282689983#0,101418595,526439431#1,42762429,1323419246,184568063,1323419245,16648700,1323419243,-162276533#2,-162276533#1,-162276533#0,-1323419242#1,-1323419242#0,-162276528,162276631,-416409192#8,-416409192#7",5.637829865842924,3759.895448558178,38.96193103448276,12.350293443393607,49.96800000000001,0.4209062739657158,0.0,0.0,0.22856183201551392,0.16449321411237458,0.0,0.0,0.6069449538721116,0.5319296845785826,4.787367161207244,0.5319296845785826,0.2659648422892913,83.84796728086135,0.5319296845785826,0.0,1.4724264731605219,128.7629011563962,7.712980426389448,"8a7558242b47fff,8a7558242b57fff,8a7558242b5ffff,8a7558242a77fff,8a7558242a67fff,8a7558242a6ffff,8a7558240697fff,8a7558242acffff,8a755824230ffff,8a7558242307fff,8a7558242337fff,8a755824206ffff,8a7558242047fff,8a75582423b7fff,8a7558242397fff,8a755824239ffff,8a755824274ffff,8a755824260ffff,8a755824261ffff,8a75582426f7fff,8a755824268ffff,8a7558251a47fff,8a755825132ffff"
71223800#6,-416409192#7,"71223800#6,71223800#7,1006827381,679068326#0,679068326#1,679068326#2,679068326#3,101411570,282689981#1,-120511301,101411571#0,-47374680#8,-47374680#7,-47374680#6,-47374680#5,-47374680#4,-47374680#3,-47374680#2,-47374680#1,-47374680#0,-283490977#0,-162276533#2,-162276533#1,-162276533#0,-1323419242#1,-1323419242#0,-162276528,162276631,-416409192#8,-416409192#7",4.081020518633919,3095.1644897428973,38.6628,12.24559034608532,49.96800000000001,0.5640303985079747,0.0,0.0,0.04283954637228615,0.19982049067485827,0.0,0.0,0.7573399629528555,0.0,5.815522909897169,0.6461692122107965,0.0,55.599694284628164,0.6461692122107965,0.32308460610539824,1.212108739680904,104.74218546486027,9.692538183161949,"8a7558242b47fff,8a7558242b57fff,8a7558242b5ffff,8a7558242a2ffff,8a7558242a0ffff,8a7558242af7fff,8a7558242ac7fff,8a7558242acffff,8a755824230ffff,8a7558242227fff,8a7558242237fff,8a7558242217fff,8a75582422a7fff,8a7558242297fff,8a755824274ffff,8a755824260ffff,8a755824261ffff,8a75582426f7fff,8a755824268ffff,8a7558251a47fff,8a755825132ffff"
71223800#6,-416409192#7,"71223800#6,71223800#7,1006827381,679068326#0,679068326#1,679068326#2,679068326#3,101411570,282689981#1,-120511301,101411571#0,-47374680#8,-47374680#7,-47374680#6,-47374680#5,-47374680#4,47374665#0,47374666,-42762427,16648700,1323419243,-162276533#2,-162276533#1,-162276533#0,-1323419242#1,-1323419242#0,-162276528,162276631,-416409192#8,-416409192#7",4.910481656539366,3103.3106336918877,36.9972,13.429739316031112,59.97600000000001,0.5198227339523845,0.0,0.0,0.07366536554392514,0.19929596487865758,0.0,0.0,0.6485570994969354,0.6444730277035392,6.444730277035393,0.9667095415553089,0.0,36.52606668380723,0.9667095415553089,0.0,1.2152988810475396,103.38049713160748,9.667095415553089,"8a7558242b47fff,8a7558242b57fff,8a7558242b5ffff,8a7558242a2ffff,8a7558242a0ffff,8a7558242af7fff,8a7558242ac7fff,8a7558242acffff,8a755824230ffff,8a7558242227fff,8a7558242237fff,8a7558242217fff,8a7558242387fff,8a7558242397fff,8a755824239ffff,8a755824274ffff,8a755824260ffff,8a755824261ffff,8a75582426f7fff,8a755824268ffff,8a7558251a47fff,8a755825132ffff"
71223800#6,-416409192#7,"71223800#6,71223800#7,1006827381,101749453,224715836,224715833,282689986,-352797377,-120511301,101411571#0,-47374680#8,-47374680#7,-47374680#6,-47374680#5,-47374680#4,-47374680#3,-47374680#2,-47374680#1,-47374680#0,-283490977#0,-162276533#2,-162276533#1,-162276533#0,-1323419242#1,-1323419242#0,-162276528,162276631,-416409192#8,-416409192#7",4.833890104193125,3366.1330305353654,38.27172413793104,12.27020479191232,49.96800000000001,0.45632022452609095,0.0,0.0,0.03939102866267459,0.1837352479683364,0.0,0.0,0.776873723368989,0.0,5.347382244467384,0.5941535827185982,0.0,66.06406790037991,0.5941535827185982,0.2970767913592991,1.3182237256732687,131.1042811810831,8.615226949419675,"8a7558242b47fff,8a7558242b57fff,8a7558242b5ffff,8a7558242a77fff,8a7558242a67fff,8a7558242a6ffff,8a7558240697fff,8a7558242acffff,8a755824230ffff,8a7558242227fff,8a7558242237fff,8a7558242217fff,8a75582422a7fff,8a7558242297fff,8a755824274ffff,8a755824260ffff,8a755824261ffff,8a75582426f7fff,8a755824268ffff,8a7558251a47fff,8a755825132ffff"
71223800#6,-416409192#7,"71223800#6,71223800#7,1006827381,679068326#0,679068326#1,679068326#2,679068326#3,101411570,282689981#1,-120511301,101411571#0,-47374680#8,-47374680#7,-47374680#6,-47374680#5,-47374680#4,47374665#0,47374666,659281081#0,1323419244,76867740,1323419243,-162276533#2,-162276533#1,-162276533#0,-1323419242#1,-1323419242#0,-162276528,162276631,-416409192#8,-416409192#7",5.11976537002476,3235.3651432382553,36.77109677419354,13.263889734550819,59.97600000000001,0.4986056740089039,0.0,0.0,0.01834995044114846,0.19116151027107664,0.0,0.0,0.7152102692326603,1.2363364946178614,11.745196698869684,1.2363364946178614,0.0,55.63368968437915,1.2363364946178614,0.30908412365446536,1.267013232793906,103.81023545310372,9.581607833288427,"8a7558242b47fff,8a7558242b57fff,8a7558242b5ffff,8a7558242a2ffff,8a7558242a0ffff,8a7558242af7fff,8a7558242ac7fff,8a7558242acffff,8a755824230ffff,8a7558242227fff,8a7558242237fff,8a7558242217fff,8a7558242387fff,8a7558242397fff,8a755824274ffff,8a755824260ffff,8a755824261ffff,8a75582426f7fff,8a755824268ffff,8a7558251a47fff,8a755825132ffff"
71223800#6,-416409192#7,"71223800#6,71223800#7,1006827381,101749453,224715836,224715833,282689986,-352797377,-120511301,120509990,71324347#0,71324347#1,71324347#2,71324347#3,71324347#4,71324347#5,47374666,-42762427,16648700,1323419243,-162276533#2,-162276533#1,-162276533#0,-1323419242#1,-1323419242#0,-162276528,162276631,-416409192#8,-416409192#7",5.242061291516561,3340.55035315555,35.1744827586207,14.294056123889627,49.96800000000001,0.45777106535179785,0.0,0.0,0.06843378726841122,0.18514233335102917,0.0,0.0,0.6298759291444896,0.5987037429658141,5.987037429658141,0.8980556144487212,0.0,50.05300066144484,0.8980556144487212,0.29935187148290704,1.308205199375467,129.39618441772103,8.681204273004305,"8a7558242b47fff,8a7558242b57fff,8a7558242b5ffff,8a7558242a77fff,8a7558242a67fff,8a7558242a6ffff,8a7558240697fff,8a7558242acffff,8a755824230ffff,8a7558242307fff,8a7558242317fff,8a75582423affff,8a7558242387fff,8a7558242397fff,8a755824239ffff,8a755824274ffff,8a755824260ffff,8a755824261ffff,8a75582426f7fff,8a755824268ffff,8a7558251a47fff,8a755825132ffff"
71223800#6,-416409192#7,"71223800#6,71223800#7,1006827381,679068326#0,679068326#1,679068326#2,679068326#3,101411570,282689981#1,-120511301,101411571#0,-47374680#8,-47374680#7,-47374680#6,-47374680#5,-47374680#4,47374665#0,47374666,659281081#0,1323419244,1323419245,16648700,1323419243,-162276533#2,-162276533#1,-162276533#0,-1323419242#1,-1323419242#0,-162276528,162276631,-416409192#8,-416409192#7",5.086572092713836,3228.9843756129744,36.559125,13.103183193038348,59.97600000000001,0.4995909642960064,0.0,0.0,0.09157842928692865,0.19153926285023118,0.0,0.0,0.6414552810803525,1.238779608291124,11.768406278765678,1.238779608291124,0.0,56.241099382392214,1.5484745103639048,0.309694902072781,1.2645144369366565,100.4197420579058,9.910236866328992,"8a7558242b47fff,8a7558242b57fff,8a7558242b5ffff,8a7558242a2ffff,8a7558242a0ffff,8a7558242af7fff,8a7558242ac7fff,8a7558242acffff,8a755824230ffff,8a7558242227fff,8a7558242237fff,8a7558242217fff,8a7558242387fff,8a7558242397fff,8a755824239ffff,8a755824274ffff,8a755824260ffff,8a755824261ffff,8a75582426f7fff,8a755824268ffff,8a7558251a47fff,8a755825132ffff"
71223800#6,-416409192#7,"71223800#6,71223800#7,1006827381,101749453,224715836,224715833,282689986,-352797377,-120511301,120509990,120509991,282689983#0,101418595,526439431#1,42762429,1323419246,184568063,76867740,1323419243,-162276533#2,-162276533#1,-162276533#0,-1323419242#1,-1323419242#0,-162276528,162276631,-416409192#8,-416409192#7",5.671023143153848,3766.2762161834585,39.28242857142857,12.453506700638869,49.96800000000001,0.42019318098685843,0.0,0.0,0.1654238905683258,0.16421453222210947,0.0,0.0,0.6703615772095647,1.0620569948673027,9.558512953805725,0.796542746150477,0.26551424871682566,84.69909719853266,0.5310284974336513,0.0,1.4749252690177714,131.60573554932284,7.43439896407112,"8a7558242b47fff,8a7558242b57fff,8a7558242b5ffff,8a7558242a77fff,8a7558242a67fff,8a7558242a6ffff,8a7558240697fff,8a7558242acffff,8a755824230ffff,8a7558242307fff,8a7558242337fff,8a755824206ffff,8a7558242047fff,8a75582423b7fff,8a7558242397fff,8a755824274ffff,8a755824260ffff,8a755824261ffff,8a75582426f7fff,8a755824268ffff,8a7558251a47fff,8a755825132ffff"
71223800#6,-416409192#7,"71223800#6,71223800#7,1006827381,101749453,224715836,224715833,282689986,-352797377,-120511301,101411571#0,-47374680#8,-47374680#7,-47374680#6,-47374680#5,-47374680#4,47374665#0,47374666,-42762427,16648700,1323419243,-162276533#2,-162276533#1,-162276533#0,-1323419242#1,-1323419242#0,-162276528,162276631,-416409192#8,-416409192#7",5.663351242098572,3374.279174484355,36.54868965517242,13.436847677464725,59.97600000000001,0.4159226504442577,0.0,0.0,0.06774973272986451,0.18329167655617487,0.0,0.0,0.6767794145446347,0.5927191843293858,5.9271918432938575,0.8890787764940786,0.0,52.08565560033832,0.8890787764940786,0.0,1.3214138670399038,129.9511574384135,8.594428172776093,"8a7558242b47fff,8a7558242b57fff,8a7558242b5ffff,8a7558242a77fff,8a7558242a67fff,8a7558242a6ffff,8a7558240697fff,8a7558242acffff,8a755824230ffff,8a7558242227fff,8a7558242237fff,8a7558242217fff,8a7558242387fff,8a7558242397fff,8a755824239ffff,8a755824274ffff,8a755824260ffff,8a755824261ffff,8a75582426f7fff,8a755824268ffff,8a7558251a47fff,8a755825132ffff"
71223800#6,-416409192#7,"71223800#6,71223800#7,1006827381,101749453,224715836,224715833,282689986,-352797377,-120511301,120509990,71324347#0,71324347#1,71324347#2,71324347#3,71324347#4,71324347#5,47374666,659281081#0,1323419244,1323419245,16648700,1323419243,-162276533#2,-162276533#1,-162276533#0,-1323419242#1,-1323419242#0,-162276528,162276631,-416409192#8,-416409192#7",5.418151727691031,3466.2240950766377,34.83987096774194,13.869978879440628,49.96800000000001,0.4411738110635718,0.0,0.0,0.08531050191783178,0.17842968893393163,0.0,0.0,0.6239374994413533,1.153993478287087,10.962938043727327,1.153993478287087,0.0,64.87673578810532,1.4424918478588589,0.5769967391435435,1.3574207552645843,125.63447072072832,8.943449456724926,"8a7558242b47fff,8a7558242b57fff,8a7558242b5ffff,8a7558242a77fff,8a7558242a67fff,8a7558242a6ffff,8a7558240697fff,8a7558242acffff,8a755824230ffff,8a7558242307fff,8a7558242317fff,8a75582423affff,8a7558242387fff,8a7558242397fff,8a755824239ffff,8a755824274ffff,8a755824260ffff,8a755824261ffff,8a75582426f7fff,8a755824268ffff,8a7558251a47fff,8a755825132ffff"
71223800#6,-416409192#7,"71223800#6,71223800#7,1006827381,679068326#0,679068326#1,679068326#2,679068326#3,101411570,282689981#1,-120511301,120509990,71324347#0,71324347#1,71324347#2,71324347#3,71324347#4,71324347#5,47374666,-42762427,16648700,1323419243,-162276533#2,-162276533#1,-162276533#0,-1323419242#1,-1323419242#0,-162276528,162276631,-416409192#8,-416409192#7",4.489191705957355,3069.581812363082,35.668800000000005,14.304020689640213,49.96800000000001,0.5665069969272027,0.0,0.0,0.0744748067331272,0.2014858455861437,0.0,0.0,0.5972030813357267,0.6515545511589812,6.515545511589812,0.9773318267384719,0.0,32.92114991126663,0.9773318267384719,0.3257772755794906,1.2020902133831024,102.56009246113395,9.773318267384719,"8a7558242b47fff,8a7558242b57fff,8a7558242b5ffff,8a7558242a2ffff,8a7558242a0ffff,8a7558242af7fff,8a7558242ac7fff,8a7558242acffff,8a755824230ffff,8a7558242307fff,8a7558242317fff,8a75582423affff,8a7558242387fff,8a7558242397fff,8a755824239ffff,8a755824274ffff,8a755824260ffff,8a755824261ffff,8a75582426f7fff,8a755824268ffff,8a7558251a47fff,8a755825132ffff"
71223800#6,-416409192#7,"71223800#6,71223800#7,1006827381,101749453,224715836,224715833,282689986,-352797377,-120511301,101411571#0,-47374680#8,-47374680#7,-47374680#6,-47374680#5,-47374680#4,47374665#0,47374666,659281081#0,1323419244,76867740,1323419243,-162276533#2,-162276533#1,-162276533#0,-1323419242#1,-1323419242#0,-162276528,162276631,-416409192#8,-416409192#7",5.872634955583966,3506.3336840307234,36.330000000000005,13.257368033377283,59.97600000000001,0.4002582937220807,0.0,0.0,0.016931871118778828,0.17638859925871328,0.0,0.0,0.737218744390106,1.1407927369313522,10.837531000847846,1.1407927369313522,0.0,65.97344109992481,1.1407927369313522,0.28519818423283805,1.3731282187862708,129.40836940174813,8.555945526985141,"8a7558242b47fff,8a7558242b57fff,8a7558242b5ffff,8a7558242a77fff,8a7558242a67fff,8a7558242a6ffff,8a7558240697fff,8a7558242acffff,8a755824230ffff,8a7558242227fff,8a7558242237fff,8a7558242217fff,8a7558242387fff,8a7558242397fff,8a755824274ffff,8a755824260ffff,8a755824261ffff,8a75582426f7fff,8a755824268ffff,8a7558251a47fff,8a755825132ffff"
71223800#6,-416409192#7,"71223800#6,71223800#7,1006827381,101749453,224715836,224715833,282689986,-352797377,-120511301,101411571#0,-47374680#8,-47374680#7,-47374680#6,-47374680#5,-47374680#4,47374665#0,47374666,659281081#0,1323419244,1323419245,16648700,1323419243,-162276533#2,-162276533#1,-162276533#0,-1323419242#1,-1323419242#0,-162276528,162276631,-416409192#8,-416409192#7",5.839441678273042,3499.952916405443,36.12541935483871,13.084214307768464,59.97600000000001,0.40098800501344145,0.0,0.0,0.08448837009338071,0.17671017348856735,0.0,0.0,0.6692140371593579,1.1428725172989243,10.85728891433978,1.1428725172989243,0.0,65.95218404797097,1.4285906466236553,0.28571812932473106,1.3706294229290212,126.19839566894842,8.857262009066663,"8a7558242b47fff,8a7558242b57fff,8a7558242b5ffff,8a7558242a77fff,8a7558242a67fff,8a7558242a6ffff,8a7558240697fff,8a7558242acffff,8a755824230ffff,8a7558242227fff,8a7558242237fff,8a7558242217fff,8a7558242387fff,8a7558242397fff,8a755824239ffff,8a755824274ffff,8a755824260ffff,8a755824261ffff,8a75582426f7fff,8a755824268ffff,8a7558251a47fff,8a755825132ffff"
71223800#6,-416409192#7,"71223800#6,71223800#7,1006827381,679068326#0,679068326#1,679068326#2,679068326#3,101411570,282689981#1,-120511301,120509990,120509991,282689983#0,101418595,526439431#1,42762429,1323419246,184568063,76867740,1323419243,-162276533#2,-162276533#1,-162276533#0,-1323419242#1,-1323419242#0,-162276528,162276631,-416409192#8,-416409192#7",4.918153557594643,3495.307675390991,39.652137931034474,12.390107827629896,49.96800000000001,0.5127719876252715,0.0,0.0,0.17824813220951347,0.17694502015209268,0.0,0.0,0.6448068476383937,1.1443913873912555,10.2995224865213,0.8582935405434415,0.28609784684781386,77.16068944943888,0.5721956936956277,0.0,1.368810283025407,106.64703840548745,8.296837558586601,"8a7558242b47fff,8a7558242b57fff,8a7558242b5ffff,8a7558242a2ffff,8a7558242a0ffff,8a7558242af7fff,8a7558242ac7fff,8a7558242acffff,8a755824230ffff,8a7558242307fff,8a7558242337fff,8a755824206ffff,8a7558242047fff,8a75582423b7fff,8a7558242397fff,8a755824274ffff,8a755824260ffff,8a755824261ffff,8a75582426f7fff,8a755824268ffff,8a7558251a47fff,8a755825132ffff"
71223800#6,-416409192#7,"71223800#6,71223800#7,1006827381,679068326#0,679068326#1,679068326#2,679068326#3,101411570,282689981#1,-120511301,120509990,120509991,282689983#0,101418595,526439431#1,42762429,1323419246,184568063,1323419245,16648700,1323419243,-162276533#2,-162276533#1,-162276533#0,-1323419242#1,-1323419242#0,-162276528,162276631,-416409192#8,-416409192#7",4.884960280283719,3488.9269077657104,39.33,12.301802491981578,49.96800000000001,0.5137097770901375,0.0,0.0,0.2463131543387891,0.17726862826595943,0.0,0.0,0.5764182173952513,0.5732421609487913,5.159179448539121,0.5732421609487913,0.28662108047439566,76.71774452906591,0.5732421609487913,0.0,1.3663114871681574,103.63375336583421,8.598632414231869,"8a7558242b47fff,8a7558242b57fff,8a7558242b5ffff,8a7558242a2ffff,8a7558242a0ffff,8a7558242af7fff,8a7558242ac7fff,8a7558242acffff,8a755824230ffff,8a7558242307fff,8a7558242337fff,8a755824206ffff,8a7558242047fff,8a75582423b7fff,8a7558242397fff,8a755824239ffff,8a755824274ffff,8a755824260ffff,8a755824261ffff,8a75582426f7fff,8a755824268ffff,8a7558251a47fff,8a755825132ffff"
71223800#6,-416409192#7,"71223800#6,71223800#7,1006827381,101749453,224715836,224715833,282689986,-352797377,-120511301,120509990,71324347#0,71324347#1,71324347#2,71324347#3,71324347#4,71324347#5,47374666,659281081#0,1323419244,76867740,1323419243,-162276533#2,-162276533#1,-162276533#0,-1323419242#1,-1323419242#0,-162276528,162276631,-416409192#8,-416409192#7",5.451345005001954,3472.604862701918,35.00160000000001,14.077328414253847,49.96800000000001,0.44036317245594,0.0,0.0,0.01709632750765899,0.17810183176977024,0.0,0.0,0.6926859186082043,1.1518730630607172,10.942794099076815,1.1518730630607172,0.0,64.78299964361983,1.1518730630607172,0.5759365315303586,1.3599195511218338,128.87521428739814,8.63904797295538,"8a7558242b47fff,8a7558242b57fff,8a7558242b5ffff,8a7558242a77fff,8a7558242a67fff,8a7558242a6ffff,8a7558240697fff,8a7558242acffff,8a755824230ffff,8a7558242307fff,8a7558242317fff,8a75582423affff,8a7558242387fff,8a7558242397fff,8a755824274ffff,8a755824260ffff,8a755824261ffff,8a75582426f7fff,8a755824268ffff,8a7558251a47fff,8a755825132ffff"
71223800#6,-416409192#7,"71223800#6,71223800#7,1006827381,679068326#0,679068326#1,679068326#2,679068326#3,101411570,282689981#1,-120511301,120509990,71324347#0,71324347#1,71324347#2,71324347#3,71324347#4,71324347#5,47374666,659281081#0,1323419244,1323419245,16648700,1323419243,-162276533#2,-162276533#1,-162276533#0,-1323419242#1,-1323419242#0,-162276528,162276631,-416409192#8,-416409192#7",4.665282142131825,3195.255554284169,35.31375,13.905271998592433,49.96800000000001,0.54422550709993,0.0,0.0,0.09254512269423686,0.19356113354707244,0.0,0.0,0.592046120084696,1.2518560509618195,11.892632484137286,1.2518560509618195,0.0,54.603424862366154,1.5648200637022744,0.6259280254809098,1.2513057692722196,99.6023296107289,10.014848407694556,"8a7558242b47fff,8a7558242b57fff,8a7558242b5ffff,8a7558242a2ffff,8a7558242a0ffff,8a7558242af7fff,8a7558242ac7fff,8a7558242acffff,8a755824230ffff,8a7558242307fff,8a7558242317fff,8a75582423affff,8a7558242387fff,8a7558242397fff,8a755824239ffff,8a755824274ffff,8a755824260ffff,8a755824261ffff,8a75582426f7fff,8a755824268ffff,8a7558251a47fff,8a755825132ffff"
71223800#6,-416409192#7,"71223800#6,71223800#7,1006827381,679068326#0,679068326#1,679068326#2,679068326#3,101411570,282689981#1,-120511301,120509990,71324347#0,71324347#1,71324347#2,71324347#3,71324347#4,71324347#5,47374666,659281081#0,1323419244,76867740,1323419243,-162276533#2,-162276533#1,-162276533#0,-1323419242#1,-1323419242#0,-162276528,162276631,-416409192#8,-416409192#7",4.698475419442749,3201.63632190945,35.48554838709677,14.100562283915515,49.96800000000001,0.5431408815686691,0.0,0.0,0.018543264777191724,0.19317537186452344,0.0,0.0,0.6666765784374102,1.249361138436363,11.868930815145447,1.249361138436363,0.0,53.81972360386608,1.249361138436363,0.6246805692181815,1.2538045651294691,103.030860659328,9.682548822881813,"8a7558242b47fff,8a7558242b57fff,8a7558242b5ffff,8a7558242a2ffff,8a7558242a0ffff,8a7558242af7fff,8a7558242ac7fff,8a7558242acffff,8a755824230ffff,8a7558242307fff,8a7558242317fff,8a75582423affff,8a7558242387fff,8a7558242397fff,8a755824274ffff,8a755824260ffff,8a755824261ffff,8a75582426f7fff,8a755824268ffff,8a7558251a47fff,8a755825132ffff"
526438862#1,-101752975#1,"526438862#1,526438862#2,1200809292,868087112,526439431#0,526439431#1,42762429,1323419246,184568063,76867740,1323419243,120511145,283490977#1,-173532317#3,-173532317#2,-173532317#1,-101765339#6,416382004,336860320,101752975#1,101752975#2,-101752975#2,-101752975#1",3.6896174740594576,2744.4397997367396,39.560869565217395,10.223250431800269,20.016000000000005,0.5783486119492839,0.0,0.0,0.4109882477612476,0.1395356550827934,0.0,0.20669655289515448,0.24277954426080442,1.0931192589058703,10.202446416454789,1.0931192589058703,0.36437308630195675,79.44133843236665,1.0931192589058703,0.36437308630195675,2.4147053940987644,89.55934119164117,8.380580984945006,"8a75582423a7fff,8a755824204ffff,8a755824206ffff,8a7558242047fff,8a75582423b7fff,8a7558242397fff,8a755824274ffff,8a7558242297fff,8a755824266ffff,8a755825c937fff,8a755825c90ffff,8a755825c977fff,8a755825c957fff,8a755825c877fff,8a755825c95ffff,8a755825c96ffff"
526438862#1,-101752975#1,"526438862#1,526438862#2,101418589,625955757,71324347#2,71324347#3,71324347#4,71324347#5,-47374665#1,-47374680#3,-47374680#2,101415865#0,101415865#1,101415865#2,-173532317#1,-173532317#0,47374679#0,101754278#0,101754278#1,-101752975#2,-101752975#1",3.84958177968993,1779.131102322761,31.906285714285715,14.701309306122562,39.99600000000001,0.30440810865558116,0.0,0.0,0.06233536666696779,0.1177284476433252,0.0,0.18667966101225592,0.34864045593434384,0.5620721253731333,14.613875259701468,1.1241442507462667,0.0,62.84494255329813,1.6862163761194002,0.0,1.5653750065859535,73.47711306631201,11.803514632835801,"8a75582423a7fff,8a755824204ffff,8a7558242317fff,8a75582423affff,8a7558242387fff,8a7558242217fff,8a75582422a7fff,8a755825c927fff,8a755825c90ffff,8a755825c977fff,8a755825c947fff,8a755825c96ffff,8a755825c95ffff,8a755825c877fff"
526438862#1,-101752975#1,"526438862#1,526438862#2,101418589,625955757,71324347#2,71324347#3,71324347#4,71324347#5,-47374665#1,-47374680#3,-47374680#2,101415865#0,101415865#1,101415865#2,-173532317#1,-173532317#0,47374679#0,47374679#1,101754282#1,101754278#1,-101752975#2,-101752975#1",3.851933591544981,1792.95499174687,32.72890909090909,14.8567918824678,39.99600000000001,0.3097712022270953,0.0,0.0,0.06185475381277902,0.13163694867757977,0.0,0.1781342535495156,0.3459523978772302,0.5577384845704929,14.501200598832817,1.1154769691409858,0.0,63.035374058856604,2.2309539382819716,0.0,1.5775380062491353,73.26892949964463,12.270246660550844,"8a75582423a7fff,8a755824204ffff,8a7558242317fff,8a75582423affff,8a7558242387fff,8a7558242217fff,8a75582422a7fff,8a755825c927fff,8a755825c90ffff,8a755825c977fff,8a755825c947fff,8a755825c96ffff,8a755825c95ffff,8a755825c877fff"
526438862#1,-101752975#1,"526438862#1,526438862#2,1200809292,868087112,526439431#0,526439431#1,42762429,1323419246,184568063,1323419245,16648700,1323419243,120511145,283490977#1,-173532317#3,-173532317#2,-173532317#1,-173532317#0,47374679#0,101754278#0,101754278#1,-101752975#2,-101752975#1",3.104181398981478,2262.8092732236432,39.5608695652174,10.223250431800269,20.016000000000005,0.5101984303674907,0.0,0.0,0.6029094222818416,0.2503139160665916,0.0,0.1467766616515667,0.0,0.4419285407008166,3.535428325606533,0.8838570814016332,0.4419285407008166,73.08204145242559,0.4419285407008166,0.4419285407008166,1.99094101404373,72.54838120252695,10.164356436118782,"8a75582423a7fff,8a755824204ffff,8a755824206ffff,8a7558242047fff,8a75582423b7fff,8a7558242397fff,8a755824239ffff,8a755824274ffff,8a7558242297fff,8a755824266ffff,8a755825c937fff,8a755825c90ffff,8a755825c977fff,8a755825c947fff,8a755825c96ffff,8a755825c95ffff,8a755825c877fff"
526438862#1,-101752975#1,"526438862#1,526438862#2,101418589,625955757,71324347#2,71324347#3,71324347#4,71324347#5,-47374665#1,-47374680#3,-47374680#2,101415865#0,101415865#1,101415865#2,-173532317#1,-101765339#6,416382004,336860320,101752975#1,101752975#2,-101752975#2,-101752975#1",4.401824577456985,2254.3808612105768,31.819090909090914,14.35283688868674,39.99600000000001,0.43219988246422075,0.0,0.0,0.049194344895361806,0.011528175241697624,0.0,0.25162839872994514,0.4630333966963467,0.44358077075894414,12.420261581250436,0.8871615415178883,0.0,71.42352940695137,2.217903853794721,0.0,1.983525244911687,90.15527447712876,9.75877695669677,"8a75582423a7fff,8a755824204ffff,8a7558242317fff,8a75582423affff,8a7558242387fff,8a7558242217fff,8a75582422a7fff,8a755825c927fff,8a755825c90ffff,8a755825c977fff,8a755825c957fff,8a755825c877fff,8a755825c95ffff,8a755825c96ffff"
526438862#1,-101752975#1,"526438862#1,526438862#2,1200809292,868087112,526439431#0,526439431#1,42762429,1323419246,184568063,76867740,1323419243,120511145,283490977#1,-173532317#3,-173532317#2,-173532317#1,-173532317#0,47374679#0,101754278#0,101754278#1,-101752975#2,-101752975#1",3.137374676292403,2269.1900408489237,39.99600000000001,10.243514575434688,20.016000000000005,0.5087637961727539,0.0,0.0,0.49706392328342075,0.2496100548196079,0.0,0.14636393827716712,0.10696208361980429,1.322057626728202,11.45783276497775,1.322057626728202,0.4406858755760673,74.09321702044444,0.4406858755760673,0.4406858755760673,1.9965551557730308,77.73224606900064,9.69508926267348,"8a75582423a7fff,8a755824204ffff,8a755824206ffff,8a7558242047fff,8a75582423b7fff,8a7558242397fff,8a755824274ffff,8a7558242297fff,8a755824266ffff,8a755825c937fff,8a755825c90ffff,8a755825c977fff,8a755825c947fff,8a755825c96ffff,8a755825c95ffff,8a755825c877fff"
526438862#1,-101752975#1,"526438862#1,526438862#2,1200809292,868087112,526439431#0,526439431#1,42762429,1323419246,184568063,1323419245,16648700,1323419243,120511145,283490977#1,-173532317#3,-173532317#2,-173532317#1,-101765339#6,416382004,336860320,101752975#1,101752975#2,-101752975#2,-101752975#1",3.656424196748533,2738.0590321114587,39.162,10.1876911921243,20.016000000000005,0.5796963944682043,0.0,0.0,0.49826136531512344,0.1398608287112955,0.0,0.20717823815376393,0.1546995678198171,0.36522222065783894,3.652222206578389,0.7304444413156779,0.36522222065783894,78.35567425846304,1.0956666619735167,0.36522222065783894,2.409091252369463,85.72748291084017,8.765333295788134,"8a75582423a7fff,8a755824204ffff,8a755824206ffff,8a7558242047fff,8a75582423b7fff,8a7558242397fff,8a755824239ffff,8a755824274ffff,8a7558242297fff,8a755824266ffff,8a755825c937fff,8a755825c90ffff,8a755825c977fff,8a755825c957fff,8a755825c877fff,8a755825c95ffff,8a755825c96ffff"
526438862#1,-101752975#1,"526438862#1,526438862#2,1200809292,868087112,526439431#0,526439431#1,42762429,1323419246,184568063,76867740,1323419243,120511145,283490977#1,-173532317#3,-173532317#2,-173532317#1,-173532317#0,47374679#0,47374679#1,101754282#1,101754278#1,-101752975#2,-101752975#1",3.139726488147454,2283.0139302730327,40.43113043478262,10.22325043180027,20.016000000000005,0.5117382830441567,0.0,0.0,0.4940541489578817,0.25973447819517625,0.0,0.13989695589133358,0.10631441695560849,1.3140524287739324,11.388454382707415,1.3140524287739324,0.4380174762579775,74.07817298631883,0.876034952515955,0.4380174762579775,2.008718155436213,78.18369797793899,10.074401953933481,"8a75582423a7fff,8a755824204ffff,8a755824206ffff,8a7558242047fff,8a75582423b7fff,8a7558242397fff,8a755824274ffff,8a7558242297fff,8a755824266ffff,8a755825c937fff,8a755825c90ffff,8a755825c977fff,8a755825c947fff,8a755825c96ffff,8a755825c95ffff,8a755825c877fff"
526438862#1,-101752975#1,"526438862#1,526438862#2,1200809292,868087112,526439431#0,526439431#1,42762429,1323419246,184568063,1323419245,16648700,1323419243,120511145,283490977#1,-173532317#3,-173532317#2,-173532317#1,-173532317#0,47374679#0,47374679#1,101754282#1,101754278#1,-101752975#2,-101752975#1",3.1065332108365293,2276.633162647752,39.996,10.22325043180027,20.016000000000005,0.5131725426880192,0.0,0.0,0.5992485104919578,0.26046244147745995,0.0,0.14028904803058212,0.0,0.439245117046871,3.513960936374968,0.878490234093742,0.439245117046871,73.09303155562026,0.878490234093742,0.439245117046871,2.003104013706912,73.01092110794272,10.541882809124905,"8a75582423a7fff,8a755824204ffff,8a755824206ffff,8a7558242047fff,8a75582423b7fff,8a7558242397fff,8a755824239ffff,8a755824274ffff,8a7558242297fff,8a755824266ffff,8a755825c937fff,8a755825c90ffff,8a755825c977fff,8a755825c947fff,8a755825c96ffff,8a755825c95ffff,8a755825c877fff"
-101752975#1,101606547#1,"-101752975#1,-336860320,-416382004,101765339#6,173532317#1,173532317#2,173532317#3,-283490977#1,-283490977#0,-162276533#2,100488715#0,100488715#1,100488715#2,101605951#0,101605951#1,-101606546,101606547#1",2.4855843849418817,2076.2540572713506,45.29435294117647,8.751742119009627,20.016000000000005,0.8074042819922964,0.0,0.0,0.1232707996176948,0.35382311800054006,0.0,0.031175719391850317,0.4917303629899148,0.0,9.151095904404944,1.4449098796428856,0.0,142.4111872314814,2.408183132738143,0.48163662654762857,1.7921773748018184,100.74511893943142,8.187822651309686,"8a755825c95ffff,8a755825c877fff,8a755825c957fff,8a755825c977fff,8a755825c90ffff,8a755825c937fff,8a755824266ffff,8a7558242297fff,8a755824274ffff,8a755824260ffff,8a755824262ffff,8a755824270ffff,8a7558242707fff,8a755824271ffff"
-100468681#0,101417074,"-100468681#0,100468681#0,100468681#1,100468681#2,-101600741#4,101601553#0,101601553#1,-100525438#0,100468681#7,100468681#8,282479126,133906980,133906979,282479125#0,282479125#1,120511930,42762428#1,42762428#4,71324344,463830226#0,463830226#1,-679068326#3,-679068326#2,-679068326#1,-679068326#0,-1006827381,101417074",3.583911260688581,2598.995188149112,36.660000000000004,9.615375379687876,20.016000000000005,0.40991452715891047,0.0,0.0,0.0566840342230507,0.4710478552915859,0.0,0.0,0.4722681104853635,0.0,10.003866155102825,0.7695281657771404,0.0,74.36330833116253,1.539056331554281,0.0,2.14079028811729,93.93095383410312,10.388630237991396,"8a7558242c0ffff,8a7558242c1ffff,8a755824288ffff,8a7558242127fff,8a755824212ffff,8a75582428dffff,8a7558242177fff,8a7558242167fff,8a7558242147fff,8a755824214ffff,8a7558242a97fff,8a7558242a87fff,8a7558242aa7fff,8a7558242aaffff,8a7558242af7fff,8a7558242a0ffff,8a7558242a2ffff,8a7558242b5ffff,8a7558242b0ffff"
-100468681#0,101417074,"-100468681#0,100468681#0,100468681#1,100468681#2,100468681#3,100468681#4,100468681#5,100468681#6,100468681#7,100468681#8,282479126,133906980,133906979,282479125#0,282479125#1,120511930,42762428#1,1164653913,463830226#0,-416376586,71223791#1,-679068326#3,-679068326#2,-679068326#1,-679068326#0,-1006827381,101417074",3.5315692727775057,2712.196073438086,41.108,10.135495585773338,20.016000000000005,0.5590770465199748,0.0,0.0,0.04515558109768309,0.5258559453034549,0.0,0.0,0.42898847359886205,0.0,3.6870490662290534,0.36870490662290534,0.0,72.3217769382632,0.7374098132458107,0.0,2.2340337681121483,97.62808917997481,9.955032478818444,"8a7558242c0ffff,8a7558242c1ffff,8a755824288ffff,8a75582428d7fff,8a75582428dffff,8a7558242177fff,8a7558242167fff,8a7558242147fff,8a755824214ffff,8a7558242a97fff,8a7558242a87fff,8a7558242aa7fff,8a7558242aaffff,8a7558242327fff,8a7558242af7fff,8a7558242a0ffff,8a7558242a2ffff,8a7558242b5ffff,8a7558242b0ffff"
-100468681#0,101417074,"-100468681#0,100468681#0,100468681#1,100468681#2,100468681#3,100468681#4,100468681#5,100468681#6,100468681#7,100468681#8,282479126,133906980,133906979,282479125#0,282479125#1,120511930,42762428#1,42762428#4,71324344,463830226#0,-416376586,71223791#1,-679068326#3,-679068326#2,-679068326#1,-679068326#0,-1006827381,101417074",3.540128506406162,2722.880743308376,39.996,10.191648345581791,20.016000000000005,0.5468408300031906,0.0,0.0,0.05410502555157395,0.5237924699974926,0.0,0.0,0.42210250445093334,0.0,3.672580969466081,0.3672580969466081,0.0,72.02660799464255,0.7345161938932162,0.0,2.2428347222633356,97.28005094271361,10.283226714505027,"8a7558242c0ffff,8a7558242c1ffff,8a755824288ffff,8a75582428d7fff,8a75582428dffff,8a7558242177fff,8a7558242167fff,8a7558242147fff,8a755824214ffff,8a7558242a97fff,8a7558242a87fff,8a7558242aa7fff,8a7558242aaffff,8a7558242327fff,8a7558242af7fff,8a7558242a0ffff,8a7558242a2ffff,8a7558242b5ffff,8a7558242b0ffff"
-100468681#0,101417074,"-100468681#0,100468681#0,100468681#1,100468681#2,-101600741#4,101601553#0,101601553#1,-100525438#0,100468681#7,100468681#8,282479126,133906980,133906979,282479125#0,282479125#1,120511930,42762428#1,1164653913,463830226#0,71324343#0,71324343#1,101415864#0,101415864#1,-679068326#1,-679068326#0,-1006827381,101417074",3.4886716673710523,2607.830891173161,38.884,10.135495585773338,20.016000000000005,0.47493652405711084,0.0,0.0,0.04696270381698574,0.46945187797052607,0.0,0.0,0.4835854182124881,0.0,9.969971629680181,0.7669208945907832,0.0,74.02219542929333,1.5338417891815663,0.0,2.1480682497344654,92.42272067480441,10.353432076975574,"8a7558242c0ffff,8a7558242c1ffff,8a755824288ffff,8a7558242127fff,8a755824212ffff,8a75582428dffff,8a7558242177fff,8a7558242167fff,8a7558242147fff,8a755824214ffff,8a7558242a97fff,8a7558242a87fff,8a7558242aa7fff,8a7558242aaffff,8a7558242a1ffff,8a7558242a07fff,8a7558242a0ffff,8a7558242a2ffff,8a7558242b5ffff,8a7558242b0ffff"
-100468681#0,101417074,"-100468681#0,100468681#0,100468681#1,100468681#2,100468681#3,100468681#4,100468681#5,100468681#6,100468681#7,100468681#8,282479126,133906980,133906979,282479125#0,282479125#1,120511930,42762428#1,42762428#4,71324344,463830226#0,71324343#0,-416375814,-679068326#2,-679068326#1,-679068326#0,-1006827381,101417074",3.0350073938862803,2430.5695390259934,40.36666666666667,10.191648345581791,20.016000000000005,0.5822366501345154,0.0,0.0,0.06061193881728016,0.5867861038930146,0.0,0.0,0.3526019572897052,0.0,4.114262044116343,0.41142620441163424,0.0,71.01671279102626,0.8228524088232685,0.0,2.0020582136768597,93.78051553205871,11.108507519114125,"8a7558242c0ffff,8a7558242c1ffff,8a755824288ffff,8a75582428d7fff,8a75582428dffff,8a7558242177fff,8a7558242167fff,8a7558242147fff,8a755824214ffff,8a7558242a97fff,8a7558242a87fff,8a7558242aa7fff,8a7558242aaffff,8a7558242a1ffff,8a7558242a0ffff,8a7558242a2ffff,8a7558242b5ffff,8a7558242b0ffff"
-100468681#0,101417074,"-100468681#0,100468681#0,100468681#1,100468681#2,100468681#3,100468681#4,100468681#5,100468681#6,100468681#7,100468681#8,282479126,133906980,133906979,282479125#0,282479125#1,120511930,42762428#1,1164653913,463830226#0,463830226#1,-679068326#3,-679068326#2,-679068326#1,-679068326#0,-1006827381,101417074",3.0789445223733845,2391.0315876019627,40.765846153846155,10.175956806874954,20.016000000000005,0.5414748244052253,0.0,0.0,0.0512208999588252,0.596489162853974,0.0,0.0,0.35228993718720064,0.0,4.18229522849144,0.418229522849144,0.0,70.55083642210734,0.836459045698288,0.0,1.9694908342501602,94.0130299310993,10.873967594077744,"8a7558242c0ffff,8a7558242c1ffff,8a755824288ffff,8a75582428d7fff,8a75582428dffff,8a7558242177fff,8a7558242167fff,8a7558242147fff,8a755824214ffff,8a7558242a97fff,8a7558242a87fff,8a7558242aa7fff,8a7558242aaffff,8a7558242af7fff,8a7558242a0ffff,8a7558242a2ffff,8a7558242b5ffff,8a7558242b0ffff"
-100468681#0,101417074,"-100468681#0,100468681#0,100468681#1,100468681#2,-101600741#4,101601553#0,101601553#1,-100525438#0,100468681#7,100468681#8,282479126,133906980,133906979,282479125#0,282479125#1,120511930,42762428#1,1164653913,463830226#0,-416376586,71223791#1,-679068326#3,-679068326#2,-679068326#1,-679068326#0,-1006827381,101417074",4.027976777464045,2909.4750041149455,38.14266666666667,10.022246270556934,20.016000000000005,0.4517492838765076,0.0,0.0,0.04209377622208046,0.42078076201352516,0.0,0.0,0.5371254617643945,0.0,8.936320113844433,0.6874092395264948,0.0,76.27607460908752,1.3748184790529896,0.0,2.396532267828091,97.15605790571298,9.28002473360768,"8a7558242c0ffff,8a7558242c1ffff,8a755824288ffff,8a7558242127fff,8a755824212ffff,8a75582428dffff,8a7558242177fff,8a7558242167fff,8a7558242147fff,8a755824214ffff,8a7558242a97fff,8a7558242a87fff,8a7558242aa7fff,8a7558242aaffff,8a7558242327fff,8a7558242af7fff,8a7558242a0ffff,8a7558242a2ffff,8a7558242b5ffff,8a7558242b0ffff"
-100468681#0,101417074,"-100468681#0,100468681#0,100468681#1,100468681#2,100468681#3,100468681#4,100468681#5,100468681#6,100468681#7,100468681#8,282479126,133906980,133906979,282479125#0,282479125#1,120511930,42762428#1,42762428#4,71324344,463830226#0,463830226#1,-679068326#3,-679068326#2,-679068326#1,-679068326#0,-1006827381,101417074",3.087503756002041,2401.7162574722524,39.62533333333334,10.191648345581791,20.016000000000005,0.5276806535537976,0.0,0.0,0.061340106989008214,0.5938355230801367,0.0,0.0,0.3448243699308552,0.0,4.163689182220366,0.4163689182220366,0.0,70.3021149050274,0.8327378364440732,0.0,1.9782917884013471,93.49044691626435,11.241960791994988,"8a7558242c0ffff,8a7558242c1ffff,8a755824288ffff,8a75582428d7fff,8a75582428dffff,8a7558242177fff,8a7558242167fff,8a7558242147fff,8a755824214ffff,8a7558242a97fff,8a7558242a87fff,8a7558242aa7fff,8a7558242aaffff,8a7558242af7fff,8a7558242a0ffff,8a7558242a2ffff,8a7558242b5ffff,8a7558242b0ffff"
-100468681#0,101417074,"-100468681#0,100468681#0,100468681#1,100468681#2,-101600741#4,101601553#0,101601553#1,-100525438#0,100468681#7,100468681#8,282479126,133906980,133906979,282479125#0,282479125#1,120511930,42762428#1,42762428#4,71324344,463830226#0,71324343#0,-416375814,-679068326#2,-679068326#1,-679068326#0,-1006827381,101417074",3.5314148985728204,2627.8484697028525,37.40133333333334,9.849931198510204,20.016000000000005,0.4616679232282214,0.0,0.0,0.05606165419699673,0.4658758385064816,0.0,0.0,0.47806250729652183,0.0,9.89402558776153,0.7610788913662715,0.0,75.03870564126375,1.522157782732543,0.0,2.164556713392802,94.133567769703,10.274565033444665,"8a7558242c0ffff,8a7558242c1ffff,8a755824288ffff,8a7558242127fff,8a755824212ffff,8a75582428dffff,8a7558242177fff,8a7558242167fff,8a7558242147fff,8a755824214ffff,8a7558242a97fff,8a7558242a87fff,8a7558242aa7fff,8a7558242aaffff,8a7558242a1ffff,8a7558242a0ffff,8a7558242a2ffff,8a7558242b5ffff,8a7558242b0ffff"
-100468681#0,101417074,"-100468681#0,100468681#0,100468681#1,100468681#2,-101600741#4,101601553#0,101601553#1,-100525438#0,100468681#7,100468681#8,282479126,133906980,133906979,282479125#0,282479125#1,120511930,42762428#1,1164653913,463830226#0,463830226#1,-679068326#3,-679068326#2,-679068326#1,-679068326#0,-1006827381,101417074",3.575352027059924,2588.3105182788217,37.68646153846154,9.93071699015039,20.016000000000005,0.4221711732699829,0.0,0.0,0.047316884462684915,0.47299236341429973,0.0,0.0,0.47969075212301543,0.0,10.045162594049772,0.7727048149269057,0.0,74.75620235937131,1.5454096298538114,0.0,2.1319893339661027,94.20501865769495,10.045162594049772,"8a7558242c0ffff,8a7558242c1ffff,8a755824288ffff,8a7558242127fff,8a755824212ffff,8a75582428dffff,8a7558242177fff,8a7558242167fff,8a7558242147fff,8a755824214ffff,8a7558242a97fff,8a7558242a87fff,8a7558242aa7fff,8a7558242aaffff,8a7558242af7fff,8a7558242a0ffff,8a7558242a2ffff,8a7558242b5ffff,8a7558242b0ffff"
-100468681#0,101417074,"-100468681#0,100468681#0,100468681#1,100468681#2,-101600741#4,101601553#0,101601553#1,-100525438#0,100468681#7,100468681#8,282479126,133906980,133906979,282479125#0,282479125#1,120511930,42762428#1,42762428#4,71324344,463830226#0,-416376586,71223791#1,-679068326#3,-679068326#2,-679068326#1,-679068326#0,-1006827381,101417074",4.036536011092702,2920.159673985236,37.13657142857143,9.766807930068923,20.016000000000005,0.4407324217167625,0.0,0.0,0.050449820776250195,0.4192411532140693,0.0,0.0,0.5303090260096803,0.0,8.903622713382985,0.6848940548756143,0.0,75.85261810671865,1.3697881097512286,0.0,2.4053332219792787,97.07536095546178,9.5885167682586,"8a7558242c0ffff,8a7558242c1ffff,8a755824288ffff,8a7558242127fff,8a755824212ffff,8a75582428dffff,8a7558242177fff,8a7558242167fff,8a7558242147fff,8a755824214ffff,8a7558242a97fff,8a7558242a87fff,8a7558242aa7fff,8a7558242aaffff,8a7558242327fff,8a7558242af7fff,8a7558242a0ffff,8a7558242a2ffff,8a7558242b5ffff,8a7558242b0ffff"
-100468681#0,101417074,"-100468681#0,100468681#0,100468681#1,100468681#2,100468681#3,100468681#4,100468681#5,100468681#6,100468681#7,100468681#8,282479126,133906980,133906979,282479125#0,282479125#1,120511930,42762428#1,42762428#4,71324344,463830226#0,71324343#0,71324343#1,101415864#0,101415864#1,-679068326#1,-679068326#0,-1006827381,101417074",3.000823396313169,2421.2366303665917,40.710857142857144,10.165615995670338,20.016000000000005,0.5836617690165642,0.0,0.0,0.060845573845577774,0.5890479320190043,0.0,0.0,0.3501064941354178,0.0,4.13012089548882,0.41301208954888197,0.0,69.71588476910472,0.8260241790977639,0.0,1.9943707041697099,91.48151189886576,11.564338507368694,"8a7558242c0ffff,8a7558242c1ffff,8a755824288ffff,8a75582428d7fff,8a75582428dffff,8a7558242177fff,8a7558242167fff,8a7558242147fff,8a755824214ffff,8a7558242a97fff,8a7558242a87fff,8a7558242aa7fff,8a7558242aaffff,8a7558242a1ffff,8a7558242a07fff,8a7558242a0ffff,8a7558242a2ffff,8a7558242b5ffff,8a7558242b0ffff"
-100468681#0,101417074,"-100468681#0,100468681#0,100468681#1,100468681#2,-101600741#4,101601553#0,101601553#1,-100525438#0,100468681#7,100468681#8,282479126,133906980,133906979,282479125#0,282479125#1,120511930,42762428#1,1164653913,463830226#0,71324343#0,-416375814,-679068326#2,-679068326#1,-679068326#0,-1006827381,101417074",3.522855664944164,2617.1637998325627,38.456307692307696,10.084690776694073,20.016000000000005,0.4740007294522116,0.0,0.0,0.04679523297501914,0.46777779417899423,0.0,0.0,0.48542697284598674,0.0,9.934418320192032,0.7641860246301563,0.0,75.46311749288601,1.5283720492603126,0.0,2.155755759241615,94.37462337727,9.934418320192032,"8a7558242c0ffff,8a7558242c1ffff,8a755824288ffff,8a7558242127fff,8a755824212ffff,8a75582428dffff,8a7558242177fff,8a7558242167fff,8a7558242147fff,8a755824214ffff,8a7558242a97fff,8a7558242a87fff,8a7558242aa7fff,8a7558242aaffff,8a7558242a1ffff,8a7558242a0ffff,8a7558242a2ffff,8a7558242b5ffff,8a7558242b0ffff"
-100468681#0,101417074,"-100468681#0,100468681#0,100468681#1,100468681#2,-101600741#4,101601553#0,101601553#1,-100525438#0,100468681#7,100468681#8,282479126,133906980,133906979,282479125#0,282479125#1,120511930,42762428#1,42762428#4,71324344,463830226#0,71324343#0,71324343#1,101415864#0,101416507,101416508#2,-679068326#0,-1006827381,101417074",3.370384064352883,2589.6482802310234,38.56628571428571,10.087115855670257,20.016000000000005,0.5054153779170867,0.0,0.0,0.05688862588607815,0.4727480247555375,0.0,0.0,0.4703633493583845,0.0,10.039973458357261,0.7723056506428663,0.0,72.83287666451568,1.5446113012857325,0.0,2.133091247431793,92.85211635813276,10.812279109000128,"8a7558242c0ffff,8a7558242c1ffff,8a755824288ffff,8a7558242127fff,8a755824212ffff,8a75582428dffff,8a7558242177fff,8a7558242167fff,8a7558242147fff,8a755824214ffff,8a7558242a97fff,8a7558242a87fff,8a7558242aa7fff,8a7558242aaffff,8a7558242a1ffff,8a7558242a07fff,8a7558242a0ffff,8a7558242a2ffff,8a7558242b5ffff,8a7558242b0ffff"
-100468681#0,101417074,"-100468681#0,100468681#0,100468681#1,100468681#2,100468681#3,100468681#4,100468681#5,100468681#6,100468681#7,100468681#8,282479126,133906980,133906979,282479125#0,282479125#1,120511930,42762428#1,1164653913,463830226#0,71324343#0,-416375814,-679068326#2,-679068326#1,-679068326#0,-1006827381,101417074",3.026448160257624,2419.8848691557037,41.5356923076923,10.084690776694075,20.016000000000005,0.5961072319424683,0.0,0.0,0.05061017212347012,0.5893769774855909,0.0,0.0,0.36001285039093883,0.0,4.132428004101284,0.41324280041012834,0.0,71.30006788877951,0.8264856008202567,0.0,1.9932572595256728,94.2759146600904,10.744312810663338,"8a7558242c0ffff,8a7558242c1ffff,8a755824288ffff,8a75582428d7fff,8a75582428dffff,8a7558242177fff,8a7558242167fff,8a7558242147fff,8a755824214ffff,8a7558242a97fff,8a7558242a87fff,8a7558242aa7fff,8a7558242aaffff,8a7558242a1ffff,8a7558242a0ffff,8a7558242a2ffff,8a7558242b5ffff,8a7558242b0ffff"
-100468681#0,101417074,"-100468681#0,100468681#0,100468681#1,100468681#2,100468681#3,100468681#4,100468681#5,100468681#6,100468681#7,100468681#8,282479126,133906980,133906979,282479125#0,282479125#1,120511930,42762428#1,1164653913,463830226#0,71324343#0,71324343#1,101415864#0,101416507,101416508#2,-679068326#0,-1006827381,101417074",2.8654173260376865,2381.684679683874,42.59066666666667,9.849931198510205,20.016000000000005,0.6458309123587062,0.0,0.0,0.05142191608807213,0.5988300811656599,0.0,0.0,0.3497480027462679,0.0,4.198708622220856,0.41987086222208564,0.0,69.02945201119016,0.8397417244441713,0.0,1.9617917935646634,92.70978974185326,11.336513279996312,"8a7558242c0ffff,8a7558242c1ffff,8a755824288ffff,8a75582428d7fff,8a75582428dffff,8a7558242177fff,8a7558242167fff,8a7558242147fff,8a755824214ffff,8a7558242a97fff,8a7558242a87fff,8a7558242aa7fff,8a7558242aaffff,8a7558242a1ffff,8a7558242a07fff,8a7558242a0ffff,8a7558242a2ffff,8a7558242b5ffff,8a7558242b0ffff"
-100468681#0,101417074,"-100468681#0,100468681#0,100468681#1,100468681#2,100468681#3,100468681#4,100468681#5,100468681#6,100468681#7,100468681#8,282479126,133906980,133906979,282479125#0,282479125#1,120511930,42762428#1,42762428#4,71324344,463830226#0,71324343#0,71324343#1,101415864#0,101416507,101416508#2,-679068326#0,-1006827381,101417074",2.873976559666343,2392.369349554164,41.425714285714285,10.087115855670257,20.016000000000005,0.6315167786538318,0.0,0.0,0.06157976075811322,0.5961556188269553,0.0,0.0,0.3422646204149316,0.0,4.179956578136054,0.4179956578136054,0.0,68.83961233745967,0.8359913156272109,0.0,1.9705927477158502,92.13470347098668,11.70387841878095,"8a7558242c0ffff,8a7558242c1ffff,8a755824288ffff,8a75582428d7fff,8a75582428dffff,8a7558242177fff,8a7558242167fff,8a7558242147fff,8a755824214ffff,8a7558242a97fff,8a7558242a87fff,8a7558242aa7fff,8a7558242aaffff,8a7558242a1ffff,8a7558242a07fff,8a7558242a0ffff,8a7558242a2ffff,8a7558242b5ffff,8a7558242b0ffff"
-100468681#0,101417074,"-100468681#0,100468681#0,100468681#1,100468681#2,100468681#3,100468681#4,100468681#5,100468681#6,100468681#7,100468681#8,282479126,133906980,133906979,282479125#0,282479125#1,120511930,42762428#1,1164653913,463830226#0,71324343#0,71324343#1,101415864#0,101415864#1,-679068326#1,-679068326#0,-1006827381,101417074",2.992264162684513,2410.551960496301,41.849333333333334,10.022246270556932,20.016000000000005,0.5975923701894669,0.0,0.0,0.05080611899431365,0.5916588621273537,0.0,0.0,0.3575350188783327,0.0,4.148427482119544,0.4148427482119544,0.0,69.94129817283734,0.8296854964239088,0.0,1.985569750018522,92.00198348212841,11.200754201722768,"8a7558242c0ffff,8a7558242c1ffff,8a755824288ffff,8a75582428d7fff,8a75582428dffff,8a7558242177fff,8a7558242167fff,8a7558242147fff,8a755824214ffff,8a7558242a97fff,8a7558242a87fff,8a7558242aa7fff,8a7558242aaffff,8a7558242a1ffff,8a7558242a07fff,8a7558242a0ffff,8a7558242a2ffff,8a7558242b5ffff,8a7558242b0ffff"
-100468681#0,101417074,"-100468681#0,100468681#0,100468681#1,100468681#2,-101600741#4,101601553#0,101601553#1,-100525438#0,100468681#7,100468681#8,282479126,133906980,133906979,282479125#0,282479125#1,120511930,42762428#1,1164653913,463830226#0,71324343#0,71324343#1,101415864#0,101416507,101416508#2,-679068326#0,-1006827381,101417074",3.361824830724226,2578.9636103607336,39.62533333333334,10.191648345581791,20.016000000000005,0.518112106548404,0.0,0.0,0.047488374498553115,0.4747066241541688,0.0,0.0,0.4778050013472781,0.0,10.081569160397436,0.775505320030572,0.0,73.1615314694123,1.551010640061144,0.0,2.124290293280606,93.21439937322658,10.469321820412722,"8a7558242c0ffff,8a7558242c1ffff,8a755824288ffff,8a7558242127fff,8a755824212ffff,8a75582428dffff,8a7558242177fff,8a7558242167fff,8a7558242147fff,8a755824214ffff,8a7558242a97fff,8a7558242a87fff,8a7558242aa7fff,8a7558242aaffff,8a7558242a1ffff,8a7558242a07fff,8a7558242a0ffff,8a7558242a2ffff,8a7558242b5ffff,8a7558242b0ffff"
-100468681#0,101417074,"-100468681#0,100468681#0,100468681#1,100468681#2,-101600741#4,101601553#0,101601553#1,-100525438#0,100468681#7,100468681#8,282479126,133906980,133906979,282479125#0,282479125#1,120511930,42762428#1,42762428#4,71324344,463830226#0,71324343#0,71324343#1,101415864#0,101415864#1,-679068326#1,-679068326#0,-1006827381,101417074",3.497230900999709,2618.515561043451,37.85142857142858,9.954906787251058,20.016000000000005,0.4625559428218572,0.0,0.0,0.056261469048471985,0.4675363123688827,0.0,0.0,0.4762022185826454,0.0,9.929289856745887,0.7637915274419913,0.0,73.66138220235638,1.5275830548839826,0.0,2.1568692038856523,92.1222723240326,10.693081384187877,"8a7558242c0ffff,8a7558242c1ffff,8a755824288ffff,8a7558242127fff,8a755824212ffff,8a75582428dffff,8a7558242177fff,8a7558242167fff,8a7558242147fff,8a755824214ffff,8a7558242a97fff,8a7558242a87fff,8a7558242aa7fff,8a7558242aaffff,8a7558242a1ffff,8a7558242a07fff,8a7558242a0ffff,8a7558242a2ffff,8a7558242b5ffff,8a7558242b0ffff"
-101601559,-100468681#0,"-101601559,101601559,659278036#3,101600741#0,101600741#1,101600741#2,101600741#3,101600741#4,-100468681#2,-100468681#1,-100468681#0",1.690805350217841,1354.6869714484415,39.08618181818183,10.453015084827747,20.016000000000005,0.6304092638138715,0.0,0.0,0.0,0.4627600616240752,0.0,0.0,0.5372399383759249,0.0,5.90542329601527,0.0,0.0,116.4413383761029,0.7381779120019087,0.0,3.3756617253533396,125.16935363147911,8.119957032020997,"8a75582421b7fff,8a7558242197fff,8a75582421a7fff,8a7558242137fff,8a7558242127fff,8a755824288ffff,8a7558242c0ffff,8a7558242c1ffff"
416409192#0,101606547#1,"416409192#0,416409192#1,416409192#2,416409192#3,416409192#4,416409192#5,416409192#6,416409192#7,416409192#8,-162276631,162276528,1323419242#0,1323419242#1,162276533#0,162276533#1,100488715#0,100488715#1,100488715#2,101605951#0,101605951#1,-101606546,101606547#1",2.2760402699863507,1967.3775444950154,48.182727272727284,8.530467559238522,39.99600000000001,0.8183423957566257,0.0,0.0,0.0,0.13561088403844704,0.0,0.0,0.864389115961553,0.0,8.132653564523054,0.5082908477826908,0.0,92.42486047067938,0.5082908477826908,0.5082908477826908,1.3554394130688205,97.8648194406114,11.182398651219199,"8a755825138ffff,8a75582513affff,8a755825131ffff,8a755825130ffff,8a7558251307fff,8a755825132ffff,8a7558251a47fff,8a755824268ffff,8a75582426f7fff,8a755824261ffff,8a755824260ffff,8a755824262ffff,8a755824270ffff,8a7558242707fff,8a755824271ffff"
336863927#3,-619184994,"336863927#3,-336863927#3,101608827,101609498#2,101608828,-101607966#0,101607969#1,100468681#4,100468681#5,100468681#6,100468681#7,100468681#8,282479126,133906980,133906979,282479125#0,282479125#1,619184994,-619184994",2.1538431931447883,1630.420403679822,39.469263157894744,10.267991347668225,20.016000000000005,0.3457075677390093,0.0,0.0,0.0,0.3443228076534935,0.0,0.0,0.6556771923465067,0.0,9.813419878632752,0.613338742414547,0.0,53.29357715758529,1.226677484829094,0.613338742414547,2.03986827905282,64.86233421903479,11.653436105876391,"8a7558242817fff,8a75582428b7fff,8a755824281ffff,8a75582428f7fff,8a75582428d7fff,8a75582428dffff,8a7558242177fff,8a7558242167fff,8a7558242147fff,8a755824214ffff,8a7558242a97fff,8a7558242ab7fff"
336863927#3,-619184994,"336863927#3,101609498#0,101609498#1,101609498#2,101608828,-101607966#0,101607969#1,100468681#4,100468681#5,100468681#6,100468681#7,100468681#8,282479126,133906980,133906979,282479125#0,282479125#1,619184994,-619184994",2.1199496357218197,1608.942441829124,39.469263157894744,10.267991347668225,20.016000000000005,0.35032245871233386,0.0,0.0,0.0,0.34891921330160325,0.0,0.0,0.6510807866983968,0.0,9.944420374547658,0.6215262734092286,0.0,53.006834836612875,1.2430525468184572,0.6215262734092286,2.012996551381195,62.52864523253432,11.808999194775344,"8a7558242817fff,8a75582428b7fff,8a75582428affff,8a755824281ffff,8a75582428f7fff,8a75582428d7fff,8a75582428dffff,8a7558242177fff,8a7558242167fff,8a7558242147fff,8a755824214ffff,8a7558242a97fff,8a7558242ab7fff"
101607964#0,-101600741#2,"101607964#0,101607964#1,101607969#0,101607969#1,-100468681#3,-101600741#4,-101600741#3,-101600741#2",0.9993202032432842,639.1328579196934,32.49,7.076724666114969,20.016000000000005,0.08989562819911195,0.0,0.0,0.0,0.08989562819911195,0.0,0.0,0.9101043718008881,0.0,25.03391869427309,1.5646199183920682,0.0,37.69069067105385,3.1292398367841363,1.5646199183920682,1.1602783139793909,51.35934287792165,12.516959347136545,"8a7558242877fff,8a75582428e7fff,8a75582428f7fff,8a75582428d7fff,8a755824288ffff,8a7558242127fff,8a7558242137fff"
-101604513#1,101606547#1,"-101604513#1,-101604503,659278038#2,659278038#3,100475365#0,100475365#1,282479151#3,282479151#4,100488713,-100488715#7,-100488715#6,-100488715#5,120829754,-101605951#4,-101605951#3,-101605951#2,-101606546,101606547#1",2.316300395571937,1163.256765989988,42.22200000000001,12.157810038867055,39.99600000000001,0.4028183285557135,0.0,0.0,0.0,0.0,0.0,0.0,0.8462986957105869,0.0,1.7193108679646518,0.8596554339823259,0.0,57.71486842257784,1.7193108679646518,0.0,1.6651868983076783,63.952666752933176,15.473797811681866,"8a7558242007fff,8a7558242037fff,8a755824200ffff,8a75582420e7fff,8a75582420c7fff,8a75582420dffff,8a755824208ffff,8a7558242707fff,8a755824271ffff"
-101604513#1,101606547#1,"-101604513#1,-101604503,659278038#2,659278038#3,100475365#0,100475365#1,282479151#3,282479151#4,100488713,-100488715#7,-101605219,-100488715#5,120829754,-101605951#4,-101605951#3,-101605951#2,-101606546,101606547#1",2.421401874608476,1348.2994652870627,43.33400000000001,11.885336591041627,39.99600000000001,0.6076855328481074,0.0,0.0,0.0,0.0,0.0,0.0,0.8673928999014481,0.0,1.483349991223341,0.7416749956116705,0.0,57.71486842257784,1.483349991223341,0.0,1.930073110454265,90.51505085402327,13.35014992101007,"8a7558242007fff,8a7558242037fff,8a755824200ffff,8a75582420e7fff,8a75582420c7fff,8a75582420dffff,8a755824208ffff,8a7558242707fff,8a755824271ffff"
-101604513#1,101606547#1,"-101604513#1,-101604503,659278038#2,659278038#3,100475365#0,100475365#1,282479151#3,282479151#4,100488713,-100488715#7,-101605219,-100488715#5,-100488715#4,-100488715#3,101605951#0,101605951#1,-101606546,101606547#1",1.7037992158706534,1295.195380491435,43.33200000000001,9.709186141454484,20.016000000000005,0.5735703454117256,0.0,0.0,0.0,0.0,0.0,0.0,1.0,0.0,0.0,0.0,0.0,62.235062471006366,0.0,0.0,1.8540553052424957,85.45357377078669,13.897517139977966,"8a7558242007fff,8a7558242037fff,8a755824200ffff,8a75582420e7fff,8a75582420c7fff,8a75582420dffff,8a755824270ffff,8a7558242707fff,8a755824271ffff"
-101604513#1,101606547#1,"-101604513#1,-101604503,659278038#2,659278038#3,100475365#0,100475365#1,282479151#3,282479151#4,100488713,-100488715#7,-100488715#6,-100488715#5,-100488715#4,-100488715#3,101605951#0,101605951#1,-101606546,101606547#1",1.5986977368341146,1110.1526811943597,42.22,10.04065261530228,20.016000000000005,0.3532169363386127,0.0,0.0,0.0,0.0,0.0,0.0,1.0,0.0,0.0,0.0,0.0,62.235062471006366,0.0,0.0,1.5891690930959086,55.99157777837562,16.213985972303078,"8a7558242007fff,8a7558242037fff,8a755824200ffff,8a75582420e7fff,8a75582420c7fff,8a75582420dffff,8a755824270ffff,8a7558242707fff,8a755824271ffff"
-101605951#3,526438862#2,"-101605951#3,-101605951#2,-101605951#1,-101605951#0,100488715#3,101418592,101418584#2,101418584#3,101418584#4,416373452,-100525445,526438862#0,526438862#1,526438862#2",1.304434329527347,993.0498921093726,38.56628571428572,10.279268661718124,20.016000000000005,0.48887414873142493,0.0,0.0,0.11277326822195557,0.0,0.0,0.0,0.8872267317780443,1.0069987499579345,9.062988749621411,0.0,0.0,59.29826086488297,1.0069987499579345,0.0,2.1895834563167647,57.64606643046663,14.097982499411083,"8a755824208ffff,8a7558242707fff,8a755824270ffff,8a75582420dffff,8a75582420cffff,8a75582420effff,8a75582423b7fff,8a75582423a7fff,8a755824204ffff"
-101605951#3,526438862#2,"-101605951#3,101605951#3,101605951#4,-120829754,-100488715#4,101418592,101418584#2,101418584#3,101418584#4,416373452,-100525445,526438862#0,526438862#1,526438862#2",1.990653595320482,1025.509497215641,35.709428571428575,12.228954453793957,39.99600000000001,0.5013357290152364,0.0,0.0,0.10920374910685544,0.0,0.0,0.0,0.7164496625469718,0.9751250502458517,10.72637555270437,0.9751250502458517,0.0,66.78364570132706,2.925375150737555,0.0,2.261153892912142,68.32391685199754,13.651750703441925,"8a755824208ffff,8a7558242707fff,8a75582420dffff,8a75582420cffff,8a75582420effff,8a75582423b7fff,8a75582423a7fff,8a755824204ffff"
101594822,-120511144#0,"101594822,101594815#0,-659283000#5,-659283000#3,-659283000#2,-659283000#1,-659283000#0,-282479127#2,1164653914,-619184994,120511930,-42762428#0,-697042776#1,42762429,1323419246,184568063,76867740,1323419243,120511145,283490977#1,120511144#0,-120511144#0",3.1447424614194124,2313.330517501422,38.17636363636364,10.072777375279776,20.016000000000005,0.42125153430599765,0.0,0.0,0.7354427705245472,0.03717168723064298,0.0,0.0,0.22738554224480986,1.7291087329450499,19.45247324563181,0.8645543664725249,0.43227718323626246,54.07879968049059,1.7291087329450499,0.0,1.5353670594600646,74.07569811249813,9.510098031197774,"8a7558242b0ffff,8a7558242b07fff,8a7558242b1ffff,8a7558242a37fff,8a7558242b8ffff,8a7558242aa7fff,8a7558242ab7fff,8a7558242a97fff,8a755824206ffff,8a7558242047fff,8a75582423b7fff,8a7558242397fff,8a755824274ffff,8a7558242297fff,8a755824266ffff,8a755825c9b7fff"
101594822,-120511144#0,"101594822,101594815#0,-659283000#5,-659283000#3,-659283000#2,-659283000#1,-659283000#0,-282479127#2,-1197063689,-42762428#4,-42762428#3,-42762428#0,-697042776#1,42762429,1323419246,184568063,76867740,1323419243,120511145,283490977#1,120511144#0,-120511144#0",2.8571474234042067,2157.304857369112,38.17636363636364,10.072777375279776,20.016000000000005,0.4517182754795174,0.0,0.0,0.8595983737925788,0.0,0.0,0.0,0.1404016262074213,1.8541653889743248,12.515616375576693,0.4635413472435812,0.4635413472435812,45.44011988689757,0.4635413472435812,0.0,1.4318121816830662,77.60077459897249,10.197909639358787,"8a7558242b0ffff,8a7558242b07fff,8a7558242b1ffff,8a7558242a37fff,8a7558242b8ffff,8a7558242aa7fff,8a7558242a87fff,8a7558242a97fff,8a755824206ffff,8a7558242047fff,8a75582423b7fff,8a7558242397fff,8a755824274ffff,8a7558242297fff,8a755824266ffff,8a755825c9b7fff"
101594822,-120511144#0,"101594822,101594815#0,-659283000#5,-659283000#3,-659283000#2,-659283000#1,-659283000#0,-282479127#2,-1197063689,-42762428#4,-42762428#3,-42762428#0,-697042776#1,42762429,1323419246,184568063,1323419245,16648700,1323419243,120511145,283490977#1,120511144#0,-120511144#0",2.8239541460932824,2150.9240897438317,37.820347826086966,9.988201761026476,20.016000000000005,0.4530583085200467,0.0,0.0,0.9720251330169214,0.0,0.0,0.0,0.027974866983078408,0.9298329074171063,4.184248083376978,0.0,0.46491645370855317,46.31735830043509,0.46491645370855317,0.0,1.427577239744676,72.08649347947652,10.693078435296723,"8a7558242b0ffff,8a7558242b07fff,8a7558242b1ffff,8a7558242a37fff,8a7558242b8ffff,8a7558242aa7fff,8a7558242a87fff,8a7558242a97fff,8a755824206ffff,8a7558242047fff,8a75582423b7fff,8a7558242397fff,8a755824239ffff,8a755824274ffff,8a7558242297fff,8a755824266ffff,8a755825c9b7fff"
101594822,-120511144#0,"101594822,101594815#0,-659283000#5,-659283000#3,-659283000#2,-659283000#1,-659283000#0,-282479127#2,1164653914,-619184994,120511930,-42762428#0,-697042776#1,42762429,1323419246,184568063,1323419245,16648700,1323419243,120511145,283490977#1,120511144#0,-120511144#0",3.111549184108489,2306.9497498761416,37.820347826086966,9.988201761026476,20.016000000000005,0.4224166694166968,0.0,0.0,0.8399223833581511,0.03727450000256013,0.0,0.0,0.12280311663928871,0.8669456281426929,11.703765979926356,0.43347281407134647,0.43347281407134647,54.507152612383045,1.7338912562853859,0.0,1.5311321175216743,68.93975548992849,9.96987472364097,"8a7558242b0ffff,8a7558242b07fff,8a7558242b1ffff,8a7558242a37fff,8a7558242b8ffff,8a7558242aa7fff,8a7558242ab7fff,8a7558242a97fff,8a755824206ffff,8a7558242047fff,8a75582423b7fff,8a7558242397fff,8a755824239ffff,8a755824274ffff,8a7558242297fff,8a755824266ffff,8a755825c9b7fff"
-101608960,-100488715#7,"-101608960,101608960,-336863927#3,101608827,101609498#2,101608828,-101607966#0,101607969#1,-100468681#3,-101600741#4,101601553#0,101601553#1,100525438#1,100525438#2,659278038#0,659278038#1,659278038#2,659278038#3,100475365#0,100475365#1,282479151#3,282479151#4,100488713,-100488715#7",2.4273311916559286,1695.3141878970262,36.660000000000004,9.638572941459028,20.016000000000005,0.21843049749718194,0.0,0.0,0.0,0.03389062049711015,0.0,0.0,0.9661093795028899,0.0,9.437778621936387,0.5898611638710242,0.0,59.66615049431783,1.1797223277420483,0.5898611638710242,1.8514457180669435,58.927072713249245,14.15666793290458,"8a75582428b7fff,8a7558242817fff,8a755824281ffff,8a75582428f7fff,8a75582428d7fff,8a755824288ffff,8a7558242127fff,8a755824212ffff,8a755824211ffff,8a75582421affff,8a7558242037fff,8a7558242007fff,8a755824200ffff,8a75582420e7fff"
-101608960,-100488715#7,"-101608960,101608960,-336863927#3,101608827,101609498#2,101608828,-101607966#0,101607969#1,100468681#4,100468681#5,100468681#6,100525438#0,100525438#1,100525438#2,659278038#0,659278038#1,659278038#2,659278038#3,100475365#0,100475365#1,282479151#3,282479151#4,100488713,-100488715#7",2.177573131484416,1593.95444787956,38.328,10.080260866189667,20.016000000000005,0.2869411627850237,0.0,0.0,0.0,0.09066637455178232,0.0,0.0,0.9093336254482177,0.0,10.037928010605839,0.6273705006628649,0.0,52.35317538505301,1.2547410013257299,0.0,1.7407511589230102,55.44064707150937,15.056892015908758,"8a75582428b7fff,8a7558242817fff,8a755824281ffff,8a75582428f7fff,8a75582428d7fff,8a75582428dffff,8a755824212ffff,8a755824211ffff,8a75582421affff,8a7558242037fff,8a7558242007fff,8a755824200ffff,8a75582420e7fff"
-101608960,-100488715#7,"-101608960,101608960,101609498#0,101609498#1,101609498#2,101608828,-101607966#0,101607969#1,100468681#4,100468681#5,100468681#6,100468681#7,100468681#8,120511932#0,120511932#1,120511932#2,-101604499,100475363,282479151#1,282479151#2,282479151#3,282479151#4,100488713,-100488715#7",1.7764224768381072,1433.9189758738464,41.664,10.080260866189667,20.016000000000005,0.469183769206784,0.0,0.0,0.0,0.2053894968366667,0.0,0.0,0.7946105031633331,0.0,11.158231580169597,0.6973894737605998,0.0,59.84690484078474,1.3947789475211996,0.0,1.5659770719136012,47.67005892344399,16.737347370254398,"8a75582428b7fff,8a75582428affff,8a755824281ffff,8a75582428f7fff,8a75582428d7fff,8a75582428dffff,8a7558242177fff,8a7558242167fff,8a7558242147fff,8a7558242077fff,8a755824200ffff,8a75582420e7fff"
-101608960,-100488715#7,"-101608960,101608960,-336863927#3,101608827,101609498#2,101608828,-101607966#0,101607969#1,100468681#4,100468681#5,100468681#6,100468681#7,100468681#8,120511932#0,120511932#1,120511932#2,-101604499,100475363,282479151#1,282479151#2,282479151#3,282479151#4,100488713,-100488715#7",1.810316034261076,1455.3969377245446,41.664,10.080260866189667,20.016000000000005,0.4622598085780463,0.0,0.0,0.0,0.20235846958681625,0.0,0.0,0.7976415304131836,0.0,10.993564425809062,0.6870977766130664,0.0,59.64000061949728,1.3741955532261327,0.0,1.5894330665517442,50.51619441221104,16.490346638713593,"8a75582428b7fff,8a7558242817fff,8a755824281ffff,8a75582428f7fff,8a75582428d7fff,8a75582428dffff,8a7558242177fff,8a7558242167fff,8a7558242147fff,8a7558242077fff,8a755824200ffff,8a75582420e7fff"
-101608960,-100488715#7,"-101608960,101608960,101609498#0,101609498#1,101609498#2,101608828,-101607966#0,101607969#1,-100468681#3,-101600741#4,101601553#0,101601553#1,100525438#1,100525438#2,659278038#0,659278038#1,659278038#2,659278038#3,100475365#0,100475365#1,282479151#3,282479151#4,100488713,-100488715#7",2.3934376342329595,1673.836226046328,36.660000000000004,9.638572941459028,20.016000000000005,0.2212333056926736,0.0,0.0,0.0,0.03432549067306085,0.0,0.0,0.9656745093269392,0.0,9.558880224376955,0.5974300140235597,0.0,59.70530294890298,1.1948600280471193,0.5974300140235597,1.8279897234288005,56.671144046212,14.338320336565433,"8a75582428b7fff,8a75582428affff,8a755824281ffff,8a75582428f7fff,8a75582428d7fff,8a755824288ffff,8a7558242127fff,8a755824212ffff,8a755824211ffff,8a75582421affff,8a7558242037fff,8a7558242007fff,8a755824200ffff,8a75582420e7fff"
-101608960,-100488715#7,"-101608960,101608960,101609498#0,101609498#1,101609498#2,101608828,-101607966#0,101607969#1,100468681#4,100468681#5,100468681#6,100525438#0,100525438#1,100525438#2,659278038#0,659278038#1,659278038#2,659278038#3,100475365#0,100475365#1,282479151#3,282479151#4,100488713,-100488715#7",2.1436795740614465,1572.476486028862,38.328,10.080260866189667,20.016000000000005,0.2908604018976259,0.0,0.0,0.0,0.09190475805135506,0.0,0.0,0.9080952419486448,0.0,10.17503291283322,0.6359395570520763,0.0,52.30333006552903,1.2718791141041526,0.0,1.7172951642848675,52.96221609055029,15.262549369249832,"8a75582428b7fff,8a75582428affff,8a755824281ffff,8a75582428f7fff,8a75582428d7fff,8a75582428dffff,8a755824212ffff,8a755824211ffff,8a75582421affff,8a7558242037fff,8a7558242007fff,8a755824200ffff,8a75582420e7fff"
100475365#1,-101609494#0,"100475365#1,282479151#3,282479151#4,282479151#5,282479151#6,100475366,100475359,282689984#0,282689984#1,619185406,619184994,1164659927#1,1164659928,-372606529#8,-372606529#7,-372606529#6,-372606529#5,-372606529#4,-372606529#3,-372606529#2,-372606529#1,-372606529#0,-120512823#1,-120512823#0,-101609498#5,336863927#0,-101609494#1,-101609494#0",1.9477767348840185,1405.9085945955533,37.85142857142858,9.95490678725106,20.016000000000005,0.2704989424580919,0.0,0.0,0.0,0.0,0.0,0.0,1.0,0.0,0.0,0.0,0.0,84.72461456570227,0.0,0.0,1.4514929726116161,44.06663236599457,19.91594624830851,"8a755824200ffff,8a7558242077fff,8a7558242067fff,8a7558242a97fff,8a7558242ab7fff,8a7558242b9ffff,8a7558242b87fff,8a7558242bb7fff,8a755824285ffff,8a7558242847fff,8a755824295ffff,8a755824282ffff,8a7558242957fff"
100475365#1,-101609494#0,"100475365#1,282479151#3,282479151#4,282479151#5,282479151#6,282479151#7,282479151#1,100475362,-659278038#3,-659278038#2,-659278038#1,-659278038#0,-100525438#2,-100525438#1,-100525438#0,-100468681#6,-100468681#5,101607105,-101607101,101607107,101607098#1,101607098#2,-120512823#1,-120512823#0,-101609498#5,336863927#0,-101609494#1,-101609494#0",2.270181391491082,1551.9842568755332,38.56628571428572,10.087115855670257,20.016000000000005,0.2089127153566276,0.0,0.0,0.0,0.04884975406323834,0.0,0.0,0.9511502459367618,0.0,10.309382926481048,0.6443364329050655,0.0,122.33359968251334,1.288672865810131,0.0,1.6023049088100532,50.153574177742556,18.041420121341833,"8a755824200ffff,8a7558242007fff,8a7558242037fff,8a75582421affff,8a755824211ffff,8a755824212ffff,8a75582428dffff,8a75582428d7fff,8a75582428c7fff,8a75582428effff,8a7558242857fff,8a7558242847fff,8a755824295ffff,8a755824282ffff,8a7558242957fff"
100475365#1,-101609494#0,"100475365#1,282479151#3,282479151#4,282479151#5,282479151#6,282479151#7,282479151#1,100475362,-659278038#3,-659278038#2,-659278038#1,-659278038#0,-100525438#2,-100525438#1,-100525438#0,-100468681#6,-100468681#5,101607105,101607099,101607107,101607098#1,101607098#2,-120512823#1,-120512823#0,-101609498#5,336863927#0,-101609494#1,-101609494#0",2.2693610633598293,1551.460925925383,38.56628571428572,10.087115855670257,20.016000000000005,0.20898318473680924,0.0,0.0,0.0,0.04886623181513098,0.0,0.0,0.951133768184869,0.0,10.31286043537104,0.64455377721069,0.0,122.33359968251334,1.28910755442138,0.0,1.601764609675804,50.15635889668706,18.04750576189932,"8a755824200ffff,8a7558242007fff,8a7558242037fff,8a75582421affff,8a755824211ffff,8a755824212ffff,8a75582428dffff,8a75582428d7fff,8a75582428c7fff,8a75582428effff,8a7558242857fff,8a7558242847fff,8a755824295ffff,8a755824282ffff,8a7558242957fff"
-1323419242#1,-100468681#1,"-1323419242#1,1323419242#1,162276533#0,162276533#1,100488715#0,100488715#1,100488715#2,100488715#3,100488715#4,100488715#5,100488715#6,100488715#7,100488714,282479151#6,282479151#7,282479151#1,100475362,-659278038#3,-659278038#2,-659278038#1,-659278038#0,-100525438#2,-100525438#1,-101601553#1,-101601553#0,101600741#4,-100468681#2,-100468681#1",3.157438065218888,2460.9068596861202,37.85142857142858,9.95490678725106,20.016000000000005,0.3097247367752358,0.0,0.0,0.0,0.28085459229763243,0.0,0.0,0.7191454077023676,0.0,6.5016682516951265,0.4063542657309454,0.0,132.85736487044142,0.8127085314618908,0.4063542657309454,1.5741329841515457,99.03979256549997,11.37791944046647,"8a75582426f7fff,8a755824261ffff,8a755824260ffff,8a755824262ffff,8a755824270ffff,8a75582420dffff,8a75582420c7fff,8a75582420e7fff,8a755824200ffff,8a7558242007fff,8a7558242037fff,8a75582421affff,8a755824211ffff,8a755824212ffff,8a7558242127fff,8a755824288ffff,8a7558242c0ffff"
-1323419242#1,-100468681#1,"-1323419242#1,1323419242#1,162276533#0,162276533#1,100488715#0,100488715#1,100488715#2,100488715#3,100488715#4,100488715#5,101605219,100488715#7,100488714,282479151#6,282479151#7,282479151#1,100475362,-659278038#3,-659278038#2,-659278038#1,-659278038#0,-100525438#2,-100525438#1,-101601553#1,-101601553#0,101600741#4,-100468681#2,-100468681#1",3.2493606369833747,2645.9495589831945,38.56628571428571,10.087115855670259,20.016000000000005,0.42062958396566313,0.0,0.0,0.0,0.26121321565373884,0.0,0.0,0.7387867843462614,0.0,6.046978463999367,0.37793615399996044,0.0,132.85736487044142,0.7558723079999209,0.37793615399996044,1.6924965927917819,109.99342659673403,10.582212311998893,"8a75582426f7fff,8a755824261ffff,8a755824260ffff,8a755824262ffff,8a755824270ffff,8a75582420dffff,8a75582420c7fff,8a75582420e7fff,8a755824200ffff,8a7558242007fff,8a7558242037fff,8a75582421affff,8a755824211ffff,8a755824212ffff,8a7558242127fff,8a755824288ffff,8a7558242c0ffff"
101607969#0,-416409192#7,"101607969#0,101607969#1,100468681#4,100468681#5,100468681#6,100468681#7,100468681#8,282479126,133906980,133906979,282479125#0,282479125#1,120511930,-42762428#0,-697042776#1,42762429,1323419246,184568063,76867740,1323419243,-162276533#2,-162276533#1,-162276533#0,-1323419242#1,-1323419242#0,-162276528,162276631,-416409192#8,-416409192#7",4.173144179944862,3085.6333878147893,41.72027586206895,11.366525486509413,39.99600000000001,0.5479624418483331,0.0,0.0,0.20303571152459474,0.4102427143700738,0.0,0.0,0.38672157410533137,1.296330282073061,11.666972538657548,0.9722477115547956,0.3240825705182652,43.560811110026044,0.9722477115547956,0.0,1.3025113111272166,108.59622757913785,9.39839454502969,"8a75582428e7fff,8a75582428f7fff,8a75582428d7fff,8a75582428dffff,8a7558242177fff,8a7558242167fff,8a7558242147fff,8a755824214ffff,8a7558242a97fff,8a755824206ffff,8a7558242047fff,8a75582423b7fff,8a7558242397fff,8a755824274ffff,8a755824260ffff,8a755824261ffff,8a75582426f7fff,8a755824268ffff,8a7558251a47fff,8a755825132ffff"
101607969#0,-416409192#7,"101607969#0,101607969#1,100468681#4,100468681#5,100468681#6,100468681#7,100468681#8,282479126,133906980,133906979,282479125#0,282479125#1,120511930,-42762428#0,-697042776#1,42762429,1323419246,184568063,1323419245,16648700,1323419243,-162276533#2,-162276533#1,-162276533#0,-1323419242#1,-1323419242#0,-162276528,162276631,-416409192#8,-416409192#7",4.139950902633938,3079.252620189509,41.32919999999999,11.372379323424898,39.99600000000001,0.54909791900467,0.0,0.0,0.28020770105544274,0.4110928113751707,0.0,0.0,0.30869948756938653,0.6495082562849008,5.8455743065641075,0.6495082562849008,0.3247541281424504,44.249315139749115,0.9742623844273512,0.0,1.2998178537520073,105.03413526425426,9.742623844273513,"8a75582428e7fff,8a75582428f7fff,8a75582428d7fff,8a75582428dffff,8a7558242177fff,8a7558242167fff,8a7558242147fff,8a755824214ffff,8a7558242a97fff,8a755824206ffff,8a7558242047fff,8a75582423b7fff,8a7558242397fff,8a755824239ffff,8a755824274ffff,8a755824260ffff,8a755824261ffff,8a75582426f7fff,8a755824268ffff,8a7558251a47fff,8a755825132ffff"
-101606549,-101605951#5,"-101606549,101606549,-101606547#1,101606546,101605951#2,101605951#3,101605951#4,101605951#5,-101605951#5",0.5006359491240701,582.5629548622177,50.004000000000005,0.0,0.0,1.0,0.0,0.0,0.0,0.0,0.0,0.0,1.0,0.0,0.0,0.0,0.0,82.53692488950703,0.0,0.0,1.9425966785522284,58.068992646431376,15.448974097792737,"8a755824271ffff,8a7558242707fff,8a755824208ffff"
-101605951#5,-101606549,"-101605951#5,-101605951#4,-101605951#3,-101605951#2,-101606546,101606547#1,-101606549",0.4086753059755219,449.5054465166096,50.00400000000001,7.674738709330906e-15,0.0,1.0,0.0,0.0,0.0,0.0,0.0,0.0,1.0,0.0,0.0,0.0,0.0,37.151396801532144,0.0,0.0,1.0686427200023247,66.15435001562238,15.572670040476014,"8a755824208ffff,8a7558242707fff,8a755824271ffff"
416409192#5,101606547#1,"416409192#5,416409192#6,416409192#7,416409192#8,-162276631,162276528,1323419242#0,1323419242#1,162276533#0,162276533#1,100488715#0,100488715#1,100488715#2,101605951#0,101605951#1,-101606546,101606547#1",2.058509672434155,1727.3590404246036,47.64705882352942,9.704004485717409,39.99600000000001,0.7931008649554832,0.0,0.0,0.0,0.15445417067477554,0.0,0.0,0.8455458293252245,0.0,9.26269503071407,0.5789184394196294,0.0,103.97432865183795,0.5789184394196294,0.5789184394196294,1.417782907511556,106.37039783674459,9.8416134701337,"8a755825130ffff,8a7558251307fff,8a755825132ffff,8a7558251a47fff,8a755824268ffff,8a75582426f7fff,8a755824261ffff,8a755824260ffff,8a755824262ffff,8a755824270ffff,8a7558242707fff,8a755824271ffff"
-416375813,-101767922,"-416375813,71223800#5,71223800#6,71223800#7,1006827381,101749453,224715836,224715833,282689986,-352797377,-120511301,101411571#0,-47374680#8,-47374680#7,-47374680#6,101746498#0,101746498#1,101746498#2,-101746514,101749449#1,101415865#1,101415865#2,173532317#2,-101786553#2,-101786553#1,-101787498,-479315694,-101767922",5.481687780824736,3534.953505659136,33.20871428571429,9.451082386992208,29.988000000000007,0.25348713553747715,0.0,0.0,0.0,0.07249501937268718,0.0,0.0,0.9275049806273129,0.0,4.5262264339221066,0.28288915212013166,0.0,56.87620832246539,0.5657783042402633,0.28288915212013166,1.7783342481208726,135.22495635567287,7.920896259363686,"8a7558242b77fff,8a7558242b47fff,8a7558242b57fff,8a7558242b5ffff,8a7558242a77fff,8a7558242a67fff,8a7558242a6ffff,8a7558240697fff,8a7558242acffff,8a755824230ffff,8a7558242227fff,8a7558242237fff,8a7558242207fff,8a755824220ffff,8a755824225ffff,8a755825c927fff,8a755825c90ffff,8a755825c937fff,8a755825c9affff,8a755825c98ffff,8a755825c817fff"
-416375813,-101767922,"-416375813,71223800#5,71223800#6,71223800#7,1006827381,679068326#0,679068326#1,679068326#2,679068326#3,101411570,282689981#1,-120511301,101411571#0,-47374680#8,-47374680#7,-47374680#6,-47374680#5,-47374680#4,-47374680#3,-47374680#2,101415865#0,101415865#1,101415865#2,173532317#2,-101786553#2,-101786553#1,-101787498,-479315694,-101767922",4.056411766891445,2736.9379166396957,33.097655172413795,9.300029156159608,29.988000000000007,0.21279381797209174,0.0,0.0,0.0,0.09363256700719813,0.0,0.0,0.9063674329928019,0.0,5.845949191147224,0.3653718244467015,0.0,38.17716878893113,0.730743648893403,0.3653718244467015,1.3768753745555735,79.68157165852358,10.595782908954344,"8a7558242b77fff,8a7558242b47fff,8a7558242b57fff,8a7558242b5ffff,8a7558242a2ffff,8a7558242a0ffff,8a7558242af7fff,8a7558242ac7fff,8a7558242acffff,8a755824230ffff,8a7558242227fff,8a7558242237fff,8a7558242217fff,8a75582422a7fff,8a755825c927fff,8a755825c90ffff,8a755825c937fff,8a755825c9affff,8a755825c98ffff,8a755825c817fff"
-416375813,-101767922,"-416375813,71223800#5,71223800#6,71223800#7,1006827381,101749453,224715836,224715833,282689986,-352797377,-120511301,120509990,120509991,282689983#0,101418595,526439431#1,42762429,1323419246,184568063,1323419245,16648700,1323419243,120511145,283490977#1,-173532317#3,-101786553#2,-101786553#1,-101787498,-479315694,-101767922",5.307088610703124,3345.771615794763,34.9956,10.42510716590912,29.988000000000007,0.19492137220674524,0.0,0.0,0.3333491397002119,0.030095235524247036,0.0,0.0,0.6365556247755412,0.5977694324855808,5.379924892370227,0.5977694324855808,0.2988847162427904,77.02769821374524,0.5977694324855808,0.2988847162427904,1.683162237136441,102.03178775360851,8.966541487283711,"8a7558242b77fff,8a7558242b47fff,8a7558242b57fff,8a7558242b5ffff,8a7558242a77fff,8a7558242a67fff,8a7558242a6ffff,8a7558240697fff,8a7558242acffff,8a755824230ffff,8a7558242307fff,8a7558242337fff,8a755824206ffff,8a7558242047fff,8a75582423b7fff,8a7558242397fff,8a755824239ffff,8a755824274ffff,8a7558242297fff,8a755824266ffff,8a755825c937fff,8a755825c9affff,8a755825c98ffff,8a755825c817fff"
-416375813,-101767922,"-416375813,71223800#5,71223800#6,71223800#7,1006827381,101749453,224715836,224715833,282689986,-352797377,-120511301,101411571#0,-47374680#8,-47374680#7,-47374680#6,-47374680#5,-47374680#4,-47374680#3,-47374680#2,101415865#0,101415865#1,101415865#2,173532317#2,-101786553#2,-101786553#1,-101787498,-479315694,-101767922",4.809281352450652,3007.9064574321637,32.493857142857145,8.87297743553023,29.988000000000007,0.12389720019207698,0.0,0.0,0.0,0.08519763712767887,0.0,0.0,0.9148023628723211,0.0,5.319314355825789,0.3324571472391118,0.0,50.096483108961294,0.6649142944782236,0.3324571472391118,1.5131919160555252,113.44053903772226,9.30880012269513,"8a7558242b77fff,8a7558242b47fff,8a7558242b57fff,8a7558242b5ffff,8a7558242a77fff,8a7558242a67fff,8a7558242a6ffff,8a7558240697fff,8a7558242acffff,8a755824230ffff,8a7558242227fff,8a7558242237fff,8a7558242217fff,8a75582422a7fff,8a755825c927fff,8a755825c90ffff,8a755825c937fff,8a755825c9affff,8a755825c98ffff,8a755825c817fff"
-416375813,-101767922,"-416375813,71223800#5,71223800#6,71223800#7,1006827381,679068326#0,679068326#1,679068326#2,679068326#3,101411570,282689981#1,-120511301,101411571#0,-47374680#8,-47374680#7,-47374680#6,101746498#0,101746498#1,101746498#2,-101746514,101749449#1,101415865#1,101415865#2,173532317#2,-101786553#2,-101786553#1,-101787498,-479315694,-101767922",4.72881819526553,3263.9849648666677,33.787862068965524,9.790802067407588,29.988000000000007,0.33878756508662355,0.0,0.0,0.0,0.07851338950171173,0.0,0.0,0.9214866104982884,0.0,4.901983364575208,0.3063739602859505,0.0,46.86252619118918,0.612747920571901,0.3063739602859505,1.6420177066209205,109.8915285159869,8.884844848292564,"8a7558242b77fff,8a7558242b47fff,8a7558242b57fff,8a7558242b5ffff,8a7558242a2ffff,8a7558242a0ffff,8a7558242af7fff,8a7558242ac7fff,8a7558242acffff,8a755824230ffff,8a7558242227fff,8a7558242237fff,8a7558242207fff,8a755824220ffff,8a755824225ffff,8a755825c927fff,8a755825c90ffff,8a755825c937fff,8a755825c9affff,8a755825c98ffff,8a755825c817fff"
-416375813,-101767922,"-416375813,71223800#5,71223800#6,71223800#7,1006827381,101749453,224715836,224715833,282689986,-352797377,-120511301,120509990,120509991,282689983#0,101418595,526439431#1,42762429,1323419246,184568063,76867740,1323419243,120511145,283490977#1,-173532317#3,-101786553#2,-101786553#1,-101787498,-479315694,-101767922",5.340281888014048,3352.1523834200434,35.16827586206897,10.565885423301031,29.988000000000007,0.1945503425401335,0.0,0.0,0.2622116962321885,0.030037949732151754,0.0,0.0,0.7077503540356598,1.1932631761563859,10.739368585407473,0.8949473821172894,0.29831579403909647,77.92409935610358,0.5966315880781929,0.29831579403909647,1.686372219270342,105.23673281754841,8.651158027133798,"8a7558242b77fff,8a7558242b47fff,8a7558242b57fff,8a7558242b5ffff,8a7558242a77fff,8a7558242a67fff,8a7558242a6ffff,8a7558240697fff,8a7558242acffff,8a755824230ffff,8a7558242307fff,8a7558242337fff,8a755824206ffff,8a7558242047fff,8a75582423b7fff,8a7558242397fff,8a755824274ffff,8a7558242297fff,8a755824266ffff,8a755825c937fff,8a755825c9affff,8a755825c98ffff,8a755825c817fff"
-416375813,-101767922,"-416375813,71223800#5,71223800#6,71223800#7,1006827381,101749453,224715836,224715833,282689986,-352797377,-120511301,101411571#0,-47374680#8,-47374680#7,-47374680#6,-47374680#5,-47374680#4,-47374680#3,-47374680#2,-47374680#1,-47374680#0,283490977#1,120511144#0,120511144#1,-336860316#1,-336860316#0,-479315694,-101767922",4.234815093664919,2756.2826287800203,33.923571428571435,9.942650207206185,29.988000000000007,0.19104532764146126,0.0,0.0,0.14881284232745373,0.0,0.0,0.0,0.8511871576725463,0.0,6.530534935732306,0.36280749642957255,0.0,49.155483350810606,0.7256149928591451,0.36280749642957255,1.386607147283024,106.30248452999373,10.158609900028031,"8a7558242b77fff,8a7558242b47fff,8a7558242b57fff,8a7558242b5ffff,8a7558242a77fff,8a7558242a67fff,8a7558242a6ffff,8a7558240697fff,8a7558242acffff,8a755824230ffff,8a7558242227fff,8a7558242237fff,8a7558242217fff,8a75582422a7fff,8a7558242297fff,8a755824266ffff,8a755825c9b7fff,8a755825c98ffff,8a755825c817fff"
-416375813,-101767922,"-416375813,71223800#5,71223800#6,71223800#7,1006827381,101749453,224715836,224715833,282689986,-352797377,-120511301,120509990,120509991,282689983#0,101418595,526439431#1,42762429,1323419246,184568063,76867740,1323419243,120511145,283490977#1,120511144#0,120511144#1,-336860316#1,-336860316#0,-479315694,-101767922",5.343714391324947,3421.616699804502,35.85848275862069,10.864934496616334,29.988000000000007,0.2449996245303339,0.0,0.0,0.34071547512535955,0.0,0.0,0.0,0.6592845248746404,1.1690380165108925,10.52134214859803,0.5845190082554462,0.2922595041277231,77.8553498345379,0.5845190082554462,0.2922595041277231,1.72131773486228,105.24445783855602,8.47552561970397,"8a7558242b77fff,8a7558242b47fff,8a7558242b57fff,8a7558242b5ffff,8a7558242a77fff,8a7558242a67fff,8a7558242a6ffff,8a7558240697fff,8a7558242acffff,8a755824230ffff,8a7558242307fff,8a7558242337fff,8a755824206ffff,8a7558242047fff,8a75582423b7fff,8a7558242397fff,8a755824274ffff,8a7558242297fff,8a755824266ffff,8a755825c9b7fff,8a755825c98ffff,8a755825c817fff"
-416375813,-101767922,"-416375813,71223800#5,71223800#6,71223800#7,1006827381,679068326#0,679068326#1,679068326#2,679068326#3,101411570,282689981#1,-120511301,120509990,120509991,282689983#0,101418595,526439431#1,42762429,1323419246,184568063,76867740,1323419243,120511145,283490977#1,120511144#0,120511144#1,-336860316#1,-336860316#0,-479315694,-101767922",4.590844805765741,3150.648159012034,36.330000000000005,10.983900833367052,29.988000000000007,0.33263856646763384,0.0,0.0,0.3700183901005059,0.0,0.0,0.0,0.629981609899494,1.2695800350027984,11.426220315025185,0.6347900175013992,0.3173950087506996,73.14395899404005,0.6347900175013992,0.3173950087506996,1.5850011933623283,71.54882200828933,9.521850262520989,"8a7558242b77fff,8a7558242b47fff,8a7558242b57fff,8a7558242b5ffff,8a7558242a2ffff,8a7558242a0ffff,8a7558242af7fff,8a7558242ac7fff,8a7558242acffff,8a755824230ffff,8a7558242307fff,8a7558242337fff,8a755824206ffff,8a7558242047fff,8a75582423b7fff,8a7558242397fff,8a755824274ffff,8a7558242297fff,8a755824266ffff,8a755825c9b7fff,8a755825c98ffff,8a755825c817fff"
-416375813,-101767922,"-416375813,71223800#5,71223800#6,71223800#7,1006827381,101749453,224715836,224715833,282689986,-352797377,-120511301,120509990,120509991,282689983#0,101418595,526439431#1,42762429,1323419246,184568063,1323419245,16648700,1323419243,120511145,283490977#1,120511144#0,120511144#1,-336860316#1,-336860316#0,-479315694,-101767922",5.310521114014023,3415.2359321792214,35.6628,10.729630679121481,29.988000000000007,0.24545736323520032,0.0,0.0,0.41055268645797466,0.0,0.0,0.0,0.5894473135420253,0.5856110792099285,5.2704997128893565,0.29280553960496425,0.29280553960496425,76.93727669780678,0.5856110792099285,0.29280553960496425,1.7181077527283788,102.13581340297175,8.784166188148927,"8a7558242b77fff,8a7558242b47fff,8a7558242b57fff,8a7558242b5ffff,8a7558242a77fff,8a7558242a67fff,8a7558242a6ffff,8a7558240697fff,8a7558242acffff,8a755824230ffff,8a7558242307fff,8a7558242337fff,8a755824206ffff,8a7558242047fff,8a75582423b7fff,8a7558242397fff,8a755824239ffff,8a755824274ffff,8a7558242297fff,8a755824266ffff,8a755825c9b7fff,8a755825c98ffff,8a755825c817fff"
-416375813,-101767922,"-416375813,71223800#5,71223800#6,71223800#7,1006827381,679068326#0,679068326#1,679068326#2,679068326#3,101411570,282689981#1,-120511301,120509990,120509991,282689983#0,101418595,526439431#1,42762429,1323419246,184568063,1323419245,16648700,1323419243,120511145,283490977#1,-173532317#3,-101786553#2,-101786553#1,-101787498,-479315694,-101767922",4.554219025143918,3074.803075002295,35.47974193548387,10.598409940388047,29.988000000000007,0.28030890230564787,0.0,0.0,0.36272569740347993,0.03274739303023782,0.0,0.0,0.6045269095662823,0.6504481591877254,5.854033432689528,0.6504481591877254,0.3252240795938627,72.1881449009918,0.6504481591877254,0.3252240795938627,1.5468456956364893,67.22148973548673,10.081946467409743,"8a7558242b77fff,8a7558242b47fff,8a7558242b57fff,8a7558242b5ffff,8a7558242a2ffff,8a7558242a0ffff,8a7558242af7fff,8a7558242ac7fff,8a7558242acffff,8a755824230ffff,8a7558242307fff,8a7558242337fff,8a755824206ffff,8a7558242047fff,8a75582423b7fff,8a7558242397fff,8a755824239ffff,8a755824274ffff,8a7558242297fff,8a755824266ffff,8a755825c937fff,8a755825c9affff,8a755825c98ffff,8a755825c817fff"
-416375813,-101767922,"-416375813,71223800#5,71223800#6,71223800#7,1006827381,101749453,224715836,224715833,282689986,-352797377,-120511301,101411571#0,-47374680#8,-47374680#7,-47374680#6,-47374680#5,-47374680#4,-47374680#3,-47374680#2,-47374680#1,-47374680#0,283490977#1,-173532317#3,-101786553#2,-101786553#1,-101787498,-479315694,-101767922",4.23138259035402,2686.818312395562,33.20871428571429,9.451082386992208,29.988000000000007,0.12670842089299317,0.0,0.0,0.04590785115319283,0.0374762165060232,0.0,0.0,0.9166159323407841,0.0,6.699373722799751,0.7443748580888612,0.0,48.0230822765136,0.7443748580888612,0.3721874290444306,1.351661631691086,105.81931297413274,10.421248013244057,"8a7558242b77fff,8a7558242b47fff,8a7558242b57fff,8a7558242b5ffff,8a7558242a77fff,8a7558242a67fff,8a7558242a6ffff,8a7558240697fff,8a7558242acffff,8a755824230ffff,8a7558242227fff,8a7558242237fff,8a7558242217fff,8a75582422a7fff,8a7558242297fff,8a755824266ffff,8a755825c937fff,8a755825c9affff,8a755825c98ffff,8a755825c817fff"
-416375813,-101767922,"-416375813,71223800#5,71223800#6,71223800#7,1006827381,679068326#0,679068326#1,679068326#2,679068326#3,101411570,282689981#1,-120511301,120509990,120509991,282689983#0,101418595,526439431#1,42762429,1323419246,184568063,1323419245,16648700,1323419243,120511145,283490977#1,120511144#0,120511144#1,-336860316#1,-336860316#0,-479315694,-101767922",4.557651528454817,3144.2673913867534,36.12541935483871,10.859189290716548,29.988000000000007,0.3333136011042079,0.0,0.0,0.4459335394581645,0.0,0.0,0.0,0.5540664605418355,0.6360782182452734,5.724703964207461,0.3180391091226367,0.3180391091226367,72.46227645350578,0.6360782182452734,0.3180391091226367,1.581791211228427,67.79801979696039,9.859212382801738,"8a7558242b77fff,8a7558242b47fff,8a7558242b57fff,8a7558242b5ffff,8a7558242a2ffff,8a7558242a0ffff,8a7558242af7fff,8a7558242ac7fff,8a7558242acffff,8a755824230ffff,8a7558242307fff,8a7558242337fff,8a755824206ffff,8a7558242047fff,8a75582423b7fff,8a7558242397fff,8a755824239ffff,8a755824274ffff,8a7558242297fff,8a755824266ffff,8a755825c9b7fff,8a755825c98ffff,8a755825c817fff"
-416375813,-101767922,"-416375813,71223800#5,71223800#6,71223800#7,1006827381,679068326#0,679068326#1,679068326#2,679068326#3,101411570,282689981#1,-120511301,101411571#0,-47374680#8,-47374680#7,-47374680#6,-47374680#5,-47374680#4,-47374680#3,-47374680#2,-47374680#1,-47374680#0,283490977#1,120511144#0,120511144#1,-336860316#1,-336860316#0,-479315694,-101767922",3.481945508105713,2485.3140879875523,34.478068965517245,10.209910346363882,29.988000000000007,0.2962632376187071,0.0,0.0,0.1650375919200902,0.0,0.0,0.0,0.8349624080799096,0.0,7.242545353523202,0.402363630751289,0.0,37.588350138941024,0.804727261502578,0.402363630751289,1.250290605783072,67.85944775522509,11.66854529178738,"8a7558242b77fff,8a7558242b47fff,8a7558242b57fff,8a7558242b5ffff,8a7558242a2ffff,8a7558242a0ffff,8a7558242af7fff,8a7558242ac7fff,8a7558242acffff,8a755824230ffff,8a7558242227fff,8a7558242237fff,8a7558242217fff,8a75582422a7fff,8a7558242297fff,8a755824266ffff,8a755825c9b7fff,8a755825c98ffff,8a755825c817fff"
-416375813,-101767922,"-416375813,71223800#5,71223800#6,71223800#7,1006827381,679068326#0,679068326#1,679068326#2,679068326#3,101411570,282689981#1,-120511301,101411571#0,-47374680#8,-47374680#7,-47374680#6,-47374680#5,-47374680#4,-47374680#3,-47374680#2,-47374680#1,-47374680#0,283490977#1,-173532317#3,-101786553#2,-101786553#1,-101787498,-479315694,-101767922",3.4785130047948134,2415.849771603094,33.787862068965524,9.79080206740759,29.988000000000007,0.22773551252061777,0.0,0.0,0.05105700553527343,0.04167965490704646,0.0,0.0,0.9072633395576801,0.0,7.450794420902951,0.8278660467669945,0.0,35.356703089285546,0.8278660467669945,0.41393302338349725,1.2153450901911345,66.6564518072694,12.00405767812142,"8a7558242b77fff,8a7558242b47fff,8a7558242b57fff,8a7558242b5ffff,8a7558242a2ffff,8a7558242a0ffff,8a7558242af7fff,8a7558242ac7fff,8a7558242acffff,8a755824230ffff,8a7558242227fff,8a7558242237fff,8a7558242217fff,8a75582422a7fff,8a7558242297fff,8a755824266ffff,8a755825c937fff,8a755825c9affff,8a755825c98ffff,8a755825c817fff"
-416375813,-101767922,"-416375813,71223800#5,71223800#6,71223800#7,1006827381,679068326#0,679068326#1,679068326#2,679068326#3,101411570,282689981#1,-120511301,120509990,120509991,282689983#0,101418595,526439431#1,42762429,1323419246,184568063,76867740,1323419243,120511145,283490977#1,-173532317#3,-101786553#2,-101786553#1,-101787498,-479315694,-101767922",4.587412302454842,3081.1838426275754,35.6628,10.729630679121481,29.988000000000007,0.2797284156939225,0.0,0.0,0.28527137859316143,0.03267957704913054,0.0,0.0,0.6820490443577082,1.2982023158309421,11.68382084247848,0.9736517368732067,0.32455057895773554,72.82667655616832,0.6491011579154711,0.32455057895773554,1.5500556777703904,71.1037534102971,9.736517368732066,"8a7558242b77fff,8a7558242b47fff,8a7558242b57fff,8a7558242b5ffff,8a7558242a2ffff,8a7558242a0ffff,8a7558242af7fff,8a7558242ac7fff,8a7558242acffff,8a755824230ffff,8a7558242307fff,8a7558242337fff,8a755824206ffff,8a7558242047fff,8a75582423b7fff,8a7558242397fff,8a755824274ffff,8a7558242297fff,8a755824266ffff,8a755825c937fff,8a755825c9affff,8a755825c98ffff,8a755825c817fff"
-101746498#2,-101746516#0,"-101746498#2,-101746508#1,-101746504,-101746516#0",0.6013617253957019,508.98720227021477,34.992000000000004,10.008000000000003,20.016000000000005,0.187808189195319,0.0,0.0,0.0,0.0,0.0,0.0,1.0,0.0,0.0,0.0,0.0,148.85587823620722,0.0,0.0,1.360709865382336,76.7531497464729,7.85874376046974,"8a755824225ffff,8a755824220ffff,8a7558242277fff,8a755824235ffff,8a7558242347fff"
76867740,-101746498#2,"76867740,1323419243,120511145,47374680#0,101749458#0,101749458#1,-101749449#1,101746514,-101746498#2",1.3801938053839249,1328.044432931811,38.884,10.549358274321717,20.016000000000005,0.6044495275391163,0.0,0.0,0.10639865486043604,0.0,0.0,0.0,0.8936013451395639,1.5059737087145268,13.553763378430743,0.7529868543572634,0.0,71.71750670550539,0.7529868543572634,0.7529868543572634,2.679330334884184,165.9316336829732,6.776881689215371,"8a7558242397fff,8a755824274ffff,8a7558242297fff,8a755824229ffff,8a755825c927fff,8a755824225ffff,8a755824220ffff"
76867740,-101746498#2,"76867740,1323419243,120511145,47374680#0,47374680#1,101415865#0,-101749449#1,101746514,-101746498#2",2.1635784047240207,1690.4610004501058,34.43600000000001,8.826226373711476,20.016000000000005,0.38805360928510774,0.0,0.0,0.08358793324496207,0.0,0.0,0.0,0.916412066755038,1.1831092225537743,10.647983002983969,0.5915546112768871,0.0,82.69563783953599,0.5915546112768871,0.5915546112768871,3.4105059485439626,165.3286087090705,5.323991501491984,"8a7558242397fff,8a755824274ffff,8a7558242297fff,8a75582422a7fff,8a755825c927fff,8a755824225ffff,8a755824220ffff"
-336860316#0,-837309289#1,"-336860316#0,101787498,101786553#1,101786553#2,173532317#3,-283490977#1,-283490977#0,-162276533#2,-162276533#1,-162276533#0,-1323419242#1,-1323419242#0,-162276528,-837309289#1",1.8504544705117731,2099.813473169674,47.854285714285716,14.770927180046682,50.004000000000005,0.7726823124401728,0.0,0.0,0.12188773008631956,0.6507945823538533,0.0,0.0,0.22731768755982726,0.0,4.762327762810747,0.47623277628107474,0.0,119.1732924819551,0.9524655525621495,0.47623277628107474,2.416540257271067,169.95959485498557,6.667258867935046,"8a755825c9b7fff,8a755825c98ffff,8a755825c9affff,8a755825c937fff,8a755824266ffff,8a7558242297fff,8a755824274ffff,8a755824260ffff,8a755824261ffff,8a75582426f7fff,8a755824268ffff,8a7558251367fff"
-336860316#0,-837309289#1,"-336860316#0,336860316#0,101784793,102036177,120511144#3,120511144#4,71223798,282689985#0,282689985#1,-1323419242#1,-1323419242#0,-162276528,-837309289#1",1.685802735087582,1818.021029769417,44.60953846153846,16.64336524772652,50.004000000000005,0.6319300193035403,0.0,0.0,0.10114828715281186,0.43416853072745243,0.0,0.0,0.4646831821197358,0.0,14.301264712706667,0.5500486427964103,0.0,117.4763167975026,1.6501459283892308,0.0,2.0922434602590996,163.67586828389108,7.150632356353333,"8a755825c9b7fff,8a755825c98ffff,8a755825cd67fff,8a755825cd77fff,8a75582426d7fff,8a75582426f7fff,8a755824268ffff,8a7558251367fff"
-336860316#0,-837309289#1,"-336860316#0,336860316#0,336860316#1,120511144#2,120511144#3,120511144#4,71223798,282689985#0,282689985#1,-1323419242#1,-1323419242#0,-162276528,-837309289#1",1.568403205081195,1797.329553364406,46.149230769230776,16.094801511429328,50.004000000000005,0.7090004254012076,0.0,0.0,0.17210815127087975,0.43916682828091397,0.0,0.0,0.38872502044820645,0.0,14.465905794143774,0.5563809920824528,0.0,117.2877948516757,1.6691429762473586,0.0,2.068430971028994,164.80551501054535,7.232952897071887,"8a755825c9b7fff,8a755825c98ffff,8a755825cd67fff,8a755825cd77fff,8a75582426d7fff,8a75582426f7fff,8a755824268ffff,8a7558251367fff"
-336860316#0,-837309289#1,"-336860316#0,336860316#0,336860316#1,-120511144#1,-120511144#0,-283490977#1,-283490977#0,-162276533#2,-162276533#1,-162276533#0,-1323419242#1,-1323419242#0,-162276528,-837309289#1",1.8595370956424595,2169.277789554132,49.284000000000006,13.848475928363438,50.004000000000005,0.8337434473116708,0.0,0.0,0.25020571249489154,0.5835377348167792,0.0,0.0,0.16625655268832937,0.0,4.6098291551933395,0.460982915519334,0.0,116.62243403918542,0.921965831038668,0.460982915519334,2.496482270755468,168.84453549502885,6.453760817270676,"8a755825c9b7fff,8a755825c98ffff,8a755824266ffff,8a7558242297fff,8a755824274ffff,8a755824260ffff,8a755824261ffff,8a75582426f7fff,8a755824268ffff,8a7558251367fff"
-101765343,416428068,"-101765343,101765343,101765339#1,101754276#0,-416382004,101765339#6,173532317#1,-101415865#2,-101415865#1,-101415865#0,47374680#2,47374680#3,47374665#0,47374666,659281081#0,659281081#1,526438862#0,526438862#1,526438862#2,1200809292,868087112,526439431#0,526439431#1,687927789#0,416428068",3.8344192046454624,2190.7066295429863,34.3944,10.835347156413588,39.99600000000001,0.33295309859516414,0.0,0.0,0.2160471893499574,0.011863248724904076,0.0,0.0,0.6609141595708751,0.9129474357856988,16.433053844142577,1.369421153678548,0.4564737178928494,108.73048882967825,2.2823685894642467,0.4564737178928494,1.548164188163236,77.43326985302687,11.411842947321235,"8a755825c81ffff,8a755825c807fff,8a755825c877fff,8a755825c957fff,8a755825c977fff,8a755825c90ffff,8a755825c927fff,8a75582422a7fff,8a7558242217fff,8a7558242387fff,8a7558242397fff,8a75582423a7fff,8a755824204ffff,8a755824206ffff,8a7558242a9ffff"
-101765343,416428068,"-101765343,101765343,101765339#1,101754276#0,-416382004,101765339#6,173532317#1,-101415865#2,-101415865#1,-101749449#1,101746514,-101746498#2,-101746498#1,-101746498#0,47374680#6,47374680#7,47374680#8,-101411571#0,120509990,120509991,282689983#0,101418595,526439431#1,687927789#0,416428068",3.651328695625119,2699.669924123138,39.59568,10.20619745840732,20.016000000000005,0.5400820508521708,0.0,0.0,0.023587580991219773,0.009626694507109427,0.0,0.0,0.966785724501671,0.740831307608691,12.594132229347746,0.740831307608691,0.3704156538043455,130.27819351649174,1.481662615217382,0.0,1.9078466463858355,114.44617580031903,9.260391345108637,"8a755825c81ffff,8a755825c807fff,8a755825c877fff,8a755825c957fff,8a755825c977fff,8a755825c90ffff,8a755825c927fff,8a755824225ffff,8a755824220ffff,8a7558242207fff,8a7558242237fff,8a7558242227fff,8a755824230ffff,8a7558242307fff,8a7558242337fff,8a755824206ffff,8a7558242a9ffff"
-101765343,416428068,"-101765343,101765343,101765339#1,101754276#0,-416382004,101765339#6,173532317#1,173532317#2,173532317#3,-283490977#1,47374680#0,47374680#1,47374680#2,47374680#3,47374665#0,47374666,659281081#0,659281081#1,526438862#0,526438862#1,526438862#2,1200809292,868087112,526439431#0,526439431#1,687927789#0,416428068",3.8334599872652055,2382.1515302549997,36.292,11.489213188565515,39.99600000000001,0.5078211473444476,0.0,0.0,0.2504635232420922,0.16075686220118973,0.0,0.0,0.4865389770967145,0.8395771530897986,15.951965908706173,1.2593657296346978,0.4197885765448993,112.06819387620865,2.5187314592693957,0.4197885765448993,1.6834575840437407,75.09507397803874,11.334291566712281,"8a755825c81ffff,8a755825c807fff,8a755825c877fff,8a755825c957fff,8a755825c977fff,8a755825c90ffff,8a755825c937fff,8a755824266ffff,8a7558242297fff,8a75582422a7fff,8a7558242217fff,8a7558242387fff,8a7558242397fff,8a75582423a7fff,8a755824204ffff,8a755824206ffff,8a7558242a9ffff"
-101765343,416428068,"-101765343,101765343,101765339#1,101754276#0,-416382004,101765339#6,173532317#1,-101415865#2,-101415865#1,-101415865#0,47374680#2,47374680#3,47374680#4,47374680#5,47374680#6,47374680#7,47374680#8,-101411571#0,120509990,120509991,282689983#0,282689983#1,71324342,416428068",2.720167145331855,2047.9042834087204,39.996,10.22325043180027,20.016000000000005,0.4874106374256183,0.0,0.0,0.0,0.012690484530998893,0.0,0.0,0.9873095154690011,0.0,7.812865146884759,0.48830407168029744,0.0,123.68494696594254,0.9766081433605949,0.0,1.4472463038197345,80.03896177994851,11.71929772032714,"8a755825c81ffff,8a755825c807fff,8a755825c877fff,8a755825c957fff,8a755825c977fff,8a755825c90ffff,8a755825c927fff,8a75582422a7fff,8a7558242217fff,8a7558242237fff,8a7558242227fff,8a755824230ffff,8a7558242307fff,8a7558242337fff,8a7558242327fff,8a7558242a9ffff,8a755824206ffff"
-101765343,416428068,"-101765343,101765343,101765339#1,101754276#0,-416382004,101765339#6,173532317#1,173532317#2,173532317#3,-283490977#1,-283490977#0,-1323419243,-16648700,42762427,659281081#0,659281081#1,526438862#0,526438862#1,526438862#2,1200809292,868087112,526439431#0,526439431#1,687927789#0,416428068",2.7414138153461525,2168.38317762119,38.79504,10.14056206726235,20.016000000000005,0.6190337481787621,0.0,0.0,0.44173189958541464,0.1766049512114671,0.0,0.0,0.3816631492031182,0.9223462073682411,8.30111586631417,0.46117310368412057,0.46117310368412057,103.6991922677848,1.3835193110523618,0.0,1.5323882881155337,74.51102955113252,11.529327592103014,"8a755825c81ffff,8a755825c807fff,8a755825c877fff,8a755825c957fff,8a755825c977fff,8a755825c90ffff,8a755825c937fff,8a755824266ffff,8a7558242297fff,8a755824274ffff,8a755824239ffff,8a7558242397fff,8a75582423a7fff,8a755824204ffff,8a755824206ffff,8a7558242a9ffff"
-101765343,416428068,"-101765343,101765343,101765339#1,101754276#0,-416382004,101765339#6,173532317#1,-101415865#2,-101415865#1,-101749449#1,101746514,-101746498#2,-101746498#1,-101746498#0,47374680#6,47374680#7,47374680#8,-101411571#0,120509990,120509991,282689983#0,282689983#1,71324342,416428068",3.398952784857644,2574.951331635693,40.830000000000005,10.1876911921243,20.016000000000005,0.5909099575441431,0.0,0.0,0.0,0.010092966538927066,0.0,0.0,0.9899070334610728,0.0,6.213709674208204,0.3883568546380127,0.0,133.87074001122048,0.7767137092760255,0.0,1.8197084831633743,117.07318440698161,9.320564511312305,"8a755825c81ffff,8a755825c807fff,8a755825c877fff,8a755825c957fff,8a755825c977fff,8a755825c90ffff,8a755825c927fff,8a755824225ffff,8a755824220ffff,8a7558242207fff,8a7558242237fff,8a7558242227fff,8a755824230ffff,8a7558242307fff,8a7558242337fff,8a7558242327fff,8a7558242a9ffff,8a755824206ffff"
-101765343,416428068,"-101765343,101765343,101765339#1,101754276#0,-416382004,101765339#6,173532317#1,173532317#2,173532317#3,-283490977#1,47374680#0,47374680#1,47374680#2,47374680#3,47374680#4,47374680#5,47374680#6,47374680#7,47374680#8,-101411571#0,120509990,120509991,282689983#0,101418595,526439431#1,687927789#0,416428068",2.9715838387190727,2364.0677766081794,40.36666666666666,10.191648345581791,20.016000000000005,0.5985249645445336,0.0,0.0,0.07911141127022787,0.16198655938747475,0.0,0.0,0.7589020293422974,0.8459994335989294,15.227989804780728,0.8459994335989294,0.4229997167994647,121.11730809391446,2.1149985839973233,0.0,1.6706778629227004,76.05471350877107,11.420992353585547,"8a755825c81ffff,8a755825c807fff,8a755825c877fff,8a755825c957fff,8a755825c977fff,8a755825c90ffff,8a755825c937fff,8a755824266ffff,8a7558242297fff,8a75582422a7fff,8a7558242217fff,8a7558242237fff,8a7558242227fff,8a755824230ffff,8a7558242307fff,8a7558242337fff,8a755824206ffff,8a7558242a9ffff"
-101765343,416428068,"-101765343,101765343,101765339#1,101754276#0,-416382004,101765339#6,173532317#1,-101415865#2,-101415865#1,-101415865#0,47374680#2,47374680#3,47374680#4,47374680#5,47374680#6,47374680#7,47374680#8,-101411571#0,120509990,120509991,282689983#0,101418595,526439431#1,687927789#0,416428068",2.9725430560993296,2172.6228758961656,38.79504,10.14056206726235,20.016000000000005,0.43019395115530124,0.0,0.0,0.029309588742385127,0.01196199207782198,0.0,0.0,0.9587284191797931,0.9205463231510155,15.649287493567263,0.9205463231510155,0.46027316157550774,120.14934298973633,1.841092646302031,0.0,1.5353844670421954,78.43534995250256,11.506829039387693,"8a755825c81ffff,8a755825c807fff,8a755825c877fff,8a755825c957fff,8a755825c977fff,8a755825c90ffff,8a755825c927fff,8a75582422a7fff,8a7558242217fff,8a7558242237fff,8a7558242227fff,8a755824230ffff,8a7558242307fff,8a7558242337fff,8a755824206ffff,8a7558242a9ffff"
-101765343,416428068,"-101765343,101765343,101765339#1,101754276#0,-416382004,101765339#6,173532317#1,173532317#2,173532317#3,-283490977#1,47374680#0,47374680#1,47374680#2,47374680#3,47374680#4,47374680#5,47374680#6,47374680#7,47374680#8,-101411571#0,120509990,120509991,282689983#0,282689983#1,71324342,416428068",2.719207927951598,2239.3491841207333,41.5356923076923,10.084690776694075,20.016000000000005,0.6602251696474627,0.0,0.0,0.05508120664511698,0.17100825900982394,0.0,0.0,0.7739105343450594,0.0,8.038049683201859,0.44655831573343663,0.0,124.32163940962008,1.3396749472003098,0.0,1.5825396997002388,77.49597583916146,11.61051620906935,"8a755825c81ffff,8a755825c807fff,8a755825c877fff,8a755825c957fff,8a755825c977fff,8a755825c90ffff,8a755825c937fff,8a755824266ffff,8a7558242297fff,8a75582422a7fff,8a7558242217fff,8a7558242237fff,8a7558242227fff,8a755824230ffff,8a7558242307fff,8a7558242337fff,8a7558242327fff,8a7558242a9ffff,8a755824206ffff"
-1200809291,-101752975#2,"-1200809291,-101418591,101418591,1200809291,625955757,71324347#2,71324347#3,71324347#4,71324347#5,-47374665#1,-47374680#3,-47374680#2,101415865#0,101415865#1,101415865#2,-173532317#1,-173532317#0,47374679#0,47374679#1,101754282#1,101754278#1,-101752975#2",3.83868446128134,1716.4313723722119,29.094545454545457,16.300577824193763,39.99600000000001,0.2858705086348265,0.0,0.0,0.0,0.1375057156544514,0.0,0.14836479298037505,0.3613759854689202,0.0,9.321666020288964,0.5826041262680602,0.0,63.15454316970553,1.7478123788041808,0.0,1.482185635733012,74.67272552116765,12.817290777897325,"8a755824204ffff,8a7558242317fff,8a75582423affff,8a7558242387fff,8a7558242217fff,8a75582422a7fff,8a755825c927fff,8a755825c90ffff,8a755825c977fff,8a755825c947fff,8a755825c96ffff,8a755825c95ffff"
-1200809291,-101752975#2,"-1200809291,-101418591,101418591,1200809291,625955757,71324347#2,71324347#3,71324347#4,71324347#5,-47374665#1,-47374680#3,-47374680#2,101415865#0,101415865#1,101415865#2,-173532317#1,-101765339#6,416382004,336860320,101752975#1,101752975#2,-101752975#2",4.388575447193344,2177.8572418359186,28.184727272727276,15.622431425241198,39.99600000000001,0.41766485511342283,0.0,0.0,0.0,0.011933242055689693,0.0,0.2307486104711501,0.4793030541954198,0.0,8.265004544019664,0.45916691911220353,0.0,72.61211776585104,1.8366676764488141,0.0,1.8806395481253875,92.1331127699967,10.101672220468478,"8a755824204ffff,8a7558242317fff,8a75582423affff,8a7558242387fff,8a7558242217fff,8a75582422a7fff,8a755825c927fff,8a755825c90ffff,8a755825c977fff,8a755825c957fff,8a755825c877fff,8a755825c95ffff,8a755825c96ffff"
-1200809291,-101752975#2,"-1200809291,-101418591,101418591,1200809291,625955757,71324347#2,71324347#3,71324347#4,71324347#5,-47374665#1,-47374680#3,-47374680#2,101415865#0,101415865#1,101415865#2,-173532317#1,-173532317#0,47374679#0,101754278#0,101754278#1,-101752975#2",3.836332649426288,1702.6074829481029,28.098857142857145,16.002907542961417,39.99600000000001,0.2800723154388037,0.0,0.0,0.0,0.12301974760955577,0.0,0.15705256782924784,0.3643100860844072,0.0,9.397350922184156,0.5873344326365098,0.0,62.919324402506604,1.1746688652730195,0.0,1.470248327510745,75.10643515449443,12.334023085366706,"8a755824204ffff,8a7558242317fff,8a75582423affff,8a7558242387fff,8a7558242217fff,8a75582422a7fff,8a755825c927fff,8a755825c90ffff,8a755825c977fff,8a755825c947fff,8a755825c96ffff,8a755825c95ffff"
-416375814,-352797377,"-416375814,679068326#3,101411570,282689981#1,352797377,-352797377",1.6498815220832754,1533.14089058638,39.996,10.963214711023408,20.016000000000005,0.2409840399511648,0.0,0.0,0.0,0.0,0.0,0.0,1.0,0.0,0.0,0.0,0.0,69.5494248924811,0.0,0.0,3.993009437033984,194.39744794051254,3.913534650885987,"8a7558242a1ffff,8a7558242a0ffff,8a7558242af7fff,8a7558242ac7fff,8a7558242acffff,8a7558240697fff"
-352797377,-416375814,"-352797377,-282689981#1,-282689981#0,-679068326#3,416375814,-416375814",1.6494020214277214,1175.5255198647424,43.332,10.336217954358357,20.016000000000005,0.4400499511189698,0.0,0.0,0.0,0.0,0.0,0.0,1.0,0.0,0.0,0.0,0.0,140.538727039298,0.0,0.0,3.4543626491290236,152.82394926280813,5.104100165082225,"8a7558240697fff,8a7558242acffff,8a7558242ac7fff,8a7558242af7fff,8a7558242a0ffff,8a7558242a1ffff"
-71223800#4,-336863927#1,"-71223800#4,-71223800#3,71223800#3,71223800#4,71223800#5,71223800#6,71223800#7,101417074,71324343#8,71324343#9,71324343#11,659283000#7,101594822,-101594843,101594812#1,-336863934,-101594809#0,-101594836#0,-372606529#1,-372606529#0,-120512823#1,-120512823#0,-101609498#5,336863927#0,336863927#1,-336863927#1",2.7951415348939683,1890.4192194451489,30.382615384615388,9.580391971425485,29.988000000000007,0.1793587844356388,0.0,0.0,0.005737370859718513,0.0,0.0,0.0,0.9942626291402813,0.0,9.521697523411301,0.5289831957450724,0.5289831957450724,128.20733764348614,1.0579663914901447,0.5289831957450724,2.3040170025397555,66.86577341037658,13.75356308937188,"8a7558242b47fff,8a7558242b67fff,8a7558242b57fff,8a7558242b5ffff,8a7558242b0ffff,8a7558242b07fff,8a7558242b17fff,8a755824284ffff,8a755824285ffff,8a7558242847fff,8a755824295ffff,8a755824282ffff,8a7558242817fff"
-71223800#4,-336863927#1,"-71223800#4,-71223800#3,71223800#3,71223800#4,71223800#5,71223800#6,71223800#7,101417074,71324343#8,71324343#9,71324343#11,659283000#7,101594822,-101594843,101594812#1,101594812#2,-101594836#1,-101594836#0,-372606529#1,-372606529#0,-120512823#1,-120512823#0,-101609498#5,336863927#0,336863927#1,-336863927#1",2.521271987074841,1754.461048025209,30.382615384615388,9.580391971425485,29.988000000000007,0.19325780623918368,0.0,0.0,0.006181976028766512,0.0,0.0,0.0,0.9938180239712333,0.0,10.259560917730541,0.5699756065405857,0.5699756065405857,130.27049178856007,1.1399512130811713,0.5699756065405857,2.1383130489597146,60.328249355608044,14.819365770055226,"8a7558242b47fff,8a7558242b67fff,8a7558242b57fff,8a7558242b5ffff,8a7558242b0ffff,8a7558242b07fff,8a7558242b17fff,8a755824284ffff,8a755824285ffff,8a7558242847fff,8a755824295ffff,8a755824282ffff,8a7558242817fff"
-479315694,-1323419243,"-479315694,479315694,101787498,101786553#1,101786553#2,173532317#3,-283490977#1,-283490977#0,-1323419243",0.9431771988853136,741.2694744038236,41.108000000000004,10.549358274321717,20.016000000000005,0.5810761069611649,0.0,0.0,0.3570202275398033,0.13583695034611637,0.0,0.0,0.5071428221140802,1.3490370702291015,12.141333632061913,0.0,0.0,66.881423298035,1.3490370702291015,0.0,1.284769372049625,69.18936538823358,12.141333632061913,"8a755825c98ffff,8a755825c9affff,8a755825c937fff,8a755824266ffff,8a7558242297fff,8a755824274ffff"
-479315694,-1323419243,"-479315694,479315694,336860316#0,336860316#1,-120511144#1,-120511144#0,-283490977#1,-283490977#0,-1323419243",0.9522598240159994,810.7337907882817,43.332,10.008000000000003,20.016000000000005,0.7608741607940974,0.0,0.0,0.6802138997674884,0.0,0.0,0.0,0.3197861002325117,1.2334505004752467,11.10105450427722,0.0,0.0,135.5156952135561,1.2334505004752467,0.0,1.4051650300697989,72.9635747117884,11.10105450427722,"8a755825c98ffff,8a755825c9b7fff,8a755824266ffff,8a7558242297fff,8a755824274ffff"
-101600741#2,-101752975#2,"-101600741#2,-101600741#1,101600741#1,101600741#2,101600741#3,101601553#0,101601553#1,-100525438#0,100468681#7,100468681#8,282479126,133906980,133906979,282479125#0,282479125#1,120511930,-42762428#0,-697042776#1,42762429,1323419246,184568063,76867740,1323419243,120511145,283490977#1,-173532317#3,-173532317#2,-173532317#1,-173532317#0,47374679#0,47374679#1,101754282#1,101754278#1,-101752975#2",4.575938093019785,3270.8756188813836,38.818588235294115,10.087958661023752,20.016000000000005,0.3887016536644083,0.0,0.0,0.26978563879177114,0.3350297651443163,0.0,0.07785621188313957,0.31732838418077297,1.2229141263916272,10.700498605926738,0.9171855947937203,0.3057285315979068,52.792264346564146,1.2229141263916272,0.3057285315979068,1.6593169723371888,74.92099415025525,10.39477007432883,"8a7558242137fff,8a75582421a7fff,8a7558242127fff,8a755824212ffff,8a75582428dffff,8a7558242177fff,8a7558242167fff,8a7558242147fff,8a755824214ffff,8a7558242a97fff,8a755824206ffff,8a7558242047fff,8a75582423b7fff,8a7558242397fff,8a755824274ffff,8a7558242297fff,8a755824266ffff,8a755825c937fff,8a755825c90ffff,8a755825c977fff,8a755825c947fff,8a755825c96ffff,8a755825c95ffff"
-101600741#2,-101752975#2,"-101600741#2,-101600741#1,101600741#1,101600741#2,101600741#3,101601553#0,101601553#1,-100525438#0,100468681#7,100468681#8,282479126,133906980,133906979,282479125#0,282479125#1,120511930,-42762428#0,-697042776#1,42762429,1323419246,184568063,76867740,1323419243,120511145,283490977#1,-173532317#3,-173532317#2,-173532317#1,-173532317#0,47374679#0,101754278#0,101754278#1,-101752975#2",4.573586281164733,3257.0517294572746,38.47963636363636,10.045837564067838,20.016000000000005,0.38610712295172234,0.0,0.0,0.27093068871687365,0.3282956482821653,0.0,0.08209844344315918,0.31867521955780187,1.2281045350994544,10.745914682120226,0.9210784013245907,0.3070261337748636,52.28645389127806,0.9210784013245907,0.3070261337748636,1.6523041057479722,74.64139788433053,10.131862414570499,"8a7558242137fff,8a75582421a7fff,8a7558242127fff,8a755824212ffff,8a75582428dffff,8a7558242177fff,8a7558242167fff,8a7558242147fff,8a755824214ffff,8a7558242a97fff,8a755824206ffff,8a7558242047fff,8a75582423b7fff,8a7558242397fff,8a755824274ffff,8a7558242297fff,8a755824266ffff,8a755825c937fff,8a755825c90ffff,8a755825c977fff,8a755825c947fff,8a755825c96ffff,8a755825c95ffff"
-101600741#2,-101752975#2,"-101600741#2,-101600741#1,101600741#1,101600741#2,101600741#3,101601553#0,101601553#1,-100525438#0,100468681#7,100468681#8,282479126,133906980,133906979,282479125#0,282479125#1,120511930,-42762428#0,-697042776#1,42762429,1323419246,184568063,1323419245,16648700,1323419243,120511145,283490977#1,-173532317#3,-173532317#2,-173532317#1,-101765339#6,416382004,336860320,101752975#1,101752975#2,-101752975#2",5.092635801620864,3725.920720719809,37.9944,9.948955236902135,20.016000000000005,0.453668289961772,0.0,0.0,0.30026720356664965,0.23774270313479517,0.0,0.1348760668909468,0.3271140264076084,0.5367800739500492,5.099410702525468,0.5367800739500492,0.2683900369750246,58.6225581292969,1.3419501848751232,0.2683900369750246,1.8901615988649414,81.08962786950175,9.393651294125862,"8a7558242137fff,8a75582421a7fff,8a7558242127fff,8a755824212ffff,8a75582428dffff,8a7558242177fff,8a7558242167fff,8a7558242147fff,8a755824214ffff,8a7558242a97fff,8a755824206ffff,8a7558242047fff,8a75582423b7fff,8a7558242397fff,8a755824239ffff,8a755824274ffff,8a7558242297fff,8a755824266ffff,8a755825c937fff,8a755825c90ffff,8a755825c977fff,8a755825c957fff,8a755825c877fff,8a755825c95ffff,8a755825c96ffff"
-101600741#2,-101752975#2,"-101600741#2,-101600741#1,101600741#1,101600741#2,101600741#3,101601553#0,101601553#1,-100525438#0,100468681#7,100468681#8,282479126,133906980,133906979,282479125#0,282479125#1,120511930,-42762428#0,-697042776#1,42762429,1323419246,184568063,76867740,1323419243,120511145,283490977#1,-173532317#3,-173532317#2,-173532317#1,-101765339#6,416382004,336860320,101752975#1,101752975#2,-101752975#2",5.125829078931789,3732.30148834509,38.22988235294117,9.999076235407818,20.016000000000005,0.4528926956143582,0.0,0.0,0.2364319364349147,0.2373362566169974,0.0,0.13464548186352326,0.3915863250845646,1.0717247822800102,9.913454236090095,0.8037935867100077,0.26793119557000256,59.08195096680747,1.3396559778500128,0.26793119557000256,1.8933985657358459,84.03325155626067,9.109660649380087,"8a7558242137fff,8a75582421a7fff,8a7558242127fff,8a755824212ffff,8a75582428dffff,8a7558242177fff,8a7558242167fff,8a7558242147fff,8a755824214ffff,8a7558242a97fff,8a755824206ffff,8a7558242047fff,8a75582423b7fff,8a7558242397fff,8a755824274ffff,8a7558242297fff,8a755824266ffff,8a755825c937fff,8a755825c90ffff,8a755825c977fff,8a755825c957fff,8a755825c877fff,8a755825c95ffff,8a755825c96ffff"
-101600741#2,-101752975#2,"-101600741#2,-101600741#1,101600741#1,101600741#2,101600741#3,101601553#0,101601553#1,-100525438#0,100468681#7,100468681#8,282479126,133906980,133906979,282479125#0,282479125#1,120511930,-42762428#0,-697042776#1,42762429,1323419246,184568063,1323419245,16648700,1323419243,120511145,283490977#1,-173532317#3,-173532317#2,-173532317#1,-173532317#0,47374679#0,47374679#1,101754282#1,101754278#1,-101752975#2",4.54274481570886,3264.494851256103,38.566285714285705,10.049962448192733,20.016000000000005,0.3894614082483803,0.0,0.0,0.3427090090496222,0.33568461288534296,0.0,0.07800838930073291,0.24359798876430191,0.6126522145472049,5.207543823651242,0.6126522145472049,0.30632610727360243,52.47424119306822,1.2253044290944097,0.30632610727360243,1.6560800054662845,71.30834920664914,10.721413754576085,"8a7558242137fff,8a75582421a7fff,8a7558242127fff,8a755824212ffff,8a75582428dffff,8a7558242177fff,8a7558242167fff,8a7558242147fff,8a755824214ffff,8a7558242a97fff,8a755824206ffff,8a7558242047fff,8a75582423b7fff,8a7558242397fff,8a755824239ffff,8a755824274ffff,8a7558242297fff,8a755824266ffff,8a755825c937fff,8a755825c90ffff,8a755825c977fff,8a755825c947fff,8a755825c96ffff,8a755825c95ffff"
-101600741#2,-101752975#2,"-101600741#2,-101600741#1,101600741#1,101600741#2,101600741#3,101601553#0,101601553#1,-100525438#0,100468681#7,100468681#8,282479126,133906980,133906979,282479125#0,282479125#1,120511930,-42762428#0,-697042776#1,42762429,1323419246,184568063,1323419245,16648700,1323419243,120511145,283490977#1,-173532317#3,-173532317#2,-173532317#1,-173532317#0,47374679#0,101754278#0,101754278#1,-101752975#2",4.540393003853809,3250.670961831994,38.22988235294117,9.999076235407818,20.016000000000005,0.38686501566339565,0.0,0.0,0.344166422457923,0.32894006239502854,0.0,0.08225959512419946,0.24463392002284898,0.615257595580468,5.229689562433978,0.615257595580468,0.307628797790234,51.97096834911579,0.922886393370702,0.307628797790234,1.649067138877068,71.01620404293404,10.459379124867956,"8a7558242137fff,8a75582421a7fff,8a7558242127fff,8a755824212ffff,8a75582428dffff,8a7558242177fff,8a7558242167fff,8a7558242147fff,8a755824214ffff,8a7558242a97fff,8a755824206ffff,8a7558242047fff,8a75582423b7fff,8a7558242397fff,8a755824239ffff,8a755824274ffff,8a7558242297fff,8a755824266ffff,8a755825c937fff,8a755825c90ffff,8a755825c977fff,8a755825c947fff,8a755825c96ffff,8a755825c95ffff"
-619184994,-101752975#1,"-619184994,120511930,-42762428#0,-697042776#1,42762429,1323419246,184568063,76867740,1323419243,120511145,283490977#1,-173532317#3,-173532317#2,-173532317#1,-101765339#6,416382004,336860320,101752975#1,101752975#2,-101752975#2,-101752975#1",3.713887181942611,2740.3173284418513,40.472571428571435,10.24351457543469,20.016000000000005,0.5792186664960524,0.0,0.0,0.3220193731176739,0.17112529227257753,0.0,0.20700750250570454,0.299847832104044,1.459684963666017,13.502085913910657,1.0947637227495126,0.36492124091650424,57.56507708994999,1.824606204582521,0.36492124091650424,1.6871795558577447,89.6906774128852,7.663346059246589,"8a7558242ab7fff,8a7558242a97fff,8a755824206ffff,8a7558242047fff,8a75582423b7fff,8a7558242397fff,8a755824274ffff,8a7558242297fff,8a755824266ffff,8a755825c937fff,8a755825c90ffff,8a755825c977fff,8a755825c957fff,8a755825c877fff,8a755825c95ffff,8a755825c96ffff"
-619184994,-101752975#1,"-619184994,120511930,-42762428#0,-697042776#1,42762429,1323419246,184568063,1323419245,16648700,1323419243,120511145,283490977#1,-173532317#3,-173532317#2,-173532317#1,-101765339#6,416382004,336860320,101752975#1,101752975#2,-101752975#2,-101752975#1",3.680693904631686,2733.936560816571,39.99600000000001,10.243514575434688,20.016000000000005,0.5805705119514686,0.0,0.0,0.40921644326209927,0.17152468366316392,0.0,0.2074906398209991,0.2117682332537376,0.7315458700338829,6.949685765321887,0.7315458700338829,0.36577293501694147,56.94296472558419,1.8288646750847073,0.36577293501694147,1.6832509959875734,86.24438755742716,8.047004570372712,"8a7558242ab7fff,8a7558242a97fff,8a755824206ffff,8a7558242047fff,8a75582423b7fff,8a7558242397fff,8a755824239ffff,8a755824274ffff,8a7558242297fff,8a755824266ffff,8a755825c937fff,8a755825c90ffff,8a755825c977fff,8a755825c957fff,8a755825c877fff,8a755825c95ffff,8a755825c96ffff"
-619184994,-101752975#1,"-619184994,120511930,-42762428#0,-697042776#1,42762429,1323419246,184568063,1323419245,16648700,1323419243,120511145,283490977#1,-173532317#3,-173532317#2,-173532317#1,-173532317#0,47374679#0,47374679#1,101754282#1,101754278#1,-101752975#2,-101752975#1",3.130802918719682,2272.5106913528643,40.905818181818184,10.201098183815516,20.016000000000005,0.5141034685950373,0.0,0.0,0.49230650477404314,0.2987743172927596,0.0,0.14054354081501383,0.06837563711818335,0.8800838683004681,7.480712880553979,0.8800838683004681,0.44004193415023407,44.52104210600206,1.7601677366009363,0.44004193415023407,1.3991567834586502,75.07580438529058,9.68092255130515,"8a7558242ab7fff,8a7558242a97fff,8a755824206ffff,8a7558242047fff,8a75582423b7fff,8a7558242397fff,8a755824239ffff,8a755824274ffff,8a7558242297fff,8a755824266ffff,8a755825c937fff,8a755825c90ffff,8a755825c977fff,8a755825c947fff,8a755825c96ffff,8a755825c95ffff,8a755825c877fff"
-619184994,-101752975#1,"-619184994,120511930,-42762428#0,-697042776#1,42762429,1323419246,184568063,76867740,1323419243,120511145,283490977#1,-173532317#3,-173532317#2,-173532317#1,-173532317#0,47374679#0,101754278#0,101754278#1,-101752975#2,-101752975#1",3.161644384175556,2265.067569554036,40.99680000000001,10.216522395249354,20.016000000000005,0.5096897571347103,0.0,0.0,0.3895845228237869,0.288028073740212,0.0,0.14663032376705923,0.17575707966894183,1.765951733081213,15.452077664460614,1.3244637998109097,0.4414879332703032,42.988441717041304,1.3244637998109097,0.4414879332703032,1.3945741452362794,79.12614330793146,8.829758665406064,"8a7558242ab7fff,8a7558242a97fff,8a755824206ffff,8a7558242047fff,8a75582423b7fff,8a7558242397fff,8a755824274ffff,8a7558242297fff,8a755824266ffff,8a755825c937fff,8a755825c90ffff,8a755825c977fff,8a755825c947fff,8a755825c96ffff,8a755825c95ffff,8a755825c877fff"
-619184994,-101752975#1,"-619184994,120511930,-42762428#0,-697042776#1,42762429,1323419246,184568063,76867740,1323419243,120511145,283490977#1,-173532317#3,-173532317#2,-173532317#1,-173532317#0,47374679#0,47374679#1,101754282#1,101754278#1,-101752975#2,-101752975#1",3.1639961960306078,2278.891458978145,41.42571428571429,10.149964537587595,20.016000000000005,0.512664007862701,0.0,0.0,0.387221280228953,0.29793776604608385,0.0,0.1401500268230939,0.1746909269018692,1.7552393661581411,15.358344453883735,1.3164295246186057,0.4388098415395353,44.52969179842245,1.7552393661581411,0.4388098415395353,1.4030853433288217,80.10396534520443,9.21500667233024,"8a7558242ab7fff,8a7558242a97fff,8a755824206ffff,8a7558242047fff,8a75582423b7fff,8a7558242397fff,8a755824274ffff,8a7558242297fff,8a755824266ffff,8a755825c937fff,8a755825c90ffff,8a755825c977fff,8a755825c947fff,8a755825c96ffff,8a755825c95ffff,8a755825c877fff"
-619184994,-101752975#1,"-619184994,120511930,-42762428#0,-697042776#1,42762429,1323419246,184568063,1323419245,16648700,1323419243,120511145,283490977#1,-173532317#3,-173532317#2,-173532317#1,-173532317#0,47374679#0,101754278#0,101754278#1,-101752975#2,-101752975#1",3.1284511068646315,2258.6868019287554,40.472571428571435,10.24351457543469,20.016000000000005,0.5111296256009735,0.0,0.0,0.4953195788660131,0.28884175016782654,0.0,0.14704455296518368,0.06879411800097668,0.8854702645325347,7.526497248526546,0.8854702645325347,0.4427351322662674,43.067483121998464,1.3282053967988021,0.4427351322662674,1.390645585366108,74.16804712724013,9.297437777591615,"8a7558242ab7fff,8a7558242a97fff,8a755824206ffff,8a7558242047fff,8a75582423b7fff,8a7558242397fff,8a755824239ffff,8a755824274ffff,8a7558242297fff,8a755824266ffff,8a755825c937fff,8a755825c90ffff,8a755825c977fff,8a755825c947fff,8a755825c96ffff,8a755825c95ffff,8a755825c877fff"
-336860317#0,-101606546,"-336860317#0,-101784793,336860316#1,-120511144#1,-120511144#0,-283490977#1,-283490977#0,-162276533#2,100488715#0,100488715#1,100488715#2,101605951#0,101605951#1,-101606546",2.187912861328837,1746.5514784559318,41.425714285714285,10.279268661718122,20.016000000000005,0.6466290241071548,0.0,0.0,0.31076421258111225,0.20135649212262155,0.0,0.0,0.48787929529626645,0.0,10.306023167386513,1.1451136852651682,0.0,133.95744553207388,1.7176705278977522,0.5725568426325841,2.0152369566808868,82.7192634564778,8.015795796856178,"8a755825cd6ffff,8a755825cd67fff,8a755825c9b7fff,8a755824266ffff,8a7558242297fff,8a755824274ffff,8a755824260ffff,8a755824262ffff,8a755824270ffff,8a7558242707fff,8a755824271ffff"
-336860317#0,-101606546,"-336860317#0,102036177,-120511144#2,-120511144#1,-120511144#0,-283490977#1,-283490977#0,-162276533#2,100488715#0,100488715#1,100488715#2,101605951#0,101605951#1,-101606546",2.1185676718491573,1762.3876678808392,42.85542857142857,9.952859084506523,20.016000000000005,0.7119978506549594,0.0,0.0,0.3791510009958894,0.19954717422435064,0.0,0.0,0.42130182477976,0.0,10.213416904831087,1.1348241005367876,0.0,134.16196712424673,1.7022361508051813,0.5674120502683938,2.033509349207379,80.88675272197118,7.943768703757513,"8a755825cd6ffff,8a755825cd67fff,8a755825c9b7fff,8a755824266ffff,8a7558242297fff,8a755824274ffff,8a755824260ffff,8a755824262ffff,8a755824270ffff,8a7558242707fff,8a755824271ffff"
-336860317#0,-101606546,"-336860317#0,102036177,120511144#3,120511144#4,71223798,282689985#0,282689985#1,162276533#0,162276533#1,100488715#0,100488715#1,100488715#2,101605951#0,101605951#1,-101606546",1.793608487311411,1389.2456230503317,40.6632,10.336217954358357,20.016000000000005,0.5177692745317686,0.0,0.0,0.13236659530746311,0.0898678009800591,0.0,0.0,0.7777656037124777,0.0,24.47371396092439,1.4396302329955522,0.0,137.03300438142657,2.8792604659911043,0.7198151164977761,1.6029639870410681,52.76445803089186,10.797226747466642,"8a755825cd6ffff,8a755825cd67fff,8a755825cd77fff,8a75582426d7fff,8a75582426f7fff,8a755824261ffff,8a755824260ffff,8a755824262ffff,8a755824270ffff,8a7558242707fff,8a755824271ffff"
-101606546,-336860317#0,"-101606546,101606546,-101605951#1,-101605951#0,-100488715#2,-100488715#1,-100488715#0,162276533#2,120511145,283490977#1,120511144#0,120511144#1,-336860316#1,101784793,336860317#0,-336860317#0",2.3825430964322374,1963.871741219243,41.247,10.25514832657237,20.016000000000005,0.6234813379233275,0.0,0.0,0.27637532713707985,0.17907456563081328,0.0,0.0,0.5445501072321068,0.0,9.165568006403996,0.5091982225779997,0.0,71.50603720008083,1.527594667733999,0.5091982225779997,2.3770439329623487,77.36279142767775,8.147171561247996,"8a7558242707fff,8a755824271ffff,8a755824270ffff,8a755824262ffff,8a755824260ffff,8a755824274ffff,8a7558242297fff,8a755824266ffff,8a755825c9b7fff,8a755825cd67fff,8a755825cd6ffff"
76867740,416428068,"76867740,-16648700,42762427,659281081#0,659281081#1,526438862#0,526438862#1,526438862#2,1200809292,868087112,526439431#0,526439431#1,687927789#0,416428068",1.6827999450320084,1064.2529083491263,32.84742857142857,7.268540576339252,20.016000000000005,0.12059143910632608,0.0,0.0,0.6513450122818935,0.0,0.0,0.0,0.34865498771810655,1.8792525576485466,16.91327301883692,0.9396262788242733,0.9396262788242733,88.28880827644407,1.8792525576485466,0.0,2.202491470387987,65.47336335684273,13.154767903539828,"8a7558242397fff,8a755824274ffff,8a755824239ffff,8a75582423a7fff,8a755824204ffff,8a755824206ffff,8a7558242a9ffff"
-100488715#3,-101411571#1,"-100488715#3,-100488715#2,-100488715#1,-100488715#0,162276533#2,120511145,47374680#0,47374680#1,47374680#2,47374680#3,47374680#4,47374680#5,47374680#6,47374680#7,47374680#8,101411571#1,-101411571#1",2.548895757006907,1689.8539193113854,34.69764705882353,8.751742119009625,20.016000000000005,0.30014672349398197,0.0,0.0,0.07846562426072116,0.20811235515361828,0.0,0.0,0.7134220205856607,0.0,10.651808297923758,0.591767127662431,0.0,85.81157224247926,1.775301382987293,0.591767127662431,2.9004631842029434,94.31872057908154,10.060041170261327,"8a75582420dffff,8a755824270ffff,8a755824262ffff,8a755824260ffff,8a755824274ffff,8a7558242297fff,8a75582422a7fff,8a7558242217fff,8a7558242237fff,8a7558242227fff,8a755824230ffff"
101416508#1,71223791#1,"101416508#1,101416508#2,679068326#1,-101415864#1,-101415864#0,-71324343#1,-71324343#0,-416376586,71223791#1",1.027733498006834,989.4221579249822,41.108000000000004,10.549358274321717,20.016000000000005,0.47038024216603125,0.0,0.0,0.0,0.0,0.0,0.0,1.0,0.0,0.0,0.0,0.0,82.19530873704538,0.0,0.0,2.8441701547810365,66.10927085309521,9.09621836130577,"8a7558242a27fff,8a7558242a2ffff,8a7558242a0ffff,8a7558242a07fff,8a7558242a1ffff,8a7558242aaffff,8a7558242327fff,8a7558242af7fff"
101416508#1,71223791#1,"101416508#1,-101416507,-101415864#0,-71324343#1,-71324343#0,-416376586,71223791#1",0.8479665876429765,888.005757200594,41.425714285714285,10.699002036238177,20.016000000000005,0.5523541265955655,0.0,0.0,0.0,0.0,0.0,0.0,1.0,0.0,0.0,0.0,0.0,78.16759089740557,0.0,0.0,2.5526409042631912,66.74539878201034,7.882831775851597,"8a7558242a27fff,8a7558242a2ffff,8a7558242a0ffff,8a7558242a07fff,8a7558242a1ffff,8a7558242aaffff,8a7558242327fff,8a7558242af7fff"
101416508#1,71223791#1,"101416508#1,101416508#2,679068326#1,679068326#2,416375814,-71324343#0,-416376586,71223791#1",1.0619174955799453,998.7550665843842,39.996,10.699002036238175,20.016000000000005,0.46797063796794147,0.0,0.0,0.0,0.0,0.0,0.0,1.0,0.0,0.0,0.0,0.0,75.93894630255076,0.0,0.0,2.8709983191330832,66.74472808393075,8.009971881653614,"8a7558242a27fff,8a7558242a2ffff,8a7558242a0ffff,8a7558242a1ffff,8a7558242aaffff,8a7558242327fff,8a7558242af7fff"
101416508#1,71223791#1,"101416508#1,-101416507,101415864#1,679068326#2,416375814,-71324343#0,-416376586,71223791#1",1.0258750872559246,1047.230053204299,42.498000000000005,10.359264176847425,20.016000000000005,0.6133976400344692,0.0,0.0,0.0,0.0,0.0,0.0,1.0,0.0,0.0,0.0,0.0,76.44076987646984,0.0,0.0,3.0103433995858153,60.5501364131378,7.639200169553689,"8a7558242a27fff,8a7558242a2ffff,8a7558242a0ffff,8a7558242a1ffff,8a7558242aaffff,8a7558242327fff,8a7558242af7fff"
-101749465,-1323419247,"-101749465,101749465,282689986,-352797377,-120511301,120509990,120509991,282689983#0,101418595,526439431#1,42762429,1323419247,-1323419247",3.0291684420348406,1815.6127817054157,34.607076923076924,8.77759665722475,20.016000000000005,0.10585161907009136,0.0,0.0,0.1289569500970853,0.0,0.0,0.0,0.8710430499029146,1.10155646630852,9.91400819677668,0.55077823315426,0.55077823315426,125.52461928980763,1.10155646630852,0.55077823315426,2.1924983229480337,125.35111499660366,7.16011703100538,"8a7558242a6ffff,8a7558240697fff,8a7558242acffff,8a755824230ffff,8a7558242307fff,8a7558242337fff,8a755824206ffff,8a7558242047fff,8a755824204ffff"
-101765339#0,100475365#1,"-101765339#0,101765339#0,101765339#1,101754276#0,-416382004,101765339#6,173532317#1,173532317#2,173532317#3,-283490977#1,-283490977#0,-162276533#2,100488715#0,100488715#1,100488715#2,100488715#3,100488715#4,100488715#5,101605219,100488715#7,100488714,282479151#6,282479151#7,282479151#1,100475362,-659278038#3,659278038#3,100475365#0,100475365#1",4.013593601587504,3016.5851829689586,41.03131034482758,10.130501500431576,20.016000000000005,0.619650258996996,0.0,0.0,0.0848447772316583,0.24352923579038233,0.0,0.0,0.6716259869779594,0.0,5.967012004707982,0.6630013338564424,0.0,117.48366784605298,1.3260026677128849,0.3315006669282212,2.057807377987721,104.2274850324596,9.613519340918415,"8a755825c81ffff,8a755825c807fff,8a755825c877fff,8a755825c957fff,8a755825c977fff,8a755825c90ffff,8a755825c937fff,8a755824266ffff,8a7558242297fff,8a755824274ffff,8a755824260ffff,8a755824262ffff,8a755824270ffff,8a75582420dffff,8a75582420c7fff,8a75582420e7fff,8a755824200ffff,8a7558242007fff"
-101765339#0,100475365#1,"-101765339#0,101765339#0,101765339#1,101754276#0,-416382004,101765339#6,173532317#1,173532317#2,173532317#3,-283490977#1,-283490977#0,-162276533#2,100488715#0,100488715#1,100488715#2,100488715#3,100488715#4,100488715#5,100488715#6,100488715#7,100488714,282479151#6,282479151#7,282479151#1,100475362,-659278038#3,659278038#3,100475365#0,100475365#1",3.9216710298230177,2831.5424836718835,40.34110344827586,10.179089316355608,20.016000000000005,0.5362684352521264,0.0,0.0,0.09038942531330946,0.2594439915845349,0.0,0.0,0.6501665831021556,0.0,6.356959185248736,0.7063287983609706,0.0,117.48366784605298,1.4126575967219412,0.3531643991804853,1.9315778141729463,93.71675692083237,10.241767576234075,"8a755825c81ffff,8a755825c807fff,8a755825c877fff,8a755825c957fff,8a755825c977fff,8a755825c90ffff,8a755825c937fff,8a755824266ffff,8a7558242297fff,8a755824274ffff,8a755824260ffff,8a755824262ffff,8a755824270ffff,8a75582420dffff,8a75582420c7fff,8a75582420e7fff,8a755824200ffff,8a7558242007fff"
-282689981#1,-619184994,"-282689981#1,282689981#1,-120511301,120509990,120509991,282689983#0,101418595,526439431#1,623959719,619185406,619184994,-619184994",1.8322440567299636,1353.5436098187556,38.328,10.306811869297459,20.016000000000005,0.3066665920251737,0.0,0.0,0.04704590419021775,0.0,0.0,0.0,0.9529540958097824,1.4776029272287778,13.298426345059,0.7388014636143889,0.7388014636143889,136.36695890955548,1.4776029272287778,0.7388014636143889,2.5416274900503177,60.36883833668615,8.865617563372666,"8a7558242acffff,8a7558242ac7fff,8a755824230ffff,8a7558242307fff,8a7558242337fff,8a755824206ffff,8a7558242067fff,8a7558242a97fff,8a7558242ab7fff"
-282689975#3,-1200809291,"-282689975#3,-282689975#2,-282689975#1,-282689975#0,-352797377,-120511301,120509990,71324347#0,71324347#1,71324347#2,71324347#3,101418583,526438862#2,101418589,-1200809291",2.819430213544778,1477.7389998214692,30.004800000000003,16.032470138530037,39.99600000000001,0.25905704724152706,0.0,0.0,0.020707311397806787,0.0,0.0,0.0,0.7667940833310423,1.3534189733380706,14.210899220049741,1.3534189733380706,0.0,85.13293085847364,2.0301284600071057,0.6767094866690353,1.3680954089220494,127.65548575682604,10.150642300035528,"8a7558240617fff,8a75582406affff,8a7558240687fff,8a7558240697fff,8a7558242acffff,8a755824230ffff,8a7558242307fff,8a7558242317fff,8a75582423affff,8a75582423a7fff,8a755824204ffff"
-336860317#1,-1047412913,"-336860317#1,-336860317#0,-101784793,336860316#1,-120511144#1,-120511144#0,-283490977#1,47374680#0,47374680#1,47374680#2,47374680#3,47374680#4,47374680#5,47374680#6,47374680#7,47374680#8,-101411571#0,120511301,-282689981#1,-282689981#0,-679068326#3,-679068326#2,-679068326#1,-679068326#0,-1006827381,101417074,71324343#8,71324343#9,71324343#11,659283000#7,659283000#8,659283000#9,659283000#11,1047412915,1047412911,1047412914,1047412913,-1047412913",3.8907781255050615,2833.0290136527383,38.4157894736842,10.015115535914905,20.016000000000005,0.4267884566732036,0.0,0.0,0.2817647686172763,0.0,0.0,0.0,0.7182352313827239,0.7059581777531179,9.530435399667091,0.35297908887655893,0.7059581777531179,95.6058596861654,1.0589372666296768,0.0,1.2324556256690433,64.15011485127383,13.41320537730924,"8a755825cd6ffff,8a755825cd67fff,8a755825c9b7fff,8a755824266ffff,8a7558242297fff,8a75582422a7fff,8a7558242217fff,8a7558242237fff,8a7558242227fff,8a755824230ffff,8a7558242acffff,8a7558242ac7fff,8a7558242af7fff,8a7558242a0ffff,8a7558242a2ffff,8a7558242b5ffff,8a7558242b0ffff,8a7558242b2ffff,8a75582404dffff,8a75582404d7fff,8a75582404c7fff"
-336860317#1,-1047412913,"-336860317#1,-336860317#0,102036177,-120511144#2,-120511144#1,-120511144#0,-283490977#1,47374680#0,47374680#1,47374680#2,47374680#3,47374680#4,47374680#5,47374680#6,47374680#7,47374680#8,-101411571#0,120511301,-282689981#1,-282689981#0,-679068326#3,-679068326#2,-679068326#1,-679068326#0,-1006827381,101417074,71324343#8,71324343#9,71324343#11,659283000#7,659283000#8,659283000#9,659283000#11,1047412915,1047412911,1047412914,1047412913,-1047412913",3.8214329360253823,2848.8652030776457,38.94252631578946,10.085994803437314,20.016000000000005,0.4684494838473351,0.0,0.0,0.3242319492705796,0.0,0.0,0.0,0.6757680507294207,0.7020339178699604,9.477457891244466,0.3510169589349802,0.7020339178699604,95.83919929877015,1.0530508768049405,0.0,1.2393448600015655,63.664561509595934,13.338644439529247,"8a755825cd6ffff,8a755825cd67fff,8a755825c9b7fff,8a755824266ffff,8a7558242297fff,8a75582422a7fff,8a7558242217fff,8a7558242237fff,8a7558242227fff,8a755824230ffff,8a7558242acffff,8a7558242ac7fff,8a7558242af7fff,8a7558242a0ffff,8a7558242a2ffff,8a7558242b5ffff,8a7558242b0ffff,8a7558242b2ffff,8a75582404dffff,8a75582404d7fff,8a75582404c7fff"
-336860317#1,-1047412913,"-336860317#1,-336860317#0,102036177,-120511144#2,-120511144#1,-120511144#0,-283490977#1,47374680#0,47374680#1,47374680#2,47374680#3,47374680#4,47374680#5,47374680#6,47374680#7,47374680#8,-101411571#0,120511301,352797377,-282689986,-224715833,-224715836,-101749453,-1006827381,101417074,71324343#8,71324343#9,71324343#11,659283000#7,659283000#8,659283000#9,659283000#11,1047412915,1047412911,1047412914,1047412913,-1047412913",4.580104151091684,3119.8337438701146,38.64356756756755,10.052980001915797,20.016000000000005,0.3605375305089834,0.0,0.0,0.29607126335429684,0.0,0.0,0.0,0.7039287366457032,0.6410598013210232,8.654307317833814,0.3205299006605116,0.6410598013210232,109.8641653222081,0.9615897019815349,0.0,1.3572245925668265,96.46303369202572,11.85960632443893,"8a755825cd6ffff,8a755825cd67fff,8a755825c9b7fff,8a755824266ffff,8a7558242297fff,8a75582422a7fff,8a7558242217fff,8a7558242237fff,8a7558242227fff,8a755824230ffff,8a7558242acffff,8a7558240697fff,8a7558242a6ffff,8a7558242a67fff,8a7558242a77fff,8a7558242b5ffff,8a7558242b0ffff,8a7558242b2ffff,8a75582404dffff,8a75582404d7fff,8a75582404c7fff"
-336860317#1,-1047412913,"-336860317#1,-336860317#0,-101784793,336860316#1,-120511144#1,-120511144#0,-283490977#1,47374680#0,47374680#1,47374680#2,47374680#3,47374680#4,47374680#5,47374680#6,47374680#7,47374680#8,-101411571#0,120511301,352797377,-282689986,-224715833,-224715836,-101749453,-1006827381,101417074,71324343#8,71324343#9,71324343#11,659283000#7,659283000#8,659283000#9,659283000#11,1047412915,1047412911,1047412914,1047412913,-1047412913",4.649449340571362,3103.9975544452072,38.102594594594585,9.962816925000736,20.016000000000005,0.321962818139866,0.0,0.0,0.25716765252431684,0.0,0.0,0.0,0.7428323474756834,0.6443304045571228,8.698460461521156,0.3221652022785614,0.6443304045571228,109.72154963266323,0.9664956068356841,0.0,1.3503353582343043,96.83554317161926,11.92011248430677,"8a755825cd6ffff,8a755825cd67fff,8a755825c9b7fff,8a755824266ffff,8a7558242297fff,8a75582422a7fff,8a7558242217fff,8a7558242237fff,8a7558242227fff,8a755824230ffff,8a7558242acffff,8a7558240697fff,8a7558242a6ffff,8a7558242a67fff,8a7558242a77fff,8a7558242b5ffff,8a7558242b0ffff,8a7558242b2ffff,8a75582404dffff,8a75582404d7fff,8a75582404c7fff"
71324347#5,416428068,"71324347#5,-47374665#1,47374680#4,47374680#5,47374680#6,47374680#7,47374680#8,-101411571#0,120509990,120509991,282689983#0,101418595,526439431#1,687927789#0,416428068",2.1247332699155352,1057.0969192370933,35.997600000000006,12.985578092638004,39.99600000000001,0.31556846174948916,0.0,0.0,0.06023920969400947,0.0,0.0,0.0,0.7221911636001344,1.8919741072023932,17.973754018422735,0.9459870536011966,0.9459870536011966,127.10246517681658,2.8379611608035895,0.0,3.019902408263386,46.92585098188666,14.189805804017949,"8a75582423affff,8a7558242387fff,8a7558242217fff,8a7558242237fff,8a7558242227fff,8a755824230ffff,8a7558242307fff,8a7558242337fff,8a755824206ffff,8a7558242a9ffff"
71324347#5,416428068,"71324347#5,47374666,659281081#0,659281081#1,526438862#0,526438862#1,526438862#2,1200809292,868087112,526439431#0,526439431#1,687927789#0,416428068",1.25543435850963,762.4760558958507,31.53323076923077,8.986663657459744,29.988000000000007,0.16831976400901497,0.0,0.0,0.620735571095402,0.0,0.0,0.0,0.16831976400901497,2.6230331884325917,24.91881529010962,1.3115165942162959,1.3115165942162959,106.36730934629017,2.6230331884325917,0.0,2.1782328900408072,30.441436238206297,17.049715724811843,"8a75582423affff,8a7558242387fff,8a7558242397fff,8a75582423a7fff,8a755824204ffff,8a755824206ffff,8a7558242a9ffff"
71324347#5,416428068,"71324347#5,-47374665#1,47374680#4,47374680#5,47374680#6,47374680#7,47374680#8,-101411571#0,120509990,120509991,282689983#0,282689983#1,71324342,416428068",1.872357359148061,932.3783267496476,37.856571428571435,13.689752336436444,39.99600000000001,0.42590818570274863,0.0,0.0,0.0,0.0,0.0,0.0,0.7533274042178802,0.0,1.072526002922105,0.0,0.0,132.73304331564663,1.072526002922105,0.0,2.663607757362429,47.11533350551161,15.015364040909471,"8a75582423affff,8a7558242387fff,8a7558242217fff,8a7558242237fff,8a7558242227fff,8a755824230ffff,8a7558242307fff,8a7558242337fff,8a7558242327fff,8a7558242a9ffff,8a755824206ffff"
-47374664,101606547#1,"-47374664,-47374680#4,47374665#0,47374666,659281081#0,1323419244,1323419245,16648700,1323419243,-162276533#2,100488715#0,100488715#1,100488715#2,101605951#0,101605951#1,-101606546,101606547#1",3.507223185849175,1853.8738205080585,34.11317647058824,11.759443249125862,39.99600000000001,0.3191538676481629,0.0,0.0,0.15950671185897186,0.18969979246866234,0.0,0.0,0.5194184860652676,2.1576441480271784,20.497619406258195,2.1576441480271784,0.0,120.66105095667741,3.2364662220407676,0.5394110370067946,2.5530542741534434,94.15874185050896,9.169987629115507,"8a755824221ffff,8a7558242237fff,8a7558242217fff,8a7558242387fff,8a7558242397fff,8a755824239ffff,8a755824274ffff,8a755824260ffff,8a755824262ffff,8a755824270ffff,8a7558242707fff,8a755824271ffff"
-47374664,101606547#1,"-47374664,-47374680#4,-47374680#3,-47374680#2,-47374680#1,-47374680#0,-283490977#0,-162276533#2,100488715#0,100488715#1,100488715#2,101605951#0,101605951#1,-101606546,101606547#1",2.501671611769258,1720.0539346379808,37.994400000000006,10.149964537587596,20.016000000000005,0.42107193736773924,0.0,0.0,0.07708795638207797,0.2044584021067239,0.0,0.0,0.7184536415111982,0.0,10.464788131070119,1.1627542367855688,0.0,125.95229731083856,1.744131355178353,0.5813771183927844,2.368764799968141,102.06546257000352,8.720656775891765,"8a755824221ffff,8a7558242237fff,8a7558242217fff,8a75582422a7fff,8a7558242297fff,8a755824274ffff,8a755824260ffff,8a755824262ffff,8a755824270ffff,8a7558242707fff,8a755824271ffff"
-47374664,101606547#1,"-47374664,-47374680#4,47374665#0,47374666,-42762427,16648700,1323419243,-162276533#2,100488715#0,100488715#1,100488715#2,101605951#0,101605951#1,-101606546,101606547#1",3.3311327496747056,1728.2000785869711,34.6632,12.461311666800688,39.99600000000001,0.3423625581770551,0.0,0.0,0.1322801191018221,0.20349465514491163,0.0,0.0,0.5232966990176754,1.1572734110944265,11.572734110944266,1.7359101166416397,0.0,117.61929767569295,2.314546822188853,0.0,2.3799832267007326,99.07966848882282,8.679550583208199,"8a755824221ffff,8a7558242237fff,8a7558242217fff,8a7558242387fff,8a7558242397fff,8a755824239ffff,8a755824274ffff,8a755824260ffff,8a755824262ffff,8a755824270ffff,8a7558242707fff,8a755824271ffff"
-47374664,101606547#1,"-47374664,-47374680#4,47374665#0,47374666,659281081#0,1323419244,76867740,1323419243,-162276533#2,100488715#0,100488715#1,100488715#2,101605951#0,101605951#1,-101606546,101606547#1",3.540416463160099,1860.2545881333392,34.371,12.095374983852302,39.99600000000001,0.3180591536884914,0.0,0.0,0.03191433603559307,0.18904911255526344,0.0,0.0,0.6481121647508714,2.150243319122129,20.427311531660223,2.150243319122129,0.0,124.08948403869543,2.687804148902661,0.5375608297805322,2.561841520554948,100.08906572247761,8.600973276488515,"8a755824221ffff,8a7558242237fff,8a7558242217fff,8a7558242387fff,8a7558242397fff,8a755824274ffff,8a755824260ffff,8a755824262ffff,8a755824270ffff,8a7558242707fff,8a755824271ffff"
71324347#0,-47374664,"71324347#0,71324347#1,71324347#2,71324347#3,71324347#4,71324347#5,-47374665#1,47374680#4,47374664,-47374664",2.194393009002162,1039.020346630431,22.0068,6.314441733043389,19.98,0.0,0.0,0.0,0.0,0.0,0.0,0.0,0.5587322001768202,0.0,0.962445060140569,0.0,0.0,86.36326333520653,0.962445060140569,0.0,3.2779036898915677,98.3088947948888,9.62445060140569,"8a7558242307fff,8a7558242317fff,8a75582423affff,8a7558242387fff,8a7558242217fff,8a7558242237fff,8a755824221ffff"
336863927#0,-101752975#1,"336863927#0,336863927#1,336863927#2,101608827,101609498#2,101608828,-101607966#0,101607969#1,100468681#4,100468681#5,100468681#6,100468681#7,100468681#8,282479126,133906980,133906979,282479125#0,282479125#1,120511930,-42762428#0,-697042776#1,42762429,1323419246,184568063,76867740,1323419243,120511145,283490977#1,-173532317#3,-173532317#2,-173532317#1,-173532317#0,47374679#0,101754278#0,101754278#1,-101752975#2,-101752975#1",4.550981774999415,3351.403602866815,40.807459459459444,10.112642128089517,20.016000000000005,0.5126599524146266,0.0,0.0,0.26330319257683626,0.3621748150423789,0.0,0.09910104255836863,0.2754209498224162,1.1935297785615469,10.443385562413535,0.8951473339211601,0.2983824446403867,51.162069866060165,0.8951473339211601,0.2983824446403867,1.4372759059748141,73.65464226095413,11.040150451694307,"8a755824282ffff,8a7558242817fff,8a755824281ffff,8a75582428f7fff,8a75582428d7fff,8a75582428dffff,8a7558242177fff,8a7558242167fff,8a7558242147fff,8a755824214ffff,8a7558242a97fff,8a755824206ffff,8a7558242047fff,8a75582423b7fff,8a7558242397fff,8a755824274ffff,8a7558242297fff,8a755824266ffff,8a755825c937fff,8a755825c90ffff,8a755825c977fff,8a755825c947fff,8a755825c96ffff,8a755825c95ffff,8a755825c877fff"
336863927#0,-101752975#1,"336863927#0,336863927#1,336863927#2,101608827,101609498#2,101608828,-101607966#0,101607969#1,100468681#4,100468681#5,100468681#6,100468681#7,100468681#8,282479126,133906980,133906979,282479125#0,282479125#1,120511930,-42762428#0,-697042776#1,42762429,1323419246,184568063,1323419245,16648700,1323419243,120511145,283490977#1,-173532317#3,-173532317#2,-173532317#1,-173532317#0,47374679#0,101754278#0,101754278#1,-101752975#2,-101752975#1",4.517788497688492,3345.0228352415347,40.52273684210525,10.128284275300963,20.016000000000005,0.5136378722041962,0.0,0.0,0.33445864217569377,0.36286567828856287,0.0,0.09929008184304135,0.2033855976927021,0.5979032426711627,5.082177562704882,0.5979032426711627,0.29895162133558134,50.93131831005869,0.8968548640067441,0.29895162133558134,1.4345394633805546,70.11248408534215,11.36016161075209,"8a755824282ffff,8a7558242817fff,8a755824281ffff,8a75582428f7fff,8a75582428d7fff,8a75582428dffff,8a7558242177fff,8a7558242167fff,8a7558242147fff,8a755824214ffff,8a7558242a97fff,8a755824206ffff,8a7558242047fff,8a75582423b7fff,8a7558242397fff,8a755824239ffff,8a755824274ffff,8a7558242297fff,8a755824266ffff,8a755825c937fff,8a755825c90ffff,8a755825c977fff,8a755825c947fff,8a755825c96ffff,8a755825c95ffff,8a755825c877fff"
336863927#0,-101752975#1,"336863927#0,336863927#1,336863927#2,101608827,101609498#2,101608828,-101607966#0,101607969#1,100468681#4,100468681#5,100468681#6,100468681#7,100468681#8,282479126,133906980,133906979,282479125#0,282479125#1,120511930,-42762428#0,-697042776#1,42762429,1323419246,184568063,76867740,1323419243,120511145,283490977#1,-173532317#3,-173532317#2,-173532317#1,-173532317#0,47374679#0,47374679#1,101754282#1,101754278#1,-101752975#2,-101752975#1",4.553333586854467,3365.227492290924,41.04947368421051,10.085994803437314,20.016000000000005,0.5146618779739516,0.0,0.0,0.2622215794533445,0.3685809545540224,0.0,0.09490790736565621,0.27428955862697696,1.188626923191141,10.400485577922483,0.8914701923933557,0.29715673079778526,51.641123859701246,1.188626923191141,0.29715673079778526,1.443204390141608,73.7042906327587,11.29195577031584,"8a755824282ffff,8a7558242817fff,8a755824281ffff,8a75582428f7fff,8a75582428d7fff,8a75582428dffff,8a7558242177fff,8a7558242167fff,8a7558242147fff,8a755824214ffff,8a7558242a97fff,8a755824206ffff,8a7558242047fff,8a75582423b7fff,8a7558242397fff,8a755824274ffff,8a7558242297fff,8a755824266ffff,8a755825c937fff,8a755825c90ffff,8a755825c977fff,8a755825c947fff,8a755825c96ffff,8a755825c95ffff,8a755825c877fff"
336863927#0,-101752975#1,"336863927#0,-336863927#0,101609498#5,120512823#0,120512823#1,-101607965,101607964#1,101607969#0,101607969#1,100468681#4,100468681#5,100468681#6,100468681#7,100468681#8,282479126,133906980,133906979,282479125#0,282479125#1,120511930,-42762428#0,-697042776#1,42762429,1323419246,184568063,76867740,1323419243,120511145,283490977#1,-173532317#3,-173532317#2,-173532317#1,-101765339#6,416382004,336860320,101752975#1,101752975#2,-101752975#2,-101752975#1",5.305027756242885,3902.1625170661573,40.252615384615375,10.135495585773336,20.016000000000005,0.5257689624872629,0.0,0.0,0.2261400606430414,0.2640403956251551,0.0,0.14537227595029834,0.3644472677815052,1.0250726315231489,9.481921841589127,0.7688044736423616,0.2562681578807872,60.56675013039166,1.2813407894039361,0.2562681578807872,1.6734732164695665,81.9392512354372,9.994458157350701,"8a755824282ffff,8a755824295ffff,8a7558242847fff,8a7558242877fff,8a75582428e7fff,8a75582428f7fff,8a75582428d7fff,8a75582428dffff,8a7558242177fff,8a7558242167fff,8a7558242147fff,8a755824214ffff,8a7558242a97fff,8a755824206ffff,8a7558242047fff,8a75582423b7fff,8a7558242397fff,8a755824274ffff,8a7558242297fff,8a755824266ffff,8a755825c937fff,8a755825c90ffff,8a755825c977fff,8a755825c957fff,8a755825c877fff,8a755825c95ffff,8a755825c96ffff"
336863927#0,-101752975#1,"336863927#0,336863927#1,336863927#2,101608827,101609498#2,101608828,-101607966#0,101607969#1,100468681#4,100468681#5,100468681#6,100468681#7,100468681#8,282479126,133906980,133906979,282479125#0,282479125#1,120511930,-42762428#0,-697042776#1,42762429,1323419246,184568063,76867740,1323419243,120511145,283490977#1,-173532317#3,-173532317#2,-173532317#1,-101765339#6,416382004,336860320,101752975#1,101752975#2,-101752975#2,-101752975#1",5.103224572766471,3826.653361754631,40.52273684210525,10.128284275300963,20.016000000000005,0.5620816461719107,0.0,0.0,0.23060235271577403,0.2692505532634301,0.0,0.1482408236668043,0.35190627035399147,1.0452998016433568,9.66902316520105,0.7839748512325175,0.2613249504108392,57.843628296829614,1.3066247520541958,0.2613249504108392,1.64109051880912,83.26241128828144,9.930348115611888,"8a755824282ffff,8a7558242817fff,8a755824281ffff,8a75582428f7fff,8a75582428d7fff,8a75582428dffff,8a7558242177fff,8a7558242167fff,8a7558242147fff,8a755824214ffff,8a7558242a97fff,8a755824206ffff,8a7558242047fff,8a75582423b7fff,8a7558242397fff,8a755824274ffff,8a7558242297fff,8a755824266ffff,8a755825c937fff,8a755825c90ffff,8a755825c977fff,8a755825c957fff,8a755825c877fff,8a755825c95ffff,8a755825c96ffff"
336863927#0,-101752975#1,"336863927#0,336863927#1,336863927#2,101608827,101609498#2,101608828,-101607966#0,101607969#1,100468681#4,100468681#5,100468681#6,100468681#7,100468681#8,282479126,133906980,133906979,282479125#0,282479125#1,120511930,-42762428#0,-697042776#1,42762429,1323419246,184568063,1323419245,16648700,1323419243,120511145,283490977#1,-173532317#3,-173532317#2,-173532317#1,-101765339#6,416382004,336860320,101752975#1,101752975#2,-101752975#2,-101752975#1",5.070031295455547,3820.27259412935,40.252615384615375,10.135495585773336,20.016000000000005,0.563020456762592,0.0,0.0,0.2928512999938278,0.2697002659923051,0.0,0.14848842124658215,0.28896001276728495,0.523522850980168,4.973467084311597,0.523522850980168,0.261761425490084,57.46782046619371,1.3088071274504203,0.261761425490084,1.6383540762148603,80.31337710871391,10.208695594113278,"8a755824282ffff,8a7558242817fff,8a755824281ffff,8a75582428f7fff,8a75582428d7fff,8a75582428dffff,8a7558242177fff,8a7558242167fff,8a7558242147fff,8a755824214ffff,8a7558242a97fff,8a755824206ffff,8a7558242047fff,8a75582423b7fff,8a7558242397fff,8a755824239ffff,8a755824274ffff,8a7558242297fff,8a755824266ffff,8a755825c937fff,8a755825c90ffff,8a755825c977fff,8a755825c957fff,8a755825c877fff,8a755825c95ffff,8a755825c96ffff"
336863927#0,-101752975#1,"336863927#0,-336863927#0,101609498#5,120512823#0,120512823#1,372606529#0,372606529#1,372606529#2,372606529#3,372606529#4,372606529#5,372606529#6,372606529#7,372606529#8,1164659929,120512822,282479125#0,282479125#1,120511930,-42762428#0,-697042776#1,42762429,1323419246,184568063,1323419245,16648700,1323419243,120511145,283490977#1,-173532317#3,-173532317#2,-173532317#1,-173532317#0,47374679#0,101754278#0,101754278#1,-101752975#2,-101752975#1",4.703521264517326,3334.440239285412,36.83557894736841,9.62335069093016,20.016000000000005,0.3918315270171295,0.0,0.0,0.3355201218904831,0.2598979217335727,0.0,0.09960520124635698,0.3049767551295872,0.5998008230696648,5.09830699609215,0.5998008230696648,0.2999004115348324,51.31796717428819,0.899701234604497,0.2999004115348324,1.430001033518693,67.27796371112184,11.39621563832363,"8a755824282ffff,8a755824295ffff,8a7558242847fff,8a755824285ffff,8a7558242bb7fff,8a7558242b87fff,8a7558242b9ffff,8a7558242147fff,8a755824214ffff,8a7558242a97fff,8a755824206ffff,8a7558242047fff,8a75582423b7fff,8a7558242397fff,8a755824239ffff,8a755824274ffff,8a7558242297fff,8a755824266ffff,8a755825c937fff,8a755825c90ffff,8a755825c977fff,8a755825c947fff,8a755825c96ffff,8a755825c95ffff,8a755825c877fff"
336863927#0,-101752975#1,"336863927#0,-336863927#0,-101609498#4,-101609498#3,101608828,-101607966#0,101607969#1,100468681#4,100468681#5,100468681#6,100468681#7,100468681#8,282479126,133906980,133906979,282479125#0,282479125#1,120511930,-42762428#0,-697042776#1,42762429,1323419246,184568063,76867740,1323419243,120511145,283490977#1,-173532317#3,-173532317#2,-173532317#1,-173532317#0,47374679#0,47374679#1,101754282#1,101754278#1,-101752975#2,-101752975#1",4.40197304263678,3269.9575510996647,41.348432432432425,10.052980001915797,20.016000000000005,0.5296565089689235,0.0,0.0,0.2698613833539175,0.3793195299990679,0.0,0.09767304135042945,0.25314604529658524,1.2232574697047143,10.70350285991625,0.9174431022785358,0.30581436742617857,49.22397520788229,1.2232574697047143,0.30581436742617857,1.4023471233771085,72.3613586489122,11.315131594768607,"8a755824282ffff,8a755824280ffff,8a755824281ffff,8a75582428f7fff,8a75582428d7fff,8a75582428dffff,8a7558242177fff,8a7558242167fff,8a7558242147fff,8a755824214ffff,8a7558242a97fff,8a755824206ffff,8a7558242047fff,8a75582423b7fff,8a7558242397fff,8a755824274ffff,8a7558242297fff,8a755824266ffff,8a755825c937fff,8a755825c90ffff,8a755825c977fff,8a755825c947fff,8a755825c96ffff,8a755825c95ffff,8a755825c877fff"
336863927#0,-101752975#1,"336863927#0,-336863927#0,-101609498#4,-101609498#3,101608828,-101607966#0,101607969#1,100468681#4,100468681#5,100468681#6,100468681#7,100468681#8,282479126,133906980,133906979,282479125#0,282479125#1,120511930,-42762428#0,-697042776#1,42762429,1323419246,184568063,76867740,1323419243,120511145,283490977#1,-173532317#3,-173532317#2,-173532317#1,-101765339#6,416382004,336860320,101752975#1,101752975#2,-101752975#2,-101752975#1",4.951864028548783,3731.3834205633716,40.80745945945945,10.112642128089517,20.016000000000005,0.5764327538818226,0.0,0.0,0.23649010803481355,0.27612507712869616,0.0,0.15202571869395431,0.33535909614253584,1.071988468929862,9.915893337601222,0.8039913516973964,0.2679971172324655,55.92729606315944,1.3399855861623273,0.2679971172324655,1.6002332520446203,82.33220178359483,9.915893337601222,"8a755824282ffff,8a755824280ffff,8a755824281ffff,8a75582428f7fff,8a75582428d7fff,8a75582428dffff,8a7558242177fff,8a7558242167fff,8a7558242147fff,8a755824214ffff,8a7558242a97fff,8a755824206ffff,8a7558242047fff,8a75582423b7fff,8a7558242397fff,8a755824274ffff,8a7558242297fff,8a755824266ffff,8a755825c937fff,8a755825c90ffff,8a755825c977fff,8a755825c957fff,8a755825c877fff,8a755825c95ffff,8a755825c96ffff"
336863927#0,-101752975#1,"336863927#0,-336863927#0,101609498#5,120512823#0,120512823#1,372606529#0,372606529#1,372606529#2,372606529#3,372606529#4,372606529#5,372606529#6,372606529#7,372606529#8,1164659929,120512822,282479125#0,282479125#1,120511930,-42762428#0,-697042776#1,42762429,1323419246,184568063,1323419245,16648700,1323419243,120511145,283490977#1,-173532317#3,-173532317#2,-173532317#1,-101765339#6,416382004,336860320,101752975#1,101752975#2,-101752975#2,-101752975#1",5.255764062284381,3809.6899981732277,36.65999999999999,9.558979729745444,20.016000000000005,0.4565463386461841,0.0,0.0,0.29366478533897294,0.17931869613060325,0.0,0.14890089390629163,0.3781156246241321,0.5249770981258354,4.987282432195435,0.5249770981258354,0.2624885490629177,58.22813109017621,1.3124427453145884,0.2624885490629177,1.6338156463529987,77.95244030487436,10.23705341345379,"8a755824282ffff,8a755824295ffff,8a7558242847fff,8a755824285ffff,8a7558242bb7fff,8a7558242b87fff,8a7558242b9ffff,8a7558242147fff,8a755824214ffff,8a7558242a97fff,8a755824206ffff,8a7558242047fff,8a75582423b7fff,8a7558242397fff,8a755824239ffff,8a755824274ffff,8a7558242297fff,8a755824266ffff,8a755825c937fff,8a755825c90ffff,8a755825c977fff,8a755825c957fff,8a755825c877fff,8a755825c95ffff,8a755825c96ffff"
336863927#0,-101752975#1,"336863927#0,-336863927#0,101609498#5,120512823#0,120512823#1,372606529#0,372606529#1,372606529#2,372606529#3,372606529#4,372606529#5,372606529#6,372606529#7,372606529#8,1164659929,120512822,282479125#0,282479125#1,120511930,-42762428#0,-697042776#1,42762429,1323419246,184568063,76867740,1323419243,120511145,283490977#1,-173532317#3,-173532317#2,-173532317#1,-173532317#0,47374679#0,47374679#1,101754282#1,101754278#1,-101752975#2,-101752975#1",4.739066353683301,3354.6448963348016,37.362315789473676,9.784852215059502,20.016000000000005,0.3935923893385165,0.0,0.0,0.2630487862403767,0.2662513909327083,0.0,0.09520730478855162,0.37549251803836337,1.1923765774345585,10.433295052552387,0.8942824330759189,0.2980941443586396,51.98574509280176,1.1923765774345585,0.2980941443586396,1.4386659602797465,71.01542497628756,11.327577485628305,"8a755824282ffff,8a755824295ffff,8a7558242847fff,8a755824285ffff,8a7558242bb7fff,8a7558242b87fff,8a7558242b9ffff,8a7558242147fff,8a755824214ffff,8a7558242a97fff,8a755824206ffff,8a7558242047fff,8a75582423b7fff,8a7558242397fff,8a755824274ffff,8a7558242297fff,8a755824266ffff,8a755825c937fff,8a755825c90ffff,8a755825c977fff,8a755825c947fff,8a755825c96ffff,8a755825c95ffff,8a755825c877fff"
336863927#0,-101752975#1,"336863927#0,-336863927#0,-101609498#4,-101609498#3,101608828,-101607966#0,101607969#1,100468681#4,100468681#5,100468681#6,100468681#7,100468681#8,282479126,133906980,133906979,282479125#0,282479125#1,120511930,-42762428#0,-697042776#1,42762429,1323419246,184568063,1323419245,16648700,1323419243,120511145,283490977#1,-173532317#3,-173532317#2,-173532317#1,-173532317#0,47374679#0,101754278#0,101754278#1,-101752975#2,-101752975#1",4.366427953470804,3249.7528940502752,40.807459459459444,10.112642128089517,20.016000000000005,0.5286957093610113,0.0,0.0,0.34426365080552646,0.37350346920927247,0.0,0.10220087554535032,0.18003200443985076,0.615431408234653,5.23116696999455,0.615431408234653,0.3077157041173265,48.463627877631126,0.9231471123519795,0.3077157041173265,1.393682196616055,68.59332021648119,11.385481052341081,"8a755824282ffff,8a755824280ffff,8a755824281ffff,8a75582428f7fff,8a75582428d7fff,8a75582428dffff,8a7558242177fff,8a7558242167fff,8a7558242147fff,8a755824214ffff,8a7558242a97fff,8a755824206ffff,8a7558242047fff,8a75582423b7fff,8a7558242397fff,8a755824239ffff,8a755824274ffff,8a7558242297fff,8a755824266ffff,8a755825c937fff,8a755825c90ffff,8a755825c977fff,8a755825c947fff,8a755825c96ffff,8a755825c95ffff,8a755825c877fff"
336863927#0,-101752975#1,"336863927#0,-336863927#0,-101609498#4,-101609498#3,101608828,-101607966#0,101607969#1,100468681#4,100468681#5,100468681#6,100468681#7,100468681#8,282479126,133906980,133906979,282479125#0,282479125#1,120511930,-42762428#0,-697042776#1,42762429,1323419246,184568063,1323419245,16648700,1323419243,120511145,283490977#1,-173532317#3,-173532317#2,-173532317#1,-173532317#0,47374679#0,47374679#1,101754282#1,101754278#1,-101752975#2,-101752975#1",4.368779765325856,3263.5767834743842,41.04947368421051,10.085994803437314,20.016000000000005,0.5306920645354605,0.0,0.0,0.34280541557552546,0.38006115489017217,0.0,0.09786400636258033,0.1792694231717221,0.6128245580515536,5.209008743438205,0.6128245580515536,0.3064122790257768,49.04450196388214,1.2256491161031071,0.3064122790257768,1.3996106807828488,68.70893982097233,11.643666602979517,"8a755824282ffff,8a755824280ffff,8a755824281ffff,8a75582428f7fff,8a75582428d7fff,8a75582428dffff,8a7558242177fff,8a7558242167fff,8a7558242147fff,8a755824214ffff,8a7558242a97fff,8a755824206ffff,8a7558242047fff,8a75582423b7fff,8a7558242397fff,8a755824239ffff,8a755824274ffff,8a7558242297fff,8a755824266ffff,8a755825c937fff,8a755825c90ffff,8a755825c977fff,8a755825c947fff,8a755825c96ffff,8a755825c95ffff,8a755825c877fff"
336863927#0,-101752975#1,"336863927#0,-336863927#0,101609498#5,120512823#0,120512823#1,372606529#0,372606529#1,372606529#2,372606529#3,372606529#4,372606529#5,372606529#6,372606529#7,372606529#8,1164659929,120512822,282479125#0,282479125#1,120511930,-42762428#0,-697042776#1,42762429,1323419246,184568063,76867740,1323419243,120511145,283490977#1,-173532317#3,-173532317#2,-173532317#1,-101765339#6,416382004,336860320,101752975#1,101752975#2,-101752975#2,-101752975#1",5.288957339595305,3816.0707657985085,36.83557894736841,9.62335069093016,20.016000000000005,0.45578295759906545,0.0,0.0,0.23124185121438523,0.17901886130019798,0.0,0.14865192001101488,0.44108736747440175,1.0481985910350393,9.695836967074113,0.7861489432762795,0.26204964775875983,58.573351987615055,1.310248238793799,0.26204964775875983,1.6365520889472585,80.93480910710396,9.957886614832873,"8a755824282ffff,8a755824295ffff,8a7558242847fff,8a755824285ffff,8a7558242bb7fff,8a7558242b87fff,8a7558242b9ffff,8a7558242147fff,8a755824214ffff,8a7558242a97fff,8a755824206ffff,8a7558242047fff,8a75582423b7fff,8a7558242397fff,8a755824274ffff,8a7558242297fff,8a755824266ffff,8a755825c937fff,8a755825c90ffff,8a755825c977fff,8a755825c957fff,8a755825c877fff,8a755825c95ffff,8a755825c96ffff"
336863927#0,-101752975#1,"336863927#0,-336863927#0,-101609498#4,-101609498#3,101608828,-101607966#0,101607969#1,100468681#4,100468681#5,100468681#6,100468681#7,100468681#8,282479126,133906980,133906979,282479125#0,282479125#1,120511930,-42762428#0,-697042776#1,42762429,1323419246,184568063,76867740,1323419243,120511145,283490977#1,-173532317#3,-173532317#2,-173532317#1,-173532317#0,47374679#0,101754278#0,101754278#1,-101752975#2,-101752975#1",4.399621230781729,3256.1336616755557,41.10799999999999,10.087115855670257,20.016000000000005,0.5276596694386884,0.0,0.0,0.2710070776990943,0.3727715462933581,0.0,0.10200060119984956,0.254220774807698,1.228450799510995,10.748944495721206,0.9213380996332462,0.30711269987774875,48.6332480821402,0.9213380996332462,0.30711269987774875,1.3964186392103146,72.27525142765934,11.056057195598955,"8a755824282ffff,8a755824280ffff,8a755824281ffff,8a75582428f7fff,8a75582428d7fff,8a75582428dffff,8a7558242177fff,8a7558242167fff,8a7558242147fff,8a755824214ffff,8a7558242a97fff,8a755824206ffff,8a7558242047fff,8a75582423b7fff,8a7558242397fff,8a755824274ffff,8a7558242297fff,8a755824266ffff,8a755825c937fff,8a755825c90ffff,8a755825c977fff,8a755825c947fff,8a755825c96ffff,8a755825c95ffff,8a755825c877fff"
336863927#0,-101752975#1,"336863927#0,-336863927#0,101609498#5,120512823#0,120512823#1,-101607965,101607964#1,101607969#0,101607969#1,100468681#4,100468681#5,100468681#6,100468681#7,100468681#8,282479126,133906980,133906979,282479125#0,282479125#1,120511930,-42762428#0,-697042776#1,42762429,1323419246,184568063,1323419245,16648700,1323419243,120511145,283490977#1,-173532317#3,-173532317#2,-173532317#1,-173532317#0,47374679#0,47374679#1,101754282#1,101754278#1,-101752975#2,-101752975#1",4.721943493019958,3434.355879977171,40.49640000000001,10.122818288021758,20.016000000000005,0.4754016983682869,0.0,0.0,0.32575884230408,0.36116197760153873,0.0,0.09299755478597332,0.22008162530840789,0.5823508308094427,4.949982061880263,0.5823508308094427,0.29117541540472136,54.34012247078288,1.1647016616188854,0.29117541540472136,1.4728506452077954,68.93424525267851,11.647016616188854,"8a755824282ffff,8a755824295ffff,8a7558242847fff,8a7558242877fff,8a75582428e7fff,8a75582428f7fff,8a75582428d7fff,8a75582428dffff,8a7558242177fff,8a7558242167fff,8a7558242147fff,8a755824214ffff,8a7558242a97fff,8a755824206ffff,8a7558242047fff,8a75582423b7fff,8a7558242397fff,8a755824239ffff,8a755824274ffff,8a7558242297fff,8a755824266ffff,8a755825c937fff,8a755825c90ffff,8a755825c977fff,8a755825c947fff,8a755825c96ffff,8a755825c95ffff,8a755825c877fff"
336863927#0,-101752975#1,"336863927#0,-336863927#0,-101609498#4,-101609498#3,101608828,-101607966#0,101607969#1,100468681#4,100468681#5,100468681#6,100468681#7,100468681#8,282479126,133906980,133906979,282479125#0,282479125#1,120511930,-42762428#0,-697042776#1,42762429,1323419246,184568063,1323419245,16648700,1323419243,120511145,283490977#1,-173532317#3,-173532317#2,-173532317#1,-101765339#6,416382004,336860320,101752975#1,101752975#2,-101752975#2,-101752975#1",4.91867075123786,3725.0026529380907,40.52273684210525,10.128284275300963,20.016000000000005,0.5774201581327214,0.0,0.0,0.30034120771407863,0.27659806738315446,0.0,0.15228613214179101,0.2707745927609759,0.5369123692898589,5.100667508253659,0.5369123692898589,0.26845618464492943,55.58532234788232,1.342280923224647,0.26845618464492943,1.5974968094503605,79.29656511449275,10.201335016507318,"8a755824282ffff,8a755824280ffff,8a755824281ffff,8a75582428f7fff,8a75582428d7fff,8a75582428dffff,8a7558242177fff,8a7558242167fff,8a7558242147fff,8a755824214ffff,8a7558242a97fff,8a755824206ffff,8a7558242047fff,8a75582423b7fff,8a7558242397fff,8a755824239ffff,8a755824274ffff,8a7558242297fff,8a755824266ffff,8a755825c937fff,8a755825c90ffff,8a755825c977fff,8a755825c957fff,8a755825c877fff,8a755825c95ffff,8a755825c96ffff"
336863927#0,-101752975#1,"336863927#0,-336863927#0,101609498#5,120512823#0,120512823#1,-101607965,101607964#1,101607969#0,101607969#1,100468681#4,100468681#5,100468681#6,100468681#7,100468681#8,282479126,133906980,133906979,282479125#0,282479125#1,120511930,-42762428#0,-697042776#1,42762429,1323419246,184568063,76867740,1323419243,120511145,283490977#1,-173532317#3,-173532317#2,-173532317#1,-173532317#0,47374679#0,101754278#0,101754278#1,-101752975#2,-101752975#1",4.7527849584758295,3426.912758178342,40.52273684210525,10.128284275300963,20.016000000000005,0.47240033317297003,0.0,0.0,0.2575015270354952,0.3541945960263875,0.0,0.09691743400392971,0.2913864429341876,1.1672313485232393,10.213274299578345,0.8754235113924296,0.2918078371308098,54.23306938003339,0.8754235113924296,0.2918078371308098,1.4696586036352608,72.32233327055631,11.088697810970775,"8a755824282ffff,8a755824295ffff,8a7558242847fff,8a7558242877fff,8a75582428e7fff,8a75582428f7fff,8a75582428d7fff,8a75582428dffff,8a7558242177fff,8a7558242167fff,8a7558242147fff,8a755824214ffff,8a7558242a97fff,8a755824206ffff,8a7558242047fff,8a75582423b7fff,8a7558242397fff,8a755824274ffff,8a7558242297fff,8a755824266ffff,8a755825c937fff,8a755825c90ffff,8a755825c977fff,8a755825c947fff,8a755825c96ffff,8a755825c95ffff,8a755825c877fff"
336863927#0,-101752975#1,"336863927#0,-336863927#0,101609498#5,120512823#0,120512823#1,-101607965,101607964#1,101607969#0,101607969#1,100468681#4,100468681#5,100468681#6,100468681#7,100468681#8,282479126,133906980,133906979,282479125#0,282479125#1,120511930,-42762428#0,-697042776#1,42762429,1323419246,184568063,76867740,1323419243,120511145,283490977#1,-173532317#3,-173532317#2,-173532317#1,-173532317#0,47374679#0,47374679#1,101754282#1,101754278#1,-101752975#2,-101752975#1",4.755136770330881,3440.736647602451,40.76584615384614,10.108788041101619,20.016000000000005,0.4745200767631968,0.0,0.0,0.2564669600224231,0.36049221095265327,0.0,0.09282509294201848,0.2902157360829052,1.1625417489557799,10.172240303363074,0.8719063117168349,0.29063543723894497,54.60512366456189,1.1625417489557799,0.29063543723894497,1.4755870878020547,72.39688723565871,11.334782052318854,"8a755824282ffff,8a755824295ffff,8a7558242847fff,8a7558242877fff,8a75582428e7fff,8a75582428f7fff,8a75582428d7fff,8a75582428dffff,8a7558242177fff,8a7558242167fff,8a7558242147fff,8a755824214ffff,8a7558242a97fff,8a755824206ffff,8a7558242047fff,8a75582423b7fff,8a7558242397fff,8a755824274ffff,8a7558242297fff,8a755824266ffff,8a755825c937fff,8a755825c90ffff,8a755825c977fff,8a755825c947fff,8a755825c96ffff,8a755825c95ffff,8a755825c877fff"
336863927#0,-101752975#1,"336863927#0,336863927#1,336863927#2,101608827,101609498#2,101608828,-101607966#0,101607969#1,100468681#4,100468681#5,100468681#6,100468681#7,100468681#8,282479126,133906980,133906979,282479125#0,282479125#1,120511930,-42762428#0,-697042776#1,42762429,1323419246,184568063,1323419245,16648700,1323419243,120511145,283490977#1,-173532317#3,-173532317#2,-173532317#1,-173532317#0,47374679#0,47374679#1,101754282#1,101754278#1,-101752975#2,-101752975#1",4.520140309543543,3358.8467246656437,40.76584615384614,10.108788041101619,20.016000000000005,0.5156395760108481,0.0,0.0,0.33308212229688483,0.36928114411755397,0.0,0.09508820297076817,0.20254853061479303,0.5954424729515129,5.061261020087859,0.5954424729515129,0.29772123647575643,51.40570400128453,1.1908849459030257,0.29772123647575643,1.4404679475473485,70.18912668420127,11.6111282225545,"8a755824282ffff,8a7558242817fff,8a755824281ffff,8a75582428f7fff,8a75582428d7fff,8a75582428dffff,8a7558242177fff,8a7558242167fff,8a7558242147fff,8a755824214ffff,8a7558242a97fff,8a755824206ffff,8a7558242047fff,8a75582423b7fff,8a7558242397fff,8a755824239ffff,8a755824274ffff,8a7558242297fff,8a755824266ffff,8a755825c937fff,8a755825c90ffff,8a755825c977fff,8a755825c947fff,8a755825c96ffff,8a755825c95ffff,8a755825c877fff"
336863927#0,-101752975#1,"336863927#0,-336863927#0,101609498#5,120512823#0,120512823#1,-101607965,101607964#1,101607969#0,101607969#1,100468681#4,100468681#5,100468681#6,100468681#7,100468681#8,282479126,133906980,133906979,282479125#0,282479125#1,120511930,-42762428#0,-697042776#1,42762429,1323419246,184568063,1323419245,16648700,1323419243,120511145,283490977#1,-173532317#3,-173532317#2,-173532317#1,-101765339#6,416382004,336860320,101752975#1,101752975#2,-101752975#2,-101752975#1",5.271834478931962,3895.7817494408773,39.996,10.135495585773338,20.016000000000005,0.5266301014806619,0.0,0.0,0.2871751723982328,0.2644728583544681,0.0,0.145610376226868,0.3027415930204309,0.5133757814556834,4.8770699238289925,0.5133757814556834,0.2566878907278417,60.16719615070822,1.2834394536392086,0.2566878907278417,1.6707367738753072,79.03394528451157,10.267515629113669,"8a755824282ffff,8a755824295ffff,8a7558242847fff,8a7558242877fff,8a75582428e7fff,8a75582428f7fff,8a75582428d7fff,8a75582428dffff,8a7558242177fff,8a7558242167fff,8a7558242147fff,8a755824214ffff,8a7558242a97fff,8a755824206ffff,8a7558242047fff,8a75582423b7fff,8a7558242397fff,8a755824239ffff,8a755824274ffff,8a7558242297fff,8a755824266ffff,8a755825c937fff,8a755825c90ffff,8a755825c977fff,8a755825c957fff,8a755825c877fff,8a755825c95ffff,8a755825c96ffff"
336863927#0,-101752975#1,"336863927#0,-336863927#0,101609498#5,120512823#0,120512823#1,372606529#0,372606529#1,372606529#2,372606529#3,372606529#4,372606529#5,372606529#6,372606529#7,372606529#8,1164659929,120512822,282479125#0,282479125#1,120511930,-42762428#0,-697042776#1,42762429,1323419246,184568063,1323419245,16648700,1323419243,120511145,283490977#1,-173532317#3,-173532317#2,-173532317#1,-173532317#0,47374679#0,47374679#1,101754282#1,101754278#1,-101752975#2,-101752975#1",4.705873076372377,3348.264128709521,37.173230769230756,9.727185827851482,20.016000000000005,0.39434245608322577,0.0,0.0,0.3341348688500172,0.26675878467171543,0.0,0.09538874079978982,0.3037176056784775,0.5973244412981346,5.077257751034144,0.5973244412981346,0.2986622206490673,51.80536839707502,1.1946488825962691,0.2986622206490673,1.435929517685487,67.42601912644521,11.647826605313623,"8a755824282ffff,8a755824295ffff,8a7558242847fff,8a755824285ffff,8a7558242bb7fff,8a7558242b87fff,8a7558242b9ffff,8a7558242147fff,8a755824214ffff,8a7558242a97fff,8a755824206ffff,8a7558242047fff,8a75582423b7fff,8a7558242397fff,8a755824239ffff,8a755824274ffff,8a7558242297fff,8a755824266ffff,8a755825c937fff,8a755825c90ffff,8a755825c977fff,8a755825c947fff,8a755825c96ffff,8a755825c95ffff,8a755825c877fff"
336863927#0,-101752975#1,"336863927#0,-336863927#0,101609498#5,120512823#0,120512823#1,-101607965,101607964#1,101607969#0,101607969#1,100468681#4,100468681#5,100468681#6,100468681#7,100468681#8,282479126,133906980,133906979,282479125#0,282479125#1,120511930,-42762428#0,-697042776#1,42762429,1323419246,184568063,1323419245,16648700,1323419243,120511145,283490977#1,-173532317#3,-173532317#2,-173532317#1,-173532317#0,47374679#0,101754278#0,101754278#1,-101752975#2,-101752975#1",4.719591681164906,3420.5319905530614,40.25261538461537,10.13549558577334,20.016000000000005,0.47328156356648976,0.0,0.0,0.32707537851171514,0.35485532173151646,0.0,0.0970982268241476,0.2209710729326208,0.5847043692395412,4.9699871385361005,0.5847043692395412,0.2923521846197706,53.97024511068687,0.8770565538593118,0.2923521846197706,1.4669221610410013,68.83307648644178,11.401735200171053,"8a755824282ffff,8a755824295ffff,8a7558242847fff,8a7558242877fff,8a75582428e7fff,8a75582428f7fff,8a75582428d7fff,8a75582428dffff,8a7558242177fff,8a7558242167fff,8a7558242147fff,8a755824214ffff,8a7558242a97fff,8a755824206ffff,8a7558242047fff,8a75582423b7fff,8a7558242397fff,8a755824239ffff,8a755824274ffff,8a7558242297fff,8a755824266ffff,8a755825c937fff,8a755825c90ffff,8a755825c977fff,8a755825c947fff,8a755825c96ffff,8a755825c95ffff,8a755825c877fff"
336863927#0,-101752975#1,"336863927#0,-336863927#0,101609498#5,120512823#0,120512823#1,372606529#0,372606529#1,372606529#2,372606529#3,372606529#4,372606529#5,372606529#6,372606529#7,372606529#8,1164659929,120512822,282479125#0,282479125#1,120511930,-42762428#0,-697042776#1,42762429,1323419246,184568063,76867740,1323419243,120511145,283490977#1,-173532317#3,-173532317#2,-173532317#1,-173532317#0,47374679#0,101754278#0,101754278#1,-101752975#2,-101752975#1",4.736714541828249,3340.8210069106926,37.02064864864864,9.68729392387614,20.016000000000005,0.3910831523161254,0.0,0.0,0.264137248425753,0.2594015323007222,0.0,0.09941496128973926,0.3770462579837855,1.197310478988774,10.476466691151774,0.8979828592415806,0.2993276197471935,51.48872994075175,0.8979828592415806,0.2993276197471935,1.4327374761129525,70.89605448037918,11.07512193064616,"8a755824282ffff,8a755824295ffff,8a7558242847fff,8a755824285ffff,8a7558242bb7fff,8a7558242b87fff,8a7558242b9ffff,8a7558242147fff,8a755824214ffff,8a7558242a97fff,8a755824206ffff,8a7558242047fff,8a75582423b7fff,8a7558242397fff,8a755824274ffff,8a7558242297fff,8a755824266ffff,8a755825c937fff,8a755825c90ffff,8a755825c977fff,8a755825c947fff,8a755825c96ffff,8a755825c95ffff,8a755825c877fff"
-101604496#1,-101746498#2,"-101604496#1,101604496#1,-100525438#1,-100525438#0,100468681#7,100468681#8,282479126,133906980,133906979,282479125#0,282479125#1,120511930,-42762428#0,-697042776#1,42762429,1323419246,184568063,76867740,1323419243,120511145,47374680#0,101749458#0,101749458#1,-101749449#1,101746514,-101746498#2",3.816029161844723,2865.5119059971553,37.686461538461536,9.93071699015039,20.016000000000005,0.38335350618678393,0.0,0.0,0.26490527277117143,0.17548810649360272,0.0,0.0,0.5596066207352259,1.395911143006771,12.563200287060939,0.6979555715033855,0.34897778575169275,62.848893626146484,1.0469333572550783,0.34897778575169275,2.5298601445754927,112.01081703290721,9.073422429544012,"8a755824211ffff,8a755824212ffff,8a75582428dffff,8a7558242177fff,8a7558242167fff,8a7558242147fff,8a755824214ffff,8a7558242a97fff,8a755824206ffff,8a7558242047fff,8a75582423b7fff,8a7558242397fff,8a755824274ffff,8a7558242297fff,8a755824229ffff,8a755825c927fff,8a755824225ffff,8a755824220ffff"
-101604496#1,-101746498#2,"-101604496#1,101604496#1,-100525438#1,-100525438#0,100468681#7,100468681#8,282479126,133906980,133906979,282479125#0,282479125#1,120511930,42762428#1,1164653913,463830226#0,-416376586,71223791#1,101411570,282689981#1,-120511301,101411571#0,-47374680#8,-47374680#7,-47374680#6,101746498#0,101746498#1,101746498#2,-101746498#2",4.278717217628592,2980.8282004755106,37.85142857142858,9.95490678725106,20.016000000000005,0.2614883011490658,0.0,0.0,0.04108616180141285,0.16869917509439056,0.0,0.0,0.7902146631041966,0.0,6.038590213662292,0.3354772340923496,0.0,68.88336331145241,1.0064317022770488,0.0,2.6316688639217145,75.3662302263955,9.393362554585789,"8a755824211ffff,8a755824212ffff,8a75582428dffff,8a7558242177fff,8a7558242167fff,8a7558242147fff,8a755824214ffff,8a7558242a97fff,8a7558242a87fff,8a7558242aa7fff,8a7558242aaffff,8a7558242327fff,8a7558242af7fff,8a7558242ac7fff,8a7558242acffff,8a755824230ffff,8a7558242227fff,8a7558242237fff,8a7558242207fff,8a755824220ffff,8a755824225ffff"
-101604496#1,-101746498#2,"-101604496#1,101604496#1,-100525438#1,-100525438#0,100468681#7,100468681#8,282479126,133906980,133906979,282479125#0,282479125#1,120511930,42762428#1,1164653913,463830226#0,463830226#1,101411570,282689981#1,-120511301,101411571#0,-47374680#8,-47374680#7,-47374680#6,101746498#0,101746498#1,101746498#2,-101746498#2",3.8260924672244703,2659.6637146393878,37.40133333333334,9.849931198510204,20.016000000000005,0.20972897355877976,0.0,0.0,0.04604747174345551,0.18907024062870909,0.0,0.0,0.7648822876278354,0.0,6.767772895845422,0.3759873831025234,0.0,66.85840305234942,1.1279621493075702,0.0,2.3481239828589544,70.5179566334999,10.151659343768133,"8a755824211ffff,8a755824212ffff,8a75582428dffff,8a7558242177fff,8a7558242167fff,8a7558242147fff,8a755824214ffff,8a7558242a97fff,8a7558242a87fff,8a7558242aa7fff,8a7558242aaffff,8a7558242af7fff,8a7558242ac7fff,8a7558242acffff,8a755824230ffff,8a7558242227fff,8a7558242237fff,8a7558242207fff,8a755824220ffff,8a755824225ffff"
-101604496#1,-101746498#2,"-101604496#1,101604496#1,-100525438#1,-100525438#0,100468681#7,100468681#8,282479126,133906980,133906979,282479125#0,282479125#1,120511930,-42762428#0,-697042776#1,42762429,1323419246,184568063,1323419245,16648700,1323419243,120511145,47374680#0,47374680#1,101415865#0,-101749449#1,101746514,-101746498#2",4.566220483873895,3221.5477058901697,35.91866666666667,9.313877685392995,20.016000000000005,0.29543492309228037,0.0,0.0,0.30898991144549615,0.15609368677014995,0.0,0.0,0.5349164017843538,0.6208196129901373,5.587376516911236,0.31040980649506866,0.31040980649506866,66.26248708025115,0.9312294194852061,0.31040980649506866,2.844191688027222,114.77618248087434,8.381064775366855,"8a755824211ffff,8a755824212ffff,8a75582428dffff,8a7558242177fff,8a7558242167fff,8a7558242147fff,8a755824214ffff,8a7558242a97fff,8a755824206ffff,8a7558242047fff,8a75582423b7fff,8a7558242397fff,8a755824239ffff,8a755824274ffff,8a7558242297fff,8a75582422a7fff,8a755825c927fff,8a755824225ffff,8a755824220ffff"
-101604496#1,-101746498#2,"-101604496#1,101604496#1,-100525438#1,-100525438#0,100468681#7,100468681#8,282479126,133906980,133906979,282479125#0,282479125#1,120511930,-42762428#0,-697042776#1,42762429,1323419246,184568063,1323419245,16648700,1323419243,120511145,47374680#0,101749458#0,101749458#1,-101749449#1,101746514,-101746498#2",3.782835884533799,2859.1311383718744,37.40133333333333,9.849931198510205,20.016000000000005,0.38420904219507895,0.0,0.0,0.34815672740610554,0.17587974604224332,0.0,0.0,0.47596352655165125,0.6995132098553882,6.295618888698494,0.3497566049276941,0.3497566049276941,62.15617412890635,1.0492698147830823,0.3497566049276941,2.5242267882201372,108.16301523376488,9.443428333047741,"8a755824211ffff,8a755824212ffff,8a75582428dffff,8a7558242177fff,8a7558242167fff,8a7558242147fff,8a755824214ffff,8a7558242a97fff,8a755824206ffff,8a7558242047fff,8a75582423b7fff,8a7558242397fff,8a755824239ffff,8a755824274ffff,8a7558242297fff,8a755824229ffff,8a755825c927fff,8a755824225ffff,8a755824220ffff"
-101604496#1,-101746498#2,"-101604496#1,101604496#1,-100525438#1,-100525438#0,100468681#7,100468681#8,282479126,133906980,133906979,282479125#0,282479125#1,120511930,-42762428#0,-697042776#1,42762429,1323419246,184568063,76867740,1323419243,120511145,47374680#0,47374680#1,101415865#0,-101749449#1,101746514,-101746498#2",4.5994137611848185,3227.92847351545,36.14676923076923,9.421105346222143,20.016000000000005,0.29485092576764593,0.0,0.0,0.23516295956227062,0.15578513050837847,0.0,0.0,0.609051909929351,1.2391848310206537,11.152663479185884,0.6195924155103268,0.3097962077551634,67.0759181032061,0.9293886232654903,0.3097962077551634,2.849825044382577,118.09761288439537,8.054701401634249,"8a755824211ffff,8a755824212ffff,8a75582428dffff,8a7558242177fff,8a7558242167fff,8a7558242147fff,8a755824214ffff,8a7558242a97fff,8a755824206ffff,8a7558242047fff,8a75582423b7fff,8a7558242397fff,8a755824274ffff,8a7558242297fff,8a75582422a7fff,8a755825c927fff,8a755824225ffff,8a755824220ffff"
1323419244,-1323419243,"1323419244,1323419245,16648700,1323419243,-1323419243",0.5091836734693878,312.32486125219134,29.988,0.0,0.0,0.0,0.0,0.0,0.812455093703274,0.0,0.0,0.0,0.187544906296726,3.201794426453087,28.816149838077784,0.0,0.0,89.7914285920143,3.201794426453087,0.0,1.2157110831027804,71.51028314750084,16.008972132265438,"8a7558242397fff,8a755824239ffff,8a755824274ffff"
1323419244,-1323419243,"1323419244,76867740,1323419243,-1323419243",0.542376950780312,318.70562887747195,29.988,0.0,0.0,0.0,0.0,0.0,0.05463787132538134,0.0,0.0,0.0,0.9453621286746186,3.13769167969247,28.23922511723223,0.0,0.0,100.99831041755405,0.0,0.0,1.24054794652011,111.20701746269151,12.55076671876988,"8a7558242397fff,8a755824274ffff"
120509990,1323419244,"120509990,71324347#0,71324347#1,71324347#2,71324347#3,71324347#4,71324347#5,47374666,659281081#0,1323419244",1.2238360421782648,637.4005874450738,25.0092,9.711626763833134,29.988000000000007,0.21780535750117724,0.0,0.0,0.07948234197566661,0.0,0.0,0.0,0.30970194183359706,3.1377442057540375,31.377442057540375,3.1377442057540375,0.0,85.01800578430958,4.706616308631056,3.1377442057540375,1.4093430946041432,36.452358125307654,15.688721028770187,"8a755824230ffff,8a7558242307fff,8a7558242317fff,8a75582423affff,8a7558242387fff,8a7558242397fff"
1323419244,120509990,"1323419244,76867740,1323419243,120511145,47374680#0,47374680#1,47374680#2,47374680#3,47374680#4,47374680#5,47374680#6,47374680#7,47374680#8,-101411571#0,120509990",1.6955769636868423,1231.1809418744372,33.991200000000006,8.28741134147794,20.016000000000005,0.23106742657987892,0.0,0.0,0.11476959758953614,0.0,0.0,0.0,0.8852304024104638,1.62445659445886,14.62010935012974,0.81222829722943,0.0,103.46228372032004,0.81222829722943,0.81222829722943,3.4866182217739516,75.86788306999054,12.18342445844145,"8a7558242397fff,8a755824274ffff,8a7558242297fff,8a75582422a7fff,8a7558242217fff,8a7558242237fff,8a7558242227fff,8a755824230ffff,8a7558242307fff"
1323419244,120509990,"1323419244,1323419245,16648700,1323419243,120511145,47374680#0,47374680#1,47374680#2,47374680#3,47374680#4,47374680#5,47374680#6,47374680#7,47374680#8,-101411571#0,120509990",1.6623836863759185,1224.8001742491565,33.741,8.068707554497191,20.016000000000005,0.2322712046212085,0.0,0.0,0.30832675931285647,0.0,0.0,0.0,0.6916732406871436,1.6329194280414492,14.696274852373042,0.8164597140207246,0.0,100.79405790432952,1.6329194280414492,0.8164597140207246,3.4685483346318247,66.00420431673189,13.063355424331593,"8a7558242397fff,8a755824239ffff,8a755824274ffff,8a7558242297fff,8a75582422a7fff,8a7558242217fff,8a7558242237fff,8a7558242227fff,8a755824230ffff,8a7558242307fff"
120511301,416373452,"120511301,-120511301,120509990,120509991,282689983#0,101418595,526439431#1,42762429,1323419246,-416373452,416373452",2.114005126888768,1349.4125184055815,39.08618181818182,10.453015084827747,20.016000000000005,0.2482452366752173,0.0,0.0,0.29653370349136804,0.0,0.0,0.0,0.703466296508632,1.4821264607528095,13.339138146775285,0.7410632303764048,0.7410632303764048,127.59142362762175,1.4821264607528095,0.0,3.357736196005376,78.68069947684218,8.151695534140451,"8a755824230ffff,8a7558242acffff,8a7558242307fff,8a7558242337fff,8a755824206ffff,8a7558242047fff,8a75582423b7fff,8a75582420effff"
-101746516#0,-101605951#5,"-101746516#0,101746516#0,101746504,101746508#1,101746498#2,-101746514,101749449#1,-101749458#1,-101749458#0,-47374680#0,-283490977#0,-162276533#2,100488715#0,100488715#1,100488715#2,100488715#3,100488715#4,120829754,101605951#5,-101605951#5",4.473396178449522,2746.2106651266754,36.995400000000004,11.747898698557925,39.99600000000001,0.5173420889318348,0.0,0.0,0.048283055765526266,0.12805990577465143,0.0,0.0,0.758551296782172,0.0,7.282762482126422,1.0924143723189632,0.0,126.61647476003773,1.8206906205316056,0.7282762482126423,3.119946541315681,122.11042705146733,7.282762482126422,"8a755824235ffff,8a7558242347fff,8a7558242277fff,8a755824220ffff,8a755824225ffff,8a755825c927fff,8a755824229ffff,8a7558242297fff,8a755824274ffff,8a755824260ffff,8a755824262ffff,8a755824270ffff,8a75582420dffff,8a755824208ffff"
-101746516#0,-101605951#5,"-101746516#0,101746516#0,101746504,101746508#1,101746498#2,-101746514,101749449#1,-101415865#0,-47374680#1,-47374680#0,-283490977#0,-162276533#2,100488715#0,100488715#1,100488715#2,100488715#3,100488715#4,120829754,101605951#5,-101605951#5",5.250318365610924,3108.6272326449703,34.99380000000001,11.006890815828918,39.99600000000001,0.40982206271265964,0.0,0.0,0.04265401824179982,0.1131301544682921,0.0,0.0,0.7867003811538915,0.0,6.4337080335563535,0.965056205033453,0.0,119.44965392425361,1.6084270083890884,0.6433708033556353,3.5316849161981656,125.06131167545061,6.4337080335563535,"8a755824235ffff,8a7558242347fff,8a7558242277fff,8a755824220ffff,8a755824225ffff,8a755825c927fff,8a75582422a7fff,8a7558242297fff,8a755824274ffff,8a755824260ffff,8a755824262ffff,8a755824270ffff,8a75582420dffff,8a755824208ffff"
-336860316#0,416428068,"-336860316#0,336860316#0,336860316#1,-120511144#1,-120511144#0,-283490977#1,47374680#0,47374680#1,47374680#2,47374680#3,47374665#0,47374666,659281081#0,659281081#1,526438862#0,526438862#1,526438862#2,1200809292,868087112,526439431#0,526439431#1,687927789#0,416428068",3.5513407752895585,1947.433006704432,33.037043478260884,10.198081688944614,39.99600000000001,0.27652301269595675,0.0,0.0,0.45365681859561274,0.0,0.0,0.0,0.4212797311387734,1.0269929661839947,19.5128663574959,1.5404894492759922,0.5134964830919974,114.1325611760937,2.567482415459987,0.5134964830919974,1.6638884862461465,64.65810864289274,11.81041911111594,"8a755825c9b7fff,8a755825c98ffff,8a755824266ffff,8a7558242297fff,8a75582422a7fff,8a7558242217fff,8a7558242387fff,8a7558242397fff,8a75582423a7fff,8a755824204ffff,8a755824206ffff,8a7558242a9ffff"
-336860316#0,416428068,"-336860316#0,101787498,101786553#1,101786553#2,173532317#3,-283490977#1,-283490977#0,-1323419243,-16648700,42762427,659281081#0,659281081#1,526438862#0,526438862#1,526438862#2,1200809292,868087112,526439431#0,526439431#1,687927789#0,416428068",2.45021197823982,1664.200337686164,34.753714285714295,8.735698581927249,20.016000000000005,0.29141507872916744,0.0,0.0,0.5755581214527411,0.060504605429705476,0.0,0.0,0.36393727311755325,1.20177838852065,10.81600549668585,0.600889194260325,0.600889194260325,73.45179379497081,1.20177838852065,0.0,1.4218942429084667,60.513971929652826,12.618673079466827,"8a755825c9b7fff,8a755825c98ffff,8a755825c9affff,8a755825c937fff,8a755824266ffff,8a7558242297fff,8a755824274ffff,8a755824239ffff,8a7558242397fff,8a75582423a7fff,8a755824204ffff,8a755824206ffff,8a7558242a9ffff"
-336860316#0,416428068,"-336860316#0,101787498,101786553#1,101786553#2,173532317#3,-283490977#1,47374680#0,47374680#1,47374680#2,47374680#3,47374680#4,47374680#5,47374680#6,47374680#7,47374680#8,-101411571#0,120509990,120509991,282689983#0,282689983#1,71324342,416428068",2.4280060908452654,1735.1663441857074,38.17636363636364,10.072777375279776,20.016000000000005,0.3579745559062322,0.0,0.0,0.07108601176736921,0.05803004716238742,0.0,0.0,0.8708839410702435,0.0,10.37364518987785,0.5763136216598806,0.0,115.29603095258561,1.1526272433197613,0.0,1.4825276617336314,65.4509590427828,12.678899676517373,"8a755825c9b7fff,8a755825c98ffff,8a755825c9affff,8a755825c937fff,8a755824266ffff,8a7558242297fff,8a75582422a7fff,8a7558242217fff,8a7558242237fff,8a7558242227fff,8a755824230ffff,8a7558242307fff,8a7558242337fff,8a7558242327fff,8a7558242a9ffff,8a755824206ffff"
-336860316#0,416428068,"-336860316#0,101787498,101786553#1,101786553#2,173532317#3,-283490977#1,47374680#0,47374680#1,47374680#2,47374680#3,47374665#0,47374666,659281081#0,659281081#1,526438862#0,526438862#1,526438862#2,1200809292,868087112,526439431#0,526439431#1,687927789#0,416428068",3.542258150158873,1877.9686903199738,32.16678260869566,9.515583042168833,39.99600000000001,0.18763764888949622,0.0,0.0,0.31770607691151176,0.053617392721562254,0.0,0.0,0.49898709931571006,1.0649804814686417,20.23462914790419,1.5974707222029625,0.5324902407343208,96.34399425197964,2.662451203671604,0.5324902407343208,1.604538112785725,62.97810335981243,12.24727553688938,"8a755825c9b7fff,8a755825c98ffff,8a755825c9affff,8a755825c937fff,8a755824266ffff,8a7558242297fff,8a75582422a7fff,8a7558242217fff,8a7558242387fff,8a7558242397fff,8a75582423a7fff,8a755824204ffff,8a755824206ffff,8a7558242a9ffff"
-336860316#0,416428068,"-336860316#0,336860316#0,336860316#1,-120511144#1,-120511144#0,-283490977#1,-283490977#0,-1323419243,-16648700,42762427,659281081#0,659281081#1,526438862#0,526438862#1,526438862#2,1200809292,868087112,526439431#0,526439431#1,687927789#0,416428068",2.459294603370505,1733.664654070622,35.70685714285715,9.265607558523698,20.016000000000005,0.38710224791738257,0.0,0.0,0.7179405857082072,0.0,0.0,0.0,0.2820594142917929,1.1536256422509543,10.382630780258589,0.5768128211254772,0.5768128211254772,106.07391205545808,1.1536256422509543,0.0,1.481244616368888,62.55803500195381,12.113069243635021,"8a755825c9b7fff,8a755825c98ffff,8a755824266ffff,8a7558242297fff,8a755824274ffff,8a755824239ffff,8a7558242397fff,8a75582423a7fff,8a755824204ffff,8a755824206ffff,8a7558242a9ffff"
-336860316#0,416428068,"-336860316#0,101787498,101786553#1,101786553#2,-173532317#2,-101415865#2,-101415865#1,-101415865#0,47374680#2,47374680#3,47374680#4,47374680#5,47374680#6,47374680#7,47374680#8,-101411571#0,120509990,120509991,282689983#0,101418595,526439431#1,687927789#0,416428068",3.255963249230578,2180.9730817097548,36.07982608695653,9.41696692944165,20.016000000000005,0.27045403565259546,0.0,0.0,0.029197372273340627,0.11750100220100362,0.0,0.0,0.8533016255256558,0.9170218636683574,15.589371682362076,0.9170218636683574,0.4585109318341787,113.12691783974836,1.8340437273367147,0.4585109318341787,1.8634253332342774,81.12797539248284,10.54575143218611,"8a755825c9b7fff,8a755825c98ffff,8a755825c9affff,8a755825c937fff,8a755825c90ffff,8a755825c927fff,8a75582422a7fff,8a7558242217fff,8a7558242237fff,8a7558242227fff,8a755824230ffff,8a7558242307fff,8a7558242337fff,8a755824206ffff,8a7558242a9ffff"
-336860316#0,416428068,"-336860316#0,336860316#0,336860316#1,-120511144#1,-120511144#0,-283490977#1,47374680#0,47374680#1,47374680#2,47374680#3,47374680#4,47374680#5,47374680#6,47374680#7,47374680#8,-101411571#0,120509990,120509991,282689983#0,101418595,526439431#1,687927789#0,416428068",2.6894646267434257,1929.3492530576113,37.820347826086966,9.988201761026476,20.016000000000005,0.3854961458075135,0.0,0.0,0.2456003932312436,0.0,0.0,0.0,0.7543996067687564,1.0366189516130488,18.65914112903488,1.0366189516130488,0.5183094758065244,123.31421999608908,2.0732379032260977,0.0,1.648437711109098,65.92533522278725,11.921117943550062,"8a755825c9b7fff,8a755825c98ffff,8a755824266ffff,8a7558242297fff,8a75582422a7fff,8a7558242217fff,8a7558242237fff,8a7558242227fff,8a755824230ffff,8a7558242307fff,8a7558242337fff,8a755824206ffff,8a7558242a9ffff"
-336860316#0,416428068,"-336860316#0,101787498,101786553#1,101786553#2,-173532317#2,-101415865#2,-101415865#1,-101415865#0,47374680#2,47374680#3,47374665#0,47374666,659281081#0,659281081#1,526438862#0,526438862#1,526438862#2,1200809292,868087112,526439431#0,526439431#1,687927789#0,416428068",4.11783939777671,2199.056835356575,31.29652173913044,8.68954617953804,39.99600000000001,0.1748960310991044,0.0,0.0,0.21522682015007405,0.11653474287432602,0.0,0.0,0.5574851871897198,0.9094808137033447,16.370654646660203,1.364221220555017,0.45474040685167233,98.07850882135064,2.2737020342583616,0.9094808137033447,1.8788761083713257,79.98927547909352,10.459029357588463,"8a755825c9b7fff,8a755825c98ffff,8a755825c9affff,8a755825c937fff,8a755825c90ffff,8a755825c927fff,8a75582422a7fff,8a7558242217fff,8a7558242387fff,8a7558242397fff,8a75582423a7fff,8a755824204ffff,8a755824206ffff,8a7558242a9ffff"
-336860316#0,416428068,"-336860316#0,101787498,101786553#1,101786553#2,173532317#3,-283490977#1,47374680#0,47374680#1,47374680#2,47374680#3,47374680#4,47374680#5,47374680#6,47374680#7,47374680#8,-101411571#0,120509990,120509991,282689983#0,101418595,526439431#1,687927789#0,416428068",2.68038200161274,1859.884936673153,36.950086956521744,9.747486827210404,20.016000000000005,0.2998165519153187,0.0,0.0,0.10055715515416837,0.054138717294950074,0.0,0.0,0.8453041275508816,1.075335339603038,19.356036112854685,1.075335339603038,0.537667669801519,111.51379145906587,2.150670679206076,0.0,1.5890873376486763,64.23982559807945,12.366356405434937,"8a755825c9b7fff,8a755825c98ffff,8a755825c9affff,8a755825c937fff,8a755824266ffff,8a7558242297fff,8a75582422a7fff,8a7558242217fff,8a7558242237fff,8a7558242227fff,8a755824230ffff,8a7558242307fff,8a7558242337fff,8a755824206ffff,8a7558242a9ffff"
-336860316#0,416428068,"-336860316#0,101787498,101786553#1,101786553#2,-173532317#2,-101415865#2,-101415865#1,-101749449#1,101746514,-101746498#2,-101746498#1,-101746498#0,47374680#6,47374680#7,47374680#8,-101411571#0,120509990,120509991,282689983#0,282689983#1,71324342,416428068",3.682372977988892,2583.301537449281,38.17636363636364,10.072777375279776,20.016000000000005,0.45552875544793103,0.0,0.0,0.0,0.09920116531473203,0.0,0.0,0.900798834685268,0.0,6.19362461874977,0.38710153867186065,0.0,129.57182905272066,0.7742030773437213,0.38710153867186065,2.207175122258877,120.18142186612465,8.516233850780935,"8a755825c9b7fff,8a755825c98ffff,8a755825c9affff,8a755825c937fff,8a755825c90ffff,8a755825c927fff,8a755824225ffff,8a755824220ffff,8a7558242207fff,8a7558242237fff,8a7558242227fff,8a755824230ffff,8a7558242307fff,8a7558242337fff,8a7558242327fff,8a7558242a9ffff,8a755824206ffff"
-336860316#0,416428068,"-336860316#0,336860316#0,336860316#1,-120511144#1,-120511144#0,-283490977#1,47374680#0,47374680#1,47374680#2,47374680#3,47374680#4,47374680#5,47374680#6,47374680#7,47374680#8,-101411571#0,120509990,120509991,282689983#0,282689983#1,71324342,416428068",2.437088715975951,1804.6306605701657,39.08618181818183,10.201098183815516,20.016000000000005,0.4473368603445935,0.0,0.0,0.22728764461806783,0.0,0.0,0.0,0.7727123553819322,0.0,9.974340120273128,0.5541300066818404,0.0,127.0340562765225,1.1082600133636809,0.0,1.5418780351940529,67.27855033810854,12.190860147000489,"8a755825c9b7fff,8a755825c98ffff,8a755824266ffff,8a7558242297fff,8a75582422a7fff,8a7558242217fff,8a7558242237fff,8a7558242227fff,8a755824230ffff,8a7558242307fff,8a7558242337fff,8a7558242327fff,8a7558242a9ffff,8a755824206ffff"
-336860316#0,416428068,"-336860316#0,101787498,101786553#1,101786553#2,-173532317#2,-101415865#2,-101415865#1,-101749449#1,101746514,-101746498#2,-101746498#1,-101746498#0,47374680#6,47374680#7,47374680#8,-101411571#0,120509990,120509991,282689983#0,101418595,526439431#1,687927789#0,416428068",3.934748888756366,2708.0201299367272,36.950086956521744,9.747486827210404,20.016000000000005,0.41109259461681896,0.0,0.0,0.023514848461005534,0.0946324290729313,0.0,0.0,0.8818527224660629,0.7385469472292032,12.555298102896455,0.7385469472292032,0.3692734736146016,125.65108044915759,1.4770938944584064,0.3692734736146016,2.3137347981739227,117.19905447019269,8.493289893135836,"8a755825c9b7fff,8a755825c98ffff,8a755825c9affff,8a755825c937fff,8a755825c90ffff,8a755825c927fff,8a755824225ffff,8a755824220ffff,8a7558242207fff,8a7558242237fff,8a7558242227fff,8a755824230ffff,8a7558242307fff,8a7558242337fff,8a755824206ffff,8a7558242a9ffff"
-336860316#0,416428068,"-336860316#0,101787498,101786553#1,101786553#2,-173532317#2,-101415865#2,-101415865#1,-101415865#0,47374680#2,47374680#3,47374680#4,47374680#5,47374680#6,47374680#7,47374680#8,-101411571#0,120509990,120509991,282689983#0,282689983#1,71324342,416428068",3.0035873384631038,2056.254489222309,37.26654545454546,9.855197133769297,20.016000000000005,0.3177496208924633,0.0,0.0,0.0,0.12462782414215152,0.0,0.0,0.8753721758578485,0.0,7.781138027351528,0.4863211267094705,0.0,116.93290638180889,0.972642253418941,0.4863211267094705,1.7568656573192323,83.10824288576711,10.69906478760835,"8a755825c9b7fff,8a755825c98ffff,8a755825c9affff,8a755825c937fff,8a755825c90ffff,8a755825c927fff,8a75582422a7fff,8a7558242217fff,8a7558242237fff,8a7558242227fff,8a755824230ffff,8a7558242307fff,8a7558242337fff,8a7558242327fff,8a7558242a9ffff,8a755824206ffff"
101605951#0,-101746498#2,"101605951#0,-101605951#0,-100488715#2,-100488715#1,-100488715#0,162276533#2,120511145,47374680#0,101749458#0,101749458#1,-101749449#1,101746514,-101746498#2",2.102315929971701,1928.5287201222598,40.76584615384616,10.385792425602023,20.016000000000005,0.67266564702172,0.0,0.0,0.0687547150865289,0.18235636075524456,0.0,0.0,0.7488889241582266,0.0,9.333540025713946,0.5185300014285525,0.0,78.85276362218326,1.5555900042856576,0.5185300014285525,2.7020171155832293,146.0801435153762,6.740890018571183,"8a755824270ffff,8a755824262ffff,8a755824260ffff,8a755824274ffff,8a7558242297fff,8a755824229ffff,8a755825c927fff,8a755824225ffff,8a755824220ffff"
101605951#0,-101746498#2,"101605951#0,-101605951#0,-100488715#2,-100488715#1,-100488715#0,162276533#2,120511145,47374680#0,47374680#1,101415865#0,-101749449#1,101746514,-101746498#2",2.885700529311797,2290.945287640555,37.68646153846154,10.135495585773338,20.016000000000005,0.502198235842511,0.0,0.0,0.057878048595719316,0.15350845823806628,0.0,0.0,0.7886134931662143,0.0,7.8570187149856405,0.43650103972142446,0.0,85.87405653881477,1.3095031191642734,0.43650103972142446,3.2097906105733784,146.74076158032548,5.674513516378518,"8a755824270ffff,8a755824262ffff,8a755824260ffff,8a755824274ffff,8a7558242297fff,8a75582422a7fff,8a755825c927fff,8a755824225ffff,8a755824220ffff"
-101746498#2,-101604518,"-101746498#2,-101746498#1,-101746498#0,47374680#6,47374680#7,47374680#8,-101411571#0,120509990,120509991,282689983#0,101418595,526439431#1,623959719,-282689984#1,-282689984#0,-134065887,100475363,282479151#1,100475362,-659278038#3,-659278038#2,-659278038#1,-659278038#0,-100525438#2,-101604496#1,-101604502,-101604518",2.7327496873479413,1882.1235808051142,39.62533333333334,10.191648345581791,20.016000000000005,0.3211459678279468,0.0,0.0,0.03383342286034952,0.0,0.0,0.0,0.9661665771396507,1.0626294789550759,9.563665310595683,0.5313147394775379,0.5313147394775379,139.6022498467755,1.0626294789550759,0.5313147394775379,1.481922568202099,54.914106882328355,14.345497965893523,"8a755824225ffff,8a755824220ffff,8a7558242207fff,8a7558242237fff,8a7558242227fff,8a755824230ffff,8a7558242307fff,8a7558242337fff,8a755824206ffff,8a7558242067fff,8a7558242077fff,8a755824200ffff,8a7558242007fff,8a7558242037fff,8a75582421affff,8a755824211ffff,8a755824210ffff"
-101746498#2,-101604518,"-101746498#2,-101746498#1,-101746498#0,47374680#6,47374680#7,47374680#8,-101411571#0,120509990,120509991,282689983#0,101418595,526439431#1,623959719,619185406,619184994,1164659927#1,1164659928,1164659929,120512822,-133906979,-133906980,-282479126,-100468681#8,-100468681#7,100525438#0,100525438#1,-101604496#1,-101604502,-101604518",3.5493949199550228,2282.419675216763,37.580275862068966,9.883980339405463,20.016000000000005,0.2413863048468291,0.0,0.0,0.027899638123636068,0.08879253139824124,0.0,0.0,0.8833078304781227,0.8762630386149551,14.896471656454237,0.8762630386149551,0.43813151930747757,142.4695779867303,1.3143945579224328,0.8762630386149551,1.7971026245605792,59.881099309138236,12.705814059916849,"8a755824225ffff,8a755824220ffff,8a7558242207fff,8a7558242237fff,8a7558242227fff,8a755824230ffff,8a7558242307fff,8a7558242337fff,8a755824206ffff,8a7558242067fff,8a7558242a97fff,8a7558242ab7fff,8a7558242b9ffff,8a7558242147fff,8a7558242167fff,8a7558242177fff,8a75582428dffff,8a755824212ffff,8a755824211ffff,8a755824210ffff"
-101746498#2,-101604518,"-101746498#2,-101746498#1,-101746498#0,47374680#6,47374680#7,47374680#8,-101411571#0,120509990,120509991,282689983#0,101418595,526439431#1,623959719,619185406,619184994,1164659927#1,1164659926,120512822,-133906979,-133906980,-282479126,-100468681#8,-100468681#7,100525438#0,100525438#1,-101604496#1,-101604502,-101604518",3.538070390143098,2263.968196636774,37.85142857142857,9.95490678725106,20.016000000000005,0.24335361792127977,0.0,0.0,0.028127021872220728,0.08951619593274818,0.0,0.0,0.8823567821950311,0.8834046357060535,15.01787880700291,0.8834046357060535,0.44170231785302677,143.60321148183448,1.3251069535590803,0.8834046357060535,1.7825745336300747,59.844795686602076,12.36766489988475,"8a755824225ffff,8a755824220ffff,8a7558242207fff,8a7558242237fff,8a7558242227fff,8a755824230ffff,8a7558242307fff,8a7558242337fff,8a755824206ffff,8a7558242067fff,8a7558242a97fff,8a7558242ab7fff,8a7558242b9ffff,8a7558242147fff,8a7558242167fff,8a7558242177fff,8a75582428dffff,8a755824212ffff,8a755824211ffff,8a755824210ffff"
-101787489,526438862#0,"-101787489,101787489,-120511144#0,-283490977#1,-283490977#0,-1323419243,-16648700,42762427,659281081#0,659281081#1,526438862#0",1.56517071911558,1061.96994493685,35.44690909090909,9.349460919802228,20.016000000000005,0.4355237308050888,0.0,0.0,0.802073555691129,0.0,0.0,0.0,0.197926444308871,0.9416462346864862,8.474816112178376,0.0,0.0,93.27543325820098,0.9416462346864862,0.0,1.3729794435382456,66.66475759883119,10.358108581551349,"8a755825c9b7fff,8a755825c9a7fff,8a755824266ffff,8a7558242297fff,8a755824274ffff,8a755824239ffff,8a7558242397fff,8a75582423a7fff"
101784499#1,-1323419243,"101784499#1,479315694,101787498,101786553#1,101786553#2,173532317#3,-283490977#1,-283490977#0,-1323419243",1.37599791536485,942.8322704751987,38.884,10.549358274321717,20.016000000000005,0.4175542605451373,0.0,0.0,0.2806948857261511,0.10679713448600364,0.0,0.0,0.6125079797878453,1.0606340399188798,9.545706359269918,0.0,0.0,34.676817301901394,1.0606340399188798,0.0,1.3089492151106634,83.77345451986264,9.545706359269918,"8a755825cd6ffff,8a755825c98ffff,8a755825c9affff,8a755825c937fff,8a755824266ffff,8a7558242297fff,8a755824274ffff"
101784499#1,-1323419243,"101784499#1,479315694,336860316#0,336860316#1,-120511144#1,-120511144#0,-283490977#1,-283490977#0,-1323419243",1.385080540495536,1012.2965868596568,41.108000000000004,10.549358274321717,20.016000000000005,0.5727728921943682,0.0,0.0,0.5447735383719429,0.0,0.0,0.0,0.45522646162805713,0.9878527824559765,8.890675042103789,0.0,0.0,131.71862471241135,0.9878527824559765,0.0,1.4053876435108792,84.6497386275285,8.890675042103789,"8a755825cd6ffff,8a755825c98ffff,8a755825c9b7fff,8a755824266ffff,8a7558242297fff,8a755824274ffff"
-101411571#0,-101746498#2,"-101411571#0,101411571#0,-47374680#8,-47374680#7,-47374680#6,101746498#0,101746498#1,101746498#2,-101746498#2",1.1445575926554927,907.2880221420318,34.43600000000001,8.826226373711476,20.016000000000005,0.028791532713399192,0.0,0.0,0.0,0.0,0.0,0.0,1.0,0.0,0.0,0.0,0.0,72.09282261580363,0.0,0.0,2.6538579257140227,90.39979513967872,9.919672452802525,"8a755824230ffff,8a7558242227fff,8a7558242237fff,8a7558242207fff,8a755824220ffff,8a755824225ffff"
416405090,-1323419243,"416405090,-416405090,162276533#1,162276533#2,-1323419243",1.8540316774658023,1597.4945225502315,46.000800000000005,8.95142732752716,20.016000000000005,0.994549778764348,0.0,0.0,0.005450221235652,0.22964065060395866,0.0,0.0,0.7649091281603895,0.6259802371050421,5.63382213394538,0.0,0.0,114.91203019530674,1.2519604742100843,0.0,4.719979512198369,300.063768104641,3.1299011855252106,"8a755824261ffff,8a75582424dffff,8a755824260ffff,8a755824274ffff"
-101767911,416428068,"-101767911,101767911,101765339#5,101765339#6,173532317#1,173532317#2,173532317#3,-283490977#1,47374680#0,47374680#1,47374680#2,47374680#3,47374680#4,47374680#5,47374680#6,47374680#7,47374680#8,-101411571#0,120509990,120509991,282689983#0,282689983#1,71324342,416428068",2.430594700083057,1866.3982508424933,39.162,10.1876911921243,20.016000000000005,0.4840343273893423,0.0,0.0,0.0660877468704494,0.20517979221138558,0.0,0.0,0.7287324609181651,0.0,9.644243929115767,0.5357913293953204,0.0,127.64328042057379,1.607373988185961,0.0,1.6228479249549241,66.93670844592657,12.858991905487688,"8a755825c957fff,8a755825c827fff,8a755825c977fff,8a755825c90ffff,8a755825c937fff,8a755824266ffff,8a7558242297fff,8a75582422a7fff,8a7558242217fff,8a7558242237fff,8a7558242227fff,8a755824230ffff,8a7558242307fff,8a7558242337fff,8a7558242327fff,8a7558242a9ffff,8a755824206ffff"
-101767911,416428068,"-101767911,101767911,101765339#5,101765339#6,173532317#1,-101415865#2,-101415865#1,-101749449#1,101746514,-101746498#2,-101746498#1,-101746498#0,47374680#6,47374680#7,47374680#8,-101411571#0,120509990,120509991,282689983#0,101418595,526439431#1,687927789#0,416428068",3.362715467756577,2326.718990844898,36.950086956521744,9.747486827210404,20.016000000000005,0.3794912061661947,0.0,0.0,0.027368445968497083,0.01116976211215237,0.0,0.0,0.9614617919193506,0.8595795228686997,14.612851888767894,0.8595795228686997,0.4297897614343498,134.0363653966216,1.7191590457373993,0.0,2.023100420578196,111.94284996988117,9.885164512990047,"8a755825c957fff,8a755825c827fff,8a755825c977fff,8a755825c90ffff,8a755825c927fff,8a755824225ffff,8a755824220ffff,8a7558242207fff,8a7558242237fff,8a7558242227fff,8a755824230ffff,8a7558242307fff,8a7558242337fff,8a755824206ffff,8a7558242a9ffff"
-101767911,416428068,"-101767911,101767911,101765339#5,101765339#6,173532317#1,-101415865#2,-101415865#1,-101749449#1,101746514,-101746498#2,-101746498#1,-101746498#0,47374680#6,47374680#7,47374680#8,-101411571#0,120509990,120509991,282689983#0,282689983#1,71324342,416428068",3.1103395569891026,2202.0003983574525,38.17636363636364,10.072777375279776,20.016000000000005,0.4298321243548705,0.0,0.0,0.0,0.011802403691184956,0.0,0.0,0.9881975963088151,0.0,7.266120393045773,0.4541325245653608,0.0,137.972588738209,0.9082650491307216,0.0,1.9146566257288455,114.70223411963936,9.990915540437937,"8a755825c957fff,8a755825c827fff,8a755825c977fff,8a755825c90ffff,8a755825c927fff,8a755824225ffff,8a755824220ffff,8a7558242207fff,8a7558242237fff,8a7558242227fff,8a755824230ffff,8a7558242307fff,8a7558242337fff,8a7558242327fff,8a7558242a9ffff,8a755824206ffff"
-101767911,416428068,"-101767911,101767911,101765339#5,101765339#6,173532317#1,-101415865#2,-101415865#1,-101415865#0,47374680#2,47374680#3,47374665#0,47374666,659281081#0,659281081#1,526438862#0,526438862#1,526438862#2,1200809292,868087112,526439431#0,526439431#1,687927789#0,416428068",3.5458059767769208,1817.7556962647466,31.29652173913044,8.68954617953804,39.99600000000001,0.08490067600261376,0.0,0.0,0.2603738285489314,0.014297244499339801,0.0,0.0,0.5913435451536887,1.1002578641947,19.804641555504602,1.6503867962920502,0.55012893209735,112.26599263687875,2.75064466048675,0.55012893209735,1.580552842045706,66.53419546532866,12.65296543823905,"8a755825c957fff,8a755825c827fff,8a755825c977fff,8a755825c90ffff,8a755825c927fff,8a75582422a7fff,8a7558242217fff,8a7558242387fff,8a7558242397fff,8a75582423a7fff,8a755824204ffff,8a755824206ffff,8a7558242a9ffff"
-101767911,416428068,"-101767911,101767911,101765339#5,101765339#6,173532317#1,173532317#2,173532317#3,-283490977#1,-283490977#0,-1323419243,-16648700,42762427,659281081#0,659281081#1,526438862#0,526438862#1,526438862#2,1200809292,868087112,526439431#0,526439431#1,687927789#0,416428068",2.4528005874776118,1795.4322443429503,36.07982608695653,9.41696692944165,20.016000000000005,0.42732244302127087,0.0,0.0,0.5334893717641764,0.21328970029258787,0.0,0.0,0.2532209279432354,1.113937886713131,10.02544098041818,0.5569689433565655,0.5569689433565655,107.24240970513479,1.6709068300696965,0.0,1.561142425424942,62.648972926560845,12.810285697201008,"8a755825c957fff,8a755825c827fff,8a755825c977fff,8a755825c90ffff,8a755825c937fff,8a755824266ffff,8a7558242297fff,8a755824274ffff,8a755824239ffff,8a7558242397fff,8a75582423a7fff,8a755824204ffff,8a755824206ffff,8a7558242a9ffff"
-101767911,416428068,"-101767911,101767911,101765339#5,101765339#6,173532317#1,-101415865#2,-101415865#1,-101415865#0,47374680#2,47374680#3,47374680#4,47374680#5,47374680#6,47374680#7,47374680#8,-101411571#0,120509990,120509991,282689983#0,282689983#1,71324342,416428068",2.431553917463314,1674.9533501304802,37.26654545454546,9.855197133769297,20.016000000000005,0.2526019361262282,0.0,0.0,0.0,0.015516191915160016,0.0,0.0,0.98448380808484,0.0,9.552504849614818,0.5970315531009261,0.0,127.7067640117098,1.1940631062018523,0.0,1.4563850814950954,68.9205043435983,13.134694168220376,"8a755825c957fff,8a755825c827fff,8a755825c977fff,8a755825c90ffff,8a755825c927fff,8a75582422a7fff,8a7558242217fff,8a7558242237fff,8a7558242227fff,8a755824230ffff,8a7558242307fff,8a7558242337fff,8a7558242327fff,8a7558242a9ffff,8a755824206ffff"
-101767911,416428068,"-101767911,101767911,101765339#5,101765339#6,173532317#1,173532317#2,173532317#3,-283490977#1,47374680#0,47374680#1,47374680#2,47374680#3,47374680#4,47374680#5,47374680#6,47374680#7,47374680#8,-101411571#0,120509990,120509991,282689983#0,101418595,526439431#1,687927789#0,416428068",2.682970610850532,1991.116843329939,37.9944,10.008000000000004,20.016000000000005,0.4218133717214933,0.0,0.0,0.09392956459208247,0.1923278418212345,0.0,0.0,0.7137425935866831,1.0044613939658131,18.080305091384634,1.0044613939658131,0.5022306969829066,124.16537235579824,2.5111534849145327,0.0,1.7312917198042745,65.82361864367222,12.555767424572663,"8a755825c957fff,8a755825c827fff,8a755825c977fff,8a755825c90ffff,8a755825c937fff,8a755824266ffff,8a7558242297fff,8a75582422a7fff,8a7558242217fff,8a7558242237fff,8a7558242227fff,8a755824230ffff,8a7558242307fff,8a7558242337fff,8a755824206ffff,8a7558242a9ffff"
-101767911,416428068,"-101767911,101767911,101765339#5,101765339#6,173532317#1,-101415865#2,-101415865#1,-101415865#0,47374680#2,47374680#3,47374680#4,47374680#5,47374680#6,47374680#7,47374680#8,-101411571#0,120509990,120509991,282689983#0,101418595,526439431#1,687927789#0,416428068",2.6839298282307884,1799.6719426179259,36.07982608695653,9.41696692944165,20.016000000000005,0.19980049576717593,0.0,0.0,0.03538349488973156,0.014440908375645125,0.0,0.0,0.9501755967346233,1.1113136525819607,18.89233209389333,1.1113136525819607,0.5556568262909803,123.81291685659707,2.2226273051639214,0.0,1.564828876344446,67.69792459762168,12.780107004692548,"8a755825c957fff,8a755825c827fff,8a755825c977fff,8a755825c90ffff,8a755825c927fff,8a75582422a7fff,8a7558242217fff,8a7558242237fff,8a7558242227fff,8a755824230ffff,8a7558242307fff,8a7558242337fff,8a755824206ffff,8a7558242a9ffff"
-101767911,416428068,"-101767911,101767911,101765339#5,101765339#6,173532317#1,173532317#2,173532317#3,-283490977#1,47374680#0,47374680#1,47374680#2,47374680#3,47374665#0,47374666,659281081#0,659281081#1,526438862#0,526438862#1,526438862#2,1200809292,868087112,526439431#0,526439431#1,687927789#0,416428068",3.5448467593966644,2009.2005969767597,33.59376,10.363085710347091,39.99600000000001,0.315863458929153,0.0,0.0,0.29695495116912407,0.19059680047267366,0.0,0.0,0.39122954508583235,0.9954207673486639,18.912994579624616,1.4931311510229959,0.49771038367433196,115.16435142346151,2.9862623020459917,0.49771038367433196,1.7470156855055345,64.71087206878143,12.4427595918583,"8a755825c957fff,8a755825c827fff,8a755825c977fff,8a755825c90ffff,8a755825c937fff,8a755824266ffff,8a7558242297fff,8a75582422a7fff,8a7558242217fff,8a7558242387fff,8a7558242397fff,8a75582423a7fff,8a755824204ffff,8a755824206ffff,8a7558242a9ffff"
-101752970#1,-1323419243,"-101752970#1,101752970#1,101752970#2,-120511144#0,-283490977#1,-283490977#0,-1323419243",0.9119894466065764,724.9770358212631,38.56628571428572,10.699002036238177,20.016000000000005,0.6379693280875179,0.0,0.0,0.649978947896755,0.0,0.0,0.0,0.35002105210324497,1.3793540354932585,12.414186319439327,0.0,0.0,88.66161176688004,1.3793540354932585,0.0,1.4532451815786411,67.26868723224115,9.655478248452809,"8a75582426cffff,8a755825c9b7fff,8a755824266ffff,8a7558242297fff,8a755824274ffff"
-101754276#1,-101746498#2,"-101754276#1,-416382004,101765339#6,173532317#1,-101415865#2,-101415865#1,-101749449#1,101746514,-101746498#2",1.5901349308621937,1489.5340008733106,38.884,10.549358274321717,20.016000000000005,0.6286456431224027,0.0,0.0,0.0,0.017447669952030304,0.0,0.0,0.9825523300479697,0.0,10.741614485214324,0.6713509053258953,0.0,130.755850045577,1.3427018106517905,0.0,1.7923222885805379,171.76912539206197,6.0421581479330575,"8a755825c80ffff,8a755825c877fff,8a755825c957fff,8a755825c977fff,8a755825c90ffff,8a755825c927fff,8a755824225ffff,8a755824220ffff"
101765339#2,-71223800#4,"101765339#2,-101765339#2,101754276#0,-416382004,101765339#6,173532317#1,-101415865#2,-101415865#1,-101415865#0,47374680#2,47374680#3,47374680#4,47374680#5,47374680#6,47374680#7,47374680#8,-101411571#0,120511301,352797377,-282689986,-224715833,-224715836,-101749453,-1006827381,-71223800#7,-71223800#6,-71223800#5,-71223800#4",4.485944544673586,2769.2425983419093,32.13771428571428,9.172359472115904,29.988000000000007,0.17333498058832744,0.0,0.0,0.0,0.009384839611063926,0.0,0.0,0.990615160388936,0.0,5.777753097392059,0.36110956858700366,0.0,106.05603519717496,0.7222191371740073,0.0,1.4361965285725184,117.01504592643664,10.111067920436103,"8a755825c807fff,8a755825c877fff,8a755825c957fff,8a755825c977fff,8a755825c90ffff,8a755825c927fff,8a75582422a7fff,8a7558242217fff,8a7558242237fff,8a7558242227fff,8a755824230ffff,8a7558242acffff,8a7558240697fff,8a7558242a6ffff,8a7558242a67fff,8a7558242a77fff,8a7558242b5ffff,8a7558242b57fff,8a7558242b47fff,8a7558242b67fff"
101765339#2,-71223800#4,"101765339#2,101765339#3,101765339#4,101765339#5,101765339#6,173532317#1,-101415865#2,-101415865#1,-101415865#0,47374680#2,47374680#3,47374680#4,47374680#5,47374680#6,47374680#7,47374680#8,-101411571#0,120511301,-282689981#1,-282689981#0,-679068326#3,-679068326#2,-679068326#1,-679068326#0,-1006827381,-71223800#7,-71223800#6,-71223800#5,-71223800#4",3.5872334115522317,2261.20846225943,31.373379310344827,8.33380628359058,29.988000000000007,0.1152857120719234,0.0,0.0,0.0,0.011493366517652374,0.0,0.0,0.9885066334823477,0.0,7.075862428010103,0.4422414017506314,0.0,76.03500576576715,0.8844828035012628,0.0,1.172717675880137,70.74244323373802,12.825000650768311,"8a755825c807fff,8a755825c82ffff,8a755825c957fff,8a755825c977fff,8a755825c90ffff,8a755825c927fff,8a75582422a7fff,8a7558242217fff,8a7558242237fff,8a7558242227fff,8a755824230ffff,8a7558242acffff,8a7558242ac7fff,8a7558242af7fff,8a7558242a0ffff,8a7558242a2ffff,8a7558242b5ffff,8a7558242b57fff,8a7558242b47fff,8a7558242b67fff"
101765339#2,-71223800#4,"101765339#2,-101765339#2,101754276#0,-416382004,101765339#6,173532317#1,-101415865#2,-101415865#1,-101749449#1,101746514,-101746498#2,-101746498#1,-101746498#0,47374680#6,47374680#7,47374680#8,-101411571#0,120511301,-282689981#1,-282689981#0,-679068326#3,-679068326#2,-679068326#1,-679068326#0,-1006827381,-71223800#7,-71223800#6,-71223800#5,-71223800#4",4.406058969133075,3025.321105776414,33.444,10.099276466304762,29.988000000000007,0.40099311769672147,0.0,0.0,0.0,0.00859045923420912,0.0,0.0,0.9914095407657909,0.0,5.288694799851266,0.3305434249907041,0.0,99.67678855234651,0.6610868499814082,0.0,1.5690050674992546,113.84367735477012,9.585759324730418,"8a755825c807fff,8a755825c877fff,8a755825c957fff,8a755825c977fff,8a755825c90ffff,8a755825c927fff,8a755824225ffff,8a755824220ffff,8a7558242207fff,8a7558242237fff,8a7558242227fff,8a755824230ffff,8a7558242acffff,8a7558242ac7fff,8a7558242af7fff,8a7558242a0ffff,8a7558242a2ffff,8a7558242b5ffff,8a7558242b57fff,8a7558242b47fff,8a7558242b67fff"
101765339#2,-71223800#4,"101765339#2,101765339#3,101765339#4,101765339#5,101765339#6,173532317#1,-101415865#2,-101415865#1,-101415865#0,47374680#2,47374680#3,47374680#4,47374680#5,47374680#6,47374680#7,47374680#8,-101411571#0,120511301,352797377,-282689986,-224715833,-224715836,-101749453,-1006827381,-71223800#7,-71223800#6,-71223800#5,-71223800#4",4.34590462661853,2532.1770030518983,30.707999999999995,7.6622419695543424,29.988000000000007,0.020122111264100913,0.0,0.0,0.0,0.010263460097079194,0.0,0.0,0.9897365399029207,0.0,6.318673608012414,0.3949171005007759,0.0,103.67117373333711,0.7898342010015518,0.0,1.3132485480657365,109.19603800938812,11.057678814021726,"8a755825c807fff,8a755825c82ffff,8a755825c957fff,8a755825c977fff,8a755825c90ffff,8a755825c927fff,8a75582422a7fff,8a7558242217fff,8a7558242237fff,8a7558242227fff,8a755824230ffff,8a7558242acffff,8a7558240697fff,8a7558242a6ffff,8a7558242a67fff,8a7558242a77fff,8a7558242b5ffff,8a7558242b57fff,8a7558242b47fff,8a7558242b67fff"
101765339#2,-71223800#4,"101765339#2,-101765339#2,101754276#0,-416382004,101765339#6,173532317#1,-101415865#2,-101415865#1,-101415865#0,47374680#2,47374680#3,47374680#4,47374680#5,47374680#6,47374680#7,47374680#8,-101411571#0,120511301,-282689981#1,-282689981#0,-679068326#3,-679068326#2,-679068326#1,-679068326#0,-1006827381,-71223800#7,-71223800#6,-71223800#5,-71223800#4",3.727273329607287,2498.2740575494413,32.753793103448274,9.598671669184645,29.988000000000007,0.2760861604684632,0.0,0.0,0.0,0.01040274086465008,0.0,0.0,0.9895972591353498,0.0,6.40442146515119,0.40027634157194936,0.0,82.32277872077886,0.8005526831438987,0.0,1.2956656563869193,83.20797615566336,11.608013905586532,"8a755825c807fff,8a755825c877fff,8a755825c957fff,8a755825c977fff,8a755825c90ffff,8a755825c927fff,8a75582422a7fff,8a7558242217fff,8a7558242237fff,8a7558242227fff,8a755824230ffff,8a7558242acffff,8a7558242ac7fff,8a7558242af7fff,8a7558242a0ffff,8a7558242a2ffff,8a7558242b5ffff,8a7558242b57fff,8a7558242b47fff,8a7558242b67fff"
101765339#2,-71223800#4,"101765339#2,-101765339#2,101754276#0,-416382004,101765339#6,173532317#1,-101415865#2,-101415865#1,-101749449#1,101746514,-101746498#2,-101746498#1,-101746498#0,47374680#6,47374680#7,47374680#8,-101411571#0,120511301,352797377,-282689986,-224715833,-224715836,-101749453,-1006827381,-71223800#7,-71223800#6,-71223800#5,-71223800#4",5.164730184199374,3296.2896465688823,32.85257142857142,9.759787351313406,29.988000000000007,0.30440306208060036,0.0,0.0,0.0,0.007884288219822145,0.0,0.0,0.9921157117801779,0.0,4.853942376287972,0.30337139851799827,0.0,117.6637963934431,0.6067427970359965,0.0,1.709535939684854,139.4357341458332,8.49439915850395,"8a755825c807fff,8a755825c877fff,8a755825c957fff,8a755825c977fff,8a755825c90ffff,8a755825c927fff,8a755824225ffff,8a755824220ffff,8a7558242207fff,8a7558242237fff,8a7558242227fff,8a755824230ffff,8a7558242acffff,8a7558240697fff,8a7558242a6ffff,8a7558242a67fff,8a7558242a77fff,8a7558242b5ffff,8a7558242b57fff,8a7558242b47fff,8a7558242b67fff"
101765339#2,-71223800#4,"101765339#2,101765339#3,101765339#4,101765339#5,101765339#6,173532317#1,-101415865#2,-101415865#1,-101749449#1,101746514,-101746498#2,-101746498#1,-101746498#0,47374680#6,47374680#7,47374680#8,-101411571#0,120511301,-282689981#1,-282689981#0,-679068326#3,-679068326#2,-679068326#1,-679068326#0,-1006827381,-71223800#7,-71223800#6,-71223800#5,-71223800#4",4.26601905107802,2788.2555104864023,32.063586206896545,9.015919909951513,29.988000000000007,0.28120775684221305,0.0,0.0,0.0,0.009320845070267989,0.0,0.0,0.990679154929732,0.0,5.738355017976401,0.35864718862352507,0.0,95.49235707289391,0.7172943772470501,0.0,1.4460570869924723,106.5319410959908,10.400768470082227,"8a755825c807fff,8a755825c82ffff,8a755825c957fff,8a755825c977fff,8a755825c90ffff,8a755825c927fff,8a755824225ffff,8a755824220ffff,8a7558242207fff,8a7558242237fff,8a7558242227fff,8a755824230ffff,8a7558242acffff,8a7558242ac7fff,8a7558242af7fff,8a7558242a0ffff,8a7558242a2ffff,8a7558242b5ffff,8a7558242b57fff,8a7558242b47fff,8a7558242b67fff"
101765339#2,-71223800#4,"101765339#2,101765339#3,101765339#4,101765339#5,101765339#6,173532317#1,-101415865#2,-101415865#1,-101749449#1,101746514,-101746498#2,-101746498#1,-101746498#0,47374680#6,47374680#7,47374680#8,-101411571#0,120511301,352797377,-282689986,-224715833,-224715836,-101749453,-1006827381,-71223800#7,-71223800#6,-71223800#5,-71223800#4",5.024690266144319,3059.224051278871,31.42285714285714,8.482394271161215,29.988000000000007,0.18774263919894743,0.0,0.0,0.0,0.00849525801116149,0.0,0.0,0.9915047419888385,0.0,5.230084404348023,0.32688027527175145,0.0,116.34821519288191,0.6537605505435029,0.0,1.5865879591780716,134.17942947329954,9.152647707609042,"8a755825c807fff,8a755825c82ffff,8a755825c957fff,8a755825c977fff,8a755825c90ffff,8a755825c927fff,8a755824225ffff,8a755824220ffff,8a7558242207fff,8a7558242237fff,8a7558242227fff,8a755824230ffff,8a7558242acffff,8a7558240697fff,8a7558242a6ffff,8a7558242a67fff,8a7558242a77fff,8a7558242b5ffff,8a7558242b57fff,8a7558242b47fff,8a7558242b67fff"
-416409191#1,416428068,"-416409191#1,-416409191#0,-162276631,162276528,1323419242#0,1323419242#1,162276533#0,162276533#1,162276533#2,-1323419243,-16648700,42762427,659281081#0,659281081#1,526438862#0,526438862#1,526438862#2,1200809292,868087112,526439431#0,526439431#1,687927789#0,416428068",2.7182849144243995,2205.748985865577,40.42956521739132,11.867599205116452,39.99600000000001,0.6817849507228024,0.0,0.0,0.3182150492771977,0.2803933226414342,0.0,0.0,0.40139162808136825,0.9067214868128627,8.160493381315764,0.45336074340643134,0.45336074340643134,63.63520439692058,0.9067214868128627,0.0,1.2134318965397608,102.1899723413027,10.427297098347921,"8a7558251a8ffff,8a7558251af7fff,8a7558251a47fff,8a755824268ffff,8a75582426f7fff,8a755824261ffff,8a755824260ffff,8a755824274ffff,8a755824239ffff,8a7558242397fff,8a75582423a7fff,8a755824204ffff,8a755824206ffff,8a7558242a9ffff"
-101784793,-1323419243,"-101784793,336860316#1,-120511144#1,-120511144#0,-283490977#1,-283490977#0,-1323419243",0.8033253906314146,689.0101424142738,41.425714285714285,10.699002036238175,20.016000000000005,0.7877470323338028,0.0,0.0,0.8003835641272725,0.0,0.0,0.0,0.19961643587272743,1.4513574451836453,13.062217006652807,0.0,0.0,116.07715059827459,1.4513574451836453,0.0,1.1243368984810096,71.42542117741776,10.159502116285516,"8a755825cd67fff,8a755825c9b7fff,8a755824266ffff,8a7558242297fff,8a755824274ffff"
101784499#1,-101746514,"101784499#1,479315694,101787498,101786553#1,101786553#2,-173532317#2,-101415865#2,-101415865#1,-101749449#1,101746514,-101746514",2.3684613370186085,2159.896532995499,37.26654545454546,10.098571981856015,20.016000000000005,0.6204486886598588,0.0,0.0,0.0,0.1186475921228036,0.0,0.0,0.8813524078771965,0.0,7.407762249523154,0.46298514059519713,0.0,84.72473006739015,0.9259702811903943,0.46298514059519713,3.6759363086971835,186.04517171880846,5.0928365465471686,"8a755825cd6ffff,8a755825c98ffff,8a755825c9affff,8a755825c937fff,8a755825c90ffff,8a755825c927fff,8a755824225ffff"
659281081#0,-416409191#0,"659281081#0,1323419244,1323419245,16648700,1323419243,-162276533#2,-162276533#1,-162276533#0,-1323419242#1,-1323419242#0,-162276528,162276631,416409191#0,-416409191#0",1.9389772518345256,1955.231565541132,44.28257142857144,12.22895445379396,39.99600000000001,0.8188039409795949,0.0,0.0,0.15123800296709639,0.3163192012444074,0.0,0.0,0.5324427957884963,1.5343451143444058,13.809106029099652,1.5343451143444058,0.0,81.1341974431584,1.5343451143444058,0.5114483714481353,1.874308247763988,134.89809519463859,7.160277200273894,"8a7558242397fff,8a755824239ffff,8a755824274ffff,8a755824260ffff,8a755824261ffff,8a75582426f7fff,8a755824268ffff,8a7558251a47fff,8a7558251af7fff"
659281081#0,-416409191#0,"659281081#0,1323419244,76867740,1323419243,-162276533#2,-162276533#1,-162276533#0,-1323419242#1,-1323419242#0,-162276528,162276631,416409191#0,-416409191#0",1.9721705291454503,1961.612333166413,45.382153846153855,11.986320048609263,39.99600000000001,0.8161405208992257,0.0,0.0,0.030265302187210828,0.315290272498177,0.0,0.0,0.6544444253146122,1.5293541691580992,13.764187522422892,1.5293541691580992,0.0,82.34359122951255,1.0195694461053995,0.5097847230526997,1.8804249275465281,140.28836800731352,6.627201399685096,"8a7558242397fff,8a755824274ffff,8a755824260ffff,8a755824261ffff,8a75582426f7fff,8a755824268ffff,8a7558251a47fff,8a7558251af7fff"
-101765343,-101418589,"-101765343,101765343,101765339#1,101754276#0,-416382004,101765339#6,173532317#1,173532317#2,173532317#3,-283490977#1,-283490977#0,-1323419243,-16648700,42762427,659281081#0,659281081#1,526438862#0,526438862#1,526438862#2,101418589,-101418589",2.377712157110877,1858.4487114498281,36.66342857142858,13.168854971376325,39.99600000000001,0.6532128482537779,0.0,0.0,0.4068496376325588,0.2060574515359148,0.0,0.0,0.3762558300107984,1.076166368045607,10.223580496433268,0.5380831840228035,0.0,106.73164265833952,1.6142495520684108,0.0,1.5285847755646147,82.47889232838659,11.299746864478875,"8a755825c81ffff,8a755825c807fff,8a755825c877fff,8a755825c957fff,8a755825c977fff,8a755825c90ffff,8a755825c937fff,8a755824266ffff,8a7558242297fff,8a755824274ffff,8a755824239ffff,8a7558242397fff,8a75582423a7fff,8a755824204ffff"
-101765343,-101418589,"-101765343,101765343,101765339#1,101754276#0,-416382004,101765339#6,173532317#1,-101415865#2,-101415865#1,-101415865#0,47374680#2,47374680#3,47374665#0,47374666,659281081#0,659281081#1,526438862#0,526438862#1,526438862#2,101418589,-101418589",3.470717546410188,1880.7721633716244,31.424571428571436,12.761082981359495,39.99600000000001,0.31958297891376586,0.0,0.0,0.14438812952689095,0.013818206232367316,0.0,0.0,0.7015890956054656,1.0633930249236772,19.672770961088027,1.5950895373855158,0.0,111.71027307704593,2.6584825623091928,0.5316965124618386,1.546945943422234,85.62397582864007,11.165626761698611,"8a755825c81ffff,8a755825c807fff,8a755825c877fff,8a755825c957fff,8a755825c977fff,8a755825c90ffff,8a755825c927fff,8a75582422a7fff,8a7558242217fff,8a7558242387fff,8a7558242397fff,8a75582423a7fff,8a755824204ffff"
-101749449#0,-1323419243,"-101749449#0,101749449#0,101749449#1,-101749458#1,-101749458#0,-47374680#0,-283490977#0,-1323419243",0.6815999257874497,531.8214239472795,37.494,10.359264176847425,20.016000000000005,0.5252548460178148,0.0,0.0,0.2656947142333304,0.0,0.0,0.0,0.7343052857666695,1.8803304172626412,16.92297375536377,0.0,0.0,148.23449210226607,1.8803304172626412,0.0,1.6993164162011578,45.92383507272829,15.04264333810113,"8a755825c927fff,8a755824228ffff,8a755824229ffff,8a7558242297fff,8a755824274ffff"
-101749449#0,-1323419243,"-101749449#0,101749449#0,101749449#1,-101415865#0,-47374680#1,-47374680#0,-283490977#0,-1323419243",1.458522112948851,894.2379914655744,32.49,7.076724666114969,20.016000000000005,0.14827757705852157,0.0,0.0,0.15801402155510524,0.0,0.0,0.0,0.8419859784448948,1.1182705382054854,10.064434843849368,0.0,0.0,137.11050464168602,1.1182705382054854,0.0,2.8573375017679647,100.08010269636489,8.946164305643883,"8a755825c927fff,8a755824228ffff,8a75582422a7fff,8a7558242297fff,8a755824274ffff"
-101765343,-101746498#2,"-101765343,101765343,101765339#1,101754276#0,-416382004,101765339#6,173532317#1,-101415865#2,-101415865#1,-101749449#1,101746514,-101746498#2",1.9236141252757404,1759.2915013710183,39.996,10.453015084827745,20.016000000000005,0.6391532157372922,0.0,0.0,0.0,0.014772365812778358,0.0,0.0,0.9852276341872217,0.0,9.09457016505291,0.5684106353158068,0.0,120.12861665946643,1.1368212706316136,0.0,2.097594081588345,150.51781487721559,6.820927623789681,"8a755825c81ffff,8a755825c807fff,8a755825c877fff,8a755825c957fff,8a755825c977fff,8a755825c90ffff,8a755825c927fff,8a755824225ffff,8a755824220ffff"
-173532317#1,-1323419243,"-173532317#1,173532317#1,173532317#2,173532317#3,-283490977#1,-283490977#0,-1323419243",0.6887209023278138,673.5842993410845,47.14457142857144,7.565336891752694,20.016000000000005,0.9870740773216387,0.0,0.0,0.3928954351799001,0.6071045648200999,0.0,0.0,0.0,1.484595173875375,1.484595173875375,0.0,0.0,145.8981243127048,1.484595173875375,0.0,1.2085431695298035,86.81136174656889,10.392166217127626,"8a755825c90ffff,8a755825c977fff,8a755825c937fff,8a755824266ffff,8a7558242297fff,8a755824274ffff"
