origins,destinations,free_flow_time,total_length,mean_speed,speed_std,speed_range,pct_high_speed,pct_motorway,pct_trunk,pct_primary,pct_secondary,pct_tertiary,pct_unclassified,pct_residential,lane_changes_per_km,priority_changes_per_km,yield_priority_changes_per_km,traffic_lights_per_km,bearing_std,turns_per_km,left_yield_turns_per_km,mean_circuity,edge_length_std,edges_per_km,h3_sequence,cluster
57680159,41273128#1,0.9,0.9,1.0,0.0,0.4499999999999999,1.0,0.55,0.55,0.55,1.0,0.6,1.0,0.1,0.4499999999999999,0.3,0.1999999999999999,0.4499999999999999,0.0999999999999999,0.1999999999999999,0.0,0.9,0.4,0.7,"8a75582404e7fff,8a7558240417fff,8a7558240597fff,8a755824296ffff,8a755824291ffff,8a75582429affff,8a75582429a7fff,8a755824665ffff,8a755824664ffff,8a7558242937fff,8a7558242927fff,8a75582462d7fff,8a75582462c7fff,8a75582462e7fff,8a7558246277fff,8a755824634ffff,8a7558240cb7fff,8a7558240c17fff,8a7558240c37fff,8a7558240c27fff,8a7558240d57fff,8a7558240d77fff,8a7558240d27fff,8a7558244687fff,8a75582446b7fff,8a7558244787fff,8a75582447a7fff,8a75582447b7fff,8a7558244467fff",0
57680159,41273128#1,0.4,0.4,0.8,0.5,0.4499999999999999,0.6,0.55,0.55,0.55,0.5,0.8,0.15,0.6,0.4499999999999999,0.1999999999999999,0.5,0.4499999999999999,0.3,0.5,0.5,0.4,0.0999999999999999,0.5,"8a75582404e7fff,8a75582404f7fff,8a755824296ffff,8a755824291ffff,8a75582429affff,8a75582429a7fff,8a755824665ffff,8a755824664ffff,8a7558242937fff,8a7558242927fff,8a75582462d7fff,8a75582462c7fff,8a75582462e7fff,8a7558246277fff,8a755824634ffff,8a7558240cb7fff,8a7558240c17fff,8a7558240c37fff,8a7558240c27fff,8a7558240d1ffff,8a7558240daffff,8a7558240da7fff,8a7558246a5ffff,8a7558246a4ffff,8a7558246a67fff,8a7558246a6ffff,8a755824469ffff,8a75582446b7fff,8a7558244787fff,8a75582447a7fff,8a755824446ffff,8a755824409ffff,8a7558244097fff,8a7558244467fff,8a7558244477fff,8a75582447b7fff",3
57680159,41273128#1,0.3,0.3,0.2,0.6,0.4499999999999999,0.3,0.55,0.55,0.55,0.3,0.7,0.4,0.5,0.4499999999999999,0.0999999999999999,0.0999999999999999,0.4499999999999999,0.4,0.0999999999999999,0.6,0.3,0.1999999999999999,0.1999999999999999,"8a75582404e7fff,8a75582404f7fff,8a755824296ffff,8a755824291ffff,8a75582429affff,8a75582429a7fff,8a755824665ffff,8a755824664ffff,8a7558242937fff,8a7558242927fff,8a75582462d7fff,8a75582462c7fff,8a75582462e7fff,8a7558246277fff,8a755824634ffff,8a7558240cb7fff,8a7558240c17fff,8a7558240c37fff,8a7558240c27fff,8a7558240d57fff,8a7558240d77fff,8a7558240d67fff,8a7558240d47fff,8a7558240997fff,8a75582446c7fff,8a755824461ffff,8a755824460ffff,8a7558244627fff,8a755824471ffff,8a7558244717fff,8a7558244707fff,8a755824409ffff,8a7558244737fff,8a755824446ffff,8a7558244467fff,8a7558244477fff,8a75582447b7fff",1
57680159,41273128#1,0.0,0.0,0.1,0.9,0.4499999999999999,0.1,0.55,0.55,0.55,0.1,0.1,0.6,1.0,0.4499999999999999,0.9,0.8,0.4499999999999999,0.8,0.8,0.9,0.0,0.6,0.9,"8a75582404e7fff,8a7558240417fff,8a7558240597fff,8a755824296ffff,8a755824291ffff,8a75582429affff,8a75582429a7fff,8a755824665ffff,8a755824664ffff,8a7558242937fff,8a7558242927fff,8a75582462d7fff,8a75582462c7fff,8a75582462e7fff,8a7558246277fff,8a755824634ffff,8a7558240cb7fff,8a7558240c17fff,8a7558240c37fff,8a7558240c27fff,8a7558240d57fff,8a7558240d77fff,8a7558240d27fff,8a7558244687fff,8a75582446a7fff,8a755824478ffff,8a75582447affff,8a7558244637fff,8a7558244617fff,8a755824461ffff,8a755824468ffff,8a75582446dffff,8a75582446c7fff,8a75582446e7fff,8a755824460ffff,8a7558244627fff,8a755824471ffff,8a7558244707fff,8a7558244717fff,8a755824409ffff,8a755824446ffff,8a75582447a7fff,8a7558244787fff,8a7558244797fff,8a7558244467fff,8a7558244477fff,8a75582447b7fff",4
57680159,41273128#1,0.8,0.8,0.6,0.4,0.4499999999999999,0.8,0.55,0.55,0.55,0.9,0.5,0.7,0.4,0.4499999999999999,0.4,0.3,0.4499999999999999,0.5,0.3,0.0999999999999999,0.8,0.9,0.0,"8a75582404e7fff,8a75582404f7fff,8a75582404affff,8a755824296ffff,8a755824291ffff,8a75582429affff,8a75582429a7fff,8a755824665ffff,8a755824664ffff,8a7558242937fff,8a7558242927fff,8a75582462d7fff,8a75582462c7fff,8a75582462e7fff,8a7558246277fff,8a755824634ffff,8a7558240cb7fff,8a7558240c17fff,8a7558240c37fff,8a7558240c27fff,8a7558240d57fff,8a7558240d77fff,8a7558240d67fff,8a75582446c7fff,8a755824461ffff,8a7558244617fff,8a7558244637fff,8a75582447affff,8a75582447a7fff,8a75582447b7fff,8a7558244467fff",0
57680159,41273128#1,0.7,0.7,0.9,0.0999999999999999,0.4499999999999999,0.9,0.55,0.55,0.55,0.8,0.4,0.15,0.7,0.4499999999999999,0.5,0.9,0.4499999999999999,0.0,0.9,0.1999999999999999,0.7,0.8,0.3,"8a75582404e7fff,8a7558240417fff,8a7558240597fff,8a755824296ffff,8a755824291ffff,8a75582429affff,8a75582429a7fff,8a755824665ffff,8a755824664ffff,8a7558242937fff,8a7558242927fff,8a75582462d7fff,8a75582462c7fff,8a75582462e7fff,8a7558246277fff,8a755824634ffff,8a7558240cb7fff,8a7558240c17fff,8a7558240c37fff,8a7558240c27fff,8a7558240d1ffff,8a7558240daffff,8a7558240da7fff,8a7558246a5ffff,8a7558246a4ffff,8a7558240d37fff,8a755824469ffff,8a7558240d27fff,8a7558244687fff,8a75582446b7fff,8a7558244787fff,8a7558244797fff,8a75582447a7fff,8a75582447b7fff,8a7558244467fff",3
57680159,41273128#1,0.0999999999999999,0.0999999999999999,0.4,0.8,0.4499999999999999,0.2,0.55,0.55,0.55,0.2,0.2,0.8,0.9,0.4499999999999999,0.8,0.7,0.4499999999999999,0.9,0.7,0.8,0.0999999999999999,0.3,0.6,"8a75582404e7fff,8a755824040ffff,8a7558240417fff,8a7558240597fff,8a755824296ffff,8a755824291ffff,8a75582429affff,8a75582429a7fff,8a755824665ffff,8a755824664ffff,8a7558242937fff,8a7558242927fff,8a75582462d7fff,8a75582462c7fff,8a75582462e7fff,8a7558246277fff,8a755824634ffff,8a7558240cb7fff,8a7558240c17fff,8a7558240c37fff,8a7558240c27fff,8a7558240d57fff,8a7558240d77fff,8a7558240d27fff,8a755824469ffff,8a75582446b7fff,8a7558244787fff,8a7558244797fff,8a75582447a7fff,8a755824446ffff,8a7558244737fff,8a755824409ffff,8a7558244097fff,8a7558244467fff,8a7558244477fff,8a75582447b7fff",4
57680159,41273128#1,0.5,0.5,0.7,0.3,0.4499999999999999,0.5,0.55,0.55,0.55,0.6,0.9,0.9,0.3,0.4499999999999999,0.6,0.4,0.4499999999999999,0.7,0.4,0.4,0.5,0.0,0.8,"8a75582404e7fff,8a75582404f7fff,8a755824296ffff,8a755824291ffff,8a75582429affff,8a75582429a7fff,8a755824665ffff,8a755824664ffff,8a7558242937fff,8a7558242927fff,8a75582462d7fff,8a75582462c7fff,8a75582462e7fff,8a7558246277fff,8a755824634ffff,8a7558240cb7fff,8a7558240c17fff,8a7558240c37fff,8a7558240c27fff,8a7558240d57fff,8a7558240d77fff,8a7558240d27fff,8a7558244687fff,8a75582446a7fff,8a755824478ffff,8a75582447affff,8a7558244737fff,8a755824446ffff,8a755824409ffff,8a7558244097fff,8a7558244467fff,8a7558244477fff,8a75582447b7fff",3
57680159,41273128#1,0.6,0.6,0.3,0.7,0.4499999999999999,0.7,0.55,0.55,0.55,0.7,1.0,0.5,0.2,0.4499999999999999,0.0,0.0,0.4499999999999999,0.6,0.0,0.3,0.6,0.7,0.0999999999999999,"8a75582404e7fff,8a75582404f7fff,8a755824296ffff,8a755824291ffff,8a75582429affff,8a75582429a7fff,8a755824665ffff,8a755824664ffff,8a7558242937fff,8a7558242927fff,8a75582462d7fff,8a75582462c7fff,8a75582462e7fff,8a7558246277fff,8a755824634ffff,8a7558240cb7fff,8a7558240c17fff,8a7558240c37fff,8a7558240c27fff,8a7558240d57fff,8a7558240d77fff,8a7558240d67fff,8a75582446c7fff,8a75582446e7fff,8a755824461ffff,8a755824460ffff,8a7558244627fff,8a755824471ffff,8a7558244637fff,8a75582447affff,8a755824478ffff,8a75582446a7fff,8a7558244687fff,8a75582446b7fff,8a7558244787fff,8a7558244797fff,8a75582447a7fff,8a75582447b7fff,8a7558244467fff",0
57680159,41273128#1,0.1999999999999999,0.1999999999999999,0.5,0.1999999999999999,0.4499999999999999,0.4,0.55,0.55,0.55,0.4,0.3,0.3,0.8,0.4499999999999999,0.7,0.6,0.4499999999999999,0.1999999999999999,0.6,0.7,0.1999999999999999,0.5,0.4,"8a75582404e7fff,8a7558240417fff,8a7558240597fff,8a755824296ffff,8a755824291ffff,8a75582429affff,8a75582429a7fff,8a755824665ffff,8a755824664ffff,8a7558242937fff,8a7558242927fff,8a75582462d7fff,8a75582462c7fff,8a75582462e7fff,8a7558246277fff,8a755824634ffff,8a7558240cb7fff,8a7558240c17fff,8a7558240c37fff,8a7558240c27fff,8a7558240d57fff,8a7558240d77fff,8a7558240d67fff,8a75582446c7fff,8a755824461ffff,8a755824460ffff,8a7558244627fff,8a755824471ffff,8a7558244637fff,8a75582447affff,8a7558244737fff,8a755824409ffff,8a7558244097fff,8a7558244467fff,8a7558244477fff,8a75582447b7fff",4
-979838980#5,-174375407#2,0.5,0.75,0.25,0.0,0.375,0.25,0.625,0.625,0.375,0.75,1.0,0.625,0.375,0.625,0.75,0.75,0.375,0.75,0.75,0.0,0.75,0.0,0.75,"8a75582462e7fff,8a75582462c7fff,8a75582462d7fff,8a7558242927fff,8a7558242937fff,8a755824664ffff,8a755824665ffff,8a75582429a7fff,8a75582429affff,8a755824291ffff",3
-979838980#5,-174375407#2,0.25,0.0,1.0,0.75,0.375,1.0,0.625,0.625,0.75,0.5,0.25,0.625,0.75,0.25,0.0,0.0,0.375,0.25,0.0,0.75,0.0,0.75,0.0,"8a75582462e7fff,8a75582462c7fff,8a75582462d7fff,8a7558242927fff,8a7558242937fff,8a755824664ffff,8a7558246647fff,8a755824665ffff,8a75582429a7fff,8a75582429affff,8a755824291ffff",1
-979838980#5,-174375407#2,0.0,0.25,0.625,0.375,0.375,0.75,0.625,0.625,1.0,1.0,0.5,0.625,0.375,0.0,0.5,0.5,0.375,0.5,0.25,0.5,0.25,0.5,0.5,"8a75582462e7fff,8a75582462c7fff,8a75582462d7fff,8a7558242927fff,8a7558242937fff,8a755824664ffff,8a755824665ffff,8a75582429a7fff,8a75582429affff,8a755824291ffff",1
-979838980#5,-174375407#2,0.75,0.5,0.625,0.375,0.375,0.5,0.625,0.625,0.375,0.25,0.75,0.625,1.0,0.625,0.25,0.25,0.375,0.0,0.5,0.25,0.5,0.25,0.25,"8a75582462e7fff,8a75582462c7fff,8a75582462d7fff,8a7558242927fff,8a7558242937fff,8a755824664ffff,8a7558246647fff,8a755824665ffff,8a75582429a7fff,8a75582429affff,8a755824291ffff",2
-979838980#5,57680181#1,0.9,0.9,0.9,0.0,0.4499999999999999,0.9,0.55,0.55,0.35,1.0,1.0,0.55,0.1,0.65,0.5,0.5,0.4499999999999999,0.9,0.5,0.0,0.9,0.0,0.8,"8a75582462e7fff,8a75582462c7fff,8a75582462d7fff,8a7558242927fff,8a7558242937fff,8a755824664ffff,8a755824665ffff,8a75582429a7fff,8a75582429affff,8a755824291ffff,8a755824296ffff,8a75582404f7fff,8a75582404e7fff,8a7558240417fff,8a7558240597fff",3
-979838980#5,57680181#1,0.5,0.5,0.7,0.6,0.4499999999999999,0.7,0.55,0.55,0.9,0.6,0.2,0.55,0.7,0.0999999999999999,0.1999999999999999,0.0999999999999999,0.4499999999999999,0.1999999999999999,0.0999999999999999,0.4,0.5,0.6,0.0999999999999999,"8a75582462e7fff,8a75582462c7fff,8a75582462d7fff,8a7558242927fff,8a7558242937fff,8a755824664ffff,8a7558246647fff,8a755824665ffff,8a75582429a7fff,8a75582429affff,8a755824291ffff,8a755824296ffff,8a7558240597fff,8a75582405b7fff,8a7558240407fff,8a755824040ffff,8a75582404e7fff,8a7558240417fff",0
-979838980#5,57680181#1,0.3,0.3,0.1,0.9,0.4499999999999999,0.4,0.55,0.55,0.35,0.4,0.3,0.55,1.0,0.65,0.8,0.8,0.4499999999999999,0.6,0.8,0.6,0.3,0.9,0.0,"8a75582462e7fff,8a75582462c7fff,8a75582462d7fff,8a7558242927fff,8a7558242937fff,8a755824664ffff,8a755824665ffff,8a75582429a7fff,8a75582429affff,8a755824291ffff,8a755824296ffff,8a7558240597fff,8a75582405b7fff,8a755824625ffff,8a755824624ffff,8a7558240517fff,8a755824051ffff,8a7558240437fff,8a7558240407fff,8a755824040ffff,8a75582404e7fff,8a7558240417fff",4
-979838980#5,57680181#1,0.1999999999999999,0.1999999999999999,0.55,0.35,0.4499999999999999,0.3,0.55,0.55,0.7,0.3,0.8,0.55,0.3,0.3,0.7,0.4,0.4499999999999999,0.7,0.4,0.7,0.1999999999999999,0.0999999999999999,0.7,"8a75582462e7fff,8a75582462c7fff,8a75582462d7fff,8a7558242927fff,8a7558242937fff,8a755824664ffff,8a755824665ffff,8a75582429a7fff,8a75582429affff,8a755824291ffff,8a755824296ffff,8a75582404f7fff,8a75582404affff,8a7558240597fff,8a7558240417fff,8a755824040ffff,8a75582404e7fff",4
-979838980#5,57680181#1,0.0999999999999999,0.0999999999999999,0.4,0.7,0.4499999999999999,0.2,0.55,0.55,0.35,0.1,0.7,0.55,0.9,0.65,0.3,0.6,0.4499999999999999,0.0,0.6,0.8,0.0999999999999999,0.4,0.6,"8a75582462e7fff,8a75582462c7fff,8a75582462d7fff,8a7558242927fff,8a7558242937fff,8a755824664ffff,8a7558246647fff,8a755824665ffff,8a75582429a7fff,8a75582429affff,8a755824291ffff,8a755824296ffff,8a75582404f7fff,8a75582404affff,8a7558240597fff,8a75582405b7fff,8a7558240437fff,8a7558240407fff,8a755824040ffff,8a75582404e7fff,8a7558240417fff",4
-979838980#5,57680181#1,0.8,0.8,1.0,0.5,0.4499999999999999,1.0,0.55,0.55,1.0,0.9,0.9,0.55,0.2,0.0,0.0,0.0,0.4499999999999999,0.8,0.0,0.0999999999999999,0.8,0.1999999999999999,0.3,"8a75582462e7fff,8a75582462c7fff,8a75582462d7fff,8a7558242927fff,8a7558242937fff,8a755824664ffff,8a7558246647fff,8a755824665ffff,8a75582429a7fff,8a75582429affff,8a755824291ffff,8a755824296ffff,8a75582404f7fff,8a75582404e7fff,8a7558240417fff,8a7558240597fff",0
-979838980#5,57680181#1,0.4,0.4,0.55,0.35,0.4499999999999999,0.6,0.55,0.55,0.8,0.8,0.1,0.55,0.5,0.1999999999999999,0.4,0.3,0.4499999999999999,0.3,0.1999999999999999,0.5,0.4,0.8,0.4,"8a75582462e7fff,8a75582462c7fff,8a75582462d7fff,8a7558242927fff,8a7558242937fff,8a755824664ffff,8a755824665ffff,8a75582429a7fff,8a75582429affff,8a755824291ffff,8a755824296ffff,8a7558240597fff,8a75582405b7fff,8a7558240437fff,8a7558240407fff,8a755824040ffff,8a75582404e7fff,8a7558240417fff",1
-979838980#5,57680181#1,0.7,0.7,0.8,0.0999999999999999,0.4499999999999999,0.8,0.55,0.55,0.35,0.5,0.5,0.55,0.4,0.65,0.0999999999999999,0.1999999999999999,0.4499999999999999,0.0999999999999999,0.3,0.1999999999999999,0.7,0.7,0.1999999999999999,"8a75582462e7fff,8a75582462c7fff,8a75582462d7fff,8a7558242927fff,8a7558242937fff,8a755824664ffff,8a7558246647fff,8a755824665ffff,8a75582429a7fff,8a75582429affff,8a755824291ffff,8a755824296ffff,8a7558240597fff,8a7558240417fff,8a755824040ffff,8a75582404e7fff",0
-979838980#5,57680181#1,0.6,0.6,0.3,0.1999999999999999,0.4499999999999999,0.5,0.55,0.55,0.35,0.7,0.4,0.55,0.6,0.65,0.6,0.7,0.4499999999999999,0.5,0.7,0.3,0.6,0.5,0.5,"8a75582462e7fff,8a75582462c7fff,8a75582462d7fff,8a7558242927fff,8a7558242937fff,8a755824664ffff,8a755824665ffff,8a75582429a7fff,8a75582429affff,8a755824291ffff,8a755824296ffff,8a7558240597fff,8a75582405b7fff,8a7558240407fff,8a755824040ffff,8a75582404e7fff,8a7558240417fff",2
-979838980#5,57680181#1,0.0,0.0,0.2,0.8,0.4499999999999999,0.1,0.55,0.55,0.35,0.2,0.6,0.55,0.8,0.65,0.9,0.9,0.4499999999999999,0.4,0.9,0.9,0.0,0.3,0.9,"8a75582462e7fff,8a75582462c7fff,8a75582462d7fff,8a7558242927fff,8a7558242937fff,8a755824664ffff,8a755824665ffff,8a75582429a7fff,8a75582429affff,8a755824291ffff,8a755824296ffff,8a75582404f7fff,8a75582404affff,8a7558240597fff,8a75582405b7fff,8a7558240437fff,8a7558240407fff,8a755824040ffff,8a75582404e7fff,8a7558240417fff",4
-1116499322,57680145#0,0.75,0.75,0.5,0.5,0.625,0.5,0.625,0.625,0.25,0.625,0.625,0.375,1.0,0.0,0.0,0.0,0.625,0.0,0.0,0.75,0.75,0.5,0.25,"8a7558255b2ffff,8a7558255b07fff,8a755824648ffff,8a75582464f7fff,8a75582464affff",0
-1116499322,57680145#0,0.25,0.25,1.0,0.0,0.125,1.0,0.625,0.625,1.0,0.625,0.625,1.0,0.25,0.75,0.75,0.25,0.625,0.75,0.75,0.5,0.25,0.0,0.75,"8a7558255b2ffff,8a7558255b07fff,8a7558255867fff,8a755825595ffff,8a7558255937fff,8a7558273667fff,8a7558273767fff,8a75582730d7fff,8a75582733b7fff,8a755827305ffff,8a7558273337fff,8a75582733affff,8a755827338ffff,8a75582732f7fff,8a7558255967fff,8a75582464affff,8a75582464f7fff",3
-1116499322,57680145#0,0.5,0.5,0.25,0.75,0.625,0.25,0.625,0.625,0.5,0.625,0.625,0.375,0.75,0.25,0.25,0.75,0.0,0.25,0.5,0.0,0.5,0.75,0.0,"8a7558255b07fff,8a7558255b2ffff,8a7558255b77fff,8a7558255b47fff,8a7558255b5ffff,8a7558255b4ffff,8a7558246697fff,8a75582466b7fff,8a755824679ffff,8a7558246797fff,8a75582464cffff,8a75582464c7fff,8a75582464f7fff,8a75582464affff",2
-1116499322,57680145#0,0.0,0.0,0.75,0.25,0.125,0.75,0.625,0.625,0.75,0.625,0.625,0.75,0.5,0.5,0.5,0.5,0.25,0.5,0.25,0.25,0.0,0.25,0.5,"8a7558255b07fff,8a7558255b2ffff,8a7558255b77fff,8a7558255b47fff,8a7558255b5ffff,8a7558255b4ffff,8a7558246697fff,8a75582466b7fff,8a755824679ffff,8a7558246797fff,8a75582464cffff,8a75582464c7fff,8a75582464f7fff,8a755824648ffff,8a7558255867fff,8a755825595ffff,8a7558255937fff,8a7558273667fff,8a7558273767fff,8a75582730d7fff,8a75582733b7fff,8a755827305ffff,8a7558273337fff,8a75582733affff,8a755827338ffff,8a75582732f7fff,8a7558255967fff,8a75582464affff",1
57680145#0,-1116499322,0.6666666666666667,0.6666666666666667,0.6666666666666666,0.3333333333333333,0.5,0.6666666666666666,0.6666666666666666,0.6666666666666666,0.3333333333333333,0.6666666666666666,0.6666666666666666,0.5,1.0,0.0,0.0,0.5,0.5,0.6666666666666667,0.0,0.3333333333333333,0.6666666666666667,0.3333333333333333,0.3333333333333333,"8a75582464affff,8a75582464f7fff,8a755824648ffff,8a7558255b07fff,8a7558255b2ffff",0
57680145#0,-1116499322,0.0,0.0,1.0,0.0,0.0,1.0,0.6666666666666666,0.6666666666666666,1.0,0.6666666666666666,0.6666666666666666,1.0,0.3333333333333333,0.6666666666666667,0.6666666666666667,0.0,0.5,0.0,0.6666666666666667,0.3333333333333333,0.0,0.0,0.6666666666666667,"8a75582464f7fff,8a75582464affff,8a7558255967fff,8a75582732f7fff,8a755827338ffff,8a75582733affff,8a7558273337fff,8a755827305ffff,8a75582733b7fff,8a75582730d7fff,8a7558273767fff,8a7558273667fff,8a7558255937fff,8a755825595ffff,8a7558255867fff,8a7558255b07fff,8a7558255b2ffff",1
57680145#0,-1116499322,0.3333333333333333,0.3333333333333333,0.3333333333333333,0.6666666666666667,0.5,0.3333333333333333,0.6666666666666666,0.6666666666666666,0.6666666666666666,0.6666666666666666,0.6666666666666666,0.5,0.6666666666666666,0.3333333333333333,0.3333333333333333,0.5,0.0,0.3333333333333333,0.3333333333333333,0.3333333333333333,0.3333333333333333,0.6666666666666667,0.0,"8a75582464affff,8a75582464f7fff,8a75582464c7fff,8a75582464cffff,8a7558246797fff,8a755824679ffff,8a7558255b6ffff,8a7558255b4ffff,8a7558255b5ffff,8a7558255b47fff,8a7558255b77fff,8a7558255b2ffff,8a7558255b07fff",2
-1020092137#1,-22561653,0.9,0.9,0.7,0.9,0.85,0.1,0.55,0.55,0.7,1.0,0.15,0.1,0.6,0.1999999999999999,0.1999999999999999,0.6,0.0,0.9,0.3,0.85,0.9,0.9,0.0,"8a75582447a7fff,8a7558244797fff,8a7558244787fff,8a75582446b7fff,8a755824469ffff,8a7558240d27fff,8a7558240d77fff,8a7558240d57fff,8a7558240c27fff,8a7558240c37fff,8a7558240c17fff,8a7558240cb7fff,8a755824634ffff,8a7558246277fff,8a75582462e7fff,8a75582462c7fff,8a75582462d7fff,8a7558242927fff,8a7558242937fff,8a755824664ffff,8a755824665ffff,8a75582466effff,8a75582466c7fff,8a75582466f7fff,8a75582466affff,8a7558246687fff,8a7558246697fff,8a7558255b4ffff",2
-1020092137#1,-22561653,0.0999999999999999,0.0999999999999999,0.1,0.8,0.35,0.5,0.55,0.55,0.9,0.45,0.4,0.3,0.3,0.9,0.8,0.8,0.5,0.0,0.9,0.7,0.0,0.7,0.5,"8a7558244797fff,8a75582447a7fff,8a7558244467fff,8a7558244097fff,8a755824409ffff,8a7558244707fff,8a7558244717fff,8a755824471ffff,8a7558244637fff,8a7558244617fff,8a755824461ffff,8a755824468ffff,8a75582446dffff,8a75582446c7fff,8a75582446e7fff,8a755824460ffff,8a7558244627fff,8a7558244767fff,8a75582440c7fff,8a7558244c27fff,8a7558244c87fff,8a7558271257fff,8a75582712e7fff,8a7558246d27fff,8a7558246d37fff,8a7558273327fff,8a7558273337fff,8a755827305ffff,8a75582733b7fff,8a75582730d7fff,8a7558273767fff,8a7558273667fff,8a7558255937fff,8a755825595ffff,8a7558255867fff,8a7558255b07fff,8a7558255b2ffff,8a7558255b77fff,8a7558255b47fff,8a7558255b5ffff,8a7558255b4ffff,8a7558246697fff",4
-1020092137#1,-22561653,0.5,0.4,0.9,0.1999999999999999,0.35,0.8,0.55,0.55,0.1,0.45,0.7,1.0,0.5,0.7,0.6,0.4,0.75,0.5,0.8,0.1999999999999999,0.6,0.4,0.4,"8a75582447a7fff,8a7558244797fff,8a7558244787fff,8a75582446b7fff,8a755824469ffff,8a7558240d27fff,8a7558244687fff,8a75582446a7fff,8a755824478ffff,8a75582447affff,8a7558244637fff,8a755824471ffff,8a7558244627fff,8a7558244767fff,8a75582440c7fff,8a7558244c27fff,8a7558244c87fff,8a7558271257fff,8a75582712e7fff,8a7558246d27fff,8a7558273a0ffff,8a7558273aaffff,8a7558273a87fff,8a7558273337fff,8a75582733affff,8a755827338ffff,8a75582732f7fff,8a7558255967fff,8a75582464affff,8a75582464f7fff,8a75582464c7fff,8a75582464cffff,8a7558246797fff,8a755824679ffff,8a75582466b7fff,8a7558246697fff,8a7558255b4ffff",3
-1020092137#1,-22561653,0.4,0.5,0.5,0.3,0.35,0.6,0.55,0.55,0.4,0.45,0.8,0.6,0.7,0.6,0.5,0.3,0.3,0.6,0.7,0.0999999999999999,0.3,0.3,0.3,"8a7558244797fff,8a75582447a7fff,8a75582447b7fff,8a7558244467fff,8a7558244097fff,8a755824409ffff,8a7558244737fff,8a755824446ffff,8a75582447affff,8a7558244637fff,8a755824471ffff,8a7558244627fff,8a7558244767fff,8a75582440c7fff,8a7558244c27fff,8a7558244c87fff,8a7558271257fff,8a75582712e7fff,8a7558246d27fff,8a7558246d37fff,8a7558273327fff,8a7558273337fff,8a75582733affff,8a755827338ffff,8a75582732f7fff,8a7558255967fff,8a75582464affff,8a75582464f7fff,8a755824648ffff,8a7558255b07fff,8a7558255b2ffff,8a7558255b77fff,8a7558255b47fff,8a7558255b5ffff,8a7558255b4ffff,8a7558246697fff",3
-1020092137#1,-22561653,0.0,0.0,0.2,0.6,0.35,0.4,0.55,0.55,0.6,0.45,0.3,0.4,0.4,0.0999999999999999,0.0,0.0999999999999999,0.75,0.0999999999999999,0.0,0.5,0.1999999999999999,0.5,0.6,"8a75582447a7fff,8a7558244797fff,8a7558244787fff,8a75582446b7fff,8a755824469ffff,8a7558240d27fff,8a7558240d77fff,8a7558240d57fff,8a7558240d67fff,8a7558240d47fff,8a7558240997fff,8a75582446cffff,8a755824460ffff,8a7558244627fff,8a755824471ffff,8a7558244767fff,8a75582440c7fff,8a7558244c27fff,8a7558244c87fff,8a7558271257fff,8a75582712e7fff,8a7558246d27fff,8a7558246d37fff,8a7558273327fff,8a7558273337fff,8a755827305ffff,8a75582733b7fff,8a75582730d7fff,8a7558273767fff,8a7558273667fff,8a7558255937fff,8a755825595ffff,8a7558255867fff,8a7558255b07fff,8a755824648ffff,8a75582464f7fff,8a75582464c7fff,8a75582464cffff,8a7558246797fff,8a755824679ffff,8a75582466b7fff,8a7558246697fff,8a7558255b4ffff",1
-1020092137#1,-22561653,0.6,0.7,0.6,0.0999999999999999,0.35,0.7,0.55,0.55,0.2,0.45,1.0,0.7,0.9,0.4,0.3,0.1999999999999999,0.75,0.7,0.5,0.0,0.5,0.0999999999999999,0.1999999999999999,"8a7558244797fff,8a75582447a7fff,8a75582447affff,8a7558244737fff,8a755824446ffff,8a755824409ffff,8a7558244707fff,8a7558244717fff,8a755824471ffff,8a7558244627fff,8a7558244767fff,8a75582440c7fff,8a7558244c27fff,8a7558244c87fff,8a7558271257fff,8a75582712e7fff,8a7558246d27fff,8a7558246d37fff,8a7558273327fff,8a7558273337fff,8a75582733affff,8a755827338ffff,8a75582732f7fff,8a7558255967fff,8a75582464affff,8a75582464f7fff,8a75582464c7fff,8a75582464cffff,8a7558246797fff,8a755824679ffff,8a7558255b6ffff,8a7558255b4ffff,8a7558246697fff",3
-1020092137#1,-22561653,0.7,0.6,0.8,0.4,0.35,1.0,0.55,0.55,1.0,0.45,0.9,0.9,0.1,0.5,0.7,0.7,0.1999999999999999,0.4,0.6,0.6,0.7,0.0,0.8,"8a75582447a7fff,8a7558244797fff,8a7558244787fff,8a75582447affff,8a7558244637fff,8a755824471ffff,8a7558244627fff,8a7558244767fff,8a75582440c7fff,8a7558244c27fff,8a7558244c87fff,8a7558271257fff,8a75582712e7fff,8a7558246d27fff,8a7558273a0ffff,8a7558273aaffff,8a7558273a87fff,8a7558273337fff,8a755827305ffff,8a75582733b7fff,8a75582730d7fff,8a7558273767fff,8a7558273667fff,8a7558255937fff,8a755825595ffff,8a7558255867fff,8a7558255b07fff,8a7558255b2ffff,8a7558255b77fff,8a7558255b47fff,8a7558255b5ffff,8a7558255b4ffff,8a7558246697fff",3
-1020092137#1,-22561653,0.1999999999999999,0.3,0.4,0.0,0.35,0.3,0.55,0.55,0.3,0.45,0.6,0.5,0.8,0.8,0.4,0.0,0.4,0.1999999999999999,0.0999999999999999,0.3,0.4,0.1999999999999999,0.9,"8a75582447a7fff,8a7558244797fff,8a7558244787fff,8a75582446b7fff,8a755824469ffff,8a7558240d27fff,8a7558240d77fff,8a7558240d57fff,8a7558240d67fff,8a75582446c7fff,8a755824461ffff,8a755824460ffff,8a7558244627fff,8a755824471ffff,8a7558244767fff,8a75582440c7fff,8a7558244c27fff,8a7558244c87fff,8a7558271257fff,8a75582712e7fff,8a7558246d27fff,8a7558246d37fff,8a7558273327fff,8a7558273337fff,8a75582733affff,8a755827338ffff,8a75582732f7fff,8a7558255967fff,8a75582464affff,8a75582464f7fff,8a755824648ffff,8a7558255b07fff,8a7558255b2ffff,8a7558255b77fff,8a7558255b47fff,8a7558255b5ffff,8a7558255b4ffff,8a7558246697fff",1
-1020092137#1,-22561653,0.8,0.8,1.0,0.7,0.85,0.2,0.55,0.55,0.5,0.9,0.15,0.2,1.0,0.3,0.9,0.9,0.0999999999999999,0.8,0.4,0.85,0.8,0.8,0.0999999999999999,"8a7558244797fff,8a75582447a7fff,8a75582447b7fff,8a7558244467fff,8a7558244097fff,8a755824409ffff,8a7558244707fff,8a7558244717fff,8a755824471ffff,8a7558244637fff,8a75582447affff,8a755824478ffff,8a75582446a7fff,8a7558244687fff,8a75582446b7fff,8a755824469ffff,8a7558240d27fff,8a7558240d77fff,8a7558240d57fff,8a7558240d47fff,8a7558240c67fff,8a7558240c07fff,8a7558240c37fff,8a7558240c17fff,8a7558240cb7fff,8a755824634ffff,8a7558246277fff,8a75582462e7fff,8a75582462c7fff,8a75582462d7fff,8a7558242927fff,8a7558242937fff,8a755824664ffff,8a755824665ffff,8a75582466effff,8a75582466c7fff,8a75582466f7fff,8a75582466affff,8a7558246687fff,8a7558246697fff,8a7558255b4ffff",2
-1020092137#1,-22561653,0.3,0.1999999999999999,0.3,0.5,0.35,0.9,0.55,0.55,0.8,0.45,0.5,0.8,0.2,0.0,0.0999999999999999,0.5,0.75,0.3,0.1999999999999999,0.4,0.0999999999999999,0.6,0.7,"8a7558244797fff,8a75582447a7fff,8a7558244467fff,8a7558244097fff,8a755824409ffff,8a755824446ffff,8a7558244737fff,8a7558244707fff,8a7558244717fff,8a755824471ffff,8a7558244627fff,8a7558244767fff,8a75582440c7fff,8a7558244c27fff,8a7558244c87fff,8a7558271257fff,8a75582712e7fff,8a7558246d27fff,8a7558273a0ffff,8a7558273aaffff,8a7558273a87fff,8a7558273337fff,8a755827305ffff,8a75582733b7fff,8a75582730d7fff,8a7558273767fff,8a7558273667fff,8a7558255937fff,8a755825595ffff,8a7558255867fff,8a7558255b07fff,8a755824648ffff,8a75582464f7fff,8a75582464c7fff,8a75582464cffff,8a7558246797fff,8a755824679ffff,8a75582466b7fff,8a7558246697fff,8a7558255b4ffff",1
57680110,-22561652#3,0.9,0.9,0.6,0.4,0.4499999999999999,1.0,0.55,0.55,1.0,0.5,1.0,0.55,0.1,0.0,0.3,0.6,0.4499999999999999,0.5,0.0,0.55,0.9,0.8,0.0,"8a75582462cffff,8a75582405b7fff,8a7558240597fff,8a755824296ffff,8a755824291ffff,8a75582429affff,8a75582429a7fff,8a755824665ffff,8a75582466effff,8a75582466c7fff",0
57680110,-22561652#3,0.3,0.1999999999999999,0.8,0.1999999999999999,0.4499999999999999,0.7,0.55,0.55,0.3,0.6,0.8,0.55,0.3,0.7,0.0999999999999999,0.0999999999999999,0.4499999999999999,0.1999999999999999,0.3,0.0999999999999999,0.1999999999999999,0.6,0.0999999999999999,"8a75582462cffff,8a75582405b7fff,8a755824625ffff,8a755824624ffff,8a7558240517fff,8a755824051ffff,8a7558240437fff,8a7558240407fff,8a755824040ffff,8a75582404e7fff,8a75582404f7fff,8a755824296ffff,8a755824291ffff,8a75582429affff,8a75582429a7fff,8a755824665ffff,8a755824664ffff,8a7558246647fff,8a75582466effff,8a75582466c7fff",1
57680110,-22561652#3,0.0999999999999999,0.0999999999999999,0.7,0.3,0.4499999999999999,0.5,0.55,0.55,0.2,0.8,0.7,0.55,0.4,0.8,0.1999999999999999,0.1999999999999999,0.4499999999999999,0.7,0.0999999999999999,0.55,0.0999999999999999,0.0999999999999999,0.7,"8a75582462cffff,8a75582405b7fff,8a7558240437fff,8a7558240407fff,8a7558240597fff,8a7558240417fff,8a755824040ffff,8a75582404e7fff,8a75582404f7fff,8a755824296ffff,8a755824291ffff,8a75582429affff,8a75582429a7fff,8a755824665ffff,8a755824664ffff,8a75582466effff,8a75582466c7fff",1
57680110,-22561652#3,0.0,0.0,0.1,0.9,0.4499999999999999,0.1,0.55,0.55,0.1,0.1,0.1,0.55,1.0,0.9,0.9,0.6,0.4499999999999999,0.6,0.9,0.55,0.0,0.5,0.8,"8a75582462cffff,8a75582405b7fff,8a755824625ffff,8a75582462effff,8a755824624ffff,8a7558240517fff,8a755824051ffff,8a7558240437fff,8a7558240407fff,8a7558240597fff,8a7558240417fff,8a755824040ffff,8a75582404e7fff,8a755824296ffff,8a755824291ffff,8a75582429affff,8a75582429a7fff,8a755824665ffff,8a75582466effff,8a75582466c7fff",4
57680110,-22561652#3,0.1999999999999999,0.4,1.0,0.0,0.4499999999999999,0.9,0.55,0.55,0.5,0.7,0.3,0.55,0.8,0.5,0.0,0.0,0.4499999999999999,0.0,0.1999999999999999,0.0,0.4,0.4,0.4,"8a75582462cffff,8a75582405b7fff,8a7558240407fff,8a755824040ffff,8a75582404e7fff,8a7558240417fff,8a7558240597fff,8a755824296ffff,8a755824291ffff,8a75582429affff,8a75582429a7fff,8a755824665ffff,8a755824664ffff,8a7558246647fff,8a75582466effff,8a75582466c7fff",1
57680110,-22561652#3,0.8,0.8,0.3,0.6,0.4499999999999999,0.4,0.55,0.55,0.9,0.4,0.9,0.55,0.2,0.0999999999999999,0.4,0.6,0.4499999999999999,0.4,0.4,0.55,0.8,0.0,0.6,"8a75582462cffff,8a75582405b7fff,8a7558240407fff,8a755824040ffff,8a75582404e7fff,8a75582404f7fff,8a755824296ffff,8a755824291ffff,8a75582429affff,8a75582429a7fff,8a755824665ffff,8a75582466effff,8a75582466c7fff",2
57680110,-22561652#3,0.5,0.3,0.4,0.7,0.4499999999999999,0.6,0.55,0.55,0.4,0.9,0.2,0.55,0.6,0.6,0.8,0.6,0.4499999999999999,0.8,0.8,0.55,0.3,0.9,0.1999999999999999,"8a75582462cffff,8a75582405b7fff,8a755824625ffff,8a755824624ffff,8a7558240517fff,8a755824051ffff,8a7558240437fff,8a7558240407fff,8a755824040ffff,8a7558240417fff,8a7558240597fff,8a755824296ffff,8a755824291ffff,8a75582429affff,8a75582429a7fff,8a755824665ffff,8a755824664ffff,8a75582466effff,8a75582466c7fff",2
57680110,-22561652#3,0.7,0.5,0.2,0.8,0.4499999999999999,0.2,0.55,0.55,0.6,0.2,0.5,0.55,0.9,0.4,0.7,0.6,0.4499999999999999,0.0999999999999999,0.7,0.55,0.5,0.7,0.3,"8a75582462cffff,8a75582405b7fff,8a755824625ffff,8a755824624ffff,8a7558240517fff,8a755824051ffff,8a7558240437fff,8a7558240407fff,8a755824040ffff,8a75582404e7fff,8a75582404f7fff,8a75582404affff,8a755824296ffff,8a755824291ffff,8a75582429affff,8a75582429a7fff,8a755824665ffff,8a75582466effff,8a75582466c7fff",2
57680110,-22561652#3,0.6,0.7,0.5,0.5,0.4499999999999999,0.3,0.55,0.55,0.8,0.3,0.6,0.55,0.7,0.1999999999999999,0.5,0.6,0.4499999999999999,0.3,0.5,0.55,0.7,0.1999999999999999,0.9,"8a75582462cffff,8a75582405b7fff,8a7558240437fff,8a7558240407fff,8a755824040ffff,8a75582404e7fff,8a7558240417fff,8a7558240597fff,8a755824296ffff,8a755824291ffff,8a75582429affff,8a75582429a7fff,8a755824665ffff,8a75582466effff,8a75582466c7fff",2
57680110,-22561652#3,0.4,0.6,0.9,0.0999999999999999,0.4499999999999999,0.8,0.55,0.55,0.7,1.0,0.4,0.55,0.5,0.3,0.6,0.6,0.4499999999999999,0.9,0.6,0.55,0.6,0.3,0.5,"8a75582462cffff,8a75582405b7fff,8a7558240407fff,8a755824040ffff,8a75582404e7fff,8a75582404f7fff,8a75582404affff,8a755824296ffff,8a755824291ffff,8a75582429affff,8a75582429a7fff,8a755824665ffff,8a755824664ffff,8a75582466effff,8a75582466c7fff",3
-174907152#1,-57392457#0,0.0,0.0,0.5,0.0,0.25,0.75,0.75,0.75,0.5,0.75,0.75,0.75,1.0,0.5,0.5,0.5,0.5,0.0,0.5,0.25,0.0,0.0,0.5,"8a7558246697fff,8a7558246687fff,8a755824668ffff",1
-174907152#1,-57392457#0,0.5,0.5,1.0,0.5,0.25,0.75,0.75,0.75,1.0,0.75,0.75,0.75,0.5,0.0,0.0,0.0,0.0,0.5,0.0,0.25,0.5,0.5,0.0,"8a7558246697fff,8a7558246687fff,8a75582466affff,8a75582466f7fff,8a755824668ffff",0
-57392457#0,1116499317#0,0.0,0.0,1.0,0.0,0.0,1.0,1.0,1.0,1.0,1.0,1.0,1.0,1.0,0.0,0.0,0.0,0.0,0.0,0.0,0.0,0.0,0.0,0.0,"8a755824668ffff,8a75582466f7fff,8a75582466affff,8a7558246687fff",1
79119287#2,-561133140#1,0.8333333333333334,0.8333333333333334,0.3333333333333333,0.6666666666666667,0.5,0.5,0.5833333333333334,0.5833333333333334,0.5833333333333334,0.5833333333333334,0.5833333333333334,0.5,0.6666666666666666,0.4166666666666666,0.5,0.5,0.4166666666666666,0.8333333333333334,0.5,0.4166666666666666,0.8333333333333334,0.0,0.8333333333333334,"8a75582446cffff,8a755824460ffff,8a7558244627fff,8a755824471ffff",2
79119287#2,-561133140#1,0.0,0.0,1.0,0.0,0.0,1.0,0.5833333333333334,0.5833333333333334,0.5833333333333334,0.5833333333333334,0.5833333333333334,0.5,0.6666666666666666,0.4166666666666666,0.5,0.5,0.4166666666666666,0.1666666666666666,0.5,0.4166666666666666,0.0,0.6666666666666667,0.5,"8a75582446cffff,8a755824460ffff,8a755824461ffff,8a7558244617fff,8a7558244637fff,8a75582447affff,8a755824478ffff,8a75582446a7fff,8a7558244687fff,8a75582446b7fff,8a7558244787fff,8a7558244797fff,8a75582447a7fff,8a75582447b7fff,8a7558244467fff,8a7558244097fff,8a755824409ffff,8a755824446ffff,8a7558244737fff,8a7558244707fff,8a7558244717fff,8a755824471ffff,8a7558244627fff",3
79119287#2,-561133140#1,0.1666666666666666,0.1666666666666666,0.6666666666666666,0.3333333333333333,0.5,0.5,0.5833333333333334,0.5833333333333334,0.5833333333333334,0.5833333333333334,0.5833333333333334,1.0,0.1666666666666666,0.4166666666666666,0.0,0.0,0.4166666666666666,0.6666666666666667,0.0,0.4166666666666666,0.1666666666666666,0.1666666666666666,0.6666666666666667,"8a75582446cffff,8a755824460ffff,8a755824461ffff,8a75582446c7fff,8a7558240d67fff,8a7558240d77fff,8a7558240d27fff,8a7558244687fff,8a75582446a7fff,8a755824478ffff,8a75582447affff,8a7558244637fff,8a755824471ffff,8a7558244627fff",1
79119287#2,-561133140#1,0.6666666666666667,0.6666666666666667,0.3333333333333333,0.6666666666666667,0.5,0.5,0.5833333333333334,0.5833333333333334,0.5833333333333334,0.5833333333333334,0.5833333333333334,0.5,0.6666666666666666,0.4166666666666666,0.5,0.5,0.4166666666666666,0.5,0.5,0.4166666666666666,0.6666666666666667,0.3333333333333333,0.0,"8a75582446cffff,8a755824460ffff,8a755824461ffff,8a7558244617fff,8a7558244637fff,8a755824471ffff,8a7558244627fff",2
79119287#2,-561133140#1,0.3333333333333333,0.3333333333333333,0.8333333333333334,0.1666666666666666,0.5,0.5,0.5833333333333334,0.5833333333333334,0.5833333333333334,0.5833333333333334,0.5833333333333334,0.5,0.6666666666666666,0.4166666666666666,0.5,0.5,0.4166666666666666,0.0,0.5,0.4166666666666666,0.3333333333333333,0.8333333333333334,0.1666666666666666,"8a75582446cffff,8a755824460ffff,8a755824461ffff,8a7558244617fff,8a7558244637fff,8a75582447affff,8a75582447a7fff,8a755824446ffff,8a7558244467fff,8a7558244097fff,8a755824409ffff,8a7558244707fff,8a7558244717fff,8a755824471ffff,8a7558244627fff",3
79119287#2,-561133140#1,0.5,0.5,0.3333333333333333,0.6666666666666667,0.5,0.5,0.5833333333333334,0.5833333333333334,0.5833333333333334,0.5833333333333334,0.5833333333333334,0.5,0.6666666666666666,0.4166666666666666,0.5,0.5,0.4166666666666666,0.3333333333333333,0.5,0.4166666666666666,0.5,0.5,0.3333333333333333,"8a75582446cffff,8a755824460ffff,8a755824461ffff,8a7558244617fff,8a7558244637fff,8a75582447affff,8a7558244737fff,8a755824409ffff,8a7558244707fff,8a7558244717fff,8a755824471ffff,8a7558244627fff",2
79119287#1,-561133140#1,0.8333333333333334,0.8333333333333334,0.4166666666666667,0.5833333333333333,0.4166666666666666,0.5833333333333334,0.5833333333333334,0.5833333333333334,0.5833333333333334,0.5833333333333334,0.5833333333333334,0.4166666666666667,0.75,0.4166666666666666,0.5833333333333333,0.5833333333333333,0.4166666666666666,0.8333333333333334,0.5833333333333333,0.4166666666666666,0.8333333333333334,0.0,0.8333333333333334,"8a7558240997fff,8a75582446cffff,8a755824460ffff,8a7558244627fff,8a755824471ffff",2
79119287#1,-561133140#1,0.1666666666666666,0.1666666666666666,1.0,0.0,0.4166666666666666,0.5833333333333334,0.5833333333333334,0.5833333333333334,0.5833333333333334,0.5833333333333334,0.5833333333333334,1.0,0.1666666666666666,0.4166666666666666,0.0,0.0,0.4166666666666666,0.3333333333333333,0.0,0.4166666666666666,0.1666666666666666,0.5,0.3333333333333333,"8a7558240997fff,8a75582446cffff,8a75582446c7fff,8a75582446e7fff,8a755824461ffff,8a7558240d67fff,8a7558240d77fff,8a7558240d27fff,8a7558244687fff,8a75582446a7fff,8a755824478ffff,8a75582447affff,8a7558244637fff,8a755824471ffff,8a7558244627fff",1
79119287#1,-561133140#1,0.3333333333333333,0.3333333333333333,0.4166666666666667,0.5833333333333333,0.4166666666666666,0.5833333333333334,0.5833333333333334,0.5833333333333334,0.5833333333333334,0.5833333333333334,0.5833333333333334,0.4166666666666667,0.75,0.4166666666666666,0.5833333333333333,0.5833333333333333,0.4166666666666666,0.5,0.5833333333333333,0.4166666666666666,0.3333333333333333,0.3333333333333333,0.1666666666666666,"8a7558240997fff,8a75582446cffff,8a755824460ffff,8a755824461ffff,8a7558244617fff,8a7558244637fff,8a755824471ffff,8a7558244627fff",2
79119287#1,-561133140#1,0.6666666666666667,0.6666666666666667,0.4166666666666667,0.5833333333333333,0.4166666666666666,0.5833333333333334,0.5833333333333334,0.5833333333333334,0.5833333333333334,0.5833333333333334,0.5833333333333334,0.4166666666666667,0.75,0.4166666666666666,0.5833333333333333,0.5833333333333333,0.4166666666666666,0.0,0.5833333333333333,0.4166666666666666,0.6666666666666667,0.8333333333333334,0.5,"8a7558240997fff,8a75582446cffff,8a75582446c7fff,8a75582446e7fff,8a755824461ffff,8a755824460ffff,8a7558244627fff,8a755824471ffff",2
79119287#1,-561133140#1,0.5,0.5,0.4166666666666667,0.5833333333333333,0.4166666666666666,0.5833333333333334,0.5833333333333334,0.5833333333333334,0.5833333333333334,0.5833333333333334,0.5833333333333334,0.4166666666666667,0.75,0.4166666666666666,0.5833333333333333,0.5833333333333333,0.4166666666666666,0.1666666666666666,0.5833333333333333,0.4166666666666666,0.5,0.6666666666666667,0.0,"8a7558240997fff,8a75582446cffff,8a75582446c7fff,8a75582446e7fff,8a755824461ffff,8a7558244617fff,8a7558244637fff,8a755824471ffff,8a7558244627fff",2
79119287#1,-561133140#1,0.0,0.0,0.8333333333333334,0.1666666666666666,0.4166666666666666,0.5833333333333334,0.5833333333333334,0.5833333333333334,0.5833333333333334,0.5833333333333334,0.5833333333333334,0.8333333333333334,0.3333333333333333,0.4166666666666666,0.1666666666666666,0.1666666666666666,0.4166666666666666,0.6666666666666667,0.1666666666666666,0.4166666666666666,0.0,0.1666666666666666,0.6666666666666667,"8a7558240997fff,8a75582446cffff,8a755824460ffff,8a755824461ffff,8a75582446c7fff,8a7558240d67fff,8a7558240d77fff,8a7558240d27fff,8a7558244687fff,8a75582446a7fff,8a755824478ffff,8a75582447affff,8a7558244637fff,8a755824471ffff,8a7558244627fff",1
79119289#0,-174375407#2,0.8,0.9,0.3,0.3,0.4499999999999999,0.4,0.55,0.55,0.35,0.6,1.0,0.2,0.4,0.65,0.9,0.9,0.4499999999999999,0.9,0.9,0.0,0.9,0.8,0.8,"8a7558240d07fff,8a7558240d37fff,8a755824469ffff,8a7558246a6ffff,8a7558246a4ffff,8a7558246a5ffff,8a7558240da7fff,8a7558240daffff,8a7558240d1ffff,8a7558240c27fff,8a7558240c37fff,8a7558240c17fff,8a7558240cb7fff,8a755824634ffff,8a7558246277fff,8a75582462e7fff,8a75582462c7fff,8a75582462d7fff,8a7558242927fff,8a7558242937fff,8a755824664ffff,8a755824665ffff,8a75582429a7fff,8a75582429affff,8a755824291ffff",2
79119289#0,-174375407#2,0.1999999999999999,0.1999999999999999,1.0,0.5,0.4499999999999999,1.0,0.55,0.55,0.8,0.9,0.2,0.9,0.2,0.1999999999999999,0.3,0.0,0.4499999999999999,0.3,0.0,0.7,0.1999999999999999,0.0999999999999999,0.7,"8a7558240d07fff,8a7558240d37fff,8a755824469ffff,8a7558240d27fff,8a7558240d77fff,8a7558240d57fff,8a7558240d47fff,8a7558240c67fff,8a7558240c07fff,8a7558240c37fff,8a7558240c17fff,8a7558240cb7fff,8a755824634ffff,8a7558246277fff,8a75582462e7fff,8a75582462c7fff,8a75582462d7fff,8a7558242927fff,8a7558242937fff,8a755824664ffff,8a7558246647fff,8a755824665ffff,8a75582429a7fff,8a75582429affff,8a755824291ffff",1
79119289#0,-174375407#2,0.4,0.4,0.2,0.8,0.4499999999999999,0.3,0.55,0.55,0.9,0.7,0.4,0.6,0.3,0.0999999999999999,0.5,0.3,0.4499999999999999,0.5,0.0999999999999999,0.5,0.4,0.6,0.0999999999999999,"8a7558240d07fff,8a7558240d37fff,8a755824469ffff,8a7558240d27fff,8a7558240d77fff,8a7558240d57fff,8a7558240c27fff,8a7558240c37fff,8a7558240c17fff,8a7558240cb7fff,8a755824634ffff,8a7558246277fff,8a75582462e7fff,8a75582462c7fff,8a75582462d7fff,8a7558242927fff,8a7558242937fff,8a755824664ffff,8a755824665ffff,8a75582429a7fff,8a75582429affff,8a755824291ffff",2
79119289#0,-174375407#2,0.0,0.0,0.7,0.0999999999999999,0.4499999999999999,0.7,0.55,0.55,0.7,0.8,0.1,0.4,0.6,0.3,0.7,0.5,0.4499999999999999,0.6,0.1999999999999999,0.9,0.0,0.5,0.4,"8a7558240d07fff,8a7558240d37fff,8a755824469ffff,8a7558246a6ffff,8a7558246a4ffff,8a7558246a5ffff,8a7558240da7fff,8a7558240daffff,8a7558240d1ffff,8a7558240c27fff,8a7558240d57fff,8a7558240d47fff,8a7558240c67fff,8a7558240c07fff,8a7558240c37fff,8a7558240c17fff,8a7558240cb7fff,8a755824634ffff,8a7558246277fff,8a75582462e7fff,8a75582462c7fff,8a75582462d7fff,8a7558242927fff,8a7558242937fff,8a755824664ffff,8a755824665ffff,8a75582429a7fff,8a75582429affff,8a755824291ffff",3
79119289#0,-174375407#2,0.7,0.7,0.4,0.7,0.4499999999999999,0.2,0.55,0.55,0.35,0.1,0.8,0.8,0.7,0.65,0.0,0.0999999999999999,0.4499999999999999,0.0,0.3,0.1999999999999999,0.7,0.3,0.1999999999999999,"8a7558240d07fff,8a7558240d37fff,8a755824469ffff,8a7558240d27fff,8a7558240d77fff,8a7558240d57fff,8a7558240c27fff,8a7558240c37fff,8a7558240c17fff,8a7558240cb7fff,8a755824634ffff,8a7558246277fff,8a75582462e7fff,8a75582462c7fff,8a75582462d7fff,8a7558242927fff,8a7558242937fff,8a755824664ffff,8a7558246647fff,8a755824665ffff,8a75582429a7fff,8a75582429affff,8a755824291ffff",2
79119289#0,-174375407#2,0.5,0.5,0.6,0.9,0.4499999999999999,0.6,0.55,0.55,1.0,0.3,0.5,0.2,0.8,0.0,0.0999999999999999,0.1999999999999999,0.4499999999999999,0.0999999999999999,0.5,0.4,0.5,0.9,0.0,"8a7558240d07fff,8a7558240d37fff,8a755824469ffff,8a7558246a6ffff,8a7558246a4ffff,8a7558246a5ffff,8a7558240da7fff,8a7558240daffff,8a7558240d1ffff,8a7558240c27fff,8a7558240c37fff,8a7558240c17fff,8a7558240cb7fff,8a755824634ffff,8a7558246277fff,8a75582462e7fff,8a75582462c7fff,8a75582462d7fff,8a7558242927fff,8a7558242937fff,8a755824664ffff,8a7558246647fff,8a755824665ffff,8a75582429a7fff,8a75582429affff,8a755824291ffff",2
79119289#0,-174375407#2,0.3,0.3,0.9,0.0,0.4499999999999999,0.9,0.55,0.55,0.35,1.0,0.6,1.0,0.1,0.65,0.8,0.8,0.4499999999999999,0.8,0.6,0.6,0.3,0.0,0.9,"8a7558240d07fff,8a7558240d37fff,8a755824469ffff,8a7558240d27fff,8a7558240d77fff,8a7558240d57fff,8a7558240d47fff,8a7558240c67fff,8a7558240c07fff,8a7558240c37fff,8a7558240c17fff,8a7558240cb7fff,8a755824634ffff,8a7558246277fff,8a75582462e7fff,8a75582462c7fff,8a75582462d7fff,8a7558242927fff,8a7558242937fff,8a755824664ffff,8a755824665ffff,8a75582429a7fff,8a75582429affff,8a755824291ffff",3
79119289#0,-174375407#2,0.0999999999999999,0.0999999999999999,0.8,0.1999999999999999,0.4499999999999999,0.8,0.55,0.55,0.35,0.5,0.3,0.5,1.0,0.65,0.4,0.4,0.4499999999999999,0.4,0.4,0.8,0.0999999999999999,0.1999999999999999,0.3,"8a7558240d07fff,8a7558240d37fff,8a755824469ffff,8a7558246a6ffff,8a7558246a4ffff,8a7558246a5ffff,8a7558240da7fff,8a7558240daffff,8a7558240d1ffff,8a7558240c27fff,8a7558240d57fff,8a7558240d47fff,8a7558240c67fff,8a7558240c07fff,8a7558240c37fff,8a7558240c17fff,8a7558240cb7fff,8a755824634ffff,8a7558246277fff,8a75582462e7fff,8a75582462c7fff,8a75582462d7fff,8a7558242927fff,8a7558242937fff,8a755824664ffff,8a7558246647fff,8a755824665ffff,8a75582429a7fff,8a75582429affff,8a755824291ffff",3
79119289#0,-174375407#2,0.6,0.6,0.1,0.4,0.4499999999999999,0.1,0.55,0.55,0.35,0.4,0.7,0.7,0.5,0.65,0.6,0.7,0.4499999999999999,0.7,0.7,0.3,0.6,0.4,0.6,"8a7558240d07fff,8a7558240d37fff,8a755824469ffff,8a7558240d27fff,8a7558240d77fff,8a7558240d57fff,8a7558240c27fff,8a7558240c37fff,8a7558240c17fff,8a7558240cb7fff,8a755824634ffff,8a7558246277fff,8a75582462e7fff,8a75582462c7fff,8a75582462d7fff,8a7558242927fff,8a7558242937fff,8a755824664ffff,8a755824665ffff,8a75582429a7fff,8a75582429affff,8a755824291ffff",2
79119289#0,-174375407#2,0.9,0.8,0.5,0.6,0.4499999999999999,0.5,0.55,0.55,0.35,0.2,0.9,0.2,0.9,0.65,0.1999999999999999,0.6,0.4499999999999999,0.1999999999999999,0.8,0.0999999999999999,0.8,0.7,0.5,"8a7558240d07fff,8a7558240d37fff,8a755824469ffff,8a7558246a6ffff,8a7558246a4ffff,8a7558246a5ffff,8a7558240da7fff,8a7558240daffff,8a7558240d1ffff,8a7558240c27fff,8a7558240c37fff,8a7558240c17fff,8a7558240cb7fff,8a755824634ffff,8a7558246277fff,8a75582462e7fff,8a75582462c7fff,8a75582462d7fff,8a7558242927fff,8a7558242937fff,8a755824664ffff,8a7558246647fff,8a755824665ffff,8a75582429a7fff,8a75582429affff,8a755824291ffff",2
-41231513#3,-1157449877,0.9,0.9,0.2,0.8,0.65,0.35,0.55,0.55,0.55,0.55,0.55,0.4,0.7,0.4499999999999999,0.6,0.6,0.4499999999999999,0.9,0.6,0.4499999999999999,0.9,0.9,0.0,"8a7558244707fff,8a7558244717fff,8a755824471ffff,8a7558244637fff,8a75582447affff,8a755824478ffff,8a7558244787fff",2
-41231513#3,-1157449877,0.0999999999999999,0.0999999999999999,0.8,0.1999999999999999,0.15,0.8,0.55,0.55,0.55,0.55,0.55,0.4,0.7,0.4499999999999999,0.6,0.6,0.4499999999999999,0.0999999999999999,0.6,0.4499999999999999,0.0999999999999999,0.0,0.9,"8a7558244717fff,8a7558244707fff,8a755824409ffff,8a7558244737fff,8a755824446ffff,8a7558244097fff,8a7558244467fff,8a7558244477fff,8a75582447b7fff,8a75582447a7fff,8a7558244797fff,8a7558244787fff,8a75582446b7fff,8a755824469ffff,8a7558240d27fff,8a7558244687fff,8a75582446a7fff,8a755824478ffff",3
-41231513#3,-1157449877,0.7,0.7,0.9,0.0999999999999999,0.15,1.0,0.55,0.55,0.55,0.55,0.55,0.4,0.7,0.4499999999999999,0.6,0.6,0.4499999999999999,0.8,0.6,0.4499999999999999,0.7,0.7,0.3,"8a7558244707fff,8a7558244717fff,8a755824471ffff,8a755824408ffff,8a75582440affff,8a7558244087fff,8a755824409ffff,8a7558244737fff,8a755824446ffff,8a75582447a7fff,8a75582447affff,8a755824478ffff,8a7558244787fff",3
-41231513#3,-1157449877,0.4,0.4,0.45,0.5,0.65,0.35,0.55,0.55,0.55,0.55,0.55,0.9,0.2,0.4499999999999999,0.0,0.0,0.4499999999999999,0.6,0.0,0.4499999999999999,0.5,0.4,0.7,"8a7558244707fff,8a7558244717fff,8a755824471ffff,8a7558244627fff,8a755824460ffff,8a755824461ffff,8a755824468ffff,8a75582446dffff,8a75582446c7fff,8a7558240d67fff,8a7558240d77fff,8a7558240d27fff,8a7558244687fff,8a75582446a7fff,8a755824478ffff,8a7558244787fff",1
-41231513#3,-1157449877,0.1999999999999999,0.1999999999999999,0.7,0.3,0.15,0.7,0.55,0.55,0.55,0.55,0.55,0.8,0.3,0.4499999999999999,0.0999999999999999,0.0999999999999999,0.4499999999999999,0.7,0.0999999999999999,0.4499999999999999,0.1999999999999999,0.5,0.5,"8a7558244717fff,8a7558244707fff,8a755824409ffff,8a755824446ffff,8a75582447a7fff,8a75582447affff,8a7558244637fff,8a7558244617fff,8a755824461ffff,8a755824468ffff,8a75582446d7fff,8a7558240d27fff,8a7558240d77fff,8a7558240d67fff,8a7558244687fff,8a75582446a7fff,8a755824478ffff,8a7558244787fff",1
-41231513#3,-1157449877,0.0,0.0,0.45,0.6,0.65,0.35,0.55,0.55,0.55,0.55,0.55,1.0,0.1,0.4499999999999999,0.1999999999999999,0.1999999999999999,0.4499999999999999,0.0,0.1999999999999999,0.4499999999999999,0.0,0.3,0.6,"8a7558244717fff,8a7558244707fff,8a755824409ffff,8a7558244737fff,8a755824446ffff,8a75582447a7fff,8a7558244797fff,8a7558244787fff,8a75582446b7fff,8a755824469ffff,8a7558240d27fff,8a7558240d77fff,8a7558240d57fff,8a7558240d67fff,8a75582446c7fff,8a755824461ffff,8a7558244617fff,8a7558244637fff,8a75582447affff,8a755824478ffff",1
-41231513#3,-1157449877,0.6,0.6,1.0,0.0,0.15,0.9,0.55,0.55,0.55,0.55,0.55,0.4,0.7,0.4499999999999999,0.6,0.6,0.4499999999999999,0.3,0.6,0.4499999999999999,0.4,0.0999999999999999,0.4,"8a7558244717fff,8a7558244707fff,8a755824409ffff,8a755824446ffff,8a7558244467fff,8a7558244477fff,8a75582447b7fff,8a75582447a7fff,8a7558244797fff,8a7558244787fff,8a75582447affff,8a755824478ffff",3
-41231513#3,-1157449877,0.5,0.5,0.6,0.4,0.65,0.35,0.55,0.55,0.55,0.55,0.55,0.4,0.7,0.4499999999999999,0.6,0.6,0.4499999999999999,0.4,0.6,0.4499999999999999,0.6,0.6,0.1999999999999999,"8a7558244707fff,8a7558244717fff,8a755824471ffff,8a7558244637fff,8a75582447affff,8a75582447a7fff,8a7558244797fff,8a7558244787fff,8a75582446b7fff,8a755824469ffff,8a7558240d27fff,8a7558244687fff,8a75582446a7fff,8a755824478ffff",2
-41231513#3,-1157449877,0.3,0.3,0.2,0.8,0.65,0.35,0.55,0.55,0.55,0.55,0.55,0.4,0.7,0.4499999999999999,0.6,0.6,0.4499999999999999,0.5,0.6,0.4499999999999999,0.3,0.1999999999999999,0.8,"8a7558244707fff,8a7558244717fff,8a755824471ffff,8a755824409ffff,8a755824446ffff,8a75582447a7fff,8a7558244787fff,8a75582446b7fff,8a755824469ffff,8a7558240d27fff,8a7558244687fff,8a75582446a7fff,8a755824478ffff",4
-41231513#3,-1157449877,0.8,0.8,0.2,0.8,0.65,0.35,0.55,0.55,0.55,0.55,0.55,0.4,0.7,0.4499999999999999,0.6,0.6,0.4499999999999999,0.1999999999999999,0.6,0.4499999999999999,0.8,0.8,0.0999999999999999,"8a7558244707fff,8a7558244717fff,8a755824471ffff,8a7558244627fff,8a755824460ffff,8a755824461ffff,8a7558244617fff,8a7558244637fff,8a75582447affff,8a755824478ffff,8a7558244787fff",2
57680181#0,-57680145#1,0.9,0.9,0.7,0.7,0.75,0.5,0.55,0.55,0.3,0.6,0.7,0.3,1.0,0.1999999999999999,0.7,0.8,0.5,0.5,0.6,0.65,0.9,0.5,0.3,"8a75582404e7fff,8a7558240417fff,8a7558240597fff,8a755824296ffff,8a755824291ffff,8a75582429affff,8a75582429a7fff,8a755824665ffff,8a75582466effff,8a75582466c7fff,8a75582466f7fff,8a75582466affff,8a7558246687fff,8a7558246697fff,8a75582466b7fff,8a755824679ffff,8a7558246797fff,8a75582464cffff,8a75582464c7fff,8a75582464f7fff,8a75582464affff,8a7558255967fff",2
57680181#0,-57680145#1,0.0,0.0,1.0,0.0999999999999999,0.0999999999999999,0.9,0.55,0.55,0.9,0.4,0.2,0.9,0.2,0.9,0.5,0.3,0.9,0.8,0.7,0.3,0.0,0.0,0.8,"8a75582404e7fff,8a7558240417fff,8a7558240597fff,8a75582405b7fff,8a7558240407fff,8a755824040ffff,8a75582404f7fff,8a755824296ffff,8a755824291ffff,8a75582429affff,8a75582429a7fff,8a755824665ffff,8a755824664ffff,8a7558246647fff,8a75582466effff,8a75582466c7fff,8a75582466f7fff,8a75582466affff,8a7558246687fff,8a7558246697fff,8a7558255b4ffff,8a7558255b5ffff,8a7558255b47fff,8a7558255b77fff,8a7558255b2ffff,8a7558255b07fff,8a7558255867fff,8a755825595ffff,8a7558255937fff,8a7558273667fff,8a7558273767fff,8a75582730d7fff,8a75582733b7fff,8a755827305ffff,8a7558273337fff,8a75582733affff,8a755827338ffff,8a75582732f7fff,8a7558255967fff,8a75582464affff",3
57680181#0,-57680145#1,0.4,0.5,0.6,0.1999999999999999,0.1999999999999999,0.8,0.55,0.55,0.5,1.0,0.3,0.3,0.7,0.0999999999999999,0.0,0.0999999999999999,0.1999999999999999,0.7,0.0,0.1999999999999999,0.5,0.7,0.4,"8a75582404e7fff,8a7558240417fff,8a7558240597fff,8a755824296ffff,8a755824291ffff,8a75582429affff,8a75582429a7fff,8a755824665ffff,8a755824664ffff,8a75582466effff,8a75582466c7fff,8a75582466f7fff,8a75582466affff,8a7558246687fff,8a7558246697fff,8a7558255a67fff,8a7558255a77fff,8a7558255b5ffff,8a7558255b4ffff,8a7558255b47fff,8a7558255b77fff,8a7558255b2ffff,8a7558255b07fff,8a755824648ffff,8a75582464f7fff,8a75582464affff,8a7558255967fff",0
57680181#0,-57680145#1,0.1999999999999999,0.1999999999999999,0.3,0.9,0.75,0.1,0.55,0.55,0.4,0.1,0.8,0.3,0.8,0.8,0.9,0.9,0.4,0.3,0.9,0.65,0.1999999999999999,0.4,0.6,"8a75582404e7fff,8a7558240417fff,8a7558240597fff,8a75582405b7fff,8a755824625ffff,8a755824624ffff,8a7558240517fff,8a755824051ffff,8a7558240437fff,8a7558240407fff,8a755824040ffff,8a75582404f7fff,8a755824296ffff,8a755824291ffff,8a75582429affff,8a75582429a7fff,8a755824665ffff,8a75582466effff,8a75582466c7fff,8a75582466f7fff,8a75582466affff,8a7558246687fff,8a7558246697fff,8a7558255b4ffff,8a7558255b5ffff,8a7558255b47fff,8a7558255b77fff,8a7558255b2ffff,8a7558255b07fff,8a755824648ffff,8a75582464f7fff,8a75582464affff,8a7558255967fff",4
57680181#0,-57680145#1,0.6,0.6,0.2,0.5,0.4,0.4,0.55,0.55,0.7,0.5,0.4,0.7,0.4,0.0,0.0999999999999999,0.0,0.0999999999999999,0.0999999999999999,0.0999999999999999,0.65,0.6,0.8,0.0999999999999999,"8a75582404e7fff,8a7558240417fff,8a7558240597fff,8a755824296ffff,8a755824291ffff,8a75582429affff,8a75582429a7fff,8a755824665ffff,8a75582466effff,8a75582466c7fff,8a75582466f7fff,8a75582466affff,8a7558246687fff,8a75582466a7fff,8a755824678ffff,8a755824679ffff,8a7558255b6ffff,8a7558255b4ffff,8a7558255b5ffff,8a7558255b47fff,8a7558255b77fff,8a7558255b2ffff,8a7558255b07fff,8a755824648ffff,8a75582464f7fff,8a75582464affff,8a7558255967fff",0
57680181#0,-57680145#1,0.3,0.3,0.1,0.6,0.4,0.2,0.55,0.55,0.1,0.2,0.9,0.6,0.9,0.7,0.8,0.7,0.7,0.0,0.8,0.65,0.3,0.3,0.5,"8a75582404e7fff,8a7558240417fff,8a7558240597fff,8a75582405b7fff,8a7558240407fff,8a755824040ffff,8a75582404f7fff,8a755824296ffff,8a755824291ffff,8a75582429affff,8a75582429a7fff,8a755824665ffff,8a75582466effff,8a75582466c7fff,8a75582466f7fff,8a75582466affff,8a7558246687fff,8a75582466a7fff,8a755824678ffff,8a755824679ffff,8a7558246797fff,8a75582464cffff,8a75582464c7fff,8a75582464f7fff,8a75582464affff,8a7558255967fff",4
57680181#0,-57680145#1,0.0999999999999999,0.0999999999999999,0.9,0.0,0.0,1.0,0.55,0.55,1.0,0.7,0.1,1.0,0.1,0.4,0.3,0.1999999999999999,0.8,0.9,0.1999999999999999,0.0,0.0999999999999999,0.0999999999999999,0.9,"8a75582404e7fff,8a7558240417fff,8a7558240597fff,8a755824296ffff,8a755824291ffff,8a75582429affff,8a75582429a7fff,8a755824665ffff,8a75582466effff,8a75582466c7fff,8a75582466f7fff,8a75582466affff,8a7558246687fff,8a7558246697fff,8a7558255a67fff,8a7558255a77fff,8a7558255b5ffff,8a7558255b4ffff,8a7558255b47fff,8a7558255b77fff,8a7558255b2ffff,8a7558255b07fff,8a7558255867fff,8a755825595ffff,8a7558255937fff,8a7558273667fff,8a7558273767fff,8a75582730d7fff,8a75582733b7fff,8a755827305ffff,8a7558273337fff,8a75582733affff,8a755827338ffff,8a75582732f7fff,8a7558255967fff,8a75582464affff",1
57680181#0,-57680145#1,0.8,0.7,0.8,0.4,0.75,0.6,0.55,0.55,0.8,0.8,0.5,0.3,0.3,0.5,0.1999999999999999,0.5,0.0,0.4,0.4,0.0999999999999999,0.7,0.6,0.1999999999999999,"8a75582404e7fff,8a7558240417fff,8a7558240597fff,8a755824296ffff,8a755824291ffff,8a75582429affff,8a75582429a7fff,8a755824665ffff,8a755824664ffff,8a7558246647fff,8a75582466effff,8a75582466c7fff,8a75582466f7fff,8a75582466affff,8a7558246687fff,8a7558246697fff,8a7558255b4ffff,8a7558255b5ffff,8a7558255b47fff,8a7558255b77fff,8a7558255b2ffff,8a7558255b07fff,8a755824648ffff,8a75582464f7fff,8a75582464affff,8a7558255967fff",0
57680181#0,-57680145#1,0.5,0.4,0.5,0.8,0.75,0.3,0.55,0.55,0.6,0.3,1.0,0.3,0.5,0.6,0.4,0.6,0.3,0.1999999999999999,0.5,0.65,0.4,0.1999999999999999,0.7,"8a75582404e7fff,8a7558240417fff,8a7558240597fff,8a755824040ffff,8a75582404f7fff,8a755824296ffff,8a755824291ffff,8a75582429affff,8a75582429a7fff,8a755824665ffff,8a75582466effff,8a75582466c7fff,8a75582466f7fff,8a75582466affff,8a7558246687fff,8a7558246697fff,8a7558255b4ffff,8a7558255b5ffff,8a7558255b47fff,8a7558255b77fff,8a7558255b2ffff,8a7558255b07fff,8a755824648ffff,8a75582464f7fff,8a75582464affff,8a7558255967fff",2
57680181#0,-57680145#1,0.7,0.8,0.4,0.3,0.4,0.7,0.55,0.55,0.2,0.9,0.6,0.8,0.6,0.3,0.6,0.4,0.6,0.6,0.3,0.65,0.8,0.9,0.0,"8a75582404e7fff,8a7558240417fff,8a7558240597fff,8a755824296ffff,8a755824291ffff,8a75582429affff,8a75582429a7fff,8a755824665ffff,8a755824664ffff,8a75582466effff,8a75582466c7fff,8a75582466f7fff,8a75582466affff,8a7558246687fff,8a75582466a7fff,8a755824678ffff,8a755824679ffff,8a7558246797fff,8a75582464cffff,8a75582464c7fff,8a75582464f7fff,8a75582464affff,8a7558255967fff",0
-57680180#1,-39353757#6,0.9,0.9,1.0,0.5,0.7,1.0,0.55,0.55,0.9,1.0,0.8,0.55,0.1,0.5,0.5,0.0,0.0,0.9,0.0,0.0,0.9,0.8,0.0,"8a755824679ffff,8a75582466b7fff,8a7558246697fff,8a7558246687fff,8a75582466affff,8a75582466f7fff,8a75582466c7fff,8a75582466effff,8a755824665ffff,8a75582429a7fff,8a75582429affff,8a755824291ffff,8a755824296ffff,8a7558240597fff,8a75582405b7fff,8a755824625ffff",0
-57680180#1,-39353757#6,0.1999999999999999,0.1999999999999999,0.15,0.35,0.1999999999999999,0.2,0.55,0.55,0.2,0.3,0.6,0.55,0.6,0.3,0.3,0.4,0.7,0.3,0.4,0.7,0.1999999999999999,0.6,0.3,"8a75582466b7fff,8a755824679ffff,8a7558255b6ffff,8a7558255b4ffff,8a7558246697fff,8a7558246687fff,8a755824668ffff,8a75582466f7fff,8a75582466c7fff,8a75582466effff,8a755824665ffff,8a75582429a7fff,8a75582429affff,8a755824291ffff,8a755824296ffff,8a75582404f7fff,8a75582404e7fff,8a755824040ffff,8a7558240407fff,8a7558240437fff,8a755824051ffff,8a7558240517fff,8a755824624ffff,8a755824625ffff,8a75582405b7fff",4
-57680180#1,-39353757#6,0.0999999999999999,0.0999999999999999,0.7,0.8,0.7,0.3,0.55,0.55,0.6,0.2,0.5,0.55,0.7,0.9,0.9,0.9,0.4,0.0999999999999999,0.9,0.8,0.0999999999999999,0.0999999999999999,0.6,"8a75582466b7fff,8a755824679ffff,8a7558255b6ffff,8a7558255b4ffff,8a7558246697fff,8a7558246687fff,8a75582466affff,8a75582466f7fff,8a75582466c7fff,8a75582466effff,8a755824665ffff,8a75582429a7fff,8a75582429affff,8a755824291ffff,8a755824296ffff,8a75582404f7fff,8a75582404affff,8a7558240597fff,8a75582405b7fff,8a7558240407fff,8a7558240437fff,8a755824051ffff,8a755824625ffff",4
-57680180#1,-39353757#6,0.3,0.4,0.3,0.1999999999999999,0.1999999999999999,0.5,0.55,0.55,0.4,0.5,0.2,0.55,1.0,0.1999999999999999,0.1999999999999999,0.3,0.7,0.7,0.3,0.5,0.4,0.5,0.4,"8a75582466b7fff,8a755824679ffff,8a7558255b6ffff,8a7558255b4ffff,8a7558246697fff,8a7558246687fff,8a755824668ffff,8a75582466f7fff,8a75582466c7fff,8a75582466effff,8a755824665ffff,8a75582429a7fff,8a75582429affff,8a755824291ffff,8a755824296ffff,8a7558240597fff,8a7558240417fff,8a755824040ffff,8a7558240407fff,8a75582405b7fff,8a755824625ffff",1
-57680180#1,-39353757#6,0.4,0.5,0.4,0.0,0.1999999999999999,0.6,0.55,0.55,0.3,0.6,0.7,0.55,0.5,0.0999999999999999,0.0999999999999999,0.1999999999999999,0.7,0.5,0.1999999999999999,0.4,0.5,0.3,0.8,"8a755824679ffff,8a75582466b7fff,8a7558246697fff,8a7558246687fff,8a755824668ffff,8a75582466f7fff,8a75582466c7fff,8a75582466effff,8a755824665ffff,8a75582429a7fff,8a75582429affff,8a755824291ffff,8a755824296ffff,8a75582404f7fff,8a75582404e7fff,8a755824040ffff,8a7558240417fff,8a7558240597fff,8a75582405b7fff,8a755824625ffff",1
-57680180#1,-39353757#6,0.6,0.3,0.6,0.9,0.7,0.4,0.55,0.55,1.0,0.4,0.1,0.55,0.4,0.8,0.8,0.8,0.0999999999999999,0.0,0.8,0.6,0.3,0.9,0.0999999999999999,"8a75582466b7fff,8a755824679ffff,8a7558246797fff,8a75582464cffff,8a75582464c7fff,8a75582464f7fff,8a755824648ffff,8a7558255b07fff,8a7558255b2ffff,8a7558255b77fff,8a7558255b47fff,8a7558255b5ffff,8a7558255b4ffff,8a7558246697fff,8a7558246687fff,8a75582466affff,8a75582466f7fff,8a75582466c7fff,8a75582466effff,8a755824665ffff,8a75582429a7fff,8a75582429affff,8a755824291ffff,8a755824296ffff,8a7558240597fff,8a75582405b7fff,8a755824625ffff",4
-57680180#1,-39353757#6,0.8,0.8,0.85,0.65,0.7,0.8,0.55,0.55,0.7,0.9,1.0,0.55,0.2,0.6,0.6,0.5,0.1999999999999999,0.6,0.6,0.0999999999999999,0.8,0.4,0.5,"8a755824679ffff,8a75582466b7fff,8a7558246697fff,8a7558246687fff,8a75582466affff,8a75582466f7fff,8a75582466c7fff,8a75582466effff,8a755824665ffff,8a75582429a7fff,8a75582429affff,8a755824291ffff,8a755824296ffff,8a75582404f7fff,8a75582404e7fff,8a755824040ffff,8a7558240407fff,8a7558240437fff,8a755824051ffff,8a755824625ffff,8a75582405b7fff",2
-57680180#1,-39353757#6,0.5,0.7,0.5,0.0999999999999999,0.1999999999999999,0.9,0.55,0.55,0.5,0.8,0.3,0.55,0.9,0.0,0.0,0.0999999999999999,0.7,0.4,0.0999999999999999,0.1999999999999999,0.7,0.7,0.1999999999999999,"8a755824679ffff,8a75582466b7fff,8a7558246697fff,8a7558246687fff,8a755824668ffff,8a75582466f7fff,8a75582466c7fff,8a75582466effff,8a755824665ffff,8a75582429a7fff,8a75582429affff,8a755824291ffff,8a755824296ffff,8a7558240597fff,8a75582405b7fff,8a7558240407fff,8a7558240437fff,8a755824051ffff,8a755824625ffff",0
-57680180#1,-39353757#6,0.7,0.6,0.85,0.65,0.7,0.7,0.55,0.55,0.8,0.7,0.9,0.55,0.3,0.7,0.7,0.7,0.3,0.8,0.7,0.3,0.6,0.0,0.7,"8a75582466b7fff,8a755824679ffff,8a7558255b6ffff,8a7558255b4ffff,8a7558246697fff,8a7558246687fff,8a75582466affff,8a75582466f7fff,8a75582466c7fff,8a75582466effff,8a755824665ffff,8a75582429a7fff,8a75582429affff,8a755824291ffff,8a755824296ffff,8a75582404f7fff,8a75582404e7fff,8a755824040ffff,8a7558240407fff,8a75582405b7fff,8a755824625ffff",3
-57680180#1,-39353757#6,0.0,0.0,0.15,0.35,0.1999999999999999,0.1,0.55,0.55,0.1,0.1,0.4,0.55,0.8,0.4,0.4,0.6,0.7,0.1999999999999999,0.5,0.9,0.0,0.1999999999999999,0.9,"8a755824679ffff,8a75582466b7fff,8a7558246697fff,8a7558246687fff,8a755824668ffff,8a75582466f7fff,8a75582466c7fff,8a75582466effff,8a755824665ffff,8a75582429a7fff,8a75582429affff,8a755824291ffff,8a755824296ffff,8a75582404f7fff,8a75582404affff,8a7558240597fff,8a7558240417fff,8a755824040ffff,8a7558240407fff,8a7558240437fff,8a755824051ffff,8a755824625ffff,8a75582405b7fff",4
57680146,-57392454#1,0.625,0.75,0.125,0.25,0.375,0.375,0.5625,0.5625,0.5,0.875,0.5625,0.5625,0.625,0.375,0.125,0.375,0.125,0.75,0.5,0.125,0.75,0.25,0.625,"8a755824629ffff,8a755824666ffff,8a755824664ffff,8a7558246647fff,8a755824665ffff,8a75582466effff,8a75582466c7fff,8a75582466f7fff,8a75582466affff,8a7558246687fff,8a7558246697fff,8a7558255a67fff,8a7558255a77fff,8a7558255ae7fff,8a7558255ac7fff",2
57680146,-57392454#1,0.75,0.375,0.75,0.75,0.375,0.25,0.5625,0.5625,0.75,0.625,0.5625,0.5625,0.375,0.0,0.5,0.0,0.5,0.125,0.0,0.875,0.375,0.75,0.25,"8a755824629ffff,8a755824666ffff,8a755824664ffff,8a7558246647fff,8a755824665ffff,8a75582466effff,8a75582466c7fff,8a75582466f7fff,8a75582466affff,8a7558246687fff,8a7558246697fff,8a75582466b7fff,8a755824679ffff,8a7558255b6ffff,8a7558255b4ffff,8a7558255a67fff,8a7558255b5ffff,8a7558255a77fff,8a7558255ae7fff,8a7558255ac7fff",0
57680146,-57392454#1,0.125,0.0,0.875,0.375,0.375,0.875,0.5625,0.5625,0.25,0.125,0.5625,0.5625,0.875,0.875,0.875,0.875,0.875,0.375,0.75,0.75,0.0,0.125,0.75,"8a755824629ffff,8a755824666ffff,8a755824664ffff,8a7558246647fff,8a755824665ffff,8a75582466effff,8a75582466c7fff,8a75582466f7fff,8a75582466affff,8a7558246687fff,8a7558246697fff,8a7558255b4ffff,8a7558255a67fff,8a7558255b5ffff,8a7558255b57fff,8a7558255a37fff,8a755825516ffff,8a7558255aa7fff,8a7558255a77fff,8a7558255ae7fff,8a7558255ac7fff",3
57680146,-57392454#1,0.875,0.875,1.0,0.875,0.875,0.625,0.5625,0.5625,1.0,1.0,0.5625,0.5625,0.125,0.25,0.625,0.25,0.0,0.875,0.875,0.0,0.875,0.625,0.0,"8a755824629ffff,8a755824666ffff,8a755824664ffff,8a7558246647fff,8a755824665ffff,8a75582466effff,8a75582466c7fff,8a75582466f7fff,8a75582466affff,8a7558246687fff,8a7558246697fff,8a7558255b4ffff,8a7558255a67fff,8a7558255a77fff,8a7558255ae7fff,8a7558255ac7fff",0
57680146,-57392454#1,0.0,0.125,0.625,0.0,0.375,1.0,0.5625,0.5625,0.125,0.25,0.5625,0.5625,1.0,0.75,0.75,0.75,0.75,0.0,0.625,0.625,0.125,0.0,0.875,"8a755824629ffff,8a755824666ffff,8a755824664ffff,8a7558246647fff,8a755824665ffff,8a75582466effff,8a75582466c7fff,8a75582466f7fff,8a75582466affff,8a7558246687fff,8a7558246697fff,8a7558255a67fff,8a7558255b5ffff,8a7558255b57fff,8a7558255a37fff,8a755825516ffff,8a7558255aa7fff,8a7558255a77fff,8a7558255ae7fff,8a7558255ac7fff",3
57680146,-57392454#1,0.375,0.25,0.375,0.625,0.375,0.125,0.5625,0.5625,0.625,0.75,0.5625,0.5625,0.5,0.125,0.0,0.125,0.625,0.25,0.125,0.5,0.25,0.5,0.375,"8a755824629ffff,8a755824666ffff,8a755824664ffff,8a7558246647fff,8a755824665ffff,8a75582466effff,8a75582466c7fff,8a75582466f7fff,8a75582466affff,8a7558246687fff,8a7558246697fff,8a75582466b7fff,8a755824679ffff,8a7558255b6ffff,8a7558255b4ffff,8a7558255a67fff,8a7558255a77fff,8a7558255ae7fff,8a7558255ac7fff",1
57680146,-57392454#1,0.25,0.625,0.25,0.125,0.375,0.75,0.5625,0.5625,0.375,0.5,0.5625,0.5625,0.75,0.5,0.25,0.5,0.25,0.5,0.25,0.25,0.625,0.375,0.5,"8a755824629ffff,8a755824666ffff,8a755824664ffff,8a7558246647fff,8a755824665ffff,8a75582466effff,8a75582466c7fff,8a75582466f7fff,8a75582466affff,8a7558246687fff,8a7558246697fff,8a7558255a67fff,8a7558255b5ffff,8a7558255a77fff,8a7558255ae7fff,8a7558255ac7fff",1
57680146,-57392454#1,0.5,0.5,0.5,0.5,0.375,0.5,0.5625,0.5625,0.875,0.375,0.5625,0.5625,0.25,0.625,0.375,0.625,0.375,0.625,0.375,0.375,0.5,0.875,0.125,"8a755824629ffff,8a755824666ffff,8a755824664ffff,8a7558246647fff,8a755824665ffff,8a75582466effff,8a75582466c7fff,8a75582466f7fff,8a75582466affff,8a7558246687fff,8a7558246697fff,8a7558255b4ffff,8a7558255a67fff,8a7558255b5ffff,8a7558255a77fff,8a7558255ae7fff,8a7558255ac7fff",2
41273126,1116499317#2,0.4,0.5,0.6,0.0,0.25,0.6,0.55,0.55,0.1,0.35,1.0,0.8,0.5,0.5,0.4,0.0,0.85,0.9,0.4,0.0,0.5,0.0,0.5,"8a75582447a7fff,8a7558244467fff,8a7558244097fff,8a755824409ffff,8a7558244707fff,8a7558244717fff,8a755824471ffff,8a7558244627fff,8a7558244767fff,8a75582440c7fff,8a7558244c27fff,8a7558244c87fff,8a7558271257fff,8a75582712e7fff,8a7558246d27fff,8a7558246d37fff,8a7558273327fff,8a7558273337fff,8a75582733affff,8a755827338ffff,8a75582732f7fff,8a7558255967fff,8a75582464affff,8a75582464f7fff,8a75582464c7fff,8a75582464cffff,8a7558246797fff,8a755824679ffff,8a75582466b7fff,8a7558246697fff,8a7558246687fff,8a75582466a7fff",1
41273126,1116499317#2,0.6,0.6,0.3,0.9,0.75,0.1,0.55,0.55,0.4,0.7,0.25,0.2,1.0,0.4,0.5,0.6,0.3,0.4,0.3,0.75,0.6,0.7,0.0,"8a75582447a7fff,8a7558244467fff,8a7558244477fff,8a75582447b7fff,8a7558244797fff,8a7558244787fff,8a75582447affff,8a755824478ffff,8a75582446a7fff,8a7558244687fff,8a75582446b7fff,8a755824469ffff,8a7558240d27fff,8a7558240d77fff,8a7558240d57fff,8a7558240c27fff,8a7558240c37fff,8a7558240c17fff,8a7558240cb7fff,8a755824634ffff,8a7558246277fff,8a75582462e7fff,8a75582462c7fff,8a75582462d7fff,8a7558242927fff,8a7558242937fff,8a755824664ffff,8a755824665ffff,8a75582466effff,8a75582466c7fff,8a75582466f7fff,8a75582466affff,8a7558246687fff,8a75582466a7fff",2
41273126,1116499317#2,0.1999999999999999,0.3,0.2,0.6,0.25,0.8,0.55,0.55,1.0,0.35,0.8,0.6,0.2,0.7,0.8,0.7,0.5,0.0999999999999999,0.6,0.4,0.3,0.0999999999999999,0.8,"8a75582447a7fff,8a7558244467fff,8a7558244477fff,8a75582447b7fff,8a75582447affff,8a7558244637fff,8a755824471ffff,8a7558244627fff,8a7558244767fff,8a75582440c7fff,8a7558244c27fff,8a7558244c87fff,8a7558271257fff,8a75582712e7fff,8a7558246d27fff,8a7558246d37fff,8a7558273327fff,8a7558273337fff,8a755827305ffff,8a75582733b7fff,8a75582730d7fff,8a7558273767fff,8a7558273667fff,8a7558255937fff,8a755825595ffff,8a7558255867fff,8a7558255b07fff,8a7558255b2ffff,8a7558255b77fff,8a7558255b47fff,8a7558255b5ffff,8a7558255b4ffff,8a7558246697fff,8a7558246687fff,8a75582466a7fff",4
41273126,1116499317#2,0.8,0.8,0.9,0.5,0.75,0.3,0.55,0.55,0.6,1.0,0.25,0.4,0.7,0.0999999999999999,0.0999999999999999,0.1999999999999999,0.0999999999999999,0.6,0.0,0.75,0.8,0.8,0.0999999999999999,"8a75582447a7fff,8a7558244467fff,8a755824446ffff,8a7558244737fff,8a755824409ffff,8a7558244707fff,8a7558244717fff,8a755824471ffff,8a7558244627fff,8a755824460ffff,8a755824461ffff,8a75582446c7fff,8a7558240d67fff,8a7558240d77fff,8a7558240d57fff,8a7558240d47fff,8a7558240c67fff,8a7558240c07fff,8a7558240c37fff,8a7558240c17fff,8a7558240cb7fff,8a755824634ffff,8a7558246277fff,8a75582462e7fff,8a75582462c7fff,8a75582462d7fff,8a7558242927fff,8a7558242937fff,8a755824664ffff,8a755824665ffff,8a75582466effff,8a75582466c7fff,8a75582466f7fff,8a75582466affff,8a7558246687fff,8a75582466a7fff",0
41273126,1116499317#2,0.5,0.4,0.8,0.0999999999999999,0.25,1.0,0.55,0.55,0.3,0.35,0.9,1.0,0.3,0.6,0.6,0.0999999999999999,0.4,0.7,0.5,0.0999999999999999,0.4,0.1999999999999999,0.4,"8a75582447a7fff,8a7558244467fff,8a755824446ffff,8a75582447affff,8a7558244637fff,8a755824471ffff,8a7558244627fff,8a7558244767fff,8a75582440c7fff,8a7558244c27fff,8a7558244c87fff,8a7558271257fff,8a75582712e7fff,8a7558246d27fff,8a7558273a0ffff,8a7558273aaffff,8a7558273a87fff,8a7558273337fff,8a75582733affff,8a755827338ffff,8a75582732f7fff,8a7558255967fff,8a75582464affff,8a75582464f7fff,8a755824648ffff,8a7558255b07fff,8a7558255b2ffff,8a7558255b77fff,8a7558255b47fff,8a7558255b5ffff,8a7558255b4ffff,8a7558246697fff,8a7558246687fff,8a75582466a7fff",3
41273126,1116499317#2,0.9,0.9,0.7,0.8,0.75,0.2,0.55,0.55,0.7,0.8,0.25,0.1,0.9,0.0,0.3,0.9,0.0,0.8,0.9,0.75,0.9,0.9,0.1999999999999999,"8a75582447a7fff,8a7558244467fff,8a7558244097fff,8a755824409ffff,8a755824446ffff,8a7558244787fff,8a75582446b7fff,8a755824469ffff,8a7558246a6ffff,8a7558246a4ffff,8a7558246a5ffff,8a7558240da7fff,8a7558240daffff,8a7558240d1ffff,8a7558240c27fff,8a7558240c37fff,8a7558240c17fff,8a7558240cb7fff,8a755824634ffff,8a7558246277fff,8a75582462e7fff,8a75582462c7fff,8a75582462d7fff,8a7558242927fff,8a7558242937fff,8a755824664ffff,8a755824665ffff,8a75582466effff,8a75582466c7fff,8a75582466f7fff,8a75582466affff,8a7558246687fff,8a75582466a7fff",2
41273126,1116499317#2,0.3,0.0999999999999999,0.5,0.4,0.25,0.9,0.55,0.55,0.9,0.35,0.6,0.9,0.1,0.8,0.9,0.8,0.6,0.0,0.7,0.5,0.0999999999999999,0.4,0.9,"8a75582447a7fff,8a7558244467fff,8a7558244097fff,8a755824409ffff,8a755824446ffff,8a7558244737fff,8a7558244707fff,8a7558244717fff,8a755824471ffff,8a7558244627fff,8a7558244767fff,8a75582440c7fff,8a7558244c27fff,8a7558244c87fff,8a7558271257fff,8a75582712e7fff,8a7558246d27fff,8a7558273a0ffff,8a7558273aaffff,8a7558273a87fff,8a7558273337fff,8a755827305ffff,8a75582733b7fff,8a75582730d7fff,8a7558273767fff,8a7558273667fff,8a7558255937fff,8a755825595ffff,8a7558255867fff,8a7558255b07fff,8a7558255b2ffff,8a7558255b77fff,8a7558255b47fff,8a7558255b5ffff,8a7558255b4ffff,8a7558246697fff,8a7558246687fff,8a75582466a7fff",3
41273126,1116499317#2,0.0,0.0,0.4,0.1999999999999999,0.25,0.5,0.55,0.55,0.2,0.35,0.5,0.7,0.6,0.9,0.7,0.5,0.7,0.1999999999999999,0.8,0.3,0.0,0.5,0.7,"8a75582447a7fff,8a7558244467fff,8a7558244477fff,8a75582447b7fff,8a7558244797fff,8a7558244787fff,8a755824446ffff,8a7558244737fff,8a755824409ffff,8a7558244707fff,8a7558244717fff,8a755824471ffff,8a7558244627fff,8a7558244767fff,8a75582440c7fff,8a7558244c27fff,8a7558244c87fff,8a7558271257fff,8a75582712e7fff,8a7558246d27fff,8a7558246d37fff,8a7558273327fff,8a7558273337fff,8a75582733affff,8a755827338ffff,8a75582732f7fff,8a7558255967fff,8a75582464affff,8a75582464f7fff,8a755824648ffff,8a7558255b07fff,8a7558255b2ffff,8a7558255b77fff,8a7558255b47fff,8a7558255b5ffff,8a7558255b4ffff,8a7558246697fff,8a7558246687fff,8a75582466a7fff",4
41273126,1116499317#2,0.7,0.7,1.0,0.3,0.75,0.4,0.55,0.55,0.5,0.9,0.25,0.3,0.8,0.1999999999999999,0.1999999999999999,0.3,0.1999999999999999,0.5,0.0999999999999999,0.75,0.7,0.6,0.3,"8a75582447a7fff,8a7558244467fff,8a7558244477fff,8a75582447b7fff,8a7558244787fff,8a75582446b7fff,8a755824469ffff,8a7558240d27fff,8a7558240d77fff,8a7558240d57fff,8a7558240d47fff,8a7558240c67fff,8a7558240c07fff,8a7558240c37fff,8a7558240c17fff,8a7558240cb7fff,8a755824634ffff,8a7558246277fff,8a75582462e7fff,8a75582462c7fff,8a75582462d7fff,8a7558242927fff,8a7558242937fff,8a755824664ffff,8a755824665ffff,8a75582466effff,8a75582466c7fff,8a75582466f7fff,8a75582466affff,8a7558246687fff,8a75582466a7fff",0
41273126,1116499317#2,0.0999999999999999,0.1999999999999999,0.1,0.7,0.25,0.7,0.55,0.55,0.8,0.35,0.7,0.5,0.4,0.3,0.0,0.4,0.85,0.3,0.1999999999999999,0.1999999999999999,0.1999999999999999,0.3,0.6,"8a75582447a7fff,8a7558244467fff,8a7558244097fff,8a755824409ffff,8a7558244707fff,8a7558244717fff,8a755824471ffff,8a7558244627fff,8a7558244767fff,8a75582440c7fff,8a7558244c27fff,8a7558244c87fff,8a7558271257fff,8a75582712e7fff,8a7558246d27fff,8a7558246d37fff,8a7558273327fff,8a7558273337fff,8a755827305ffff,8a75582733b7fff,8a75582730d7fff,8a7558273767fff,8a7558273667fff,8a7558255937fff,8a755825595ffff,8a7558255867fff,8a7558255b07fff,8a755824648ffff,8a75582464f7fff,8a75582464c7fff,8a75582464cffff,8a7558246797fff,8a755824679ffff,8a7558255b6ffff,8a7558255b4ffff,8a7558246697fff,8a7558246687fff,8a75582466a7fff",1
-1264978470#1,41273128#1,0.7,0.7,0.5,0.4,0.4499999999999999,0.6,0.55,0.55,0.9,0.55,0.8,0.4,0.4,0.1999999999999999,0.6,0.3,0.4499999999999999,0.0,0.3,0.1999999999999999,0.7,0.0,0.9,"8a7558255b07fff,8a7558255867fff,8a755825595ffff,8a7558255937fff,8a7558273667fff,8a7558273767fff,8a75582730d7fff,8a75582733b7fff,8a755827305ffff,8a7558273337fff,8a7558273327fff,8a7558246d37fff,8a7558246d27fff,8a75582712e7fff,8a7558271257fff,8a7558244c87fff,8a7558244c27fff,8a75582440c7fff,8a7558244767fff,8a7558244627fff,8a755824471ffff,8a7558244717fff,8a7558244707fff,8a755824409ffff,8a7558244737fff,8a755824446ffff,8a7558244467fff,8a7558244477fff,8a75582447b7fff",2
-1264978470#1,41273128#1,0.9,0.9,0.95,0.15,0.4499999999999999,0.7,0.55,0.55,0.6,0.55,1.0,1.0,0.5,0.0,0.0,0.0999999999999999,0.4499999999999999,0.5,0.0999999999999999,0.0,0.9,0.3,0.1999999999999999,"8a7558255867fff,8a7558255b07fff,8a755824648ffff,8a75582464f7fff,8a75582464affff,8a7558255967fff,8a75582732f7fff,8a755827338ffff,8a75582733affff,8a7558273337fff,8a7558273a87fff,8a7558273aaffff,8a7558273a0ffff,8a7558246d27fff,8a75582712e7fff,8a7558271257fff,8a7558244c87fff,8a7558244c27fff,8a75582440c7fff,8a7558244767fff,8a7558244627fff,8a755824471ffff,8a7558244637fff,8a75582447affff,8a75582447a7fff,8a7558244787fff,8a7558244797fff,8a75582447b7fff,8a7558244467fff",0
-1264978470#1,41273128#1,0.6,0.3,0.3,0.9,0.4499999999999999,0.9,0.55,0.55,0.7,0.55,0.4,0.6,0.3,0.6,0.9,0.7,0.4499999999999999,0.6,0.7,0.6,0.0999999999999999,0.7,0.3,"8a7558255b07fff,8a7558255867fff,8a755825595ffff,8a7558255937fff,8a7558273667fff,8a7558273767fff,8a75582730d7fff,8a75582733b7fff,8a755827305ffff,8a7558273337fff,8a7558273a87fff,8a7558273aaffff,8a7558273a0ffff,8a7558246d27fff,8a75582712e7fff,8a7558271257fff,8a7558244c87fff,8a7558244c27fff,8a75582440c7fff,8a7558244767fff,8a7558244627fff,8a755824471ffff,8a755824460ffff,8a755824461ffff,8a7558244617fff,8a7558244637fff,8a75582447affff,8a755824478ffff,8a75582446a7fff,8a7558244687fff,8a75582446b7fff,8a7558244787fff,8a7558244797fff,8a75582447a7fff,8a75582447b7fff,8a7558244467fff",2
-1264978470#1,41273128#1,0.3,0.5,0.7,0.0,0.4499999999999999,0.3,0.55,0.55,0.4,0.55,0.6,0.5,0.7,0.4,0.3,0.5,0.4499999999999999,0.4,0.5,0.4,0.5,0.1999999999999999,0.7,"8a7558255867fff,8a7558255b07fff,8a755824648ffff,8a75582464f7fff,8a75582464affff,8a7558255967fff,8a75582732f7fff,8a755827338ffff,8a75582733affff,8a7558273337fff,8a7558273327fff,8a7558246d37fff,8a7558246d27fff,8a75582712e7fff,8a7558271257fff,8a7558244c87fff,8a7558244c27fff,8a75582440c7fff,8a7558244767fff,8a7558244627fff,8a755824471ffff,8a7558244707fff,8a755824408ffff,8a75582440affff,8a7558244087fff,8a755824409ffff,8a7558244737fff,8a755824446ffff,8a7558244097fff,8a7558244467fff,8a7558244477fff,8a75582447b7fff",3
-1264978470#1,41273128#1,0.0999999999999999,0.0999999999999999,0.6,0.3,0.4499999999999999,0.2,0.55,0.55,0.2,0.55,0.2,0.3,0.9,0.8,0.0999999999999999,0.0,0.4499999999999999,0.9,0.0,0.8,0.3,0.5,0.5,"8a7558255867fff,8a7558255b07fff,8a755824648ffff,8a75582464f7fff,8a75582464affff,8a7558255967fff,8a75582732f7fff,8a755827338ffff,8a75582733affff,8a7558273337fff,8a7558273327fff,8a7558246d37fff,8a7558246d27fff,8a75582712e7fff,8a7558271257fff,8a7558244c87fff,8a7558244c27fff,8a75582440c7fff,8a7558244767fff,8a7558244627fff,8a755824471ffff,8a755824460ffff,8a755824461ffff,8a75582446c7fff,8a7558240d67fff,8a7558240d77fff,8a7558240d27fff,8a755824469ffff,8a75582446b7fff,8a7558244787fff,8a7558244797fff,8a75582447a7fff,8a75582447b7fff,8a7558244467fff",1
-1264978470#1,41273128#1,0.5,0.4,0.4,0.8,0.4499999999999999,0.8,0.55,0.55,0.8,0.55,0.5,0.7,0.2,0.5,0.8,0.6,0.4499999999999999,0.0999999999999999,0.6,0.5,0.1999999999999999,0.6,0.4,"8a7558255b07fff,8a7558255867fff,8a755825595ffff,8a7558255937fff,8a7558273667fff,8a7558273767fff,8a75582730d7fff,8a75582733b7fff,8a755827305ffff,8a7558273337fff,8a7558273a87fff,8a7558273aaffff,8a7558273a0ffff,8a7558246d27fff,8a75582712e7fff,8a7558271257fff,8a7558244c87fff,8a7558244c27fff,8a75582440c7fff,8a7558244767fff,8a7558244627fff,8a755824471ffff,8a7558244637fff,8a75582447affff,8a75582447a7fff,8a755824446ffff,8a7558244737fff,8a755824409ffff,8a7558244097fff,8a7558244467fff,8a7558244477fff,8a75582447b7fff",2
-1264978470#1,41273128#1,0.0,0.0,0.1,0.7,0.4499999999999999,0.1,0.55,0.55,0.1,0.55,0.1,0.1,1.0,0.9,0.7,0.9,0.4499999999999999,0.7,0.9,0.9,0.0,0.9,0.0,"8a7558255867fff,8a7558255b07fff,8a755824648ffff,8a75582464f7fff,8a75582464affff,8a7558255967fff,8a75582732f7fff,8a755827338ffff,8a75582733affff,8a7558273337fff,8a7558273327fff,8a7558246d37fff,8a7558246d27fff,8a75582712e7fff,8a7558271257fff,8a7558244c87fff,8a7558244c27fff,8a75582440c7fff,8a7558244767fff,8a7558244627fff,8a755824471ffff,8a755824460ffff,8a755824461ffff,8a7558244617fff,8a7558244637fff,8a75582447affff,8a755824478ffff,8a75582446a7fff,8a7558244687fff,8a75582446b7fff,8a7558244787fff,8a75582447a7fff,8a755824446ffff,8a7558244737fff,8a755824409ffff,8a7558244097fff,8a7558244467fff,8a7558244477fff,8a75582447b7fff",4
-1264978470#1,41273128#1,0.1999999999999999,0.1999999999999999,0.2,0.5,0.4499999999999999,0.4,0.55,0.55,0.3,0.55,0.3,0.2,0.8,0.7,0.4,0.8,0.4499999999999999,0.8,0.8,0.7,0.4,0.8,0.0999999999999999,"8a7558255867fff,8a7558255b07fff,8a755824648ffff,8a75582464f7fff,8a75582464affff,8a7558255967fff,8a75582732f7fff,8a755827338ffff,8a75582733affff,8a7558273337fff,8a7558273327fff,8a7558246d37fff,8a7558246d27fff,8a75582712e7fff,8a7558271257fff,8a7558244c87fff,8a7558244c27fff,8a75582440c7fff,8a7558244767fff,8a7558244627fff,8a755824471ffff,8a7558244707fff,8a7558244717fff,8a755824409ffff,8a7558244737fff,8a755824446ffff,8a75582447a7fff,8a75582447affff,8a755824478ffff,8a75582446a7fff,8a7558244687fff,8a75582446b7fff,8a7558244787fff,8a7558244797fff,8a75582447b7fff,8a7558244467fff",4
-1264978470#1,41273128#1,0.4,0.6,0.95,0.15,0.4499999999999999,0.5,0.55,0.55,0.5,0.55,0.7,0.9,0.6,0.3,0.1999999999999999,0.4,0.4499999999999999,0.3,0.4,0.3,0.6,0.4,0.6,"8a7558255867fff,8a7558255b07fff,8a755824648ffff,8a75582464f7fff,8a75582464affff,8a7558255967fff,8a75582732f7fff,8a755827338ffff,8a75582733affff,8a7558273337fff,8a7558273a87fff,8a7558273aaffff,8a7558273a0ffff,8a7558246d27fff,8a75582712e7fff,8a7558271257fff,8a7558244c87fff,8a7558244c27fff,8a75582440c7fff,8a7558244767fff,8a7558244627fff,8a755824471ffff,8a7558244717fff,8a7558244707fff,8a755824409ffff,8a755824446ffff,8a75582447a7fff,8a7558244467fff,8a7558244477fff,8a75582447b7fff",1
-1264978470#1,41273128#1,0.8,0.8,0.8,0.6,0.4499999999999999,1.0,0.55,0.55,1.0,0.55,0.9,0.8,0.1,0.0999999999999999,0.5,0.1999999999999999,0.4499999999999999,0.1999999999999999,0.1999999999999999,0.0999999999999999,0.8,0.0999999999999999,0.8,"8a7558255b07fff,8a7558255867fff,8a755825595ffff,8a7558255937fff,8a7558273667fff,8a7558273767fff,8a75582730d7fff,8a75582733b7fff,8a755827305ffff,8a7558273337fff,8a7558273a87fff,8a7558273aaffff,8a7558273a0ffff,8a7558246d27fff,8a75582712e7fff,8a7558271257fff,8a7558244c87fff,8a7558244c27fff,8a75582440c7fff,8a7558244767fff,8a7558244627fff,8a755824471ffff,8a7558244707fff,8a7558244717fff,8a755824409ffff,8a755824446ffff,8a75582447a7fff,8a75582447b7fff,8a7558244467fff",0
41231711#3,-41231515#0,0.9,0.9,1.0,0.0,0.4,0.8,0.55,0.55,0.55,0.55,0.55,0.4,0.7,0.4499999999999999,0.6,0.6,0.4499999999999999,0.9,0.6,0.4499999999999999,0.9,0.0,0.9,"8a7558240d17fff,8a7558240d07fff,8a7558240d37fff,8a755824469ffff,8a75582446b7fff,8a7558244787fff,8a75582447a7fff",3
41231711#3,-41231515#0,0.0,0.0,0.1,0.9,0.9,0.1,0.55,0.55,0.55,0.55,0.55,0.8,0.3,0.4499999999999999,0.1999999999999999,0.1999999999999999,0.4499999999999999,0.4,0.1999999999999999,0.4499999999999999,0.0,0.8,0.0999999999999999,"8a7558240d07fff,8a7558240d17fff,8a7558240d37fff,8a755824469ffff,8a7558246a6ffff,8a7558246a4ffff,8a7558246a5ffff,8a7558240da7fff,8a7558240daffff,8a7558240d1ffff,8a7558240c27fff,8a7558240d57fff,8a7558240d77fff,8a7558240d67fff,8a75582446dffff,8a75582446c7fff,8a75582446e7fff,8a755824461ffff,8a755824460ffff,8a7558244627fff,8a755824471ffff,8a7558244637fff,8a75582447affff,8a75582447a7fff,8a755824446ffff,8a755824409ffff,8a7558244097fff,8a7558244467fff,8a7558244477fff,8a75582447b7fff,8a7558244787fff",4
41231711#3,-41231515#0,0.0999999999999999,0.0999999999999999,0.2,0.8,0.4,0.2,0.55,0.55,0.55,0.55,0.55,0.4,0.7,0.4499999999999999,0.6,0.6,0.4499999999999999,0.5,0.6,0.4499999999999999,0.0999999999999999,0.6,0.7,"8a7558240d07fff,8a7558240d17fff,8a7558246a4ffff,8a7558240d37fff,8a755824469ffff,8a7558240d27fff,8a7558244687fff,8a75582446a7fff,8a755824478ffff,8a75582447affff,8a7558244637fff,8a7558244617fff,8a755824461ffff,8a755824468ffff,8a75582446dffff,8a75582446c7fff,8a755824460ffff,8a7558244627fff,8a755824471ffff,8a7558244717fff,8a7558244707fff,8a755824409ffff,8a7558244737fff,8a755824446ffff,8a75582447a7fff,8a7558244787fff",4
41231711#3,-41231515#0,0.6,0.6,0.7,0.3,0.4,1.0,0.55,0.55,0.55,0.55,0.55,0.4,0.7,0.4499999999999999,0.6,0.6,0.4499999999999999,0.1999999999999999,0.6,0.4499999999999999,0.6,0.4,0.5,"8a7558240d07fff,8a7558240d17fff,8a7558246a4ffff,8a7558246a67fff,8a7558246a6ffff,8a755824469ffff,8a7558240d27fff,8a7558244687fff,8a75582446b7fff,8a7558244787fff,8a75582447a7fff",3
41231711#3,-41231515#0,0.5,0.5,0.6,0.4,0.4,0.5,0.55,0.55,0.55,0.55,0.55,1.0,0.1,0.4499999999999999,0.0,0.0,0.4499999999999999,0.3,0.0,0.4499999999999999,0.5,0.5,0.0,"8a7558240d07fff,8a7558240d17fff,8a7558246a4ffff,8a7558246a5ffff,8a7558240da7fff,8a7558240daffff,8a7558240d1ffff,8a7558240c27fff,8a7558240d57fff,8a7558240d77fff,8a7558240d27fff,8a755824469ffff,8a75582446b7fff,8a7558244787fff,8a75582447a7fff",0
41231711#3,-41231515#0,0.3,0.4,0.5,0.5,0.4,0.4,0.55,0.55,0.55,0.55,0.55,0.4,0.7,0.4499999999999999,0.6,0.6,0.4499999999999999,0.7,0.6,0.4499999999999999,0.3,0.0999999999999999,0.6,"8a7558240d17fff,8a7558240d07fff,8a7558240d37fff,8a755824469ffff,8a7558240d27fff,8a7558244687fff,8a75582446a7fff,8a755824478ffff,8a75582447affff,8a75582447a7fff,8a755824446ffff,8a7558244467fff,8a7558244477fff,8a75582447b7fff,8a7558244787fff",4
41231711#3,-41231515#0,0.1999999999999999,0.1999999999999999,0.3,0.7,0.4,0.6,0.55,0.55,0.55,0.55,0.55,0.9,0.2,0.4499999999999999,0.0999999999999999,0.0999999999999999,0.4499999999999999,0.6,0.0999999999999999,0.4499999999999999,0.4,0.9,0.3,"8a7558240d07fff,8a7558240d17fff,8a7558246a4ffff,8a7558246a5ffff,8a7558240da7fff,8a7558240daffff,8a7558240d1ffff,8a7558240c27fff,8a7558240d57fff,8a7558240d77fff,8a7558240d67fff,8a75582446c7fff,8a755824461ffff,8a755824460ffff,8a7558244627fff,8a755824471ffff,8a7558244637fff,8a75582447affff,8a755824478ffff,8a75582446a7fff,8a7558244687fff,8a75582446b7fff,8a7558244787fff,8a75582447a7fff",1
41231711#3,-41231515#0,0.8,0.8,0.8,0.1999999999999999,0.4,0.7,0.55,0.55,0.55,0.55,0.55,0.4,0.7,0.4499999999999999,0.6,0.6,0.4499999999999999,0.0999999999999999,0.6,0.4499999999999999,0.8,0.3,0.4,"8a7558240d07fff,8a7558240d17fff,8a7558246a4ffff,8a7558246a6ffff,8a755824469ffff,8a75582446b7fff,8a7558244787fff,8a75582447a7fff",3
41231711#3,-41231515#0,0.4,0.3,0.4,0.6,0.4,0.3,0.55,0.55,0.55,0.55,0.55,0.4,0.7,0.4499999999999999,0.6,0.6,0.4499999999999999,0.8,0.6,0.4499999999999999,0.1999999999999999,0.7,0.1999999999999999,"8a7558240d17fff,8a7558240d07fff,8a7558240d37fff,8a755824469ffff,8a7558240d27fff,8a7558244687fff,8a75582446a7fff,8a755824478ffff,8a75582447affff,8a7558244637fff,8a755824471ffff,8a7558244627fff,8a7558244717fff,8a7558244707fff,8a755824409ffff,8a7558244097fff,8a7558244467fff,8a755824446ffff,8a75582447a7fff,8a7558244787fff",2
41231711#3,-41231515#0,0.7,0.7,0.9,0.0999999999999999,0.4,0.9,0.55,0.55,0.55,0.55,0.55,0.4,0.7,0.4499999999999999,0.6,0.6,0.4499999999999999,0.0,0.6,0.4499999999999999,0.7,0.1999999999999999,0.8,"8a7558240d07fff,8a7558240d17fff,8a7558246a4ffff,8a7558240d37fff,8a755824469ffff,8a75582446b7fff,8a7558244787fff,8a75582447a7fff",3
-41231515#0,41231711#3,0.9,0.9,0.1,0.9,0.85,0.15,0.55,0.55,0.55,0.55,0.55,0.25,0.85,0.4499999999999999,0.75,0.75,0.4499999999999999,0.9,0.75,0.4499999999999999,0.9,0.0999999999999999,0.8,"8a75582447a7fff,8a7558244787fff,8a75582446b7fff,8a755824469ffff,8a7558246a6ffff,8a7558246a4ffff,8a7558240d17fff,8a7558240d07fff",2
-41231515#0,41231711#3,0.0,0.0,0.5,0.5,0.35,0.8,0.55,0.55,0.55,0.55,0.55,0.5,0.6,0.4499999999999999,0.5,0.5,0.4499999999999999,0.6,0.5,0.4499999999999999,0.0,0.6,0.3,"8a7558244787fff,8a75582447a7fff,8a75582447b7fff,8a7558244467fff,8a7558244097fff,8a755824409ffff,8a755824446ffff,8a75582447affff,8a7558244737fff,8a7558244707fff,8a7558244717fff,8a755824471ffff,8a7558244637fff,8a755824478ffff,8a75582446a7fff,8a7558244687fff,8a75582446b7fff,8a755824469ffff,8a7558240d27fff,8a7558240d77fff,8a7558240d57fff,8a7558240c27fff,8a7558240d1ffff,8a7558240daffff,8a7558240da7fff,8a7558246a5ffff,8a7558246a4ffff,8a7558240d17fff,8a7558240d07fff",3
-41231515#0,41231711#3,0.5,0.4,0.95,0.05,0.35,0.5,0.55,0.55,0.55,0.55,0.55,0.9,0.2,0.4499999999999999,0.0999999999999999,0.0999999999999999,0.4499999999999999,0.0999999999999999,0.0999999999999999,0.4499999999999999,0.7,0.8,0.1999999999999999,"8a75582447a7fff,8a7558244787fff,8a7558244797fff,8a75582447affff,8a7558244637fff,8a7558244617fff,8a755824461ffff,8a755824468ffff,8a75582446dffff,8a75582446c7fff,8a7558240d67fff,8a7558240d77fff,8a7558240d27fff,8a755824469ffff,8a7558246a6ffff,8a7558246a4ffff,8a7558240d1ffff,8a7558240d07fff,8a7558240d17fff",1
-41231515#0,41231711#3,0.3,0.3,0.2,0.8,0.85,0.15,0.55,0.55,0.55,0.55,0.55,0.8,0.3,0.4499999999999999,0.1999999999999999,0.1999999999999999,0.4499999999999999,0.3,0.1999999999999999,0.4499999999999999,0.4,0.9,0.4,"8a7558244787fff,8a75582447a7fff,8a755824446ffff,8a7558244467fff,8a7558244097fff,8a755824409ffff,8a7558244707fff,8a7558244717fff,8a755824471ffff,8a7558244627fff,8a755824460ffff,8a755824461ffff,8a75582446c7fff,8a7558240d67fff,8a7558240d77fff,8a7558240d27fff,8a755824469ffff,8a7558246a6ffff,8a7558246a4ffff,8a7558240d17fff,8a7558240d07fff",2
-41231515#0,41231711#3,0.4,0.5,0.3,0.7,0.35,0.3,0.55,0.55,0.55,0.55,0.55,0.25,0.85,0.4499999999999999,0.75,0.75,0.4499999999999999,0.0,0.75,0.4499999999999999,0.3,0.0,0.9,"8a7558244787fff,8a75582447a7fff,8a755824446ffff,8a7558244737fff,8a755824409ffff,8a7558244097fff,8a7558244467fff,8a7558244477fff,8a75582447b7fff,8a7558244797fff,8a75582446b7fff,8a755824469ffff,8a7558246a6ffff,8a7558246a4ffff,8a7558240d1ffff,8a7558240d07fff,8a7558240d17fff",4
-41231515#0,41231711#3,0.8,0.8,0.7,0.3,0.35,1.0,0.55,0.55,0.55,0.55,0.55,0.25,0.85,0.4499999999999999,0.75,0.75,0.4499999999999999,0.8,0.75,0.4499999999999999,0.8,0.1999999999999999,0.6,"8a7558244787fff,8a75582447a7fff,8a75582447b7fff,8a7558244467fff,8a755824446ffff,8a75582447affff,8a755824478ffff,8a75582446a7fff,8a7558244687fff,8a75582446b7fff,8a755824469ffff,8a7558246a6ffff,8a7558246a4ffff,8a7558240d17fff,8a7558240d07fff",3
-41231515#0,41231711#3,0.7,0.7,0.6,0.4,0.35,0.9,0.55,0.55,0.55,0.55,0.55,0.25,0.85,0.4499999999999999,0.75,0.75,0.4499999999999999,0.5,0.75,0.4499999999999999,0.6,0.4,0.5,"8a7558244787fff,8a75582447a7fff,8a755824446ffff,8a755824409ffff,8a7558244707fff,8a7558244717fff,8a755824471ffff,8a7558244637fff,8a75582447affff,8a755824478ffff,8a75582446a7fff,8a7558244687fff,8a75582446b7fff,8a755824469ffff,8a7558246a6ffff,8a7558246a4ffff,8a7558240d1ffff,8a7558240d07fff,8a7558240d17fff",3
-41231515#0,41231711#3,0.0999999999999999,0.0999999999999999,0.4,0.6,0.35,0.4,0.55,0.55,0.55,0.55,0.55,0.6,0.5,0.4499999999999999,0.4,0.4,0.4499999999999999,0.1999999999999999,0.4,0.4499999999999999,0.0999999999999999,0.3,0.7,"8a7558244787fff,8a75582447a7fff,8a75582447b7fff,8a7558244467fff,8a7558244097fff,8a755824409ffff,8a7558244707fff,8a7558244717fff,8a755824471ffff,8a7558244637fff,8a7558244617fff,8a755824461ffff,8a755824468ffff,8a75582446dffff,8a75582446c7fff,8a7558240d67fff,8a7558240d77fff,8a7558240d27fff,8a755824469ffff,8a7558246a6ffff,8a7558246a4ffff,8a7558240d1ffff,8a7558240d07fff,8a7558240d17fff",4
-41231515#0,41231711#3,0.1999999999999999,0.1999999999999999,0.8,0.1999999999999999,0.35,0.6,0.55,0.55,0.55,0.55,0.55,0.7,0.4,0.4499999999999999,0.3,0.3,0.4499999999999999,0.4,0.3,0.4499999999999999,0.1999999999999999,0.5,0.0999999999999999,"8a7558244787fff,8a75582447a7fff,8a75582447b7fff,8a7558244467fff,8a755824446ffff,8a75582447affff,8a7558244637fff,8a755824471ffff,8a7558244627fff,8a755824460ffff,8a755824461ffff,8a75582446c7fff,8a7558240d67fff,8a7558240d77fff,8a7558240d27fff,8a755824469ffff,8a7558246a6ffff,8a7558246a4ffff,8a7558240d17fff,8a7558240d07fff",1
-41231515#0,41231711#3,0.6,0.6,0.95,0.05,0.35,0.7,0.55,0.55,0.55,0.55,0.55,1.0,0.1,0.4499999999999999,0.0,0.0,0.4499999999999999,0.7,0.0,0.4499999999999999,0.5,0.7,0.0,"8a7558244787fff,8a75582447a7fff,8a7558244467fff,8a755824446ffff,8a75582447affff,8a7558244637fff,8a7558244617fff,8a755824461ffff,8a755824468ffff,8a75582446d7fff,8a7558240d77fff,8a7558240d67fff,8a7558240d27fff,8a755824469ffff,8a7558246a6ffff,8a7558246a4ffff,8a7558240d17fff,8a7558240d07fff",0
41231709#0,-41231513#2,0.8,0.8,1.0,0.0,0.4,0.8,0.55,0.55,0.55,0.55,0.55,0.4,0.7,0.4499999999999999,0.6,0.6,0.4499999999999999,0.9,0.6,0.4499999999999999,0.8,0.0999999999999999,0.9,"8a7558246a4ffff,8a7558240d1ffff,8a7558240d07fff,8a7558240d37fff,8a755824469ffff,8a75582446b7fff,8a7558244787fff,8a75582447a7fff,8a755824446ffff,8a7558244737fff,8a755824409ffff,8a7558244707fff,8a7558244717fff,8a755824471ffff",3
41231709#0,-41231513#2,0.4,0.4,0.1,0.9,0.9,0.1,0.55,0.55,0.55,0.55,0.55,0.8,0.3,0.4499999999999999,0.0999999999999999,0.0999999999999999,0.4499999999999999,0.0,0.0999999999999999,0.4499999999999999,0.6,0.8,0.1999999999999999,"8a7558246a4ffff,8a7558240d1ffff,8a7558240d07fff,8a7558240d17fff,8a7558246a5ffff,8a7558240da7fff,8a7558240daffff,8a7558240c27fff,8a7558240d57fff,8a7558240d77fff,8a7558240d67fff,8a75582446dffff,8a75582446c7fff,8a755824461ffff,8a755824460ffff,8a7558244627fff,8a755824471ffff,8a7558244717fff",2
41231709#0,-41231513#2,0.9,0.9,0.4,0.6,0.4,0.5,0.55,0.55,0.55,0.55,0.55,0.4,0.7,0.4499999999999999,0.6,0.6,0.4499999999999999,0.5,0.6,0.4499999999999999,0.9,0.7,0.0,"8a7558246a4ffff,8a7558240d1ffff,8a7558240d07fff,8a7558240d17fff,8a7558240d37fff,8a755824469ffff,8a7558240d27fff,8a7558244687fff,8a75582446a7fff,8a755824478ffff,8a75582447affff,8a7558244637fff,8a755824471ffff,8a7558244627fff,8a7558244717fff",2
41231709#0,-41231513#2,0.3,0.3,0.6,0.4,0.4,1.0,0.55,0.55,0.55,0.55,0.55,0.4,0.7,0.4499999999999999,0.6,0.6,0.4499999999999999,0.3,0.6,0.4499999999999999,0.3,0.1999999999999999,0.7,"8a7558246a4ffff,8a7558240d1ffff,8a7558240d07fff,8a7558240d17fff,8a7558246a6ffff,8a755824469ffff,8a7558240d27fff,8a7558244687fff,8a75582446b7fff,8a7558244787fff,8a7558244797fff,8a75582447a7fff,8a75582447b7fff,8a7558244467fff,8a755824446ffff,8a755824409ffff,8a7558244707fff,8a7558244717fff,8a755824471ffff",3
41231709#0,-41231513#2,0.1999999999999999,0.1999999999999999,0.7,0.3,0.4,0.7,0.55,0.55,0.55,0.55,0.55,0.4,0.7,0.4499999999999999,0.6,0.6,0.4499999999999999,0.1999999999999999,0.6,0.4499999999999999,0.1999999999999999,0.5,0.0999999999999999,"8a7558246a4ffff,8a7558240d1ffff,8a7558240d07fff,8a7558240d17fff,8a7558246a67fff,8a755824469ffff,8a75582446b7fff,8a7558244787fff,8a75582447a7fff,8a75582447b7fff,8a7558244467fff,8a7558244097fff,8a755824409ffff,8a7558244737fff,8a755824446ffff,8a75582447affff,8a7558244637fff,8a755824471ffff,8a7558244627fff,8a7558244717fff",3
41231709#0,-41231513#2,0.0999999999999999,0.0999999999999999,0.5,0.5,0.4,0.4,0.55,0.55,0.55,0.55,0.55,0.9,0.2,0.4499999999999999,0.1999999999999999,0.1999999999999999,0.4499999999999999,0.7,0.1999999999999999,0.4499999999999999,0.0999999999999999,0.4,0.5,"8a7558246a4ffff,8a7558240d1ffff,8a7558240d07fff,8a7558240d37fff,8a755824469ffff,8a7558246a6ffff,8a7558246a5ffff,8a7558240da7fff,8a7558240daffff,8a7558240c27fff,8a7558240d57fff,8a7558240d77fff,8a7558240d27fff,8a75582446b7fff,8a7558244787fff,8a7558244797fff,8a75582447a7fff,8a7558244467fff,8a7558244097fff,8a755824409ffff,8a7558244707fff,8a7558244717fff,8a755824471ffff",1
41231709#0,-41231513#2,0.7,0.7,0.2,0.8,0.4,0.3,0.55,0.55,0.55,0.55,0.55,1.0,0.1,0.4499999999999999,0.0,0.0,0.4499999999999999,0.4,0.0,0.4499999999999999,0.7,0.9,0.3,"8a7558246a4ffff,8a7558240d1ffff,8a7558240d07fff,8a7558240d37fff,8a755824469ffff,8a7558240d27fff,8a7558240d77fff,8a7558240d57fff,8a7558240d67fff,8a7558240d47fff,8a7558240997fff,8a75582446c7fff,8a75582446e7fff,8a755824461ffff,8a755824460ffff,8a7558244627fff,8a755824471ffff,8a7558244717fff",0
41231709#0,-41231513#2,0.6,0.6,0.3,0.7,0.4,0.2,0.55,0.55,0.55,0.55,0.55,0.4,0.7,0.4499999999999999,0.6,0.6,0.4499999999999999,0.8,0.6,0.4499999999999999,0.5,0.6,0.4,"8a7558246a4ffff,8a7558240d1ffff,8a7558240d07fff,8a7558240d37fff,8a755824469ffff,8a7558240d27fff,8a7558244687fff,8a75582446a7fff,8a755824478ffff,8a75582447affff,8a75582447a7fff,8a755824446ffff,8a7558244467fff,8a7558244097fff,8a755824409ffff,8a7558244707fff,8a7558244717fff,8a755824471ffff",2
41231709#0,-41231513#2,0.5,0.5,0.9,0.0999999999999999,0.4,0.9,0.55,0.55,0.55,0.55,0.55,0.4,0.7,0.4499999999999999,0.6,0.6,0.4499999999999999,0.0999999999999999,0.6,0.4499999999999999,0.4,0.0,0.8,"8a7558246a4ffff,8a7558240d1ffff,8a7558240d07fff,8a7558240d17fff,8a7558240d37fff,8a755824469ffff,8a75582446b7fff,8a7558244787fff,8a75582447a7fff,8a7558244467fff,8a7558244097fff,8a755824409ffff,8a7558244707fff,8a7558244717fff,8a755824471ffff",3
41231709#0,-41231513#2,0.0,0.0,0.8,0.1999999999999999,0.4,0.6,0.55,0.55,0.55,0.55,0.55,0.4,0.7,0.4499999999999999,0.6,0.6,0.4499999999999999,0.6,0.6,0.4499999999999999,0.0,0.3,0.6,"8a7558246a4ffff,8a7558240d1ffff,8a7558240d07fff,8a7558240d37fff,8a755824469ffff,8a75582446b7fff,8a7558244787fff,8a7558244797fff,8a75582447a7fff,8a7558244467fff,8a7558244097fff,8a755824409ffff,8a7558244737fff,8a755824446ffff,8a75582447affff,8a7558244637fff,8a7558244617fff,8a755824461ffff,8a755824468ffff,8a75582446dffff,8a75582446c7fff,8a755824460ffff,8a7558244627fff,8a755824471ffff,8a7558244717fff",3
-1020092142,-174375407#2,0.4,0.4,1.0,0.0,0.4499999999999999,0.9,0.55,0.55,0.35,0.9,0.6,0.7,0.2,0.65,0.6,0.7,0.4499999999999999,0.7,0.4,0.5,0.4,0.0,0.9,"8a7558244467fff,8a7558244477fff,8a75582447b7fff,8a75582447a7fff,8a7558244797fff,8a7558244787fff,8a75582446b7fff,8a755824469ffff,8a7558240d27fff,8a7558240d77fff,8a7558240d57fff,8a7558240d47fff,8a7558240c67fff,8a7558240c07fff,8a7558240c37fff,8a7558240c17fff,8a7558240cb7fff,8a755824634ffff,8a7558246277fff,8a75582462e7fff,8a75582462c7fff,8a75582462d7fff,8a7558242927fff,8a7558242937fff,8a755824664ffff,8a755824665ffff,8a75582429a7fff,8a75582429affff,8a755824291ffff",3
-1020092142,-174375407#2,0.7,0.8,0.4,0.6,0.4499999999999999,0.4,0.55,0.55,0.35,0.5,1.0,0.8,0.6,0.65,0.0999999999999999,0.1999999999999999,0.4499999999999999,0.6,0.1999999999999999,0.0999999999999999,0.8,0.9,0.0,"8a7558244467fff,8a755824446ffff,8a755824409ffff,8a7558244707fff,8a7558244717fff,8a755824471ffff,8a7558244637fff,8a7558244617fff,8a755824461ffff,8a755824468ffff,8a75582446d7fff,8a7558240d27fff,8a7558240d77fff,8a7558240d67fff,8a7558240d57fff,8a7558240c27fff,8a7558240c37fff,8a7558240c17fff,8a7558240cb7fff,8a755824634ffff,8a7558246277fff,8a75582462e7fff,8a75582462c7fff,8a75582462d7fff,8a7558242927fff,8a7558242937fff,8a755824664ffff,8a7558246647fff,8a755824665ffff,8a75582429a7fff,8a75582429affff,8a755824291ffff",0
-1020092142,-174375407#2,0.6,0.7,0.5,0.5,0.4499999999999999,0.7,0.55,0.55,0.9,0.6,0.5,0.15,0.5,0.0999999999999999,0.4,0.4,0.4499999999999999,0.9,0.6,0.1999999999999999,0.7,0.8,0.0999999999999999,"8a7558244467fff,8a755824446ffff,8a75582447a7fff,8a75582447affff,8a755824478ffff,8a75582446a7fff,8a7558244687fff,8a75582446b7fff,8a755824469ffff,8a7558246a6ffff,8a7558246a4ffff,8a7558246a5ffff,8a7558240da7fff,8a7558240daffff,8a7558240d1ffff,8a7558240c27fff,8a7558240c37fff,8a7558240c17fff,8a7558240cb7fff,8a755824634ffff,8a7558246277fff,8a75582462e7fff,8a75582462c7fff,8a75582462d7fff,8a7558242927fff,8a7558242937fff,8a755824664ffff,8a755824665ffff,8a75582429a7fff,8a75582429affff,8a755824291ffff",2
-1020092142,-174375407#2,0.3,0.3,0.9,0.1999999999999999,0.4499999999999999,0.8,0.55,0.55,0.8,0.8,0.2,0.9,0.4,0.1999999999999999,0.3,0.0999999999999999,0.4499999999999999,0.1999999999999999,0.0999999999999999,0.6,0.3,0.6,0.4,"8a7558244467fff,8a7558244097fff,8a755824409ffff,8a755824446ffff,8a7558244737fff,8a7558244707fff,8a7558244717fff,8a755824471ffff,8a7558244627fff,8a755824460ffff,8a755824461ffff,8a75582446c7fff,8a7558240d67fff,8a7558240d77fff,8a7558240d57fff,8a7558240d47fff,8a7558240c67fff,8a7558240c07fff,8a7558240c37fff,8a7558240c17fff,8a7558240cb7fff,8a755824634ffff,8a7558246277fff,8a75582462e7fff,8a75582462c7fff,8a75582462d7fff,8a7558242927fff,8a7558242937fff,8a755824664ffff,8a7558246647fff,8a755824665ffff,8a75582429a7fff,8a75582429affff,8a755824291ffff",1
-1020092142,-174375407#2,0.9,0.9,0.7,0.4,0.4499999999999999,0.6,0.55,0.55,1.0,0.7,0.8,0.3,0.3,0.0,0.0,0.0,0.4499999999999999,0.5,0.0,0.0,0.9,0.4,0.1999999999999999,"8a7558244467fff,8a755824446ffff,8a75582447a7fff,8a7558244787fff,8a75582446b7fff,8a755824469ffff,8a7558240d27fff,8a7558240d77fff,8a7558240d57fff,8a7558240c27fff,8a7558240c37fff,8a7558240c17fff,8a7558240cb7fff,8a755824634ffff,8a7558246277fff,8a75582462e7fff,8a75582462c7fff,8a75582462d7fff,8a7558242927fff,8a7558242937fff,8a755824664ffff,8a7558246647fff,8a755824665ffff,8a75582429a7fff,8a75582429affff,8a755824291ffff",0
-1020092142,-174375407#2,0.0,0.0,0.3,0.9,0.4499999999999999,0.2,0.55,0.55,0.7,0.2,0.1,0.4,1.0,0.3,0.7,0.3,0.4499999999999999,0.4,0.5,0.9,0.0,0.3,0.5,"8a7558244467fff,8a7558244477fff,8a75582447b7fff,8a75582447a7fff,8a7558244097fff,8a755824409ffff,8a755824446ffff,8a75582447affff,8a7558244637fff,8a7558244617fff,8a755824461ffff,8a755824468ffff,8a75582446d7fff,8a7558240d27fff,8a7558240d77fff,8a75582446dffff,8a75582446c7fff,8a7558240d67fff,8a7558240d57fff,8a7558240c27fff,8a7558240c37fff,8a7558240c17fff,8a7558240cb7fff,8a755824634ffff,8a7558246277fff,8a75582462e7fff,8a75582462c7fff,8a75582462d7fff,8a7558242927fff,8a7558242937fff,8a755824664ffff,8a755824665ffff,8a75582429a7fff,8a75582429affff,8a755824291ffff",4
-1020092142,-174375407#2,0.0999999999999999,0.0999999999999999,0.2,0.7,0.4499999999999999,0.1,0.55,0.55,0.35,0.1,0.3,0.5,0.9,0.65,0.9,0.9,0.4499999999999999,0.0999999999999999,0.8,0.8,0.0999999999999999,0.1999999999999999,0.8,"8a7558244467fff,8a7558244477fff,8a75582447b7fff,8a75582447a7fff,8a7558244797fff,8a7558244787fff,8a755824446ffff,8a7558244737fff,8a755824409ffff,8a7558244707fff,8a7558244717fff,8a755824471ffff,8a7558244627fff,8a755824460ffff,8a755824461ffff,8a75582446c7fff,8a7558240d67fff,8a7558240d77fff,8a7558240d57fff,8a7558240c27fff,8a7558240c37fff,8a7558240c17fff,8a7558240cb7fff,8a755824634ffff,8a7558246277fff,8a75582462e7fff,8a75582462c7fff,8a75582462d7fff,8a7558242927fff,8a7558242937fff,8a755824664ffff,8a755824665ffff,8a75582429a7fff,8a75582429affff,8a755824291ffff",4
-1020092142,-174375407#2,0.8,0.5,0.8,0.0999999999999999,0.4499999999999999,1.0,0.55,0.55,0.35,1.0,0.7,1.0,0.1,0.65,0.5,0.6,0.4499999999999999,0.8,0.3,0.4,0.5,0.7,0.3,"8a7558244467fff,8a755824446ffff,8a75582447a7fff,8a75582447affff,8a7558244637fff,8a7558244617fff,8a755824461ffff,8a755824468ffff,8a75582446d7fff,8a7558240d27fff,8a7558240d77fff,8a7558240d67fff,8a7558240d57fff,8a7558240d47fff,8a7558240c67fff,8a7558240c07fff,8a7558240c37fff,8a7558240c17fff,8a7558240cb7fff,8a755824634ffff,8a7558246277fff,8a75582462e7fff,8a75582462c7fff,8a75582462d7fff,8a7558242927fff,8a7558242937fff,8a755824664ffff,8a755824665ffff,8a75582429a7fff,8a75582429affff,8a755824291ffff",0
-1020092142,-174375407#2,0.5,0.6,0.6,0.3,0.4499999999999999,0.5,0.55,0.55,0.35,0.4,0.9,0.15,0.7,0.65,0.1999999999999999,0.5,0.4499999999999999,0.3,0.9,0.3,0.6,0.0999999999999999,0.6,"8a7558244467fff,8a7558244477fff,8a75582447b7fff,8a75582447a7fff,8a7558244797fff,8a7558244787fff,8a75582446b7fff,8a755824469ffff,8a7558246a6ffff,8a7558246a4ffff,8a7558246a5ffff,8a7558240da7fff,8a7558240daffff,8a7558240d1ffff,8a7558240c27fff,8a7558240c37fff,8a7558240c17fff,8a7558240cb7fff,8a755824634ffff,8a7558246277fff,8a75582462e7fff,8a75582462c7fff,8a75582462d7fff,8a7558242927fff,8a7558242937fff,8a755824664ffff,8a7558246647fff,8a755824665ffff,8a75582429a7fff,8a75582429affff,8a755824291ffff",3
-1020092142,-174375407#2,0.1999999999999999,0.1999999999999999,0.1,0.8,0.4499999999999999,0.3,0.55,0.55,0.35,0.3,0.4,0.6,0.8,0.65,0.8,0.8,0.4499999999999999,0.0,0.7,0.7,0.1999999999999999,0.5,0.7,"8a7558244467fff,8a755824446ffff,8a75582447a7fff,8a7558244787fff,8a75582446b7fff,8a755824469ffff,8a7558240d27fff,8a7558244687fff,8a75582446a7fff,8a755824478ffff,8a75582447affff,8a7558244637fff,8a7558244617fff,8a755824461ffff,8a755824468ffff,8a75582446dffff,8a75582446c7fff,8a7558240d67fff,8a7558240d77fff,8a7558240d57fff,8a7558240c27fff,8a7558240c37fff,8a7558240c17fff,8a7558240cb7fff,8a755824634ffff,8a7558246277fff,8a75582462e7fff,8a75582462c7fff,8a75582462d7fff,8a7558242927fff,8a7558242937fff,8a755824664ffff,8a755824665ffff,8a75582429a7fff,8a75582429affff,8a755824291ffff",4
79119293#1,23881170,0.9,0.9,0.15,0.85,0.8,0.2,0.55,0.55,0.55,0.5,0.55,0.8,0.3,0.4499999999999999,0.0999999999999999,0.0,0.4499999999999999,0.0,0.0,0.4499999999999999,0.9,0.0,0.8,"8a755824468ffff,8a75582446d7fff,8a7558240d77fff,8a7558240d67fff,8a7558240d27fff,8a7558244687fff",2
79119293#1,23881170,0.5,0.4,0.6,0.4,0.35,0.8,0.55,0.55,0.55,0.5,0.55,0.35,0.75,0.4499999999999999,0.65,0.65,0.4499999999999999,0.4,0.65,0.4499999999999999,0.4,0.6,0.3,"8a755824468ffff,8a75582446d7fff,8a7558240d27fff,8a7558240d77fff,8a75582446dffff,8a75582446c7fff,8a75582446e7fff,8a755824461ffff,8a755824460ffff,8a7558244627fff,8a755824471ffff,8a7558244637fff,8a75582447affff,8a755824478ffff,8a75582446a7fff,8a7558244687fff,8a75582446b7fff,8a755824469ffff",3
79119293#1,23881170,0.6,0.6,1.0,0.0,0.0,1.0,0.55,0.55,0.55,1.0,0.55,1.0,0.1,0.4499999999999999,0.0,0.0999999999999999,0.4499999999999999,0.9,0.0999999999999999,0.4499999999999999,0.6,0.8,0.0,"8a755824468ffff,8a75582446d7fff,8a7558240d27fff,8a7558240d77fff,8a7558240d67fff,8a7558240d57fff,8a7558240d47fff,8a7558240c67fff,8a7558240c07fff,8a7558240c37fff,8a7558240c27fff,8a7558240d1ffff,8a7558240daffff,8a7558240da7fff,8a7558246a5ffff,8a7558246a4ffff,8a7558246a6ffff,8a755824469ffff,8a7558244687fff",0
79119293#1,23881170,0.0,0.0,0.4,0.6,0.35,0.4,0.55,0.55,0.55,0.5,0.55,0.35,0.75,0.4499999999999999,0.65,0.65,0.4499999999999999,0.0999999999999999,0.65,0.4499999999999999,0.0,0.3,0.6,"8a755824468ffff,8a75582446d7fff,8a7558240d27fff,8a7558240d77fff,8a7558240d67fff,8a7558240d47fff,8a7558240997fff,8a75582446c7fff,8a755824461ffff,8a755824460ffff,8a7558244627fff,8a755824471ffff,8a7558244717fff,8a7558244707fff,8a755824409ffff,8a755824446ffff,8a7558244467fff,8a7558244477fff,8a75582447b7fff,8a75582447a7fff,8a7558244787fff,8a75582446b7fff,8a755824469ffff,8a7558244687fff",4
79119293#1,23881170,0.3,0.3,0.3,0.7,0.8,0.2,0.55,0.55,0.55,0.5,0.55,0.35,0.75,0.4499999999999999,0.65,0.65,0.4499999999999999,0.6,0.65,0.4499999999999999,0.3,0.1999999999999999,0.5,"8a755824468ffff,8a75582446d7fff,8a7558240d77fff,8a7558240d67fff,8a75582446c7fff,8a755824461ffff,8a755824460ffff,8a7558244627fff,8a755824471ffff,8a7558244637fff,8a75582447affff,8a7558244737fff,8a755824409ffff,8a755824446ffff,8a75582447a7fff,8a7558244787fff,8a75582446b7fff,8a755824469ffff,8a7558240d27fff,8a7558244687fff",4
79119293#1,23881170,0.8,0.8,0.15,0.85,0.8,0.2,0.55,0.55,0.55,0.5,0.55,0.7,0.4,0.4499999999999999,0.1999999999999999,0.1999999999999999,0.4499999999999999,0.1999999999999999,0.1999999999999999,0.4499999999999999,0.8,0.0999999999999999,0.9,"8a755824468ffff,8a75582446d7fff,8a7558240d27fff,8a7558240d77fff,8a75582446dffff,8a75582446c7fff,8a7558240d67fff,8a7558244687fff",2
79119293#1,23881170,0.4,0.5,0.8,0.1999999999999999,0.35,0.9,0.55,0.55,0.55,0.5,0.55,0.35,0.75,0.4499999999999999,0.65,0.65,0.4499999999999999,0.3,0.65,0.4499999999999999,0.5,0.4,0.4,"8a755824468ffff,8a75582446d7fff,8a7558240d27fff,8a7558240d77fff,8a7558240d67fff,8a75582446c7fff,8a755824461ffff,8a7558244617fff,8a7558244637fff,8a75582447affff,8a755824478ffff,8a75582446a7fff,8a7558244687fff,8a75582446b7fff,8a755824469ffff",3
79119293#1,23881170,0.7,0.7,0.7,0.3,0.35,0.6,0.55,0.55,0.55,0.5,0.55,0.9,0.2,0.4499999999999999,0.3,0.3,0.4499999999999999,0.7,0.3,0.4499999999999999,0.7,0.9,0.0999999999999999,"8a755824468ffff,8a75582446d7fff,8a7558240d77fff,8a7558240d67fff,8a7558240d57fff,8a7558240c27fff,8a7558240d1ffff,8a7558240daffff,8a7558240da7fff,8a7558246a5ffff,8a7558246a4ffff,8a7558246a67fff,8a7558246a6ffff,8a755824469ffff,8a7558240d27fff,8a7558244687fff",0
79119293#1,23881170,0.1999999999999999,0.1999999999999999,0.5,0.5,0.35,0.5,0.55,0.55,0.55,0.5,0.55,0.35,0.75,0.4499999999999999,0.65,0.65,0.4499999999999999,0.5,0.65,0.4499999999999999,0.1999999999999999,0.5,0.7,"8a755824468ffff,8a75582446d7fff,8a7558240d27fff,8a7558240d77fff,8a75582446dffff,8a75582446c7fff,8a755824461ffff,8a755824460ffff,8a7558244627fff,8a755824471ffff,8a7558244707fff,8a755824409ffff,8a7558244737fff,8a755824446ffff,8a75582447a7fff,8a7558244787fff,8a75582446b7fff,8a755824469ffff,8a7558244687fff",4
79119293#1,23881170,0.0999999999999999,0.0999999999999999,0.9,0.0999999999999999,0.35,0.7,0.55,0.55,0.55,0.5,0.55,0.35,0.75,0.4499999999999999,0.65,0.65,0.4499999999999999,0.8,0.65,0.4499999999999999,0.0999999999999999,0.7,0.1999999999999999,"8a755824468ffff,8a75582446d7fff,8a7558240d27fff,8a7558240d77fff,8a7558240d67fff,8a7558240d47fff,8a7558240997fff,8a75582446c7fff,8a755824461ffff,8a755824460ffff,8a7558244627fff,8a755824471ffff,8a7558244717fff,8a7558244707fff,8a755824409ffff,8a755824446ffff,8a75582447a7fff,8a75582447affff,8a755824478ffff,8a75582446a7fff,8a7558244687fff,8a75582446b7fff,8a755824469ffff",3
57680124,-561133140#1,0.9,0.9,0.1,0.9,0.75,0.25,0.55,0.55,0.55,0.55,0.55,0.4,0.7,0.4499999999999999,0.6,0.6,0.4499999999999999,0.9,0.6,0.4499999999999999,0.9,0.9,0.0,"8a75582446a7fff,8a755824478ffff,8a75582447affff,8a7558244637fff,8a755824471ffff,8a7558244627fff",2
57680124,-561133140#1,0.3,0.1999999999999999,0.5,0.5,0.25,0.5,0.55,0.55,0.55,0.55,0.55,0.8,0.3,0.4499999999999999,0.1999999999999999,0.1999999999999999,0.4499999999999999,0.4,0.1999999999999999,0.4499999999999999,0.1999999999999999,0.3,0.4,"8a75582446a7fff,8a755824478ffff,8a7558244687fff,8a75582446b7fff,8a755824469ffff,8a7558246a6ffff,8a7558246a4ffff,8a7558246a5ffff,8a7558240da7fff,8a7558240daffff,8a7558240d1ffff,8a7558240c27fff,8a7558240d57fff,8a7558240d77fff,8a7558240d67fff,8a75582446c7fff,8a755824461ffff,8a755824460ffff,8a7558244627fff,8a755824471ffff",1
57680124,-561133140#1,0.0999999999999999,0.0999999999999999,0.8,0.1999999999999999,0.25,0.6,0.55,0.55,0.55,0.55,0.55,0.4,0.7,0.4499999999999999,0.6,0.6,0.4499999999999999,0.1999999999999999,0.6,0.4499999999999999,0.0999999999999999,0.7,0.7,"8a75582446a7fff,8a755824478ffff,8a7558244687fff,8a75582446b7fff,8a7558244787fff,8a75582447a7fff,8a75582447affff,8a7558244737fff,8a755824409ffff,8a7558244707fff,8a7558244717fff,8a755824471ffff,8a7558244637fff,8a7558244617fff,8a755824461ffff,8a755824468ffff,8a75582446dffff,8a75582446c7fff,8a75582446e7fff,8a755824460ffff,8a7558244627fff",3
57680124,-561133140#1,0.1999999999999999,0.3,0.25,0.75,0.75,0.25,0.55,0.55,0.55,0.55,0.55,0.4,0.7,0.4499999999999999,0.6,0.6,0.4499999999999999,0.7,0.6,0.4499999999999999,0.3,0.0999999999999999,0.9,"8a75582446a7fff,8a755824478ffff,8a75582447affff,8a7558244637fff,8a7558244617fff,8a755824461ffff,8a755824468ffff,8a75582446d7fff,8a7558240d27fff,8a7558240d77fff,8a75582446dffff,8a75582446c7fff,8a7558240d67fff,8a7558240d47fff,8a7558240997fff,8a75582446cffff,8a755824460ffff,8a7558244627fff,8a755824471ffff",4
57680124,-561133140#1,0.8,0.8,0.25,0.75,0.75,0.25,0.55,0.55,0.55,0.55,0.55,0.4,0.7,0.4499999999999999,0.6,0.6,0.4499999999999999,0.5,0.6,0.4499999999999999,0.8,0.8,0.0999999999999999,"8a75582446a7fff,8a755824478ffff,8a75582447affff,8a75582447a7fff,8a755824446ffff,8a7558244467fff,8a7558244097fff,8a755824409ffff,8a7558244707fff,8a7558244717fff,8a755824471ffff,8a7558244627fff",2
57680124,-561133140#1,0.5,0.5,0.6,0.4,0.25,0.7,0.55,0.55,0.55,0.55,0.55,1.0,0.1,0.4499999999999999,0.0,0.0,0.4499999999999999,0.0999999999999999,0.0,0.4499999999999999,0.5,0.0,0.3,"8a75582446a7fff,8a755824478ffff,8a7558244687fff,8a75582446b7fff,8a755824469ffff,8a7558240d27fff,8a7558240d77fff,8a7558240d57fff,8a7558240d67fff,8a75582446c7fff,8a755824461ffff,8a7558244617fff,8a7558244637fff,8a755824471ffff,8a7558244627fff",1
57680124,-561133140#1,0.7,0.7,1.0,0.0,0.25,1.0,0.55,0.55,0.55,0.55,0.55,0.4,0.7,0.4499999999999999,0.6,0.6,0.4499999999999999,0.8,0.6,0.4499999999999999,0.7,0.1999999999999999,0.1999999999999999,"8a75582446a7fff,8a755824478ffff,8a7558244687fff,8a75582446b7fff,8a7558244787fff,8a75582447a7fff,8a7558244467fff,8a755824446ffff,8a75582447affff,8a7558244637fff,8a755824471ffff,8a7558244627fff",3
57680124,-561133140#1,0.6,0.6,0.7,0.3,0.25,0.8,0.55,0.55,0.55,0.55,0.55,0.4,0.7,0.4499999999999999,0.6,0.6,0.4499999999999999,0.6,0.6,0.4499999999999999,0.6,0.5,0.6,"8a75582446a7fff,8a755824478ffff,8a7558244687fff,8a75582446b7fff,8a7558244787fff,8a75582447a7fff,8a75582447b7fff,8a7558244467fff,8a755824446ffff,8a7558244737fff,8a755824409ffff,8a7558244707fff,8a7558244717fff,8a755824471ffff,8a7558244627fff",3
57680124,-561133140#1,0.4,0.4,0.9,0.0999999999999999,0.25,0.9,0.55,0.55,0.55,0.55,0.55,0.9,0.2,0.4499999999999999,0.0999999999999999,0.0999999999999999,0.4499999999999999,0.0,0.0999999999999999,0.4499999999999999,0.4,0.4,0.5,"8a75582446a7fff,8a755824478ffff,8a7558244687fff,8a75582446b7fff,8a755824469ffff,8a7558240d27fff,8a7558240d77fff,8a7558240d57fff,8a7558240d67fff,8a75582446dffff,8a75582446c7fff,8a75582446e7fff,8a755824461ffff,8a755824460ffff,8a7558244627fff,8a755824471ffff",1
57680124,-561133140#1,0.0,0.0,0.4,0.6,0.75,0.25,0.55,0.55,0.55,0.55,0.55,0.4,0.7,0.4499999999999999,0.6,0.6,0.4499999999999999,0.3,0.6,0.4499999999999999,0.0,0.6,0.8,"8a75582446a7fff,8a755824478ffff,8a75582447affff,8a7558244737fff,8a755824446ffff,8a755824409ffff,8a7558244707fff,8a7558244717fff,8a755824471ffff,8a7558244637fff,8a7558244617fff,8a755824461ffff,8a755824468ffff,8a75582446d7fff,8a7558240d27fff,8a7558240d77fff,8a7558240d67fff,8a75582446c7fff,8a755824460ffff,8a7558244627fff",4
-57680132#1,57099580,0.8,0.9,0.8,0.7,0.7,0.7,0.55,0.55,1.0,0.9,0.55,0.5,0.1,0.5,0.9,0.8,0.0,0.9,0.9,0.1999999999999999,0.9,0.8,0.1999999999999999,"8a755824664ffff,8a755824665ffff,8a75582466effff,8a75582466c7fff,8a75582466f7fff,8a75582466affff,8a7558246687fff,8a7558246697fff,8a7558255b4ffff,8a7558255b5ffff,8a7558255b47fff,8a7558255b57fff",2
-57680132#1,57099580,0.0999999999999999,0.0,0.7,0.0,0.15,1.0,0.55,0.55,0.1,0.1,0.55,0.5,1.0,0.9,0.4,0.5,0.9,0.4,0.4,0.5,0.0,0.0999999999999999,0.8,"8a755824664ffff,8a7558246647fff,8a755824665ffff,8a75582466effff,8a75582466c7fff,8a75582466f7fff,8a75582466affff,8a7558246687fff,8a7558246697fff,8a7558255a67fff,8a7558255a77fff,8a7558255aa7fff,8a755825516ffff,8a7558255a37fff,8a7558255b57fff,8a7558255b5ffff,8a7558255b4ffff,8a7558255b47fff",3
-57680132#1,57099580,0.1999999999999999,0.1999999999999999,0.4,0.9,0.7,0.1,0.55,0.55,0.3,0.2,0.55,0.5,0.8,0.6,0.8,0.9,0.6,0.7,0.8,0.9,0.1999999999999999,0.1999999999999999,0.7,"8a755824664ffff,8a755824665ffff,8a75582466effff,8a75582466c7fff,8a75582466f7fff,8a75582466affff,8a7558246687fff,8a7558246697fff,8a75582466b7fff,8a755824679ffff,8a7558246797fff,8a75582464cffff,8a75582464c7fff,8a75582464f7fff,8a755824648ffff,8a7558255b07fff,8a7558255b2ffff,8a7558255b77fff,8a7558255b47fff,8a7558255b57fff",4
-57680132#1,57099580,0.5,0.3,0.1,0.4,0.4,0.2,0.55,0.55,0.6,0.6,0.55,1.0,0.3,0.4,0.5,0.1999999999999999,0.7,0.1999999999999999,0.3,0.8,0.3,0.9,0.0,"8a755824664ffff,8a755824665ffff,8a75582466effff,8a75582466c7fff,8a75582466f7fff,8a75582466affff,8a7558246687fff,8a75582466a7fff,8a755824678ffff,8a755824679ffff,8a75582466b7fff,8a7558246697fff,8a7558255b4ffff,8a7558255b5ffff,8a7558255b47fff,8a7558255b57fff",1
-57680132#1,57099580,0.3,0.7,0.2,0.3,0.15,0.5,0.55,0.55,0.5,1.0,0.55,0.5,0.5,0.0,0.3,0.4,0.1999999999999999,0.6,0.0999999999999999,0.0,0.7,0.6,0.6,"8a755824664ffff,8a755824665ffff,8a75582466effff,8a75582466c7fff,8a75582466f7fff,8a75582466affff,8a7558246687fff,8a7558246697fff,8a7558255a67fff,8a7558255b4ffff,8a7558255b5ffff,8a7558255b47fff,8a7558255b57fff",0
-57680132#1,57099580,0.7,0.4,0.9,0.6,0.7,0.4,0.55,0.55,0.7,0.3,0.55,0.5,0.6,0.3,0.0999999999999999,0.0999999999999999,0.5,0.0999999999999999,0.1999999999999999,0.7,0.4,0.3,0.3,"8a755824664ffff,8a7558246647fff,8a755824665ffff,8a75582466effff,8a75582466c7fff,8a75582466f7fff,8a75582466affff,8a7558246687fff,8a7558246697fff,8a75582466b7fff,8a755824679ffff,8a7558255b6ffff,8a7558255b4ffff,8a7558255b5ffff,8a7558255b47fff,8a7558255b57fff",0
-57680132#1,57099580,0.4,0.6,0.3,0.1999999999999999,0.15,0.6,0.55,0.55,0.4,0.8,0.55,0.5,0.7,0.0999999999999999,0.0,0.0,0.3,0.0,0.0,0.0999999999999999,0.6,0.5,0.4,"8a755824664ffff,8a7558246647fff,8a755824665ffff,8a75582466effff,8a75582466c7fff,8a75582466f7fff,8a75582466affff,8a7558246687fff,8a7558246697fff,8a7558255a67fff,8a7558255b4ffff,8a7558255b5ffff,8a7558255b47fff,8a7558255b57fff",1
-57680132#1,57099580,0.9,0.8,1.0,0.5,0.7,0.8,0.55,0.55,0.9,0.5,0.55,0.5,0.2,0.7,0.1999999999999999,0.3,0.0999999999999999,0.3,0.7,0.3,0.8,0.7,0.0999999999999999,"8a755824664ffff,8a7558246647fff,8a755824665ffff,8a75582466effff,8a75582466c7fff,8a75582466f7fff,8a75582466affff,8a7558246687fff,8a7558246697fff,8a7558255b4ffff,8a7558255b5ffff,8a7558255b47fff,8a7558255b57fff",0
-57680132#1,57099580,0.6,0.5,0.6,0.8,0.7,0.3,0.55,0.55,0.8,0.7,0.55,0.5,0.4,0.1999999999999999,0.6,0.6,0.4,0.5,0.6,0.6,0.5,0.4,0.5,"8a755824664ffff,8a755824665ffff,8a75582466effff,8a75582466c7fff,8a75582466f7fff,8a75582466affff,8a7558246687fff,8a7558246697fff,8a75582466b7fff,8a755824679ffff,8a7558255b6ffff,8a7558255b4ffff,8a7558255b5ffff,8a7558255b47fff,8a7558255b57fff",2
-57680132#1,57099580,0.0,0.0999999999999999,0.5,0.0999999999999999,0.15,0.9,0.55,0.55,0.2,0.4,0.55,0.5,0.9,0.8,0.7,0.7,0.8,0.8,0.5,0.4,0.0999999999999999,0.0,0.9,"8a755824664ffff,8a755824665ffff,8a75582466effff,8a75582466c7fff,8a75582466f7fff,8a75582466affff,8a7558246687fff,8a7558246697fff,8a7558255a67fff,8a7558255a77fff,8a7558255aa7fff,8a755825516ffff,8a7558255a37fff,8a7558255b57fff,8a7558255b5ffff,8a7558255b4ffff,8a7558255b47fff",3
-174375407#3,-1020092143,0.9,0.9,1.0,0.0,0.4499999999999999,1.0,0.55,0.55,0.55,1.0,1.0,1.0,0.1,0.4499999999999999,0.0,0.0,0.4499999999999999,0.9,0.0,0.0,0.9,0.0,0.9,"8a75582429affff,8a75582429a7fff,8a755824665ffff,8a755824664ffff,8a7558242937fff,8a7558242927fff,8a75582462d7fff,8a75582462c7fff,8a75582462e7fff,8a7558246277fff,8a755824634ffff,8a7558240cb7fff,8a7558240c17fff,8a7558240c37fff,8a7558240c27fff,8a7558240d57fff,8a7558240d77fff,8a7558240d27fff,8a7558244687fff,8a75582446b7fff,8a7558244787fff,8a75582447a7fff,8a75582447b7fff,8a7558244467fff,8a7558244477fff",0
-174375407#3,-1020092143,0.4,0.4,0.3,0.9,0.4499999999999999,0.4,0.55,0.55,0.55,0.4,0.5,0.2,0.7,0.4499999999999999,0.8,0.9,0.4499999999999999,0.5,0.9,0.5,0.4,0.6,0.3,"8a75582429affff,8a75582429a7fff,8a755824665ffff,8a755824664ffff,8a7558242937fff,8a7558242927fff,8a75582462d7fff,8a75582462c7fff,8a75582462e7fff,8a7558246277fff,8a755824634ffff,8a7558240cb7fff,8a7558240c17fff,8a7558240c37fff,8a7558240c27fff,8a7558240d1ffff,8a7558240daffff,8a7558240da7fff,8a7558246a5ffff,8a7558246a4ffff,8a7558246a6ffff,8a755824469ffff,8a7558240d27fff,8a7558244687fff,8a75582446a7fff,8a755824478ffff,8a75582447affff,8a75582447a7fff,8a755824446ffff,8a7558244737fff,8a755824409ffff,8a7558244097fff,8a7558244467fff,8a7558244477fff",4
-174375407#3,-1020092143,0.3,0.3,0.2,0.7,0.4499999999999999,0.3,0.55,0.55,0.55,0.5,0.4,0.6,0.6,0.4499999999999999,0.3,0.3,0.4499999999999999,0.3,0.3,0.6,0.3,0.7,0.0,"8a75582429affff,8a75582429a7fff,8a755824665ffff,8a755824664ffff,8a7558242937fff,8a7558242927fff,8a75582462d7fff,8a75582462c7fff,8a75582462e7fff,8a7558246277fff,8a755824634ffff,8a7558240cb7fff,8a7558240c17fff,8a7558240c37fff,8a7558240c27fff,8a7558240d57fff,8a7558240d77fff,8a7558240d67fff,8a7558240d47fff,8a7558240997fff,8a75582446c7fff,8a755824461ffff,8a7558244617fff,8a7558244637fff,8a755824471ffff,8a7558244627fff,8a7558244707fff,8a7558244717fff,8a755824409ffff,8a7558244097fff,8a7558244467fff,8a7558244477fff",2
-174375407#3,-1020092143,0.7,0.7,0.9,0.0999999999999999,0.4499999999999999,0.9,0.55,0.55,0.55,0.9,0.8,0.2,0.2,0.4499999999999999,0.6,0.7,0.4499999999999999,0.0,0.7,0.1999999999999999,0.7,0.4,0.4,"8a75582429affff,8a75582429a7fff,8a755824665ffff,8a755824664ffff,8a7558242937fff,8a7558242927fff,8a75582462d7fff,8a75582462c7fff,8a75582462e7fff,8a7558246277fff,8a755824634ffff,8a7558240cb7fff,8a7558240c17fff,8a7558240c37fff,8a7558240c27fff,8a7558240d1ffff,8a7558240daffff,8a7558240da7fff,8a7558246a5ffff,8a7558246a4ffff,8a7558240d37fff,8a755824469ffff,8a75582446b7fff,8a7558244787fff,8a75582447a7fff,8a7558244467fff,8a7558244477fff",3
-174375407#3,-1020092143,0.8,0.8,0.45,0.55,0.4499999999999999,0.7,0.55,0.55,0.55,0.8,0.9,0.8,0.3,0.4499999999999999,0.0999999999999999,0.0999999999999999,0.4499999999999999,0.8,0.0999999999999999,0.0999999999999999,0.8,0.5,0.0999999999999999,"8a75582429affff,8a75582429a7fff,8a755824665ffff,8a755824664ffff,8a7558242937fff,8a7558242927fff,8a75582462d7fff,8a75582462c7fff,8a75582462e7fff,8a7558246277fff,8a755824634ffff,8a7558240cb7fff,8a7558240c17fff,8a7558240c37fff,8a7558240c27fff,8a7558240d57fff,8a7558240d77fff,8a7558240d67fff,8a75582446c7fff,8a755824461ffff,8a755824460ffff,8a7558244627fff,8a755824471ffff,8a7558244637fff,8a75582447affff,8a75582447a7fff,8a755824446ffff,8a7558244467fff,8a7558244477fff",0
-174375407#3,-1020092143,0.6,0.5,0.45,0.55,0.4499999999999999,0.6,0.55,0.55,0.55,0.6,0.6,0.7,0.4,0.4499999999999999,0.1999999999999999,0.1999999999999999,0.4499999999999999,0.6,0.1999999999999999,0.4,0.5,0.8,0.1999999999999999,"8a75582429affff,8a75582429a7fff,8a755824665ffff,8a755824664ffff,8a7558242937fff,8a7558242927fff,8a75582462d7fff,8a75582462c7fff,8a75582462e7fff,8a7558246277fff,8a755824634ffff,8a7558240cb7fff,8a7558240c17fff,8a7558240c37fff,8a7558240c27fff,8a7558240d57fff,8a7558240d77fff,8a7558240d67fff,8a75582446dffff,8a75582446c7fff,8a75582446e7fff,8a755824461ffff,8a7558244617fff,8a7558244637fff,8a75582447affff,8a7558244737fff,8a755824409ffff,8a7558244097fff,8a7558244467fff,8a7558244477fff",0
-174375407#3,-1020092143,0.0,0.0,0.1,0.8,0.4499999999999999,0.1,0.55,0.55,0.55,0.1,0.1,0.9,1.0,0.4499999999999999,0.9,0.6,0.4499999999999999,0.7,0.6,0.9,0.0,0.0999999999999999,0.7,"8a75582429affff,8a75582429a7fff,8a755824665ffff,8a755824664ffff,8a7558242937fff,8a7558242927fff,8a75582462d7fff,8a75582462c7fff,8a75582462e7fff,8a7558246277fff,8a755824634ffff,8a7558240cb7fff,8a7558240c17fff,8a7558240c37fff,8a7558240c27fff,8a7558240d57fff,8a7558240d77fff,8a7558240d27fff,8a7558244687fff,8a75582446a7fff,8a755824478ffff,8a75582447affff,8a7558244637fff,8a755824471ffff,8a7558244627fff,8a7558244717fff,8a7558244707fff,8a755824409ffff,8a7558244737fff,8a755824446ffff,8a75582447a7fff,8a7558244787fff,8a7558244797fff,8a7558244467fff,8a7558244477fff",4
-174375407#3,-1020092143,0.0999999999999999,0.0999999999999999,0.6,0.4,0.4499999999999999,0.2,0.55,0.55,0.55,0.2,0.2,0.4,0.9,0.4499999999999999,0.5,0.5,0.4499999999999999,0.0999999999999999,0.5,0.8,0.0999999999999999,0.9,0.6,"8a75582429affff,8a75582429a7fff,8a755824665ffff,8a755824664ffff,8a7558242937fff,8a7558242927fff,8a75582462d7fff,8a75582462c7fff,8a75582462e7fff,8a7558246277fff,8a755824634ffff,8a7558240cb7fff,8a7558240c17fff,8a7558240c37fff,8a7558240c27fff,8a7558240d57fff,8a7558240d77fff,8a7558240d67fff,8a7558240d47fff,8a7558240997fff,8a75582446cffff,8a75582446c7fff,8a75582446e7fff,8a755824461ffff,8a755824460ffff,8a7558244627fff,8a755824471ffff,8a7558244707fff,8a755824408ffff,8a75582440affff,8a7558244087fff,8a755824409ffff,8a7558244737fff,8a755824446ffff,8a7558244467fff,8a7558244477fff",4
-174375407#3,-1020092143,0.5,0.6,0.8,0.3,0.4499999999999999,0.8,0.55,0.55,0.55,0.7,0.7,0.2,0.5,0.4499999999999999,0.7,0.8,0.4499999999999999,0.1999999999999999,0.8,0.3,0.6,0.1999999999999999,0.5,"8a75582429affff,8a75582429a7fff,8a755824665ffff,8a755824664ffff,8a7558242937fff,8a7558242927fff,8a75582462d7fff,8a75582462c7fff,8a75582462e7fff,8a7558246277fff,8a755824634ffff,8a7558240cb7fff,8a7558240c17fff,8a7558240c37fff,8a7558240c27fff,8a7558240d1ffff,8a7558240daffff,8a7558240da7fff,8a7558246a5ffff,8a7558246a4ffff,8a7558246a67fff,8a7558246a6ffff,8a755824469ffff,8a75582446b7fff,8a7558244787fff,8a7558244797fff,8a75582447a7fff,8a75582447b7fff,8a7558244467fff,8a7558244477fff",3
-174375407#3,-1020092143,0.1999999999999999,0.1999999999999999,0.7,0.1999999999999999,0.4499999999999999,0.5,0.55,0.55,0.55,0.3,0.3,0.5,0.8,0.4499999999999999,0.4,0.4,0.4499999999999999,0.4,0.4,0.7,0.1999999999999999,0.3,0.8,"8a75582429affff,8a75582429a7fff,8a755824665ffff,8a755824664ffff,8a7558242937fff,8a7558242927fff,8a75582462d7fff,8a75582462c7fff,8a75582462e7fff,8a7558246277fff,8a755824634ffff,8a7558240cb7fff,8a7558240c17fff,8a7558240c37fff,8a7558240c27fff,8a7558240d57fff,8a7558240d77fff,8a7558240d67fff,8a75582446c7fff,8a755824461ffff,8a7558244617fff,8a7558244637fff,8a75582447affff,8a755824478ffff,8a75582446a7fff,8a7558244687fff,8a75582446b7fff,8a7558244787fff,8a7558244797fff,8a75582447a7fff,8a75582447b7fff,8a7558244467fff,8a7558244477fff",3
-22561652#2,-561133140#1,0.9,0.9,0.9,0.5,0.7,0.5,0.55,0.55,0.7,1.0,0.2,0.2,0.6,0.1999999999999999,0.1999999999999999,0.0,0.7,0.9,0.1999999999999999,0.0,0.9,0.7,0.1999999999999999,"8a75582466f7fff,8a75582466c7fff,8a75582466effff,8a755824665ffff,8a755824664ffff,8a7558242937fff,8a7558242927fff,8a75582462d7fff,8a75582462c7fff,8a75582462e7fff,8a7558246277fff,8a755824634ffff,8a7558240cb7fff,8a7558240c17fff,8a7558240c37fff,8a7558240c27fff,8a7558240d57fff,8a7558240d77fff,8a7558240d67fff,8a75582446c7fff,8a755824461ffff,8a755824460ffff,8a7558244627fff,8a755824471ffff",0
-22561652#2,-561133140#1,0.0,0.0,0.1,0.3,0.05,0.6,0.55,0.55,0.9,0.4,0.6,0.6,0.3,0.0,0.0,0.5,0.4,0.4,0.4,0.5,0.0,0.4,0.7,"8a75582466c7fff,8a75582466f7fff,8a75582466affff,8a7558246687fff,8a7558246697fff,8a7558255a67fff,8a7558255b4ffff,8a75582466b7fff,8a755824679ffff,8a7558246797fff,8a75582464cffff,8a75582464c7fff,8a75582464f7fff,8a755824648ffff,8a7558255b07fff,8a7558255867fff,8a755825595ffff,8a7558255937fff,8a7558273667fff,8a7558273767fff,8a75582730d7fff,8a75582733b7fff,8a755827305ffff,8a7558273337fff,8a7558273327fff,8a7558246d37fff,8a7558246d27fff,8a75582712e7fff,8a7558271257fff,8a7558244c87fff,8a7558244c27fff,8a75582440c7fff,8a7558244767fff,8a7558244627fff,8a755824471ffff",1
-22561652#2,-561133140#1,0.4,0.3,1.0,0.1999999999999999,0.35,0.9,0.55,0.55,0.8,0.2,0.9,1.0,0.2,0.8,0.4,0.8,0.0,0.0999999999999999,0.8,0.85,0.3,0.0,0.8,"8a75582466c7fff,8a75582466f7fff,8a75582466affff,8a7558246687fff,8a7558246697fff,8a7558255b4ffff,8a7558255b5ffff,8a7558255b47fff,8a7558255b77fff,8a7558255b2ffff,8a7558255b07fff,8a755824648ffff,8a75582464f7fff,8a75582464affff,8a7558255967fff,8a75582732f7fff,8a755827338ffff,8a75582733affff,8a7558273337fff,8a7558273a87fff,8a7558273aaffff,8a7558273a0ffff,8a7558246d27fff,8a75582712e7fff,8a7558271257fff,8a7558244c87fff,8a7558244c27fff,8a75582440c7fff,8a7558244767fff,8a7558244627fff,8a755824471ffff",3
-22561652#2,-561133140#1,0.3,0.4,0.2,0.0999999999999999,0.1999999999999999,0.7,0.55,0.55,0.1,0.2,1.0,0.7,0.5,0.7,0.3,0.6,0.1999999999999999,0.0,0.6,0.85,0.4,0.0999999999999999,0.5,"8a75582466c7fff,8a75582466f7fff,8a75582466affff,8a7558246687fff,8a75582466a7fff,8a755824678ffff,8a755824679ffff,8a7558246797fff,8a75582464cffff,8a75582464c7fff,8a75582464f7fff,8a75582464affff,8a7558255967fff,8a75582732f7fff,8a755827338ffff,8a75582733affff,8a7558273337fff,8a7558273327fff,8a7558246d37fff,8a7558246d27fff,8a75582712e7fff,8a7558271257fff,8a7558244c87fff,8a7558244c27fff,8a75582440c7fff,8a7558244767fff,8a7558244627fff,8a755824471ffff",3
-22561652#2,-561133140#1,0.8,0.8,0.6,0.7,0.7,0.3,0.55,0.55,0.6,0.9,0.2,0.1,0.7,0.3,0.9,0.4,0.7,0.6,0.7,0.0999999999999999,0.8,0.9,0.0,"8a75582466f7fff,8a75582466c7fff,8a75582466effff,8a755824665ffff,8a755824664ffff,8a7558242937fff,8a7558242927fff,8a75582462d7fff,8a75582462c7fff,8a75582462e7fff,8a7558246277fff,8a755824634ffff,8a7558240cb7fff,8a7558240c17fff,8a7558240c37fff,8a7558240c27fff,8a7558240d1ffff,8a7558240daffff,8a7558240da7fff,8a7558246a5ffff,8a7558246a4ffff,8a7558246a67fff,8a7558246a6ffff,8a755824469ffff,8a7558240d27fff,8a7558244687fff,8a75582446a7fff,8a755824478ffff,8a75582447affff,8a7558244637fff,8a755824471ffff,8a7558244627fff",2
-22561652#2,-561133140#1,0.6,0.6,0.4,0.9,0.7,0.2,0.55,0.55,0.4,0.7,0.5,0.4,0.9,0.5,0.5,0.0999999999999999,0.7,0.7,0.0,0.3,0.6,0.5,0.3,"8a75582466f7fff,8a75582466c7fff,8a75582466effff,8a755824665ffff,8a755824664ffff,8a7558242937fff,8a7558242927fff,8a75582462d7fff,8a75582462c7fff,8a75582462e7fff,8a7558246277fff,8a755824634ffff,8a7558240cb7fff,8a7558240c17fff,8a7558240c37fff,8a7558240c27fff,8a7558240d57fff,8a7558240d77fff,8a7558240d27fff,8a755824469ffff,8a75582446b7fff,8a7558244787fff,8a75582447a7fff,8a7558244467fff,8a7558244097fff,8a755824409ffff,8a7558244707fff,8a7558244717fff,8a755824471ffff,8a7558244627fff",2
-22561652#2,-561133140#1,0.0999999999999999,0.1999999999999999,0.3,0.0,0.05,0.8,0.55,0.55,0.2,0.5,0.8,0.9,0.4,0.0999999999999999,0.0999999999999999,0.7,0.3,0.3,0.5,0.6,0.1999999999999999,0.3,0.6,"8a75582466c7fff,8a75582466f7fff,8a75582466affff,8a7558246687fff,8a7558246697fff,8a7558255a67fff,8a7558255b4ffff,8a75582466b7fff,8a755824679ffff,8a7558246797fff,8a75582464cffff,8a75582464c7fff,8a75582464f7fff,8a75582464affff,8a7558255967fff,8a75582732f7fff,8a755827338ffff,8a75582733affff,8a7558273337fff,8a7558273a87fff,8a7558273aaffff,8a7558273a0ffff,8a7558246d27fff,8a75582712e7fff,8a7558271257fff,8a7558244c87fff,8a7558244c27fff,8a75582440c7fff,8a7558244767fff,8a7558244627fff,8a755824471ffff",1
-22561652#2,-561133140#1,0.5,0.5,0.5,0.8,0.7,0.1,0.55,0.55,0.3,0.6,0.4,0.3,1.0,0.6,0.7,0.1999999999999999,0.7,0.5,0.0999999999999999,0.4,0.5,0.8,0.4,"8a75582466f7fff,8a75582466c7fff,8a75582466effff,8a755824665ffff,8a755824664ffff,8a7558242937fff,8a7558242927fff,8a75582462d7fff,8a75582462c7fff,8a75582462e7fff,8a7558246277fff,8a755824634ffff,8a7558240cb7fff,8a7558240c17fff,8a7558240c37fff,8a7558240c27fff,8a7558240d1ffff,8a7558240daffff,8a7558240da7fff,8a7558246a5ffff,8a7558246a4ffff,8a7558240d07fff,8a7558240d37fff,8a755824469ffff,8a7558240d27fff,8a7558240d77fff,8a7558240d57fff,8a7558240d67fff,8a75582446c7fff,8a75582446e7fff,8a755824461ffff,8a755824460ffff,8a7558244627fff,8a755824471ffff",2
-22561652#2,-561133140#1,0.1999999999999999,0.0999999999999999,0.7,0.4,0.35,1.0,0.55,0.55,1.0,0.2,0.7,0.8,0.1,0.9,0.8,0.9,0.0999999999999999,0.1999999999999999,0.9,0.7,0.0999999999999999,0.1999999999999999,0.9,"8a75582466c7fff,8a75582466f7fff,8a75582466affff,8a7558246687fff,8a7558246697fff,8a7558255b4ffff,8a7558255b5ffff,8a7558255b47fff,8a7558255b77fff,8a7558255b2ffff,8a7558255b07fff,8a7558255867fff,8a755825595ffff,8a7558255937fff,8a7558273667fff,8a7558273767fff,8a75582730d7fff,8a75582733b7fff,8a755827305ffff,8a7558273337fff,8a7558273a87fff,8a7558273aaffff,8a7558273a0ffff,8a7558246d27fff,8a75582712e7fff,8a7558271257fff,8a7558244c87fff,8a7558244c27fff,8a75582440c7fff,8a7558244767fff,8a7558244627fff,8a755824471ffff",3
-22561652#2,-561133140#1,0.7,0.7,0.8,0.6,0.7,0.4,0.55,0.55,0.5,0.8,0.2,0.5,0.8,0.4,0.6,0.3,0.7,0.8,0.3,0.1999999999999999,0.7,0.6,0.0999999999999999,"8a75582466f7fff,8a75582466c7fff,8a75582466effff,8a755824665ffff,8a755824664ffff,8a7558242937fff,8a7558242927fff,8a75582462d7fff,8a75582462c7fff,8a75582462e7fff,8a7558246277fff,8a755824634ffff,8a7558240cb7fff,8a7558240c17fff,8a7558240c37fff,8a7558240c27fff,8a7558240d57fff,8a7558240d77fff,8a7558240d27fff,8a7558244687fff,8a75582446b7fff,8a7558244787fff,8a75582447a7fff,8a75582447affff,8a7558244637fff,8a755824471ffff,8a7558244627fff",2
-1157449878#1,41273139,0.9,0.9,0.2,0.8,0.8,0.2,0.55,0.55,0.55,0.55,0.55,0.4,0.7,0.4499999999999999,0.6,0.6,0.4499999999999999,0.9,0.6,0.4499999999999999,0.9,0.9,0.8,"8a75582446b7fff,8a7558244787fff,8a75582447a7fff,8a755824446ffff,8a7558244737fff,8a755824409ffff,8a7558244707fff,8a7558244717fff,8a755824471ffff,8a755824408ffff",2
-1157449878#1,41273139,0.1999999999999999,0.1999999999999999,0.6,0.4,0.3,1.0,0.55,0.55,0.55,0.55,0.55,0.9,0.2,0.4499999999999999,0.0999999999999999,0.0999999999999999,0.4499999999999999,0.0999999999999999,0.0999999999999999,0.4499999999999999,0.0999999999999999,0.5,0.3,"8a7558244787fff,8a75582446b7fff,8a755824469ffff,8a7558246a6ffff,8a7558246a4ffff,8a7558246a5ffff,8a7558240da7fff,8a7558240daffff,8a7558240d1ffff,8a7558240c27fff,8a7558240d57fff,8a7558240d77fff,8a7558240d67fff,8a75582446c7fff,8a755824461ffff,8a755824460ffff,8a7558244627fff,8a755824471ffff,8a7558244707fff,8a755824408ffff",1
-1157449878#1,41273139,0.0999999999999999,0.0999999999999999,0.5,0.5,0.3,0.4,0.55,0.55,0.55,0.55,0.55,0.4,0.7,0.4499999999999999,0.6,0.6,0.4499999999999999,0.0,0.6,0.4499999999999999,0.1999999999999999,0.7,0.4,"8a75582446b7fff,8a7558244787fff,8a7558244797fff,8a75582447a7fff,8a7558244467fff,8a7558244097fff,8a755824409ffff,8a7558244737fff,8a755824446ffff,8a75582447affff,8a7558244637fff,8a7558244617fff,8a755824461ffff,8a755824468ffff,8a75582446dffff,8a75582446c7fff,8a75582446e7fff,8a755824460ffff,8a7558244627fff,8a755824471ffff,8a7558244707fff,8a755824408ffff",4
-1157449878#1,41273139,0.7,0.5,0.2,0.8,0.8,0.2,0.55,0.55,0.55,0.55,0.55,0.4,0.7,0.4499999999999999,0.6,0.6,0.4499999999999999,0.8,0.6,0.4499999999999999,0.5,0.0999999999999999,0.0999999999999999,"8a7558244787fff,8a75582446b7fff,8a755824469ffff,8a7558240d27fff,8a7558244687fff,8a75582446a7fff,8a755824478ffff,8a75582447affff,8a7558244637fff,8a755824471ffff,8a7558244627fff,8a7558244707fff,8a755824408ffff",2
-1157449878#1,41273139,0.4,0.4,0.75,0.25,0.3,0.8,0.55,0.55,0.55,0.55,0.55,1.0,0.1,0.4499999999999999,0.0,0.0,0.4499999999999999,0.5,0.0,0.4499999999999999,0.4,0.0,0.5,"8a7558244787fff,8a75582446b7fff,8a755824469ffff,8a7558240d27fff,8a7558240d77fff,8a7558240d57fff,8a7558240d67fff,8a7558240d47fff,8a7558240997fff,8a75582446cffff,8a755824460ffff,8a7558244627fff,8a755824471ffff,8a7558244707fff,8a755824408ffff",1
-1157449878#1,41273139,0.3,0.3,0.75,0.25,0.3,0.7,0.55,0.55,0.55,0.55,0.55,0.4,0.7,0.4499999999999999,0.6,0.6,0.4499999999999999,0.3,0.6,0.4499999999999999,0.3,0.1999999999999999,0.7,"8a7558244787fff,8a75582446b7fff,8a755824469ffff,8a7558240d27fff,8a7558244687fff,8a75582446a7fff,8a755824478ffff,8a75582447affff,8a7558244737fff,8a755824446ffff,8a755824409ffff,8a7558244707fff,8a7558244717fff,8a755824471ffff,8a755824408ffff",3
-1157449878#1,41273139,0.5,0.8,0.2,0.8,0.8,0.2,0.55,0.55,0.55,0.55,0.55,0.4,0.7,0.4499999999999999,0.6,0.6,0.4499999999999999,0.4,0.6,0.4499999999999999,0.8,0.3,0.9,"8a75582446b7fff,8a7558244787fff,8a7558244797fff,8a75582447a7fff,8a75582447b7fff,8a7558244467fff,8a7558244097fff,8a755824409ffff,8a7558244707fff,8a7558244717fff,8a755824471ffff,8a755824408ffff",2
-1157449878#1,41273139,0.8,0.6,0.9,0.0999999999999999,0.3,0.5,0.55,0.55,0.55,0.55,0.55,0.4,0.7,0.4499999999999999,0.6,0.6,0.4499999999999999,0.7,0.6,0.4499999999999999,0.6,0.4,0.0,"8a75582446b7fff,8a7558244787fff,8a75582447a7fff,8a7558244467fff,8a755824446ffff,8a75582447affff,8a7558244637fff,8a755824471ffff,8a7558244627fff,8a7558244707fff,8a755824408ffff",3
-1157449878#1,41273139,0.6,0.7,1.0,0.0,0.3,0.6,0.55,0.55,0.55,0.55,0.55,0.4,0.7,0.4499999999999999,0.6,0.6,0.4499999999999999,0.6,0.6,0.4499999999999999,0.7,0.8,0.6,"8a75582446b7fff,8a7558244787fff,8a7558244797fff,8a75582447a7fff,8a75582447affff,8a7558244737fff,8a755824446ffff,8a755824409ffff,8a7558244707fff,8a7558244717fff,8a755824471ffff,8a755824408ffff",3
-1157449878#1,41273139,0.0,0.0,0.4,0.6,0.3,0.9,0.55,0.55,0.55,0.55,0.55,0.8,0.3,0.4499999999999999,0.1999999999999999,0.1999999999999999,0.4499999999999999,0.1999999999999999,0.1999999999999999,0.4499999999999999,0.0,0.6,0.1999999999999999,"8a7558244787fff,8a75582446b7fff,8a755824469ffff,8a7558246a6ffff,8a7558246a4ffff,8a7558246a5ffff,8a7558240da7fff,8a7558240daffff,8a7558240d1ffff,8a7558240c27fff,8a7558240d57fff,8a7558240d77fff,8a7558240d67fff,8a75582446c7fff,8a755824461ffff,8a7558244617fff,8a7558244637fff,8a75582447affff,8a75582447a7fff,8a755824446ffff,8a755824409ffff,8a7558244707fff,8a7558244717fff,8a755824471ffff,8a755824408ffff",1
57680147,57392554#0,0.9,0.9,0.4,0.6,0.4499999999999999,0.6,0.55,0.55,1.0,0.5,0.9,0.55,0.2,0.0,0.3,0.3,0.4499999999999999,0.7,0.0999999999999999,0.1999999999999999,0.9,0.4,0.3,"8a7558240407fff,8a7558240417fff,8a7558240597fff,8a755824296ffff,8a755824291ffff,8a75582429affff,8a75582429a7fff,8a755824665ffff,8a75582466effff,8a75582466c7fff,8a7558242d47fff",0
57680147,57392554#0,0.7,0.7,1.0,0.0,0.4499999999999999,1.0,0.55,0.55,0.8,0.7,1.0,0.55,0.1,0.1999999999999999,0.0,0.0,0.4499999999999999,0.3,0.0,0.0,0.7,0.3,0.1999999999999999,"8a7558240407fff,8a7558240417fff,8a755824040ffff,8a75582404e7fff,8a75582404f7fff,8a755824296ffff,8a755824291ffff,8a75582429affff,8a75582429a7fff,8a755824665ffff,8a755824664ffff,8a7558246647fff,8a75582466effff,8a75582466c7fff,8a7558242d47fff",0
57680147,57392554#0,0.0,0.0,0.1,0.9,0.4499999999999999,0.1,0.55,0.55,0.1,0.1,0.7,0.55,0.7,0.9,0.1999999999999999,0.1999999999999999,0.4499999999999999,0.0999999999999999,0.1999999999999999,0.9,0.0,0.6,0.5,"8a7558240407fff,8a7558240417fff,8a7558240597fff,8a75582405b7fff,8a755824625ffff,8a755824624ffff,8a7558240517fff,8a755824051ffff,8a7558240437fff,8a755824040ffff,8a75582404e7fff,8a75582404f7fff,8a755824296ffff,8a755824291ffff,8a75582429affff,8a75582429a7fff,8a755824665ffff,8a75582466effff,8a75582466c7fff,8a7558242d47fff",4
57680147,57392554#0,0.4,0.5,0.6,0.4,0.4499999999999999,0.8,0.55,0.55,0.6,0.9,0.4,0.55,0.6,0.4,0.6,0.6,0.4499999999999999,0.5,0.6,0.5,0.5,0.8,0.0999999999999999,"8a7558240407fff,8a7558240417fff,8a755824040ffff,8a7558240437fff,8a755824051ffff,8a755824625ffff,8a75582405b7fff,8a7558240597fff,8a755824296ffff,8a755824291ffff,8a75582429affff,8a75582429a7fff,8a755824665ffff,8a755824664ffff,8a75582466effff,8a75582466c7fff,8a7558242d47fff",3
57680147,57392554#0,0.1999999999999999,0.1999999999999999,0.8,0.1999999999999999,0.4499999999999999,0.5,0.55,0.55,0.3,0.8,0.1,0.55,0.9,0.7,0.8,0.8,0.4499999999999999,0.8,0.8,0.7,0.1999999999999999,0.0999999999999999,0.7,"8a7558240407fff,8a7558240417fff,8a7558240597fff,8a75582405b7fff,8a755824040ffff,8a75582404e7fff,8a75582404f7fff,8a75582404affff,8a755824296ffff,8a755824291ffff,8a75582429affff,8a75582429a7fff,8a755824665ffff,8a755824664ffff,8a75582466effff,8a75582466c7fff,8a7558242d47fff",3
57680147,57392554#0,0.8,0.8,0.5,0.5,0.4499999999999999,0.4,0.55,0.55,0.9,0.4,0.6,0.55,0.4,0.0999999999999999,0.4,0.4,0.4499999999999999,0.6,0.4,0.3,0.8,0.5,0.6,"8a7558240407fff,8a7558240417fff,8a755824040ffff,8a75582404e7fff,8a75582404f7fff,8a75582404affff,8a755824296ffff,8a755824291ffff,8a75582429affff,8a75582429a7fff,8a755824665ffff,8a75582466effff,8a75582466c7fff,8a7558242d47fff",2
57680147,57392554#0,0.6,0.6,0.9,0.0999999999999999,0.4499999999999999,0.9,0.55,0.55,0.7,1.0,0.5,0.55,0.3,0.3,0.5,0.5,0.4499999999999999,0.9,0.5,0.4,0.6,0.7,0.4,"8a7558240407fff,8a7558240417fff,8a755824040ffff,8a75582404e7fff,8a7558240597fff,8a755824296ffff,8a755824291ffff,8a75582429affff,8a75582429a7fff,8a755824665ffff,8a755824664ffff,8a75582466effff,8a75582466c7fff,8a7558242d47fff",0
57680147,57392554#0,0.0999999999999999,0.0999999999999999,0.2,0.8,0.4499999999999999,0.2,0.55,0.55,0.2,0.2,0.2,0.55,1.0,0.8,0.9,0.9,0.4499999999999999,0.1999999999999999,0.9,0.8,0.0999999999999999,0.1999999999999999,0.9,"8a7558240407fff,8a7558240417fff,8a7558240597fff,8a75582405b7fff,8a7558240437fff,8a755824040ffff,8a75582404e7fff,8a755824296ffff,8a755824291ffff,8a75582429affff,8a75582429a7fff,8a755824665ffff,8a75582466effff,8a75582466c7fff,8a7558242d47fff",4
57680147,57392554#0,0.3,0.3,0.3,0.7,0.4499999999999999,0.3,0.55,0.55,0.4,0.3,0.8,0.55,0.5,0.6,0.7,0.7,0.4499999999999999,0.4,0.7,0.6,0.3,0.0,0.8,"8a7558240407fff,8a7558240417fff,8a7558240597fff,8a75582405b7fff,8a755824040ffff,8a75582404e7fff,8a75582404f7fff,8a755824296ffff,8a755824291ffff,8a75582429affff,8a75582429a7fff,8a755824665ffff,8a75582466effff,8a75582466c7fff,8a7558242d47fff",4
57680147,57392554#0,0.5,0.4,0.7,0.3,0.4499999999999999,0.7,0.55,0.55,0.5,0.6,0.3,0.55,0.8,0.5,0.0999999999999999,0.0999999999999999,0.4499999999999999,0.0,0.3,0.0999999999999999,0.4,0.9,0.0,"8a7558240407fff,8a7558240417fff,8a755824040ffff,8a7558240437fff,8a755824051ffff,8a7558240517fff,8a755824624ffff,8a755824625ffff,8a75582405b7fff,8a7558240597fff,8a755824296ffff,8a755824291ffff,8a75582429affff,8a75582429a7fff,8a755824665ffff,8a755824664ffff,8a7558246647fff,8a75582466effff,8a75582466c7fff,8a7558242d47fff",0
-41231513#2,79119284#5,0.9,0.9,0.15,0.85,0.75,0.25,0.55,0.55,0.55,0.55,0.55,0.4,0.7,0.4499999999999999,0.6,0.6,0.4499999999999999,0.9,0.6,0.4499999999999999,0.9,0.9,0.0,"8a7558244717fff,8a755824471ffff,8a7558244627fff",2
-41231513#2,79119284#5,0.0,0.0,1.0,0.0,0.25,0.9,0.55,0.55,0.55,0.55,0.55,0.8,0.3,0.4499999999999999,0.1999999999999999,0.1999999999999999,0.4499999999999999,0.0999999999999999,0.1999999999999999,0.4499999999999999,0.0,0.4,0.6,"8a755824471ffff,8a7558244717fff,8a7558244707fff,8a755824409ffff,8a7558244737fff,8a755824446ffff,8a7558244097fff,8a7558244467fff,8a7558244477fff,8a75582447b7fff,8a75582447a7fff,8a75582447affff,8a755824478ffff,8a75582446a7fff,8a7558244687fff,8a75582446b7fff,8a755824469ffff,8a7558240d27fff,8a7558240d77fff,8a7558240d57fff,8a7558240d67fff,8a7558240d47fff,8a7558240997fff,8a75582446cffff,8a755824460ffff,8a755824461ffff,8a7558244617fff,8a7558244637fff,8a7558244627fff",1
-41231513#2,79119284#5,0.8,0.8,0.9,0.0999999999999999,0.25,0.8,0.55,0.55,0.55,0.55,0.55,0.4,0.7,0.4499999999999999,0.6,0.6,0.4499999999999999,0.8,0.6,0.4499999999999999,0.8,0.8,0.0999999999999999,"8a7558244717fff,8a755824471ffff,8a7558244707fff,8a755824409ffff,8a755824446ffff,8a75582447a7fff,8a75582447affff,8a7558244637fff,8a7558244627fff",3
-41231513#2,79119284#5,0.4,0.4,0.3,0.7,0.75,0.25,0.55,0.55,0.55,0.55,0.55,0.4,0.7,0.4499999999999999,0.6,0.6,0.4499999999999999,0.6,0.6,0.4499999999999999,0.3,0.1999999999999999,0.7,"8a755824471ffff,8a7558244717fff,8a7558244707fff,8a755824409ffff,8a7558244097fff,8a7558244467fff,8a755824446ffff,8a75582447a7fff,8a7558244787fff,8a75582446b7fff,8a755824469ffff,8a7558240d27fff,8a7558244687fff,8a75582446a7fff,8a755824478ffff,8a75582447affff,8a7558244637fff,8a7558244627fff",2
-41231513#2,79119284#5,0.5,0.5,0.5,0.5,0.25,0.5,0.55,0.55,0.55,0.55,0.55,0.4,0.7,0.4499999999999999,0.6,0.6,0.4499999999999999,0.3,0.6,0.4499999999999999,0.4,0.7,0.1999999999999999,"8a755824471ffff,8a7558244717fff,8a7558244707fff,8a755824409ffff,8a7558244737fff,8a755824446ffff,8a75582447a7fff,8a75582447affff,8a7558244637fff,8a7558244617fff,8a755824461ffff,8a755824468ffff,8a75582446dffff,8a75582446c7fff,8a75582446e7fff,8a755824460ffff,8a7558244627fff",2
-41231513#2,79119284#5,0.0999999999999999,0.0999999999999999,0.4,0.6,0.75,0.25,0.55,0.55,0.55,0.55,0.55,0.9,0.2,0.4499999999999999,0.0999999999999999,0.0999999999999999,0.4499999999999999,0.0,0.0999999999999999,0.4499999999999999,0.0999999999999999,0.0999999999999999,0.8,"8a755824471ffff,8a7558244717fff,8a7558244707fff,8a755824409ffff,8a7558244737fff,8a755824446ffff,8a7558244097fff,8a7558244467fff,8a7558244477fff,8a75582447b7fff,8a75582447a7fff,8a7558244787fff,8a75582446b7fff,8a755824469ffff,8a7558240d27fff,8a7558240d77fff,8a7558240d57fff,8a7558240d67fff,8a75582446dffff,8a75582446c7fff,8a755824461ffff,8a755824460ffff,8a7558244627fff",1
-41231513#2,79119284#5,0.7,0.7,0.7,0.3,0.25,0.7,0.55,0.55,0.55,0.55,0.55,0.4,0.7,0.4499999999999999,0.6,0.6,0.4499999999999999,0.4,0.6,0.4499999999999999,0.6,0.3,0.5,"8a755824471ffff,8a7558244717fff,8a7558244707fff,8a755824409ffff,8a7558244737fff,8a755824446ffff,8a7558244467fff,8a7558244477fff,8a75582447b7fff,8a75582447a7fff,8a7558244797fff,8a7558244787fff,8a75582447affff,8a7558244637fff,8a7558244627fff",3
-41231513#2,79119284#5,0.3,0.3,0.8,0.1999999999999999,0.25,1.0,0.55,0.55,0.55,0.55,0.55,1.0,0.1,0.4499999999999999,0.0,0.0,0.4499999999999999,0.1999999999999999,0.0,0.4499999999999999,0.1999999999999999,0.5,0.3,"8a755824471ffff,8a7558244717fff,8a7558244707fff,8a755824409ffff,8a755824446ffff,8a75582447a7fff,8a75582447affff,8a755824478ffff,8a75582446a7fff,8a7558244687fff,8a75582446b7fff,8a755824469ffff,8a7558240d27fff,8a7558240d77fff,8a7558240d57fff,8a7558240d67fff,8a7558240d47fff,8a7558240997fff,8a75582446c7fff,8a755824461ffff,8a755824460ffff,8a7558244627fff",1
-41231513#2,79119284#5,0.1999999999999999,0.1999999999999999,0.15,0.85,0.75,0.25,0.55,0.55,0.55,0.55,0.55,0.4,0.7,0.4499999999999999,0.6,0.6,0.4499999999999999,0.5,0.6,0.4499999999999999,0.5,0.0,0.9,"8a7558244717fff,8a755824471ffff,8a7558244707fff,8a755824409ffff,8a7558244737fff,8a755824446ffff,8a7558244097fff,8a7558244467fff,8a7558244477fff,8a75582447b7fff,8a75582447a7fff,8a7558244797fff,8a7558244787fff,8a75582446b7fff,8a755824469ffff,8a7558240d27fff,8a7558244687fff,8a75582446a7fff,8a755824478ffff,8a75582447affff,8a7558244637fff,8a7558244627fff",4
-41231513#2,79119284#5,0.6,0.6,0.6,0.4,0.25,0.6,0.55,0.55,0.55,0.55,0.55,0.4,0.7,0.4499999999999999,0.6,0.6,0.4499999999999999,0.7,0.6,0.4499999999999999,0.7,0.6,0.4,"8a7558244717fff,8a755824471ffff,8a7558244707fff,8a755824409ffff,8a7558244737fff,8a755824446ffff,8a7558244097fff,8a7558244467fff,8a7558244477fff,8a75582447b7fff,8a75582447a7fff,8a75582447affff,8a7558244637fff,8a7558244627fff",2
57680106,-561134628#0,0.9,0.9,1.0,0.0,0.4499999999999999,1.0,0.55,0.55,0.55,1.0,0.8,0.5,0.1,0.4499999999999999,0.0,0.0,0.4499999999999999,0.9,0.0,0.0,0.9,0.4,0.8,"8a75582405b7fff,8a7558240437fff,8a7558240407fff,8a755824040ffff,8a75582404e7fff,8a7558240417fff,8a7558240597fff,8a755824296ffff,8a755824291ffff,8a75582429affff,8a75582429a7fff,8a755824665ffff,8a755824664ffff,8a7558242937fff,8a7558242927fff,8a75582462d7fff,8a75582462c7fff,8a75582462e7fff,8a7558246277fff,8a755824634ffff,8a7558240cb7fff,8a7558240c17fff,8a7558240c37fff,8a7558240c27fff,8a7558240d57fff,8a7558240d47fff",0
57680106,-561134628#0,0.8,0.8,0.4,0.7,0.4499999999999999,0.9,0.55,0.55,0.55,0.8,0.7,1.0,0.4,0.4499999999999999,0.0999999999999999,0.0999999999999999,0.4499999999999999,0.5,0.0999999999999999,0.0999999999999999,0.8,0.9,0.0,"8a75582405b7fff,8a7558240437fff,8a755824051ffff,8a755824625ffff,8a7558240597fff,8a755824296ffff,8a755824291ffff,8a75582429affff,8a75582429a7fff,8a755824665ffff,8a755824664ffff,8a7558242937fff,8a7558242927fff,8a75582462d7fff,8a75582462c7fff,8a75582462e7fff,8a7558246277fff,8a755824634ffff,8a7558240cb7fff,8a7558240c17fff,8a7558240c37fff,8a7558240c27fff,8a7558240d1ffff,8a7558240daffff,8a7558240da7fff,8a7558246a5ffff,8a7558246a4ffff,8a7558240d37fff,8a755824469ffff,8a7558240d27fff,8a7558240d77fff,8a7558240d57fff,8a7558240d47fff",0
57680106,-561134628#0,0.6,0.5,0.6,0.4,0.4499999999999999,0.8,0.55,0.55,0.55,0.7,0.4,0.9,0.6,0.4499999999999999,0.4,0.4,0.4499999999999999,0.1999999999999999,0.4,0.4,0.5,0.8,0.0999999999999999,"8a75582405b7fff,8a7558240437fff,8a7558240407fff,8a755824040ffff,8a75582404e7fff,8a75582404f7fff,8a75582404affff,8a755824296ffff,8a755824291ffff,8a75582429affff,8a75582429a7fff,8a755824665ffff,8a755824664ffff,8a7558242937fff,8a7558242927fff,8a75582462d7fff,8a75582462c7fff,8a75582462e7fff,8a7558246277fff,8a755824634ffff,8a7558240cb7fff,8a7558240c17fff,8a7558240c37fff,8a7558240c27fff,8a7558240d1ffff,8a7558240daffff,8a7558240da7fff,8a7558246a5ffff,8a7558246a4ffff,8a7558246a6ffff,8a755824469ffff,8a7558240d27fff,8a7558240d77fff,8a7558240d57fff,8a7558240d47fff",0
57680106,-561134628#0,0.5,0.4,0.5,0.5,0.4499999999999999,0.4,0.55,0.55,0.55,0.4,1.0,0.2,0.2,0.4499999999999999,0.5,0.5,0.4499999999999999,0.7,0.5,0.5,0.4,0.1999999999999999,0.5,"8a75582405b7fff,8a7558240437fff,8a755824051ffff,8a7558240517fff,8a755824624ffff,8a755824625ffff,8a7558240597fff,8a7558240417fff,8a755824040ffff,8a75582404e7fff,8a75582404f7fff,8a755824296ffff,8a755824291ffff,8a75582429affff,8a75582429a7fff,8a755824665ffff,8a755824664ffff,8a7558242937fff,8a7558242927fff,8a75582462d7fff,8a75582462c7fff,8a75582462e7fff,8a7558246277fff,8a755824634ffff,8a7558240cb7fff,8a7558240c17fff,8a7558240c37fff,8a7558240c27fff,8a7558240d57fff,8a7558240d47fff",2
57680106,-561134628#0,0.7,0.7,0.8,0.0999999999999999,0.4499999999999999,0.7,0.55,0.55,0.55,0.9,0.6,0.4,0.5,0.4499999999999999,0.1999999999999999,0.1999999999999999,0.4499999999999999,0.6,0.1999999999999999,0.1999999999999999,0.7,0.0999999999999999,0.6,"8a75582405b7fff,8a7558240437fff,8a755824051ffff,8a755824625ffff,8a7558240407fff,8a755824040ffff,8a7558240417fff,8a7558240597fff,8a755824296ffff,8a755824291ffff,8a75582429affff,8a75582429a7fff,8a755824665ffff,8a755824664ffff,8a7558242937fff,8a7558242927fff,8a75582462d7fff,8a75582462c7fff,8a75582462e7fff,8a7558246277fff,8a755824634ffff,8a7558240cb7fff,8a7558240c17fff,8a7558240c37fff,8a7558240c27fff,8a7558240d57fff,8a7558240d47fff",0
57680106,-561134628#0,0.1999999999999999,0.1999999999999999,0.3,0.6,0.4499999999999999,0.3,0.55,0.55,0.55,0.3,0.9,0.8,0.3,0.4499999999999999,0.7,0.7,0.4499999999999999,0.4,0.7,0.7,0.1999999999999999,0.6,0.3,"8a75582405b7fff,8a7558240437fff,8a7558240407fff,8a755824040ffff,8a75582404e7fff,8a75582404f7fff,8a755824296ffff,8a755824291ffff,8a75582429affff,8a75582429a7fff,8a755824665ffff,8a755824664ffff,8a7558242937fff,8a7558242927fff,8a75582462d7fff,8a75582462c7fff,8a75582462e7fff,8a7558246277fff,8a755824634ffff,8a7558240cb7fff,8a7558240c17fff,8a7558240c37fff,8a7558240c27fff,8a7558240d1ffff,8a7558240daffff,8a7558240da7fff,8a7558246a5ffff,8a7558246a4ffff,8a7558240d17fff,8a7558240d07fff,8a7558240d37fff,8a755824469ffff,8a7558240d27fff,8a7558240d77fff,8a7558240d57fff,8a7558240d47fff",4
57680106,-561134628#0,0.0,0.0,0.1,0.9,0.4499999999999999,0.1,0.55,0.55,0.55,0.1,0.1,0.6,1.0,0.4499999999999999,0.9,0.9,0.4499999999999999,0.0,0.9,0.9,0.0,0.5,0.4,"8a75582405b7fff,8a7558240437fff,8a755824051ffff,8a7558240517fff,8a755824624ffff,8a755824625ffff,8a7558240407fff,8a755824040ffff,8a75582404e7fff,8a7558240417fff,8a7558240597fff,8a755824296ffff,8a755824291ffff,8a75582429affff,8a75582429a7fff,8a755824665ffff,8a755824664ffff,8a7558242937fff,8a7558242927fff,8a75582462d7fff,8a75582462c7fff,8a75582462e7fff,8a7558246277fff,8a755824634ffff,8a7558240cb7fff,8a7558240c17fff,8a7558240c37fff,8a7558240c27fff,8a7558240d1ffff,8a7558240daffff,8a7558240da7fff,8a7558246a5ffff,8a7558246a4ffff,8a7558246a6ffff,8a755824469ffff,8a7558240d27fff,8a7558240d77fff,8a7558240d57fff,8a7558240d47fff",4
57680106,-561134628#0,0.0999999999999999,0.0999999999999999,0.2,0.8,0.4499999999999999,0.2,0.55,0.55,0.55,0.2,0.2,0.7,0.9,0.4499999999999999,0.8,0.8,0.4499999999999999,0.0999999999999999,0.8,0.8,0.0999999999999999,0.7,0.1999999999999999,"8a75582405b7fff,8a7558240437fff,8a7558240407fff,8a755824040ffff,8a7558240417fff,8a7558240597fff,8a755824296ffff,8a755824291ffff,8a75582429affff,8a75582429a7fff,8a755824665ffff,8a755824664ffff,8a7558242937fff,8a7558242927fff,8a75582462d7fff,8a75582462c7fff,8a75582462e7fff,8a7558246277fff,8a755824634ffff,8a7558240cb7fff,8a7558240c17fff,8a7558240c37fff,8a7558240c27fff,8a7558240d1ffff,8a7558240daffff,8a7558240da7fff,8a7558246a5ffff,8a7558246a4ffff,8a7558240d07fff,8a7558240d37fff,8a755824469ffff,8a7558240d27fff,8a7558240d77fff,8a7558240d57fff,8a7558240d47fff",4
57680106,-561134628#0,0.3,0.3,0.7,0.1999999999999999,0.4499999999999999,0.5,0.55,0.55,0.55,0.5,0.3,0.1,0.8,0.4499999999999999,0.6,0.6,0.4499999999999999,0.3,0.6,0.6,0.3,0.3,0.7,"8a75582405b7fff,8a7558240437fff,8a755824051ffff,8a7558240517fff,8a755824624ffff,8a755824625ffff,8a7558240407fff,8a755824040ffff,8a75582404e7fff,8a7558240417fff,8a7558240597fff,8a755824296ffff,8a755824291ffff,8a75582429affff,8a75582429a7fff,8a755824665ffff,8a755824664ffff,8a7558242937fff,8a7558242927fff,8a75582462d7fff,8a75582462c7fff,8a75582462e7fff,8a7558246277fff,8a755824634ffff,8a7558240cb7fff,8a7558240c17fff,8a7558240c37fff,8a7558240c27fff,8a7558240d57fff,8a7558240d47fff",3
57680106,-561134628#0,0.4,0.6,0.9,0.3,0.4499999999999999,0.6,0.55,0.55,0.55,0.6,0.5,0.3,0.7,0.4499999999999999,0.3,0.3,0.4499999999999999,0.8,0.3,0.3,0.6,0.0,0.9,"8a75582405b7fff,8a7558240437fff,8a7558240407fff,8a7558240597fff,8a7558240417fff,8a755824040ffff,8a75582404e7fff,8a75582404f7fff,8a75582404affff,8a755824296ffff,8a755824291ffff,8a75582429affff,8a75582429a7fff,8a755824665ffff,8a755824664ffff,8a7558242937fff,8a7558242927fff,8a75582462d7fff,8a75582462c7fff,8a75582462e7fff,8a7558246277fff,8a755824634ffff,8a7558240cb7fff,8a7558240c17fff,8a7558240c37fff,8a7558240c27fff,8a7558240d57fff,8a7558240d47fff",3
-41231513#2,41231711#3,0.8,0.8,0.15,0.8,0.75,0.25,0.55,0.55,0.55,0.5,0.55,0.3,0.8,0.4499999999999999,0.7,0.7,0.4499999999999999,0.7,0.7,0.4499999999999999,0.7,0.6,0.7,"8a755824471ffff,8a7558244717fff,8a7558244707fff,8a755824409ffff,8a7558244737fff,8a755824446ffff,8a75582447a7fff,8a7558244787fff,8a75582446b7fff,8a755824469ffff,8a7558246a6ffff,8a7558246a4ffff,8a7558240d17fff,8a7558240d07fff",2
-41231513#2,41231711#3,0.6,0.4,1.0,0.0,0.0,1.0,0.55,0.55,0.55,1.0,0.55,1.0,0.1,0.4499999999999999,0.0,0.0,0.4499999999999999,0.3,0.0,0.4499999999999999,0.4,0.4,0.0999999999999999,"8a7558244717fff,8a755824471ffff,8a7558244627fff,8a755824460ffff,8a755824461ffff,8a75582446c7fff,8a7558240d67fff,8a7558240d77fff,8a7558240d57fff,8a7558240d47fff,8a7558240c67fff,8a7558240c07fff,8a7558240c37fff,8a7558240c27fff,8a7558240d1ffff,8a7558240daffff,8a7558240da7fff,8a7558246a5ffff,8a7558246a4ffff,8a7558240d07fff,8a7558240d17fff",0
-41231513#2,41231711#3,0.7,0.7,0.9,0.0999999999999999,0.3,0.6,0.55,0.55,0.55,0.5,0.55,0.9,0.2,0.4499999999999999,0.0999999999999999,0.0999999999999999,0.4499999999999999,0.6,0.0999999999999999,0.4499999999999999,0.8,0.9,0.0,"8a7558244717fff,8a755824471ffff,8a7558244637fff,8a7558244617fff,8a755824461ffff,8a755824468ffff,8a75582446d7fff,8a7558240d27fff,8a7558240d77fff,8a7558240d67fff,8a755824469ffff,8a7558246a6ffff,8a7558246a4ffff,8a7558240d17fff,8a7558240d07fff",0
-41231513#2,41231711#3,0.0999999999999999,0.1999999999999999,0.4,0.6,0.75,0.25,0.55,0.55,0.55,0.5,0.55,0.7,0.4,0.4499999999999999,0.3,0.3,0.4499999999999999,0.0,0.3,0.4499999999999999,0.0999999999999999,0.3,0.5,"8a755824471ffff,8a7558244717fff,8a7558244707fff,8a755824409ffff,8a7558244097fff,8a7558244467fff,8a7558244477fff,8a75582447b7fff,8a75582447a7fff,8a7558244787fff,8a75582446b7fff,8a755824469ffff,8a7558240d27fff,8a7558240d77fff,8a7558240d57fff,8a7558240c27fff,8a7558240d1ffff,8a7558240daffff,8a7558240da7fff,8a7558246a5ffff,8a7558246a4ffff,8a7558240d17fff,8a7558240d07fff",1
-41231513#2,41231711#3,0.9,0.9,0.7,0.3,0.3,0.9,0.55,0.55,0.55,0.5,0.55,0.3,0.8,0.4499999999999999,0.7,0.7,0.4499999999999999,0.9,0.7,0.4499999999999999,0.9,0.5,0.3,"8a7558244717fff,8a755824471ffff,8a7558244637fff,8a75582447affff,8a755824478ffff,8a75582446a7fff,8a7558244687fff,8a75582446b7fff,8a755824469ffff,8a7558246a6ffff,8a7558246a4ffff,8a7558240d1ffff,8a7558240d07fff,8a7558240d17fff",3
-41231513#2,41231711#3,0.3,0.3,0.3,0.7,0.75,0.25,0.55,0.55,0.55,0.5,0.55,0.3,0.8,0.4499999999999999,0.7,0.7,0.4499999999999999,0.1999999999999999,0.7,0.4499999999999999,0.3,0.0999999999999999,0.9,"8a7558244717fff,8a755824471ffff,8a7558244707fff,8a755824408ffff,8a75582440affff,8a7558244087fff,8a755824409ffff,8a7558244097fff,8a7558244467fff,8a7558244477fff,8a75582447b7fff,8a75582447a7fff,8a7558244787fff,8a75582446b7fff,8a755824469ffff,8a7558246a6ffff,8a7558246a4ffff,8a7558240d1ffff,8a7558240d07fff,8a7558240d17fff",4
-41231513#2,41231711#3,0.1999999999999999,0.0999999999999999,0.5,0.5,0.3,0.5,0.55,0.55,0.55,0.5,0.55,0.6,0.5,0.4499999999999999,0.4,0.4,0.4499999999999999,0.4,0.4,0.4499999999999999,0.1999999999999999,0.8,0.1999999999999999,"8a7558244717fff,8a755824471ffff,8a7558244707fff,8a755824409ffff,8a7558244737fff,8a755824446ffff,8a75582447a7fff,8a75582447affff,8a7558244637fff,8a7558244627fff,8a755824460ffff,8a755824461ffff,8a75582446c7fff,8a7558240d67fff,8a7558240d77fff,8a7558240d27fff,8a755824469ffff,8a7558246a6ffff,8a7558246a4ffff,8a7558240d17fff,8a7558240d07fff",1
-41231513#2,41231711#3,0.0,0.0,0.8,0.1999999999999999,0.3,0.7,0.55,0.55,0.55,0.5,0.55,0.3,0.8,0.4499999999999999,0.7,0.7,0.4499999999999999,0.8,0.7,0.4499999999999999,0.0,0.7,0.6,"8a7558244717fff,8a755824471ffff,8a7558244707fff,8a755824408ffff,8a75582440affff,8a7558244017fff,8a75582441affff,8a755824418ffff,8a75582440a7fff,8a7558244087fff,8a755824409ffff,8a7558244737fff,8a755824446ffff,8a75582447a7fff,8a75582447affff,8a755824478ffff,8a75582446a7fff,8a7558244687fff,8a75582446b7fff,8a755824469ffff,8a7558246a6ffff,8a7558246a4ffff,8a7558240d17fff,8a7558240d07fff",3
-41231513#2,41231711#3,0.5,0.6,0.15,0.9,0.75,0.25,0.55,0.55,0.55,0.5,0.55,0.3,0.8,0.4499999999999999,0.7,0.7,0.4499999999999999,0.0999999999999999,0.7,0.4499999999999999,0.6,0.1999999999999999,0.4,"8a7558244717fff,8a755824471ffff,8a7558244637fff,8a75582447affff,8a75582447a7fff,8a755824446ffff,8a755824409ffff,8a7558244097fff,8a7558244467fff,8a7558244477fff,8a75582447b7fff,8a7558244787fff,8a75582446b7fff,8a755824469ffff,8a7558246a6ffff,8a7558246a4ffff,8a7558240d17fff,8a7558240d07fff",2
-41231513#2,41231711#3,0.4,0.5,0.6,0.4,0.3,0.8,0.55,0.55,0.55,0.5,0.55,0.8,0.3,0.4499999999999999,0.1999999999999999,0.1999999999999999,0.4499999999999999,0.5,0.1999999999999999,0.4499999999999999,0.5,0.0,0.8,"8a7558244717fff,8a755824471ffff,8a7558244627fff,8a755824460ffff,8a755824461ffff,8a75582446c7fff,8a7558240d67fff,8a7558240d77fff,8a7558240d27fff,8a7558244687fff,8a75582446b7fff,8a755824469ffff,8a7558246a6ffff,8a7558246a4ffff,8a7558240d1ffff,8a7558240d07fff,8a7558240d17fff",1
-22561652#1,-39353757#12,0.8,0.8,1.0,0.0,0.4499999999999999,0.9,0.55,0.55,0.9,0.9,1.0,0.55,0.1,0.0999999999999999,0.0999999999999999,0.0999999999999999,0.4499999999999999,0.9,0.0999999999999999,0.0999999999999999,0.8,0.6,0.3,"8a75582466f7fff,8a75582466c7fff,8a75582466effff,8a755824665ffff,8a75582429a7fff,8a75582429affff,8a755824291ffff,8a755824296ffff,8a75582404f7fff,8a75582404e7fff,8a755824040ffff,8a7558240407fff,8a7558240437fff,8a755824051ffff,8a7558240517fff",0
-22561652#1,-39353757#12,0.9,0.9,0.5,0.5,0.4499999999999999,1.0,0.55,0.55,1.0,1.0,0.8,0.55,0.2,0.0,0.0,0.0,0.4499999999999999,0.8,0.0,0.0,0.9,0.9,0.0,"8a75582466f7fff,8a75582466c7fff,8a75582466effff,8a755824665ffff,8a75582429a7fff,8a75582429affff,8a755824291ffff,8a755824296ffff,8a7558240597fff,8a75582405b7fff,8a755824625ffff,8a755824624ffff,8a7558240517fff,8a755824051ffff",0
-22561652#1,-39353757#12,0.5,0.5,0.7,0.3,0.4499999999999999,0.6,0.55,0.55,0.6,0.6,0.1,0.55,1.0,0.4,0.4,0.4,0.4499999999999999,0.5,0.4,0.4,0.5,0.4,0.4,"8a75582466f7fff,8a75582466c7fff,8a75582466effff,8a755824665ffff,8a75582429a7fff,8a75582429affff,8a755824291ffff,8a755824296ffff,8a7558240597fff,8a7558240417fff,8a755824040ffff,8a7558240407fff,8a75582405b7fff,8a7558240437fff,8a755824051ffff,8a7558240517fff",3
-22561652#1,-39353757#12,0.0,0.0,0.1,0.9,0.4499999999999999,0.1,0.55,0.55,0.1,0.1,0.3,0.55,0.9,0.9,0.9,0.9,0.4499999999999999,0.0999999999999999,0.9,0.9,0.0,0.3,0.9,"8a75582466f7fff,8a75582466c7fff,8a75582466effff,8a755824665ffff,8a75582429a7fff,8a75582429affff,8a755824291ffff,8a755824296ffff,8a75582404f7fff,8a75582404e7fff,8a755824040ffff,8a7558240417fff,8a7558240597fff,8a75582405b7fff,8a7558240407fff,8a7558240437fff,8a755824051ffff,8a755824625ffff,8a75582462effff,8a755824624ffff,8a7558240517fff",4
-22561652#1,-39353757#12,0.0999999999999999,0.0999999999999999,0.2,0.8,0.4499999999999999,0.2,0.55,0.55,0.2,0.2,0.4,0.55,0.8,0.8,0.8,0.8,0.4499999999999999,0.0,0.8,0.8,0.0999999999999999,0.5,0.6,"8a75582466f7fff,8a75582466c7fff,8a75582466effff,8a755824665ffff,8a75582429a7fff,8a75582429affff,8a755824291ffff,8a755824296ffff,8a75582404f7fff,8a75582404affff,8a7558240597fff,8a75582405b7fff,8a7558240437fff,8a755824051ffff,8a755824625ffff,8a75582462effff,8a755824624ffff,8a7558240517fff",4
-22561652#1,-39353757#12,0.1999999999999999,0.1999999999999999,0.7,0.3,0.4499999999999999,0.3,0.55,0.55,0.3,0.3,0.5,0.55,0.6,0.7,0.7,0.7,0.4499999999999999,0.7,0.7,0.7,0.1999999999999999,0.1999999999999999,0.7,"8a75582466f7fff,8a75582466c7fff,8a75582466effff,8a755824665ffff,8a75582429a7fff,8a75582429affff,8a755824291ffff,8a755824296ffff,8a75582404f7fff,8a75582404e7fff,8a755824040ffff,8a7558240407fff,8a75582405b7fff,8a755824625ffff,8a75582462effff,8a755824624ffff,8a7558240517fff,8a755824051ffff",4
-22561652#1,-39353757#12,0.3,0.3,0.7,0.3,0.4499999999999999,0.4,0.55,0.55,0.4,0.4,0.6,0.55,0.5,0.6,0.6,0.6,0.4499999999999999,0.3,0.6,0.6,0.3,0.0,0.5,"8a75582466f7fff,8a75582466c7fff,8a75582466effff,8a755824665ffff,8a75582429a7fff,8a75582429affff,8a755824291ffff,8a755824296ffff,8a75582404f7fff,8a75582404affff,8a7558240597fff,8a75582405b7fff,8a7558240407fff,8a7558240437fff,8a755824051ffff,8a7558240517fff",3
-22561652#1,-39353757#12,0.6,0.6,0.4,0.6,0.4499999999999999,0.7,0.55,0.55,0.7,0.7,0.9,0.55,0.3,0.3,0.3,0.3,0.4499999999999999,0.6,0.3,0.3,0.6,0.7,0.1999999999999999,"8a75582466f7fff,8a75582466c7fff,8a75582466effff,8a755824665ffff,8a75582429a7fff,8a75582429affff,8a755824291ffff,8a755824296ffff,8a75582404f7fff,8a75582404e7fff,8a7558240417fff,8a7558240597fff,8a75582405b7fff,8a755824625ffff,8a755824624ffff,8a7558240517fff,8a755824051ffff",0
-22561652#1,-39353757#12,0.7,0.7,0.3,0.7,0.4499999999999999,0.8,0.55,0.55,0.8,0.8,0.2,0.55,0.7,0.1999999999999999,0.1999999999999999,0.1999999999999999,0.4499999999999999,0.4,0.1999999999999999,0.1999999999999999,0.7,0.8,0.0999999999999999,"8a75582466f7fff,8a75582466c7fff,8a75582466effff,8a755824665ffff,8a75582429a7fff,8a75582429affff,8a755824291ffff,8a755824296ffff,8a7558240597fff,8a75582405b7fff,8a7558240407fff,8a7558240437fff,8a755824051ffff,8a755824625ffff,8a755824624ffff,8a7558240517fff",0
-22561652#1,-39353757#12,0.4,0.4,0.9,0.0999999999999999,0.4499999999999999,0.5,0.55,0.55,0.5,0.5,0.7,0.55,0.4,0.5,0.5,0.5,0.4499999999999999,0.1999999999999999,0.5,0.5,0.4,0.0999999999999999,0.8,"8a75582466f7fff,8a75582466c7fff,8a75582466effff,8a755824665ffff,8a75582429a7fff,8a75582429affff,8a755824291ffff,8a755824296ffff,8a75582404f7fff,8a75582404e7fff,8a755824040ffff,8a7558240417fff,8a7558240597fff,8a75582405b7fff,8a7558240437fff,8a755824051ffff,8a7558240517fff",3
-39353757#12,-22561652#1,0.6,0.8,0.5,0.5,0.4499999999999999,0.6,0.55,0.55,0.9,0.5,0.5,0.55,0.7,0.0999999999999999,0.3,0.6,0.4499999999999999,0.3,0.3,0.55,0.8,0.7,0.5,"8a7558240517fff,8a755824051ffff,8a7558240437fff,8a7558240407fff,8a755824040ffff,8a75582404e7fff,8a7558240417fff,8a7558240597fff,8a755824296ffff,8a755824291ffff,8a75582429affff,8a75582429a7fff,8a755824665ffff,8a75582466effff,8a75582466c7fff,8a75582466f7fff",2
-39353757#12,-22561652#1,0.9,0.9,0.9,0.0999999999999999,0.4499999999999999,1.0,0.55,0.55,1.0,0.9,0.6,0.55,0.2,0.0,0.0,0.0,0.4499999999999999,0.0,0.0,0.0,0.9,0.9,0.0,"8a755824051ffff,8a7558240517fff,8a755824624ffff,8a755824625ffff,8a75582405b7fff,8a7558240597fff,8a755824296ffff,8a755824291ffff,8a75582429affff,8a75582429a7fff,8a755824665ffff,8a755824664ffff,8a7558246647fff,8a75582466effff,8a75582466c7fff,8a75582466f7fff",0
-39353757#12,-22561652#1,0.1999999999999999,0.1999999999999999,0.6,0.4,0.4499999999999999,0.7,0.55,0.55,0.3,0.8,0.8,0.55,0.3,0.7,0.1999999999999999,0.1999999999999999,0.4499999999999999,0.7,0.0999999999999999,0.55,0.1999999999999999,0.0999999999999999,0.3,"8a7558240517fff,8a755824051ffff,8a755824625ffff,8a75582405b7fff,8a7558240407fff,8a755824040ffff,8a75582404e7fff,8a75582404f7fff,8a755824296ffff,8a755824291ffff,8a75582429affff,8a75582429a7fff,8a755824665ffff,8a755824664ffff,8a75582466effff,8a75582466c7fff,8a75582466f7fff",1
-39353757#12,-22561652#1,0.4,0.4,0.4,0.6,0.4499999999999999,0.4,0.55,0.55,0.5,0.3,0.2,0.55,0.9,0.5,0.6,0.6,0.4499999999999999,0.5,0.6,0.55,0.3,0.6,0.6,"8a7558240517fff,8a755824051ffff,8a755824625ffff,8a75582405b7fff,8a7558240597fff,8a7558240417fff,8a755824040ffff,8a75582404e7fff,8a75582404f7fff,8a75582404affff,8a755824296ffff,8a755824291ffff,8a75582429affff,8a75582429a7fff,8a755824665ffff,8a75582466effff,8a75582466c7fff,8a75582466f7fff",4
-39353757#12,-22561652#1,0.3,0.3,0.3,0.7,0.4499999999999999,0.2,0.55,0.55,0.4,0.2,0.9,0.55,0.4,0.6,0.7,0.6,0.4499999999999999,0.1999999999999999,0.7,0.55,0.4,0.1999999999999999,0.7,"8a755824051ffff,8a7558240517fff,8a755824624ffff,8a755824625ffff,8a75582405b7fff,8a7558240437fff,8a7558240407fff,8a755824040ffff,8a75582404e7fff,8a75582404f7fff,8a755824296ffff,8a755824291ffff,8a75582429affff,8a75582429a7fff,8a755824665ffff,8a75582466effff,8a75582466c7fff,8a75582466f7fff",4
-39353757#12,-22561652#1,0.7,0.6,1.0,0.0,0.4499999999999999,0.9,0.55,0.55,0.7,0.7,1.0,0.55,0.1,0.3,0.0999999999999999,0.0999999999999999,0.4499999999999999,0.0999999999999999,0.1999999999999999,0.0999999999999999,0.6,0.5,0.1999999999999999,"8a7558240517fff,8a755824051ffff,8a7558240437fff,8a7558240407fff,8a755824040ffff,8a75582404e7fff,8a75582404f7fff,8a755824296ffff,8a755824291ffff,8a75582429affff,8a75582429a7fff,8a755824665ffff,8a755824664ffff,8a7558246647fff,8a75582466effff,8a75582466c7fff,8a75582466f7fff",0
-39353757#12,-22561652#1,0.5,0.5,0.15,0.85,0.4499999999999999,0.3,0.55,0.55,0.6,0.4,0.3,0.55,0.8,0.4,0.5,0.6,0.4499999999999999,0.6,0.5,0.55,0.5,0.4,0.4,"8a7558240517fff,8a755824051ffff,8a755824625ffff,8a75582405b7fff,8a7558240437fff,8a7558240407fff,8a7558240597fff,8a755824296ffff,8a755824291ffff,8a75582429affff,8a75582429a7fff,8a755824665ffff,8a75582466effff,8a75582466c7fff,8a75582466f7fff",2
-39353757#12,-22561652#1,0.8,0.7,0.8,0.1999999999999999,0.4499999999999999,0.8,0.55,0.55,0.8,1.0,0.4,0.55,0.5,0.1999999999999999,0.4,0.6,0.4499999999999999,0.9,0.4,0.55,0.7,0.8,0.0999999999999999,"8a7558240517fff,8a755824051ffff,8a7558240437fff,8a7558240407fff,8a755824040ffff,8a7558240417fff,8a7558240597fff,8a755824296ffff,8a755824291ffff,8a75582429affff,8a75582429a7fff,8a755824665ffff,8a755824664ffff,8a75582466effff,8a75582466c7fff,8a75582466f7fff",0
-39353757#12,-22561652#1,0.0999999999999999,0.0999999999999999,0.15,0.85,0.4499999999999999,0.1,0.55,0.55,0.2,0.1,0.7,0.55,0.6,0.8,0.8,0.6,0.4499999999999999,0.4,0.8,0.55,0.0999999999999999,0.0,0.8,"8a7558240517fff,8a755824051ffff,8a7558240437fff,8a7558240407fff,8a75582405b7fff,8a7558240597fff,8a7558240417fff,8a755824040ffff,8a75582404e7fff,8a75582404f7fff,8a755824296ffff,8a755824291ffff,8a75582429affff,8a75582429a7fff,8a755824665ffff,8a75582466effff,8a75582466c7fff,8a75582466f7fff",4
-39353757#12,-22561652#1,0.0,0.0,0.7,0.3,0.4499999999999999,0.5,0.55,0.55,0.1,0.6,0.1,0.55,1.0,0.9,0.9,0.6,0.4499999999999999,0.8,0.9,0.55,0.0,0.3,0.9,"8a7558240517fff,8a755824051ffff,8a755824625ffff,8a75582405b7fff,8a7558240437fff,8a7558240407fff,8a7558240597fff,8a7558240417fff,8a755824040ffff,8a75582404e7fff,8a755824296ffff,8a755824291ffff,8a75582429affff,8a75582429a7fff,8a755824665ffff,8a755824664ffff,8a75582466effff,8a75582466c7fff,8a75582466f7fff",4
57680145#0,-41273141#1,0.9,0.8,1.0,0.0999999999999999,0.4499999999999999,1.0,0.55,0.55,0.45,0.55,0.9,1.0,0.3,0.55,0.3,0.5,0.4499999999999999,0.1999999999999999,0.5,0.55,0.8,0.0999999999999999,0.9,"8a75582464f7fff,8a75582464affff,8a7558255967fff,8a75582732f7fff,8a755827338ffff,8a75582733affff,8a7558273337fff,8a7558273a87fff,8a7558273aaffff,8a7558273a0ffff,8a7558246d27fff,8a75582712e7fff,8a7558271257fff,8a7558244c87fff,8a7558244c27fff,8a75582440c7fff,8a7558244767fff,8a7558244627fff,8a755824471ffff,8a7558244707fff,8a755824408ffff,8a75582440affff",3
57680145#0,-41273141#1,0.4,0.4,0.7,0.7,0.4499999999999999,0.5,0.55,0.55,1.0,0.55,0.5,0.2,0.2,0.0,0.0,0.0,0.4499999999999999,0.6,0.0,0.0,0.6,0.3,0.7,"8a75582464affff,8a75582464f7fff,8a755824648ffff,8a7558255b07fff,8a7558255867fff,8a755825595ffff,8a7558255937fff,8a7558273667fff,8a7558273767fff,8a75582730d7fff,8a75582733b7fff,8a755827305ffff,8a7558273337fff,8a7558273327fff,8a7558246d37fff,8a7558246d27fff,8a75582712e7fff,8a7558271257fff,8a7558244c87fff,8a7558244c27fff,8a75582440c7fff,8a7558244767fff,8a7558244627fff,8a755824471ffff,8a7558244717fff,8a7558244707fff,8a755824409ffff,8a7558244087fff,8a75582440affff",0
57680145#0,-41273141#1,0.0,0.0,0.1,0.8,0.4499999999999999,0.1,0.55,0.55,0.45,0.55,0.1,0.1,1.0,0.55,0.8,0.3,0.4499999999999999,0.7,0.3,0.55,0.0,0.9,0.1999999999999999,"8a75582464f7fff,8a75582464affff,8a7558255967fff,8a75582732f7fff,8a755827338ffff,8a75582733affff,8a7558273337fff,8a7558273327fff,8a7558246d37fff,8a7558246d27fff,8a75582712e7fff,8a7558271257fff,8a7558244c87fff,8a7558244c27fff,8a75582440c7fff,8a7558244767fff,8a7558244627fff,8a755824471ffff,8a755824460ffff,8a755824461ffff,8a755824468ffff,8a75582446dffff,8a75582446c7fff,8a7558240d67fff,8a7558240d77fff,8a7558240d27fff,8a755824469ffff,8a75582446b7fff,8a7558244787fff,8a7558244797fff,8a75582447a7fff,8a7558244467fff,8a755824446ffff,8a7558244737fff,8a755824409ffff,8a7558244087fff,8a75582440affff",4
57680145#0,-41273141#1,0.7,0.7,0.4,0.1999999999999999,0.4499999999999999,0.4,0.55,0.55,0.45,0.55,0.8,0.3,0.7,0.55,0.4,0.6,0.4499999999999999,0.0,0.6,0.55,0.7,0.1999999999999999,0.4,"8a75582464f7fff,8a75582464affff,8a7558255967fff,8a75582732f7fff,8a755827338ffff,8a75582733affff,8a7558273337fff,8a7558273327fff,8a7558246d37fff,8a7558246d27fff,8a75582712e7fff,8a7558271257fff,8a7558244c87fff,8a7558244c27fff,8a75582440c7fff,8a7558244767fff,8a7558244627fff,8a755824471ffff,8a7558244637fff,8a75582447affff,8a75582447a7fff,8a755824446ffff,8a7558244467fff,8a7558244097fff,8a755824409ffff,8a7558244087fff,8a75582440affff",2
57680145#0,-41273141#1,0.5,0.5,0.5,0.4,0.4499999999999999,0.6,0.55,0.55,0.45,0.55,0.6,0.8,0.6,0.55,0.6,0.8,0.4499999999999999,0.0999999999999999,0.8,0.55,0.4,0.5,0.0,"8a75582464f7fff,8a75582464affff,8a7558255967fff,8a75582732f7fff,8a755827338ffff,8a75582733affff,8a7558273337fff,8a7558273a87fff,8a7558273aaffff,8a7558273a0ffff,8a7558246d27fff,8a75582712e7fff,8a7558271257fff,8a7558244c87fff,8a7558244c27fff,8a75582440c7fff,8a7558244767fff,8a7558244627fff,8a755824471ffff,8a755824460ffff,8a755824461ffff,8a7558244617fff,8a7558244637fff,8a75582447affff,8a7558244737fff,8a755824446ffff,8a755824409ffff,8a7558244087fff,8a75582440affff",3
57680145#0,-41273141#1,0.6,0.6,0.8,0.3,0.4499999999999999,0.8,0.55,0.55,0.45,0.55,0.7,0.9,0.5,0.55,0.5,0.7,0.4499999999999999,0.5,0.7,0.55,0.5,0.4,0.5,"8a75582464f7fff,8a75582464affff,8a7558255967fff,8a75582732f7fff,8a755827338ffff,8a75582733affff,8a7558273337fff,8a7558273a87fff,8a7558273aaffff,8a7558273a0ffff,8a7558246d27fff,8a75582712e7fff,8a7558271257fff,8a7558244c87fff,8a7558244c27fff,8a75582440c7fff,8a7558244767fff,8a7558244627fff,8a755824471ffff,8a7558244637fff,8a75582447affff,8a755824478ffff,8a75582446a7fff,8a7558244687fff,8a75582446b7fff,8a7558244787fff,8a75582447a7fff,8a755824446ffff,8a755824409ffff,8a7558244087fff,8a75582440affff",3
57680145#0,-41273141#1,0.8,0.9,0.9,0.0,0.4499999999999999,0.7,0.55,0.55,0.45,0.55,1.0,0.7,0.4,0.55,0.1999999999999999,0.4,0.4499999999999999,0.3,0.4,0.55,0.9,0.0,0.8,"8a75582464f7fff,8a75582464affff,8a7558255967fff,8a75582732f7fff,8a755827338ffff,8a75582733affff,8a7558273337fff,8a7558273327fff,8a7558246d37fff,8a7558246d27fff,8a75582712e7fff,8a7558271257fff,8a7558244c87fff,8a7558244c27fff,8a75582440c7fff,8a7558244767fff,8a7558244627fff,8a755824471ffff,8a7558244717fff,8a7558244707fff,8a755824409ffff,8a7558244087fff,8a75582440affff",3
57680145#0,-41273141#1,0.1999999999999999,0.1999999999999999,0.2,0.5,0.4499999999999999,0.3,0.55,0.55,0.45,0.55,0.3,0.6,0.8,0.55,0.9,0.9,0.4499999999999999,0.4,0.9,0.55,0.1999999999999999,0.7,0.3,"8a75582464f7fff,8a75582464affff,8a7558255967fff,8a75582732f7fff,8a755827338ffff,8a75582733affff,8a7558273337fff,8a7558273a87fff,8a7558273aaffff,8a7558273a0ffff,8a7558246d27fff,8a75582712e7fff,8a7558271257fff,8a7558244c87fff,8a7558244c27fff,8a75582440c7fff,8a7558244767fff,8a7558244627fff,8a755824471ffff,8a7558244637fff,8a75582447affff,8a7558244737fff,8a755824446ffff,8a75582447a7fff,8a7558244467fff,8a7558244097fff,8a755824409ffff,8a7558244707fff,8a7558244717fff,8a755824408ffff,8a75582440affff",4
57680145#0,-41273141#1,0.0999999999999999,0.0999999999999999,0.3,0.6,0.4499999999999999,0.2,0.55,0.55,0.45,0.55,0.2,0.4,0.9,0.55,0.7,0.1999999999999999,0.4499999999999999,0.9,0.1999999999999999,0.55,0.0999999999999999,0.8,0.6,"8a75582464f7fff,8a75582464affff,8a7558255967fff,8a75582732f7fff,8a755827338ffff,8a75582733affff,8a7558273337fff,8a7558273a87fff,8a7558273aaffff,8a7558273a0ffff,8a7558246d27fff,8a75582712e7fff,8a7558271257fff,8a7558244c87fff,8a7558244c27fff,8a75582440c7fff,8a7558244767fff,8a7558244627fff,8a755824471ffff,8a755824460ffff,8a755824461ffff,8a75582446c7fff,8a7558240d67fff,8a7558240d77fff,8a7558240d27fff,8a7558244687fff,8a75582446b7fff,8a7558244787fff,8a75582447a7fff,8a755824446ffff,8a7558244737fff,8a755824409ffff,8a7558244087fff,8a75582440affff",4
57680145#0,-41273141#1,0.3,0.3,0.6,0.9,0.4499999999999999,0.9,0.55,0.55,0.9,0.55,0.4,0.5,0.1,0.0999999999999999,0.0999999999999999,0.0999999999999999,0.4499999999999999,0.8,0.0999999999999999,0.0999999999999999,0.3,0.6,0.0999999999999999,"8a75582464affff,8a75582464f7fff,8a755824648ffff,8a7558255b07fff,8a7558255867fff,8a755825595ffff,8a7558255937fff,8a7558273667fff,8a7558273767fff,8a75582730d7fff,8a75582733b7fff,8a755827305ffff,8a7558273337fff,8a7558273a87fff,8a7558273aaffff,8a7558273a0ffff,8a7558246d27fff,8a75582712e7fff,8a7558271257fff,8a7558244c87fff,8a7558244c27fff,8a75582440c7fff,8a7558244767fff,8a7558244627fff,8a755824471ffff,8a7558244637fff,8a75582447affff,8a7558244737fff,8a755824409ffff,8a7558244087fff,8a75582440affff",0
-57680152#1,-57680125#1,0.8571428571428572,0.8571428571428572,1.0,0.0,0.5,0.5714285714285714,0.5714285714285714,0.5714285714285714,0.1428571428571428,0.5,0.5714285714285714,1.0,1.0,0.8571428571428572,0.8571428571428572,0.8571428571428572,0.7857142857142857,0.0,0.8571428571428572,0.6428571428571428,0.8571428571428572,0.0,0.4285714285714286,"8a755824662ffff,8a75582467affff,8a7558246787fff,8a75582467b7fff,8a7558246797fff,8a75582464cffff,8a75582464c7fff,8a75582464f7fff,8a75582464affff,8a7558255967fff,8a75582732f7fff,8a755827338ffff,8a75582733affff,8a7558273337fff,8a7558273327fff",3
-57680152#1,-57680125#1,0.1428571428571429,0.0,0.2857142857142857,0.8571428571428572,0.5,0.7142857142857143,0.5714285714285714,0.5714285714285714,1.0,0.5,0.5714285714285714,0.1428571428571428,0.1428571428571428,0.7142857142857143,0.7142857142857143,0.7142857142857143,0.5714285714285714,0.7142857142857143,0.7142857142857143,0.2857142857142857,0.0,0.4285714285714286,0.5714285714285714,"8a755824662ffff,8a75582467affff,8a7558246787fff,8a75582467b7fff,8a7558246797fff,8a755824679ffff,8a75582466b7fff,8a7558246697fff,8a7558255b4ffff,8a7558255b5ffff,8a7558255b47fff,8a7558255b77fff,8a7558255b2ffff,8a7558255b07fff,8a7558255867fff,8a755825595ffff,8a7558255937fff,8a7558273667fff,8a7558273767fff,8a75582730d7fff,8a75582733b7fff,8a755827305ffff,8a7558273337fff,8a7558273327fff",4
-57680152#1,-57680125#1,0.0,0.2857142857142857,0.1428571428571428,0.1428571428571429,0.0,0.1428571428571428,0.5714285714285714,0.5714285714285714,0.4285714285714285,1.0,0.5714285714285714,0.5714285714285714,0.8571428571428571,0.0,0.0,0.0,0.2857142857142857,0.5714285714285714,0.0,0.6428571428571428,0.2857142857142857,0.8571428571428572,0.0,"8a755824662ffff,8a75582467affff,8a7558246787fff,8a75582467b7fff,8a7558246797fff,8a755824679ffff,8a75582466b7fff,8a7558246697fff,8a7558246687fff,8a7558255a67fff,8a7558255b4ffff,8a7558255b5ffff,8a7558255b47fff,8a7558255b77fff,8a7558255b2ffff,8a7558255b07fff,8a755824648ffff,8a75582464f7fff,8a75582464affff,8a7558255967fff,8a75582732f7fff,8a755827338ffff,8a75582733affff,8a7558273337fff,8a7558273327fff",1
-57680152#1,-57680125#1,0.4285714285714286,0.4285714285714286,0.5714285714285714,0.5714285714285714,0.5,1.0,0.5714285714285714,0.5714285714285714,0.7142857142857143,0.5,0.5714285714285714,0.4285714285714285,0.4285714285714285,0.4285714285714286,0.4285714285714286,0.4285714285714286,0.7857142857142857,0.8571428571428572,0.4285714285714286,0.0,0.4285714285714286,0.1428571428571429,0.8571428571428572,"8a755824662ffff,8a75582467affff,8a7558246787fff,8a75582467b7fff,8a7558246797fff,8a75582464cffff,8a75582464c7fff,8a75582464f7fff,8a755824648ffff,8a7558255b07fff,8a7558255867fff,8a755825595ffff,8a7558255937fff,8a7558273667fff,8a7558273767fff,8a75582730d7fff,8a75582733b7fff,8a755827305ffff,8a7558273337fff,8a7558273327fff",3
-57680152#1,-57680125#1,0.7142857142857143,0.7142857142857143,0.8571428571428571,0.2857142857142857,0.5,0.4285714285714285,0.5714285714285714,0.5714285714285714,0.2857142857142857,0.5,0.5714285714285714,0.8571428571428571,0.7142857142857143,0.1428571428571429,0.1428571428571429,0.1428571428571429,0.0,0.1428571428571429,0.1428571428571429,0.6428571428571428,0.7142857142857143,0.5714285714285714,0.2857142857142857,"8a755824662ffff,8a75582467affff,8a7558246787fff,8a75582467b7fff,8a7558246797fff,8a755824679ffff,8a7558255b6ffff,8a7558255b4ffff,8a7558255b5ffff,8a7558255b47fff,8a7558255b77fff,8a7558255b2ffff,8a7558255b07fff,8a755824648ffff,8a75582464f7fff,8a75582464affff,8a7558255967fff,8a75582732f7fff,8a755827338ffff,8a75582733affff,8a7558273337fff,8a7558273327fff",0
-57680152#1,-57680125#1,0.5714285714285714,0.5714285714285714,0.7142857142857143,0.4285714285714286,0.5,0.2857142857142857,0.5714285714285714,0.5714285714285714,0.5714285714285714,0.5,0.5714285714285714,0.7142857142857143,0.5714285714285714,0.2857142857142857,0.2857142857142857,0.2857142857142857,0.1428571428571429,0.2857142857142857,0.2857142857142857,0.6428571428571428,0.5714285714285714,0.7142857142857143,0.1428571428571429,"8a755824662ffff,8a75582467affff,8a7558246787fff,8a75582467b7fff,8a7558246797fff,8a755824679ffff,8a75582466b7fff,8a7558246697fff,8a7558255b4ffff,8a7558255b5ffff,8a7558255b47fff,8a7558255b77fff,8a7558255b2ffff,8a7558255b07fff,8a755824648ffff,8a75582464f7fff,8a75582464affff,8a7558255967fff,8a75582732f7fff,8a755827338ffff,8a75582733affff,8a7558273337fff,8a7558273327fff",0
-57680152#1,-57680125#1,0.2857142857142857,0.1428571428571429,0.4285714285714285,0.7142857142857143,0.5,0.8571428571428571,0.5714285714285714,0.5714285714285714,0.8571428571428571,0.5,0.5714285714285714,0.2857142857142857,0.2857142857142857,0.5714285714285714,0.5714285714285714,0.5714285714285714,0.4285714285714286,0.4285714285714286,0.5714285714285714,0.1428571428571429,0.1428571428571429,0.2857142857142857,0.7142857142857143,"8a755824662ffff,8a75582467affff,8a7558246787fff,8a75582467b7fff,8a7558246797fff,8a755824679ffff,8a7558255b6ffff,8a7558255b4ffff,8a7558255b5ffff,8a7558255b47fff,8a7558255b77fff,8a7558255b2ffff,8a7558255b07fff,8a7558255867fff,8a755825595ffff,8a7558255937fff,8a7558273667fff,8a7558273767fff,8a75582730d7fff,8a75582733b7fff,8a755827305ffff,8a7558273337fff,8a7558273327fff",4
904671111,-57680132#1,0.8333333333333334,0.8333333333333334,1.0,0.5,0.6666666666666667,1.0,0.5833333333333334,0.5833333333333334,0.8333333333333334,1.0,0.4166666666666667,0.5833333333333334,0.3333333333333333,0.3333333333333333,0.5,0.5,0.0,0.8333333333333334,0.5,0.0,0.8333333333333334,0.8333333333333334,0.1666666666666666,"8a7558246797fff,8a755824679ffff,8a75582466b7fff,8a7558246697fff,8a7558246687fff,8a75582466affff,8a75582466f7fff,8a75582466c7fff,8a75582466effff,8a755824665ffff,8a755824664ffff",0
904671111,-57680132#1,0.0,0.0,0.1666666666666666,0.3333333333333333,0.1666666666666666,0.1666666666666666,0.5833333333333334,0.5833333333333334,0.5,0.3333333333333333,0.4166666666666667,0.5833333333333334,0.8333333333333334,0.5,0.3333333333333333,0.6666666666666667,0.5,0.1666666666666666,0.6666666666666667,0.8333333333333334,0.0,0.0,0.8333333333333334,"8a7558246797fff,8a755824679ffff,8a75582464cffff,8a75582464c7fff,8a75582464f7fff,8a755824648ffff,8a7558255b07fff,8a7558255b2ffff,8a7558255b77fff,8a7558255b47fff,8a7558255b5ffff,8a7558255b4ffff,8a7558246697fff,8a7558246687fff,8a755824668ffff,8a75582466f7fff,8a75582466c7fff,8a75582466effff,8a755824665ffff,8a755824664ffff",4
904671111,-57680132#1,0.3333333333333333,0.3333333333333333,0.5,0.1666666666666666,0.1666666666666666,0.6666666666666666,0.5833333333333334,0.5833333333333334,0.1666666666666666,0.5,1.0,0.5833333333333334,0.6666666666666666,0.1666666666666666,0.1666666666666666,0.0,0.75,0.3333333333333333,0.0,0.5,0.3333333333333333,0.3333333333333333,0.3333333333333333,"8a7558246797fff,8a755824679ffff,8a7558255b6ffff,8a7558255b4ffff,8a7558246697fff,8a7558246687fff,8a755824668ffff,8a75582466f7fff,8a75582466c7fff,8a75582466effff,8a755824665ffff,8a755824664ffff",1
904671111,-57680132#1,0.1666666666666666,0.1666666666666666,0.6666666666666666,0.8333333333333334,0.6666666666666667,0.3333333333333333,0.5833333333333334,0.5833333333333334,0.6666666666666666,0.1666666666666666,0.8333333333333334,0.5833333333333334,0.5,0.8333333333333334,0.8333333333333334,0.3333333333333333,0.3333333333333333,0.0,0.3333333333333333,0.6666666666666667,0.1666666666666666,0.1666666666666666,0.6666666666666667,"8a7558246797fff,8a755824679ffff,8a75582464cffff,8a75582464c7fff,8a75582464f7fff,8a755824648ffff,8a7558255b07fff,8a7558255b2ffff,8a7558255b77fff,8a7558255b47fff,8a7558255b5ffff,8a7558255b4ffff,8a7558246697fff,8a7558246687fff,8a75582466affff,8a75582466f7fff,8a75582466c7fff,8a75582466effff,8a755824665ffff,8a755824664ffff",4
904671111,-57680132#1,0.6666666666666667,0.6666666666666667,0.8333333333333334,0.6666666666666667,0.6666666666666667,0.8333333333333334,0.5833333333333334,0.5833333333333334,1.0,0.8333333333333334,0.4166666666666667,0.5833333333333334,0.1666666666666666,0.6666666666666667,0.6666666666666667,0.8333333333333334,0.1666666666666666,0.6666666666666667,0.8333333333333334,0.1666666666666666,0.6666666666666667,0.6666666666666667,0.0,"8a7558246797fff,8a755824679ffff,8a7558255b6ffff,8a7558255b4ffff,8a7558246697fff,8a7558246687fff,8a75582466affff,8a75582466f7fff,8a75582466c7fff,8a75582466effff,8a755824665ffff,8a755824664ffff",2
904671111,-57680132#1,0.5,0.5,0.3333333333333333,0.0,0.1666666666666666,0.5,0.5833333333333334,0.5833333333333334,0.3333333333333333,0.6666666666666666,0.4166666666666667,0.5833333333333334,1.0,0.0,0.0,0.1666666666666666,0.75,0.5,0.1666666666666666,0.3333333333333333,0.5,0.5,0.5,"8a7558246797fff,8a755824679ffff,8a75582466b7fff,8a7558246697fff,8a7558246687fff,8a755824668ffff,8a75582466f7fff,8a75582466c7fff,8a75582466effff,8a755824665ffff,8a755824664ffff",1
-41231515#3,-174375407#2,0.9,0.9,0.6,0.5,0.5,0.5,0.55,0.55,0.35,0.7,0.9,0.4,0.3,0.65,0.1999999999999999,0.3,0.5,0.9,0.5,0.0999999999999999,0.9,0.3,0.6,"8a755824446ffff,8a75582447a7fff,8a7558244787fff,8a75582446b7fff,8a755824469ffff,8a7558240d27fff,8a7558240d77fff,8a7558240d57fff,8a7558240c27fff,8a7558240c37fff,8a7558240c17fff,8a7558240cb7fff,8a755824634ffff,8a7558246277fff,8a75582462e7fff,8a75582462c7fff,8a75582462d7fff,8a7558242927fff,8a7558242937fff,8a755824664ffff,8a755824665ffff,8a75582429a7fff,8a75582429affff,8a755824291ffff",0
-41231515#3,-174375407#2,0.0,0.0,0.3,0.3,0.0,1.0,0.55,0.55,1.0,0.1,1.0,1.0,0.1,0.3,0.5,0.5,0.0,0.4,0.7,0.0,0.0,0.0,0.9,"8a75582447a7fff,8a755824446ffff,8a7558244467fff,8a7558244097fff,8a755824409ffff,8a7558244707fff,8a7558244717fff,8a755824471ffff,8a7558244627fff,8a7558244767fff,8a75582440c7fff,8a7558244c27fff,8a7558244c87fff,8a7558271257fff,8a75582712e7fff,8a7558246d27fff,8a7558273a0ffff,8a7558273aaffff,8a7558273a87fff,8a7558273337fff,8a75582733affff,8a755827338ffff,8a75582732f7fff,8a7558255967fff,8a75582464affff,8a75582464f7fff,8a755824648ffff,8a7558255b07fff,8a7558255b2ffff,8a7558255b77fff,8a7558255b47fff,8a7558255b5ffff,8a7558255b4ffff,8a7558246697fff,8a7558246687fff,8a75582466affff,8a75582466f7fff,8a75582466c7fff,8a75582466effff,8a755824665ffff,8a75582429a7fff,8a75582429affff,8a755824291ffff",1
-41231515#3,-174375407#2,0.6,0.5,0.9,0.4,0.5,0.8,0.55,0.55,0.8,0.9,0.3,0.8,0.4,0.0999999999999999,0.0,0.0,0.5,0.1999999999999999,0.0,0.5,0.4,0.5,0.3,"8a75582447a7fff,8a755824446ffff,8a755824409ffff,8a7558244707fff,8a7558244717fff,8a755824471ffff,8a7558244627fff,8a755824460ffff,8a755824461ffff,8a75582446c7fff,8a7558240d67fff,8a7558240d77fff,8a7558240d57fff,8a7558240d47fff,8a7558240c67fff,8a7558240c07fff,8a7558240c37fff,8a7558240c17fff,8a7558240cb7fff,8a755824634ffff,8a7558246277fff,8a75582462e7fff,8a75582462c7fff,8a75582462d7fff,8a7558242927fff,8a7558242937fff,8a755824664ffff,8a7558246647fff,8a755824665ffff,8a75582429a7fff,8a75582429affff,8a755824291ffff",0
-41231515#3,-174375407#2,0.1999999999999999,0.4,0.5,0.6,0.5,0.2,0.55,0.55,0.35,0.3,0.6,0.1,0.9,0.65,0.0999999999999999,0.7,0.5,0.0999999999999999,0.9,0.6,0.3,0.1999999999999999,0.7,"8a75582447a7fff,8a755824446ffff,8a7558244737fff,8a755824409ffff,8a7558244097fff,8a7558244467fff,8a7558244477fff,8a75582447b7fff,8a7558244797fff,8a7558244787fff,8a75582446b7fff,8a755824469ffff,8a7558246a6ffff,8a7558246a4ffff,8a7558246a5ffff,8a7558240da7fff,8a7558240daffff,8a7558240d1ffff,8a7558240c27fff,8a7558240c37fff,8a7558240c17fff,8a7558240cb7fff,8a755824634ffff,8a7558246277fff,8a75582462e7fff,8a75582462c7fff,8a75582462d7fff,8a7558242927fff,8a7558242937fff,8a755824664ffff,8a7558246647fff,8a755824665ffff,8a75582429a7fff,8a75582429affff,8a755824291ffff",4
-41231515#3,-174375407#2,0.8,0.7,0.8,0.0,0.5,0.9,0.55,0.55,0.35,1.0,0.7,0.9,0.2,0.65,0.7,0.6,0.5,0.8,0.3,0.3,0.7,0.6,0.0999999999999999,"8a755824446ffff,8a75582447a7fff,8a75582447affff,8a7558244637fff,8a7558244617fff,8a755824461ffff,8a755824468ffff,8a75582446d7fff,8a7558240d27fff,8a7558240d77fff,8a7558240d67fff,8a7558240d57fff,8a7558240d47fff,8a7558240c67fff,8a7558240c07fff,8a7558240c37fff,8a7558240c17fff,8a7558240cb7fff,8a755824634ffff,8a7558246277fff,8a75582462e7fff,8a75582462c7fff,8a75582462d7fff,8a7558242927fff,8a7558242937fff,8a755824664ffff,8a755824665ffff,8a75582429a7fff,8a75582429affff,8a755824291ffff",0
-41231515#3,-174375407#2,0.5,0.6,0.4,0.8,0.5,0.3,0.55,0.55,0.9,0.4,0.4,0.6,0.8,0.0,0.3,0.0999999999999999,0.5,0.6,0.1999999999999999,0.4,0.5,0.8,0.1999999999999999,"8a75582447a7fff,8a755824446ffff,8a7558244737fff,8a755824409ffff,8a7558244707fff,8a7558244717fff,8a755824471ffff,8a7558244637fff,8a7558244617fff,8a755824461ffff,8a755824468ffff,8a75582446dffff,8a75582446c7fff,8a7558240d67fff,8a7558240d77fff,8a7558240d57fff,8a7558240c27fff,8a7558240c37fff,8a7558240c17fff,8a7558240cb7fff,8a755824634ffff,8a7558246277fff,8a75582462e7fff,8a75582462c7fff,8a75582462d7fff,8a7558242927fff,8a7558242937fff,8a755824664ffff,8a755824665ffff,8a75582429a7fff,8a75582429affff,8a755824291ffff",2
-41231515#3,-174375407#2,0.3,0.1999999999999999,1.0,0.1999999999999999,0.5,0.7,0.55,0.55,0.7,0.8,0.1,0.5,0.5,0.1999999999999999,0.6,0.1999999999999999,0.5,0.3,0.0999999999999999,0.8,0.1999999999999999,0.0999999999999999,0.8,"8a75582447a7fff,8a755824446ffff,8a7558244467fff,8a7558244477fff,8a75582447b7fff,8a7558244787fff,8a75582446b7fff,8a755824469ffff,8a7558240d27fff,8a7558240d77fff,8a7558240d57fff,8a7558240d47fff,8a7558240c67fff,8a7558240c07fff,8a7558240c37fff,8a7558240c17fff,8a7558240cb7fff,8a755824634ffff,8a7558246277fff,8a75582462e7fff,8a75582462c7fff,8a75582462d7fff,8a7558242927fff,8a7558242937fff,8a755824664ffff,8a755824665ffff,8a75582429a7fff,8a75582429affff,8a755824291ffff",1
-41231515#3,-174375407#2,0.7,0.8,0.2,0.7,0.5,0.4,0.55,0.55,0.35,0.5,0.8,0.7,0.6,0.65,0.4,0.4,0.5,0.7,0.6,0.1999999999999999,0.8,0.7,0.0,"8a755824446ffff,8a75582447a7fff,8a75582447affff,8a7558244637fff,8a755824471ffff,8a7558244627fff,8a755824460ffff,8a755824461ffff,8a75582446c7fff,8a7558240d67fff,8a7558240d77fff,8a7558240d57fff,8a7558240c27fff,8a7558240c37fff,8a7558240c17fff,8a7558240cb7fff,8a755824634ffff,8a7558246277fff,8a75582462e7fff,8a75582462c7fff,8a75582462d7fff,8a7558242927fff,8a7558242937fff,8a755824664ffff,8a755824665ffff,8a75582429a7fff,8a75582429affff,8a755824291ffff",2
-41231515#3,-174375407#2,0.4,0.3,0.7,0.0999999999999999,0.5,0.6,0.55,0.55,0.35,0.6,0.5,0.3,0.7,0.65,0.8,0.8,0.5,0.5,0.4,0.7,0.6,0.4,0.4,"8a755824446ffff,8a75582447a7fff,8a7558244797fff,8a7558244787fff,8a75582446b7fff,8a755824469ffff,8a7558246a6ffff,8a7558246a4ffff,8a7558246a5ffff,8a7558240da7fff,8a7558240daffff,8a7558240d1ffff,8a7558240c27fff,8a7558240d57fff,8a7558240d47fff,8a7558240c67fff,8a7558240c07fff,8a7558240c37fff,8a7558240c17fff,8a7558240cb7fff,8a755824634ffff,8a7558246277fff,8a75582462e7fff,8a75582462c7fff,8a75582462d7fff,8a7558242927fff,8a7558242937fff,8a755824664ffff,8a755824665ffff,8a75582429a7fff,8a75582429affff,8a755824291ffff",3
-41231515#3,-174375407#2,0.0999999999999999,0.0999999999999999,0.1,0.9,0.5,0.1,0.55,0.55,0.35,0.2,0.2,0.2,1.0,0.65,0.9,0.9,0.5,0.0,0.8,0.9,0.0999999999999999,0.9,0.5,"8a75582447a7fff,8a755824446ffff,8a7558244737fff,8a755824409ffff,8a7558244707fff,8a7558244717fff,8a755824471ffff,8a7558244627fff,8a755824460ffff,8a755824461ffff,8a755824468ffff,8a75582446dffff,8a75582446c7fff,8a7558240d67fff,8a7558240d77fff,8a7558240d27fff,8a755824469ffff,8a7558246a6ffff,8a7558246a4ffff,8a7558246a5ffff,8a7558240da7fff,8a7558240daffff,8a7558240d1ffff,8a7558240c27fff,8a7558240c37fff,8a7558240c17fff,8a7558240cb7fff,8a755824634ffff,8a7558246277fff,8a75582462e7fff,8a75582462c7fff,8a75582462d7fff,8a7558242927fff,8a7558242937fff,8a755824664ffff,8a755824665ffff,8a75582429a7fff,8a75582429affff,8a755824291ffff",4
-41231513#4,-174897323#3,0.9,0.9,0.25,0.75,0.65,0.35,0.55,0.55,0.55,0.55,0.55,0.55,0.55,0.4499999999999999,0.4499999999999999,0.4499999999999999,0.4499999999999999,0.9,0.4499999999999999,0.4499999999999999,0.9,0.1999999999999999,0.9,"8a7558244707fff,8a755824409ffff,8a7558244087fff,8a75582440a7fff,8a755824418ffff,8a75582441affff",2
-41231513#4,-174897323#3,0.0999999999999999,0.0999999999999999,0.7,0.3,0.15,0.8,0.55,0.55,0.55,0.55,0.55,0.55,0.55,0.4499999999999999,0.4499999999999999,0.4499999999999999,0.4499999999999999,0.4,0.4499999999999999,0.4499999999999999,0.1999999999999999,0.0,0.4,"8a7558244707fff,8a755824409ffff,8a7558244737fff,8a755824446ffff,8a7558244097fff,8a7558244467fff,8a7558244477fff,8a75582447b7fff,8a75582447a7fff,8a7558244797fff,8a7558244787fff,8a75582447affff,8a7558244637fff,8a755824471ffff,8a7558244627fff,8a755824408ffff,8a75582440affff,8a7558244017fff,8a75582441affff,8a755824418ffff",3
-41231513#4,-174897323#3,0.7,0.7,0.25,0.75,0.65,0.35,0.55,0.55,0.55,0.55,0.55,0.55,0.55,0.4499999999999999,0.4499999999999999,0.4499999999999999,0.4499999999999999,0.7,0.4499999999999999,0.4499999999999999,0.7,0.9,0.7,"8a755824409ffff,8a7558244707fff,8a7558244717fff,8a755824471ffff,8a755824408ffff,8a75582440affff,8a7558244017fff,8a755824418ffff,8a75582441affff",2
-41231513#4,-174897323#3,0.3,0.3,1.0,0.0,0.15,1.0,0.55,0.55,0.55,0.55,0.55,0.55,0.55,0.4499999999999999,0.4499999999999999,0.4499999999999999,0.4499999999999999,0.3,0.4499999999999999,0.4499999999999999,0.3,0.7,0.3,"8a755824409ffff,8a7558244707fff,8a7558244717fff,8a755824471ffff,8a7558244637fff,8a75582447affff,8a755824478ffff,8a75582446a7fff,8a7558244687fff,8a75582446b7fff,8a7558244787fff,8a75582447a7fff,8a755824446ffff,8a7558244737fff,8a7558244087fff,8a75582440a7fff,8a755824418ffff,8a75582441affff",3
-41231513#4,-174897323#3,0.1999999999999999,0.1999999999999999,0.6,0.4,0.65,0.35,0.55,0.55,0.55,0.55,0.55,0.55,0.55,0.4499999999999999,0.4499999999999999,0.4499999999999999,0.4499999999999999,0.6,0.4499999999999999,0.4499999999999999,0.0,0.6,0.1999999999999999,"8a755824409ffff,8a7558244707fff,8a7558244717fff,8a755824471ffff,8a7558244627fff,8a755824460ffff,8a755824461ffff,8a7558244617fff,8a7558244637fff,8a75582447affff,8a7558244737fff,8a7558244087fff,8a75582440affff,8a7558244017fff,8a75582441affff,8a755824418ffff",2
-41231513#4,-174897323#3,0.8,0.8,0.25,0.75,0.65,0.35,0.55,0.55,0.55,0.55,0.55,0.55,0.55,0.4499999999999999,0.4499999999999999,0.4499999999999999,0.4499999999999999,0.8,0.4499999999999999,0.4499999999999999,0.8,0.4,0.8,"8a7558244707fff,8a755824409ffff,8a7558244087fff,8a75582440affff,8a7558244017fff,8a75582441affff,8a755824418ffff",2
-41231513#4,-174897323#3,0.5,0.5,0.5,0.5,0.65,0.35,0.55,0.55,0.55,0.55,0.55,0.55,0.55,0.4499999999999999,0.4499999999999999,0.4499999999999999,0.4499999999999999,0.0,0.4499999999999999,0.4499999999999999,0.4,0.3,0.0999999999999999,"8a755824409ffff,8a7558244707fff,8a7558244717fff,8a755824471ffff,8a7558244637fff,8a75582447affff,8a7558244737fff,8a755824446ffff,8a7558244467fff,8a7558244097fff,8a7558244087fff,8a75582440a7fff,8a755824418ffff,8a75582441affff",2
-41231513#4,-174897323#3,0.0,0.0,0.8,0.1999999999999999,0.15,0.7,0.55,0.55,0.55,0.55,0.55,0.55,0.55,0.4499999999999999,0.4499999999999999,0.4499999999999999,0.4499999999999999,0.5,0.4499999999999999,0.4499999999999999,0.0999999999999999,0.0999999999999999,0.5,"8a7558244707fff,8a755824409ffff,8a7558244737fff,8a755824446ffff,8a75582447a7fff,8a75582447affff,8a7558244637fff,8a7558244617fff,8a755824461ffff,8a755824468ffff,8a75582446dffff,8a75582446c7fff,8a755824460ffff,8a7558244627fff,8a755824471ffff,8a755824408ffff,8a75582440affff,8a7558244017fff,8a75582441affff,8a755824418ffff",3
-41231513#4,-174897323#3,0.4,0.4,0.9,0.0999999999999999,0.15,0.9,0.55,0.55,0.55,0.55,0.55,0.55,0.55,0.4499999999999999,0.4499999999999999,0.4499999999999999,0.4499999999999999,0.1999999999999999,0.4499999999999999,0.4499999999999999,0.5,0.5,0.0,"8a7558244707fff,8a755824409ffff,8a755824446ffff,8a75582447a7fff,8a75582447affff,8a7558244637fff,8a755824471ffff,8a7558244627fff,8a755824408ffff,8a75582440affff,8a7558244087fff,8a75582440a7fff,8a755824418ffff,8a75582441affff",3
-41231513#4,-174897323#3,0.6,0.6,0.25,0.75,0.65,0.35,0.55,0.55,0.55,0.55,0.55,0.55,0.55,0.4499999999999999,0.4499999999999999,0.4499999999999999,0.4499999999999999,0.0999999999999999,0.4499999999999999,0.4499999999999999,0.6,0.8,0.6,"8a755824409ffff,8a7558244707fff,8a7558244717fff,8a755824471ffff,8a755824408ffff,8a75582440affff,8a7558244087fff,8a75582440a7fff,8a755824418ffff,8a75582441affff",2
-174897323#0,57680129,0.8,0.8,0.4,0.6,0.6,0.4,0.6,0.6,0.6,0.6,0.6,0.6,0.6,0.4,0.4,0.4,0.4,0.0,0.4,0.4,0.8,0.1999999999999999,0.4,"8a755824409ffff,8a7558244087fff,8a75582440affff,8a7558244017fff,8a755824418ffff",2
-174897323#0,57680129,0.1999999999999999,0.1999999999999999,1.0,0.0,0.0999999999999999,1.0,0.6,0.6,0.6,0.6,0.6,0.6,0.6,0.4,0.4,0.4,0.4,0.8,0.4,0.4,0.1999999999999999,0.4,0.0,"8a7558244087fff,8a755824409ffff,8a7558244737fff,8a755824446ffff,8a75582447a7fff,8a75582447affff,8a7558244637fff,8a755824471ffff,8a7558244627fff,8a7558244707fff,8a755824408ffff,8a75582440affff,8a7558244017fff,8a755824418ffff",3
-174897323#0,57680129,0.4,0.4,0.4,0.6,0.6,0.4,0.6,0.6,0.6,0.6,0.6,0.6,0.6,0.4,0.4,0.4,0.4,0.1999999999999999,0.4,0.4,0.4,0.8,0.8,"8a7558244087fff,8a755824409ffff,8a7558244707fff,8a7558244717fff,8a755824471ffff,8a755824408ffff,8a75582440affff,8a7558244017fff,8a755824418ffff",2
-174897323#0,57680129,0.0,0.0,0.8,0.1999999999999999,0.0999999999999999,0.8,0.6,0.6,0.6,0.6,0.6,0.6,0.6,0.4,0.4,0.4,0.4,0.4,0.4,0.4,0.0,0.0,0.1999999999999999,"8a7558244087fff,8a755824409ffff,8a7558244737fff,8a755824446ffff,8a7558244097fff,8a7558244467fff,8a7558244477fff,8a75582447b7fff,8a75582447a7fff,8a7558244797fff,8a7558244787fff,8a75582447affff,8a7558244637fff,8a755824471ffff,8a7558244627fff,8a7558244707fff,8a755824408ffff,8a75582440affff,8a7558244017fff,8a755824418ffff",1
-174897323#0,57680129,0.6,0.6,0.4,0.6,0.6,0.4,0.6,0.6,0.6,0.6,0.6,0.6,0.6,0.4,0.4,0.4,0.4,0.6,0.4,0.4,0.6,0.6,0.6,"8a7558244087fff,8a755824409ffff,8a7558244707fff,8a7558244717fff,8a755824471ffff,8a755824408ffff,8a75582440affff,8a7558244017fff,8a755824418ffff",2
-41231716,-561133140#1,0.9,0.9,0.1,0.8,0.8,0.2,0.55,0.55,0.55,0.55,0.55,0.9,0.2,0.4499999999999999,0.0,0.0,0.4499999999999999,0.9,0.0,0.4499999999999999,0.9,0.4,0.6,"8a7558240d8ffff,8a7558240d1ffff,8a7558240c27fff,8a7558240d57fff,8a7558240d77fff,8a7558240d67fff,8a75582446c7fff,8a755824461ffff,8a755824460ffff,8a7558244627fff,8a755824471ffff",0
-41231716,-561133140#1,0.1999999999999999,0.1999999999999999,0.5,0.5,0.3,0.5,0.55,0.55,0.55,0.55,0.55,0.3,0.8,0.4499999999999999,0.7,0.7,0.4499999999999999,0.1999999999999999,0.7,0.4499999999999999,0.1999999999999999,0.5,0.5,"8a7558240d8ffff,8a7558240d1ffff,8a7558240daffff,8a7558240da7fff,8a7558246a5ffff,8a7558246a4ffff,8a7558240d37fff,8a755824469ffff,8a7558240d27fff,8a7558244687fff,8a75582446a7fff,8a755824478ffff,8a75582447affff,8a7558244737fff,8a755824446ffff,8a755824409ffff,8a7558244707fff,8a7558244717fff,8a755824471ffff,8a7558244627fff",4
-41231716,-561133140#1,0.4,0.4,0.6,0.4,0.3,0.6,0.55,0.55,0.55,0.55,0.55,0.8,0.3,0.4499999999999999,0.3,0.3,0.4499999999999999,0.0999999999999999,0.3,0.4499999999999999,0.4,0.0999999999999999,0.8,"8a7558240d8ffff,8a7558240d1ffff,8a7558240daffff,8a7558240da7fff,8a7558246a5ffff,8a7558246a4ffff,8a7558246a67fff,8a7558246a6ffff,8a755824469ffff,8a7558240d27fff,8a7558240d77fff,8a7558240d57fff,8a7558240d67fff,8a7558240d47fff,8a7558240997fff,8a75582446cffff,8a755824460ffff,8a7558244627fff,8a755824471ffff",1
-41231716,-561133140#1,0.0999999999999999,0.0999999999999999,0.8,0.1999999999999999,0.3,0.8,0.55,0.55,0.55,0.55,0.55,0.6,0.5,0.4499999999999999,0.4,0.4,0.4499999999999999,0.6,0.4,0.4499999999999999,0.0999999999999999,0.1999999999999999,0.4,"8a7558240d8ffff,8a7558240d1ffff,8a7558240c27fff,8a7558240d57fff,8a7558240d77fff,8a7558240d27fff,8a755824469ffff,8a75582446b7fff,8a7558244787fff,8a7558244797fff,8a75582447a7fff,8a75582447affff,8a7558244737fff,8a755824409ffff,8a7558244707fff,8a7558244717fff,8a755824471ffff,8a7558244627fff",3
-41231716,-561133140#1,0.6,0.5,1.0,0.0,0.3,1.0,0.55,0.55,0.55,0.55,0.55,0.3,0.8,0.4499999999999999,0.7,0.7,0.4499999999999999,0.7,0.7,0.4499999999999999,0.5,0.6,0.1999999999999999,"8a7558240d8ffff,8a7558240d1ffff,8a7558240daffff,8a7558240da7fff,8a7558246a5ffff,8a7558246a4ffff,8a7558246a6ffff,8a755824469ffff,8a75582446b7fff,8a7558244787fff,8a75582447a7fff,8a75582447affff,8a7558244637fff,8a755824471ffff,8a7558244627fff",3
-41231716,-561133140#1,0.0,0.0,0.4,0.6,0.3,0.4,0.55,0.55,0.55,0.55,0.55,0.3,0.8,0.4499999999999999,0.7,0.7,0.4499999999999999,0.0,0.7,0.4499999999999999,0.0,0.8,0.9,"8a7558240d8ffff,8a7558240d1ffff,8a7558240daffff,8a7558240da7fff,8a7558246a5ffff,8a7558246a4ffff,8a7558240d37fff,8a755824469ffff,8a7558240d27fff,8a7558244687fff,8a75582446a7fff,8a755824478ffff,8a75582447affff,8a7558244637fff,8a7558244617fff,8a755824461ffff,8a755824468ffff,8a75582446d7fff,8a7558240d77fff,8a75582446dffff,8a75582446c7fff,8a75582446e7fff,8a755824460ffff,8a7558244627fff,8a755824471ffff",4
-41231716,-561133140#1,0.8,0.8,0.2,0.9,0.8,0.2,0.55,0.55,0.55,0.55,0.55,1.0,0.1,0.4499999999999999,0.0999999999999999,0.0999999999999999,0.4499999999999999,0.8,0.0999999999999999,0.4499999999999999,0.8,0.3,0.0999999999999999,"8a7558240d8ffff,8a7558240d1ffff,8a7558240c27fff,8a7558240d57fff,8a7558240d77fff,8a7558240d27fff,8a7558244687fff,8a75582446a7fff,8a755824478ffff,8a75582447affff,8a7558244637fff,8a755824471ffff,8a7558244627fff",0
-41231716,-561133140#1,0.5,0.6,0.7,0.3,0.3,0.7,0.55,0.55,0.55,0.55,0.55,0.3,0.8,0.4499999999999999,0.7,0.7,0.4499999999999999,0.5,0.7,0.4499999999999999,0.6,0.7,0.3,"8a7558240d8ffff,8a7558240d1ffff,8a7558240daffff,8a7558240da7fff,8a7558246a5ffff,8a7558246a4ffff,8a7558246a67fff,8a755824469ffff,8a7558240d27fff,8a7558244687fff,8a75582446a7fff,8a755824478ffff,8a75582447affff,8a7558244637fff,8a755824471ffff,8a7558244627fff",3
-41231716,-561133140#1,0.7,0.7,0.3,0.7,0.8,0.2,0.55,0.55,0.55,0.55,0.55,0.7,0.4,0.4499999999999999,0.1999999999999999,0.1999999999999999,0.4499999999999999,0.3,0.1999999999999999,0.4499999999999999,0.7,0.9,0.0,"8a7558240d8ffff,8a7558240d1ffff,8a7558240c27fff,8a7558240d57fff,8a7558240d77fff,8a7558240d67fff,8a7558240d47fff,8a7558240997fff,8a75582446c7fff,8a75582446e7fff,8a755824461ffff,8a7558244617fff,8a7558244637fff,8a755824471ffff,8a7558244627fff",0
-41231716,-561133140#1,0.3,0.3,0.9,0.0999999999999999,0.3,0.9,0.55,0.55,0.55,0.55,0.55,0.3,0.8,0.4499999999999999,0.7,0.7,0.4499999999999999,0.4,0.7,0.4499999999999999,0.3,0.0,0.7,"8a7558240d8ffff,8a7558240d1ffff,8a7558240daffff,8a7558240da7fff,8a7558246a5ffff,8a7558246a4ffff,8a7558246a6ffff,8a755824469ffff,8a75582446b7fff,8a7558244787fff,8a75582447a7fff,8a7558244467fff,8a7558244097fff,8a755824409ffff,8a7558244707fff,8a7558244717fff,8a755824471ffff,8a7558244627fff",3
57680181#0,-174375407#2,0.9,0.9,0.5,0.6,0.4499999999999999,0.55,0.55,0.55,0.55,0.55,1.0,0.55,0.1,0.4499999999999999,0.1999999999999999,0.55,0.4499999999999999,0.9,0.1999999999999999,0.4499999999999999,0.9,0.3,0.9,"8a75582404e7fff,8a7558240417fff,8a7558240597fff,8a755824296ffff,8a755824291ffff,8a75582429affff",2
57680181#0,-174375407#2,0.0999999999999999,0.0999999999999999,1.0,0.0,0.4499999999999999,0.55,0.55,0.55,0.55,0.55,0.5,0.55,0.6,0.4499999999999999,0.8,0.55,0.4499999999999999,0.8,0.8,0.4499999999999999,0.0999999999999999,0.8,0.0,"8a75582404e7fff,8a7558240417fff,8a7558240597fff,8a75582405b7fff,8a755824625ffff,8a755824624ffff,8a7558240517fff,8a755824051ffff,8a7558240437fff,8a7558240407fff,8a755824040ffff,8a75582404f7fff,8a755824296ffff,8a755824291ffff,8a75582429affff",3
57680181#0,-174375407#2,0.6,0.6,0.5,0.6,0.4499999999999999,0.55,0.55,0.55,0.55,0.55,0.3,0.55,0.8,0.4499999999999999,0.4,0.55,0.4499999999999999,0.0,0.4,0.4499999999999999,0.6,0.5,0.7,"8a75582404e7fff,8a7558240417fff,8a7558240597fff,8a75582405b7fff,8a7558240407fff,8a755824040ffff,8a75582404f7fff,8a75582404affff,8a755824296ffff,8a755824291ffff,8a75582429affff",2
57680181#0,-174375407#2,0.7,0.7,0.5,0.6,0.4499999999999999,0.55,0.55,0.55,0.55,0.55,0.9,0.55,0.2,0.4499999999999999,0.0,0.0,0.4499999999999999,0.5,0.0,0.4499999999999999,0.7,0.1999999999999999,0.5,"8a75582404e7fff,8a7558240417fff,8a7558240597fff,8a755824040ffff,8a75582404f7fff,8a755824296ffff,8a755824291ffff,8a75582429affff",0
57680181#0,-174375407#2,0.3,0.3,0.5,0.6,0.4499999999999999,0.55,0.55,0.55,0.55,0.55,0.6,0.55,0.5,0.4499999999999999,0.6,0.55,0.4499999999999999,0.1999999999999999,0.6,0.4499999999999999,0.3,0.4,0.6,"8a75582404e7fff,8a7558240417fff,8a7558240597fff,8a75582405b7fff,8a7558240437fff,8a7558240407fff,8a755824040ffff,8a75582404f7fff,8a755824296ffff,8a755824291ffff,8a75582429affff",4
57680181#0,-174375407#2,0.0,0.0,0.9,0.1999999999999999,0.4499999999999999,0.55,0.55,0.55,0.55,0.55,0.1,0.55,1.0,0.4499999999999999,0.9,0.55,0.4499999999999999,0.7,0.9,0.4499999999999999,0.0,0.9,0.0999999999999999,"8a75582404e7fff,8a7558240417fff,8a7558240597fff,8a75582405b7fff,8a755824625ffff,8a75582462effff,8a755824624ffff,8a7558240517fff,8a755824051ffff,8a7558240437fff,8a7558240407fff,8a755824040ffff,8a75582404f7fff,8a75582404affff,8a755824296ffff,8a755824291ffff,8a75582429affff",3
57680181#0,-174375407#2,0.4,0.4,0.5,0.6,0.4499999999999999,0.55,0.55,0.55,0.55,0.55,0.8,0.55,0.3,0.4499999999999999,0.5,0.55,0.4499999999999999,0.4,0.5,0.4499999999999999,0.4,0.0999999999999999,0.4,"8a75582404e7fff,8a7558240417fff,8a7558240597fff,8a75582405b7fff,8a7558240407fff,8a755824040ffff,8a75582404f7fff,8a755824296ffff,8a755824291ffff,8a75582429affff",2
57680181#0,-174375407#2,0.1999999999999999,0.1999999999999999,0.1,0.0999999999999999,0.4499999999999999,0.55,0.55,0.55,0.55,0.55,0.2,0.55,0.9,0.4499999999999999,0.7,0.55,0.4499999999999999,0.3,0.7,0.4499999999999999,0.1999999999999999,0.7,0.1999999999999999,"8a75582404e7fff,8a7558240417fff,8a7558240597fff,8a75582405b7fff,8a7558240437fff,8a7558240407fff,8a755824040ffff,8a75582404f7fff,8a75582404affff,8a755824296ffff,8a755824291ffff,8a75582429affff",4
57680181#0,-174375407#2,0.8,0.8,0.5,0.6,0.4499999999999999,0.55,0.55,0.55,0.55,0.55,0.4,0.55,0.7,0.4499999999999999,0.3,0.55,0.4499999999999999,0.6,0.3,0.4499999999999999,0.8,0.6,0.8,"8a75582404e7fff,8a7558240417fff,8a7558240597fff,8a755824040ffff,8a75582404f7fff,8a75582404affff,8a755824296ffff,8a755824291ffff,8a75582429affff",2
57680181#0,-174375407#2,0.5,0.5,0.5,0.6,0.4499999999999999,0.55,0.55,0.55,0.55,0.55,0.7,0.55,0.4,0.4499999999999999,0.0999999999999999,0.0999999999999999,0.4499999999999999,0.0999999999999999,0.0999999999999999,0.4499999999999999,0.5,0.0,0.3,"8a75582404e7fff,8a7558240417fff,8a7558240597fff,8a75582405b7fff,8a7558240407fff,8a755824040ffff,8a75582404f7fff,8a755824296ffff,8a755824291ffff,8a75582429affff",1
57680138,39761731#1,0.9,0.9,0.3,0.7,0.4499999999999999,1.0,0.55,0.55,0.35,1.0,0.7,0.55,0.1,0.65,0.4,0.6,0.4499999999999999,0.5,0.3,0.0,0.9,0.9,0.0999999999999999,"8a755824292ffff,8a7558242927fff,8a7558242937fff,8a755824664ffff,8a755824665ffff,8a75582429a7fff,8a75582429affff,8a755824291ffff,8a755824296ffff,8a7558240597fff,8a75582405b7fff,8a755824625ffff,8a75582462effff",0
57680138,39761731#1,0.4,0.6,1.0,0.0,0.4499999999999999,0.6,0.55,0.55,0.35,0.3,1.0,0.55,0.4,0.65,0.1999999999999999,0.1999999999999999,0.4499999999999999,0.4,0.5,0.3,0.6,0.4,0.6,"8a755824292ffff,8a7558242927fff,8a7558242937fff,8a755824664ffff,8a7558246647fff,8a755824665ffff,8a75582429a7fff,8a75582429affff,8a755824291ffff,8a755824296ffff,8a75582404f7fff,8a75582404e7fff,8a755824040ffff,8a7558240407fff,8a7558240437fff,8a755824051ffff,8a755824625ffff,8a75582462effff",3
57680138,39761731#1,0.8,0.7,0.9,0.0999999999999999,0.4499999999999999,0.9,0.55,0.55,1.0,0.7,0.2,0.55,0.9,0.0,0.0,0.0,0.4499999999999999,0.1999999999999999,0.0,0.1999999999999999,0.7,0.8,0.0,"8a755824292ffff,8a7558242927fff,8a7558242937fff,8a755824664ffff,8a7558246647fff,8a755824665ffff,8a75582429a7fff,8a75582429affff,8a755824291ffff,8a755824296ffff,8a7558240597fff,8a75582405b7fff,8a7558240437fff,8a755824051ffff,8a7558240517fff,8a755824624ffff,8a755824625ffff,8a75582462effff",0
57680138,39761731#1,0.0,0.0,0.4,0.6,0.4499999999999999,0.2,0.55,0.55,0.7,0.5,0.4,0.55,0.6,0.3,0.8,0.7,0.4499999999999999,0.7,0.7,0.9,0.0,0.0999999999999999,0.8,"8a755824292ffff,8a7558242927fff,8a7558242937fff,8a755824664ffff,8a755824665ffff,8a75582429a7fff,8a75582429affff,8a755824291ffff,8a755824296ffff,8a75582404f7fff,8a75582404e7fff,8a755824040ffff,8a7558240417fff,8a7558240597fff,8a75582405b7fff,8a7558240407fff,8a7558240437fff,8a755824051ffff,8a755824625ffff,8a75582462effff",4
57680138,39761731#1,0.0999999999999999,0.0999999999999999,0.1,0.9,0.4499999999999999,0.1,0.55,0.55,0.35,0.1,0.5,0.55,0.7,0.65,0.9,0.9,0.4499999999999999,0.0999999999999999,0.9,0.8,0.0999999999999999,0.1999999999999999,0.7,"8a755824292ffff,8a7558242927fff,8a7558242937fff,8a755824664ffff,8a755824665ffff,8a75582429a7fff,8a75582429affff,8a755824291ffff,8a755824296ffff,8a75582404f7fff,8a75582404affff,8a7558240597fff,8a75582405b7fff,8a7558240407fff,8a7558240437fff,8a755824051ffff,8a7558240517fff,8a755824624ffff,8a755824625ffff,8a75582462effff",4
57680138,39761731#1,0.3,0.5,0.65,0.35,0.4499999999999999,0.4,0.55,0.55,0.35,0.2,0.9,0.55,0.5,0.65,0.3,0.3,0.4499999999999999,0.3,0.6,0.4,0.5,0.3,0.4,"8a755824292ffff,8a7558242927fff,8a7558242937fff,8a755824664ffff,8a7558246647fff,8a755824665ffff,8a75582429a7fff,8a75582429affff,8a755824291ffff,8a755824296ffff,8a75582404f7fff,8a75582404e7fff,8a7558240417fff,8a7558240597fff,8a75582405b7fff,8a755824625ffff,8a75582462effff",3
57680138,39761731#1,0.7,0.8,0.5,0.5,0.4499999999999999,0.5,0.55,0.55,0.35,0.4,0.3,0.55,1.0,0.65,0.0999999999999999,0.0999999999999999,0.4499999999999999,0.0,0.4,0.0999999999999999,0.8,0.6,0.1999999999999999,"8a755824292ffff,8a7558242927fff,8a7558242937fff,8a755824664ffff,8a7558246647fff,8a755824665ffff,8a75582429a7fff,8a75582429affff,8a755824291ffff,8a755824296ffff,8a7558240597fff,8a75582405b7fff,8a7558240407fff,8a7558240437fff,8a755824051ffff,8a755824625ffff,8a75582462effff",2
57680138,39761731#1,0.6,0.1999999999999999,0.8,0.1999999999999999,0.4499999999999999,0.8,0.55,0.55,0.8,0.8,0.1,0.55,0.8,0.1999999999999999,0.6,0.5,0.4499999999999999,0.8,0.1999999999999999,0.7,0.1999999999999999,0.7,0.3,"8a755824292ffff,8a7558242927fff,8a7558242937fff,8a755824664ffff,8a755824665ffff,8a75582429a7fff,8a75582429affff,8a755824291ffff,8a755824296ffff,8a7558240597fff,8a7558240417fff,8a755824040ffff,8a7558240407fff,8a7558240437fff,8a755824051ffff,8a755824625ffff,8a75582462effff",3
57680138,39761731#1,0.1999999999999999,0.4,0.2,0.8,0.4499999999999999,0.3,0.55,0.55,0.35,0.6,0.8,0.55,0.3,0.65,0.7,0.8,0.4499999999999999,0.9,0.8,0.5,0.4,0.0,0.9,"8a755824292ffff,8a7558242927fff,8a7558242937fff,8a755824664ffff,8a755824665ffff,8a75582429a7fff,8a75582429affff,8a755824291ffff,8a755824296ffff,8a75582404f7fff,8a75582404e7fff,8a755824040ffff,8a7558240407fff,8a75582405b7fff,8a755824625ffff,8a75582462effff",4
57680138,39761731#1,0.5,0.3,0.65,0.35,0.4499999999999999,0.7,0.55,0.55,0.9,0.9,0.6,0.55,0.2,0.0999999999999999,0.5,0.4,0.4499999999999999,0.6,0.0999999999999999,0.6,0.3,0.5,0.5,"8a755824292ffff,8a7558242927fff,8a7558242937fff,8a755824664ffff,8a755824665ffff,8a75582429a7fff,8a75582429affff,8a755824291ffff,8a755824296ffff,8a75582404f7fff,8a75582404affff,8a7558240597fff,8a75582405b7fff,8a755824625ffff,8a75582462effff",0
41273131,-41273141#1,0.8,0.8,0.2,0.8,0.75,0.25,0.55,0.55,0.55,0.55,0.55,0.45,0.65,0.4499999999999999,0.55,0.55,0.4499999999999999,0.8,0.55,0.4499999999999999,0.8,0.0,0.8,"8a7558244477fff,8a75582447b7fff,8a7558244467fff,8a7558244097fff,8a755824409ffff,8a7558244087fff,8a75582440affff",2
41273131,-41273141#1,0.1999999999999999,0.1999999999999999,0.6,0.4,0.25,0.7,0.55,0.55,0.55,0.55,0.55,1.0,0.1,0.4499999999999999,0.0,0.0,0.4499999999999999,0.0,0.0,0.4499999999999999,0.0999999999999999,0.8,0.3,"8a7558244477fff,8a75582447b7fff,8a75582447a7fff,8a7558244797fff,8a7558244787fff,8a75582446b7fff,8a755824469ffff,8a7558240d27fff,8a7558240d77fff,8a7558240d57fff,8a7558240d67fff,8a75582446dffff,8a75582446c7fff,8a75582446e7fff,8a755824461ffff,8a755824460ffff,8a7558244627fff,8a755824471ffff,8a7558244707fff,8a755824408ffff,8a75582440affff",1
41273131,-41273141#1,0.4,0.4,0.9,0.0999999999999999,0.25,0.6,0.55,0.55,0.55,0.55,0.55,0.45,0.65,0.4499999999999999,0.55,0.55,0.4499999999999999,0.6,0.55,0.4499999999999999,0.5,0.1999999999999999,0.7,"8a7558244477fff,8a75582447b7fff,8a75582447a7fff,8a7558244467fff,8a755824446ffff,8a75582447affff,8a7558244737fff,8a755824409ffff,8a7558244707fff,8a7558244717fff,8a755824471ffff,8a755824408ffff,8a75582440affff",3
41273131,-41273141#1,0.0999999999999999,0.0999999999999999,0.5,0.5,0.25,0.5,0.55,0.55,0.55,0.55,0.55,0.45,0.65,0.4499999999999999,0.55,0.55,0.4499999999999999,0.1999999999999999,0.55,0.4499999999999999,0.1999999999999999,0.6,0.5,"8a7558244477fff,8a75582447b7fff,8a7558244467fff,8a7558244097fff,8a755824409ffff,8a755824446ffff,8a75582447a7fff,8a75582447affff,8a7558244637fff,8a7558244617fff,8a755824461ffff,8a755824468ffff,8a75582446dffff,8a75582446c7fff,8a755824460ffff,8a7558244627fff,8a755824471ffff,8a7558244707fff,8a7558244087fff,8a75582440affff",4
41273131,-41273141#1,0.3,0.3,0.4,0.6,0.75,0.25,0.55,0.55,0.55,0.55,0.55,0.45,0.65,0.4499999999999999,0.55,0.55,0.4499999999999999,0.5,0.55,0.4499999999999999,0.3,0.4,0.0999999999999999,"8a7558244477fff,8a75582447b7fff,8a75582447a7fff,8a7558244787fff,8a75582446b7fff,8a755824469ffff,8a7558240d27fff,8a7558244687fff,8a75582446a7fff,8a755824478ffff,8a75582447affff,8a7558244637fff,8a755824471ffff,8a7558244627fff,8a7558244717fff,8a7558244707fff,8a755824409ffff,8a7558244087fff,8a75582440affff",2
41273131,-41273141#1,0.6,0.6,1.0,0.0,0.25,0.8,0.55,0.55,0.55,0.55,0.55,0.45,0.65,0.4499999999999999,0.55,0.55,0.4499999999999999,0.7,0.55,0.4499999999999999,0.7,0.3,0.6,"8a7558244477fff,8a75582447b7fff,8a75582447a7fff,8a7558244797fff,8a7558244787fff,8a755824446ffff,8a7558244737fff,8a755824409ffff,8a7558244087fff,8a75582440affff",3
41273131,-41273141#1,0.7,0.7,0.7,0.1999999999999999,0.25,0.9,0.55,0.55,0.55,0.55,0.55,0.45,0.65,0.4499999999999999,0.55,0.55,0.4499999999999999,0.4,0.55,0.4499999999999999,0.6,0.9,0.0,"8a7558244477fff,8a75582447b7fff,8a75582447a7fff,8a75582447affff,8a7558244637fff,8a755824471ffff,8a7558244627fff,8a7558244707fff,8a755824408ffff,8a75582440affff",3
41273131,-41273141#1,0.5,0.5,0.2,0.8,0.75,0.25,0.55,0.55,0.55,0.55,0.55,0.45,0.65,0.4499999999999999,0.55,0.55,0.4499999999999999,0.3,0.55,0.4499999999999999,0.4,0.5,0.9,"8a7558244477fff,8a75582447b7fff,8a7558244467fff,8a7558244097fff,8a755824409ffff,8a755824446ffff,8a7558244737fff,8a7558244707fff,8a7558244717fff,8a755824471ffff,8a755824408ffff,8a75582440affff",2
41273131,-41273141#1,0.0,0.0,0.8,0.3,0.25,1.0,0.55,0.55,0.55,0.55,0.55,0.9,0.2,0.4499999999999999,0.0999999999999999,0.0999999999999999,0.4499999999999999,0.0999999999999999,0.0999999999999999,0.4499999999999999,0.0,0.7,0.1999999999999999,"8a7558244477fff,8a75582447b7fff,8a75582447a7fff,8a7558244467fff,8a7558244097fff,8a755824409ffff,8a7558244737fff,8a755824446ffff,8a75582447affff,8a755824478ffff,8a75582446a7fff,8a7558244687fff,8a75582446b7fff,8a755824469ffff,8a7558240d27fff,8a7558240d77fff,8a7558240d57fff,8a7558240d67fff,8a7558240d47fff,8a7558240997fff,8a75582446c7fff,8a755824461ffff,8a755824460ffff,8a7558244627fff,8a755824471ffff,8a7558244707fff,8a755824408ffff,8a75582440affff",1
41273131,-41273141#1,0.9,0.9,0.2,0.8,0.75,0.25,0.55,0.55,0.55,0.55,0.55,0.45,0.65,0.4499999999999999,0.55,0.55,0.4499999999999999,0.9,0.55,0.4499999999999999,0.9,0.0999999999999999,0.4,"8a7558244477fff,8a75582447b7fff,8a75582447a7fff,8a755824446ffff,8a755824409ffff,8a7558244087fff,8a75582440affff",2
-39353757#3,-22561499#1,0.9,0.9,0.7,0.7,0.65,0.8,0.55,0.55,1.0,0.5,1.0,0.5,0.1,0.5,0.7,0.8,0.0,0.8,0.5,0.7,0.9,0.7,0.1999999999999999,"8a7558240597fff,8a755824296ffff,8a755824291ffff,8a75582429affff,8a75582429a7fff,8a755824665ffff,8a75582466effff,8a75582466c7fff,8a75582466f7fff,8a75582466affff,8a7558246687fff,8a7558246697fff,8a7558255b4ffff",2
-39353757#3,-22561499#1,0.0,0.0,0.2,0.1999999999999999,0.0999999999999999,1.0,0.55,0.55,0.1,0.4,0.1,0.5,1.0,0.4,0.1999999999999999,0.1999999999999999,0.9,0.5,0.3,0.4,0.0,0.3,0.9,"8a7558240597fff,8a75582405b7fff,8a755824625ffff,8a755824624ffff,8a7558240517fff,8a755824051ffff,8a7558240437fff,8a7558240407fff,8a755824040ffff,8a75582404e7fff,8a7558240417fff,8a755824296ffff,8a755824291ffff,8a75582429affff,8a75582429a7fff,8a755824665ffff,8a75582466effff,8a75582466c7fff,8a75582466f7fff,8a75582466affff,8a7558246687fff,8a7558246697fff,8a7558255a67fff,8a7558255a77fff,8a7558255aa7fff,8a755825516ffff,8a7558255a37fff,8a7558255b57fff,8a7558255b5ffff,8a7558255b4ffff",1
-39353757#3,-22561499#1,0.0999999999999999,0.1999999999999999,0.3,0.0999999999999999,0.0999999999999999,0.3,0.55,0.55,0.2,0.9,0.6,0.5,0.5,0.1999999999999999,0.4,0.5,0.7,0.6,0.1999999999999999,0.3,0.0999999999999999,0.0,0.7,"8a7558240597fff,8a75582405b7fff,8a7558240407fff,8a755824040ffff,8a75582404e7fff,8a75582404f7fff,8a755824296ffff,8a755824291ffff,8a75582429affff,8a75582429a7fff,8a755824665ffff,8a755824664ffff,8a75582466effff,8a75582466c7fff,8a75582466f7fff,8a75582466affff,8a7558246687fff,8a7558246697fff,8a7558255a67fff,8a7558255b4ffff",1
-39353757#3,-22561499#1,0.4,0.3,0.8,0.6,0.65,0.4,0.55,0.55,0.4,0.6,0.7,0.5,0.4,0.9,0.6,0.4,0.6,0.3,0.7,0.1999999999999999,0.3,0.5,0.3,"8a7558240597fff,8a75582405b7fff,8a755824625ffff,8a755824624ffff,8a7558240517fff,8a755824051ffff,8a7558240437fff,8a7558240407fff,8a755824040ffff,8a75582404e7fff,8a75582404f7fff,8a755824296ffff,8a755824291ffff,8a75582429affff,8a75582429a7fff,8a755824665ffff,8a755824664ffff,8a7558246647fff,8a75582466effff,8a75582466c7fff,8a75582466f7fff,8a75582466affff,8a7558246687fff,8a7558246697fff,8a7558255b4ffff",3
-39353757#3,-22561499#1,0.1999999999999999,0.0999999999999999,0.5,0.8,0.65,0.1,0.55,0.55,0.3,0.1,0.8,0.5,0.6,0.3,0.5,0.6,0.8,0.0,0.4,0.7,0.1999999999999999,0.0999999999999999,0.8,"8a7558240597fff,8a75582405b7fff,8a7558240437fff,8a7558240407fff,8a755824040ffff,8a75582404e7fff,8a75582404f7fff,8a755824296ffff,8a755824291ffff,8a75582429affff,8a75582429a7fff,8a755824665ffff,8a75582466effff,8a75582466c7fff,8a75582466f7fff,8a75582466affff,8a7558246687fff,8a7558246697fff,8a75582466b7fff,8a755824679ffff,8a7558255b6ffff,8a7558255b4ffff",4
-39353757#3,-22561499#1,0.8,0.8,0.1,0.5,0.3,0.5,0.55,0.55,0.8,0.3,0.9,1.0,0.2,0.0,0.0999999999999999,0.0,0.0999999999999999,0.0999999999999999,0.0999999999999999,0.7,0.8,0.9,0.0,"8a7558240597fff,8a755824296ffff,8a755824291ffff,8a75582429affff,8a75582429a7fff,8a755824665ffff,8a75582466effff,8a75582466c7fff,8a75582466f7fff,8a75582466affff,8a7558246687fff,8a75582466a7fff,8a755824678ffff,8a755824679ffff,8a75582466b7fff,8a7558246697fff,8a7558255b4ffff",0
-39353757#3,-22561499#1,0.7,0.7,0.6,0.0,0.0999999999999999,0.9,0.55,0.55,0.9,1.0,0.5,0.5,0.3,0.0999999999999999,0.0,0.0999999999999999,0.1999999999999999,0.7,0.0,0.0,0.7,0.8,0.0999999999999999,"8a7558240597fff,8a755824296ffff,8a755824291ffff,8a75582429affff,8a75582429a7fff,8a755824665ffff,8a755824664ffff,8a7558246647fff,8a75582466effff,8a75582466c7fff,8a75582466f7fff,8a75582466affff,8a7558246687fff,8a7558246697fff,8a7558255a67fff,8a7558255b4ffff",0
-39353757#3,-22561499#1,0.5,0.5,1.0,0.3,0.65,0.6,0.55,0.55,0.6,0.7,0.3,0.5,0.8,0.7,0.3,0.3,0.4,0.4,0.6,0.0999999999999999,0.5,0.1999999999999999,0.5,"8a7558240597fff,8a75582405b7fff,8a7558240407fff,8a755824040ffff,8a75582404e7fff,8a7558240417fff,8a755824296ffff,8a755824291ffff,8a75582429affff,8a75582429a7fff,8a755824665ffff,8a755824664ffff,8a7558246647fff,8a75582466effff,8a75582466c7fff,8a75582466f7fff,8a75582466affff,8a7558246687fff,8a7558246697fff,8a7558255b4ffff",3
-39353757#3,-22561499#1,0.6,0.6,0.9,0.4,0.65,0.7,0.55,0.55,0.7,0.8,0.4,0.5,0.7,0.6,0.8,0.8,0.3,0.9,0.8,0.7,0.6,0.4,0.6,"8a7558240597fff,8a7558240417fff,8a755824040ffff,8a75582404e7fff,8a75582404f7fff,8a75582404affff,8a755824296ffff,8a755824291ffff,8a75582429affff,8a75582429a7fff,8a755824665ffff,8a755824664ffff,8a75582466effff,8a75582466c7fff,8a75582466f7fff,8a75582466affff,8a7558246687fff,8a7558246697fff,8a7558255b4ffff",3
-39353757#3,-22561499#1,0.3,0.4,0.4,0.9,0.65,0.2,0.55,0.55,0.5,0.2,0.2,0.5,0.9,0.8,0.9,0.8,0.5,0.1999999999999999,0.9,0.7,0.4,0.6,0.4,"8a7558240597fff,8a75582405b7fff,8a755824625ffff,8a755824624ffff,8a7558240517fff,8a755824051ffff,8a7558240437fff,8a7558240407fff,8a755824040ffff,8a75582404e7fff,8a7558240417fff,8a755824296ffff,8a755824291ffff,8a75582429affff,8a75582429a7fff,8a755824665ffff,8a75582466effff,8a75582466c7fff,8a75582466f7fff,8a75582466affff,8a7558246687fff,8a7558246697fff,8a7558255b4ffff",4
-41231511#0,-57680145#1,0.9,0.9,0.9,0.0,0.4499999999999999,0.9,0.55,0.55,0.5,0.55,1.0,0.9,0.2,0.5,0.0999999999999999,0.0,0.4499999999999999,0.6,0.1999999999999999,0.0,0.9,0.0,0.7,"8a755824461ffff,8a7558244617fff,8a7558244637fff,8a755824471ffff,8a7558244627fff,8a7558244767fff,8a75582440c7fff,8a7558244c27fff,8a7558244c87fff,8a7558271257fff,8a75582712e7fff,8a7558246d27fff,8a7558246d37fff,8a7558273327fff,8a7558273337fff,8a75582733affff,8a755827338ffff,8a75582732f7fff,8a7558255967fff,8a75582464affff",0
-41231511#0,-57680145#1,0.0,0.0,0.3,0.9,0.4499999999999999,0.1,0.55,0.55,1.0,0.55,0.1,0.1,0.3,0.0,0.0,0.9,0.4499999999999999,0.0,0.0999999999999999,0.9,0.0999999999999999,0.7,0.4,"8a7558244617fff,8a755824461ffff,8a755824468ffff,8a75582446d7fff,8a7558240d27fff,8a7558240d77fff,8a7558240d67fff,8a75582446c7fff,8a75582446e7fff,8a755824460ffff,8a7558244627fff,8a755824471ffff,8a7558244767fff,8a75582440c7fff,8a7558244c27fff,8a7558244c87fff,8a7558271257fff,8a75582712e7fff,8a7558246d27fff,8a7558246d37fff,8a7558273327fff,8a7558273337fff,8a755827305ffff,8a75582733b7fff,8a75582730d7fff,8a7558273767fff,8a7558273667fff,8a7558255937fff,8a755825595ffff,8a7558255867fff,8a7558255b07fff,8a755824648ffff,8a75582464f7fff,8a75582464affff,8a7558255967fff",4
-41231511#0,-57680145#1,0.1999999999999999,0.1999999999999999,0.6,0.4,0.4499999999999999,0.6,0.55,0.55,0.5,0.55,0.3,0.7,0.6,0.5,0.9,0.8,0.4499999999999999,0.1999999999999999,0.9,0.7,0.1999999999999999,0.4,0.5,"8a7558244617fff,8a755824461ffff,8a755824468ffff,8a75582446d7fff,8a7558240d27fff,8a7558240d77fff,8a75582446dffff,8a75582446c7fff,8a7558240d67fff,8a7558240d47fff,8a7558240997fff,8a75582446cffff,8a75582446e7fff,8a755824460ffff,8a7558244627fff,8a755824471ffff,8a7558244767fff,8a75582440c7fff,8a7558244c27fff,8a7558244c87fff,8a7558271257fff,8a75582712e7fff,8a7558246d27fff,8a7558273a0ffff,8a7558273aaffff,8a7558273a87fff,8a7558273337fff,8a75582733affff,8a755827338ffff,8a75582732f7fff,8a7558255967fff,8a75582464affff",4
-41231511#0,-57680145#1,0.4,0.3,0.5,0.6,0.4499999999999999,0.8,0.55,0.55,0.5,0.55,0.4,0.8,0.4,0.5,0.8,0.7,0.4499999999999999,0.9,0.8,0.6,0.3,0.8,0.1999999999999999,"8a755824461ffff,8a7558244617fff,8a7558244637fff,8a75582447affff,8a755824478ffff,8a75582446a7fff,8a7558244687fff,8a75582446b7fff,8a7558244787fff,8a7558244797fff,8a75582447a7fff,8a7558244467fff,8a755824446ffff,8a755824409ffff,8a7558244707fff,8a7558244717fff,8a755824471ffff,8a7558244627fff,8a7558244767fff,8a75582440c7fff,8a7558244c27fff,8a7558244c87fff,8a7558271257fff,8a75582712e7fff,8a7558246d27fff,8a7558273a0ffff,8a7558273aaffff,8a7558273a87fff,8a7558273337fff,8a75582733affff,8a755827338ffff,8a75582732f7fff,8a7558255967fff,8a75582464affff",3
-41231511#0,-57680145#1,0.0999999999999999,0.0999999999999999,0.4,0.8,0.4499999999999999,0.5,0.55,0.55,0.5,0.55,0.2,0.6,0.7,0.5,0.4,0.0999999999999999,0.4499999999999999,0.0999999999999999,0.0,0.8,0.0,0.9,0.3,"8a755824461ffff,8a7558244617fff,8a7558244637fff,8a75582447affff,8a755824478ffff,8a75582446a7fff,8a7558244687fff,8a75582446b7fff,8a755824469ffff,8a7558240d27fff,8a7558240d77fff,8a7558240d57fff,8a7558240d67fff,8a75582446c7fff,8a755824460ffff,8a7558244627fff,8a755824471ffff,8a7558244767fff,8a75582440c7fff,8a7558244c27fff,8a7558244c87fff,8a7558271257fff,8a75582712e7fff,8a7558246d27fff,8a7558273a0ffff,8a7558273aaffff,8a7558273a87fff,8a7558273337fff,8a75582733affff,8a755827338ffff,8a75582732f7fff,8a7558255967fff,8a75582464affff",1
-41231511#0,-57680145#1,0.5,0.5,0.7,0.3,0.4499999999999999,0.3,0.55,0.55,0.5,0.55,0.6,0.3,0.9,0.5,0.6,0.5,0.4499999999999999,0.8,0.6,0.4,0.5,0.3,0.6,"8a7558244617fff,8a755824461ffff,8a755824468ffff,8a75582446d7fff,8a7558240d77fff,8a7558240d67fff,8a7558240d47fff,8a7558240997fff,8a75582446c7fff,8a755824460ffff,8a7558244627fff,8a755824471ffff,8a7558244767fff,8a75582440c7fff,8a7558244c27fff,8a7558244c87fff,8a7558271257fff,8a75582712e7fff,8a7558246d27fff,8a7558246d37fff,8a7558273327fff,8a7558273337fff,8a75582733affff,8a755827338ffff,8a75582732f7fff,8a7558255967fff,8a75582464affff",3
-41231511#0,-57680145#1,0.6,0.6,0.1,0.5,0.4499999999999999,0.4,0.55,0.55,0.5,0.55,0.7,0.4,0.8,0.5,0.5,0.4,0.4499999999999999,0.3,0.5,0.3,0.6,0.5,0.0,"8a755824461ffff,8a7558244617fff,8a7558244637fff,8a75582447affff,8a75582447a7fff,8a7558244467fff,8a755824446ffff,8a7558244737fff,8a755824409ffff,8a7558244707fff,8a7558244717fff,8a755824471ffff,8a7558244627fff,8a7558244767fff,8a75582440c7fff,8a7558244c27fff,8a7558244c87fff,8a7558271257fff,8a75582712e7fff,8a7558246d27fff,8a7558246d37fff,8a7558273327fff,8a7558273337fff,8a75582733affff,8a755827338ffff,8a75582732f7fff,8a7558255967fff,8a75582464affff",2
-41231511#0,-57680145#1,0.7,0.8,0.8,0.0999999999999999,0.4499999999999999,0.7,0.55,0.55,0.5,0.55,0.9,0.5,0.5,0.5,0.1999999999999999,0.1999999999999999,0.4499999999999999,0.4,0.3,0.0999999999999999,0.8,0.0999999999999999,0.8,"8a7558244617fff,8a755824461ffff,8a755824468ffff,8a75582446dffff,8a75582446c7fff,8a75582446e7fff,8a755824460ffff,8a7558244627fff,8a755824471ffff,8a7558244767fff,8a75582440c7fff,8a7558244c27fff,8a7558244c87fff,8a7558271257fff,8a75582712e7fff,8a7558246d27fff,8a7558246d37fff,8a7558273327fff,8a7558273337fff,8a75582733affff,8a755827338ffff,8a75582732f7fff,8a7558255967fff,8a75582464affff",0
-41231511#0,-57680145#1,0.8,0.7,1.0,0.1999999999999999,0.4499999999999999,1.0,0.55,0.55,0.5,0.55,0.8,1.0,0.1,0.5,0.3,0.3,0.4499999999999999,0.5,0.4,0.1999999999999999,0.7,0.1999999999999999,0.9,"8a7558244617fff,8a755824461ffff,8a755824468ffff,8a75582446dffff,8a75582446c7fff,8a755824460ffff,8a7558244627fff,8a755824471ffff,8a7558244767fff,8a75582440c7fff,8a7558244c27fff,8a7558244c87fff,8a7558271257fff,8a75582712e7fff,8a7558246d27fff,8a7558273a0ffff,8a7558273aaffff,8a7558273a87fff,8a7558273337fff,8a75582733affff,8a755827338ffff,8a75582732f7fff,8a7558255967fff,8a75582464affff",0
-41231511#0,-57680145#1,0.3,0.4,0.2,0.7,0.4499999999999999,0.2,0.55,0.55,0.5,0.55,0.5,0.2,1.0,0.5,0.7,0.6,0.4499999999999999,0.7,0.7,0.5,0.4,0.6,0.0999999999999999,"8a755824461ffff,8a7558244617fff,8a7558244637fff,8a75582447affff,8a755824478ffff,8a75582446a7fff,8a7558244687fff,8a75582446b7fff,8a7558244787fff,8a75582447a7fff,8a755824446ffff,8a7558244467fff,8a7558244097fff,8a755824409ffff,8a7558244707fff,8a7558244717fff,8a755824471ffff,8a7558244627fff,8a7558244767fff,8a75582440c7fff,8a7558244c27fff,8a7558244c87fff,8a7558271257fff,8a75582712e7fff,8a7558246d27fff,8a7558246d37fff,8a7558273327fff,8a7558273337fff,8a75582733affff,8a755827338ffff,8a75582732f7fff,8a7558255967fff,8a75582464affff",4
-979838980#5,-57392538#7,0.0,0.5,0.5,0.0,0.25,0.5,0.75,0.75,1.0,1.0,0.75,1.0,0.5,0.0,0.5,0.5,0.25,0.5,0.5,0.0,0.5,0.0,0.5,"8a75582462e7fff,8a75582462c7fff,8a75582462d7fff,8a7558242927fff,8a7558242937fff,8a755824664ffff,8a755824665ffff,8a75582466effff,8a75582466c7fff,8a7558242d47fff,8a7558242897fff,8a75582428f7fff,8a75582428c7fff,8a75582428effff,8a7558242bb7fff",1
-979838980#5,-57392538#7,0.5,0.0,1.0,0.5,0.25,1.0,0.75,0.75,0.5,0.5,0.75,0.5,1.0,0.5,0.0,0.0,0.25,0.0,0.0,0.5,0.0,0.5,0.0,"8a75582462e7fff,8a75582462c7fff,8a75582462d7fff,8a7558242927fff,8a7558242937fff,8a755824664ffff,8a7558246647fff,8a755824665ffff,8a75582466effff,8a75582466c7fff,8a7558242d47fff,8a7558242897fff,8a75582428f7fff,8a75582428c7fff,8a75582428effff,8a7558242bb7fff",1
57680150#0,-174375407#2,0.9,0.9,0.4,0.6,0.5,0.5,0.55,0.55,0.55,0.55,0.9,0.55,0.2,0.4499999999999999,0.0,0.4499999999999999,0.4499999999999999,0.9,0.0,0.4499999999999999,0.9,0.1999999999999999,0.3,"8a7558240407fff,8a75582405b7fff,8a7558240597fff,8a755824296ffff,8a755824291ffff,8a75582429affff",0
57680150#0,-174375407#2,0.3,0.3,0.85,0.15,0.5,0.5,0.55,0.55,0.55,0.55,0.7,0.55,0.4,0.4499999999999999,0.6,0.4499999999999999,0.4499999999999999,0.0999999999999999,0.6,0.4499999999999999,0.5,0.5,0.0999999999999999,"8a7558240407fff,8a75582405b7fff,8a755824625ffff,8a755824624ffff,8a7558240517fff,8a755824051ffff,8a7558240437fff,8a755824040ffff,8a75582404e7fff,8a75582404f7fff,8a755824296ffff,8a755824291ffff,8a75582429affff",3
57680150#0,-174375407#2,0.7,0.8,0.4,0.6,0.5,0.5,0.55,0.55,0.55,0.55,0.6,0.55,0.5,0.4499999999999999,0.0999999999999999,0.4499999999999999,0.4499999999999999,0.8,0.0999999999999999,0.4499999999999999,0.1999999999999999,0.3,0.7,"8a75582405b7fff,8a7558240407fff,8a755824040ffff,8a75582404e7fff,8a75582404f7fff,8a75582404affff,8a755824296ffff,8a755824291ffff,8a75582429affff",2
57680150#0,-174375407#2,0.0,0.0,1.0,0.0,0.0,1.0,0.55,0.55,0.55,0.55,0.1,0.55,1.0,0.4499999999999999,0.9,0.4499999999999999,0.4499999999999999,0.0,0.9,0.4499999999999999,0.0,0.6,0.4,"8a75582405b7fff,8a7558240407fff,8a7558240437fff,8a755824051ffff,8a755824625ffff,8a7558240597fff,8a7558240417fff,8a755824040ffff,8a75582404e7fff,8a755824296ffff,8a755824291ffff,8a75582429affff",3
57680150#0,-174375407#2,0.6,0.6,0.4,0.6,0.5,0.5,0.55,0.55,0.55,0.55,1.0,0.55,0.1,0.4499999999999999,0.3,0.4499999999999999,0.4499999999999999,0.7,0.3,0.4499999999999999,0.8,0.0999999999999999,0.6,"8a7558240407fff,8a75582405b7fff,8a7558240597fff,8a7558240417fff,8a755824040ffff,8a75582404e7fff,8a75582404f7fff,8a755824296ffff,8a755824291ffff,8a75582429affff",2
57680150#0,-174375407#2,0.1999999999999999,0.1999999999999999,0.4,0.6,0.5,0.5,0.55,0.55,0.55,0.55,0.3,0.55,0.8,0.4499999999999999,0.7,0.4499999999999999,0.4499999999999999,0.5,0.7,0.4499999999999999,0.4,0.8,0.1999999999999999,"8a7558240407fff,8a75582405b7fff,8a755824625ffff,8a75582462effff,8a755824624ffff,8a7558240517fff,8a755824051ffff,8a7558240437fff,8a755824040ffff,8a7558240417fff,8a7558240597fff,8a755824296ffff,8a755824291ffff,8a75582429affff",4
57680150#0,-174375407#2,0.4,0.4,0.4,0.6,0.5,0.5,0.55,0.55,0.55,0.55,0.4,0.55,0.7,0.4499999999999999,0.5,0.4499999999999999,0.4499999999999999,0.4,0.5,0.4499999999999999,0.6,0.4,0.9,"8a7558240407fff,8a75582405b7fff,8a7558240437fff,8a755824040ffff,8a75582404e7fff,8a7558240417fff,8a7558240597fff,8a755824296ffff,8a755824291ffff,8a75582429affff",4
57680150#0,-174375407#2,0.5,0.5,0.4,0.6,0.5,0.5,0.55,0.55,0.55,0.55,0.8,0.55,0.3,0.4499999999999999,0.4,0.4499999999999999,0.4499999999999999,0.6,0.4,0.4499999999999999,0.7,0.0,0.8,"8a7558240407fff,8a75582405b7fff,8a7558240437fff,8a755824040ffff,8a75582404e7fff,8a75582404f7fff,8a755824296ffff,8a755824291ffff,8a75582429affff",2
57680150#0,-174375407#2,0.0999999999999999,0.0999999999999999,0.85,0.15,0.5,0.5,0.55,0.55,0.55,0.55,0.2,0.55,0.9,0.4499999999999999,0.8,0.4499999999999999,0.4499999999999999,0.3,0.8,0.4499999999999999,0.3,0.9,0.5,"8a7558240407fff,8a75582405b7fff,8a755824625ffff,8a75582462effff,8a755824624ffff,8a7558240517fff,8a755824051ffff,8a7558240437fff,8a755824040ffff,8a75582404e7fff,8a75582404f7fff,8a75582404affff,8a755824296ffff,8a755824291ffff,8a75582429affff",3
57680150#0,-174375407#2,0.8,0.7,0.4,0.6,0.5,0.5,0.55,0.55,0.55,0.55,0.5,0.55,0.6,0.4499999999999999,0.1999999999999999,0.4499999999999999,0.4499999999999999,0.1999999999999999,0.1999999999999999,0.4499999999999999,0.0999999999999999,0.7,0.0,"8a75582405b7fff,8a7558240407fff,8a7558240437fff,8a755824051ffff,8a755824625ffff,8a7558240597fff,8a755824296ffff,8a755824291ffff,8a75582429affff",0
-499933979,-174375415#0,0.9,0.9,0.3,0.7,0.4499999999999999,1.0,0.55,0.55,0.3,1.0,0.8,0.55,0.2,0.7,0.5,0.5,0.4499999999999999,0.6,0.5,0.0,0.9,0.9,0.0999999999999999,"8a7558242937fff,8a7558242927fff,8a755824664ffff,8a755824665ffff,8a75582429a7fff,8a75582429affff,8a755824291ffff,8a755824296ffff,8a7558240597fff,8a75582405b7fff,8a755824625ffff,8a75582462effff",0
-499933979,-174375415#0,0.7,0.6,1.0,0.0,0.4499999999999999,0.9,0.55,0.55,0.9,0.7,1.0,0.55,0.1,0.0999999999999999,0.0,0.0,0.4499999999999999,0.8,0.0,0.3,0.6,0.6,0.4,"8a7558242937fff,8a7558242927fff,8a755824664ffff,8a7558246647fff,8a755824665ffff,8a75582429a7fff,8a75582429affff,8a755824291ffff,8a755824296ffff,8a75582404f7fff,8a75582404e7fff,8a755824040ffff,8a7558240407fff,8a7558240437fff,8a755824051ffff,8a755824625ffff",0
-499933979,-174375415#0,0.0999999999999999,0.0999999999999999,0.1,0.9,0.4499999999999999,0.1,0.55,0.55,0.3,0.3,0.5,0.55,0.7,0.7,0.9,0.9,0.4499999999999999,0.0999999999999999,0.9,0.8,0.0999999999999999,0.0,0.9,"8a7558242937fff,8a7558242927fff,8a755824664ffff,8a755824665ffff,8a75582429a7fff,8a75582429affff,8a755824291ffff,8a755824296ffff,8a75582404f7fff,8a75582404e7fff,8a755824040ffff,8a7558240417fff,8a7558240597fff,8a75582405b7fff,8a7558240407fff,8a7558240437fff,8a755824051ffff,8a7558240517fff,8a755824624ffff,8a755824625ffff",4
-499933979,-174375415#0,0.0,0.0,0.2,0.8,0.4499999999999999,0.2,0.55,0.55,0.6,0.4,0.4,0.55,0.8,0.4,0.8,0.8,0.4499999999999999,0.5,0.7,0.9,0.0,0.4,0.8,"8a7558242937fff,8a7558242927fff,8a755824664ffff,8a755824665ffff,8a75582429a7fff,8a75582429affff,8a755824291ffff,8a755824296ffff,8a75582404f7fff,8a75582404affff,8a7558240597fff,8a7558240417fff,8a755824040ffff,8a7558240407fff,8a7558240437fff,8a755824051ffff,8a755824625ffff,8a75582462effff",4
-499933979,-174375415#0,0.1999999999999999,0.1999999999999999,0.4,0.6,0.4499999999999999,0.3,0.55,0.55,0.3,0.1,0.6,0.55,0.6,0.7,0.4,0.7,0.4499999999999999,0.0,0.8,0.7,0.1999999999999999,0.1999999999999999,0.5,"8a7558242937fff,8a7558242927fff,8a755824664ffff,8a7558246647fff,8a755824665ffff,8a75582429a7fff,8a75582429affff,8a755824291ffff,8a755824296ffff,8a75582404f7fff,8a75582404affff,8a7558240597fff,8a75582405b7fff,8a7558240437fff,8a755824051ffff,8a7558240517fff,8a755824624ffff,8a755824625ffff",4
-499933979,-174375415#0,0.6,0.7,0.6,0.4,0.4499999999999999,0.6,0.55,0.55,0.3,0.5,0.2,0.55,1.0,0.7,0.1999999999999999,0.3,0.4499999999999999,0.7,0.4,0.1999999999999999,0.7,0.5,0.3,"8a7558242937fff,8a7558242927fff,8a755824664ffff,8a7558246647fff,8a755824665ffff,8a75582429a7fff,8a75582429affff,8a755824291ffff,8a755824296ffff,8a7558240597fff,8a7558240417fff,8a755824040ffff,8a7558240407fff,8a75582405b7fff,8a755824625ffff",2
-499933979,-174375415#0,0.8,0.8,0.5,0.5,0.4499999999999999,0.8,0.55,0.55,1.0,0.9,0.3,0.55,0.5,0.0,0.6,0.1999999999999999,0.4499999999999999,0.3,0.1999999999999999,0.0999999999999999,0.8,0.8,0.0,"8a7558242937fff,8a7558242927fff,8a755824664ffff,8a755824665ffff,8a75582429a7fff,8a75582429affff,8a755824291ffff,8a755824296ffff,8a7558240597fff,8a75582405b7fff,8a7558240437fff,8a755824051ffff,8a7558240517fff,8a755824624ffff,8a755824625ffff",0
-499933979,-174375415#0,0.3,0.3,0.8,0.1999999999999999,0.4499999999999999,0.5,0.55,0.55,0.7,0.8,0.7,0.55,0.3,0.3,0.7,0.6,0.4499999999999999,0.9,0.3,0.6,0.3,0.0999999999999999,0.7,"8a7558242937fff,8a7558242927fff,8a755824664ffff,8a755824665ffff,8a75582429a7fff,8a75582429affff,8a755824291ffff,8a755824296ffff,8a75582404f7fff,8a75582404e7fff,8a755824040ffff,8a7558240407fff,8a75582405b7fff,8a755824625ffff,8a75582462effff",3
-499933979,-174375415#0,0.4,0.4,0.7,0.3,0.4499999999999999,0.4,0.55,0.55,0.3,0.2,0.9,0.55,0.4,0.7,0.3,0.4,0.4499999999999999,0.4,0.6,0.5,0.4,0.3,0.6,"8a7558242937fff,8a7558242927fff,8a755824664ffff,8a7558246647fff,8a755824665ffff,8a75582429a7fff,8a75582429affff,8a755824291ffff,8a755824296ffff,8a75582404f7fff,8a75582404e7fff,8a755824040ffff,8a7558240417fff,8a7558240597fff,8a75582405b7fff,8a755824625ffff,8a75582462effff",3
-499933979,-174375415#0,0.5,0.5,0.9,0.0999999999999999,0.4499999999999999,0.7,0.55,0.55,0.8,0.6,0.1,0.55,0.9,0.1999999999999999,0.0999999999999999,0.0999999999999999,0.4499999999999999,0.1999999999999999,0.0999999999999999,0.4,0.5,0.7,0.1999999999999999,"8a7558242937fff,8a7558242927fff,8a755824664ffff,8a7558246647fff,8a755824665ffff,8a75582429a7fff,8a75582429affff,8a755824291ffff,8a755824296ffff,8a7558240597fff,8a75582405b7fff,8a7558240437fff,8a755824051ffff,8a755824625ffff,8a75582462effff",1
-1020092138,-174907152#1,0.8,0.8,1.0,0.5,0.8,0.4,0.55,0.55,0.8,1.0,0.2,0.3,0.3,0.0999999999999999,0.4,0.7,0.0999999999999999,0.9,0.0,0.8,0.8,0.7,0.1999999999999999,"8a75582447b7fff,8a75582447a7fff,8a7558244787fff,8a75582446b7fff,8a755824469ffff,8a7558240d27fff,8a7558240d77fff,8a7558240d57fff,8a7558240d47fff,8a7558240c67fff,8a7558240c07fff,8a7558240c37fff,8a7558240c17fff,8a7558240cb7fff,8a755824634ffff,8a7558246277fff,8a75582462e7fff,8a75582462c7fff,8a75582462d7fff,8a7558242927fff,8a7558242937fff,8a755824664ffff,8a755824665ffff,8a75582466effff,8a75582466c7fff,8a75582466f7fff,8a75582466affff,8a7558246687fff,8a7558246697fff",0
-1020092138,-174907152#1,0.1999999999999999,0.1999999999999999,0.7,0.3,0.3,0.9,0.55,0.55,0.2,0.4,0.6,0.9,0.6,0.7,0.5,0.5,0.8,0.3,0.8,0.3,0.1999999999999999,0.4,0.6,"8a75582447a7fff,8a75582447b7fff,8a7558244467fff,8a7558244097fff,8a755824409ffff,8a755824446ffff,8a7558244737fff,8a7558244707fff,8a7558244717fff,8a755824471ffff,8a7558244627fff,8a7558244767fff,8a75582440c7fff,8a7558244c27fff,8a7558244c87fff,8a7558271257fff,8a75582712e7fff,8a7558246d27fff,8a7558273a0ffff,8a7558273aaffff,8a7558273a87fff,8a7558273337fff,8a75582733affff,8a755827338ffff,8a75582732f7fff,8a7558255967fff,8a75582464affff,8a75582464f7fff,8a75582464c7fff,8a75582464cffff,8a7558246797fff,8a755824679ffff,8a75582466b7fff,8a7558246697fff,8a7558246687fff",3
-1020092138,-174907152#1,0.3,0.3,0.3,0.6,0.3,0.8,0.55,0.55,1.0,0.4,0.7,0.5,0.1,0.6,0.7,0.9,0.5,0.1999999999999999,0.7,0.6,0.3,0.0999999999999999,0.7,"8a75582447b7fff,8a75582447a7fff,8a7558244797fff,8a7558244787fff,8a75582447affff,8a7558244637fff,8a755824471ffff,8a7558244627fff,8a7558244767fff,8a75582440c7fff,8a7558244c27fff,8a7558244c87fff,8a7558271257fff,8a75582712e7fff,8a7558246d27fff,8a7558246d37fff,8a7558273327fff,8a7558273337fff,8a755827305ffff,8a75582733b7fff,8a75582730d7fff,8a7558273767fff,8a7558273667fff,8a7558255937fff,8a755825595ffff,8a7558255867fff,8a7558255b07fff,8a7558255b2ffff,8a7558255b77fff,8a7558255b47fff,8a7558255b5ffff,8a7558255b4ffff,8a7558246697fff,8a7558246687fff",4
-1020092138,-174907152#1,0.0999999999999999,0.0999999999999999,0.5,0.4,0.3,0.6,0.55,0.55,0.4,0.4,0.5,0.8,0.5,0.8,0.6,0.0,0.6,0.0999999999999999,0.0999999999999999,0.4,0.0999999999999999,0.5,0.8,"8a75582447b7fff,8a75582447a7fff,8a7558244797fff,8a7558244787fff,8a75582446b7fff,8a755824469ffff,8a7558240d27fff,8a7558240d77fff,8a7558240d57fff,8a7558240d67fff,8a75582446c7fff,8a755824461ffff,8a755824460ffff,8a7558244627fff,8a755824471ffff,8a7558244767fff,8a75582440c7fff,8a7558244c27fff,8a7558244c87fff,8a7558271257fff,8a75582712e7fff,8a7558246d27fff,8a7558273a0ffff,8a7558273aaffff,8a7558273a87fff,8a7558273337fff,8a75582733affff,8a755827338ffff,8a75582732f7fff,8a7558255967fff,8a75582464affff,8a75582464f7fff,8a755824648ffff,8a7558255b07fff,8a7558255b2ffff,8a7558255b77fff,8a7558255b47fff,8a7558255b5ffff,8a7558255b4ffff,8a7558246697fff,8a7558246687fff",1
-1020092138,-174907152#1,0.7,0.7,0.2,0.9,0.8,0.1,0.55,0.55,0.7,0.8,0.2,0.2,0.9,0.1999999999999999,0.9,0.8,0.1999999999999999,0.8,0.5,0.8,0.7,0.8,0.0999999999999999,"8a75582447a7fff,8a75582447b7fff,8a7558244467fff,8a755824446ffff,8a755824409ffff,8a7558244707fff,8a7558244717fff,8a755824471ffff,8a7558244627fff,8a755824460ffff,8a755824461ffff,8a75582446c7fff,8a7558240d67fff,8a7558240d77fff,8a7558240d57fff,8a7558240c27fff,8a7558240c37fff,8a7558240c17fff,8a7558240cb7fff,8a755824634ffff,8a7558246277fff,8a75582462e7fff,8a75582462c7fff,8a75582462d7fff,8a7558242927fff,8a7558242937fff,8a755824664ffff,8a755824665ffff,8a75582466effff,8a75582466c7fff,8a75582466f7fff,8a75582466affff,8a7558246687fff,8a7558246697fff",2
-1020092138,-174907152#1,0.9,0.9,0.8,0.8,0.8,0.2,0.55,0.55,0.9,0.9,0.2,0.1,0.8,0.0,0.0,0.6,0.0,0.4,0.9,0.8,0.9,0.9,0.0,"8a75582447b7fff,8a75582447a7fff,8a7558244797fff,8a7558244787fff,8a75582446b7fff,8a755824469ffff,8a7558246a6ffff,8a7558246a4ffff,8a7558246a5ffff,8a7558240da7fff,8a7558240daffff,8a7558240d1ffff,8a7558240c27fff,8a7558240c37fff,8a7558240c17fff,8a7558240cb7fff,8a755824634ffff,8a7558246277fff,8a75582462e7fff,8a75582462c7fff,8a75582462d7fff,8a7558242927fff,8a7558242937fff,8a755824664ffff,8a7558246647fff,8a755824665ffff,8a75582466effff,8a75582466c7fff,8a75582466f7fff,8a75582466affff,8a7558246687fff,8a7558246697fff",2
-1020092138,-174907152#1,0.6,0.6,0.4,0.1999999999999999,0.3,0.7,0.55,0.55,0.3,0.4,1.0,0.7,0.7,0.3,0.0999999999999999,0.1999999999999999,0.8,0.7,0.3,0.0,0.6,0.1999999999999999,0.3,"8a75582447b7fff,8a75582447a7fff,8a7558244797fff,8a7558244787fff,8a75582447affff,8a7558244637fff,8a755824471ffff,8a7558244627fff,8a7558244767fff,8a75582440c7fff,8a7558244c27fff,8a7558244c87fff,8a7558271257fff,8a75582712e7fff,8a7558246d27fff,8a7558246d37fff,8a7558273327fff,8a7558273337fff,8a75582733affff,8a755827338ffff,8a75582732f7fff,8a7558255967fff,8a75582464affff,8a75582464f7fff,8a75582464c7fff,8a75582464cffff,8a7558246797fff,8a755824679ffff,8a7558255b6ffff,8a7558255b4ffff,8a7558246697fff,8a7558246687fff",0
-1020092138,-174907152#1,0.0,0.0,0.1,0.7,0.3,0.3,0.55,0.55,0.1,0.4,0.4,0.4,1.0,0.9,0.8,0.0999999999999999,0.8,0.0,0.1999999999999999,0.5,0.0,0.6,0.4,"8a75582447a7fff,8a75582447b7fff,8a7558244467fff,8a7558244097fff,8a755824409ffff,8a755824446ffff,8a7558244787fff,8a75582446b7fff,8a755824469ffff,8a7558240d27fff,8a7558240d77fff,8a7558240d57fff,8a7558240d67fff,8a7558240d47fff,8a7558240997fff,8a75582446c7fff,8a75582446e7fff,8a755824461ffff,8a755824460ffff,8a7558244627fff,8a755824471ffff,8a7558244767fff,8a75582440c7fff,8a7558244c27fff,8a7558244c87fff,8a7558271257fff,8a75582712e7fff,8a7558246d27fff,8a7558246d37fff,8a7558273327fff,8a7558273337fff,8a75582733affff,8a755827338ffff,8a75582732f7fff,8a7558255967fff,8a75582464affff,8a75582464f7fff,8a75582464c7fff,8a75582464cffff,8a7558246797fff,8a755824679ffff,8a75582466b7fff,8a7558246697fff,8a7558246687fff",4
-1020092138,-174907152#1,0.4,0.5,0.6,0.0,0.3,0.5,0.55,0.55,0.6,0.4,0.9,0.6,0.4,0.4,0.1999999999999999,0.3,0.3,0.6,0.4,0.0999999999999999,0.5,0.0,0.9,"8a75582447b7fff,8a75582447a7fff,8a7558244467fff,8a7558244097fff,8a755824409ffff,8a7558244707fff,8a7558244717fff,8a755824471ffff,8a7558244627fff,8a7558244767fff,8a75582440c7fff,8a7558244c27fff,8a7558244c87fff,8a7558271257fff,8a75582712e7fff,8a7558246d27fff,8a7558246d37fff,8a7558273327fff,8a7558273337fff,8a75582733affff,8a755827338ffff,8a75582732f7fff,8a7558255967fff,8a75582464affff,8a75582464f7fff,8a755824648ffff,8a7558255b07fff,8a7558255b2ffff,8a7558255b77fff,8a7558255b47fff,8a7558255b5ffff,8a7558255b4ffff,8a7558246697fff,8a7558246687fff",1
-1020092138,-174907152#1,0.5,0.4,0.9,0.0999999999999999,0.3,1.0,0.55,0.55,0.5,0.4,0.8,1.0,0.2,0.5,0.3,0.4,0.4,0.5,0.6,0.1999999999999999,0.4,0.3,0.5,"8a75582447a7fff,8a75582447b7fff,8a7558244467fff,8a755824446ffff,8a75582447affff,8a7558244637fff,8a755824471ffff,8a7558244627fff,8a7558244767fff,8a75582440c7fff,8a7558244c27fff,8a7558244c87fff,8a7558271257fff,8a75582712e7fff,8a7558246d27fff,8a7558273a0ffff,8a7558273aaffff,8a7558273a87fff,8a7558273337fff,8a75582733affff,8a755827338ffff,8a75582732f7fff,8a7558255967fff,8a75582464affff,8a75582464f7fff,8a755824648ffff,8a7558255b07fff,8a7558255b2ffff,8a7558255b77fff,8a7558255b47fff,8a7558255b5ffff,8a7558255b4ffff,8a7558246697fff,8a7558246687fff",3
-1163710302,-561133140#1,0.6,0.6,1.0,0.1999999999999999,0.3,0.4,0.55,0.55,0.1,0.3,1.0,0.6,0.6,0.6,0.7,0.9,0.8,0.0,0.9,0.8,0.6,0.0,0.6,"8a7558246687fff,8a7558246697fff,8a75582466b7fff,8a755824679ffff,8a7558246797fff,8a75582464cffff,8a75582464c7fff,8a75582464f7fff,8a75582464affff,8a7558255967fff,8a75582732f7fff,8a755827338ffff,8a75582733affff,8a7558273337fff,8a7558273327fff,8a7558246d37fff,8a7558246d27fff,8a75582712e7fff,8a7558271257fff,8a7558244c87fff,8a7558244c27fff,8a75582440c7fff,8a7558244767fff,8a7558244627fff,8a755824471ffff",3
-1163710302,-561133140#1,0.7,0.7,0.2,0.9,0.8,0.1,0.55,0.55,0.3,0.8,0.15,0.3,1.0,0.5,0.8,0.1999999999999999,0.8,0.8,0.1999999999999999,0.1999999999999999,0.7,0.7,0.1999999999999999,"8a7558246687fff,8a755824668ffff,8a75582466f7fff,8a75582466c7fff,8a75582466effff,8a755824665ffff,8a755824664ffff,8a7558242937fff,8a7558242927fff,8a75582462d7fff,8a75582462c7fff,8a75582462e7fff,8a7558246277fff,8a755824634ffff,8a7558240cb7fff,8a7558240c17fff,8a7558240c37fff,8a7558240c27fff,8a7558240d57fff,8a7558240d77fff,8a7558240d27fff,8a7558244687fff,8a75582446a7fff,8a755824478ffff,8a75582447affff,8a75582447a7fff,8a755824446ffff,8a7558244467fff,8a7558244097fff,8a755824409ffff,8a7558244707fff,8a7558244717fff,8a755824471ffff,8a7558244627fff",2
-1163710302,-561133140#1,0.1999999999999999,0.3,0.7,0.0999999999999999,0.3,1.0,0.55,0.55,0.8,0.7,0.7,0.8,0.2,0.7,0.3,0.5,0.4,0.0999999999999999,0.4,0.4,0.3,0.3,0.8,"8a7558246687fff,8a7558246697fff,8a7558255a67fff,8a7558255a77fff,8a7558255b5ffff,8a7558255b4ffff,8a7558255b47fff,8a7558255b77fff,8a7558255b2ffff,8a7558255b07fff,8a7558255867fff,8a755825595ffff,8a7558255937fff,8a7558273667fff,8a7558273767fff,8a75582730d7fff,8a75582733b7fff,8a755827305ffff,8a7558273337fff,8a7558273a87fff,8a7558273aaffff,8a7558273a0ffff,8a7558246d27fff,8a75582712e7fff,8a7558271257fff,8a7558244c87fff,8a7558244c27fff,8a75582440c7fff,8a7558244767fff,8a7558244627fff,8a755824471ffff",1
-1163710302,-561133140#1,0.3,0.5,0.4,0.3,0.3,0.6,0.55,0.55,0.4,0.3,0.9,1.0,0.5,0.1999999999999999,0.0,0.3,0.0999999999999999,0.5,0.3,0.8,0.5,0.6,0.3,"8a7558246687fff,8a755824668ffff,8a75582466f7fff,8a75582466affff,8a75582466a7fff,8a755824678ffff,8a755824679ffff,8a7558255b6ffff,8a7558255b4ffff,8a7558255b5ffff,8a7558255b47fff,8a7558255b77fff,8a7558255b2ffff,8a7558255b07fff,8a755824648ffff,8a75582464f7fff,8a75582464affff,8a7558255967fff,8a75582732f7fff,8a755827338ffff,8a75582733affff,8a7558273337fff,8a7558273a87fff,8a7558273aaffff,8a7558273a0ffff,8a7558246d27fff,8a75582712e7fff,8a7558271257fff,8a7558244c87fff,8a7558244c27fff,8a75582440c7fff,8a7558244767fff,8a7558244627fff,8a755824471ffff",1
-1163710302,-561133140#1,0.0,0.0,0.9,0.0,0.3,0.7,0.55,0.55,0.2,0.6,0.4,0.4,0.7,0.9,0.5,0.8,0.6,0.3,0.5,0.8,0.0,0.1999999999999999,0.9,"8a7558246687fff,8a7558246697fff,8a7558255a67fff,8a7558255a77fff,8a7558255aa7fff,8a755825516ffff,8a7558255a37fff,8a7558255b57fff,8a7558255b5ffff,8a7558255b4ffff,8a7558255b47fff,8a7558255b77fff,8a7558255b2ffff,8a7558255b07fff,8a755824648ffff,8a75582464f7fff,8a75582464affff,8a7558255967fff,8a75582732f7fff,8a755827338ffff,8a75582733affff,8a7558273337fff,8a7558273327fff,8a7558246d37fff,8a7558246d27fff,8a75582712e7fff,8a7558271257fff,8a7558244c87fff,8a7558244c27fff,8a75582440c7fff,8a7558244767fff,8a7558244627fff,8a755824471ffff",3
-1163710302,-561133140#1,0.8,0.8,0.3,0.8,0.8,0.2,0.55,0.55,0.6,0.9,0.3,0.1,0.8,0.0999999999999999,0.6,0.0,0.0,0.7,0.0,0.0999999999999999,0.8,0.9,0.0,"8a7558246687fff,8a7558246697fff,8a7558255a67fff,8a7558255b4ffff,8a75582466affff,8a75582466f7fff,8a75582466c7fff,8a75582466effff,8a755824665ffff,8a755824664ffff,8a7558242937fff,8a7558242927fff,8a75582462d7fff,8a75582462c7fff,8a75582462e7fff,8a7558246277fff,8a755824634ffff,8a7558240cb7fff,8a7558240c17fff,8a7558240c37fff,8a7558240c27fff,8a7558240d57fff,8a7558240d77fff,8a7558240d67fff,8a75582446c7fff,8a75582446e7fff,8a755824461ffff,8a755824460ffff,8a7558244627fff,8a755824471ffff",2
-1163710302,-561133140#1,0.0999999999999999,0.0999999999999999,0.5,0.6,0.3,0.8,0.55,0.55,0.7,0.3,0.5,0.7,0.4,0.4,0.4,0.7,0.1999999999999999,0.1999999999999999,0.7,0.6,0.0999999999999999,0.4,0.5,"8a7558246687fff,8a755824668ffff,8a75582466f7fff,8a75582466affff,8a7558246697fff,8a75582466b7fff,8a755824679ffff,8a7558246797fff,8a75582464cffff,8a75582464c7fff,8a75582464f7fff,8a755824648ffff,8a7558255b07fff,8a7558255867fff,8a755825595ffff,8a7558255937fff,8a7558273667fff,8a7558273767fff,8a75582730d7fff,8a75582733b7fff,8a755827305ffff,8a7558273337fff,8a7558273a87fff,8a7558273aaffff,8a7558273a0ffff,8a7558246d27fff,8a75582712e7fff,8a7558271257fff,8a7558244c87fff,8a7558244c27fff,8a75582440c7fff,8a7558244767fff,8a7558244627fff,8a755824471ffff",4
-1163710302,-561133140#1,0.4,0.4,0.6,0.5,0.3,0.5,0.55,0.55,1.0,0.3,0.8,0.5,0.3,0.3,0.0999999999999999,0.4,0.3,0.4,0.6,0.3,0.4,0.0999999999999999,0.7,"8a7558246687fff,8a7558246697fff,8a75582466b7fff,8a755824679ffff,8a7558255b6ffff,8a7558255b4ffff,8a7558255b5ffff,8a7558255b47fff,8a7558255b77fff,8a7558255b2ffff,8a7558255b07fff,8a7558255867fff,8a755825595ffff,8a7558255937fff,8a7558273667fff,8a7558273767fff,8a75582730d7fff,8a75582733b7fff,8a755827305ffff,8a7558273337fff,8a7558273327fff,8a7558246d37fff,8a7558246d27fff,8a75582712e7fff,8a7558271257fff,8a7558244c87fff,8a7558244c27fff,8a75582440c7fff,8a7558244767fff,8a7558244627fff,8a755824471ffff",1
-1163710302,-561133140#1,0.9,0.9,0.8,0.7,0.8,0.3,0.55,0.55,0.5,1.0,0.15,0.2,0.9,0.0,0.1999999999999999,0.0999999999999999,0.8,0.9,0.0999999999999999,0.0,0.9,0.8,0.0999999999999999,"8a7558246687fff,8a755824668ffff,8a75582466f7fff,8a75582466c7fff,8a75582466effff,8a755824665ffff,8a755824664ffff,8a7558242937fff,8a7558242927fff,8a75582462d7fff,8a75582462c7fff,8a75582462e7fff,8a7558246277fff,8a755824634ffff,8a7558240cb7fff,8a7558240c17fff,8a7558240c37fff,8a7558240c27fff,8a7558240d57fff,8a7558240d77fff,8a7558240d67fff,8a75582446dffff,8a75582446c7fff,8a755824461ffff,8a7558244617fff,8a7558244637fff,8a755824471ffff,8a7558244627fff",0
-1163710302,-561133140#1,0.5,0.1999999999999999,0.1,0.4,0.3,0.9,0.55,0.55,0.9,0.3,0.6,0.9,0.1,0.8,0.9,0.6,0.5,0.6,0.8,0.5,0.1999999999999999,0.5,0.4,"8a7558246687fff,8a75582466a7fff,8a755824678ffff,8a755824679ffff,8a7558255b6ffff,8a7558255b4ffff,8a7558255b5ffff,8a7558255b47fff,8a7558255b77fff,8a7558255b2ffff,8a7558255b07fff,8a7558255867fff,8a755825595ffff,8a7558255937fff,8a7558273667fff,8a7558273767fff,8a75582730d7fff,8a75582733b7fff,8a755827305ffff,8a7558273337fff,8a7558273a87fff,8a7558273aaffff,8a7558273a0ffff,8a7558246d27fff,8a75582712e7fff,8a7558271257fff,8a7558244c87fff,8a7558244c27fff,8a75582440c7fff,8a7558244767fff,8a7558244627fff,8a755824471ffff",3
-174375407#2,57680152#2,0.8888888888888888,0.8888888888888888,0.6666666666666666,0.7777777777777778,0.7222222222222222,0.4444444444444444,0.5555555555555556,0.5555555555555556,0.7777777777777778,0.2222222222222222,1.0,0.5,0.4444444444444444,0.5555555555555556,0.7777777777777778,0.7777777777777778,0.2222222222222222,0.0,0.7777777777777778,0.7222222222222222,0.8888888888888888,0.1111111111111111,0.5555555555555556,"8a755824291ffff,8a75582429affff,8a75582429a7fff,8a755824665ffff,8a75582466effff,8a75582466c7fff,8a75582466f7fff,8a75582466affff,8a7558246687fff,8a7558246697fff,8a75582466b7fff,8a755824679ffff,8a7558246797fff,8a75582467b7fff,8a7558246787fff,8a75582467affff,8a755824662ffff,8a7558246297fff",2
-174375407#2,57680152#2,0.1111111111111111,0.2222222222222222,0.1111111111111111,0.4444444444444444,0.1666666666666666,0.2222222222222222,0.5555555555555556,0.5555555555555556,0.8888888888888888,0.3333333333333333,0.3333333333333333,0.5,0.6666666666666666,0.2222222222222222,0.4444444444444444,0.5555555555555556,0.0,0.5555555555555556,0.3333333333333333,0.4444444444444444,0.2222222222222222,0.4444444444444444,0.7777777777777778,"8a755824291ffff,8a75582429affff,8a75582429a7fff,8a755824665ffff,8a75582466effff,8a75582466c7fff,8a75582466f7fff,8a75582466affff,8a7558246687fff,8a7558246697fff,8a7558255a67fff,8a7558255b4ffff,8a7558255b5ffff,8a7558255b47fff,8a7558255b77fff,8a7558255b2ffff,8a7558255b07fff,8a755824648ffff,8a75582464f7fff,8a75582464c7fff,8a75582464cffff,8a7558246797fff,8a75582467b7fff,8a7558246787fff,8a75582467affff,8a755824662ffff,8a7558246297fff",4
-174375407#2,57680152#2,0.5555555555555556,0.7777777777777778,0.4444444444444444,0.3333333333333333,0.4444444444444444,0.7777777777777778,0.5555555555555556,0.5555555555555556,0.2222222222222222,1.0,0.8888888888888888,1.0,0.1111111111111111,0.6666666666666667,0.6666666666666667,0.1111111111111111,0.3333333333333333,0.2222222222222222,0.4444444444444444,0.7222222222222222,0.7777777777777778,0.6666666666666667,0.0,"8a755824291ffff,8a75582429affff,8a75582429a7fff,8a755824665ffff,8a755824664ffff,8a75582466effff,8a75582466c7fff,8a75582466f7fff,8a75582466affff,8a7558246687fff,8a75582466a7fff,8a755824678ffff,8a755824679ffff,8a7558246797fff,8a75582467b7fff,8a7558246787fff,8a75582467affff,8a755824662ffff,8a7558246297fff",0
-174375407#2,57680152#2,0.0,0.0,0.7777777777777778,0.0,0.1666666666666666,1.0,0.5555555555555556,0.5555555555555556,0.1111111111111111,0.6666666666666666,0.1111111111111111,0.5,1.0,0.4444444444444444,0.3333333333333333,0.4444444444444444,0.8888888888888888,0.8888888888888888,0.2222222222222222,0.2222222222222222,0.0,0.0,0.8888888888888888,"8a755824291ffff,8a75582429affff,8a75582429a7fff,8a755824665ffff,8a755824664ffff,8a75582466effff,8a75582466c7fff,8a75582466f7fff,8a75582466affff,8a7558246687fff,8a7558246697fff,8a7558255a67fff,8a7558255a77fff,8a7558255aa7fff,8a755825516ffff,8a7558255a37fff,8a7558255b57fff,8a7558255b5ffff,8a7558255b4ffff,8a75582466b7fff,8a755824679ffff,8a7558246797fff,8a75582467b7fff,8a7558246787fff,8a75582467affff,8a755824662ffff,8a7558246297fff",3
-174375407#2,57680152#2,0.2222222222222222,0.1111111111111111,0.3333333333333333,0.8888888888888888,0.7222222222222222,0.1111111111111111,0.5555555555555556,0.5555555555555556,1.0,0.1111111111111111,0.2222222222222222,0.5,0.3333333333333333,0.3333333333333333,0.5555555555555556,0.6666666666666667,0.1111111111111111,0.6666666666666667,0.6666666666666667,0.7222222222222222,0.1111111111111111,0.7777777777777778,0.6666666666666667,"8a755824291ffff,8a75582429affff,8a75582429a7fff,8a755824665ffff,8a75582466effff,8a75582466c7fff,8a75582466f7fff,8a75582466affff,8a7558246687fff,8a7558246697fff,8a75582466b7fff,8a755824679ffff,8a7558255b6ffff,8a7558255b4ffff,8a7558255b5ffff,8a7558255b47fff,8a7558255b77fff,8a7558255b2ffff,8a7558255b07fff,8a755824648ffff,8a75582464f7fff,8a75582464c7fff,8a75582464cffff,8a7558246797fff,8a75582467b7fff,8a7558246787fff,8a75582467affff,8a755824662ffff,8a7558246297fff",4
-174375407#2,57680152#2,0.4444444444444444,0.4444444444444444,0.2222222222222222,0.2222222222222222,0.1666666666666666,0.3333333333333333,0.5555555555555556,0.5555555555555556,0.4444444444444444,0.4444444444444444,0.5555555555555556,0.5,0.7777777777777778,0.0,0.2222222222222222,0.3333333333333333,0.6666666666666667,0.3333333333333333,0.1111111111111111,0.1111111111111111,0.4444444444444444,0.5555555555555556,0.4444444444444444,"8a755824291ffff,8a75582429affff,8a75582429a7fff,8a755824665ffff,8a75582466effff,8a75582466c7fff,8a75582466f7fff,8a75582466affff,8a7558246687fff,8a7558246697fff,8a7558255a67fff,8a7558255b4ffff,8a75582466b7fff,8a755824679ffff,8a7558246797fff,8a75582467b7fff,8a7558246787fff,8a75582467affff,8a755824662ffff,8a7558246297fff",1
-174375407#2,57680152#2,0.7777777777777778,0.5555555555555556,1.0,0.5555555555555556,0.7222222222222222,0.8888888888888888,0.5555555555555556,0.5555555555555556,0.5555555555555556,0.5555555555555556,0.6666666666666666,0.5,0.5555555555555556,0.8888888888888888,0.1111111111111111,0.2222222222222222,0.5555555555555556,0.1111111111111111,0.5555555555555556,0.3333333333333333,0.5555555555555556,0.3333333333333333,0.2222222222222222,"8a755824291ffff,8a75582429affff,8a75582429a7fff,8a755824665ffff,8a755824664ffff,8a7558246647fff,8a75582466effff,8a75582466c7fff,8a75582466f7fff,8a75582466affff,8a7558246687fff,8a7558246697fff,8a75582466b7fff,8a755824679ffff,8a7558246797fff,8a75582467b7fff,8a7558246787fff,8a75582467affff,8a755824662ffff,8a7558246297fff",0
-174375407#2,57680152#2,0.3333333333333333,0.3333333333333333,0.5555555555555556,0.1111111111111111,0.1666666666666666,0.5555555555555556,0.5555555555555556,0.5555555555555556,0.3333333333333333,0.7777777777777778,0.4444444444444444,0.5,0.8888888888888888,0.1111111111111111,0.0,0.0,0.7777777777777778,0.7777777777777778,0.0,0.0,0.3333333333333333,0.8888888888888888,0.1111111111111111,"8a755824291ffff,8a75582429affff,8a75582429a7fff,8a755824665ffff,8a755824664ffff,8a7558246647fff,8a75582466effff,8a75582466c7fff,8a75582466f7fff,8a75582466affff,8a7558246687fff,8a7558246697fff,8a7558255a67fff,8a7558255b4ffff,8a75582466b7fff,8a755824679ffff,8a7558246797fff,8a75582467b7fff,8a7558246787fff,8a75582467affff,8a755824662ffff,8a7558246297fff",1
-174375407#2,57680152#2,0.6666666666666667,0.6666666666666667,0.8888888888888888,0.6666666666666667,0.7222222222222222,0.6666666666666666,0.5555555555555556,0.5555555555555556,0.6666666666666666,0.8888888888888888,0.7777777777777778,0.5,0.2222222222222222,0.7777777777777778,0.8888888888888888,0.8888888888888888,0.4444444444444444,0.4444444444444444,0.8888888888888888,0.7222222222222222,0.6666666666666667,0.2222222222222222,0.3333333333333333,"8a755824291ffff,8a75582429affff,8a75582429a7fff,8a755824665ffff,8a755824664ffff,8a75582466effff,8a75582466c7fff,8a75582466f7fff,8a75582466affff,8a7558246687fff,8a7558246697fff,8a75582466b7fff,8a755824679ffff,8a7558246797fff,8a75582467b7fff,8a7558246787fff,8a75582467affff,8a755824662ffff,8a7558246297fff",3
-57680114#1,-1163710302,0.8333333333333334,0.8333333333333334,0.3333333333333333,0.6666666666666667,0.4166666666666666,0.5,0.5833333333333334,0.5833333333333334,0.1666666666666666,0.5833333333333334,0.5833333333333334,1.0,1.0,0.3333333333333333,0.0,0.0,0.5833333333333333,0.8333333333333334,0.3333333333333333,0.0,0.8333333333333334,0.6666666666666667,0.1666666666666666,"8a755827338ffff,8a75582732f7fff,8a7558255967fff,8a75582464affff,8a75582464f7fff,8a75582464c7fff,8a75582464cffff,8a7558246797fff,8a755824679ffff,8a75582466b7fff,8a7558246697fff,8a7558246687fff",0
-57680114#1,-1163710302,0.3333333333333333,0.3333333333333333,1.0,0.0,0.4166666666666666,1.0,0.5833333333333334,0.5833333333333334,1.0,0.5833333333333334,0.5833333333333334,0.5,0.1666666666666666,0.8333333333333334,0.8333333333333334,0.8333333333333334,0.1666666666666666,0.0,0.8333333333333334,0.8333333333333334,0.3333333333333333,0.0,0.8333333333333334,"8a75582732f7fff,8a755827338ffff,8a75582733affff,8a7558273337fff,8a755827305ffff,8a75582733b7fff,8a75582730d7fff,8a7558273767fff,8a7558273667fff,8a7558255937fff,8a755825595ffff,8a7558255867fff,8a7558255b07fff,8a7558255b2ffff,8a7558255b77fff,8a7558255b47fff,8a7558255b5ffff,8a7558255b4ffff,8a7558246697fff,8a7558246687fff",3
-57680114#1,-1163710302,0.5,0.5,0.5,0.5,0.4166666666666666,0.1666666666666666,0.5833333333333334,0.5833333333333334,0.5,0.5833333333333334,0.5833333333333334,0.6666666666666666,0.6666666666666666,0.6666666666666667,0.6666666666666667,0.3333333333333333,0.0,0.5,0.6666666666666667,0.3333333333333333,0.5,0.5,0.3333333333333333,"8a755827338ffff,8a75582732f7fff,8a7558255967fff,8a75582464affff,8a75582464f7fff,8a755824648ffff,8a7558255b07fff,8a7558255b2ffff,8a7558255b77fff,8a7558255b47fff,8a7558255b5ffff,8a7558255b4ffff,8a7558246697fff,8a7558246687fff",2
-57680114#1,-1163710302,0.1666666666666666,0.1666666666666666,0.8333333333333334,0.1666666666666666,0.4166666666666666,0.8333333333333334,0.5833333333333334,0.5833333333333334,0.6666666666666666,0.5833333333333334,0.5833333333333334,0.3333333333333333,0.5,0.0,0.1666666666666666,0.5,0.5833333333333333,0.1666666666666666,0.0,0.5,0.1666666666666666,0.1666666666666666,0.6666666666666667,"8a75582732f7fff,8a755827338ffff,8a75582733affff,8a7558273337fff,8a755827305ffff,8a75582733b7fff,8a75582730d7fff,8a7558273767fff,8a7558273667fff,8a7558255937fff,8a755825595ffff,8a7558255867fff,8a7558255b07fff,8a755824648ffff,8a75582464f7fff,8a75582464c7fff,8a75582464cffff,8a7558246797fff,8a755824679ffff,8a75582466b7fff,8a7558246697fff,8a7558246687fff",1
-57680114#1,-1163710302,0.6666666666666667,0.6666666666666667,0.1666666666666666,0.8333333333333334,0.4166666666666666,0.3333333333333333,0.5833333333333334,0.5833333333333334,0.3333333333333333,0.5833333333333334,0.5833333333333334,0.8333333333333334,0.8333333333333334,0.5,0.3333333333333333,0.1666666666666666,0.5833333333333333,0.6666666666666667,0.5,0.1666666666666666,0.6666666666666667,0.8333333333333334,0.0,"8a755827338ffff,8a75582732f7fff,8a7558255967fff,8a75582464affff,8a75582464f7fff,8a75582464c7fff,8a75582464cffff,8a7558246797fff,8a755824679ffff,8a7558255b6ffff,8a7558255b4ffff,8a7558246697fff,8a7558246687fff",2
-57680114#1,-1163710302,0.0,0.0,0.6666666666666666,0.3333333333333333,0.4166666666666666,0.6666666666666666,0.5833333333333334,0.5833333333333334,0.8333333333333334,0.5833333333333334,0.5833333333333334,0.1666666666666666,0.3333333333333333,0.1666666666666666,0.5,0.6666666666666667,0.5833333333333333,0.3333333333333333,0.1666666666666666,0.6666666666666667,0.0,0.3333333333333333,0.5,"8a75582732f7fff,8a755827338ffff,8a75582733affff,8a7558273337fff,8a755827305ffff,8a75582733b7fff,8a75582730d7fff,8a7558273767fff,8a7558273667fff,8a7558255937fff,8a755825595ffff,8a7558255867fff,8a7558255b07fff,8a755824648ffff,8a75582464f7fff,8a75582464c7fff,8a75582464cffff,8a7558246797fff,8a755824679ffff,8a7558255b6ffff,8a7558255b4ffff,8a7558246697fff,8a7558246687fff",1
57680095#0,-57680089#3,0.75,0.75,1.0,0.5,0.625,1.0,0.625,0.625,1.0,1.0,0.375,0.625,0.25,0.75,0.75,0.75,0.0,0.75,0.75,0.0,0.75,0.0,0.0,"8a75582464d7fff,8a7558255b2ffff,8a7558255b77fff,8a7558255b47fff,8a7558255b5ffff,8a7558255b4ffff,8a7558246697fff,8a7558246687fff,8a75582466affff,8a75582466f7fff,8a75582466c7fff,8a75582466effff,8a755824665ffff,8a755824664ffff,8a7558242937fff,8a7558242927fff,8a755824292ffff",3
57680095#0,-57680089#3,0.0,0.0,0.25,0.25,0.125,0.25,0.625,0.625,0.25,0.25,0.75,0.625,1.0,0.0,0.0,0.25,0.75,0.0,0.0,0.75,0.0,0.75,0.75,"8a75582464d7fff,8a7558255b2ffff,8a7558255b07fff,8a755824648ffff,8a75582464f7fff,8a75582464c7fff,8a75582464cffff,8a7558246797fff,8a755824679ffff,8a75582466b7fff,8a7558246697fff,8a7558246687fff,8a755824668ffff,8a75582466f7fff,8a75582466c7fff,8a75582466effff,8a755824665ffff,8a755824664ffff,8a7558242937fff,8a7558242927fff,8a755824292ffff",1
57680095#0,-57680089#3,0.5,0.25,0.75,0.75,0.625,0.5,0.625,0.625,0.5,0.5,0.375,0.625,0.75,0.5,0.5,0.5,0.25,0.5,0.5,0.5,0.25,0.25,0.5,"8a75582464d7fff,8a7558255b2ffff,8a7558255b07fff,8a755824648ffff,8a75582464f7fff,8a75582464c7fff,8a75582464cffff,8a7558246797fff,8a755824679ffff,8a7558255b6ffff,8a7558255b4ffff,8a7558246697fff,8a7558246687fff,8a75582466affff,8a75582466f7fff,8a75582466c7fff,8a75582466effff,8a755824665ffff,8a755824664ffff,8a7558242937fff,8a7558242927fff,8a755824292ffff",2
57680095#0,-57680089#3,0.25,0.5,0.5,0.0,0.125,0.75,0.625,0.625,0.75,0.75,1.0,0.625,0.5,0.25,0.25,0.0,0.5,0.25,0.25,0.25,0.5,0.5,0.25,"8a75582464d7fff,8a7558255b2ffff,8a7558255b77fff,8a7558255b47fff,8a7558255b5ffff,8a7558255b4ffff,8a7558246697fff,8a7558246687fff,8a755824668ffff,8a75582466f7fff,8a75582466c7fff,8a75582466effff,8a755824665ffff,8a755824664ffff,8a7558242937fff,8a7558242927fff,8a755824292ffff",1
-57680089#3,57680095#0,0.7777777777777778,0.8888888888888888,0.6666666666666666,0.7777777777777778,0.6666666666666667,0.7777777777777778,0.5555555555555556,0.5555555555555556,1.0,0.8888888888888888,0.5555555555555556,0.5555555555555556,0.1111111111111111,0.7777777777777778,0.8888888888888888,0.8888888888888888,0.0,0.6666666666666667,0.8888888888888888,0.7222222222222222,0.8888888888888888,0.5555555555555556,0.2222222222222222,"8a755824292ffff,8a7558242927fff,8a7558242937fff,8a755824664ffff,8a755824665ffff,8a75582466effff,8a75582466c7fff,8a75582466f7fff,8a75582466affff,8a7558246687fff,8a7558246697fff,8a7558255b4ffff,8a7558255b5ffff,8a7558255b47fff,8a7558255b77fff,8a7558255b2ffff,8a75582464d7fff",2
-57680089#3,57680095#0,0.4444444444444444,0.2222222222222222,0.7777777777777778,0.6666666666666667,0.6666666666666667,0.2222222222222222,0.5555555555555556,0.5555555555555556,0.3333333333333333,0.2222222222222222,0.5555555555555556,0.5555555555555556,0.7777777777777778,0.5555555555555556,0.2222222222222222,0.2222222222222222,0.6666666666666667,0.5555555555555556,0.4444444444444444,0.3333333333333333,0.2222222222222222,0.7777777777777778,0.4444444444444444,"8a755824292ffff,8a7558242927fff,8a7558242937fff,8a755824664ffff,8a7558246647fff,8a755824665ffff,8a75582466effff,8a75582466c7fff,8a75582466f7fff,8a75582466affff,8a7558246687fff,8a7558246697fff,8a75582466b7fff,8a755824679ffff,8a7558246797fff,8a75582464cffff,8a75582464c7fff,8a75582464f7fff,8a755824648ffff,8a7558255b07fff,8a7558255b2ffff,8a75582464d7fff",2
-57680089#3,57680095#0,0.3333333333333333,0.5555555555555556,0.3333333333333333,0.1111111111111111,0.1666666666666666,0.6666666666666666,0.5555555555555556,0.5555555555555556,0.4444444444444444,0.7777777777777778,0.5555555555555556,0.5555555555555556,0.6666666666666666,0.2222222222222222,0.0,0.0,0.3333333333333333,0.0,0.0,0.2222222222222222,0.5555555555555556,0.3333333333333333,0.3333333333333333,"8a755824292ffff,8a7558242927fff,8a7558242937fff,8a755824664ffff,8a7558246647fff,8a755824665ffff,8a75582466effff,8a75582466c7fff,8a75582466f7fff,8a75582466affff,8a7558246687fff,8a7558246697fff,8a7558255a67fff,8a7558255b4ffff,8a7558255b5ffff,8a7558255b47fff,8a7558255b77fff,8a7558255b2ffff,8a75582464d7fff",1
-57680089#3,57680095#0,0.1111111111111111,0.1111111111111111,0.1111111111111111,0.3333333333333333,0.1666666666666666,0.1111111111111111,0.5555555555555556,0.5555555555555556,0.1111111111111111,0.4444444444444444,0.5555555555555556,0.5555555555555556,0.8888888888888888,0.0,0.3333333333333333,0.4444444444444444,0.8888888888888888,0.7777777777777778,0.1111111111111111,0.0,0.1111111111111111,0.8888888888888888,0.7777777777777778,"8a755824292ffff,8a7558242927fff,8a7558242937fff,8a755824664ffff,8a755824665ffff,8a75582466effff,8a75582466c7fff,8a75582466f7fff,8a75582466affff,8a7558246687fff,8a7558246697fff,8a7558255a67fff,8a7558255b4ffff,8a75582466b7fff,8a755824679ffff,8a7558246797fff,8a75582464cffff,8a75582464c7fff,8a75582464f7fff,8a755824648ffff,8a7558255b07fff,8a7558255b2ffff,8a75582464d7fff",1
-57680089#3,57680095#0,0.0,0.0,0.4444444444444444,0.0,0.1666666666666666,1.0,0.5555555555555556,0.5555555555555556,0.2222222222222222,0.1111111111111111,0.5555555555555556,0.5555555555555556,1.0,0.6666666666666667,0.7777777777777778,0.7777777777777778,0.7777777777777778,0.8888888888888888,0.5555555555555556,0.4444444444444444,0.0,0.0,0.8888888888888888,"8a755824292ffff,8a7558242927fff,8a7558242937fff,8a755824664ffff,8a755824665ffff,8a75582466effff,8a75582466c7fff,8a75582466f7fff,8a75582466affff,8a7558246687fff,8a7558246697fff,8a7558255a67fff,8a7558255a77fff,8a7558255aa7fff,8a755825516ffff,8a7558255a37fff,8a7558255b57fff,8a7558255b5ffff,8a7558255b4ffff,8a7558255b47fff,8a7558255b77fff,8a7558255b2ffff,8a75582464d7fff",3
-57680089#3,57680095#0,0.6666666666666667,0.3333333333333333,0.8888888888888888,0.5555555555555556,0.6666666666666667,0.4444444444444444,0.5555555555555556,0.5555555555555556,0.6666666666666666,0.3333333333333333,0.5555555555555556,0.5555555555555556,0.5555555555555556,0.4444444444444444,0.1111111111111111,0.1111111111111111,0.5555555555555556,0.2222222222222222,0.3333333333333333,0.7222222222222222,0.3333333333333333,0.2222222222222222,0.1111111111111111,"8a755824292ffff,8a7558242927fff,8a7558242937fff,8a755824664ffff,8a7558246647fff,8a755824665ffff,8a75582466effff,8a75582466c7fff,8a75582466f7fff,8a75582466affff,8a7558246687fff,8a7558246697fff,8a75582466b7fff,8a755824679ffff,8a7558255b6ffff,8a7558255b4ffff,8a7558255b5ffff,8a7558255b47fff,8a7558255b77fff,8a7558255b2ffff,8a75582464d7fff",0
-57680089#3,57680095#0,0.2222222222222222,0.6666666666666667,0.2222222222222222,0.2222222222222222,0.1666666666666666,0.5555555555555556,0.5555555555555556,0.5555555555555556,0.5555555555555556,1.0,0.5555555555555556,0.5555555555555556,0.4444444444444444,0.1111111111111111,0.5555555555555556,0.5555555555555556,0.2222222222222222,0.3333333333333333,0.2222222222222222,0.1111111111111111,0.6666666666666667,0.4444444444444444,0.6666666666666667,"8a755824292ffff,8a7558242927fff,8a7558242937fff,8a755824664ffff,8a755824665ffff,8a75582466effff,8a75582466c7fff,8a75582466f7fff,8a75582466affff,8a7558246687fff,8a7558246697fff,8a7558255a67fff,8a7558255b4ffff,8a7558255b5ffff,8a7558255b47fff,8a7558255b77fff,8a7558255b2ffff,8a75582464d7fff",1
-57680089#3,57680095#0,0.8888888888888888,0.7777777777777778,1.0,0.4444444444444444,0.6666666666666667,0.8888888888888888,0.5555555555555556,0.5555555555555556,0.8888888888888888,0.6666666666666666,0.5555555555555556,0.5555555555555556,0.2222222222222222,0.8888888888888888,0.4444444444444444,0.3333333333333333,0.1111111111111111,0.1111111111111111,0.7777777777777778,0.7222222222222222,0.7777777777777778,0.6666666666666667,0.0,"8a755824292ffff,8a7558242927fff,8a7558242937fff,8a755824664ffff,8a7558246647fff,8a755824665ffff,8a75582466effff,8a75582466c7fff,8a75582466f7fff,8a75582466affff,8a7558246687fff,8a7558246697fff,8a7558255b4ffff,8a7558255b5ffff,8a7558255b47fff,8a7558255b77fff,8a7558255b2ffff,8a75582464d7fff",0
-57680089#3,57680095#0,0.5555555555555556,0.4444444444444444,0.5555555555555556,0.8888888888888888,0.6666666666666667,0.3333333333333333,0.5555555555555556,0.5555555555555556,0.7777777777777778,0.5555555555555556,0.5555555555555556,0.5555555555555556,0.3333333333333333,0.3333333333333333,0.6666666666666667,0.6666666666666667,0.4444444444444444,0.4444444444444444,0.6666666666666667,0.7222222222222222,0.4444444444444444,0.1111111111111111,0.5555555555555556,"8a755824292ffff,8a7558242927fff,8a7558242937fff,8a755824664ffff,8a755824665ffff,8a75582466effff,8a75582466c7fff,8a75582466f7fff,8a75582466affff,8a7558246687fff,8a7558246697fff,8a75582466b7fff,8a755824679ffff,8a7558255b6ffff,8a7558255b4ffff,8a7558255b5ffff,8a7558255b47fff,8a7558255b77fff,8a7558255b2ffff,8a75582464d7fff",2
57392474,-561133139,0.3333333333333333,0.6666666666666667,0.3333333333333333,0.0,0.3333333333333333,1.0,0.6666666666666666,0.6666666666666666,0.3333333333333333,0.6666666666666666,0.6666666666666666,0.6666666666666666,1.0,0.3333333333333333,0.3333333333333333,0.3333333333333333,0.0,0.3333333333333333,0.3333333333333333,0.0,0.6666666666666667,0.3333333333333333,0.6666666666666667,"8a7558246687fff,8a755824668ffff,8a75582466f7fff,8a75582466affff,8a7558246697fff,8a7558255a67fff",1
57392474,-561133139,0.0,0.0,1.0,0.6666666666666667,0.3333333333333333,0.3333333333333333,0.6666666666666666,0.6666666666666666,0.6666666666666666,0.6666666666666666,0.6666666666666666,0.6666666666666666,0.6666666666666666,0.0,0.0,0.0,0.6666666666666667,0.0,0.0,0.6666666666666667,0.0,0.0,0.3333333333333333,"8a7558246687fff,8a755824668ffff,8a75582466f7fff,8a75582466affff,8a7558246697fff,8a75582466b7fff,8a755824679ffff,8a7558255b6ffff,8a7558255b4ffff,8a7558255a67fff",1
57392474,-561133139,0.6666666666666667,0.3333333333333333,0.6666666666666666,0.3333333333333333,0.3333333333333333,0.6666666666666666,0.6666666666666666,0.6666666666666666,1.0,0.6666666666666666,0.6666666666666666,0.6666666666666666,0.3333333333333333,0.6666666666666667,0.6666666666666667,0.6666666666666667,0.3333333333333333,0.6666666666666667,0.6666666666666667,0.3333333333333333,0.3333333333333333,0.6666666666666667,0.0,"8a7558246687fff,8a755824668ffff,8a75582466f7fff,8a75582466affff,8a7558246697fff,8a7558255b4ffff,8a7558255a67fff",3
-39353757#17,57680181#0,0.75,0.75,0.625,0.375,0.375,0.625,0.625,0.625,0.625,0.625,0.25,0.625,1.0,0.375,0.75,0.75,0.375,0.75,0.75,0.75,0.75,0.75,0.75,"8a755824040ffff,8a75582404e7fff,8a7558240417fff",2
-39353757#17,57680181#0,0.0,0.0,0.625,0.375,0.375,0.625,0.625,0.625,0.625,0.625,0.5,0.625,0.75,0.375,0.5,0.5,0.375,0.0,0.5,0.5,0.0,0.5,0.0,"8a75582404e7fff,8a755824040ffff,8a7558240407fff,8a7558240437fff,8a755824051ffff,8a755824625ffff,8a75582405b7fff,8a7558240597fff,8a755824296ffff,8a75582404f7fff,8a7558240417fff",1
-39353757#17,57680181#0,0.5,0.5,0.625,0.375,0.375,0.625,0.625,0.625,0.625,0.625,1.0,0.625,0.25,0.375,0.0,0.0,0.375,0.5,0.0,0.0,0.5,0.25,0.25,"8a75582404e7fff,8a755824040ffff,8a7558240417fff,8a7558240597fff,8a755824296ffff,8a75582404f7fff",0
-39353757#17,57680181#0,0.25,0.25,0.625,0.375,0.375,0.625,0.625,0.625,0.625,0.625,0.75,0.625,0.5,0.375,0.25,0.25,0.375,0.25,0.25,0.25,0.25,0.0,0.5,"8a75582404e7fff,8a755824040ffff,8a7558240407fff,8a75582405b7fff,8a7558240597fff,8a755824296ffff,8a75582404f7fff,8a7558240417fff",1
-57680145#1,-22561653,0.8333333333333334,0.8333333333333334,0.25,0.75,0.6666666666666667,0.5,0.5833333333333334,0.5833333333333334,0.3333333333333333,0.5833333333333334,0.5833333333333334,0.3333333333333333,0.8333333333333334,0.0,0.0,0.6666666666666667,0.5833333333333333,0.6666666666666667,0.3333333333333333,0.5833333333333333,0.6666666666666667,0.8333333333333334,0.0,"8a7558255967fff,8a75582464affff,8a75582464f7fff,8a75582464c7fff,8a75582464cffff,8a7558246797fff,8a755824679ffff,8a75582466b7fff,8a7558246697fff,8a7558255b4ffff",2
-57680145#1,-22561653,0.3333333333333333,0.3333333333333333,1.0,0.0,0.1666666666666666,1.0,0.5833333333333334,0.5833333333333334,1.0,0.5833333333333334,0.5833333333333334,1.0,0.1666666666666666,0.8333333333333334,0.8333333333333334,0.3333333333333333,0.1666666666666666,0.0,0.8333333333333334,0.5833333333333333,0.3333333333333333,0.0,0.8333333333333334,"8a75582464affff,8a7558255967fff,8a75582732f7fff,8a755827338ffff,8a75582733affff,8a7558273337fff,8a755827305ffff,8a75582733b7fff,8a75582730d7fff,8a7558273767fff,8a7558273667fff,8a7558255937fff,8a755825595ffff,8a7558255867fff,8a7558255b07fff,8a7558255b2ffff,8a7558255b77fff,8a7558255b47fff,8a7558255b5ffff,8a7558255b4ffff,8a7558246697fff",3
-57680145#1,-22561653,0.5,0.5,0.5,0.5,0.6666666666666667,0.1666666666666666,0.5833333333333334,0.5833333333333334,0.8333333333333334,0.5833333333333334,0.5833333333333334,0.3333333333333333,0.6666666666666666,0.3333333333333333,0.3333333333333333,0.6666666666666667,0.0,0.5,0.6666666666666667,0.5833333333333333,0.5,0.5,0.3333333333333333,"8a7558255967fff,8a75582464affff,8a75582464f7fff,8a755824648ffff,8a7558255b07fff,8a7558255b2ffff,8a7558255b77fff,8a7558255b47fff,8a7558255b5ffff,8a7558255b4ffff,8a7558246697fff",2
-57680145#1,-22561653,0.0,0.0,0.75,0.25,0.1666666666666666,0.6666666666666666,0.5833333333333334,0.5833333333333334,0.5,0.5833333333333334,0.5833333333333334,0.6666666666666666,0.5,0.6666666666666667,0.6666666666666667,0.1666666666666666,0.5833333333333333,0.3333333333333333,0.1666666666666666,0.1666666666666666,0.1666666666666666,0.1666666666666666,0.6666666666666667,"8a75582464affff,8a7558255967fff,8a75582732f7fff,8a755827338ffff,8a75582733affff,8a7558273337fff,8a755827305ffff,8a75582733b7fff,8a75582730d7fff,8a7558273767fff,8a7558273667fff,8a7558255937fff,8a755825595ffff,8a7558255867fff,8a7558255b07fff,8a755824648ffff,8a75582464f7fff,8a75582464c7fff,8a75582464cffff,8a7558246797fff,8a755824679ffff,8a7558255b6ffff,8a7558255b4ffff,8a7558246697fff",1
-57680145#1,-22561653,0.6666666666666667,0.6666666666666667,0.25,0.75,0.6666666666666667,0.3333333333333333,0.5833333333333334,0.5833333333333334,0.1666666666666666,0.5833333333333334,0.5833333333333334,0.3333333333333333,1.0,0.1666666666666666,0.1666666666666666,0.6666666666666667,0.5833333333333333,0.8333333333333334,0.5,0.5833333333333333,0.8333333333333334,0.6666666666666667,0.1666666666666666,"8a7558255967fff,8a75582464affff,8a75582464f7fff,8a75582464c7fff,8a75582464cffff,8a7558246797fff,8a755824679ffff,8a7558255b6ffff,8a7558255b4ffff,8a7558246697fff",2
-57680145#1,-22561653,0.1666666666666666,0.1666666666666666,0.75,0.25,0.1666666666666666,0.8333333333333334,0.5833333333333334,0.5833333333333334,0.6666666666666666,0.5833333333333334,0.5833333333333334,0.8333333333333334,0.3333333333333333,0.5,0.5,0.0,0.5833333333333333,0.1666666666666666,0.0,0.0,0.0,0.3333333333333333,0.5,"8a75582464affff,8a7558255967fff,8a75582732f7fff,8a755827338ffff,8a75582733affff,8a7558273337fff,8a755827305ffff,8a75582733b7fff,8a75582730d7fff,8a7558273767fff,8a7558273667fff,8a7558255937fff,8a755825595ffff,8a7558255867fff,8a7558255b07fff,8a755824648ffff,8a75582464f7fff,8a75582464c7fff,8a75582464cffff,8a7558246797fff,8a755824679ffff,8a75582466b7fff,8a7558246697fff,8a7558255b4ffff",1
57392420,-22561653,0.8,0.8,0.2,0.4,0.6,0.4,0.6,0.6,0.6,0.8,0.6,0.6,0.2,0.0,0.1999999999999999,0.8,0.6,0.6,0.1999999999999999,0.4,0.8,0.6,0.0,"8a7558255b4ffff,8a7558246697fff,8a7558255a67fff",0
57392420,-22561653,0.1999999999999999,0.4,0.7,0.7,0.6,0.4,0.6,0.6,1.0,0.4,0.6,0.6,0.4,0.1999999999999999,0.4,0.1999999999999999,0.0,0.0,0.4,0.4,0.0,0.4,0.4,"8a7558255b4ffff,8a7558246697fff,8a7558255a67fff,8a7558255b5ffff,8a7558255b47fff,8a7558255b77fff,8a7558255b2ffff,8a7558255b07fff,8a755824648ffff,8a75582464f7fff,8a75582464c7fff,8a75582464cffff,8a7558246797fff,8a755824679ffff,8a75582466b7fff",1
57392420,-22561653,0.4,0.0,1.0,0.0,0.0999999999999999,1.0,0.6,0.6,0.2,0.6,0.6,0.6,1.0,0.8,0.8,0.6,0.6,0.8,0.8,0.4,0.1999999999999999,0.0,0.8,"8a7558255b4ffff,8a7558246697fff,8a7558255a67fff,8a7558255a77fff,8a7558255aa7fff,8a755825516ffff,8a7558255a37fff,8a7558255b57fff,8a7558255b5ffff",3
57392420,-22561653,0.6,0.6,0.4,0.1999999999999999,0.0999999999999999,0.8,0.6,0.6,0.4,1.0,0.6,0.6,0.8,0.6,0.0,0.0,0.6,0.4,0.0,0.4,0.6,0.8,0.1999999999999999,"8a7558255b4ffff,8a7558246697fff,8a7558255a67fff,8a7558255a77fff,8a7558255b5ffff",0
57392420,-22561653,0.0,0.1999999999999999,0.7,0.7,0.6,0.4,0.6,0.6,0.8,0.2,0.6,0.6,0.6,0.4,0.6,0.4,0.1999999999999999,0.1999999999999999,0.6,0.4,0.4,0.1999999999999999,0.6,"8a7558255b4ffff,8a7558246697fff,8a7558255a67fff,8a7558255b5ffff,8a7558255b47fff,8a7558255b77fff,8a7558255b2ffff,8a7558255b07fff,8a755824648ffff,8a75582464f7fff,8a75582464c7fff,8a75582464cffff,8a7558246797fff,8a755824679ffff,8a7558255b6ffff",4
-561133121,57392486,0.8333333333333334,0.8333333333333334,0.5,0.5,0.6666666666666667,0.5,0.5833333333333334,0.5833333333333334,1.0,0.5833333333333334,0.5833333333333334,0.3333333333333333,0.1666666666666666,0.8333333333333334,0.8333333333333334,0.8333333333333334,0.0,0.8333333333333334,0.8333333333333334,0.8333333333333334,0.8333333333333334,0.0,0.6666666666666667,"8a7558273667fff,8a7558255937fff,8a755825595ffff,8a7558255867fff,8a7558255b07fff,8a7558255b2ffff,8a7558255b77fff,8a7558255b47fff,8a7558255b5ffff,8a7558255b4ffff,8a7558246697fff,8a7558246687fff",2
-561133121,57392486,0.3333333333333333,0.3333333333333333,0.8333333333333334,0.1666666666666666,0.1666666666666666,1.0,0.5833333333333334,0.5833333333333334,0.1666666666666666,0.5833333333333334,0.5833333333333334,1.0,0.6666666666666666,0.3333333333333333,0.3333333333333333,0.0,0.5833333333333333,0.1666666666666666,0.3333333333333333,0.3333333333333333,0.3333333333333333,0.3333333333333333,0.5,"8a7558255937fff,8a7558273667fff,8a7558273767fff,8a75582730d7fff,8a75582733b7fff,8a755827305ffff,8a7558273337fff,8a75582733affff,8a755827338ffff,8a75582732f7fff,8a7558255967fff,8a75582464affff,8a75582464f7fff,8a75582464c7fff,8a75582464cffff,8a7558246797fff,8a755824679ffff,8a75582466b7fff,8a7558246697fff,8a7558246687fff",1
-561133121,57392486,0.5,0.5,0.1666666666666666,0.8333333333333334,0.6666666666666667,0.1666666666666666,0.5833333333333334,0.5833333333333334,0.8333333333333334,0.5833333333333334,0.5833333333333334,0.3333333333333333,0.8333333333333334,0.1666666666666666,0.1666666666666666,0.6666666666666667,0.5833333333333333,0.5,0.1666666666666666,0.1666666666666666,0.5,0.8333333333333334,0.0,"8a7558273667fff,8a7558255937fff,8a755825595ffff,8a7558255867fff,8a7558255b07fff,8a755824648ffff,8a75582464f7fff,8a75582464c7fff,8a75582464cffff,8a7558246797fff,8a755824679ffff,8a7558255b6ffff,8a7558255b4ffff,8a7558246697fff,8a7558246687fff",2
-561133121,57392486,0.0,0.0,1.0,0.0,0.1666666666666666,0.6666666666666666,0.5833333333333334,0.5833333333333334,0.5,0.5833333333333334,0.5833333333333334,0.6666666666666666,0.3333333333333333,0.6666666666666667,0.6666666666666667,0.3333333333333333,0.1666666666666666,0.0,0.6666666666666667,0.6666666666666667,0.0,0.1666666666666666,0.8333333333333334,"8a7558255937fff,8a7558273667fff,8a7558273767fff,8a75582730d7fff,8a75582733b7fff,8a755827305ffff,8a7558273337fff,8a75582733affff,8a755827338ffff,8a75582732f7fff,8a7558255967fff,8a75582464affff,8a75582464f7fff,8a755824648ffff,8a7558255b07fff,8a7558255b2ffff,8a7558255b77fff,8a7558255b47fff,8a7558255b5ffff,8a7558255b4ffff,8a7558246697fff,8a7558246687fff",3
-561133121,57392486,0.6666666666666667,0.6666666666666667,0.3333333333333333,0.6666666666666667,0.6666666666666667,0.3333333333333333,0.5833333333333334,0.5833333333333334,0.6666666666666666,0.5833333333333334,0.5833333333333334,0.3333333333333333,1.0,0.0,0.0,0.5,0.5833333333333333,0.6666666666666667,0.0,0.0,0.6666666666666667,0.6666666666666667,0.1666666666666666,"8a7558273667fff,8a7558255937fff,8a755825595ffff,8a7558255867fff,8a7558255b07fff,8a755824648ffff,8a75582464f7fff,8a75582464c7fff,8a75582464cffff,8a7558246797fff,8a755824679ffff,8a75582466b7fff,8a7558246697fff,8a7558246687fff",2
-561133121,57392486,0.1666666666666666,0.1666666666666666,0.6666666666666666,0.3333333333333333,0.1666666666666666,0.8333333333333334,0.5833333333333334,0.5833333333333334,0.3333333333333333,0.5833333333333334,0.5833333333333334,0.8333333333333334,0.5,0.5,0.5,0.1666666666666666,0.5833333333333333,0.3333333333333333,0.5,0.5,0.1666666666666666,0.5,0.3333333333333333,"8a7558255937fff,8a7558273667fff,8a7558273767fff,8a75582730d7fff,8a75582733b7fff,8a755827305ffff,8a7558273337fff,8a75582733affff,8a755827338ffff,8a75582732f7fff,8a7558255967fff,8a75582464affff,8a75582464f7fff,8a75582464c7fff,8a75582464cffff,8a7558246797fff,8a755824679ffff,8a7558255b6ffff,8a7558255b4ffff,8a7558246697fff,8a7558246687fff",1
-22561652#0,-79119286#2,0.7,0.7,0.8,0.3,0.7,0.6,0.55,0.55,0.1,0.3,1.0,0.6,0.7,0.8,0.8,0.8,0.6,0.0,0.8,0.8,0.7,0.0999999999999999,0.6,"8a75582466f7fff,8a75582466affff,8a7558246687fff,8a7558246697fff,8a75582466b7fff,8a755824679ffff,8a7558246797fff,8a75582464cffff,8a75582464c7fff,8a75582464f7fff,8a75582464affff,8a7558255967fff,8a75582732f7fff,8a755827338ffff,8a75582733affff,8a7558273337fff,8a7558273327fff,8a7558246d37fff,8a7558246d27fff,8a75582712e7fff,8a7558271257fff,8a7558244c87fff,8a7558244c27fff,8a75582440c7fff,8a7558244767fff,8a7558244627fff,8a755824471ffff,8a7558244637fff",3
-22561652#0,-79119286#2,0.9,0.9,1.0,0.9,0.9,0.2,0.55,0.55,0.7,1.0,0.2,0.2,0.8,0.7,0.7,0.0,0.9,0.9,0.0,0.0999999999999999,0.9,0.9,0.0,"8a75582466affff,8a75582466f7fff,8a75582466c7fff,8a75582466effff,8a755824665ffff,8a755824664ffff,8a7558242937fff,8a7558242927fff,8a75582462d7fff,8a75582462c7fff,8a75582462e7fff,8a7558246277fff,8a755824634ffff,8a7558240cb7fff,8a7558240c17fff,8a7558240c37fff,8a7558240c27fff,8a7558240d57fff,8a7558240d77fff,8a7558240d67fff,8a75582446c7fff,8a75582446e7fff,8a755824461ffff,8a7558244617fff,8a7558244637fff,8a755824471ffff",0
-22561652#0,-79119286#2,0.0999999999999999,0.3,0.3,0.0999999999999999,0.0999999999999999,1.0,0.55,0.55,1.0,0.7,0.6,0.8,0.1,0.3,0.4,0.5,0.4,0.5,0.4,0.1999999999999999,0.3,0.1999999999999999,0.9,"8a75582466f7fff,8a75582466affff,8a7558246687fff,8a7558246697fff,8a7558255a67fff,8a7558255b4ffff,8a7558255b5ffff,8a7558255b47fff,8a7558255b77fff,8a7558255b2ffff,8a7558255b07fff,8a7558255867fff,8a755825595ffff,8a7558255937fff,8a7558273667fff,8a7558273767fff,8a75582730d7fff,8a75582733b7fff,8a755827305ffff,8a7558273337fff,8a7558273a87fff,8a7558273aaffff,8a7558273a0ffff,8a7558246d27fff,8a75582712e7fff,8a7558271257fff,8a7558244c87fff,8a7558244c27fff,8a75582440c7fff,8a7558244767fff,8a7558244627fff,8a755824471ffff,8a7558244637fff",1
-22561652#0,-79119286#2,0.0,0.0,0.2,0.4,0.0999999999999999,0.3,0.55,0.55,0.2,0.6,0.3,0.3,0.9,0.6,0.5,0.7,0.5,0.7,0.6,0.6,0.0,0.7,0.3,"8a75582466f7fff,8a75582466affff,8a7558246687fff,8a7558246697fff,8a7558255a67fff,8a7558255b4ffff,8a7558255b5ffff,8a7558255b47fff,8a7558255b77fff,8a7558255b2ffff,8a7558255b07fff,8a755824648ffff,8a75582464f7fff,8a75582464affff,8a7558255967fff,8a75582732f7fff,8a755827338ffff,8a75582733affff,8a7558273337fff,8a7558273327fff,8a7558246d37fff,8a7558246d27fff,8a75582712e7fff,8a7558271257fff,8a7558244c87fff,8a7558244c27fff,8a75582440c7fff,8a7558244767fff,8a7558244627fff,8a755824471ffff,8a7558244707fff,8a7558244717fff,8a755824409ffff,8a7558244737fff,8a755824446ffff,8a75582447a7fff,8a75582447affff,8a7558244637fff",4
-22561652#0,-79119286#2,0.5,0.5,0.4,0.5,0.4499999999999999,0.7,0.55,0.55,0.4,0.3,0.8,1.0,0.4,0.0999999999999999,0.1999999999999999,0.1999999999999999,0.1999999999999999,0.4,0.3,0.8,0.5,0.6,0.1999999999999999,"8a75582466f7fff,8a75582466affff,8a7558246687fff,8a75582466a7fff,8a755824678ffff,8a755824679ffff,8a7558255b6ffff,8a7558255b4ffff,8a7558255b5ffff,8a7558255b47fff,8a7558255b77fff,8a7558255b2ffff,8a7558255b07fff,8a755824648ffff,8a75582464f7fff,8a75582464affff,8a7558255967fff,8a75582732f7fff,8a755827338ffff,8a75582733affff,8a7558273337fff,8a7558273a87fff,8a7558273aaffff,8a7558273a0ffff,8a7558246d27fff,8a75582712e7fff,8a7558271257fff,8a7558244c87fff,8a7558244c27fff,8a75582440c7fff,8a7558244767fff,8a7558244627fff,8a755824471ffff,8a7558244637fff",0
-22561652#0,-79119286#2,0.3,0.1999999999999999,0.1,0.6,0.4499999999999999,0.5,0.55,0.55,0.8,0.3,0.5,0.4,0.3,0.4,0.3,0.4,0.7,0.3,0.5,0.4,0.1999999999999999,0.4,0.4,"8a75582466f7fff,8a75582466affff,8a7558246687fff,8a75582466a7fff,8a755824678ffff,8a755824679ffff,8a7558246797fff,8a75582464cffff,8a75582464c7fff,8a75582464f7fff,8a755824648ffff,8a7558255b07fff,8a7558255867fff,8a755825595ffff,8a7558255937fff,8a7558273667fff,8a7558273767fff,8a75582730d7fff,8a75582733b7fff,8a755827305ffff,8a7558273337fff,8a7558273327fff,8a7558246d37fff,8a7558246d27fff,8a75582712e7fff,8a7558271257fff,8a7558244c87fff,8a7558244c27fff,8a75582440c7fff,8a7558244767fff,8a7558244627fff,8a755824471ffff,8a7558244637fff",4
-22561652#0,-79119286#2,0.8,0.8,0.5,0.7,0.3,0.1,0.55,0.55,0.6,0.9,0.1,0.1,1.0,0.0,0.0,0.0999999999999999,0.0,0.8,0.0999999999999999,0.0,0.8,0.8,0.0999999999999999,"8a75582466f7fff,8a75582466affff,8a7558246687fff,8a755824668ffff,8a75582466c7fff,8a75582466effff,8a755824665ffff,8a755824664ffff,8a7558242937fff,8a7558242927fff,8a75582462d7fff,8a75582462c7fff,8a75582462e7fff,8a7558246277fff,8a755824634ffff,8a7558240cb7fff,8a7558240c17fff,8a7558240c37fff,8a7558240c27fff,8a7558240d57fff,8a7558240d77fff,8a7558240d67fff,8a7558240d47fff,8a7558240997fff,8a75582446cffff,8a755824460ffff,8a7558244627fff,8a755824471ffff,8a7558244637fff",0
-22561652#0,-79119286#2,0.4,0.0999999999999999,0.6,0.8,0.7,0.9,0.55,0.55,0.9,0.3,0.4,0.7,0.2,0.5,0.6,0.6,0.8,0.6,0.7,0.5,0.0999999999999999,0.5,0.7,"8a75582466f7fff,8a75582466affff,8a7558246687fff,8a7558246697fff,8a75582466b7fff,8a755824679ffff,8a7558246797fff,8a75582464cffff,8a75582464c7fff,8a75582464f7fff,8a755824648ffff,8a7558255b07fff,8a7558255867fff,8a755825595ffff,8a7558255937fff,8a7558273667fff,8a7558273767fff,8a75582730d7fff,8a75582733b7fff,8a755827305ffff,8a7558273337fff,8a7558273a87fff,8a7558273aaffff,8a7558273a0ffff,8a7558246d27fff,8a75582712e7fff,8a7558271257fff,8a7558244c87fff,8a7558244c27fff,8a75582440c7fff,8a7558244767fff,8a7558244627fff,8a755824471ffff,8a7558244637fff",4
-22561652#0,-79119286#2,0.1999999999999999,0.4,0.7,0.0,0.0999999999999999,0.8,0.55,0.55,0.3,0.8,0.7,0.9,0.5,0.1999999999999999,0.0999999999999999,0.3,0.3,0.1999999999999999,0.1999999999999999,0.3,0.4,0.3,0.5,"8a75582466f7fff,8a75582466affff,8a7558246687fff,8a7558246697fff,8a7558255a67fff,8a7558255a77fff,8a7558255b5ffff,8a7558255b4ffff,8a7558255b47fff,8a7558255b77fff,8a7558255b2ffff,8a7558255b07fff,8a755824648ffff,8a75582464f7fff,8a75582464affff,8a7558255967fff,8a75582732f7fff,8a755827338ffff,8a75582733affff,8a7558273337fff,8a7558273a87fff,8a7558273aaffff,8a7558273a0ffff,8a7558246d27fff,8a75582712e7fff,8a7558271257fff,8a7558244c87fff,8a7558244c27fff,8a75582440c7fff,8a7558244767fff,8a7558244627fff,8a755824471ffff,8a7558244637fff",1
-22561652#0,-79119286#2,0.6,0.6,0.9,0.1999999999999999,0.7,0.4,0.55,0.55,0.5,0.3,0.9,0.5,0.6,0.9,0.9,0.9,0.0999999999999999,0.0999999999999999,0.9,0.8,0.6,0.0,0.8,"8a75582466f7fff,8a75582466affff,8a7558246687fff,8a7558246697fff,8a7558255b4ffff,8a7558255b5ffff,8a7558255b47fff,8a7558255b77fff,8a7558255b2ffff,8a7558255b07fff,8a755824648ffff,8a75582464f7fff,8a75582464affff,8a7558255967fff,8a75582732f7fff,8a755827338ffff,8a75582733affff,8a7558273337fff,8a7558273327fff,8a7558246d37fff,8a7558246d27fff,8a75582712e7fff,8a7558271257fff,8a7558244c87fff,8a7558244c27fff,8a75582440c7fff,8a7558244767fff,8a7558244627fff,8a755824471ffff,8a7558244637fff",3
57680109,628868117#0,0.75,0.75,0.25,0.25,0.5,0.5,0.625,0.625,1.0,0.625,0.625,0.75,0.25,0.0,0.0,0.0,0.0,0.5,0.0,0.0,0.75,0.25,0.5,"8a75582464d7fff,8a755824648ffff,8a7558255b07fff,8a7558255b2ffff,8a7558255b77fff,8a7558255b47fff,8a7558255b5ffff,8a7558255b4ffff,8a7558246697fff,8a7558246687fff,8a75582466a7fff,8a755824678ffff",0
57680109,628868117#0,0.0,0.0,1.0,0.0,0.0,1.0,0.625,0.625,0.75,0.625,0.625,1.0,0.5,0.75,0.75,0.75,0.5,0.0,0.75,0.75,0.0,0.0,0.75,"8a75582464d7fff,8a755824648ffff,8a7558255b07fff,8a7558255867fff,8a755825595ffff,8a7558255937fff,8a7558273667fff,8a7558273767fff,8a75582730d7fff,8a75582733b7fff,8a755827305ffff,8a7558273337fff,8a75582733affff,8a755827338ffff,8a75582732f7fff,8a7558255967fff,8a75582464affff,8a75582464f7fff,8a75582464c7fff,8a75582464cffff,8a7558246797fff,8a755824679ffff,8a75582466b7fff,8a7558246697fff,8a7558246687fff,8a75582466a7fff,8a755824678ffff",3
57680109,628868117#0,0.25,0.25,0.75,0.75,0.5,0.5,0.625,0.625,0.5,0.625,0.625,0.25,0.75,0.5,0.5,0.5,0.5,0.75,0.5,0.5,0.25,0.5,0.0,"8a75582464d7fff,8a755824648ffff,8a75582464f7fff,8a75582464c7fff,8a75582464cffff,8a7558246797fff,8a755824679ffff,8a7558255b6ffff,8a7558255b4ffff,8a7558246697fff,8a7558246687fff,8a75582466a7fff,8a755824678ffff",2
57680109,628868117#0,0.5,0.5,0.5,0.5,0.5,0.5,0.625,0.625,0.25,0.625,0.625,0.5,1.0,0.25,0.25,0.25,0.5,0.25,0.25,0.25,0.5,0.75,0.25,"8a75582464d7fff,8a755824648ffff,8a75582464f7fff,8a75582464c7fff,8a75582464cffff,8a7558246797fff,8a755824679ffff,8a75582466b7fff,8a7558246697fff,8a7558246687fff,8a75582466a7fff,8a755824678ffff",2
-1020078548,-1163710302,0.4,0.4,0.7,0.0,0.1999999999999999,0.8,0.55,0.55,0.1,0.3,1.0,0.8,0.4,0.5,0.4,0.3,0.85,0.7,0.5,0.0,0.4,0.0,0.8,"8a7558244737fff,8a755824409ffff,8a7558244707fff,8a7558244717fff,8a755824471ffff,8a7558244627fff,8a7558244767fff,8a75582440c7fff,8a7558244c27fff,8a7558244c87fff,8a7558271257fff,8a75582712e7fff,8a7558246d27fff,8a7558246d37fff,8a7558273327fff,8a7558273337fff,8a75582733affff,8a755827338ffff,8a75582732f7fff,8a7558255967fff,8a75582464affff,8a75582464f7fff,8a75582464c7fff,8a75582464cffff,8a7558246797fff,8a755824679ffff,8a75582466b7fff,8a7558246697fff,8a7558246687fff",3
-1020078548,-1163710302,0.5,0.5,0.9,0.5,0.7,0.2,0.55,0.55,0.4,0.6,0.3,0.3,1.0,0.4,0.0999999999999999,0.1999999999999999,0.4,0.0999999999999999,0.1999999999999999,0.9,0.5,0.5,0.4,"8a755824409ffff,8a7558244737fff,8a755824446ffff,8a7558244467fff,8a7558244477fff,8a75582447b7fff,8a75582447a7fff,8a7558244797fff,8a7558244787fff,8a75582446b7fff,8a755824469ffff,8a7558240d27fff,8a7558244687fff,8a75582446a7fff,8a755824478ffff,8a75582447affff,8a7558244637fff,8a7558244617fff,8a755824461ffff,8a755824468ffff,8a75582446d7fff,8a7558240d77fff,8a7558240d67fff,8a7558240d57fff,8a7558240d47fff,8a7558240c67fff,8a7558240c07fff,8a7558240c37fff,8a7558240c17fff,8a7558240cb7fff,8a755824634ffff,8a7558246277fff,8a75582462e7fff,8a75582462c7fff,8a75582462d7fff,8a7558242927fff,8a7558242937fff,8a755824664ffff,8a7558246647fff,8a755824665ffff,8a75582466effff,8a75582466c7fff,8a75582466f7fff,8a75582466affff,8a7558246687fff",2
-1020078548,-1163710302,0.1999999999999999,0.1999999999999999,0.5,0.1999999999999999,0.1999999999999999,1.0,0.55,0.55,1.0,0.3,0.8,0.9,0.1,0.7,0.7,0.7,0.5,0.3,0.7,0.6,0.1999999999999999,0.0999999999999999,0.9,"8a755824409ffff,8a7558244737fff,8a755824446ffff,8a75582447a7fff,8a75582447affff,8a7558244637fff,8a755824471ffff,8a7558244627fff,8a7558244767fff,8a75582440c7fff,8a7558244c27fff,8a7558244c87fff,8a7558271257fff,8a75582712e7fff,8a7558246d27fff,8a7558273a0ffff,8a7558273aaffff,8a7558273a87fff,8a7558273337fff,8a755827305ffff,8a75582733b7fff,8a75582730d7fff,8a7558273767fff,8a7558273667fff,8a7558255937fff,8a755825595ffff,8a7558255867fff,8a7558255b07fff,8a7558255b2ffff,8a7558255b77fff,8a7558255b47fff,8a7558255b5ffff,8a7558255b4ffff,8a7558246697fff,8a7558246687fff",3
-1020078548,-1163710302,0.9,0.8,0.3,0.9,0.7,0.3,0.55,0.55,0.7,0.9,0.3,0.4,0.7,0.0999999999999999,0.1999999999999999,0.0999999999999999,0.0999999999999999,0.9,0.3,0.4,0.8,0.9,0.0,"8a7558244737fff,8a755824409ffff,8a7558244707fff,8a7558244717fff,8a755824471ffff,8a7558244627fff,8a755824460ffff,8a755824461ffff,8a75582446c7fff,8a7558240d67fff,8a7558240d77fff,8a7558240d57fff,8a7558240c27fff,8a7558240c37fff,8a7558240c17fff,8a7558240cb7fff,8a755824634ffff,8a7558246277fff,8a75582462e7fff,8a75582462c7fff,8a75582462d7fff,8a7558242927fff,8a7558242937fff,8a755824664ffff,8a755824665ffff,8a75582466effff,8a75582466c7fff,8a75582466f7fff,8a75582466affff,8a7558246687fff",0
-1020078548,-1163710302,0.0999999999999999,0.0999999999999999,0.2,0.3,0.1999999999999999,0.7,0.55,0.55,0.3,0.3,0.7,0.7,0.5,0.8,0.8,0.4,0.6,0.0,0.4,0.1999999999999999,0.0999999999999999,0.4,0.6,"8a755824409ffff,8a7558244737fff,8a755824446ffff,8a75582447a7fff,8a7558244787fff,8a75582446b7fff,8a755824469ffff,8a7558240d27fff,8a7558240d77fff,8a7558240d57fff,8a7558240d67fff,8a7558240d47fff,8a7558240997fff,8a75582446cffff,8a75582446c7fff,8a75582446e7fff,8a755824461ffff,8a755824460ffff,8a7558244627fff,8a755824471ffff,8a7558244767fff,8a75582440c7fff,8a7558244c27fff,8a7558244c87fff,8a7558271257fff,8a75582712e7fff,8a7558246d27fff,8a7558273a0ffff,8a7558273aaffff,8a7558273a87fff,8a7558273337fff,8a75582733affff,8a755827338ffff,8a75582732f7fff,8a7558255967fff,8a75582464affff,8a75582464f7fff,8a755824648ffff,8a7558255b07fff,8a7558255b2ffff,8a7558255b77fff,8a7558255b47fff,8a7558255b5ffff,8a7558255b4ffff,8a7558246697fff,8a7558246687fff",4
-1020078548,-1163710302,0.6,0.7,0.4,0.7,0.7,0.1,0.55,0.55,0.6,0.7,0.3,0.1,0.9,0.1999999999999999,0.5,0.9,0.1999999999999999,0.6,0.9,0.5,0.7,0.6,0.3,"8a7558244737fff,8a755824409ffff,8a7558244097fff,8a7558244467fff,8a7558244477fff,8a75582447b7fff,8a75582447a7fff,8a7558244797fff,8a7558244787fff,8a75582446b7fff,8a755824469ffff,8a7558246a6ffff,8a7558246a4ffff,8a7558246a5ffff,8a7558240da7fff,8a7558240daffff,8a7558240d1ffff,8a7558240c27fff,8a7558240c37fff,8a7558240c17fff,8a7558240cb7fff,8a755824634ffff,8a7558246277fff,8a75582462e7fff,8a75582462c7fff,8a75582462d7fff,8a7558242927fff,8a7558242937fff,8a755824664ffff,8a755824665ffff,8a75582466effff,8a75582466c7fff,8a75582466f7fff,8a75582466affff,8a7558246687fff",2
-1020078548,-1163710302,0.8,0.9,0.8,0.6,0.7,0.4,0.55,0.55,0.8,0.8,0.3,0.2,0.8,0.0,0.0,0.0,0.0,0.8,0.0,0.3,0.9,0.7,0.1999999999999999,"8a755824409ffff,8a7558244737fff,8a755824446ffff,8a75582447a7fff,8a7558244787fff,8a75582446b7fff,8a755824469ffff,8a7558240d27fff,8a7558240d77fff,8a7558240d57fff,8a7558240c27fff,8a7558240c37fff,8a7558240c17fff,8a7558240cb7fff,8a755824634ffff,8a7558246277fff,8a75582462e7fff,8a75582462c7fff,8a75582462d7fff,8a7558242927fff,8a7558242937fff,8a755824664ffff,8a7558246647fff,8a755824665ffff,8a75582466effff,8a75582466c7fff,8a75582466f7fff,8a75582466affff,8a7558246687fff",0
-1020078548,-1163710302,0.7,0.6,1.0,0.4,0.7,0.5,0.55,0.55,0.5,1.0,0.3,0.5,0.6,0.3,0.3,0.6,0.3,0.5,0.0999999999999999,0.7,0.6,0.8,0.0999999999999999,"8a7558244737fff,8a755824409ffff,8a7558244097fff,8a7558244467fff,8a755824446ffff,8a75582447a7fff,8a75582447affff,8a7558244637fff,8a755824471ffff,8a7558244627fff,8a755824460ffff,8a755824461ffff,8a75582446c7fff,8a7558240d67fff,8a7558240d77fff,8a7558240d57fff,8a7558240d47fff,8a7558240c67fff,8a7558240c07fff,8a7558240c37fff,8a7558240c17fff,8a7558240cb7fff,8a755824634ffff,8a7558246277fff,8a75582462e7fff,8a75582462c7fff,8a75582462d7fff,8a7558242927fff,8a7558242937fff,8a755824664ffff,8a755824665ffff,8a75582466effff,8a75582466c7fff,8a75582466f7fff,8a75582466affff,8a7558246687fff",0
-1020078548,-1163710302,0.0,0.0,0.1,0.8,0.1999999999999999,0.6,0.55,0.55,0.9,0.3,0.6,0.6,0.2,0.9,0.9,0.8,0.7,0.1999999999999999,0.8,0.8,0.0,0.3,0.7,"8a755824409ffff,8a7558244737fff,8a755824446ffff,8a7558244707fff,8a7558244717fff,8a755824471ffff,8a7558244637fff,8a7558244617fff,8a755824461ffff,8a755824468ffff,8a75582446d7fff,8a7558240d27fff,8a7558240d77fff,8a7558240d67fff,8a75582446c7fff,8a755824460ffff,8a7558244627fff,8a7558244767fff,8a75582440c7fff,8a7558244c27fff,8a7558244c87fff,8a7558271257fff,8a75582712e7fff,8a7558246d27fff,8a7558246d37fff,8a7558273327fff,8a7558273337fff,8a755827305ffff,8a75582733b7fff,8a75582730d7fff,8a7558273767fff,8a7558273667fff,8a7558255937fff,8a755825595ffff,8a7558255867fff,8a7558255b07fff,8a7558255b2ffff,8a7558255b77fff,8a7558255b47fff,8a7558255b5ffff,8a7558255b4ffff,8a7558246697fff,8a7558246687fff",4
-1020078548,-1163710302,0.3,0.3,0.6,0.0999999999999999,0.1999999999999999,0.9,0.55,0.55,0.2,0.3,0.9,1.0,0.3,0.6,0.6,0.5,0.85,0.4,0.6,0.0999999999999999,0.3,0.1999999999999999,0.5,"8a7558244737fff,8a755824409ffff,8a7558244097fff,8a7558244467fff,8a755824446ffff,8a75582447a7fff,8a75582447affff,8a7558244637fff,8a755824471ffff,8a7558244627fff,8a7558244767fff,8a75582440c7fff,8a7558244c27fff,8a7558244c87fff,8a7558271257fff,8a75582712e7fff,8a7558246d27fff,8a7558273a0ffff,8a7558273aaffff,8a7558273a87fff,8a7558273337fff,8a75582733affff,8a755827338ffff,8a75582732f7fff,8a7558255967fff,8a75582464affff,8a75582464f7fff,8a75582464c7fff,8a75582464cffff,8a7558246797fff,8a755824679ffff,8a7558255b6ffff,8a7558255b4ffff,8a7558246697fff,8a7558246687fff",3
-39353757#11,-41231756#3,0.7,0.8,0.9,0.0,0.4499999999999999,0.7,0.55,0.55,0.55,0.9,0.7,1.0,0.4,0.4499999999999999,0.0999999999999999,0.0999999999999999,0.4499999999999999,0.9,0.0999999999999999,0.0999999999999999,0.8,0.3,0.8,"8a755824624ffff,8a7558240517fff,8a755824051ffff,8a7558240437fff,8a7558240407fff,8a755824040ffff,8a75582404e7fff,8a7558240417fff,8a7558240597fff,8a755824296ffff,8a755824291ffff,8a75582429affff,8a75582429a7fff,8a755824665ffff,8a755824664ffff,8a7558242937fff,8a7558242927fff,8a75582462d7fff,8a75582462c7fff,8a75582462e7fff,8a7558246277fff,8a755824634ffff,8a7558240cb7fff,8a7558240c17fff,8a7558240c37fff,8a7558240c27fff,8a7558240d57fff,8a7558240d77fff,8a7558240d27fff,8a7558244687fff,8a75582446a7fff,8a755824478ffff,8a75582447affff",0
-39353757#11,-41231756#3,0.5,0.5,0.3,0.7,0.4499999999999999,0.6,0.55,0.55,0.55,0.5,0.4,0.25,0.7,0.4499999999999999,0.7,0.8,0.4499999999999999,0.6,0.8,0.4,0.4,0.6,0.0999999999999999,"8a7558240517fff,8a755824624ffff,8a755824625ffff,8a75582405b7fff,8a7558240597fff,8a755824296ffff,8a755824291ffff,8a75582429affff,8a75582429a7fff,8a755824665ffff,8a755824664ffff,8a7558242937fff,8a7558242927fff,8a75582462d7fff,8a75582462c7fff,8a75582462e7fff,8a7558246277fff,8a755824634ffff,8a7558240cb7fff,8a7558240c17fff,8a7558240c37fff,8a7558240c27fff,8a7558240d1ffff,8a7558240daffff,8a7558240da7fff,8a7558246a5ffff,8a7558246a4ffff,8a7558246a6ffff,8a755824469ffff,8a75582446b7fff,8a7558244787fff,8a75582447a7fff,8a7558244467fff,8a7558244097fff,8a755824409ffff,8a755824446ffff,8a75582447affff",2
-39353757#11,-41231756#3,0.9,0.9,0.7,0.0999999999999999,0.4499999999999999,1.0,0.55,0.55,0.55,1.0,0.8,0.7,0.1,0.4499999999999999,0.0,0.0,0.4499999999999999,0.0999999999999999,0.0,0.0,0.9,0.9,0.0,"8a7558240517fff,8a755824624ffff,8a755824625ffff,8a75582405b7fff,8a7558240597fff,8a755824296ffff,8a755824291ffff,8a75582429affff,8a75582429a7fff,8a755824665ffff,8a755824664ffff,8a7558242937fff,8a7558242927fff,8a75582462d7fff,8a75582462c7fff,8a75582462e7fff,8a7558246277fff,8a755824634ffff,8a7558240cb7fff,8a7558240c17fff,8a7558240c37fff,8a7558240c27fff,8a7558240d57fff,8a7558240d77fff,8a7558240d67fff,8a75582446c7fff,8a75582446e7fff,8a755824461ffff,8a7558244617fff,8a7558244637fff,8a75582447affff",0
-39353757#11,-41231756#3,0.4,0.4,0.5,0.4,0.4499999999999999,0.5,0.55,0.55,0.55,0.6,1.0,0.25,0.2,0.4499999999999999,0.8,0.9,0.4499999999999999,0.0,0.9,0.5,0.5,0.1999999999999999,0.3,"8a7558240517fff,8a755824624ffff,8a755824625ffff,8a75582405b7fff,8a7558240407fff,8a755824040ffff,8a75582404e7fff,8a75582404f7fff,8a755824296ffff,8a755824291ffff,8a75582429affff,8a75582429a7fff,8a755824665ffff,8a755824664ffff,8a7558242937fff,8a7558242927fff,8a75582462d7fff,8a75582462c7fff,8a75582462e7fff,8a7558246277fff,8a755824634ffff,8a7558240cb7fff,8a7558240c17fff,8a7558240c37fff,8a7558240c27fff,8a7558240d1ffff,8a7558240daffff,8a7558240da7fff,8a7558246a5ffff,8a7558246a4ffff,8a7558246a6ffff,8a755824469ffff,8a7558240d27fff,8a7558244687fff,8a75582446a7fff,8a755824478ffff,8a75582447affff",3
-39353757#11,-41231756#3,0.3,0.3,0.4,0.3,0.4499999999999999,0.2,0.55,0.55,0.55,0.4,0.9,0.6,0.3,0.4499999999999999,0.3,0.1999999999999999,0.4499999999999999,0.1999999999999999,0.1999999999999999,0.6,0.3,0.0,0.6,"8a755824624ffff,8a7558240517fff,8a755824051ffff,8a755824625ffff,8a75582405b7fff,8a7558240437fff,8a7558240407fff,8a755824040ffff,8a75582404e7fff,8a75582404f7fff,8a755824296ffff,8a755824291ffff,8a75582429affff,8a75582429a7fff,8a755824665ffff,8a755824664ffff,8a7558242937fff,8a7558242927fff,8a75582462d7fff,8a75582462c7fff,8a75582462e7fff,8a7558246277fff,8a755824634ffff,8a7558240cb7fff,8a7558240c17fff,8a7558240c37fff,8a7558240c27fff,8a7558240d57fff,8a7558240d77fff,8a7558240d67fff,8a75582446c7fff,8a755824461ffff,8a755824460ffff,8a7558244627fff,8a755824471ffff,8a7558244637fff,8a75582447affff",1
-39353757#11,-41231756#3,0.6,0.6,1.0,0.1999999999999999,0.4499999999999999,0.9,0.55,0.55,0.55,0.7,0.5,0.25,0.6,0.4499999999999999,0.5,0.7,0.4499999999999999,0.4,0.7,0.3,0.6,0.7,0.4,"8a755824624ffff,8a7558240517fff,8a755824051ffff,8a7558240437fff,8a7558240407fff,8a755824040ffff,8a75582404e7fff,8a75582404f7fff,8a75582404affff,8a755824296ffff,8a755824291ffff,8a75582429affff,8a75582429a7fff,8a755824665ffff,8a755824664ffff,8a7558242937fff,8a7558242927fff,8a75582462d7fff,8a75582462c7fff,8a75582462e7fff,8a7558246277fff,8a755824634ffff,8a7558240cb7fff,8a7558240c17fff,8a7558240c37fff,8a7558240c27fff,8a7558240d1ffff,8a7558240daffff,8a7558240da7fff,8a7558246a5ffff,8a7558246a4ffff,8a7558240d37fff,8a755824469ffff,8a75582446b7fff,8a7558244787fff,8a75582447a7fff,8a75582447affff",3
-39353757#11,-41231756#3,0.0,0.0,0.1,0.9,0.4499999999999999,0.1,0.55,0.55,0.55,0.1,0.1,0.8,1.0,0.4499999999999999,0.9,0.5,0.4499999999999999,0.3,0.5,0.9,0.0,0.4,0.9,"8a7558240517fff,8a755824624ffff,8a755824625ffff,8a75582405b7fff,8a7558240437fff,8a7558240407fff,8a755824040ffff,8a75582404e7fff,8a75582404f7fff,8a75582404affff,8a755824296ffff,8a755824291ffff,8a75582429affff,8a75582429a7fff,8a755824665ffff,8a755824664ffff,8a7558242937fff,8a7558242927fff,8a75582462d7fff,8a75582462c7fff,8a75582462e7fff,8a7558246277fff,8a755824634ffff,8a7558240cb7fff,8a7558240c17fff,8a7558240c37fff,8a7558240c27fff,8a7558240d57fff,8a7558240d77fff,8a7558240d27fff,8a7558244687fff,8a75582446b7fff,8a7558244787fff,8a75582447a7fff,8a755824446ffff,8a7558244737fff,8a755824409ffff,8a7558244707fff,8a7558244717fff,8a755824471ffff,8a7558244637fff,8a75582447affff",4
-39353757#11,-41231756#3,0.8,0.7,0.6,0.5,0.4499999999999999,0.8,0.55,0.55,0.55,0.8,0.6,0.25,0.5,0.4499999999999999,0.1999999999999999,0.6,0.4499999999999999,0.5,0.6,0.1999999999999999,0.7,0.5,0.1999999999999999,"8a755824624ffff,8a7558240517fff,8a755824051ffff,8a7558240437fff,8a7558240407fff,8a75582405b7fff,8a7558240597fff,8a755824296ffff,8a755824291ffff,8a75582429affff,8a75582429a7fff,8a755824665ffff,8a755824664ffff,8a7558242937fff,8a7558242927fff,8a75582462d7fff,8a75582462c7fff,8a75582462e7fff,8a7558246277fff,8a755824634ffff,8a7558240cb7fff,8a7558240c17fff,8a7558240c37fff,8a7558240c27fff,8a7558240d1ffff,8a7558240daffff,8a7558240da7fff,8a7558246a5ffff,8a7558246a4ffff,8a7558240d37fff,8a755824469ffff,8a7558240d27fff,8a7558244687fff,8a75582446a7fff,8a755824478ffff,8a75582447affff",2
-39353757#11,-41231756#3,0.1999999999999999,0.1999999999999999,0.8,0.6,0.4499999999999999,0.4,0.55,0.55,0.55,0.3,0.3,0.9,0.8,0.4499999999999999,0.4,0.3,0.4499999999999999,0.7,0.3,0.7,0.1999999999999999,0.0999999999999999,0.7,"8a755824624ffff,8a7558240517fff,8a755824051ffff,8a755824625ffff,8a75582405b7fff,8a7558240407fff,8a755824040ffff,8a75582404e7fff,8a75582404f7fff,8a75582404affff,8a755824296ffff,8a755824291ffff,8a75582429affff,8a75582429a7fff,8a755824665ffff,8a755824664ffff,8a7558242937fff,8a7558242927fff,8a75582462d7fff,8a75582462c7fff,8a75582462e7fff,8a7558246277fff,8a755824634ffff,8a7558240cb7fff,8a7558240c17fff,8a7558240c37fff,8a7558240c27fff,8a7558240d57fff,8a7558240d77fff,8a7558240d27fff,8a755824469ffff,8a75582446b7fff,8a7558244787fff,8a75582447a7fff,8a75582447affff",1
-39353757#11,-41231756#3,0.0999999999999999,0.0999999999999999,0.2,0.8,0.4499999999999999,0.3,0.55,0.55,0.55,0.2,0.2,0.5,0.9,0.4499999999999999,0.6,0.4,0.4499999999999999,0.8,0.4,0.8,0.0999999999999999,0.8,0.5,"8a755824624ffff,8a7558240517fff,8a755824051ffff,8a7558240437fff,8a7558240407fff,8a755824040ffff,8a75582404e7fff,8a75582404f7fff,8a75582404affff,8a755824296ffff,8a755824291ffff,8a75582429affff,8a75582429a7fff,8a755824665ffff,8a755824664ffff,8a7558242937fff,8a7558242927fff,8a75582462d7fff,8a75582462c7fff,8a75582462e7fff,8a7558246277fff,8a755824634ffff,8a7558240cb7fff,8a7558240c17fff,8a7558240c37fff,8a7558240c27fff,8a7558240d57fff,8a7558240d77fff,8a7558240d67fff,8a75582446c7fff,8a755824461ffff,8a7558244617fff,8a7558244637fff,8a75582447affff,8a755824478ffff,8a75582446a7fff,8a7558244687fff,8a75582446b7fff,8a7558244787fff,8a7558244797fff,8a75582447a7fff",4
-39353757#12,-41273141#1,0.9,0.9,0.65,0.35,0.4499999999999999,1.0,0.55,0.55,0.55,1.0,0.8,0.6,0.1,0.4499999999999999,0.0,0.0,0.4499999999999999,0.8,0.0,0.0,0.9,0.9,0.0,"8a755824051ffff,8a7558240517fff,8a755824624ffff,8a755824625ffff,8a75582405b7fff,8a7558240597fff,8a755824296ffff,8a755824291ffff,8a75582429affff,8a75582429a7fff,8a755824665ffff,8a755824664ffff,8a7558242937fff,8a7558242927fff,8a75582462d7fff,8a75582462c7fff,8a75582462e7fff,8a7558246277fff,8a755824634ffff,8a7558240cb7fff,8a7558240c17fff,8a7558240c37fff,8a7558240c27fff,8a7558240d57fff,8a7558240d77fff,8a7558240d67fff,8a75582446c7fff,8a755824461ffff,8a755824460ffff,8a7558244627fff,8a755824471ffff,8a7558244717fff,8a7558244707fff,8a755824409ffff,8a7558244087fff,8a75582440affff",0
-39353757#12,-41273141#1,0.1999999999999999,0.1999999999999999,0.5,0.7,0.4499999999999999,0.4,0.55,0.55,0.55,0.2,0.2,0.2,0.9,0.4499999999999999,0.8,0.8,0.4499999999999999,0.0999999999999999,0.8,0.7,0.1999999999999999,0.3,0.6,"8a7558240517fff,8a755824051ffff,8a755824625ffff,8a75582405b7fff,8a7558240437fff,8a7558240407fff,8a755824040ffff,8a75582404e7fff,8a7558240417fff,8a7558240597fff,8a755824296ffff,8a755824291ffff,8a75582429affff,8a75582429a7fff,8a755824665ffff,8a755824664ffff,8a7558242937fff,8a7558242927fff,8a75582462d7fff,8a75582462c7fff,8a75582462e7fff,8a7558246277fff,8a755824634ffff,8a7558240cb7fff,8a7558240c17fff,8a7558240c37fff,8a7558240c27fff,8a7558240d1ffff,8a7558240daffff,8a7558240da7fff,8a7558246a5ffff,8a7558246a4ffff,8a7558246a6ffff,8a755824469ffff,8a7558240d27fff,8a7558244687fff,8a75582446a7fff,8a755824478ffff,8a75582447affff,8a7558244737fff,8a755824446ffff,8a755824409ffff,8a7558244087fff,8a75582440affff",4
-39353757#12,-41273141#1,0.0999999999999999,0.0999999999999999,0.8,0.0,0.4499999999999999,0.5,0.55,0.55,0.55,0.4,0.9,0.7,0.3,0.4499999999999999,0.7,0.6,0.4499999999999999,0.6,0.6,0.8,0.0999999999999999,0.0999999999999999,0.9,"8a7558240517fff,8a755824051ffff,8a7558240437fff,8a7558240407fff,8a755824040ffff,8a75582404e7fff,8a75582404f7fff,8a755824296ffff,8a755824291ffff,8a75582429affff,8a75582429a7fff,8a755824665ffff,8a755824664ffff,8a7558242937fff,8a7558242927fff,8a75582462d7fff,8a75582462c7fff,8a75582462e7fff,8a7558246277fff,8a755824634ffff,8a7558240cb7fff,8a7558240c17fff,8a7558240c37fff,8a7558240c27fff,8a7558240d57fff,8a7558240d77fff,8a7558240d27fff,8a7558244687fff,8a75582446b7fff,8a7558244787fff,8a75582447a7fff,8a755824446ffff,8a7558244737fff,8a755824409ffff,8a7558244707fff,8a7558244717fff,8a755824471ffff,8a755824408ffff,8a75582440affff",3
-39353757#12,-41273141#1,0.0,0.0,0.1,0.9,0.4499999999999999,0.1,0.55,0.55,0.55,0.1,0.1,0.2,1.0,0.4499999999999999,0.9,0.9,0.4499999999999999,0.0,0.9,0.9,0.0,0.5,0.7,"8a755824051ffff,8a7558240517fff,8a755824624ffff,8a755824625ffff,8a75582405b7fff,8a7558240437fff,8a7558240407fff,8a755824040ffff,8a7558240417fff,8a7558240597fff,8a755824296ffff,8a755824291ffff,8a75582429affff,8a75582429a7fff,8a755824665ffff,8a755824664ffff,8a7558242937fff,8a7558242927fff,8a75582462d7fff,8a75582462c7fff,8a75582462e7fff,8a7558246277fff,8a755824634ffff,8a7558240cb7fff,8a7558240c17fff,8a7558240c37fff,8a7558240c27fff,8a7558240d1ffff,8a7558240daffff,8a7558240da7fff,8a7558246a5ffff,8a7558246a4ffff,8a7558246a67fff,8a755824469ffff,8a75582446b7fff,8a7558244787fff,8a7558244797fff,8a75582447a7fff,8a75582447b7fff,8a7558244467fff,8a755824446ffff,8a7558244737fff,8a755824409ffff,8a7558244707fff,8a7558244717fff,8a755824471ffff,8a755824408ffff,8a75582440affff",4
-39353757#12,-41273141#1,0.5,0.5,0.35,0.55,0.4499999999999999,0.6,0.55,0.55,0.55,0.6,0.4,0.5,0.7,0.4499999999999999,0.3,0.3,0.4499999999999999,0.1999999999999999,0.3,0.4,0.5,0.8,0.1999999999999999,"8a7558240517fff,8a755824051ffff,8a7558240437fff,8a7558240407fff,8a755824040ffff,8a7558240417fff,8a7558240597fff,8a755824296ffff,8a755824291ffff,8a75582429affff,8a75582429a7fff,8a755824665ffff,8a755824664ffff,8a7558242937fff,8a7558242927fff,8a75582462d7fff,8a75582462c7fff,8a75582462e7fff,8a7558246277fff,8a755824634ffff,8a7558240cb7fff,8a7558240c17fff,8a7558240c37fff,8a7558240c27fff,8a7558240d57fff,8a7558240d77fff,8a7558240d67fff,8a7558240d47fff,8a7558240997fff,8a75582446cffff,8a75582446c7fff,8a75582446e7fff,8a755824461ffff,8a7558244617fff,8a7558244637fff,8a75582447affff,8a7558244737fff,8a755824409ffff,8a7558244087fff,8a75582440affff",2
-39353757#12,-41273141#1,0.7,0.7,1.0,0.0999999999999999,0.4499999999999999,0.9,0.55,0.55,0.55,0.8,0.6,0.2,0.6,0.4499999999999999,0.6,0.7,0.4499999999999999,0.4,0.7,0.1999999999999999,0.7,0.4,0.4,"8a7558240517fff,8a755824051ffff,8a7558240437fff,8a7558240407fff,8a75582405b7fff,8a7558240597fff,8a755824296ffff,8a755824291ffff,8a75582429affff,8a75582429a7fff,8a755824665ffff,8a755824664ffff,8a7558242937fff,8a7558242927fff,8a75582462d7fff,8a75582462c7fff,8a75582462e7fff,8a7558246277fff,8a755824634ffff,8a7558240cb7fff,8a7558240c17fff,8a7558240c37fff,8a7558240c27fff,8a7558240d1ffff,8a7558240daffff,8a7558240da7fff,8a7558246a5ffff,8a7558246a4ffff,8a7558240d37fff,8a755824469ffff,8a75582446b7fff,8a7558244787fff,8a75582447a7fff,8a755824446ffff,8a7558244737fff,8a755824409ffff,8a7558244087fff,8a75582440affff",3
-39353757#12,-41273141#1,0.8,0.8,0.35,0.55,0.4499999999999999,0.7,0.55,0.55,0.55,0.9,0.7,1.0,0.4,0.4499999999999999,0.0999999999999999,0.0999999999999999,0.4499999999999999,0.9,0.0999999999999999,0.0999999999999999,0.8,0.1999999999999999,0.0999999999999999,"8a7558240517fff,8a755824051ffff,8a7558240437fff,8a7558240407fff,8a75582405b7fff,8a7558240597fff,8a755824296ffff,8a755824291ffff,8a75582429affff,8a75582429a7fff,8a755824665ffff,8a755824664ffff,8a7558242937fff,8a7558242927fff,8a75582462d7fff,8a75582462c7fff,8a75582462e7fff,8a7558246277fff,8a755824634ffff,8a7558240cb7fff,8a7558240c17fff,8a7558240c37fff,8a7558240c27fff,8a7558240d57fff,8a7558240d77fff,8a7558240d27fff,8a7558244687fff,8a75582446a7fff,8a755824478ffff,8a75582447affff,8a7558244637fff,8a755824471ffff,8a7558244627fff,8a7558244707fff,8a755824408ffff,8a75582440affff",0
-39353757#12,-41273141#1,0.6,0.6,0.9,0.1999999999999999,0.4499999999999999,0.8,0.55,0.55,0.55,0.7,0.5,0.9,0.5,0.4499999999999999,0.1999999999999999,0.1999999999999999,0.4499999999999999,0.7,0.1999999999999999,0.3,0.6,0.6,0.3,"8a7558240517fff,8a755824051ffff,8a755824625ffff,8a75582405b7fff,8a7558240597fff,8a755824296ffff,8a755824291ffff,8a75582429affff,8a75582429a7fff,8a755824665ffff,8a755824664ffff,8a7558242937fff,8a7558242927fff,8a75582462d7fff,8a75582462c7fff,8a75582462e7fff,8a7558246277fff,8a755824634ffff,8a7558240cb7fff,8a7558240c17fff,8a7558240c37fff,8a7558240c27fff,8a7558240d57fff,8a7558240d77fff,8a7558240d27fff,8a755824469ffff,8a75582446b7fff,8a7558244787fff,8a7558244797fff,8a75582447a7fff,8a7558244467fff,8a7558244097fff,8a755824409ffff,8a755824446ffff,8a7558244737fff,8a7558244087fff,8a75582440affff",0
-39353757#12,-41273141#1,0.3,0.3,0.2,0.8,0.4499999999999999,0.3,0.55,0.55,0.55,0.3,0.3,0.8,0.8,0.4499999999999999,0.5,0.5,0.4499999999999999,0.3,0.5,0.6,0.3,0.7,0.5,"8a7558240517fff,8a755824051ffff,8a7558240437fff,8a7558240407fff,8a755824040ffff,8a75582404e7fff,8a7558240417fff,8a7558240597fff,8a755824296ffff,8a755824291ffff,8a75582429affff,8a75582429a7fff,8a755824665ffff,8a755824664ffff,8a7558242937fff,8a7558242927fff,8a75582462d7fff,8a75582462c7fff,8a75582462e7fff,8a7558246277fff,8a755824634ffff,8a7558240cb7fff,8a7558240c17fff,8a7558240c37fff,8a7558240c27fff,8a7558240d1ffff,8a7558240daffff,8a7558240da7fff,8a7558246a5ffff,8a7558246a4ffff,8a7558246a6ffff,8a755824469ffff,8a7558240d27fff,8a7558240d77fff,8a7558240d57fff,8a7558240d67fff,8a75582446c7fff,8a755824461ffff,8a755824460ffff,8a7558244627fff,8a755824471ffff,8a7558244707fff,8a755824408ffff,8a75582440affff",4
-39353757#12,-41273141#1,0.4,0.4,0.65,0.35,0.4499999999999999,0.2,0.55,0.55,0.55,0.5,1.0,0.4,0.2,0.4499999999999999,0.4,0.4,0.4499999999999999,0.5,0.4,0.5,0.4,0.0,0.8,"8a7558240517fff,8a755824051ffff,8a755824625ffff,8a75582405b7fff,8a7558240437fff,8a7558240407fff,8a755824040ffff,8a75582404e7fff,8a75582404f7fff,8a755824296ffff,8a755824291ffff,8a75582429affff,8a75582429a7fff,8a755824665ffff,8a755824664ffff,8a7558242937fff,8a7558242927fff,8a75582462d7fff,8a75582462c7fff,8a75582462e7fff,8a7558246277fff,8a755824634ffff,8a7558240cb7fff,8a7558240c17fff,8a7558240c37fff,8a7558240c27fff,8a7558240d57fff,8a7558240d77fff,8a7558240d67fff,8a75582446dffff,8a75582446c7fff,8a755824461ffff,8a755824460ffff,8a7558244627fff,8a755824471ffff,8a7558244707fff,8a755824408ffff,8a75582440affff",3
-175186741#0,-57680180#1,0.9,0.9,0.3,0.8,0.8,0.2,0.55,0.55,0.9,0.9,0.25,0.2,0.3,0.0999999999999999,0.3,0.0999999999999999,0.0,0.9,0.1999999999999999,0.8,0.9,0.8,0.0999999999999999,"8a7558244697fff,8a755824469ffff,8a7558240d27fff,8a7558240d77fff,8a7558240d57fff,8a7558240c27fff,8a7558240c37fff,8a7558240c17fff,8a7558240cb7fff,8a755824634ffff,8a7558246277fff,8a75582462e7fff,8a75582462c7fff,8a75582462d7fff,8a7558242927fff,8a7558242937fff,8a755824664ffff,8a755824665ffff,8a75582466effff,8a75582466c7fff,8a75582466f7fff,8a75582466affff,8a7558246687fff,8a7558246697fff,8a75582466b7fff,8a755824679ffff",0
-175186741#0,-57680180#1,0.4,0.5,0.7,0.3,0.35,0.7,0.55,0.55,0.2,0.35,1.0,0.7,0.9,0.8,0.8,0.7,0.75,0.8,0.8,0.1999999999999999,0.5,0.0,0.4,"8a7558244697fff,8a755824469ffff,8a75582446b7fff,8a7558244787fff,8a75582447a7fff,8a75582447affff,8a7558244637fff,8a755824471ffff,8a7558244627fff,8a7558244767fff,8a75582440c7fff,8a7558244c27fff,8a7558244c87fff,8a7558271257fff,8a75582712e7fff,8a7558246d27fff,8a7558246d37fff,8a7558273327fff,8a7558273337fff,8a75582733affff,8a755827338ffff,8a75582732f7fff,8a7558255967fff,8a75582464affff,8a75582464f7fff,8a75582464c7fff,8a75582464cffff,8a7558246797fff,8a755824679ffff,8a75582466b7fff",3
-175186741#0,-57680180#1,0.0999999999999999,0.0999999999999999,0.1,0.5,0.35,0.5,0.55,0.55,1.0,0.35,0.6,0.6,0.1,0.5,0.5,0.6,0.5,0.0999999999999999,0.3,0.5,0.0999999999999999,0.0999999999999999,0.9,"8a7558244697fff,8a755824469ffff,8a7558240d27fff,8a7558240d77fff,8a7558240d57fff,8a7558240d67fff,8a75582446c7fff,8a755824461ffff,8a755824460ffff,8a7558244627fff,8a755824471ffff,8a7558244767fff,8a75582440c7fff,8a7558244c27fff,8a7558244c87fff,8a7558271257fff,8a75582712e7fff,8a7558246d27fff,8a7558246d37fff,8a7558273327fff,8a7558273337fff,8a755827305ffff,8a75582733b7fff,8a75582730d7fff,8a7558273767fff,8a7558273667fff,8a7558255937fff,8a755825595ffff,8a7558255867fff,8a7558255b07fff,8a7558255b2ffff,8a7558255b77fff,8a7558255b47fff,8a7558255b5ffff,8a7558255b4ffff,8a7558246697fff,8a75582466b7fff,8a755824679ffff",4
-175186741#0,-57680180#1,0.5,0.4,0.55,0.15,0.35,1.0,0.55,0.55,0.4,0.35,0.9,1.0,0.2,0.4,0.4,0.4,0.4,0.6,0.5,0.0999999999999999,0.4,0.1999999999999999,0.6,"8a7558244697fff,8a755824469ffff,8a7558240d27fff,8a7558244687fff,8a75582446a7fff,8a755824478ffff,8a75582447affff,8a7558244637fff,8a755824471ffff,8a7558244627fff,8a7558244767fff,8a75582440c7fff,8a7558244c27fff,8a7558244c87fff,8a7558271257fff,8a75582712e7fff,8a7558246d27fff,8a7558273a0ffff,8a7558273aaffff,8a7558273a87fff,8a7558273337fff,8a75582733affff,8a755827338ffff,8a75582732f7fff,8a7558255967fff,8a75582464affff,8a75582464f7fff,8a755824648ffff,8a7558255b07fff,8a7558255b2ffff,8a7558255b77fff,8a7558255b47fff,8a7558255b5ffff,8a7558255b4ffff,8a7558246697fff,8a75582466b7fff,8a755824679ffff",3
-175186741#0,-57680180#1,0.0,0.0,0.2,0.6,0.35,0.4,0.55,0.55,0.7,0.35,0.5,0.5,0.6,0.6,0.6,0.9,0.75,0.1999999999999999,0.7,0.6,0.0,0.4,0.7,"8a7558244697fff,8a755824469ffff,8a75582446b7fff,8a7558244787fff,8a75582447a7fff,8a755824446ffff,8a7558244737fff,8a755824409ffff,8a7558244707fff,8a7558244717fff,8a755824471ffff,8a7558244627fff,8a7558244767fff,8a75582440c7fff,8a7558244c27fff,8a7558244c87fff,8a7558271257fff,8a75582712e7fff,8a7558246d27fff,8a7558246d37fff,8a7558273327fff,8a7558273337fff,8a755827305ffff,8a75582733b7fff,8a75582730d7fff,8a7558273767fff,8a7558273667fff,8a7558255937fff,8a755825595ffff,8a7558255867fff,8a7558255b07fff,8a755824648ffff,8a75582464f7fff,8a75582464c7fff,8a75582464cffff,8a7558246797fff,8a755824679ffff,8a75582466b7fff",4
-175186741#0,-57680180#1,0.3,0.3,0.55,0.15,0.35,0.9,0.55,0.55,0.2,0.35,0.8,0.9,0.7,0.8,0.7,0.5,0.75,0.3,0.6,0.3,0.3,0.3,0.8,"8a7558244697fff,8a755824469ffff,8a7558240d27fff,8a7558240d77fff,8a7558240d57fff,8a7558240d67fff,8a7558240d47fff,8a7558240997fff,8a75582446c7fff,8a755824461ffff,8a755824460ffff,8a7558244627fff,8a755824471ffff,8a7558244767fff,8a75582440c7fff,8a7558244c27fff,8a7558244c87fff,8a7558271257fff,8a75582712e7fff,8a7558246d27fff,8a7558273a0ffff,8a7558273aaffff,8a7558273a87fff,8a7558273337fff,8a75582733affff,8a755827338ffff,8a75582732f7fff,8a7558255967fff,8a75582464affff,8a75582464f7fff,8a75582464c7fff,8a75582464cffff,8a7558246797fff,8a755824679ffff,8a75582466b7fff",3
-175186741#0,-57680180#1,0.6,0.6,1.0,0.7,0.8,0.1,0.55,0.55,0.5,0.7,0.25,0.4,1.0,0.3,0.1999999999999999,0.3,0.3,0.0,0.0999999999999999,0.8,0.6,0.6,0.3,"8a7558244697fff,8a755824469ffff,8a7558240d27fff,8a7558244687fff,8a75582446a7fff,8a755824478ffff,8a75582447affff,8a7558244637fff,8a755824471ffff,8a7558244627fff,8a755824460ffff,8a755824461ffff,8a75582446c7fff,8a7558240d67fff,8a7558240d77fff,8a7558240d57fff,8a7558240d47fff,8a7558240c67fff,8a7558240c07fff,8a7558240c37fff,8a7558240c17fff,8a7558240cb7fff,8a755824634ffff,8a7558246277fff,8a75582462e7fff,8a75582462c7fff,8a75582462d7fff,8a7558242927fff,8a7558242937fff,8a755824664ffff,8a7558246647fff,8a755824665ffff,8a75582466effff,8a75582466c7fff,8a75582466f7fff,8a75582466affff,8a7558246687fff,8a7558246697fff,8a75582466b7fff,8a755824679ffff",2
-175186741#0,-57680180#1,0.7,0.7,0.9,0.0,0.0,0.6,0.55,0.55,0.6,1.0,0.25,0.3,0.4,0.0,0.0999999999999999,0.0,0.1999999999999999,0.5,0.0,0.0,0.7,0.7,0.1999999999999999,"8a7558244697fff,8a755824469ffff,8a7558240d27fff,8a7558240d77fff,8a7558240d57fff,8a7558240d47fff,8a7558240c67fff,8a7558240c07fff,8a7558240c37fff,8a7558240c17fff,8a7558240cb7fff,8a755824634ffff,8a7558246277fff,8a75582462e7fff,8a75582462c7fff,8a75582462d7fff,8a7558242927fff,8a7558242937fff,8a755824664ffff,8a755824665ffff,8a75582466effff,8a75582466c7fff,8a75582466f7fff,8a75582466affff,8a7558246687fff,8a7558246697fff,8a7558255a67fff,8a7558255b4ffff,8a75582466b7fff,8a755824679ffff",0
-175186741#0,-57680180#1,0.1999999999999999,0.1999999999999999,0.4,0.4,0.35,0.8,0.55,0.55,0.2,0.35,0.7,0.8,0.8,0.8,0.9,0.8,0.75,0.7,0.9,0.4,0.1999999999999999,0.5,0.5,"8a7558244697fff,8a755824469ffff,8a75582446b7fff,8a7558244787fff,8a75582447a7fff,8a75582447b7fff,8a7558244467fff,8a7558244097fff,8a755824409ffff,8a7558244707fff,8a7558244717fff,8a755824471ffff,8a7558244627fff,8a7558244767fff,8a75582440c7fff,8a7558244c27fff,8a7558244c87fff,8a7558271257fff,8a75582712e7fff,8a7558246d27fff,8a7558273a0ffff,8a7558273aaffff,8a7558273a87fff,8a7558273337fff,8a75582733affff,8a755827338ffff,8a75582732f7fff,8a7558255967fff,8a75582464affff,8a75582464f7fff,8a75582464c7fff,8a75582464cffff,8a7558246797fff,8a755824679ffff,8a75582466b7fff",3
-175186741#0,-57680180#1,0.8,0.8,0.8,0.9,0.8,0.3,0.55,0.55,0.8,0.8,0.25,0.1,0.5,0.1999999999999999,0.0,0.1999999999999999,0.0999999999999999,0.4,0.4,0.8,0.8,0.9,0.0,"8a7558244697fff,8a755824469ffff,8a7558246a6ffff,8a7558246a4ffff,8a7558246a5ffff,8a7558240da7fff,8a7558240daffff,8a7558240d1ffff,8a7558240c27fff,8a7558240c37fff,8a7558240c17fff,8a7558240cb7fff,8a755824634ffff,8a7558246277fff,8a75582462e7fff,8a75582462c7fff,8a75582462d7fff,8a7558242927fff,8a7558242937fff,8a755824664ffff,8a7558246647fff,8a755824665ffff,8a75582466effff,8a75582466c7fff,8a75582466f7fff,8a75582466affff,8a7558246687fff,8a7558246697fff,8a75582466b7fff,8a755824679ffff",0
41231757,-561133140#1,0.9,0.9,0.9,0.0999999999999999,0.25,0.7,0.55,0.55,0.55,0.55,0.55,0.4,0.7,0.4499999999999999,0.6,0.6,0.4499999999999999,0.9,0.6,0.4499999999999999,0.9,0.5,0.1999999999999999,"8a7558244697fff,8a755824469ffff,8a75582446b7fff,8a7558244787fff,8a75582447a7fff,8a75582447affff,8a7558244637fff,8a755824471ffff,8a7558244627fff",3
41231757,-561133140#1,0.5,0.4,0.6,0.4,0.25,0.9,0.55,0.55,0.55,0.55,0.55,0.8,0.3,0.4499999999999999,0.1999999999999999,0.1999999999999999,0.4499999999999999,0.0,0.1999999999999999,0.4499999999999999,0.4,0.9,0.0999999999999999,"8a7558244697fff,8a755824469ffff,8a7558246a6ffff,8a7558246a4ffff,8a7558246a5ffff,8a7558240da7fff,8a7558240daffff,8a7558240d1ffff,8a7558240c27fff,8a7558240d57fff,8a7558240d77fff,8a7558240d67fff,8a75582446c7fff,8a75582446e7fff,8a755824461ffff,8a755824460ffff,8a7558244627fff,8a755824471ffff",1
41231757,-561133140#1,0.1999999999999999,0.3,0.15,0.85,0.75,0.25,0.55,0.55,0.55,0.55,0.55,0.4,0.7,0.4499999999999999,0.6,0.6,0.4499999999999999,0.7,0.6,0.4499999999999999,0.3,0.6,0.7,"8a7558244697fff,8a755824469ffff,8a7558240d27fff,8a7558244687fff,8a75582446a7fff,8a755824478ffff,8a75582447affff,8a7558244637fff,8a7558244617fff,8a755824461ffff,8a755824468ffff,8a75582446dffff,8a75582446c7fff,8a755824460ffff,8a7558244627fff,8a755824471ffff",4
41231757,-561133140#1,0.3,0.1999999999999999,1.0,0.0,0.25,1.0,0.55,0.55,0.55,0.55,0.55,0.4,0.7,0.4499999999999999,0.6,0.6,0.4499999999999999,0.4,0.6,0.4499999999999999,0.1999999999999999,0.0999999999999999,0.5,"8a7558244697fff,8a755824469ffff,8a7558240d27fff,8a7558244687fff,8a75582446b7fff,8a7558244787fff,8a75582447a7fff,8a75582447b7fff,8a7558244467fff,8a7558244097fff,8a755824409ffff,8a7558244707fff,8a7558244717fff,8a755824471ffff,8a7558244627fff",3
41231757,-561133140#1,0.7,0.8,0.8,0.1999999999999999,0.25,0.8,0.55,0.55,0.55,0.55,0.55,1.0,0.1,0.4499999999999999,0.0,0.0,0.4499999999999999,0.6,0.0,0.4499999999999999,0.8,0.0,0.6,"8a7558244697fff,8a755824469ffff,8a7558240d27fff,8a7558240d77fff,8a7558240d57fff,8a7558240d67fff,8a7558240d47fff,8a7558240997fff,8a75582446cffff,8a755824460ffff,8a7558244627fff,8a755824471ffff",0
41231757,-561133140#1,0.0,0.0,0.5,0.5,0.25,0.5,0.55,0.55,0.55,0.55,0.55,0.4,0.7,0.4499999999999999,0.6,0.6,0.4499999999999999,0.0999999999999999,0.6,0.4499999999999999,0.0,0.4,0.8,"8a7558244697fff,8a755824469ffff,8a75582446b7fff,8a7558244787fff,8a7558244797fff,8a75582447a7fff,8a7558244467fff,8a7558244097fff,8a755824409ffff,8a7558244737fff,8a755824446ffff,8a75582447affff,8a7558244637fff,8a7558244617fff,8a755824461ffff,8a755824468ffff,8a75582446dffff,8a75582446c7fff,8a75582446e7fff,8a755824460ffff,8a7558244627fff,8a755824471ffff",4
41231757,-561133140#1,0.8,0.7,0.3,0.7,0.75,0.25,0.55,0.55,0.55,0.55,0.55,0.9,0.2,0.4499999999999999,0.0999999999999999,0.0999999999999999,0.4499999999999999,0.3,0.0999999999999999,0.4499999999999999,0.7,0.7,0.0,"8a7558244697fff,8a755824469ffff,8a7558240d27fff,8a7558240d77fff,8a7558240d57fff,8a7558240d67fff,8a75582446dffff,8a75582446c7fff,8a755824461ffff,8a7558244617fff,8a7558244637fff,8a755824471ffff,8a7558244627fff",0
41231757,-561133140#1,0.0999999999999999,0.0999999999999999,0.15,0.85,0.75,0.25,0.55,0.55,0.55,0.55,0.55,0.4,0.7,0.4499999999999999,0.6,0.6,0.4499999999999999,0.1999999999999999,0.6,0.4499999999999999,0.0999999999999999,0.1999999999999999,0.9,"8a7558244697fff,8a755824469ffff,8a75582446b7fff,8a7558244787fff,8a7558244797fff,8a75582447a7fff,8a75582447b7fff,8a7558244467fff,8a755824446ffff,8a755824409ffff,8a7558244707fff,8a7558244717fff,8a755824471ffff,8a7558244637fff,8a7558244617fff,8a755824461ffff,8a755824468ffff,8a75582446dffff,8a75582446c7fff,8a755824460ffff,8a7558244627fff",4
41231757,-561133140#1,0.6,0.6,0.7,0.3,0.25,0.6,0.55,0.55,0.55,0.55,0.55,0.4,0.7,0.4499999999999999,0.6,0.6,0.4499999999999999,0.8,0.6,0.4499999999999999,0.6,0.3,0.4,"8a7558244697fff,8a755824469ffff,8a75582446b7fff,8a7558244787fff,8a7558244797fff,8a75582447a7fff,8a75582447affff,8a7558244737fff,8a755824409ffff,8a7558244707fff,8a7558244717fff,8a755824471ffff,8a7558244627fff",3
41231757,-561133140#1,0.4,0.5,0.4,0.6,0.75,0.25,0.55,0.55,0.55,0.55,0.55,0.4,0.7,0.4499999999999999,0.6,0.6,0.4499999999999999,0.5,0.6,0.4499999999999999,0.5,0.8,0.3,"8a7558244697fff,8a755824469ffff,8a7558240d27fff,8a7558244687fff,8a75582446a7fff,8a755824478ffff,8a75582447affff,8a75582447a7fff,8a755824446ffff,8a7558244737fff,8a755824409ffff,8a7558244707fff,8a7558244717fff,8a755824471ffff,8a7558244627fff",2
-41231514#2,-174375407#2,0.9,0.9,0.8,0.0,0.4499999999999999,0.8,0.55,0.55,0.35,1.0,1.0,0.15,0.1,0.65,0.6,0.9,0.4499999999999999,0.9,0.9,0.0,0.9,0.4,0.8,"8a7558240da7fff,8a7558240daffff,8a7558240d1ffff,8a7558240c27fff,8a7558240c37fff,8a7558240c17fff,8a7558240cb7fff,8a755824634ffff,8a7558246277fff,8a75582462e7fff,8a75582462c7fff,8a75582462d7fff,8a7558242927fff,8a7558242937fff,8a755824664ffff,8a755824665ffff,8a75582429a7fff,8a75582429affff,8a755824291ffff",3
-41231514#2,-174375407#2,0.3,0.0999999999999999,0.7,0.3,0.4499999999999999,0.7,0.55,0.55,0.7,0.7,0.2,1.0,0.4,0.3,0.1999999999999999,0.0999999999999999,0.4499999999999999,0.5,0.0,0.8,0.0999999999999999,0.1999999999999999,0.5,"8a7558240daffff,8a7558240da7fff,8a7558246a5ffff,8a7558246a4ffff,8a7558246a67fff,8a7558246a6ffff,8a755824469ffff,8a7558240d27fff,8a7558240d77fff,8a7558240d57fff,8a7558240d47fff,8a7558240c67fff,8a7558240c07fff,8a7558240c37fff,8a7558240c17fff,8a7558240cb7fff,8a755824634ffff,8a7558246277fff,8a75582462e7fff,8a75582462c7fff,8a75582462d7fff,8a7558242927fff,8a7558242937fff,8a755824664ffff,8a7558246647fff,8a755824665ffff,8a75582429a7fff,8a75582429affff,8a755824291ffff",1
-41231514#2,-174375407#2,0.1999999999999999,0.3,0.3,0.9,0.4499999999999999,0.2,0.55,0.55,0.35,0.2,0.5,0.4,0.9,0.65,0.3,0.5,0.4499999999999999,0.0,0.5,0.6,0.3,0.9,0.0,"8a7558240daffff,8a7558240da7fff,8a7558246a5ffff,8a7558246a4ffff,8a7558240d17fff,8a7558240d07fff,8a7558240d37fff,8a755824469ffff,8a7558240d27fff,8a7558240d77fff,8a7558240d57fff,8a7558240c27fff,8a7558240c37fff,8a7558240c17fff,8a7558240cb7fff,8a755824634ffff,8a7558246277fff,8a75582462e7fff,8a75582462c7fff,8a75582462d7fff,8a7558242927fff,8a7558242937fff,8a755824664ffff,8a7558246647fff,8a755824665ffff,8a75582429a7fff,8a75582429affff,8a755824291ffff",4
-41231514#2,-174375407#2,0.7,0.5,1.0,0.1999999999999999,0.4499999999999999,1.0,0.55,0.55,0.8,0.8,0.4,0.5,0.3,0.1999999999999999,0.5,0.4,0.4499999999999999,0.8,0.0999999999999999,0.4,0.5,0.0999999999999999,0.6,"8a7558240da7fff,8a7558240daffff,8a7558240d1ffff,8a7558240c27fff,8a7558240d57fff,8a7558240d47fff,8a7558240c67fff,8a7558240c07fff,8a7558240c37fff,8a7558240c17fff,8a7558240cb7fff,8a755824634ffff,8a7558246277fff,8a75582462e7fff,8a75582462c7fff,8a75582462d7fff,8a7558242927fff,8a7558242937fff,8a755824664ffff,8a755824665ffff,8a75582429a7fff,8a75582429affff,8a755824291ffff",0
-41231514#2,-174375407#2,0.6,0.7,0.5,0.4,0.4499999999999999,0.5,0.55,0.55,0.9,0.6,0.6,0.8,0.5,0.0999999999999999,0.4,0.1999999999999999,0.4499999999999999,0.6,0.3,0.1999999999999999,0.7,0.8,0.3,"8a7558240daffff,8a7558240da7fff,8a7558246a5ffff,8a7558246a4ffff,8a7558246a6ffff,8a755824469ffff,8a7558240d27fff,8a7558240d77fff,8a7558240d57fff,8a7558240c27fff,8a7558240c37fff,8a7558240c17fff,8a7558240cb7fff,8a755824634ffff,8a7558246277fff,8a75582462e7fff,8a75582462c7fff,8a75582462d7fff,8a7558242927fff,8a7558242937fff,8a755824664ffff,8a755824665ffff,8a75582429a7fff,8a75582429affff,8a755824291ffff",0
-41231514#2,-174375407#2,0.0,0.0,0.6,0.0999999999999999,0.4499999999999999,0.6,0.55,0.55,0.35,0.5,0.1,0.9,0.6,0.65,0.9,0.8,0.4499999999999999,0.1999999999999999,0.6,0.9,0.0,0.0,0.9,"8a7558240daffff,8a7558240da7fff,8a7558246a5ffff,8a7558246a4ffff,8a7558240d1ffff,8a7558240d07fff,8a7558240d17fff,8a7558240d37fff,8a755824469ffff,8a7558240d27fff,8a7558240d77fff,8a7558240d57fff,8a7558240d47fff,8a7558240c67fff,8a7558240c07fff,8a7558240c37fff,8a7558240c17fff,8a7558240cb7fff,8a755824634ffff,8a7558246277fff,8a75582462e7fff,8a75582462c7fff,8a75582462d7fff,8a7558242927fff,8a7558242937fff,8a755824664ffff,8a755824665ffff,8a75582429a7fff,8a75582429affff,8a755824291ffff",4
-41231514#2,-174375407#2,0.8,0.8,0.9,0.8,0.4499999999999999,0.9,0.55,0.55,1.0,0.9,0.9,0.15,0.2,0.0,0.0,0.0,0.4499999999999999,0.7,0.1999999999999999,0.0999999999999999,0.8,0.5,0.1999999999999999,"8a7558240da7fff,8a7558240daffff,8a7558240d1ffff,8a7558240c27fff,8a7558240c37fff,8a7558240c17fff,8a7558240cb7fff,8a755824634ffff,8a7558246277fff,8a75582462e7fff,8a75582462c7fff,8a75582462d7fff,8a7558242927fff,8a7558242937fff,8a755824664ffff,8a7558246647fff,8a755824665ffff,8a75582429a7fff,8a75582429affff,8a755824291ffff",0
-41231514#2,-174375407#2,0.5,0.6,0.4,0.7,0.4499999999999999,0.4,0.55,0.55,0.35,0.3,0.8,0.7,0.8,0.65,0.0999999999999999,0.3,0.4499999999999999,0.4,0.4,0.3,0.6,0.7,0.0999999999999999,"8a7558240daffff,8a7558240da7fff,8a7558246a5ffff,8a7558246a4ffff,8a7558246a67fff,8a7558246a6ffff,8a755824469ffff,8a7558240d27fff,8a7558240d77fff,8a7558240d57fff,8a7558240c27fff,8a7558240c37fff,8a7558240c17fff,8a7558240cb7fff,8a755824634ffff,8a7558246277fff,8a75582462e7fff,8a75582462c7fff,8a75582462d7fff,8a7558242927fff,8a7558242937fff,8a755824664ffff,8a7558246647fff,8a755824665ffff,8a75582429a7fff,8a75582429affff,8a755824291ffff",2
-41231514#2,-174375407#2,0.0999999999999999,0.1999999999999999,0.15,0.55,0.4499999999999999,0.1,0.55,0.55,0.35,0.1,0.3,0.3,1.0,0.65,0.8,0.7,0.4499999999999999,0.0999999999999999,0.8,0.7,0.1999999999999999,0.3,0.7,"8a7558240daffff,8a7558240da7fff,8a7558246a5ffff,8a7558246a4ffff,8a7558240d1ffff,8a7558240d07fff,8a7558240d17fff,8a7558240d37fff,8a755824469ffff,8a7558240d27fff,8a7558240d77fff,8a7558240d57fff,8a7558240c27fff,8a7558240c37fff,8a7558240c17fff,8a7558240cb7fff,8a755824634ffff,8a7558246277fff,8a75582462e7fff,8a75582462c7fff,8a75582462d7fff,8a7558242927fff,8a7558242937fff,8a755824664ffff,8a755824665ffff,8a75582429a7fff,8a75582429affff,8a755824291ffff",4
-41231514#2,-174375407#2,0.4,0.4,0.15,0.55,0.4499999999999999,0.3,0.55,0.55,0.35,0.4,0.7,0.6,0.7,0.65,0.7,0.6,0.4499999999999999,0.3,0.7,0.5,0.4,0.6,0.4,"8a7558240daffff,8a7558240da7fff,8a7558246a5ffff,8a7558246a4ffff,8a7558246a67fff,8a755824469ffff,8a7558240d27fff,8a7558240d77fff,8a7558240d57fff,8a7558240c27fff,8a7558240c37fff,8a7558240c17fff,8a7558240cb7fff,8a755824634ffff,8a7558246277fff,8a75582462e7fff,8a75582462c7fff,8a75582462d7fff,8a7558242927fff,8a7558242937fff,8a755824664ffff,8a755824665ffff,8a75582429a7fff,8a75582429affff,8a755824291ffff",4
-174375407#2,-41231514#2,0.75,0.75,1.0,0.25,0.375,1.0,0.625,0.625,0.625,1.0,1.0,0.375,0.25,0.375,0.0,0.5,0.375,0.25,0.5,0.0,0.75,0.5,0.75,"8a755824291ffff,8a75582429affff,8a75582429a7fff,8a755824665ffff,8a755824664ffff,8a7558242937fff,8a7558242927fff,8a75582462d7fff,8a75582462c7fff,8a75582462e7fff,8a7558246277fff,8a755824634ffff,8a7558240cb7fff,8a7558240c17fff,8a7558240c37fff,8a7558240c27fff,8a7558240d1ffff,8a7558240daffff,8a7558240da7fff",0
-174375407#2,-41231514#2,0.0,0.0,0.25,0.5,0.375,0.25,0.625,0.625,0.625,0.5,0.25,0.75,0.75,0.375,0.75,0.25,0.375,0.5,0.25,0.75,0.0,0.25,0.5,"8a755824291ffff,8a75582429affff,8a75582429a7fff,8a755824665ffff,8a755824664ffff,8a7558242937fff,8a7558242927fff,8a75582462d7fff,8a75582462c7fff,8a75582462e7fff,8a7558246277fff,8a755824634ffff,8a7558240cb7fff,8a7558240c17fff,8a7558240c37fff,8a7558240c27fff,8a7558240d57fff,8a7558240d77fff,8a7558240d27fff,8a755824469ffff,8a7558246a6ffff,8a7558246a4ffff,8a7558246a5ffff,8a7558240da7fff,8a7558240daffff",4
-174375407#2,-41231514#2,0.5,0.5,0.75,0.0,0.375,0.75,0.625,0.625,0.625,0.75,0.75,0.375,0.5,0.375,0.25,0.75,0.375,0.0,0.75,0.25,0.5,0.75,0.25,"8a755824291ffff,8a75582429affff,8a75582429a7fff,8a755824665ffff,8a755824664ffff,8a7558242937fff,8a7558242927fff,8a75582462d7fff,8a75582462c7fff,8a75582462e7fff,8a7558246277fff,8a755824634ffff,8a7558240cb7fff,8a7558240c17fff,8a7558240c37fff,8a7558240c27fff,8a7558240d1ffff,8a7558240daffff,8a7558240da7fff",3
-174375407#2,-41231514#2,0.25,0.25,0.5,0.75,0.375,0.5,0.625,0.625,0.625,0.25,0.5,1.0,1.0,0.375,0.5,0.0,0.375,0.75,0.0,0.5,0.25,0.0,0.0,"8a755824291ffff,8a75582429affff,8a75582429a7fff,8a755824665ffff,8a755824664ffff,8a7558242937fff,8a7558242927fff,8a75582462d7fff,8a75582462c7fff,8a75582462e7fff,8a7558246277fff,8a755824634ffff,8a7558240cb7fff,8a7558240c17fff,8a7558240c37fff,8a7558240c27fff,8a7558240d57fff,8a7558240d77fff,8a7558240d27fff,8a755824469ffff,8a7558246a6ffff,8a7558246a4ffff,8a7558246a5ffff,8a7558240da7fff,8a7558240daffff",1
41273141#3,41231709#0,0.8,0.9,0.15,0.85,0.65,0.35,0.55,0.55,0.55,0.55,0.55,0.4,0.7,0.4499999999999999,0.6,0.6,0.4499999999999999,0.8,0.6,0.4499999999999999,0.9,0.0999999999999999,0.8,"8a7558244087fff,8a755824409ffff,8a7558244737fff,8a755824446ffff,8a75582447a7fff,8a7558244787fff,8a75582446b7fff,8a755824469ffff,8a7558246a6ffff,8a7558246a4ffff,8a7558240d1ffff",2
41273141#3,41231709#0,0.4,0.4,0.15,0.85,0.65,0.35,0.55,0.55,0.55,0.55,0.55,1.0,0.1,0.4499999999999999,0.0,0.0,0.4499999999999999,0.3,0.0,0.4499999999999999,0.4,0.8,0.0999999999999999,"8a7558244087fff,8a755824409ffff,8a7558244707fff,8a7558244717fff,8a755824471ffff,8a7558244627fff,8a755824460ffff,8a755824461ffff,8a75582446c7fff,8a7558240d67fff,8a7558240d77fff,8a7558240d57fff,8a7558240c27fff,8a7558240d1ffff,8a7558240daffff,8a7558240da7fff,8a7558246a5ffff,8a7558246a4ffff",0
41273141#3,41231709#0,0.0,0.0999999999999999,0.5,0.5,0.65,0.35,0.55,0.55,0.55,0.55,0.55,0.4,0.7,0.4499999999999999,0.6,0.6,0.4499999999999999,0.0,0.6,0.4499999999999999,0.0999999999999999,0.1999999999999999,0.6,"8a7558244087fff,8a755824409ffff,8a7558244707fff,8a7558244717fff,8a755824471ffff,8a7558244637fff,8a75582447affff,8a75582447a7fff,8a755824446ffff,8a7558244097fff,8a7558244467fff,8a7558244477fff,8a75582447b7fff,8a7558244797fff,8a7558244787fff,8a75582446b7fff,8a755824469ffff,8a7558246a6ffff,8a7558246a4ffff,8a7558240d1ffff",4
41273141#3,41231709#0,0.0999999999999999,0.0,0.9,0.0999999999999999,0.15,0.7,0.55,0.55,0.55,0.55,0.55,0.8,0.3,0.4499999999999999,0.1999999999999999,0.1999999999999999,0.4499999999999999,0.4,0.1999999999999999,0.4499999999999999,0.0,0.4,0.4,"8a7558244087fff,8a755824409ffff,8a755824446ffff,8a75582447a7fff,8a75582447affff,8a7558244637fff,8a7558244617fff,8a755824461ffff,8a755824468ffff,8a75582446d7fff,8a7558240d27fff,8a7558240d77fff,8a7558240d67fff,8a7558244687fff,8a75582446b7fff,8a755824469ffff,8a7558246a6ffff,8a7558246a4ffff,8a7558240d1ffff",1
41273141#3,41231709#0,0.3,0.1999999999999999,0.8,0.1999999999999999,0.15,0.8,0.55,0.55,0.55,0.55,0.55,0.9,0.2,0.4499999999999999,0.0999999999999999,0.0999999999999999,0.4499999999999999,0.1999999999999999,0.0999999999999999,0.4499999999999999,0.1999999999999999,0.9,0.0,"8a7558244087fff,8a755824409ffff,8a7558244707fff,8a7558244717fff,8a755824471ffff,8a7558244637fff,8a75582447affff,8a755824478ffff,8a75582446a7fff,8a7558244687fff,8a75582446b7fff,8a755824469ffff,8a7558240d27fff,8a7558240d77fff,8a7558240d57fff,8a7558240c27fff,8a7558240d1ffff,8a7558240daffff,8a7558240da7fff,8a7558246a5ffff,8a7558246a4ffff",1
41273141#3,41231709#0,0.5,0.5,0.35,0.6,0.65,0.35,0.55,0.55,0.55,0.55,0.55,0.4,0.7,0.4499999999999999,0.6,0.6,0.4499999999999999,0.6,0.6,0.4499999999999999,0.5,0.0,0.9,"8a7558244087fff,8a755824409ffff,8a755824446ffff,8a7558244467fff,8a7558244477fff,8a75582447b7fff,8a75582447a7fff,8a7558244797fff,8a7558244787fff,8a75582446b7fff,8a755824469ffff,8a7558246a6ffff,8a7558246a4ffff,8a7558240d1ffff",2
41273141#3,41231709#0,0.6,0.6,1.0,0.0,0.15,1.0,0.55,0.55,0.55,0.55,0.55,0.4,0.7,0.4499999999999999,0.6,0.6,0.4499999999999999,0.7,0.6,0.4499999999999999,0.6,0.6,0.1999999999999999,"8a7558244087fff,8a755824409ffff,8a7558244097fff,8a7558244467fff,8a755824446ffff,8a75582447a7fff,8a75582447affff,8a755824478ffff,8a75582446a7fff,8a7558244687fff,8a75582446b7fff,8a755824469ffff,8a7558246a6ffff,8a7558246a4ffff,8a7558240d1ffff",3
41273141#3,41231709#0,0.9,0.8,0.7,0.3,0.15,0.9,0.55,0.55,0.55,0.55,0.55,0.4,0.7,0.4499999999999999,0.6,0.6,0.4499999999999999,0.9,0.6,0.4499999999999999,0.8,0.7,0.3,"8a7558244087fff,8a755824409ffff,8a7558244707fff,8a7558244717fff,8a755824471ffff,8a7558244637fff,8a75582447affff,8a755824478ffff,8a75582446a7fff,8a7558244687fff,8a75582446b7fff,8a755824469ffff,8a7558246a6ffff,8a7558246a4ffff,8a7558240d1ffff",3
41273141#3,41231709#0,0.1999999999999999,0.3,0.6,0.4,0.65,0.35,0.55,0.55,0.55,0.55,0.55,0.4,0.7,0.4499999999999999,0.6,0.6,0.4499999999999999,0.0999999999999999,0.6,0.4499999999999999,0.3,0.5,0.5,"8a7558244087fff,8a755824409ffff,8a7558244707fff,8a7558244717fff,8a755824471ffff,8a7558244637fff,8a75582447affff,8a7558244737fff,8a755824446ffff,8a75582447a7fff,8a7558244787fff,8a75582446b7fff,8a755824469ffff,8a7558246a6ffff,8a7558246a4ffff,8a7558240d1ffff",4
41273141#3,41231709#0,0.7,0.7,0.35,0.7,0.65,0.35,0.55,0.55,0.55,0.55,0.55,0.4,0.7,0.4499999999999999,0.6,0.6,0.4499999999999999,0.5,0.6,0.4499999999999999,0.7,0.3,0.7,"8a7558244087fff,8a755824409ffff,8a7558244097fff,8a7558244467fff,8a755824446ffff,8a75582447a7fff,8a7558244797fff,8a7558244787fff,8a75582446b7fff,8a755824469ffff,8a7558246a6ffff,8a7558246a4ffff,8a7558240d1ffff",2
41231709#0,41273141#3,0.9,0.9,1.0,0.0,0.4,0.7,0.55,0.55,0.55,0.55,0.55,0.4,0.7,0.4499999999999999,0.6,0.6,0.4499999999999999,0.9,0.6,0.4499999999999999,0.9,0.0999999999999999,0.8,"8a7558246a4ffff,8a7558240d1ffff,8a7558240d07fff,8a7558240d37fff,8a755824469ffff,8a75582446b7fff,8a7558244787fff,8a75582447a7fff,8a755824446ffff,8a7558244737fff,8a755824409ffff,8a7558244087fff",3
41231709#0,41273141#3,0.4,0.4,0.1,0.9,0.9,0.1,0.55,0.55,0.55,0.55,0.55,0.9,0.2,0.4499999999999999,0.0999999999999999,0.0999999999999999,0.4499999999999999,0.3,0.0999999999999999,0.4499999999999999,0.4,0.9,0.0,"8a7558246a4ffff,8a7558240d1ffff,8a7558240d07fff,8a7558240d17fff,8a7558240d37fff,8a755824469ffff,8a7558246a6ffff,8a7558246a5ffff,8a7558240da7fff,8a7558240daffff,8a7558240c27fff,8a7558240d57fff,8a7558240d77fff,8a7558240d27fff,8a7558244687fff,8a75582446a7fff,8a755824478ffff,8a75582447affff,8a7558244637fff,8a755824471ffff,8a7558244627fff,8a7558244707fff,8a755824408ffff,8a75582440affff,8a7558244087fff",0
41231709#0,41273141#3,0.0999999999999999,0.0999999999999999,0.8,0.1999999999999999,0.4,0.6,0.55,0.55,0.55,0.55,0.55,0.4,0.7,0.4499999999999999,0.6,0.6,0.4499999999999999,0.4,0.6,0.4499999999999999,0.3,0.3,0.6,"8a7558246a4ffff,8a7558240d1ffff,8a7558240d07fff,8a7558240d17fff,8a7558246a6ffff,8a755824469ffff,8a75582446b7fff,8a7558244787fff,8a7558244797fff,8a75582447a7fff,8a7558244467fff,8a755824446ffff,8a755824409ffff,8a7558244707fff,8a7558244717fff,8a755824471ffff,8a755824408ffff,8a75582440affff,8a7558244017fff,8a755824418ffff,8a7558244087fff",3
41231709#0,41273141#3,0.7,0.7,0.3,0.7,0.4,0.2,0.55,0.55,0.55,0.55,0.55,1.0,0.1,0.4499999999999999,0.0,0.0,0.4499999999999999,0.8,0.0,0.4499999999999999,0.7,0.5,0.3,"8a7558246a4ffff,8a7558240d1ffff,8a7558240d07fff,8a7558240d37fff,8a755824469ffff,8a7558240d27fff,8a7558240d77fff,8a7558240d57fff,8a7558240d67fff,8a75582446c7fff,8a755824461ffff,8a755824460ffff,8a7558244627fff,8a755824471ffff,8a7558244717fff,8a7558244707fff,8a755824409ffff,8a7558244087fff",0
41231709#0,41273141#3,0.8,0.8,0.4,0.6,0.4,0.3,0.55,0.55,0.55,0.55,0.55,0.4,0.7,0.4499999999999999,0.6,0.6,0.4499999999999999,0.0,0.6,0.4499999999999999,0.8,0.6,0.4,"8a7558246a4ffff,8a7558240d1ffff,8a7558240d07fff,8a7558240d17fff,8a7558240d37fff,8a755824469ffff,8a7558240d27fff,8a7558244687fff,8a75582446a7fff,8a755824478ffff,8a75582447affff,8a7558244737fff,8a755824446ffff,8a7558244467fff,8a7558244097fff,8a755824409ffff,8a7558244087fff",2
41231709#0,41273141#3,0.5,0.5,0.5,0.5,0.4,0.8,0.55,0.55,0.55,0.55,0.55,0.4,0.7,0.4499999999999999,0.6,0.6,0.4499999999999999,0.1999999999999999,0.6,0.4499999999999999,0.5,0.1999999999999999,0.9,"8a7558246a4ffff,8a7558240d1ffff,8a7558240d07fff,8a7558240d37fff,8a755824469ffff,8a7558240d27fff,8a7558244687fff,8a75582446b7fff,8a7558244787fff,8a75582447a7fff,8a75582447b7fff,8a7558244467fff,8a7558244097fff,8a755824409ffff,8a7558244707fff,8a7558244717fff,8a755824471ffff,8a755824408ffff,8a75582440affff,8a7558244087fff",3
41231709#0,41273141#3,0.0,0.0,0.7,0.3,0.4,0.5,0.55,0.55,0.55,0.55,0.55,0.4,0.7,0.4499999999999999,0.6,0.6,0.4499999999999999,0.6,0.6,0.4499999999999999,0.0,0.4,0.5,"8a7558246a4ffff,8a7558240d1ffff,8a7558240d07fff,8a7558240d37fff,8a755824469ffff,8a75582446b7fff,8a7558244787fff,8a7558244797fff,8a75582447a7fff,8a75582447b7fff,8a7558244467fff,8a7558244097fff,8a755824409ffff,8a7558244737fff,8a755824446ffff,8a75582447affff,8a7558244637fff,8a7558244617fff,8a755824461ffff,8a755824468ffff,8a75582446dffff,8a75582446c7fff,8a755824460ffff,8a7558244627fff,8a755824471ffff,8a7558244707fff,8a7558244717fff,8a7558244087fff",3
41231709#0,41273141#3,0.3,0.3,0.6,0.4,0.4,0.9,0.55,0.55,0.55,0.55,0.55,0.4,0.7,0.4499999999999999,0.6,0.6,0.4499999999999999,0.5,0.6,0.4499999999999999,0.1999999999999999,0.8,0.1999999999999999,"8a7558246a4ffff,8a7558240d1ffff,8a7558240d07fff,8a7558240d17fff,8a7558240d37fff,8a755824469ffff,8a7558240d27fff,8a7558244687fff,8a75582446b7fff,8a7558244787fff,8a75582447a7fff,8a75582447affff,8a7558244637fff,8a755824471ffff,8a7558244627fff,8a7558244707fff,8a755824408ffff,8a75582440affff,8a7558244017fff,8a75582441affff,8a755824418ffff,8a75582440a7fff,8a7558244087fff",3
41231709#0,41273141#3,0.1999999999999999,0.1999999999999999,0.2,0.8,0.4,0.4,0.55,0.55,0.55,0.55,0.55,0.8,0.3,0.4499999999999999,0.1999999999999999,0.1999999999999999,0.4499999999999999,0.7,0.1999999999999999,0.4499999999999999,0.0999999999999999,0.7,0.0999999999999999,"8a7558246a4ffff,8a7558240d1ffff,8a7558240d07fff,8a7558240d37fff,8a755824469ffff,8a7558246a6ffff,8a7558246a5ffff,8a7558240da7fff,8a7558240daffff,8a7558240c27fff,8a7558240d57fff,8a7558240d77fff,8a7558240d67fff,8a7558240d47fff,8a7558240997fff,8a75582446cffff,8a755824460ffff,8a755824461ffff,8a7558244617fff,8a7558244637fff,8a75582447affff,8a7558244737fff,8a755824409ffff,8a7558244087fff",1
41231709#0,41273141#3,0.6,0.6,0.9,0.0999999999999999,0.4,1.0,0.55,0.55,0.55,0.55,0.55,0.4,0.7,0.4499999999999999,0.6,0.6,0.4499999999999999,0.0999999999999999,0.6,0.4499999999999999,0.6,0.0,0.7,"8a7558246a4ffff,8a7558240d1ffff,8a7558240d07fff,8a7558240d17fff,8a7558246a6ffff,8a755824469ffff,8a7558240d27fff,8a7558244687fff,8a75582446b7fff,8a7558244787fff,8a75582447a7fff,8a75582447b7fff,8a7558244467fff,8a755824446ffff,8a75582447affff,8a7558244737fff,8a755824409ffff,8a7558244087fff",3
-41273141#1,-561133140#1,0.9,0.9,0.1,0.9,0.7,0.3,0.55,0.55,0.55,0.55,0.55,0.4,0.7,0.4499999999999999,0.6,0.6,0.4499999999999999,0.9,0.6,0.4499999999999999,0.9,0.9,0.0,"8a75582440affff,8a7558244087fff,8a755824409ffff,8a7558244707fff,8a7558244717fff,8a755824471ffff,8a7558244627fff",2
-41273141#1,-561133140#1,0.0,0.0,0.2,0.8,0.7,0.3,0.55,0.55,0.55,0.55,0.55,0.8,0.3,0.4499999999999999,0.1999999999999999,0.1999999999999999,0.4499999999999999,0.0,0.1999999999999999,0.4499999999999999,0.0,0.0,0.9,"8a75582440affff,8a7558244087fff,8a755824409ffff,8a7558244737fff,8a755824446ffff,8a7558244097fff,8a7558244467fff,8a7558244477fff,8a75582447b7fff,8a75582447a7fff,8a7558244797fff,8a7558244787fff,8a75582446b7fff,8a755824469ffff,8a7558240d27fff,8a7558240d77fff,8a7558240d57fff,8a7558240d67fff,8a7558240d47fff,8a7558240997fff,8a75582446cffff,8a755824460ffff,8a7558244627fff,8a755824471ffff",1
-41273141#1,-561133140#1,0.7,0.7,0.9,0.0999999999999999,0.1999999999999999,0.7,0.55,0.55,0.55,0.55,0.55,0.4,0.7,0.4499999999999999,0.6,0.6,0.4499999999999999,0.3,0.6,0.4499999999999999,0.7,0.6,0.1999999999999999,"8a75582440affff,8a7558244087fff,8a755824409ffff,8a755824446ffff,8a75582447a7fff,8a75582447affff,8a7558244637fff,8a7558244617fff,8a755824461ffff,8a755824468ffff,8a75582446dffff,8a75582446c7fff,8a755824460ffff,8a7558244627fff,8a755824471ffff",3
-41273141#1,-561133140#1,0.4,0.4,0.7,0.3,0.1999999999999999,0.6,0.55,0.55,0.55,0.55,0.55,0.4,0.7,0.4499999999999999,0.6,0.6,0.4499999999999999,0.5,0.6,0.4499999999999999,0.4,0.3,0.4,"8a75582440affff,8a7558244017fff,8a75582441affff,8a755824418ffff,8a7558244087fff,8a755824409ffff,8a7558244737fff,8a755824446ffff,8a7558244097fff,8a7558244467fff,8a7558244477fff,8a75582447b7fff,8a75582447a7fff,8a75582447affff,8a7558244637fff,8a755824471ffff,8a7558244627fff",3
-41273141#1,-561133140#1,0.6,0.6,0.3,0.7,0.7,0.3,0.55,0.55,0.55,0.55,0.55,0.4,0.7,0.4499999999999999,0.6,0.6,0.4499999999999999,0.4,0.6,0.4499999999999999,0.6,0.1999999999999999,0.5,"8a75582440affff,8a7558244087fff,8a755824409ffff,8a7558244737fff,8a755824446ffff,8a75582447a7fff,8a7558244787fff,8a75582446b7fff,8a755824469ffff,8a7558240d27fff,8a7558244687fff,8a75582446a7fff,8a755824478ffff,8a75582447affff,8a7558244637fff,8a755824471ffff,8a7558244627fff",2
-41273141#1,-561133140#1,0.0999999999999999,0.0999999999999999,0.6,0.4,0.1999999999999999,1.0,0.55,0.55,0.55,0.55,0.55,0.9,0.2,0.4499999999999999,0.0999999999999999,0.0999999999999999,0.4499999999999999,0.1999999999999999,0.0999999999999999,0.4499999999999999,0.0999999999999999,0.7,0.3,"8a75582440affff,8a7558244017fff,8a755824418ffff,8a7558244087fff,8a755824409ffff,8a7558244707fff,8a7558244717fff,8a755824471ffff,8a7558244637fff,8a75582447affff,8a755824478ffff,8a75582446a7fff,8a7558244687fff,8a75582446b7fff,8a755824469ffff,8a7558240d27fff,8a7558240d77fff,8a7558240d57fff,8a7558240d67fff,8a7558240d47fff,8a7558240997fff,8a75582446c7fff,8a75582446e7fff,8a755824461ffff,8a755824460ffff,8a7558244627fff",1
-41273141#1,-561133140#1,0.5,0.5,0.45,0.55,0.7,0.3,0.55,0.55,0.55,0.55,0.55,0.4,0.7,0.4499999999999999,0.6,0.6,0.4499999999999999,0.7,0.6,0.4499999999999999,0.5,0.4,0.6,"8a75582440affff,8a7558244087fff,8a755824409ffff,8a7558244707fff,8a7558244717fff,8a755824471ffff,8a7558244637fff,8a7558244617fff,8a755824461ffff,8a755824468ffff,8a75582446d7fff,8a7558240d27fff,8a7558240d77fff,8a7558240d67fff,8a7558240d47fff,8a7558240997fff,8a75582446cffff,8a755824460ffff,8a7558244627fff",2
-41273141#1,-561133140#1,0.1999999999999999,0.1999999999999999,0.8,0.1999999999999999,0.1999999999999999,0.8,0.55,0.55,0.55,0.55,0.55,1.0,0.1,0.4499999999999999,0.0,0.0,0.4499999999999999,0.0999999999999999,0.0,0.4499999999999999,0.1999999999999999,0.0999999999999999,0.7,"8a75582440affff,8a7558244087fff,8a755824409ffff,8a755824446ffff,8a75582447a7fff,8a7558244787fff,8a75582446b7fff,8a755824469ffff,8a7558240d27fff,8a7558240d77fff,8a7558240d57fff,8a7558240d67fff,8a75582446c7fff,8a755824461ffff,8a755824460ffff,8a7558244627fff,8a755824471ffff",1
-41273141#1,-561133140#1,0.8,0.8,1.0,0.0,0.1999999999999999,0.9,0.55,0.55,0.55,0.55,0.55,0.4,0.7,0.4499999999999999,0.6,0.6,0.4499999999999999,0.8,0.6,0.4499999999999999,0.8,0.8,0.0999999999999999,"8a75582440affff,8a7558244017fff,8a755824418ffff,8a75582440a7fff,8a7558244087fff,8a755824409ffff,8a755824446ffff,8a75582447a7fff,8a75582447affff,8a7558244637fff,8a755824471ffff,8a7558244627fff",3
-41273141#1,-561133140#1,0.3,0.3,0.45,0.55,0.7,0.3,0.55,0.55,0.55,0.55,0.55,0.4,0.7,0.4499999999999999,0.6,0.6,0.4499999999999999,0.6,0.6,0.4499999999999999,0.3,0.5,0.8,"8a75582440affff,8a7558244017fff,8a75582441affff,8a755824418ffff,8a7558244087fff,8a755824409ffff,8a7558244707fff,8a7558244717fff,8a755824471ffff,8a7558244637fff,8a7558244617fff,8a755824461ffff,8a755824468ffff,8a75582446dffff,8a75582446c7fff,8a755824460ffff,8a7558244627fff",4
79559552#0,-561133140#1,0.9,0.9,0.1,0.9,0.75,0.25,0.55,0.55,0.55,0.55,0.55,0.4,0.7,0.4499999999999999,0.6,0.6,0.4499999999999999,0.9,0.6,0.4499999999999999,0.9,0.6,0.0999999999999999,"8a7558246b5ffff,8a7558246b4ffff,8a7558244697fff,8a755824469ffff,8a7558240d27fff,8a7558244687fff,8a75582446a7fff,8a755824478ffff,8a75582447affff,8a7558244637fff,8a755824471ffff,8a7558244627fff",2
79559552#0,-561133140#1,0.4,0.4,0.2,0.8,0.75,0.25,0.55,0.55,0.55,0.55,0.55,0.8,0.3,0.4499999999999999,0.1999999999999999,0.1999999999999999,0.4499999999999999,0.0,0.1999999999999999,0.4499999999999999,0.4,0.9,0.1999999999999999,"8a7558246b5ffff,8a7558246b4ffff,8a7558244697fff,8a755824469ffff,8a7558246a6ffff,8a7558246a4ffff,8a7558246a5ffff,8a7558240da7fff,8a7558240daffff,8a7558240d1ffff,8a7558240c27fff,8a7558240d57fff,8a7558240d77fff,8a7558240d67fff,8a7558240d47fff,8a7558240997fff,8a75582446c7fff,8a75582446e7fff,8a755824461ffff,8a755824460ffff,8a7558244627fff,8a755824471ffff",2
79559552#0,-561133140#1,0.1999999999999999,0.1999999999999999,0.8,0.1999999999999999,0.25,0.7,0.55,0.55,0.55,0.55,0.55,0.4,0.7,0.4499999999999999,0.6,0.6,0.4499999999999999,0.7,0.6,0.4499999999999999,0.1999999999999999,0.3,0.7,"8a7558246b5ffff,8a7558246b4ffff,8a7558244697fff,8a755824469ffff,8a75582446b7fff,8a7558244787fff,8a75582447a7fff,8a75582447affff,8a7558244637fff,8a7558244617fff,8a755824461ffff,8a755824468ffff,8a75582446dffff,8a75582446c7fff,8a755824460ffff,8a7558244627fff,8a755824471ffff",3
79559552#0,-561133140#1,0.3,0.3,0.95,0.05,0.25,0.8,0.55,0.55,0.55,0.55,0.55,0.4,0.7,0.4499999999999999,0.6,0.6,0.4499999999999999,0.4,0.6,0.4499999999999999,0.3,0.0999999999999999,0.8,"8a7558246b5ffff,8a7558246b4ffff,8a7558244697fff,8a755824469ffff,8a75582446b7fff,8a7558244787fff,8a7558244797fff,8a75582447a7fff,8a7558244467fff,8a7558244097fff,8a755824409ffff,8a755824446ffff,8a7558244737fff,8a7558244707fff,8a7558244717fff,8a755824471ffff,8a7558244627fff",3
79559552#0,-561133140#1,0.7,0.7,0.6,0.4,0.25,0.6,0.55,0.55,0.55,0.55,0.55,0.9,0.2,0.4499999999999999,0.0999999999999999,0.0999999999999999,0.4499999999999999,0.6,0.0999999999999999,0.4499999999999999,0.7,0.4,0.5,"8a7558246b5ffff,8a7558246b4ffff,8a7558244697fff,8a755824469ffff,8a7558240d27fff,8a7558240d77fff,8a7558240d57fff,8a7558240d67fff,8a75582446dffff,8a75582446c7fff,8a755824461ffff,8a755824460ffff,8a7558244627fff,8a755824471ffff",0
79559552#0,-561133140#1,0.8,0.8,0.3,0.7,0.75,0.25,0.55,0.55,0.55,0.55,0.55,1.0,0.1,0.4499999999999999,0.0,0.0,0.4499999999999999,0.0999999999999999,0.0,0.4499999999999999,0.8,0.8,0.0,"8a7558246b5ffff,8a7558246b4ffff,8a7558244697fff,8a755824469ffff,8a7558240d27fff,8a7558240d77fff,8a7558240d57fff,8a7558240d67fff,8a75582446c7fff,8a75582446e7fff,8a755824461ffff,8a7558244617fff,8a7558244637fff,8a755824471ffff,8a7558244627fff",0
79559552#0,-561133140#1,0.0,0.0,0.5,0.5,0.25,0.5,0.55,0.55,0.55,0.55,0.55,0.4,0.7,0.4499999999999999,0.6,0.6,0.4499999999999999,0.1999999999999999,0.6,0.4499999999999999,0.0,0.5,0.6,"8a7558246b5ffff,8a7558246b4ffff,8a7558244697fff,8a755824469ffff,8a7558240d27fff,8a7558244687fff,8a75582446a7fff,8a755824478ffff,8a75582447affff,8a7558244737fff,8a755824409ffff,8a7558244707fff,8a7558244717fff,8a755824471ffff,8a7558244637fff,8a7558244617fff,8a755824461ffff,8a755824468ffff,8a75582446dffff,8a75582446c7fff,8a755824460ffff,8a7558244627fff",4
79559552#0,-561133140#1,0.6,0.6,0.95,0.05,0.25,0.9,0.55,0.55,0.55,0.55,0.55,0.4,0.7,0.4499999999999999,0.6,0.6,0.4499999999999999,0.8,0.6,0.4499999999999999,0.6,0.0,0.3,"8a7558246b5ffff,8a7558246b4ffff,8a7558244697fff,8a755824469ffff,8a75582446b7fff,8a7558244787fff,8a7558244797fff,8a75582447a7fff,8a7558244467fff,8a755824446ffff,8a75582447affff,8a7558244637fff,8a755824471ffff,8a7558244627fff",3
79559552#0,-561133140#1,0.0999999999999999,0.0999999999999999,0.4,0.6,0.75,0.25,0.55,0.55,0.55,0.55,0.55,0.4,0.7,0.4499999999999999,0.6,0.6,0.4499999999999999,0.3,0.6,0.4499999999999999,0.0999999999999999,0.7,0.9,"8a7558246b5ffff,8a7558246b4ffff,8a7558244697fff,8a755824469ffff,8a7558240d27fff,8a7558244687fff,8a75582446a7fff,8a755824478ffff,8a75582447affff,8a7558244637fff,8a7558244617fff,8a755824461ffff,8a755824468ffff,8a75582446d7fff,8a7558240d77fff,8a7558240d67fff,8a75582446c7fff,8a75582446e7fff,8a755824460ffff,8a7558244627fff,8a755824471ffff",4
79559552#0,-561133140#1,0.5,0.5,0.7,0.3,0.25,1.0,0.55,0.55,0.55,0.55,0.55,0.4,0.7,0.4499999999999999,0.6,0.6,0.4499999999999999,0.5,0.6,0.4499999999999999,0.5,0.1999999999999999,0.4,"8a7558246b5ffff,8a7558246b4ffff,8a7558244697fff,8a755824469ffff,8a7558240d27fff,8a7558244687fff,8a75582446b7fff,8a7558244787fff,8a75582447a7fff,8a75582447affff,8a7558244737fff,8a755824409ffff,8a7558244707fff,8a7558244717fff,8a755824471ffff,8a7558244627fff",3
-561133140#1,79559552#0,0.9,0.9,0.7,0.3,0.3,0.9,0.55,0.55,0.55,0.5,0.55,0.3,0.8,0.4499999999999999,0.7,0.7,0.4499999999999999,0.9,0.7,0.4499999999999999,0.9,0.4,0.3,"8a7558244627fff,8a755824471ffff,8a7558244637fff,8a75582447affff,8a755824478ffff,8a75582446a7fff,8a7558244687fff,8a75582446b7fff,8a755824469ffff,8a7558244697fff,8a7558246b4ffff,8a7558246b5ffff",3
-561133140#1,79559552#0,0.1999999999999999,0.0,1.0,0.0,0.0,1.0,0.55,0.55,0.55,1.0,0.55,1.0,0.1,0.4499999999999999,0.0,0.0,0.4499999999999999,0.6,0.0,0.4499999999999999,0.0,0.8,0.0,"8a7558244627fff,8a755824471ffff,8a755824460ffff,8a755824461ffff,8a75582446c7fff,8a7558240d67fff,8a7558240d77fff,8a7558240d57fff,8a7558240d47fff,8a7558240c67fff,8a7558240c07fff,8a7558240c37fff,8a7558240c27fff,8a7558240d1ffff,8a7558240daffff,8a7558240da7fff,8a7558246a5ffff,8a7558246a4ffff,8a7558240d17fff,8a7558240d07fff,8a7558240d37fff,8a755824469ffff,8a7558244697fff,8a7558246b4ffff,8a7558246b5ffff",1
-561133140#1,79559552#0,0.0,0.1999999999999999,0.9,0.0999999999999999,0.3,0.5,0.55,0.55,0.55,0.5,0.55,0.6,0.5,0.4499999999999999,0.3,0.3,0.4499999999999999,0.4,0.3,0.4499999999999999,0.1999999999999999,0.9,0.1999999999999999,"8a7558244627fff,8a755824471ffff,8a7558244707fff,8a755824409ffff,8a7558244737fff,8a755824446ffff,8a75582447a7fff,8a75582447affff,8a7558244637fff,8a7558244617fff,8a755824461ffff,8a755824468ffff,8a75582446d7fff,8a7558240d77fff,8a7558240d67fff,8a7558240d27fff,8a755824469ffff,8a7558244697fff,8a7558246b4ffff,8a7558246b5ffff",1
-561133140#1,79559552#0,0.5,0.5,0.3,0.6,0.75,0.25,0.55,0.55,0.55,0.5,0.55,0.3,0.8,0.4499999999999999,0.7,0.7,0.4499999999999999,0.0,0.7,0.4499999999999999,0.5,0.0999999999999999,0.9,"8a7558244627fff,8a755824471ffff,8a7558244717fff,8a7558244707fff,8a755824409ffff,8a7558244097fff,8a7558244467fff,8a7558244477fff,8a75582447b7fff,8a75582447a7fff,8a7558244787fff,8a75582446b7fff,8a755824469ffff,8a7558244697fff,8a7558246b4ffff,8a7558246b5ffff",4
-561133140#1,79559552#0,0.0999999999999999,0.0999999999999999,0.6,0.4,0.3,0.7,0.55,0.55,0.55,0.5,0.55,0.9,0.2,0.4499999999999999,0.4,0.4,0.4499999999999999,0.8,0.4,0.4499999999999999,0.0999999999999999,0.5,0.0999999999999999,"8a7558244627fff,8a755824471ffff,8a7558244637fff,8a7558244617fff,8a755824461ffff,8a755824468ffff,8a75582446d7fff,8a7558240d27fff,8a7558240d77fff,8a7558240d67fff,8a7558240d57fff,8a7558240c27fff,8a7558240d1ffff,8a7558240daffff,8a7558240da7fff,8a7558246a5ffff,8a7558246a4ffff,8a7558246a6ffff,8a755824469ffff,8a7558244687fff,8a75582446b7fff,8a7558244697fff,8a7558246b4ffff,8a7558246b5ffff",1
-561133140#1,79559552#0,0.6,0.6,0.3,0.7,0.75,0.25,0.55,0.55,0.55,0.5,0.55,0.8,0.3,0.4499999999999999,0.0999999999999999,0.0999999999999999,0.4499999999999999,0.1999999999999999,0.0999999999999999,0.4499999999999999,0.6,0.6,0.5,"8a7558244627fff,8a755824471ffff,8a755824460ffff,8a755824461ffff,8a755824468ffff,8a75582446d7fff,8a7558240d77fff,8a75582446dffff,8a75582446c7fff,8a7558240d67fff,8a7558240d27fff,8a755824469ffff,8a7558244697fff,8a7558246b4ffff,8a7558246b5ffff",0
-561133140#1,79559552#0,0.3,0.3,0.3,0.8,0.75,0.25,0.55,0.55,0.55,0.5,0.55,0.3,0.8,0.4499999999999999,0.7,0.7,0.4499999999999999,0.0999999999999999,0.7,0.4499999999999999,0.3,0.0,0.6,"8a7558244627fff,8a755824471ffff,8a7558244637fff,8a75582447affff,8a75582447a7fff,8a755824446ffff,8a755824409ffff,8a7558244097fff,8a7558244467fff,8a7558244477fff,8a75582447b7fff,8a7558244797fff,8a7558244787fff,8a75582446b7fff,8a755824469ffff,8a7558244697fff,8a7558246b4ffff,8a7558246b5ffff",4
-561133140#1,79559552#0,0.4,0.4,0.5,0.5,0.3,0.6,0.55,0.55,0.55,0.5,0.55,0.7,0.4,0.4499999999999999,0.1999999999999999,0.1999999999999999,0.4499999999999999,0.7,0.1999999999999999,0.4499999999999999,0.4,0.1999999999999999,0.7,"8a7558244627fff,8a755824471ffff,8a7558244637fff,8a7558244617fff,8a755824461ffff,8a755824468ffff,8a75582446dffff,8a75582446c7fff,8a7558240d67fff,8a7558240d77fff,8a7558240d27fff,8a7558244687fff,8a75582446b7fff,8a755824469ffff,8a7558244697fff,8a7558246b4ffff,8a7558246b5ffff",1
-561133140#1,79559552#0,0.8,0.7,0.8,0.1999999999999999,0.3,0.8,0.55,0.55,0.55,0.5,0.55,0.3,0.8,0.4499999999999999,0.7,0.7,0.4499999999999999,0.5,0.7,0.4499999999999999,0.7,0.7,0.4,"8a7558244627fff,8a755824471ffff,8a7558244717fff,8a7558244707fff,8a755824409ffff,8a7558244737fff,8a755824446ffff,8a75582447a7fff,8a75582447affff,8a755824478ffff,8a75582446a7fff,8a7558244687fff,8a75582446b7fff,8a755824469ffff,8a7558244697fff,8a7558246b4ffff,8a7558246b5ffff",3
-561133140#1,79559552#0,0.7,0.8,0.1,0.9,0.75,0.25,0.55,0.55,0.55,0.5,0.55,0.3,0.8,0.4499999999999999,0.7,0.7,0.4499999999999999,0.3,0.7,0.4499999999999999,0.8,0.3,0.8,"8a7558244627fff,8a755824471ffff,8a7558244707fff,8a755824409ffff,8a7558244737fff,8a755824446ffff,8a75582447a7fff,8a7558244787fff,8a75582446b7fff,8a755824469ffff,8a7558244697fff,8a7558246b4ffff,8a7558246b5ffff",2
-41273141#1,-1020092142,0.9,0.9,0.3,0.7,0.6,0.4,0.55,0.55,0.55,0.55,0.55,0.5,0.6,0.4499999999999999,0.5,0.5,0.4499999999999999,0.9,0.5,0.4499999999999999,0.9,0.9,0.0999999999999999,"8a75582440affff,8a7558244087fff,8a755824409ffff,8a7558244737fff,8a755824446ffff,8a7558244467fff",2
-41273141#1,-1020092142,0.0999999999999999,0.0999999999999999,0.8,0.1999999999999999,0.0999999999999999,0.9,0.55,0.55,0.55,0.55,0.55,0.5,0.6,0.4499999999999999,0.5,0.5,0.4499999999999999,0.6,0.5,0.4499999999999999,0.0999999999999999,0.6,0.3,"8a75582440affff,8a7558244017fff,8a755824418ffff,8a75582440a7fff,8a7558244087fff,8a755824409ffff,8a7558244707fff,8a7558244717fff,8a755824471ffff,8a7558244637fff,8a75582447affff,8a755824478ffff,8a75582446a7fff,8a7558244687fff,8a75582446b7fff,8a7558244787fff,8a7558244797fff,8a75582447a7fff,8a755824446ffff,8a7558244097fff,8a7558244467fff",3
-41273141#1,-1020092142,0.0,0.0,0.9,0.0999999999999999,0.0999999999999999,0.8,0.55,0.55,0.55,0.55,0.55,1.0,0.1,0.4499999999999999,0.0,0.0,0.4499999999999999,0.4,0.0,0.4499999999999999,0.0,0.1999999999999999,0.6,"8a75582440affff,8a7558244087fff,8a755824409ffff,8a7558244737fff,8a755824446ffff,8a75582447a7fff,8a75582447affff,8a7558244637fff,8a7558244617fff,8a755824461ffff,8a755824468ffff,8a75582446dffff,8a75582446c7fff,8a7558240d67fff,8a7558240d77fff,8a7558240d27fff,8a755824469ffff,8a75582446b7fff,8a7558244787fff,8a7558244797fff,8a75582447b7fff,8a7558244467fff",1
-41273141#1,-1020092142,0.7,0.7,0.3,0.7,0.6,0.4,0.55,0.55,0.55,0.55,0.55,0.5,0.6,0.4499999999999999,0.5,0.5,0.4499999999999999,0.0999999999999999,0.5,0.4499999999999999,0.7,0.4,0.8,"8a75582440affff,8a7558244017fff,8a75582441affff,8a755824418ffff,8a7558244087fff,8a755824409ffff,8a7558244097fff,8a7558244467fff",2
-41273141#1,-1020092142,0.6,0.6,0.3,0.7,0.6,0.4,0.55,0.55,0.55,0.55,0.55,0.5,0.6,0.4499999999999999,0.5,0.5,0.4499999999999999,0.7,0.5,0.4499999999999999,0.6,0.0,0.7,"8a75582440affff,8a7558244087fff,8a755824409ffff,8a755824446ffff,8a75582447a7fff,8a7558244787fff,8a7558244797fff,8a75582447b7fff,8a7558244467fff",2
-41273141#1,-1020092142,0.5,0.5,0.7,0.3,0.6,0.4,0.55,0.55,0.55,0.55,0.55,0.5,0.6,0.4499999999999999,0.5,0.5,0.4499999999999999,0.0,0.5,0.4499999999999999,0.5,0.8,0.0,"8a75582440affff,8a7558244087fff,8a755824409ffff,8a7558244707fff,8a7558244717fff,8a755824471ffff,8a7558244627fff,8a755824460ffff,8a755824461ffff,8a7558244617fff,8a7558244637fff,8a75582447affff,8a75582447a7fff,8a755824446ffff,8a7558244467fff",2
-41273141#1,-1020092142,0.4,0.4,0.3,0.7,0.6,0.4,0.55,0.55,0.55,0.55,0.55,0.5,0.6,0.4499999999999999,0.5,0.5,0.4499999999999999,0.3,0.5,0.4499999999999999,0.3,0.0999999999999999,0.9,"8a75582440affff,8a7558244017fff,8a75582441affff,8a755824418ffff,8a75582440a7fff,8a7558244087fff,8a755824409ffff,8a7558244737fff,8a755824446ffff,8a75582447a7fff,8a7558244467fff",4
-41273141#1,-1020092142,0.1999999999999999,0.1999999999999999,1.0,0.0,0.0999999999999999,1.0,0.55,0.55,0.55,0.55,0.55,0.5,0.6,0.4499999999999999,0.5,0.5,0.4499999999999999,0.8,0.5,0.4499999999999999,0.4,0.3,0.5,"8a75582440affff,8a7558244087fff,8a755824409ffff,8a7558244737fff,8a755824446ffff,8a75582447a7fff,8a75582447affff,8a755824478ffff,8a75582446a7fff,8a7558244687fff,8a75582446b7fff,8a7558244787fff,8a7558244467fff",3
-41273141#1,-1020092142,0.8,0.8,0.3,0.7,0.6,0.4,0.55,0.55,0.55,0.55,0.55,0.5,0.6,0.4499999999999999,0.5,0.5,0.4499999999999999,0.5,0.5,0.4499999999999999,0.8,0.7,0.1999999999999999,"8a75582440affff,8a7558244017fff,8a755824418ffff,8a75582440a7fff,8a7558244087fff,8a755824409ffff,8a755824446ffff,8a7558244467fff",2
-41273141#1,-1020092142,0.3,0.3,0.6,0.4,0.6,0.4,0.55,0.55,0.55,0.55,0.55,0.5,0.6,0.4499999999999999,0.5,0.5,0.4499999999999999,0.1999999999999999,0.5,0.4499999999999999,0.1999999999999999,0.5,0.4,"8a75582440affff,8a7558244017fff,8a75582441affff,8a755824418ffff,8a75582440a7fff,8a7558244087fff,8a755824409ffff,8a7558244707fff,8a7558244717fff,8a755824471ffff,8a7558244637fff,8a75582447affff,8a7558244737fff,8a755824446ffff,8a7558244467fff",4
-174897323#2,79119284#5,0.9,0.9,0.15,0.85,0.75,0.25,0.55,0.55,0.55,0.55,0.55,0.55,0.55,0.4499999999999999,0.4499999999999999,0.4499999999999999,0.4499999999999999,0.9,0.4499999999999999,0.4499999999999999,0.9,0.7,0.1999999999999999,"8a755824418ffff,8a75582440a7fff,8a7558244087fff,8a755824409ffff,8a7558244707fff,8a7558244717fff,8a755824471ffff,8a7558244627fff",2
-174897323#2,79119284#5,0.0,0.0,0.6,0.4,0.25,0.5,0.55,0.55,0.55,0.55,0.55,0.55,0.55,0.4499999999999999,0.4499999999999999,0.4499999999999999,0.4499999999999999,0.0,0.4499999999999999,0.4499999999999999,0.0,0.0999999999999999,0.8,"8a755824418ffff,8a75582440a7fff,8a7558244087fff,8a755824409ffff,8a7558244737fff,8a755824446ffff,8a7558244097fff,8a7558244467fff,8a7558244477fff,8a75582447b7fff,8a75582447a7fff,8a7558244797fff,8a7558244787fff,8a75582446b7fff,8a755824469ffff,8a7558240d27fff,8a7558244687fff,8a75582446a7fff,8a755824478ffff,8a75582447affff,8a7558244637fff,8a755824471ffff,8a7558244627fff",1
-174897323#2,79119284#5,0.8,0.8,1.0,0.0,0.25,1.0,0.55,0.55,0.55,0.55,0.55,0.55,0.55,0.4499999999999999,0.4499999999999999,0.4499999999999999,0.4499999999999999,0.8,0.4499999999999999,0.4499999999999999,0.8,0.9,0.0,"8a755824418ffff,8a75582440a7fff,8a7558244087fff,8a755824409ffff,8a755824446ffff,8a75582447a7fff,8a75582447affff,8a7558244637fff,8a755824471ffff,8a7558244627fff",0
-174897323#2,79119284#5,0.0999999999999999,0.0999999999999999,0.5,0.5,0.25,0.6,0.55,0.55,0.55,0.55,0.55,0.55,0.55,0.4499999999999999,0.4499999999999999,0.4499999999999999,0.4499999999999999,0.1999999999999999,0.4499999999999999,0.4499999999999999,0.0999999999999999,0.5,0.5,"8a755824418ffff,8a75582440a7fff,8a7558244087fff,8a755824409ffff,8a7558244737fff,8a755824446ffff,8a7558244467fff,8a7558244477fff,8a75582447b7fff,8a75582447a7fff,8a75582447affff,8a7558244637fff,8a7558244617fff,8a755824461ffff,8a755824468ffff,8a75582446dffff,8a75582446c7fff,8a755824460ffff,8a7558244627fff,8a755824471ffff",1
-174897323#2,79119284#5,0.6,0.5,0.7,0.3,0.25,0.7,0.55,0.55,0.55,0.55,0.55,0.55,0.55,0.4499999999999999,0.4499999999999999,0.4499999999999999,0.4499999999999999,0.4,0.4499999999999999,0.4499999999999999,0.5,0.6,0.3,"8a75582440a7fff,8a755824418ffff,8a7558244087fff,8a755824409ffff,8a7558244737fff,8a755824446ffff,8a7558244097fff,8a7558244467fff,8a7558244477fff,8a75582447b7fff,8a75582447a7fff,8a75582447affff,8a7558244637fff,8a755824471ffff,8a7558244627fff",3
-174897323#2,79119284#5,0.4,0.4,0.3,0.7,0.75,0.25,0.55,0.55,0.55,0.55,0.55,0.55,0.55,0.4499999999999999,0.4499999999999999,0.4499999999999999,0.4499999999999999,0.5,0.4499999999999999,0.4499999999999999,0.4,0.1999999999999999,0.7,"8a755824418ffff,8a75582440a7fff,8a7558244087fff,8a755824409ffff,8a755824446ffff,8a75582447a7fff,8a7558244787fff,8a75582446b7fff,8a755824469ffff,8a7558240d27fff,8a7558244687fff,8a75582446a7fff,8a755824478ffff,8a75582447affff,8a7558244637fff,8a755824471ffff,8a7558244627fff",2
-174897323#2,79119284#5,0.5,0.6,0.8,0.1999999999999999,0.25,0.8,0.55,0.55,0.55,0.55,0.55,0.55,0.55,0.4499999999999999,0.4499999999999999,0.4499999999999999,0.4499999999999999,0.6,0.4499999999999999,0.4499999999999999,0.6,0.3,0.4,"8a755824418ffff,8a75582440a7fff,8a7558244087fff,8a755824409ffff,8a7558244097fff,8a7558244467fff,8a7558244477fff,8a75582447b7fff,8a75582447a7fff,8a7558244797fff,8a7558244787fff,8a75582447affff,8a7558244637fff,8a755824471ffff,8a7558244627fff",3
-174897323#2,79119284#5,0.3,0.3,0.15,0.85,0.75,0.25,0.55,0.55,0.55,0.55,0.55,0.55,0.55,0.4499999999999999,0.4499999999999999,0.4499999999999999,0.4499999999999999,0.3,0.4499999999999999,0.4499999999999999,0.3,0.4,0.6,"8a75582440a7fff,8a755824418ffff,8a7558244087fff,8a755824409ffff,8a7558244097fff,8a7558244467fff,8a755824446ffff,8a75582447a7fff,8a7558244797fff,8a7558244787fff,8a75582446b7fff,8a755824469ffff,8a7558240d27fff,8a7558244687fff,8a75582446a7fff,8a755824478ffff,8a75582447affff,8a7558244637fff,8a755824471ffff,8a7558244627fff",4
-174897323#2,79119284#5,0.7,0.7,0.9,0.0999999999999999,0.25,0.9,0.55,0.55,0.55,0.55,0.55,0.55,0.55,0.4499999999999999,0.4499999999999999,0.4499999999999999,0.4499999999999999,0.7,0.4499999999999999,0.4499999999999999,0.7,0.8,0.0999999999999999,"8a75582440a7fff,8a755824418ffff,8a7558244087fff,8a755824409ffff,8a7558244737fff,8a755824446ffff,8a75582447a7fff,8a75582447affff,8a7558244637fff,8a755824471ffff,8a7558244627fff",0
-174897323#2,79119284#5,0.1999999999999999,0.1999999999999999,0.4,0.6,0.75,0.25,0.55,0.55,0.55,0.55,0.55,0.55,0.55,0.4499999999999999,0.4499999999999999,0.4499999999999999,0.4499999999999999,0.0999999999999999,0.4499999999999999,0.4499999999999999,0.1999999999999999,0.0,0.9,"8a755824418ffff,8a75582440a7fff,8a7558244087fff,8a755824409ffff,8a7558244737fff,8a755824446ffff,8a7558244467fff,8a7558244477fff,8a75582447b7fff,8a75582447a7fff,8a7558244787fff,8a75582446b7fff,8a755824469ffff,8a7558240d27fff,8a7558244687fff,8a75582446a7fff,8a755824478ffff,8a75582447affff,8a7558244637fff,8a755824471ffff,8a7558244627fff",4
-41273141#1,-41231513#3,0.9,0.9,0.25,0.75,0.75,0.25,0.55,0.55,0.55,0.55,0.55,0.55,0.55,0.4499999999999999,0.4499999999999999,0.4499999999999999,0.4499999999999999,0.9,0.4499999999999999,0.4499999999999999,0.9,0.7,0.5,"8a75582440affff,8a7558244087fff,8a755824409ffff,8a7558244707fff,8a7558244717fff",2
-41273141#1,-41231513#3,0.0999999999999999,0.0999999999999999,0.6,0.4,0.25,0.6,0.55,0.55,0.55,0.55,0.55,0.55,0.55,0.4499999999999999,0.4499999999999999,0.4499999999999999,0.4499999999999999,0.3,0.4499999999999999,0.4499999999999999,0.0999999999999999,0.0999999999999999,0.1999999999999999,"8a75582440affff,8a7558244017fff,8a755824418ffff,8a7558244087fff,8a755824409ffff,8a7558244737fff,8a755824446ffff,8a7558244097fff,8a7558244467fff,8a7558244477fff,8a75582447b7fff,8a75582447a7fff,8a75582447affff,8a7558244637fff,8a755824471ffff,8a7558244627fff,8a7558244707fff,8a7558244717fff",1
-41273141#1,-41231513#3,0.1999999999999999,0.1999999999999999,0.7,0.3,0.25,0.7,0.55,0.55,0.55,0.55,0.55,0.55,0.55,0.4499999999999999,0.4499999999999999,0.4499999999999999,0.4499999999999999,0.0999999999999999,0.4499999999999999,0.4499999999999999,0.1999999999999999,0.6,0.3,"8a75582440affff,8a7558244087fff,8a755824409ffff,8a7558244737fff,8a755824446ffff,8a75582447a7fff,8a75582447affff,8a7558244637fff,8a7558244617fff,8a755824461ffff,8a755824468ffff,8a75582446dffff,8a75582446c7fff,8a755824460ffff,8a7558244627fff,8a755824471ffff,8a7558244717fff,8a7558244707fff",1
-41273141#1,-41231513#3,0.4,0.4,1.0,0.0,0.25,0.8,0.55,0.55,0.55,0.55,0.55,0.55,0.55,0.4499999999999999,0.4499999999999999,0.4499999999999999,0.4499999999999999,0.5,0.4499999999999999,0.4499999999999999,0.5,0.0,0.8,"8a75582440affff,8a7558244017fff,8a75582441affff,8a755824418ffff,8a75582440a7fff,8a7558244087fff,8a755824409ffff,8a7558244707fff,8a7558244717fff",3
-41273141#1,-41231513#3,0.8,0.8,0.25,0.75,0.75,0.25,0.55,0.55,0.55,0.55,0.55,0.55,0.55,0.4499999999999999,0.4499999999999999,0.4499999999999999,0.4499999999999999,0.8,0.4499999999999999,0.4499999999999999,0.8,0.3,0.7,"8a75582440affff,8a7558244017fff,8a755824418ffff,8a75582440a7fff,8a7558244087fff,8a755824409ffff,8a7558244707fff,8a7558244717fff",2
-41273141#1,-41231513#3,0.6,0.5,0.9,0.0999999999999999,0.25,1.0,0.55,0.55,0.55,0.55,0.55,0.55,0.55,0.4499999999999999,0.4499999999999999,0.4499999999999999,0.4499999999999999,0.1999999999999999,0.4499999999999999,0.4499999999999999,0.4,0.9,0.0,"8a75582440affff,8a7558244087fff,8a755824409ffff,8a755824446ffff,8a75582447a7fff,8a75582447affff,8a7558244637fff,8a755824471ffff,8a7558244627fff,8a7558244717fff,8a7558244707fff",3
-41273141#1,-41231513#3,0.7,0.7,0.25,0.75,0.75,0.25,0.55,0.55,0.55,0.55,0.55,0.55,0.55,0.4499999999999999,0.4499999999999999,0.4499999999999999,0.4499999999999999,0.6,0.4499999999999999,0.4499999999999999,0.7,0.1999999999999999,0.6,"8a75582440affff,8a7558244017fff,8a755824418ffff,8a7558244087fff,8a755824409ffff,8a7558244707fff,8a7558244717fff",2
-41273141#1,-41231513#3,0.0,0.0,0.5,0.5,0.25,0.5,0.55,0.55,0.55,0.55,0.55,0.55,0.55,0.4499999999999999,0.4499999999999999,0.4499999999999999,0.4499999999999999,0.0,0.4499999999999999,0.4499999999999999,0.0,0.5,0.4,"8a75582440affff,8a7558244087fff,8a755824409ffff,8a7558244737fff,8a755824446ffff,8a7558244097fff,8a7558244467fff,8a7558244477fff,8a75582447b7fff,8a75582447a7fff,8a75582447affff,8a7558244637fff,8a7558244617fff,8a755824461ffff,8a755824468ffff,8a75582446dffff,8a75582446c7fff,8a75582446e7fff,8a755824460ffff,8a7558244627fff,8a755824471ffff,8a7558244717fff,8a7558244707fff",4
-41273141#1,-41231513#3,0.5,0.6,0.25,0.75,0.75,0.25,0.55,0.55,0.55,0.55,0.55,0.55,0.55,0.4499999999999999,0.4499999999999999,0.4499999999999999,0.4499999999999999,0.7,0.4499999999999999,0.4499999999999999,0.6,0.4,0.9,"8a75582440affff,8a7558244017fff,8a75582441affff,8a755824418ffff,8a75582440a7fff,8a7558244087fff,8a755824409ffff,8a7558244707fff,8a7558244717fff",2
-41273141#1,-41231513#3,0.3,0.3,0.8,0.1999999999999999,0.25,0.9,0.55,0.55,0.55,0.55,0.55,0.55,0.55,0.4499999999999999,0.4499999999999999,0.4499999999999999,0.4499999999999999,0.4,0.4499999999999999,0.4499999999999999,0.3,0.8,0.0999999999999999,"8a75582440affff,8a7558244087fff,8a755824409ffff,8a7558244737fff,8a755824446ffff,8a75582447a7fff,8a75582447affff,8a7558244637fff,8a755824471ffff,8a7558244627fff,8a7558244707fff,8a7558244717fff",3
-174897323#1,-1157449877,0.9,0.9,0.25,0.75,0.75,0.25,0.55,0.55,0.55,0.55,0.55,0.35,0.75,0.4499999999999999,0.65,0.65,0.4499999999999999,0.9,0.65,0.4499999999999999,0.9,0.9,0.0999999999999999,"8a75582440a7fff,8a7558244087fff,8a755824409ffff,8a7558244707fff,8a7558244717fff,8a755824471ffff,8a7558244637fff,8a75582447affff,8a755824478ffff,8a7558244787fff",2
-174897323#1,-1157449877,0.0999999999999999,0.0999999999999999,0.6,0.4,0.25,0.6,0.55,0.55,0.55,0.55,0.55,0.35,0.75,0.4499999999999999,0.65,0.65,0.4499999999999999,0.1999999999999999,0.65,0.4499999999999999,0.0999999999999999,0.0999999999999999,0.9,"8a7558244087fff,8a75582440a7fff,8a755824418ffff,8a755824409ffff,8a7558244737fff,8a755824446ffff,8a7558244097fff,8a7558244467fff,8a7558244477fff,8a75582447b7fff,8a75582447a7fff,8a7558244787fff,8a75582446b7fff,8a755824469ffff,8a7558240d27fff,8a7558244687fff,8a75582446a7fff,8a755824478ffff",4
-174897323#1,-1157449877,0.8,0.8,0.9,0.0999999999999999,0.25,0.9,0.55,0.55,0.55,0.55,0.55,0.35,0.75,0.4499999999999999,0.65,0.65,0.4499999999999999,0.8,0.65,0.4499999999999999,0.8,0.8,0.0,"8a75582440a7fff,8a7558244087fff,8a755824409ffff,8a7558244097fff,8a7558244467fff,8a755824446ffff,8a75582447a7fff,8a75582447affff,8a755824478ffff,8a7558244787fff",3
-174897323#1,-1157449877,0.1999999999999999,0.1999999999999999,1.0,0.0,0.25,1.0,0.55,0.55,0.55,0.55,0.55,0.7,0.4,0.4499999999999999,0.1999999999999999,0.1999999999999999,0.4499999999999999,0.7,0.1999999999999999,0.4499999999999999,0.5,0.5,0.4,"8a75582440a7fff,8a7558244087fff,8a755824409ffff,8a7558244707fff,8a7558244717fff,8a755824471ffff,8a7558244627fff,8a755824460ffff,8a755824461ffff,8a75582446c7fff,8a7558240d67fff,8a7558240d77fff,8a7558240d27fff,8a755824469ffff,8a75582446b7fff,8a7558244787fff,8a7558244797fff,8a75582447a7fff,8a75582447affff,8a755824478ffff",1
-174897323#1,-1157449877,0.3,0.3,0.8,0.1999999999999999,0.25,0.8,0.55,0.55,0.55,0.55,0.55,0.8,0.3,0.4499999999999999,0.0999999999999999,0.0999999999999999,0.4499999999999999,0.6,0.0999999999999999,0.4499999999999999,0.1999999999999999,0.7,0.5,"8a7558244087fff,8a75582440a7fff,8a755824418ffff,8a755824409ffff,8a7558244737fff,8a755824446ffff,8a75582447a7fff,8a75582447affff,8a7558244637fff,8a7558244617fff,8a755824461ffff,8a755824468ffff,8a75582446d7fff,8a7558240d27fff,8a7558240d77fff,8a7558240d67fff,8a7558244687fff,8a75582446a7fff,8a755824478ffff,8a7558244787fff",1
-174897323#1,-1157449877,0.5,0.5,0.5,0.5,0.25,0.5,0.55,0.55,0.55,0.55,0.55,0.35,0.75,0.4499999999999999,0.65,0.65,0.4499999999999999,0.0999999999999999,0.65,0.4499999999999999,0.4,0.4,0.3,"8a7558244087fff,8a75582440a7fff,8a755824418ffff,8a755824409ffff,8a7558244707fff,8a7558244717fff,8a755824471ffff,8a7558244637fff,8a75582447affff,8a75582447a7fff,8a7558244787fff,8a75582446b7fff,8a755824469ffff,8a7558240d27fff,8a7558244687fff,8a75582446a7fff,8a755824478ffff",2
-174897323#1,-1157449877,0.4,0.4,0.25,0.75,0.75,0.25,0.55,0.55,0.55,0.55,0.55,0.9,0.2,0.4499999999999999,0.0,0.0,0.4499999999999999,0.4,0.0,0.4499999999999999,0.3,0.6,0.6,"8a7558244087fff,8a75582440a7fff,8a755824418ffff,8a755824409ffff,8a7558244707fff,8a7558244717fff,8a755824471ffff,8a7558244637fff,8a7558244617fff,8a755824461ffff,8a755824468ffff,8a75582446dffff,8a75582446c7fff,8a7558240d67fff,8a7558240d77fff,8a7558240d27fff,8a7558244687fff,8a75582446a7fff,8a755824478ffff,8a7558244787fff",1
-174897323#1,-1157449877,0.7,0.7,0.7,0.3,0.25,0.7,0.55,0.55,0.55,0.55,0.55,0.35,0.75,0.4499999999999999,0.65,0.65,0.4499999999999999,0.5,0.65,0.4499999999999999,0.6,0.3,0.1999999999999999,"8a7558244087fff,8a75582440a7fff,8a755824418ffff,8a755824409ffff,8a7558244737fff,8a755824446ffff,8a7558244467fff,8a7558244477fff,8a75582447b7fff,8a75582447a7fff,8a75582447affff,8a755824478ffff,8a7558244787fff",3
-174897323#1,-1157449877,0.0,0.0,0.25,0.75,0.75,0.25,0.55,0.55,0.55,0.55,0.55,1.0,0.1,0.4499999999999999,0.3,0.3,0.4499999999999999,0.0,0.3,0.4499999999999999,0.0,0.0,0.7,"8a7558244087fff,8a75582440a7fff,8a755824418ffff,8a755824409ffff,8a7558244097fff,8a7558244467fff,8a7558244477fff,8a75582447b7fff,8a75582447a7fff,8a7558244787fff,8a75582446b7fff,8a755824469ffff,8a7558240d27fff,8a7558240d77fff,8a7558240d57fff,8a7558240d67fff,8a7558240d47fff,8a7558240997fff,8a75582446cffff,8a755824460ffff,8a755824461ffff,8a7558244617fff,8a7558244637fff,8a75582447affff,8a755824478ffff",1
-174897323#1,-1157449877,0.6,0.6,0.25,0.75,0.75,0.25,0.55,0.55,0.55,0.55,0.55,0.35,0.75,0.4499999999999999,0.65,0.65,0.4499999999999999,0.3,0.65,0.4499999999999999,0.7,0.1999999999999999,0.8,"8a75582440a7fff,8a7558244087fff,8a755824409ffff,8a7558244097fff,8a7558244467fff,8a755824446ffff,8a75582447a7fff,8a7558244797fff,8a7558244787fff,8a75582446b7fff,8a755824469ffff,8a7558240d27fff,8a7558244687fff,8a75582446a7fff,8a755824478ffff",2
174375408#1,57680152#2,0.8,0.6,1.0,0.6,0.7,0.6,0.6,0.6,0.6,0.4,0.6,0.5,0.8,0.6,0.6,0.6,0.4,0.1999999999999999,0.6,0.6,0.6,0.0,0.1999999999999999,"8a755824664ffff,8a7558246647fff,8a755824665ffff,8a75582466effff,8a75582466c7fff,8a75582466f7fff,8a75582466affff,8a7558246687fff,8a7558246697fff,8a75582466b7fff,8a755824679ffff,8a7558246797fff,8a75582467b7fff,8a7558246787fff,8a75582467affff,8a755824662ffff,8a7558246297fff",2
174375408#1,57680152#2,0.0,0.0,0.2,0.1999999999999999,0.0999999999999999,0.2,0.6,0.6,0.8,0.8,0.6,0.5,0.6,0.1999999999999999,0.1999999999999999,0.4,0.6,0.4,0.1999999999999999,0.1999999999999999,0.0,0.6,0.8,"8a755824664ffff,8a7558246647fff,8a755824665ffff,8a75582466effff,8a75582466c7fff,8a75582466f7fff,8a75582466affff,8a7558246687fff,8a7558246697fff,8a7558255a67fff,8a7558255b4ffff,8a7558255b5ffff,8a7558255b47fff,8a7558255b77fff,8a7558255b2ffff,8a7558255b07fff,8a755824648ffff,8a75582464f7fff,8a75582464c7fff,8a75582464cffff,8a7558246797fff,8a75582467b7fff,8a7558246787fff,8a75582467affff,8a755824662ffff,8a7558246297fff",1
174375408#1,57680152#2,0.6,0.8,0.6,0.4,0.4,0.8,0.6,0.6,0.4,0.6,0.6,1.0,0.4,0.4,0.4,0.1999999999999999,0.1999999999999999,0.0,0.4,0.6,0.8,0.4,0.0,"8a755824664ffff,8a7558246647fff,8a755824665ffff,8a75582466effff,8a75582466c7fff,8a75582466f7fff,8a75582466affff,8a7558246687fff,8a75582466a7fff,8a755824678ffff,8a755824679ffff,8a7558246797fff,8a75582467b7fff,8a7558246787fff,8a75582467affff,8a755824662ffff,8a7558246297fff",0
174375408#1,57680152#2,0.1999999999999999,0.4,0.4,0.0,0.0999999999999999,1.0,0.6,0.6,0.2,1.0,0.6,0.5,1.0,0.0,0.0,0.0,0.8,0.8,0.0,0.0,0.4,0.8,0.4,"8a755824664ffff,8a7558246647fff,8a755824665ffff,8a75582466effff,8a75582466c7fff,8a75582466f7fff,8a75582466affff,8a7558246687fff,8a7558246697fff,8a7558255a67fff,8a7558255a77fff,8a7558255b5ffff,8a7558255b4ffff,8a75582466b7fff,8a755824679ffff,8a7558246797fff,8a75582467b7fff,8a7558246787fff,8a75582467affff,8a755824662ffff,8a7558246297fff",1
174375408#1,57680152#2,0.4,0.1999999999999999,0.8,0.8,0.7,0.4,0.6,0.6,1.0,0.2,0.6,0.5,0.2,0.8,0.8,0.8,0.0,0.6,0.8,0.6,0.1999999999999999,0.1999999999999999,0.6,"8a755824664ffff,8a7558246647fff,8a755824665ffff,8a75582466effff,8a75582466c7fff,8a75582466f7fff,8a75582466affff,8a7558246687fff,8a7558246697fff,8a7558255b4ffff,8a7558255b5ffff,8a7558255b47fff,8a7558255b77fff,8a7558255b2ffff,8a7558255b07fff,8a755824648ffff,8a75582464f7fff,8a75582464c7fff,8a75582464cffff,8a7558246797fff,8a75582467b7fff,8a7558246787fff,8a75582467affff,8a755824662ffff,8a7558246297fff",4
1020078546#2,-41273141#1,0.8,0.8,0.4,0.6,0.6,0.4,0.6,0.6,0.6,0.6,0.6,0.6,0.6,0.4,0.4,0.4,0.4,0.8,0.4,0.4,0.8,0.8,0.0,"8a7558244087fff,8a75582440affff",2
1020078546#2,-41273141#1,0.0,0.0,0.8,0.1999999999999999,0.0999999999999999,0.8,0.6,0.6,0.6,0.6,0.6,0.6,0.6,0.4,0.4,0.4,0.4,0.0,0.4,0.4,0.0,0.0,0.4,"8a7558244087fff,8a755824409ffff,8a7558244737fff,8a755824446ffff,8a75582447a7fff,8a75582447affff,8a7558244637fff,8a7558244617fff,8a755824461ffff,8a755824468ffff,8a75582446dffff,8a75582446c7fff,8a755824460ffff,8a7558244627fff,8a755824471ffff,8a7558244707fff,8a755824408ffff,8a75582440affff",1
1020078546#2,-41273141#1,0.4,0.4,0.4,0.6,0.6,0.4,0.6,0.6,0.6,0.6,0.6,0.6,0.6,0.4,0.4,0.4,0.4,0.4,0.4,0.4,0.4,0.6,0.6,"8a7558244087fff,8a755824409ffff,8a7558244707fff,8a7558244717fff,8a755824471ffff,8a755824408ffff,8a75582440affff",2
1020078546#2,-41273141#1,0.1999999999999999,0.1999999999999999,1.0,0.0,0.0999999999999999,1.0,0.6,0.6,0.6,0.6,0.6,0.6,0.6,0.4,0.4,0.4,0.4,0.1999999999999999,0.4,0.4,0.1999999999999999,0.4,0.1999999999999999,"8a7558244087fff,8a755824409ffff,8a7558244737fff,8a755824446ffff,8a75582447a7fff,8a75582447affff,8a7558244637fff,8a755824471ffff,8a7558244627fff,8a7558244707fff,8a755824408ffff,8a75582440affff",3
1020078546#2,-41273141#1,0.6,0.6,0.4,0.6,0.6,0.4,0.6,0.6,0.6,0.6,0.6,0.6,0.6,0.4,0.4,0.4,0.4,0.6,0.4,0.4,0.6,0.1999999999999999,0.8,"8a7558244087fff,8a755824409ffff,8a7558244707fff,8a7558244717fff,8a755824471ffff,8a755824408ffff,8a75582440affff",2
-41273141#1,-41231515#0,0.9,0.9,0.25,0.85,0.7,0.3,0.55,0.55,0.55,0.55,0.55,0.45,0.65,0.4499999999999999,0.55,0.55,0.4499999999999999,0.9,0.55,0.4499999999999999,0.9,0.7,0.5,"8a75582440affff,8a7558244087fff,8a755824409ffff,8a7558244737fff,8a755824446ffff,8a75582447a7fff,8a7558244787fff",2
-41273141#1,-41231515#0,0.4,0.4,0.9,0.0999999999999999,0.1999999999999999,0.9,0.55,0.55,0.55,0.55,0.55,0.45,0.65,0.4499999999999999,0.55,0.55,0.4499999999999999,0.7,0.55,0.4499999999999999,0.1999999999999999,0.8,0.3,"8a75582440affff,8a7558244017fff,8a75582441affff,8a755824418ffff,8a75582440a7fff,8a7558244087fff,8a755824409ffff,8a7558244707fff,8a7558244717fff,8a755824471ffff,8a7558244637fff,8a75582447affff,8a755824478ffff,8a75582446a7fff,8a7558244687fff,8a75582446b7fff,8a7558244787fff,8a75582447a7fff",3
-41273141#1,-41231515#0,0.6,0.6,0.25,0.85,0.7,0.3,0.55,0.55,0.55,0.55,0.55,0.45,0.65,0.4499999999999999,0.55,0.55,0.4499999999999999,0.1999999999999999,0.55,0.4499999999999999,0.3,0.0,0.8,"8a75582440affff,8a7558244017fff,8a755824418ffff,8a7558244087fff,8a755824409ffff,8a755824446ffff,8a7558244467fff,8a7558244477fff,8a75582447b7fff,8a75582447a7fff,8a7558244797fff,8a7558244787fff",2
-41273141#1,-41231515#0,0.0,0.0,0.8,0.1999999999999999,0.1999999999999999,0.8,0.55,0.55,0.55,0.55,0.55,0.9,0.2,0.4499999999999999,0.0999999999999999,0.0999999999999999,0.4499999999999999,0.6,0.0999999999999999,0.4499999999999999,0.0,0.1999999999999999,0.4,"8a75582440affff,8a7558244017fff,8a755824418ffff,8a75582440a7fff,8a7558244087fff,8a755824409ffff,8a7558244737fff,8a755824446ffff,8a75582447a7fff,8a75582447affff,8a7558244637fff,8a755824471ffff,8a7558244627fff,8a755824460ffff,8a755824461ffff,8a75582446c7fff,8a7558240d67fff,8a7558240d77fff,8a7558240d27fff,8a7558244687fff,8a75582446b7fff,8a7558244787fff",1
-41273141#1,-41231515#0,0.1999999999999999,0.1999999999999999,0.5,0.5,0.7,0.3,0.55,0.55,0.55,0.55,0.55,0.45,0.65,0.4499999999999999,0.55,0.55,0.4499999999999999,0.0,0.55,0.4499999999999999,0.5,0.3,0.0999999999999999,"8a75582440affff,8a7558244087fff,8a755824409ffff,8a7558244707fff,8a7558244717fff,8a755824471ffff,8a7558244637fff,8a75582447affff,8a75582447a7fff,8a755824446ffff,8a7558244737fff,8a7558244097fff,8a7558244467fff,8a7558244477fff,8a75582447b7fff,8a7558244787fff",4
-41273141#1,-41231515#0,0.8,0.8,1.0,0.0,0.1999999999999999,1.0,0.55,0.55,0.55,0.55,0.55,0.45,0.65,0.4499999999999999,0.55,0.55,0.4499999999999999,0.8,0.55,0.4499999999999999,0.7,0.9,0.0,"8a75582440affff,8a7558244087fff,8a755824409ffff,8a755824446ffff,8a75582447a7fff,8a75582447affff,8a755824478ffff,8a75582446a7fff,8a7558244687fff,8a75582446b7fff,8a7558244787fff",3
-41273141#1,-41231515#0,0.7,0.7,0.7,0.3,0.1999999999999999,0.6,0.55,0.55,0.55,0.55,0.55,0.45,0.65,0.4499999999999999,0.55,0.55,0.4499999999999999,0.3,0.55,0.4499999999999999,0.8,0.5,0.6,"8a75582440affff,8a7558244017fff,8a75582441affff,8a755824418ffff,8a75582440a7fff,8a7558244087fff,8a755824409ffff,8a7558244097fff,8a7558244467fff,8a755824446ffff,8a75582447a7fff,8a7558244787fff",3
-41273141#1,-41231515#0,0.0999999999999999,0.0999999999999999,0.6,0.4,0.1999999999999999,0.7,0.55,0.55,0.55,0.55,0.55,1.0,0.1,0.4499999999999999,0.0,0.0,0.4499999999999999,0.4,0.0,0.4499999999999999,0.0999999999999999,0.4,0.7,"8a75582440affff,8a7558244087fff,8a755824409ffff,8a7558244707fff,8a7558244717fff,8a755824471ffff,8a7558244627fff,8a755824460ffff,8a755824461ffff,8a755824468ffff,8a75582446dffff,8a75582446c7fff,8a7558240d67fff,8a7558240d77fff,8a7558240d27fff,8a7558244687fff,8a75582446b7fff,8a7558244787fff,8a75582447a7fff",1
-41273141#1,-41231515#0,0.3,0.3,0.1,0.6,0.7,0.3,0.55,0.55,0.55,0.55,0.55,0.45,0.65,0.4499999999999999,0.55,0.55,0.4499999999999999,0.0999999999999999,0.55,0.4499999999999999,0.4,0.0999999999999999,0.9,"8a75582440affff,8a7558244017fff,8a75582441affff,8a755824418ffff,8a75582440a7fff,8a7558244087fff,8a755824409ffff,8a7558244737fff,8a755824446ffff,8a7558244097fff,8a7558244467fff,8a7558244477fff,8a75582447b7fff,8a75582447a7fff,8a7558244787fff",4
-41273141#1,-41231515#0,0.5,0.5,0.4,0.7,0.7,0.3,0.55,0.55,0.55,0.55,0.55,0.45,0.65,0.4499999999999999,0.55,0.55,0.4499999999999999,0.5,0.55,0.4499999999999999,0.6,0.6,0.1999999999999999,"8a75582440affff,8a7558244017fff,8a755824418ffff,8a7558244087fff,8a755824409ffff,8a7558244707fff,8a7558244717fff,8a755824471ffff,8a7558244637fff,8a75582447affff,8a7558244737fff,8a755824446ffff,8a75582447a7fff,8a7558244787fff",2
79119287#1,-41273141#1,0.9,0.9,0.15,0.85,0.7,0.3,0.55,0.55,0.55,0.5,0.55,0.35,0.75,0.4499999999999999,0.65,0.65,0.4499999999999999,0.9,0.65,0.4499999999999999,0.9,0.0999999999999999,0.6,"8a7558240997fff,8a75582446cffff,8a755824460ffff,8a7558244627fff,8a755824471ffff,8a7558244707fff,8a755824408ffff,8a75582440affff",2
79119287#1,-41273141#1,0.0,0.0,1.0,0.0,0.0,1.0,0.55,0.55,0.55,1.0,0.55,1.0,0.1,0.4499999999999999,0.0,0.0,0.4499999999999999,0.5,0.0,0.4499999999999999,0.0,0.3,0.3,"8a7558240997fff,8a75582446cffff,8a755824460ffff,8a755824461ffff,8a75582446c7fff,8a7558240d67fff,8a7558240d77fff,8a7558240d57fff,8a7558240d47fff,8a7558240c67fff,8a7558240c07fff,8a7558240c37fff,8a7558240c27fff,8a7558240d1ffff,8a7558240daffff,8a7558240da7fff,8a7558246a5ffff,8a7558246a4ffff,8a7558240d37fff,8a755824469ffff,8a7558240d27fff,8a7558244687fff,8a75582446b7fff,8a7558244787fff,8a75582447a7fff,8a75582447b7fff,8a7558244467fff,8a7558244097fff,8a755824409ffff,8a7558244087fff,8a75582440affff",1
79119287#1,-41273141#1,0.7,0.7,0.45,0.5,0.7,0.3,0.55,0.55,0.55,0.5,0.55,0.35,0.75,0.4499999999999999,0.65,0.65,0.4499999999999999,0.1999999999999999,0.65,0.4499999999999999,0.7,0.9,0.0999999999999999,"8a7558240997fff,8a75582446cffff,8a75582446c7fff,8a75582446e7fff,8a755824461ffff,8a7558244617fff,8a7558244637fff,8a75582447affff,8a75582447a7fff,8a755824446ffff,8a7558244737fff,8a755824409ffff,8a7558244087fff,8a75582440affff",2
79119287#1,-41273141#1,0.0999999999999999,0.0999999999999999,0.9,0.0999999999999999,0.25,0.6,0.55,0.55,0.55,0.5,0.55,0.7,0.4,0.4499999999999999,0.3,0.3,0.4499999999999999,0.7,0.3,0.4499999999999999,0.0999999999999999,0.1999999999999999,0.7,"8a7558240997fff,8a75582446cffff,8a755824460ffff,8a755824461ffff,8a75582446c7fff,8a7558240d67fff,8a7558240d77fff,8a7558240d27fff,8a755824469ffff,8a75582446b7fff,8a7558244787fff,8a7558244797fff,8a75582447a7fff,8a75582447affff,8a7558244737fff,8a755824409ffff,8a7558244707fff,8a7558244717fff,8a755824471ffff,8a755824408ffff,8a75582440affff",1
79119287#1,-41273141#1,0.5,0.5,0.7,0.3,0.25,0.9,0.55,0.55,0.55,0.5,0.55,0.35,0.75,0.4499999999999999,0.65,0.65,0.4499999999999999,0.4,0.65,0.4499999999999999,0.5,0.6,0.4,"8a7558240997fff,8a75582446cffff,8a755824460ffff,8a7558244627fff,8a755824471ffff,8a7558244637fff,8a75582447affff,8a755824478ffff,8a75582446a7fff,8a7558244687fff,8a75582446b7fff,8a7558244787fff,8a7558244797fff,8a75582447a7fff,8a755824446ffff,8a7558244737fff,8a755824409ffff,8a7558244087fff,8a75582440affff",3
79119287#1,-41273141#1,0.8,0.8,0.3,0.7,0.7,0.3,0.55,0.55,0.55,0.5,0.55,0.35,0.75,0.4499999999999999,0.65,0.65,0.4499999999999999,0.6,0.65,0.4499999999999999,0.8,0.5,0.0,"8a7558240997fff,8a75582446cffff,8a755824460ffff,8a755824461ffff,8a7558244617fff,8a7558244637fff,8a755824471ffff,8a7558244627fff,8a7558244717fff,8a7558244707fff,8a755824409ffff,8a7558244087fff,8a75582440affff",2
79119287#1,-41273141#1,0.1999999999999999,0.1999999999999999,0.8,0.1999999999999999,0.25,0.7,0.55,0.55,0.55,0.5,0.55,0.8,0.3,0.4499999999999999,0.1999999999999999,0.1999999999999999,0.4499999999999999,0.0999999999999999,0.1999999999999999,0.4499999999999999,0.1999999999999999,0.4,0.9,"8a7558240997fff,8a75582446cffff,8a75582446c7fff,8a75582446e7fff,8a755824461ffff,8a7558240d67fff,8a7558240d77fff,8a7558240d27fff,8a7558244687fff,8a75582446b7fff,8a7558244787fff,8a7558244797fff,8a75582447a7fff,8a75582447b7fff,8a7558244467fff,8a755824446ffff,8a755824409ffff,8a7558244087fff,8a75582440affff",1
79119287#1,-41273141#1,0.3,0.3,0.6,0.4,0.25,0.8,0.55,0.55,0.55,0.5,0.55,0.35,0.75,0.4499999999999999,0.65,0.65,0.4499999999999999,0.3,0.65,0.4499999999999999,0.3,0.7,0.5,"8a7558240997fff,8a75582446cffff,8a75582446c7fff,8a75582446e7fff,8a755824461ffff,8a7558244617fff,8a7558244637fff,8a75582447affff,8a755824478ffff,8a75582446a7fff,8a7558244687fff,8a75582446b7fff,8a7558244787fff,8a7558244797fff,8a75582447a7fff,8a7558244467fff,8a7558244097fff,8a755824409ffff,8a7558244707fff,8a7558244717fff,8a755824471ffff,8a755824408ffff,8a75582440affff",3
79119287#1,-41273141#1,0.6,0.6,0.45,0.6,0.7,0.3,0.55,0.55,0.55,0.5,0.55,0.35,0.75,0.4499999999999999,0.65,0.65,0.4499999999999999,0.0,0.65,0.4499999999999999,0.6,0.8,0.1999999999999999,"8a7558240997fff,8a75582446cffff,8a75582446c7fff,8a75582446e7fff,8a755824461ffff,8a755824460ffff,8a7558244627fff,8a755824471ffff,8a7558244637fff,8a75582447affff,8a7558244737fff,8a755824409ffff,8a7558244707fff,8a7558244717fff,8a755824408ffff,8a75582440affff",2
79119287#1,-41273141#1,0.4,0.4,0.15,0.85,0.7,0.3,0.55,0.55,0.55,0.5,0.55,0.9,0.2,0.4499999999999999,0.0999999999999999,0.0999999999999999,0.4499999999999999,0.8,0.0999999999999999,0.4499999999999999,0.4,0.0,0.8,"8a7558240997fff,8a75582446cffff,8a755824460ffff,8a755824461ffff,8a75582446c7fff,8a7558240d67fff,8a7558240d77fff,8a7558240d27fff,8a7558244687fff,8a75582446a7fff,8a755824478ffff,8a75582447affff,8a7558244737fff,8a755824409ffff,8a7558244087fff,8a75582440affff",1
-22561652#3,-41231513#2,0.9,0.9,1.0,0.5,0.7,0.5,0.55,0.55,0.7,1.0,0.2,0.4,0.6,0.1999999999999999,0.3,0.0,0.7,0.9,0.0,0.0,0.9,0.8,0.0999999999999999,"8a75582466c7fff,8a75582466effff,8a755824665ffff,8a755824664ffff,8a7558242937fff,8a7558242927fff,8a75582462d7fff,8a75582462c7fff,8a75582462e7fff,8a7558246277fff,8a755824634ffff,8a7558240cb7fff,8a7558240c17fff,8a7558240c37fff,8a7558240c27fff,8a7558240d57fff,8a7558240d77fff,8a7558240d67fff,8a75582446c7fff,8a755824461ffff,8a755824460ffff,8a7558244627fff,8a755824471ffff,8a7558244717fff",0
-22561652#3,-41231513#2,0.0,0.0,0.1,0.0999999999999999,0.05,0.7,0.55,0.55,0.5,0.5,0.6,0.6,0.5,0.3,0.0,0.4,0.4,0.4,0.1999999999999999,0.5,0.0,0.4,0.6,"8a75582466effff,8a75582466c7fff,8a75582466f7fff,8a75582466affff,8a7558246687fff,8a7558246697fff,8a7558255a67fff,8a7558255a77fff,8a7558255aa7fff,8a755825516ffff,8a7558255a37fff,8a7558255b57fff,8a7558255b5ffff,8a7558255b4ffff,8a75582466b7fff,8a755824679ffff,8a7558246797fff,8a75582464cffff,8a75582464c7fff,8a75582464f7fff,8a75582464affff,8a7558255967fff,8a75582732f7fff,8a755827338ffff,8a75582733affff,8a7558273337fff,8a7558273327fff,8a7558246d37fff,8a7558246d27fff,8a75582712e7fff,8a7558271257fff,8a7558244c87fff,8a7558244c27fff,8a75582440c7fff,8a7558244767fff,8a7558244627fff,8a755824471ffff,8a7558244717fff",1
-22561652#3,-41231513#2,0.3,0.1999999999999999,0.7,0.3,0.35,1.0,0.55,0.55,1.0,0.2,0.8,0.8,0.1,0.9,0.6,0.9,0.0999999999999999,0.1999999999999999,0.8,0.7,0.1999999999999999,0.0,0.9,"8a75582466effff,8a75582466c7fff,8a75582466f7fff,8a75582466affff,8a7558246687fff,8a7558246697fff,8a7558255b4ffff,8a7558255b5ffff,8a7558255b47fff,8a7558255b77fff,8a7558255b2ffff,8a7558255b07fff,8a7558255867fff,8a755825595ffff,8a7558255937fff,8a7558273667fff,8a7558273767fff,8a75582730d7fff,8a75582733b7fff,8a755827305ffff,8a7558273337fff,8a7558273a87fff,8a7558273aaffff,8a7558273a0ffff,8a7558246d27fff,8a75582712e7fff,8a7558271257fff,8a7558244c87fff,8a7558244c27fff,8a75582440c7fff,8a7558244767fff,8a7558244627fff,8a755824471ffff,8a7558244717fff",3
-22561652#3,-41231513#2,0.5,0.5,0.6,0.8,0.7,0.1,0.55,0.55,0.1,0.6,0.4,0.2,1.0,0.7,0.8,0.3,0.7,0.5,0.5,0.4,0.5,0.7,0.3,"8a75582466c7fff,8a75582466effff,8a755824665ffff,8a755824664ffff,8a7558242937fff,8a7558242927fff,8a75582462d7fff,8a75582462c7fff,8a75582462e7fff,8a7558246277fff,8a755824634ffff,8a7558240cb7fff,8a7558240c17fff,8a7558240c37fff,8a7558240c27fff,8a7558240d1ffff,8a7558240daffff,8a7558240da7fff,8a7558246a5ffff,8a7558246a4ffff,8a7558246a67fff,8a755824469ffff,8a7558240d27fff,8a7558244687fff,8a75582446b7fff,8a7558244787fff,8a75582447a7fff,8a75582447b7fff,8a7558244467fff,8a7558244097fff,8a755824409ffff,8a755824446ffff,8a7558244737fff,8a7558244707fff,8a7558244717fff,8a755824471ffff",2
-22561652#3,-41231513#2,0.0999999999999999,0.3,0.5,0.0,0.05,0.8,0.55,0.55,0.8,0.4,0.9,0.9,0.3,0.0,0.0999999999999999,0.6,0.0,0.0999999999999999,0.4,0.6,0.3,0.0999999999999999,0.8,"8a75582466effff,8a75582466c7fff,8a75582466f7fff,8a75582466affff,8a7558246687fff,8a7558246697fff,8a7558255a67fff,8a7558255b4ffff,8a7558255b5ffff,8a7558255b47fff,8a7558255b77fff,8a7558255b2ffff,8a7558255b07fff,8a755824648ffff,8a75582464f7fff,8a75582464affff,8a7558255967fff,8a75582732f7fff,8a755827338ffff,8a75582733affff,8a7558273337fff,8a7558273a87fff,8a7558273aaffff,8a7558273a0ffff,8a7558246d27fff,8a75582712e7fff,8a7558271257fff,8a7558244c87fff,8a7558244c27fff,8a75582440c7fff,8a7558244767fff,8a7558244627fff,8a755824471ffff,8a7558244717fff",1
-22561652#3,-41231513#2,0.7,0.6,0.4,0.9,0.7,0.3,0.55,0.55,0.2,0.8,0.2,0.2,0.9,0.6,0.9,0.8,0.7,0.6,0.9,0.3,0.7,0.9,0.0,"8a75582466c7fff,8a75582466effff,8a755824665ffff,8a755824664ffff,8a7558242937fff,8a7558242927fff,8a75582462d7fff,8a75582462c7fff,8a75582462e7fff,8a7558246277fff,8a755824634ffff,8a7558240cb7fff,8a7558240c17fff,8a7558240c37fff,8a7558240c27fff,8a7558240d1ffff,8a7558240daffff,8a7558240da7fff,8a7558246a5ffff,8a7558246a4ffff,8a7558246a6ffff,8a755824469ffff,8a75582446b7fff,8a7558244787fff,8a75582447a7fff,8a7558244467fff,8a7558244097fff,8a755824409ffff,8a7558244737fff,8a755824446ffff,8a75582447affff,8a7558244637fff,8a755824471ffff,8a7558244627fff,8a7558244717fff",2
-22561652#3,-41231513#2,0.4,0.4,0.3,0.1999999999999999,0.1999999999999999,0.9,0.55,0.55,0.4,0.2,1.0,1.0,0.4,0.8,0.4,0.5,0.1999999999999999,0.0,0.7,0.9,0.4,0.3,0.5,"8a75582466effff,8a75582466c7fff,8a75582466f7fff,8a75582466affff,8a7558246687fff,8a75582466a7fff,8a755824678ffff,8a755824679ffff,8a7558246797fff,8a75582464cffff,8a75582464c7fff,8a75582464f7fff,8a75582464affff,8a7558255967fff,8a75582732f7fff,8a755827338ffff,8a75582733affff,8a7558273337fff,8a7558273a87fff,8a7558273aaffff,8a7558273a0ffff,8a7558246d27fff,8a75582712e7fff,8a7558271257fff,8a7558244c87fff,8a7558244c27fff,8a75582440c7fff,8a7558244767fff,8a7558244627fff,8a755824471ffff,8a7558244717fff",3
-22561652#3,-41231513#2,0.8,0.8,0.9,0.6,0.7,0.4,0.55,0.55,0.6,0.9,0.2,0.5,0.7,0.4,0.5,0.0999999999999999,0.7,0.8,0.0999999999999999,0.0999999999999999,0.8,0.6,0.1999999999999999,"8a75582466c7fff,8a75582466effff,8a755824665ffff,8a755824664ffff,8a7558242937fff,8a7558242927fff,8a75582462d7fff,8a75582462c7fff,8a75582462e7fff,8a7558246277fff,8a755824634ffff,8a7558240cb7fff,8a7558240c17fff,8a7558240c37fff,8a7558240c27fff,8a7558240d57fff,8a7558240d77fff,8a7558240d27fff,8a755824469ffff,8a75582446b7fff,8a7558244787fff,8a7558244797fff,8a75582447a7fff,8a755824446ffff,8a755824409ffff,8a7558244707fff,8a7558244717fff,8a755824471ffff",0
-22561652#3,-41231513#2,0.1999999999999999,0.0999999999999999,0.2,0.4,0.35,0.6,0.55,0.55,0.9,0.2,0.7,0.7,0.2,0.0999999999999999,0.1999999999999999,0.7,0.3,0.3,0.6,0.8,0.0999999999999999,0.1999999999999999,0.7,"8a75582466effff,8a75582466c7fff,8a75582466f7fff,8a75582466affff,8a7558246687fff,8a7558246697fff,8a75582466b7fff,8a755824679ffff,8a7558246797fff,8a75582464cffff,8a75582464c7fff,8a75582464f7fff,8a755824648ffff,8a7558255b07fff,8a7558255867fff,8a755825595ffff,8a7558255937fff,8a7558273667fff,8a7558273767fff,8a75582730d7fff,8a75582733b7fff,8a755827305ffff,8a7558273337fff,8a7558273327fff,8a7558246d37fff,8a7558246d27fff,8a75582712e7fff,8a7558271257fff,8a7558244c87fff,8a7558244c27fff,8a75582440c7fff,8a7558244767fff,8a7558244627fff,8a755824471ffff,8a7558244717fff",4
-22561652#3,-41231513#2,0.6,0.7,0.8,0.7,0.7,0.2,0.55,0.55,0.3,0.7,0.5,0.2,0.8,0.5,0.7,0.1999999999999999,0.7,0.7,0.3,0.1999999999999999,0.6,0.5,0.4,"8a75582466c7fff,8a75582466effff,8a755824665ffff,8a755824664ffff,8a7558242937fff,8a7558242927fff,8a75582462d7fff,8a75582462c7fff,8a75582462e7fff,8a7558246277fff,8a755824634ffff,8a7558240cb7fff,8a7558240c17fff,8a7558240c37fff,8a7558240c27fff,8a7558240d1ffff,8a7558240daffff,8a7558240da7fff,8a7558246a5ffff,8a7558246a4ffff,8a7558240d37fff,8a755824469ffff,8a75582446b7fff,8a7558244787fff,8a7558244797fff,8a75582447a7fff,8a7558244467fff,8a755824446ffff,8a75582447affff,8a7558244737fff,8a755824409ffff,8a7558244707fff,8a7558244717fff,8a755824471ffff",2
79119287#2,-561134628#0,0.9,0.9,0.25,0.85,0.7,0.3,0.55,0.55,0.55,0.55,0.55,1.0,0.1,0.4499999999999999,0.0,0.0,0.4499999999999999,0.9,0.0,0.4499999999999999,0.9,0.0,0.9,"8a75582446cffff,8a755824460ffff,8a755824461ffff,8a75582446c7fff,8a7558240d67fff,8a7558240d77fff,8a7558240d57fff,8a7558240d47fff",0
79119287#2,-561134628#0,0.0,0.0,0.45,0.7,0.7,0.3,0.55,0.55,0.55,0.55,0.55,0.1,1.0,0.4499999999999999,0.9,0.9,0.4499999999999999,0.0,0.9,0.4499999999999999,0.0,0.3,0.8,"8a75582446cffff,8a755824460ffff,8a7558244627fff,8a755824471ffff,8a7558244707fff,8a7558244717fff,8a755824409ffff,8a7558244737fff,8a755824446ffff,8a7558244097fff,8a7558244467fff,8a7558244477fff,8a75582447b7fff,8a75582447a7fff,8a7558244787fff,8a75582446b7fff,8a755824469ffff,8a7558240d27fff,8a7558240d77fff,8a7558240d57fff,8a7558240d47fff",4
79119287#2,-561134628#0,0.4,0.4,1.0,0.0,0.1999999999999999,1.0,0.55,0.55,0.55,0.55,0.55,0.5,0.6,0.4499999999999999,0.6,0.6,0.4499999999999999,0.4,0.6,0.4499999999999999,0.4,0.7,0.3,"8a75582446cffff,8a755824460ffff,8a755824461ffff,8a7558244617fff,8a7558244637fff,8a75582447affff,8a755824478ffff,8a75582446a7fff,8a7558244687fff,8a75582446b7fff,8a755824469ffff,8a7558240d27fff,8a7558240d77fff,8a7558240d57fff,8a7558240d47fff",3
79119287#2,-561134628#0,0.7,0.7,0.45,0.6,0.7,0.3,0.55,0.55,0.55,0.55,0.55,0.8,0.3,0.4499999999999999,0.3,0.3,0.4499999999999999,0.7,0.3,0.4499999999999999,0.7,0.8,0.0,"8a75582446cffff,8a755824460ffff,8a7558244627fff,8a755824471ffff,8a7558244637fff,8a7558244617fff,8a755824461ffff,8a755824468ffff,8a75582446d7fff,8a7558240d27fff,8a7558240d77fff,8a7558240d67fff,8a7558240d57fff,8a7558240d47fff",0
79119287#2,-561134628#0,0.1999999999999999,0.1999999999999999,0.6,0.4,0.1999999999999999,0.8,0.55,0.55,0.55,0.55,0.55,0.3,0.8,0.4499999999999999,0.1999999999999999,0.1999999999999999,0.4499999999999999,0.1999999999999999,0.1999999999999999,0.4499999999999999,0.1999999999999999,0.9,0.0999999999999999,"8a75582446cffff,8a755824460ffff,8a755824461ffff,8a755824468ffff,8a75582446dffff,8a75582446c7fff,8a7558240d67fff,8a7558240d77fff,8a7558240d27fff,8a755824469ffff,8a7558246a6ffff,8a7558246a4ffff,8a7558246a5ffff,8a7558240da7fff,8a7558240daffff,8a7558240d1ffff,8a7558240c27fff,8a7558240d57fff,8a7558240d47fff",1
79119287#2,-561134628#0,0.3,0.3,0.8,0.1999999999999999,0.1999999999999999,0.7,0.55,0.55,0.55,0.55,0.55,0.4,0.7,0.4499999999999999,0.7,0.7,0.4499999999999999,0.3,0.7,0.4499999999999999,0.3,0.0999999999999999,0.5,"8a75582446cffff,8a755824460ffff,8a7558244627fff,8a755824471ffff,8a7558244637fff,8a75582447affff,8a7558244737fff,8a755824446ffff,8a75582447a7fff,8a7558244787fff,8a75582446b7fff,8a755824469ffff,8a7558240d27fff,8a7558240d77fff,8a7558240d57fff,8a7558240d47fff",3
79119287#2,-561134628#0,0.8,0.8,0.25,0.85,0.7,0.3,0.55,0.55,0.55,0.55,0.55,0.9,0.2,0.4499999999999999,0.0999999999999999,0.0999999999999999,0.4499999999999999,0.8,0.0999999999999999,0.4499999999999999,0.8,0.1999999999999999,0.4,"8a75582446cffff,8a755824460ffff,8a755824461ffff,8a755824468ffff,8a75582446d7fff,8a7558240d27fff,8a7558240d77fff,8a7558240d67fff,8a7558240d57fff,8a7558240d47fff",0
79119287#2,-561134628#0,0.5,0.5,0.9,0.0999999999999999,0.1999999999999999,0.9,0.55,0.55,0.55,0.55,0.55,0.6,0.5,0.4499999999999999,0.5,0.5,0.4499999999999999,0.5,0.5,0.4499999999999999,0.5,0.5,0.1999999999999999,"8a75582446cffff,8a755824460ffff,8a7558244627fff,8a755824471ffff,8a7558244637fff,8a75582447affff,8a755824478ffff,8a75582446a7fff,8a7558244687fff,8a75582446b7fff,8a755824469ffff,8a7558240d27fff,8a7558240d77fff,8a7558240d57fff,8a7558240d47fff",3
79119287#2,-561134628#0,0.6,0.6,0.1,0.5,0.7,0.3,0.55,0.55,0.55,0.55,0.55,0.7,0.4,0.4499999999999999,0.4,0.4,0.4499999999999999,0.6,0.4,0.4499999999999999,0.6,0.4,0.7,"8a75582446cffff,8a755824460ffff,8a755824461ffff,8a755824468ffff,8a75582446d7fff,8a7558240d27fff,8a7558240d77fff,8a75582446dffff,8a75582446c7fff,8a7558240d67fff,8a7558240d57fff,8a7558240d47fff",2
79119287#2,-561134628#0,0.0999999999999999,0.0999999999999999,0.7,0.3,0.1999999999999999,0.6,0.55,0.55,0.55,0.55,0.55,0.2,0.9,0.4499999999999999,0.8,0.8,0.4499999999999999,0.0999999999999999,0.8,0.4499999999999999,0.0999999999999999,0.6,0.6,"8a75582446cffff,8a755824460ffff,8a7558244627fff,8a755824471ffff,8a7558244717fff,8a7558244707fff,8a755824409ffff,8a7558244737fff,8a755824446ffff,8a75582447a7fff,8a7558244797fff,8a7558244787fff,8a75582446b7fff,8a755824469ffff,8a7558240d27fff,8a7558240d77fff,8a7558240d57fff,8a7558240d47fff",4
-979842178#3,-561133140#1,0.8,0.9,0.1,0.9,0.75,0.25,0.55,0.55,0.55,0.55,0.55,1.0,0.1,0.4499999999999999,0.0,0.0,0.4499999999999999,0.9,0.0,0.4499999999999999,0.9,0.1999999999999999,0.8,"8a7558240c27fff,8a7558240d57fff,8a7558240d77fff,8a7558240d67fff,8a75582446c7fff,8a755824461ffff,8a755824460ffff,8a7558244627fff,8a755824471ffff",0
-979842178#3,-561133140#1,0.1999999999999999,0.0999999999999999,0.5,0.5,0.25,0.5,0.55,0.55,0.55,0.55,0.55,0.2,0.9,0.4499999999999999,0.8,0.8,0.4499999999999999,0.1999999999999999,0.8,0.4499999999999999,0.0999999999999999,0.6,0.4,"8a7558240c27fff,8a7558240d1ffff,8a7558240daffff,8a7558240da7fff,8a7558246a5ffff,8a7558246a4ffff,8a7558240d37fff,8a755824469ffff,8a7558240d27fff,8a7558244687fff,8a75582446a7fff,8a755824478ffff,8a75582447affff,8a7558244737fff,8a755824409ffff,8a7558244707fff,8a7558244717fff,8a755824471ffff,8a7558244627fff",4
-979842178#3,-561133140#1,0.3,0.3,0.9,0.0999999999999999,0.25,1.0,0.55,0.55,0.55,0.55,0.55,0.6,0.5,0.4499999999999999,0.4,0.4,0.4499999999999999,0.6,0.4,0.4499999999999999,0.3,0.0,0.7,"8a7558240c27fff,8a7558240d57fff,8a7558240d77fff,8a7558240d27fff,8a7558244687fff,8a75582446b7fff,8a7558244787fff,8a75582447a7fff,8a7558244467fff,8a755824446ffff,8a75582447affff,8a7558244637fff,8a755824471ffff,8a7558244627fff",3
-979842178#3,-561133140#1,0.4,0.4,0.6,0.4,0.25,0.6,0.55,0.55,0.55,0.55,0.55,0.8,0.3,0.4499999999999999,0.3,0.3,0.4499999999999999,0.0,0.3,0.4499999999999999,0.4,0.5,0.5,"8a7558240c27fff,8a7558240d1ffff,8a7558240daffff,8a7558240da7fff,8a7558246a5ffff,8a7558246a4ffff,8a7558246a67fff,8a7558246a6ffff,8a755824469ffff,8a7558240d27fff,8a7558240d77fff,8a7558240d57fff,8a7558240d67fff,8a7558240d47fff,8a7558240997fff,8a75582446cffff,8a755824460ffff,8a7558244627fff,8a755824471ffff",1
-979842178#3,-561133140#1,0.9,0.8,0.3,0.6,0.75,0.25,0.55,0.55,0.55,0.55,0.55,0.9,0.2,0.4499999999999999,0.0999999999999999,0.0999999999999999,0.4499999999999999,0.4,0.0999999999999999,0.4499999999999999,0.8,0.9,0.1999999999999999,"8a7558240c27fff,8a7558240d57fff,8a7558240d77fff,8a7558240d67fff,8a75582446dffff,8a75582446c7fff,8a75582446e7fff,8a755824461ffff,8a7558244617fff,8a7558244637fff,8a755824471ffff,8a7558244627fff",0
-979842178#3,-561133140#1,0.7,0.6,1.0,0.0,0.25,0.9,0.55,0.55,0.55,0.55,0.55,0.2,0.9,0.4499999999999999,0.8,0.8,0.4499999999999999,0.3,0.8,0.4499999999999999,0.6,0.7,0.0,"8a7558240c27fff,8a7558240d1ffff,8a7558240daffff,8a7558240da7fff,8a7558246a5ffff,8a7558246a4ffff,8a7558246a6ffff,8a755824469ffff,8a75582446b7fff,8a7558244787fff,8a75582447a7fff,8a75582447affff,8a7558244637fff,8a755824471ffff,8a7558244627fff",3
-979842178#3,-561133140#1,0.5,0.5,0.8,0.1999999999999999,0.25,0.8,0.55,0.55,0.55,0.55,0.55,0.7,0.4,0.4499999999999999,0.1999999999999999,0.1999999999999999,0.4499999999999999,0.7,0.1999999999999999,0.4499999999999999,0.5,0.3,0.6,"8a7558240c27fff,8a7558240d57fff,8a7558240d77fff,8a7558240d27fff,8a755824469ffff,8a75582446b7fff,8a7558244787fff,8a75582447a7fff,8a755824446ffff,8a7558244737fff,8a755824409ffff,8a7558244707fff,8a7558244717fff,8a755824471ffff,8a7558244627fff",1
-979842178#3,-561133140#1,0.0,0.0,0.3,0.7,0.75,0.25,0.55,0.55,0.55,0.55,0.55,0.4,0.7,0.4499999999999999,0.6,0.6,0.4499999999999999,0.8,0.6,0.4499999999999999,0.0,0.0999999999999999,0.9,"8a7558240c27fff,8a7558240d57fff,8a7558240d77fff,8a7558240d27fff,8a7558244687fff,8a75582446a7fff,8a755824478ffff,8a75582447affff,8a7558244637fff,8a7558244617fff,8a755824461ffff,8a755824468ffff,8a75582446dffff,8a75582446c7fff,8a755824460ffff,8a7558244627fff,8a755824471ffff",4
-979842178#3,-561133140#1,0.6,0.7,0.7,0.3,0.25,0.7,0.55,0.55,0.55,0.55,0.55,0.2,0.9,0.4499999999999999,0.8,0.8,0.4499999999999999,0.0999999999999999,0.8,0.4499999999999999,0.7,0.8,0.0999999999999999,"8a7558240c27fff,8a7558240d1ffff,8a7558240daffff,8a7558240da7fff,8a7558246a5ffff,8a7558246a4ffff,8a7558246a67fff,8a755824469ffff,8a7558240d27fff,8a7558244687fff,8a75582446a7fff,8a755824478ffff,8a75582447affff,8a7558244637fff,8a755824471ffff,8a7558244627fff",3
-979842178#3,-561133140#1,0.0999999999999999,0.1999999999999999,0.3,0.8,0.75,0.25,0.55,0.55,0.55,0.55,0.55,0.5,0.6,0.4499999999999999,0.5,0.5,0.4499999999999999,0.5,0.5,0.4499999999999999,0.1999999999999999,0.4,0.3,"8a7558240c27fff,8a7558240d57fff,8a7558240d77fff,8a7558240d27fff,8a7558244687fff,8a75582446a7fff,8a755824478ffff,8a75582447affff,8a75582447a7fff,8a7558244467fff,8a7558244097fff,8a755824409ffff,8a7558244707fff,8a7558244717fff,8a755824471ffff,8a7558244627fff",4
-561133140#1,-979842178#3,0.9,0.9,0.1,0.9,0.75,0.25,0.55,0.55,0.55,0.45,0.55,1.0,0.3,0.4499999999999999,0.1999999999999999,0.0999999999999999,0.4499999999999999,0.9,0.0999999999999999,0.4499999999999999,0.9,0.1999999999999999,0.6,"8a7558244627fff,8a755824471ffff,8a755824460ffff,8a755824461ffff,8a75582446c7fff,8a7558240d67fff,8a7558240d77fff,8a7558240d57fff,8a7558240c27fff",2
-561133140#1,-979842178#3,0.0999999999999999,0.1999999999999999,0.6,0.4,0.35,0.5,0.55,0.55,0.55,0.45,0.55,0.15,0.95,0.4499999999999999,0.85,0.85,0.4499999999999999,0.1999999999999999,0.85,0.4499999999999999,0.1999999999999999,0.0999999999999999,0.7,"8a7558244627fff,8a755824471ffff,8a7558244717fff,8a7558244707fff,8a755824409ffff,8a7558244737fff,8a755824446ffff,8a7558244097fff,8a7558244467fff,8a7558244477fff,8a75582447b7fff,8a75582447a7fff,8a7558244787fff,8a75582446b7fff,8a755824469ffff,8a7558246a6ffff,8a7558246a4ffff,8a7558246a5ffff,8a7558240da7fff,8a7558240daffff,8a7558240d1ffff,8a7558240c27fff",4
-561133140#1,-979842178#3,0.7,0.5,1.0,0.0,0.05,1.0,0.55,0.55,0.55,1.0,0.55,0.9,0.1,0.4499999999999999,0.0,0.0,0.4499999999999999,0.6,0.0,0.4499999999999999,0.5,0.6,0.0,"8a7558244627fff,8a755824471ffff,8a7558244637fff,8a7558244617fff,8a755824461ffff,8a755824468ffff,8a75582446d7fff,8a7558240d27fff,8a7558240d77fff,8a7558240d67fff,8a7558240d57fff,8a7558240d47fff,8a7558240c67fff,8a7558240c07fff,8a7558240c37fff,8a7558240c17fff,8a7558240c27fff",0
-561133140#1,-979842178#3,0.6,0.7,0.7,0.3,0.35,0.6,0.55,0.55,0.55,0.45,0.55,0.6,0.5,0.4499999999999999,0.3,0.3,0.4499999999999999,0.0,0.3,0.4499999999999999,0.7,0.4,0.1999999999999999,"8a7558244627fff,8a755824471ffff,8a7558244637fff,8a75582447affff,8a75582447a7fff,8a7558244787fff,8a75582446b7fff,8a755824469ffff,8a7558240d27fff,8a7558240d77fff,8a7558240d57fff,8a7558240c27fff",0
-561133140#1,-979842178#3,0.0,0.0,0.25,0.8,0.75,0.25,0.55,0.55,0.55,0.45,0.55,0.5,0.6,0.4499999999999999,0.7,0.7,0.4499999999999999,0.4,0.7,0.4499999999999999,0.0,0.3,0.8,"8a7558244627fff,8a755824471ffff,8a7558244707fff,8a7558244717fff,8a755824409ffff,8a7558244737fff,8a755824446ffff,8a75582447a7fff,8a7558244797fff,8a7558244787fff,8a75582446b7fff,8a755824469ffff,8a7558240d27fff,8a7558244687fff,8a75582446a7fff,8a755824478ffff,8a75582447affff,8a7558244637fff,8a7558244617fff,8a755824461ffff,8a755824468ffff,8a75582446d7fff,8a7558240d77fff,8a7558240d67fff,8a7558240d57fff,8a7558240c27fff",4
-561133140#1,-979842178#3,0.4,0.4,0.5,0.5,0.35,0.7,0.55,0.55,0.55,0.45,0.55,0.4,0.7,0.4499999999999999,0.5,0.5,0.4499999999999999,0.3,0.5,0.4499999999999999,0.4,0.8,0.3,"8a7558244627fff,8a755824471ffff,8a755824460ffff,8a755824461ffff,8a755824468ffff,8a75582446d7fff,8a7558240d27fff,8a7558240d77fff,8a7558240d67fff,8a755824469ffff,8a7558246a6ffff,8a7558246a4ffff,8a7558246a5ffff,8a7558240da7fff,8a7558240daffff,8a7558240d1ffff,8a7558240c27fff",2
-561133140#1,-979842178#3,0.3,0.3,0.4,0.6,0.75,0.25,0.55,0.55,0.55,0.45,0.55,0.3,0.8,0.4499999999999999,0.6,0.6,0.4499999999999999,0.0999999999999999,0.6,0.4499999999999999,0.3,0.0,0.9,"8a7558244627fff,8a755824471ffff,8a7558244707fff,8a755824409ffff,8a755824446ffff,8a7558244467fff,8a7558244477fff,8a75582447b7fff,8a75582447a7fff,8a7558244797fff,8a7558244787fff,8a75582446b7fff,8a755824469ffff,8a7558240d27fff,8a7558240d77fff,8a7558240d57fff,8a7558240c27fff",4
-561133140#1,-979842178#3,0.5,0.6,0.25,0.7,0.75,0.25,0.55,0.55,0.55,0.45,0.55,0.8,0.4,0.4499999999999999,0.4,0.4,0.4499999999999999,0.7,0.4,0.4499999999999999,0.6,0.7,0.5,"8a7558244627fff,8a755824471ffff,8a7558244637fff,8a7558244617fff,8a755824461ffff,8a755824468ffff,8a75582446d7fff,8a7558240d27fff,8a7558240d77fff,8a75582446dffff,8a75582446c7fff,8a7558240d67fff,8a7558240d57fff,8a7558240c27fff",2
-561133140#1,-979842178#3,0.8,0.8,0.8,0.1999999999999999,0.35,0.8,0.55,0.55,0.55,0.45,0.55,0.15,0.95,0.4499999999999999,0.85,0.85,0.4499999999999999,0.8,0.85,0.4499999999999999,0.8,0.9,0.0999999999999999,"8a7558244627fff,8a755824471ffff,8a7558244637fff,8a75582447affff,8a755824478ffff,8a75582446a7fff,8a7558244687fff,8a75582446b7fff,8a755824469ffff,8a7558246a6ffff,8a7558246a4ffff,8a7558246a5ffff,8a7558240da7fff,8a7558240daffff,8a7558240d1ffff,8a7558240c27fff",3
-561133140#1,-979842178#3,0.1999999999999999,0.0999999999999999,0.9,0.0999999999999999,0.05,0.9,0.55,0.55,0.55,0.9,0.55,0.7,0.2,0.4499999999999999,0.0999999999999999,0.1999999999999999,0.4499999999999999,0.5,0.1999999999999999,0.4499999999999999,0.0999999999999999,0.5,0.4,"8a7558244627fff,8a755824471ffff,8a7558244707fff,8a7558244717fff,8a755824409ffff,8a7558244737fff,8a755824446ffff,8a75582447a7fff,8a75582447affff,8a7558244637fff,8a7558244617fff,8a755824461ffff,8a755824468ffff,8a75582446dffff,8a75582446c7fff,8a7558240d67fff,8a7558240d77fff,8a7558240d57fff,8a7558240d47fff,8a7558240c67fff,8a7558240c07fff,8a7558240c37fff,8a7558240c27fff",1
-1020092139#0,-1157449877,0.9,0.9,1.0,0.0,0.3,1.0,0.55,0.55,0.55,0.55,0.55,0.4,0.7,0.4499999999999999,0.6,0.6,0.4499999999999999,0.9,0.6,0.4499999999999999,0.9,0.8,0.0,"8a7558244097fff,8a7558244467fff,8a755824446ffff,8a75582447a7fff,8a75582447affff,8a755824478ffff,8a7558244787fff",3
-1020092139#0,-1157449877,0.5,0.5,0.9,0.0999999999999999,0.3,0.9,0.55,0.55,0.55,0.55,0.55,0.4,0.7,0.4499999999999999,0.6,0.6,0.4499999999999999,0.0999999999999999,0.6,0.4499999999999999,0.5,0.0,0.9,"8a7558244097fff,8a7558244467fff,8a7558244477fff,8a75582447b7fff,8a75582447a7fff,8a7558244797fff,8a7558244787fff,8a75582446b7fff,8a755824469ffff,8a7558240d27fff,8a7558244687fff,8a75582446a7fff,8a755824478ffff",3
-1020092139#0,-1157449877,0.8,0.8,0.3,0.7,0.8,0.2,0.55,0.55,0.55,0.55,0.55,0.4,0.7,0.4499999999999999,0.6,0.6,0.4499999999999999,0.1999999999999999,0.6,0.4499999999999999,0.7,0.9,0.0999999999999999,"8a7558244467fff,8a7558244097fff,8a755824409ffff,8a755824446ffff,8a7558244737fff,8a7558244707fff,8a7558244717fff,8a755824471ffff,8a7558244627fff,8a755824460ffff,8a755824461ffff,8a7558244617fff,8a7558244637fff,8a75582447affff,8a755824478ffff,8a7558244787fff",2
-1020092139#0,-1157449877,0.0,0.0,0.45,0.55,0.3,0.4,0.55,0.55,0.55,0.55,0.55,0.8,0.3,0.4499999999999999,0.1999999999999999,0.1999999999999999,0.4499999999999999,0.5,0.1999999999999999,0.4499999999999999,0.0,0.4,0.5,"8a7558244467fff,8a7558244097fff,8a755824409ffff,8a7558244737fff,8a755824446ffff,8a7558244477fff,8a75582447b7fff,8a75582447a7fff,8a75582447affff,8a7558244637fff,8a7558244617fff,8a755824461ffff,8a755824468ffff,8a75582446d7fff,8a7558240d27fff,8a7558240d77fff,8a7558240d67fff,8a7558244687fff,8a75582446a7fff,8a755824478ffff,8a7558244787fff",1
-1020092139#0,-1157449877,0.0999999999999999,0.0999999999999999,0.45,0.55,0.3,0.7,0.55,0.55,0.55,0.55,0.55,1.0,0.1,0.4499999999999999,0.0999999999999999,0.0999999999999999,0.4499999999999999,0.0,0.0999999999999999,0.4499999999999999,0.0999999999999999,0.7,0.3,"8a7558244097fff,8a7558244467fff,8a755824446ffff,8a75582447a7fff,8a7558244797fff,8a7558244787fff,8a75582446b7fff,8a755824469ffff,8a7558240d27fff,8a7558240d77fff,8a7558240d57fff,8a7558240d67fff,8a7558240d47fff,8a7558240997fff,8a75582446cffff,8a75582446c7fff,8a75582446e7fff,8a755824461ffff,8a755824460ffff,8a7558244627fff,8a755824471ffff,8a7558244637fff,8a75582447affff,8a755824478ffff",1
-1020092139#0,-1157449877,0.3,0.3,0.15,0.85,0.8,0.2,0.55,0.55,0.55,0.55,0.55,0.4,0.7,0.4499999999999999,0.6,0.6,0.4499999999999999,0.4,0.6,0.4499999999999999,0.3,0.6,0.1999999999999999,"8a7558244467fff,8a7558244097fff,8a755824409ffff,8a7558244707fff,8a7558244717fff,8a755824471ffff,8a7558244637fff,8a75582447affff,8a75582447a7fff,8a7558244787fff,8a75582446b7fff,8a755824469ffff,8a7558240d27fff,8a7558244687fff,8a75582446a7fff,8a755824478ffff",4
-1020092139#0,-1157449877,0.4,0.4,0.7,0.3,0.3,0.6,0.55,0.55,0.55,0.55,0.55,0.4,0.7,0.4499999999999999,0.6,0.6,0.4499999999999999,0.3,0.6,0.4499999999999999,0.4,0.3,0.7,"8a7558244097fff,8a7558244467fff,8a7558244477fff,8a75582447b7fff,8a75582447a7fff,8a7558244797fff,8a7558244787fff,8a755824446ffff,8a7558244737fff,8a755824409ffff,8a7558244707fff,8a7558244717fff,8a755824471ffff,8a7558244637fff,8a75582447affff,8a755824478ffff",3
-1020092139#0,-1157449877,0.1999999999999999,0.1999999999999999,0.6,0.4,0.3,0.5,0.55,0.55,0.55,0.55,0.55,0.9,0.2,0.4499999999999999,0.0,0.0,0.4499999999999999,0.6,0.0,0.4499999999999999,0.1999999999999999,0.5,0.6,"8a7558244097fff,8a7558244467fff,8a755824446ffff,8a75582447a7fff,8a75582447affff,8a7558244637fff,8a755824471ffff,8a7558244627fff,8a755824460ffff,8a755824461ffff,8a755824468ffff,8a75582446dffff,8a75582446c7fff,8a7558240d67fff,8a7558240d77fff,8a7558240d27fff,8a7558244687fff,8a75582446a7fff,8a755824478ffff,8a7558244787fff",1
-1020092139#0,-1157449877,0.7,0.7,0.8,0.1999999999999999,0.3,0.8,0.55,0.55,0.55,0.55,0.55,0.4,0.7,0.4499999999999999,0.6,0.6,0.4499999999999999,0.7,0.6,0.4499999999999999,0.6,0.1999999999999999,0.4,"8a7558244467fff,8a7558244097fff,8a755824409ffff,8a7558244737fff,8a755824446ffff,8a7558244477fff,8a75582447b7fff,8a75582447a7fff,8a7558244797fff,8a7558244787fff,8a75582447affff,8a755824478ffff",3
-1020092139#0,-1157449877,0.6,0.6,0.15,0.85,0.8,0.2,0.55,0.55,0.55,0.55,0.55,0.4,0.7,0.4499999999999999,0.6,0.6,0.4499999999999999,0.8,0.6,0.4499999999999999,0.8,0.0999999999999999,0.8,"8a7558244097fff,8a7558244467fff,8a755824446ffff,8a75582447a7fff,8a7558244787fff,8a75582446b7fff,8a755824469ffff,8a7558240d27fff,8a7558244687fff,8a75582446a7fff,8a755824478ffff",2
57680152#2,174375405,0.75,0.75,1.0,0.5,0.625,1.0,0.625,0.625,0.75,1.0,0.625,0.625,0.5,0.5,0.5,0.5,0.0,0.75,0.5,0.0,0.75,0.0,0.25,"8a7558246297fff,8a755824662ffff,8a75582467affff,8a7558246787fff,8a75582467b7fff,8a7558246797fff,8a755824679ffff,8a75582466b7fff,8a7558246697fff,8a7558246687fff,8a75582466affff,8a75582466f7fff,8a75582466c7fff,8a75582466effff,8a755824665ffff",0
57680152#2,174375405,0.0,0.0,0.25,0.25,0.125,0.25,0.625,0.625,0.5,0.25,0.625,0.625,0.75,0.25,0.25,0.25,0.625,0.25,0.25,0.75,0.0,0.75,0.5,"8a7558246297fff,8a755824662ffff,8a75582467affff,8a7558246787fff,8a75582467b7fff,8a7558246797fff,8a755824679ffff,8a7558255b6ffff,8a7558255b4ffff,8a7558246697fff,8a7558246687fff,8a755824668ffff,8a75582466f7fff,8a75582466c7fff,8a75582466effff,8a755824665ffff",1
57680152#2,174375405,0.5,0.5,0.75,0.75,0.625,0.75,0.625,0.625,1.0,0.75,0.625,0.625,0.25,0.75,0.75,0.75,0.25,0.5,0.75,0.25,0.5,0.25,0.0,"8a7558246297fff,8a755824662ffff,8a75582467affff,8a7558246787fff,8a75582467b7fff,8a7558246797fff,8a755824679ffff,8a7558255b6ffff,8a7558255b4ffff,8a7558246697fff,8a7558246687fff,8a75582466affff,8a75582466f7fff,8a75582466c7fff,8a75582466effff,8a755824665ffff",2
57680152#2,174375405,0.25,0.25,0.5,0.0,0.125,0.5,0.625,0.625,0.25,0.5,0.625,0.625,1.0,0.0,0.0,0.0,0.625,0.0,0.0,0.5,0.25,0.5,0.75,"8a7558246297fff,8a755824662ffff,8a75582467affff,8a7558246787fff,8a75582467b7fff,8a7558246797fff,8a755824679ffff,8a75582466b7fff,8a7558246697fff,8a7558246687fff,8a755824668ffff,8a75582466f7fff,8a75582466c7fff,8a75582466effff,8a755824665ffff",1
174375405,57680152#2,0.9,0.8,0.9,0.8,0.8,0.4,0.55,0.55,0.8,0.3,0.4,0.45,0.6,0.6,0.8,0.6,0.1999999999999999,0.0999999999999999,0.8,0.6,0.8,0.0999999999999999,0.6,"8a755824665ffff,8a75582466effff,8a75582466c7fff,8a75582466f7fff,8a75582466affff,8a7558246687fff,8a7558246697fff,8a75582466b7fff,8a755824679ffff,8a7558246797fff,8a75582467b7fff,8a7558246787fff,8a75582467affff,8a755824662ffff,8a7558246297fff",2
174375405,57680152#2,0.0999999999999999,0.0999999999999999,0.1,0.5,0.1999999999999999,0.1,0.55,0.55,0.9,0.4,0.2,0.45,0.5,0.3,0.5,0.7,0.3,0.6,0.4,0.3,0.0999999999999999,0.3,0.8,"8a755824665ffff,8a75582466effff,8a75582466c7fff,8a75582466f7fff,8a75582466affff,8a7558246687fff,8a7558246697fff,8a7558255a67fff,8a7558255b4ffff,8a7558255b5ffff,8a7558255b47fff,8a7558255b77fff,8a7558255b2ffff,8a7558255b07fff,8a755824648ffff,8a75582464f7fff,8a75582464c7fff,8a75582464cffff,8a7558246797fff,8a75582467b7fff,8a7558246787fff,8a75582467affff,8a755824662ffff,8a7558246297fff",4
174375405,57680152#2,0.6,0.7,0.8,0.4,0.55,0.8,0.55,0.55,0.3,0.9,0.9,0.9,0.1,0.7,0.7,0.1999999999999999,0.4,0.3,0.5,0.85,0.7,0.8,0.0,"8a755824665ffff,8a755824664ffff,8a75582466effff,8a75582466c7fff,8a75582466f7fff,8a75582466affff,8a7558246687fff,8a75582466a7fff,8a755824678ffff,8a755824679ffff,8a7558246797fff,8a75582467b7fff,8a7558246787fff,8a75582467affff,8a755824662ffff,8a7558246297fff",0
174375405,57680152#2,0.0,0.0,0.6,0.0,0.1999999999999999,1.0,0.55,0.55,0.1,0.2,0.6,0.45,1.0,0.4,0.3,0.5,0.9,0.8,0.1999999999999999,0.4,0.0,0.0,0.9,"8a755824665ffff,8a75582466effff,8a75582466c7fff,8a75582466f7fff,8a75582466affff,8a7558246687fff,8a7558246697fff,8a7558255a67fff,8a7558255a77fff,8a7558255aa7fff,8a755825516ffff,8a7558255a37fff,8a7558255b57fff,8a7558255b5ffff,8a7558255b4ffff,8a75582466b7fff,8a755824679ffff,8a7558246797fff,8a75582467b7fff,8a7558246787fff,8a75582467affff,8a755824662ffff,8a7558246297fff",3
174375405,57680152#2,0.4,0.4,0.5,0.0999999999999999,0.1999999999999999,0.7,0.55,0.55,0.4,1.0,0.1,0.45,0.7,0.0999999999999999,0.4,0.8,0.7,0.9,0.7,0.1999999999999999,0.4,0.7,0.3,"8a755824665ffff,8a755824664ffff,8a75582466effff,8a75582466c7fff,8a75582466f7fff,8a75582466affff,8a7558246687fff,8a7558246697fff,8a7558255a67fff,8a7558255b4ffff,8a75582466b7fff,8a755824679ffff,8a7558246797fff,8a75582467b7fff,8a7558246787fff,8a75582467affff,8a755824662ffff,8a7558246297fff",3
174375405,57680152#2,0.5,0.1999999999999999,0.7,0.9,0.8,0.2,0.55,0.55,1.0,0.1,0.7,0.45,0.2,0.9,0.9,0.9,0.0,0.4,0.9,0.85,0.1999999999999999,0.4,0.7,"8a755824665ffff,8a75582466effff,8a75582466c7fff,8a75582466f7fff,8a75582466affff,8a7558246687fff,8a7558246697fff,8a7558255b4ffff,8a7558255b5ffff,8a7558255b47fff,8a7558255b77fff,8a7558255b2ffff,8a7558255b07fff,8a755824648ffff,8a75582464f7fff,8a75582464c7fff,8a75582464cffff,8a7558246797fff,8a75582467b7fff,8a7558246787fff,8a75582467affff,8a755824662ffff,8a7558246297fff",4
174375405,57680152#2,0.7,0.6,1.0,0.7,0.8,0.9,0.55,0.55,0.7,0.7,0.8,0.45,0.4,0.8,0.0999999999999999,0.3,0.5,0.1999999999999999,0.6,0.7,0.6,0.5,0.0999999999999999,"8a755824665ffff,8a755824664ffff,8a7558246647fff,8a75582466effff,8a75582466c7fff,8a75582466f7fff,8a75582466affff,8a7558246687fff,8a7558246697fff,8a75582466b7fff,8a755824679ffff,8a7558246797fff,8a75582467b7fff,8a7558246787fff,8a75582467affff,8a755824662ffff,8a7558246297fff",0
174375405,57680152#2,0.8,0.9,0.4,0.6,0.55,0.5,0.55,0.55,0.6,0.5,0.5,1.0,0.3,0.5,0.6,0.0999999999999999,0.0999999999999999,0.0,0.3,0.5,0.9,0.1999999999999999,0.1999999999999999,"8a755824665ffff,8a75582466effff,8a75582466c7fff,8a75582466f7fff,8a75582466affff,8a7558246687fff,8a75582466a7fff,8a755824678ffff,8a755824679ffff,8a7558246797fff,8a75582467b7fff,8a7558246787fff,8a75582467affff,8a755824662ffff,8a7558246297fff",0
174375405,57680152#2,0.1999999999999999,0.3,0.2,0.1999999999999999,0.1999999999999999,0.6,0.55,0.55,0.2,0.8,0.3,0.45,0.9,0.1999999999999999,0.0,0.0,0.8,0.7,0.0,0.0,0.3,0.9,0.5,"8a755824665ffff,8a75582466effff,8a75582466c7fff,8a75582466f7fff,8a75582466affff,8a7558246687fff,8a7558246697fff,8a7558255a67fff,8a7558255a77fff,8a7558255b5ffff,8a7558255b4ffff,8a75582466b7fff,8a755824679ffff,8a7558246797fff,8a75582467b7fff,8a7558246787fff,8a75582467affff,8a755824662ffff,8a7558246297fff",1
174375405,57680152#2,0.3,0.5,0.3,0.3,0.1999999999999999,0.3,0.55,0.55,0.5,0.6,1.0,0.45,0.8,0.0,0.1999999999999999,0.4,0.6,0.5,0.0999999999999999,0.0999999999999999,0.5,0.6,0.4,"8a755824665ffff,8a75582466effff,8a75582466c7fff,8a75582466f7fff,8a75582466affff,8a7558246687fff,8a7558246697fff,8a7558255a67fff,8a7558255b4ffff,8a75582466b7fff,8a755824679ffff,8a7558246797fff,8a75582467b7fff,8a7558246787fff,8a75582467affff,8a755824662ffff,8a7558246297fff",1
-41231359#1,563273548,0.8,0.8,1.0,0.3,0.5,1.0,0.55,0.55,0.4,1.0,0.8,0.9,0.1,0.6,0.1999999999999999,0.0999999999999999,0.5,0.9,0.0999999999999999,0.1999999999999999,0.8,0.3,0.0999999999999999,"8a7558240d77fff,8a7558240d67fff,8a7558240d57fff,8a7558240d47fff,8a7558240c67fff,8a7558240c07fff,8a7558240c37fff,8a7558240c17fff,8a7558240cb7fff,8a755824634ffff,8a7558246277fff,8a75582462e7fff,8a75582462c7fff,8a75582462d7fff,8a7558242927fff,8a7558242937fff,8a755824664ffff,8a755824665ffff",0
-41231359#1,563273548,0.0,0.0,0.2,0.0,0.0,0.7,0.55,0.55,1.0,0.1,1.0,1.0,0.3,0.0999999999999999,0.4,0.5,0.0,0.8,0.8,0.0999999999999999,0.0,0.0,0.9,"8a7558240d77fff,8a75582446dffff,8a75582446c7fff,8a755824461ffff,8a755824460ffff,8a7558244627fff,8a755824471ffff,8a7558244767fff,8a75582440c7fff,8a7558244c27fff,8a7558244c87fff,8a7558271257fff,8a75582712e7fff,8a7558246d27fff,8a7558246d37fff,8a7558273327fff,8a7558273337fff,8a75582733affff,8a755827338ffff,8a75582732f7fff,8a7558255967fff,8a75582464affff,8a75582464f7fff,8a755824648ffff,8a7558255b07fff,8a7558255b2ffff,8a7558255b77fff,8a7558255b47fff,8a7558255b5ffff,8a7558255b4ffff,8a7558246697fff,8a7558246687fff,8a755824668ffff,8a75582466f7fff,8a75582466c7fff,8a75582466effff,8a755824665ffff,8a755824664ffff",1
-41231359#1,563273548,0.1999999999999999,0.1999999999999999,0.3,0.8,0.5,0.1,0.55,0.55,0.4,0.2,0.4,0.2,1.0,0.6,0.0999999999999999,0.4,0.5,0.0,0.6,0.8,0.1999999999999999,0.1999999999999999,0.7,"8a7558240d77fff,8a75582446dffff,8a75582446c7fff,8a755824461ffff,8a755824460ffff,8a7558244627fff,8a755824471ffff,8a7558244717fff,8a7558244707fff,8a755824409ffff,8a7558244097fff,8a7558244467fff,8a7558244477fff,8a75582447b7fff,8a75582447a7fff,8a7558244787fff,8a75582446b7fff,8a755824469ffff,8a7558240d27fff,8a7558240d57fff,8a7558240c27fff,8a7558240c37fff,8a7558240c17fff,8a7558240cb7fff,8a755824634ffff,8a7558246277fff,8a75582462e7fff,8a75582462c7fff,8a75582462d7fff,8a7558242927fff,8a7558242937fff,8a755824664ffff,8a7558246647fff,8a755824665ffff",4
-41231359#1,563273548,0.6,0.6,0.6,0.6,0.5,0.5,0.55,0.55,0.9,0.7,0.15,0.4,0.5,0.0,0.5,0.3,0.5,0.3,0.3,0.4,0.6,0.8,0.3,"8a7558240d77fff,8a75582446dffff,8a75582446c7fff,8a7558240d67fff,8a7558240d27fff,8a755824469ffff,8a7558246a6ffff,8a7558246a4ffff,8a7558246a5ffff,8a7558240da7fff,8a7558240daffff,8a7558240d1ffff,8a7558240c27fff,8a7558240c37fff,8a7558240c17fff,8a7558240cb7fff,8a755824634ffff,8a7558246277fff,8a75582462e7fff,8a75582462c7fff,8a75582462d7fff,8a7558242927fff,8a7558242937fff,8a755824664ffff,8a755824665ffff",2
-41231359#1,563273548,0.9,0.9,0.9,0.5,0.5,0.9,0.55,0.55,0.4,0.9,0.9,0.8,0.2,0.6,0.0,0.0,0.5,0.6,0.0,0.0,0.9,0.9,0.0,"8a7558240d77fff,8a7558240d67fff,8a7558240d57fff,8a7558240c27fff,8a7558240c37fff,8a7558240c17fff,8a7558240cb7fff,8a755824634ffff,8a7558246277fff,8a75582462e7fff,8a75582462c7fff,8a75582462d7fff,8a7558242927fff,8a7558242937fff,8a755824664ffff,8a7558246647fff,8a755824665ffff",0
-41231359#1,563273548,0.3,0.3,0.1,0.9,0.5,0.2,0.55,0.55,0.4,0.3,0.5,0.1,0.9,0.6,0.9,0.9,0.5,0.1999999999999999,0.9,0.7,0.3,0.5,0.6,"8a7558240d77fff,8a7558240d67fff,8a7558240d47fff,8a7558240997fff,8a75582446c7fff,8a755824461ffff,8a755824460ffff,8a7558244627fff,8a755824471ffff,8a7558244637fff,8a75582447affff,8a7558244737fff,8a755824409ffff,8a755824446ffff,8a75582447a7fff,8a7558244787fff,8a75582446b7fff,8a755824469ffff,8a7558246a6ffff,8a7558246a4ffff,8a7558246a5ffff,8a7558240da7fff,8a7558240daffff,8a7558240d1ffff,8a7558240c27fff,8a7558240c37fff,8a7558240c17fff,8a7558240cb7fff,8a755824634ffff,8a7558246277fff,8a75582462e7fff,8a75582462c7fff,8a75582462d7fff,8a7558242927fff,8a7558242937fff,8a755824664ffff,8a755824665ffff",4
-41231359#1,563273548,0.4,0.4,0.7,0.4,0.5,0.6,0.55,0.55,0.8,0.6,0.15,0.6,0.6,0.1999999999999999,0.7,0.7,0.5,0.5,0.4,0.6,0.4,0.4,0.5,"8a7558240d77fff,8a7558240d67fff,8a75582446c7fff,8a75582446e7fff,8a755824461ffff,8a755824460ffff,8a7558244627fff,8a755824471ffff,8a7558244637fff,8a75582447affff,8a755824478ffff,8a75582446a7fff,8a7558244687fff,8a75582446b7fff,8a755824469ffff,8a7558240d27fff,8a7558240d57fff,8a7558240d47fff,8a7558240c67fff,8a7558240c07fff,8a7558240c37fff,8a7558240c17fff,8a7558240cb7fff,8a755824634ffff,8a7558246277fff,8a75582462e7fff,8a75582462c7fff,8a75582462d7fff,8a7558242927fff,8a7558242937fff,8a755824664ffff,8a755824665ffff",3
-41231359#1,563273548,0.0999999999999999,0.0999999999999999,0.5,0.1999999999999999,0.5,0.3,0.55,0.55,0.4,0.4,0.3,0.5,0.8,0.6,0.8,0.8,0.5,0.0999999999999999,0.7,0.9,0.0999999999999999,0.0999999999999999,0.8,"8a7558240d77fff,8a7558240d67fff,8a7558240d47fff,8a7558240997fff,8a75582446c7fff,8a755824461ffff,8a755824460ffff,8a7558244627fff,8a755824471ffff,8a7558244717fff,8a7558244707fff,8a755824409ffff,8a7558244737fff,8a755824446ffff,8a7558244467fff,8a7558244477fff,8a75582447b7fff,8a75582447a7fff,8a7558244797fff,8a7558244787fff,8a75582446b7fff,8a755824469ffff,8a7558240d27fff,8a7558240d57fff,8a7558240c67fff,8a7558240c07fff,8a7558240c37fff,8a7558240c17fff,8a7558240cb7fff,8a755824634ffff,8a7558246277fff,8a75582462e7fff,8a75582462c7fff,8a75582462d7fff,8a7558242927fff,8a7558242937fff,8a755824664ffff,8a755824665ffff",4
-41231359#1,563273548,0.7,0.7,0.8,0.0999999999999999,0.5,0.8,0.55,0.55,0.4,0.8,0.7,0.7,0.4,0.6,0.3,0.1999999999999999,0.5,0.7,0.1999999999999999,0.3,0.7,0.7,0.1999999999999999,"8a7558240d77fff,8a75582446dffff,8a75582446c7fff,8a7558240d67fff,8a7558240d57fff,8a7558240c27fff,8a7558240c37fff,8a7558240c17fff,8a7558240cb7fff,8a755824634ffff,8a7558246277fff,8a75582462e7fff,8a75582462c7fff,8a75582462d7fff,8a7558242927fff,8a7558242937fff,8a755824664ffff,8a755824665ffff",0
-41231359#1,563273548,0.5,0.5,0.4,0.7,0.5,0.4,0.55,0.55,0.4,0.5,0.6,0.3,0.7,0.6,0.6,0.6,0.5,0.4,0.5,0.5,0.5,0.6,0.4,"8a7558240d77fff,8a75582446dffff,8a75582446c7fff,8a75582446e7fff,8a755824461ffff,8a755824460ffff,8a7558244627fff,8a755824471ffff,8a7558244637fff,8a75582447affff,8a755824478ffff,8a75582446a7fff,8a7558244687fff,8a75582446b7fff,8a755824469ffff,8a7558240d27fff,8a7558240d57fff,8a7558240c27fff,8a7558240c37fff,8a7558240c17fff,8a7558240cb7fff,8a755824634ffff,8a7558246277fff,8a75582462e7fff,8a75582462c7fff,8a75582462d7fff,8a7558242927fff,8a7558242937fff,8a755824664ffff,8a755824665ffff",2
-57680164,1116499317#2,0.9,0.9,0.6,0.3,0.4499999999999999,0.3,0.55,0.55,0.2,0.55,0.55,0.6,1.0,0.3,0.3,0.1999999999999999,0.65,0.9,0.6,0.1999999999999999,0.9,0.5,0.0999999999999999,"8a7558246d37fff,8a7558273327fff,8a7558273337fff,8a75582733affff,8a755827338ffff,8a75582732f7fff,8a7558255967fff,8a75582464affff,8a75582464f7fff,8a75582464c7fff,8a75582464cffff,8a7558246797fff,8a755824679ffff,8a75582466b7fff,8a7558246697fff,8a7558246687fff,8a75582466a7fff",2
-57680164,1116499317#2,0.0999999999999999,0.0999999999999999,0.8,0.4,0.4499999999999999,1.0,0.55,0.55,0.9,0.55,0.55,0.8,0.2,0.9,0.9,0.8,0.3,0.0,0.5,0.8,0.0999999999999999,0.0999999999999999,0.9,"8a7558273327fff,8a7558246d37fff,8a7558246d27fff,8a7558273a0ffff,8a7558273aaffff,8a7558273a87fff,8a7558273337fff,8a755827305ffff,8a75582733b7fff,8a75582730d7fff,8a7558273767fff,8a7558273667fff,8a7558255937fff,8a755825595ffff,8a7558255867fff,8a7558255b07fff,8a7558255b2ffff,8a7558255b77fff,8a7558255b47fff,8a7558255b5ffff,8a7558255b4ffff,8a7558246697fff,8a7558246687fff,8a75582466a7fff",3
-57680164,1116499317#2,0.1999999999999999,0.3,0.1,0.9,0.4499999999999999,0.4,0.55,0.55,0.8,0.55,0.55,0.1,0.4,0.0999999999999999,0.0999999999999999,0.7,0.65,0.3,0.3,0.7,0.1999999999999999,0.9,0.4,"8a7558246d37fff,8a7558273327fff,8a7558273337fff,8a755827305ffff,8a75582733b7fff,8a75582730d7fff,8a7558273767fff,8a7558273667fff,8a7558255937fff,8a755825595ffff,8a7558255867fff,8a7558255b07fff,8a755824648ffff,8a75582464f7fff,8a75582464c7fff,8a75582464cffff,8a7558246797fff,8a755824679ffff,8a7558255b6ffff,8a7558255b4ffff,8a7558246697fff,8a7558246687fff,8a75582466a7fff",2
-57680164,1116499317#2,0.7,0.7,0.7,0.1999999999999999,0.4499999999999999,0.1,0.55,0.55,0.5,0.55,0.55,0.4,0.7,0.5,0.5,0.4,0.0,0.7,0.8,0.4,0.7,0.3,0.1999999999999999,"8a7558246d37fff,8a7558273327fff,8a7558273337fff,8a75582733affff,8a755827338ffff,8a75582732f7fff,8a7558255967fff,8a75582464affff,8a75582464f7fff,8a755824648ffff,8a7558255b07fff,8a7558255b2ffff,8a7558255b77fff,8a7558255b47fff,8a7558255b5ffff,8a7558255b4ffff,8a7558246697fff,8a7558246687fff,8a75582466a7fff",2
-57680164,1116499317#2,0.5,0.4,0.9,0.0999999999999999,0.4499999999999999,0.8,0.55,0.55,0.1,0.55,0.55,1.0,0.8,0.7,0.6,0.0,0.65,0.6,0.1999999999999999,0.0,0.5,0.4,0.3,"8a7558273327fff,8a7558246d37fff,8a7558246d27fff,8a7558273a0ffff,8a7558273aaffff,8a7558273a87fff,8a7558273337fff,8a75582733affff,8a755827338ffff,8a75582732f7fff,8a7558255967fff,8a75582464affff,8a75582464f7fff,8a75582464c7fff,8a75582464cffff,8a7558246797fff,8a755824679ffff,8a7558255b6ffff,8a7558255b4ffff,8a7558246697fff,8a7558246687fff,8a75582466a7fff",3
-57680164,1116499317#2,0.0,0.0,0.5,0.6,0.4499999999999999,0.9,0.55,0.55,0.6,0.55,0.55,0.7,0.3,0.1999999999999999,0.1999999999999999,0.5,0.65,0.0999999999999999,0.0,0.5,0.0,0.6,0.8,"8a7558273327fff,8a7558246d37fff,8a7558246d27fff,8a7558273a0ffff,8a7558273aaffff,8a7558273a87fff,8a7558273337fff,8a755827305ffff,8a75582733b7fff,8a75582730d7fff,8a7558273767fff,8a7558273667fff,8a7558255937fff,8a755825595ffff,8a7558255867fff,8a7558255b07fff,8a755824648ffff,8a75582464f7fff,8a75582464c7fff,8a75582464cffff,8a7558246797fff,8a755824679ffff,8a75582466b7fff,8a7558246697fff,8a7558246687fff,8a75582466a7fff",1
-57680164,1116499317#2,0.3,0.1999999999999999,1.0,0.0,0.4499999999999999,0.7,0.55,0.55,0.4,0.55,0.55,0.9,0.6,0.8,0.7,0.0999999999999999,0.1999999999999999,0.5,0.4,0.0999999999999999,0.4,0.1999999999999999,0.6,"8a7558273327fff,8a7558246d37fff,8a7558246d27fff,8a7558273a0ffff,8a7558273aaffff,8a7558273a87fff,8a7558273337fff,8a75582733affff,8a755827338ffff,8a75582732f7fff,8a7558255967fff,8a75582464affff,8a75582464f7fff,8a755824648ffff,8a7558255b07fff,8a7558255b2ffff,8a7558255b77fff,8a7558255b47fff,8a7558255b5ffff,8a7558255b4ffff,8a7558246697fff,8a7558246687fff,8a75582466a7fff",3
-57680164,1116499317#2,0.6,0.6,0.3,0.7,0.4499999999999999,0.6,0.55,0.55,1.0,0.55,0.55,0.3,0.1,0.6,0.8,0.9,0.0999999999999999,0.1999999999999999,0.9,0.9,0.6,0.0,0.7,"8a7558246d37fff,8a7558273327fff,8a7558273337fff,8a755827305ffff,8a75582733b7fff,8a75582730d7fff,8a7558273767fff,8a7558273667fff,8a7558255937fff,8a755825595ffff,8a7558255867fff,8a7558255b07fff,8a7558255b2ffff,8a7558255b77fff,8a7558255b47fff,8a7558255b5ffff,8a7558255b4ffff,8a7558246697fff,8a7558246687fff,8a75582466a7fff",2
-57680164,1116499317#2,0.8,0.8,0.4,0.5,0.4499999999999999,0.2,0.55,0.55,0.3,0.55,0.55,0.5,0.9,0.4,0.4,0.3,0.65,0.8,0.7,0.3,0.8,0.7,0.0,"8a7558246d37fff,8a7558273327fff,8a7558273337fff,8a75582733affff,8a755827338ffff,8a75582732f7fff,8a7558255967fff,8a75582464affff,8a75582464f7fff,8a75582464c7fff,8a75582464cffff,8a7558246797fff,8a755824679ffff,8a7558255b6ffff,8a7558255b4ffff,8a7558246697fff,8a7558246687fff,8a75582466a7fff",2
-57680164,1116499317#2,0.4,0.5,0.2,0.8,0.4499999999999999,0.5,0.55,0.55,0.7,0.55,0.55,0.2,0.5,0.0,0.0,0.6,0.65,0.4,0.0999999999999999,0.6,0.3,0.8,0.5,"8a7558246d37fff,8a7558273327fff,8a7558273337fff,8a755827305ffff,8a75582733b7fff,8a75582730d7fff,8a7558273767fff,8a7558273667fff,8a7558255937fff,8a755825595ffff,8a7558255867fff,8a7558255b07fff,8a755824648ffff,8a75582464f7fff,8a75582464c7fff,8a75582464cffff,8a7558246797fff,8a755824679ffff,8a75582466b7fff,8a7558246697fff,8a7558246687fff,8a75582466a7fff",2
-174375407#2,-41231513#3,0.9,0.9,1.0,0.0,0.4499999999999999,1.0,0.55,0.55,0.55,1.0,1.0,0.8,0.1,0.4499999999999999,0.0,0.0,0.4499999999999999,0.9,0.0,0.0,0.9,0.7,0.4,"8a755824291ffff,8a75582429affff,8a75582429a7fff,8a755824665ffff,8a755824664ffff,8a7558242937fff,8a7558242927fff,8a75582462d7fff,8a75582462c7fff,8a75582462e7fff,8a7558246277fff,8a755824634ffff,8a7558240cb7fff,8a7558240c17fff,8a7558240c37fff,8a7558240c27fff,8a7558240d57fff,8a7558240d77fff,8a7558240d67fff,8a75582446c7fff,8a755824461ffff,8a755824460ffff,8a7558244627fff,8a755824471ffff,8a7558244717fff,8a7558244707fff",0
-174375407#2,-41231513#3,0.1999999999999999,0.1999999999999999,0.5,0.5,0.4499999999999999,0.3,0.55,0.55,0.55,0.3,0.3,0.3,0.8,0.4499999999999999,0.8,0.8,0.4499999999999999,0.4,0.8,0.7,0.1999999999999999,0.0999999999999999,0.8,"8a755824291ffff,8a75582429affff,8a75582429a7fff,8a755824665ffff,8a755824664ffff,8a7558242937fff,8a7558242927fff,8a75582462d7fff,8a75582462c7fff,8a75582462e7fff,8a7558246277fff,8a755824634ffff,8a7558240cb7fff,8a7558240c17fff,8a7558240c37fff,8a7558240c27fff,8a7558240d1ffff,8a7558240daffff,8a7558240da7fff,8a7558246a5ffff,8a7558246a4ffff,8a7558240d17fff,8a7558240d37fff,8a755824469ffff,8a7558240d27fff,8a7558244687fff,8a75582446b7fff,8a7558244787fff,8a7558244797fff,8a75582447a7fff,8a7558244467fff,8a755824446ffff,8a75582447affff,8a7558244737fff,8a755824409ffff,8a7558244707fff,8a7558244717fff",4
-174375407#2,-41231513#3,0.6,0.6,0.6,0.1999999999999999,0.4499999999999999,0.7,0.55,0.55,0.55,0.8,0.7,0.9,0.3,0.4499999999999999,0.1999999999999999,0.1999999999999999,0.4499999999999999,0.7,0.1999999999999999,0.3,0.6,0.4,0.3,"8a755824291ffff,8a75582429affff,8a75582429a7fff,8a755824665ffff,8a755824664ffff,8a7558242937fff,8a7558242927fff,8a75582462d7fff,8a75582462c7fff,8a75582462e7fff,8a7558246277fff,8a755824634ffff,8a7558240cb7fff,8a7558240c17fff,8a7558240c37fff,8a7558240c27fff,8a7558240d57fff,8a7558240d77fff,8a7558240d27fff,8a7558244687fff,8a75582446a7fff,8a755824478ffff,8a75582447affff,8a75582447a7fff,8a755824446ffff,8a7558244467fff,8a7558244097fff,8a755824409ffff,8a7558244707fff,8a7558244717fff",0
-174375407#2,-41231513#3,0.0999999999999999,0.0999999999999999,0.1,0.9,0.4499999999999999,0.2,0.55,0.55,0.55,0.2,0.2,0.3,0.9,0.4499999999999999,0.9,0.9,0.4499999999999999,0.3,0.9,0.8,0.0999999999999999,0.8,0.0999999999999999,"8a755824291ffff,8a75582429affff,8a75582429a7fff,8a755824665ffff,8a755824664ffff,8a7558242937fff,8a7558242927fff,8a75582462d7fff,8a75582462c7fff,8a75582462e7fff,8a7558246277fff,8a755824634ffff,8a7558240cb7fff,8a7558240c17fff,8a7558240c37fff,8a7558240c27fff,8a7558240d1ffff,8a7558240daffff,8a7558240da7fff,8a7558246a5ffff,8a7558246a4ffff,8a7558240d37fff,8a755824469ffff,8a75582446b7fff,8a7558244787fff,8a75582447a7fff,8a7558244467fff,8a7558244097fff,8a755824409ffff,8a7558244737fff,8a755824446ffff,8a75582447affff,8a7558244637fff,8a755824471ffff,8a7558244627fff,8a7558244707fff,8a7558244717fff",4
-174375407#2,-41231513#3,0.5,0.4,0.8,0.3,0.4499999999999999,0.8,0.55,0.55,0.55,0.6,0.5,0.3,0.5,0.4499999999999999,0.5,0.6,0.4499999999999999,0.0999999999999999,0.6,0.5,0.4,0.5,0.1999999999999999,"8a755824291ffff,8a75582429affff,8a75582429a7fff,8a755824665ffff,8a755824664ffff,8a7558242937fff,8a7558242927fff,8a75582462d7fff,8a75582462c7fff,8a75582462e7fff,8a7558246277fff,8a755824634ffff,8a7558240cb7fff,8a7558240c17fff,8a7558240c37fff,8a7558240c27fff,8a7558240d1ffff,8a7558240daffff,8a7558240da7fff,8a7558246a5ffff,8a7558246a4ffff,8a7558246a6ffff,8a755824469ffff,8a75582446b7fff,8a7558244787fff,8a7558244797fff,8a75582447a7fff,8a75582447b7fff,8a7558244467fff,8a755824446ffff,8a755824409ffff,8a7558244707fff,8a7558244717fff",3
-174375407#2,-41231513#3,0.0,0.0,0.2,0.8,0.4499999999999999,0.1,0.55,0.55,0.55,0.1,0.1,0.6,1.0,0.4499999999999999,0.6,0.4,0.4499999999999999,0.5,0.4,0.9,0.0,0.0,0.9,"8a755824291ffff,8a75582429affff,8a75582429a7fff,8a755824665ffff,8a755824664ffff,8a7558242937fff,8a7558242927fff,8a75582462d7fff,8a75582462c7fff,8a75582462e7fff,8a7558246277fff,8a755824634ffff,8a7558240cb7fff,8a7558240c17fff,8a7558240c37fff,8a7558240c27fff,8a7558240d57fff,8a7558240d77fff,8a7558240d67fff,8a7558240d47fff,8a7558240997fff,8a75582446cffff,8a755824460ffff,8a7558244627fff,8a755824471ffff,8a7558244637fff,8a75582447affff,8a755824478ffff,8a75582446a7fff,8a7558244687fff,8a75582446b7fff,8a7558244787fff,8a7558244797fff,8a75582447a7fff,8a7558244467fff,8a7558244097fff,8a755824409ffff,8a755824446ffff,8a7558244737fff,8a7558244707fff,8a7558244717fff",4
-174375407#2,-41231513#3,0.7,0.7,0.3,0.7,0.4499999999999999,0.6,0.55,0.55,0.55,0.5,0.8,0.3,0.6,0.4499999999999999,0.4,0.5,0.4499999999999999,0.1999999999999999,0.5,0.1999999999999999,0.7,0.9,0.0,"8a755824291ffff,8a75582429affff,8a75582429a7fff,8a755824665ffff,8a755824664ffff,8a7558242937fff,8a7558242927fff,8a75582462d7fff,8a75582462c7fff,8a75582462e7fff,8a7558246277fff,8a755824634ffff,8a7558240cb7fff,8a7558240c17fff,8a7558240c37fff,8a7558240c27fff,8a7558240d1ffff,8a7558240daffff,8a7558240da7fff,8a7558246a5ffff,8a7558246a4ffff,8a7558240d07fff,8a7558240d17fff,8a7558240d37fff,8a755824469ffff,8a7558240d27fff,8a7558244687fff,8a75582446a7fff,8a755824478ffff,8a75582447affff,8a7558244637fff,8a755824471ffff,8a7558244627fff,8a7558244717fff,8a7558244707fff",2
-174375407#2,-41231513#3,0.4,0.5,0.7,0.0999999999999999,0.4499999999999999,0.5,0.55,0.55,0.55,0.7,0.6,0.7,0.4,0.4499999999999999,0.3,0.3,0.4499999999999999,0.6,0.3,0.4,0.5,0.3,0.6,"8a755824291ffff,8a75582429affff,8a75582429a7fff,8a755824665ffff,8a755824664ffff,8a7558242937fff,8a7558242927fff,8a75582462d7fff,8a75582462c7fff,8a75582462e7fff,8a7558246277fff,8a755824634ffff,8a7558240cb7fff,8a7558240c17fff,8a7558240c37fff,8a7558240c27fff,8a7558240d57fff,8a7558240d77fff,8a7558240d67fff,8a7558240d47fff,8a7558240997fff,8a75582446cffff,8a755824460ffff,8a755824461ffff,8a7558244617fff,8a7558244637fff,8a75582447affff,8a7558244737fff,8a755824409ffff,8a7558244707fff,8a7558244717fff",1
-174375407#2,-41231513#3,0.8,0.8,0.9,0.4,0.4499999999999999,0.9,0.55,0.55,0.55,0.9,0.9,1.0,0.2,0.4499999999999999,0.0999999999999999,0.0999999999999999,0.4499999999999999,0.8,0.0999999999999999,0.0999999999999999,0.8,0.1999999999999999,0.5,"8a755824291ffff,8a75582429affff,8a75582429a7fff,8a755824665ffff,8a755824664ffff,8a7558242937fff,8a7558242927fff,8a75582462d7fff,8a75582462c7fff,8a75582462e7fff,8a7558246277fff,8a755824634ffff,8a7558240cb7fff,8a7558240c17fff,8a7558240c37fff,8a7558240c27fff,8a7558240d57fff,8a7558240d77fff,8a7558240d27fff,8a755824469ffff,8a75582446b7fff,8a7558244787fff,8a75582447a7fff,8a755824446ffff,8a7558244737fff,8a755824409ffff,8a7558244707fff,8a7558244717fff",0
-174375407#2,-41231513#3,0.3,0.3,0.4,0.6,0.4499999999999999,0.4,0.55,0.55,0.55,0.4,0.4,0.3,0.7,0.4499999999999999,0.7,0.7,0.4499999999999999,0.0,0.7,0.6,0.3,0.6,0.7,"8a755824291ffff,8a75582429affff,8a75582429a7fff,8a755824665ffff,8a755824664ffff,8a7558242937fff,8a7558242927fff,8a75582462d7fff,8a75582462c7fff,8a75582462e7fff,8a7558246277fff,8a755824634ffff,8a7558240cb7fff,8a7558240c17fff,8a7558240c37fff,8a7558240c27fff,8a7558240d1ffff,8a7558240daffff,8a7558240da7fff,8a7558246a5ffff,8a7558246a4ffff,8a7558246a67fff,8a755824469ffff,8a7558240d27fff,8a7558244687fff,8a75582446b7fff,8a7558244787fff,8a75582447a7fff,8a75582447b7fff,8a7558244467fff,8a7558244097fff,8a755824409ffff,8a755824446ffff,8a7558244737fff,8a7558244707fff,8a7558244717fff",4
-57099585#1,-22561652#3,0.8333333333333334,0.8333333333333334,0.6666666666666666,0.6666666666666667,0.8333333333333334,0.5,0.5833333333333334,0.5833333333333334,1.0,1.0,0.5833333333333334,0.5833333333333334,0.1666666666666666,0.5,0.8333333333333334,0.8333333333333334,0.0,0.8333333333333334,0.8333333333333334,0.75,0.8333333333333334,0.3333333333333333,0.1666666666666666,"8a7558250b2ffff,8a7558255797fff,8a75582556a7fff,8a755825571ffff,8a755825572ffff,8a75582550d7fff,8a7558255047fff,8a7558255a97fff,8a7558255a77fff,8a7558255a67fff,8a7558255b4ffff,8a7558246697fff,8a7558246687fff,8a75582466affff,8a75582466f7fff,8a75582466c7fff,8a75582466effff",2
-57099585#1,-22561652#3,0.0,0.0,0.5,0.3333333333333333,0.3333333333333333,0.8333333333333334,0.5833333333333334,0.5833333333333334,0.1666666666666666,0.1666666666666666,0.5833333333333334,0.5833333333333334,1.0,0.3333333333333333,0.1666666666666666,0.1666666666666666,0.6666666666666667,0.0,0.1666666666666666,0.5,0.0,0.1666666666666666,0.6666666666666667,"8a7558250b2ffff,8a7558255797fff,8a75582556a7fff,8a755825571ffff,8a755825572ffff,8a75582550d7fff,8a7558255047fff,8a7558255a97fff,8a7558255a77fff,8a7558255aa7fff,8a755825516ffff,8a7558255a37fff,8a7558255b57fff,8a7558255b5ffff,8a7558255a67fff,8a7558255b4ffff,8a7558246697fff,8a7558246687fff,8a755824668ffff,8a75582466f7fff,8a75582466c7fff,8a75582466effff",1
-57099585#1,-22561652#3,0.5,0.5,0.1666666666666666,0.1666666666666666,0.3333333333333333,0.1666666666666666,0.5833333333333334,0.5833333333333334,0.6666666666666666,0.8333333333333334,0.5833333333333334,0.5833333333333334,0.5,0.0,0.3333333333333333,0.5,0.6666666666666667,0.6666666666666667,0.5,0.75,0.5,0.6666666666666667,0.5,"8a7558250b2ffff,8a7558255797fff,8a75582556a7fff,8a755825571ffff,8a755825572ffff,8a75582550d7fff,8a7558255047fff,8a7558255a97fff,8a7558255a77fff,8a7558255a67fff,8a7558255b4ffff,8a7558246697fff,8a7558246687fff,8a755824668ffff,8a75582466f7fff,8a75582466c7fff,8a75582466effff",2
-57099585#1,-22561652#3,0.1666666666666666,0.1666666666666666,1.0,0.8333333333333334,0.3333333333333333,1.0,0.5833333333333334,0.5833333333333334,0.5,0.3333333333333333,0.5833333333333334,0.5833333333333334,0.8333333333333334,0.8333333333333334,0.6666666666666667,0.6666666666666667,0.3333333333333333,0.1666666666666666,0.6666666666666667,0.3333333333333333,0.1666666666666666,0.0,0.8333333333333334,"8a7558250b2ffff,8a7558255797fff,8a75582556a7fff,8a755825571ffff,8a755825572ffff,8a75582550d7fff,8a7558255047fff,8a7558255a97fff,8a7558255a77fff,8a7558255aa7fff,8a755825516ffff,8a7558255a37fff,8a7558255b57fff,8a7558255b5ffff,8a7558255a67fff,8a7558255b4ffff,8a7558246697fff,8a7558246687fff,8a75582466affff,8a75582466f7fff,8a75582466c7fff,8a75582466effff",3
-57099585#1,-22561652#3,0.6666666666666667,0.6666666666666667,0.8333333333333334,0.5,0.3333333333333333,0.6666666666666666,0.5833333333333334,0.5833333333333334,0.8333333333333334,0.6666666666666666,0.5833333333333334,0.5833333333333334,0.3333333333333333,0.6666666666666667,0.5,0.3333333333333333,0.1666666666666666,0.5,0.3333333333333333,0.0,0.6666666666666667,0.5,0.0,"8a7558250b2ffff,8a7558255797fff,8a75582556a7fff,8a755825571ffff,8a755825572ffff,8a75582550d7fff,8a7558255047fff,8a7558255a97fff,8a7558255a77fff,8a7558255b5ffff,8a7558255a67fff,8a7558255b4ffff,8a7558246697fff,8a7558246687fff,8a75582466affff,8a75582466f7fff,8a75582466c7fff,8a75582466effff",0
-57099585#1,-22561652#3,0.3333333333333333,0.3333333333333333,0.3333333333333333,0.0,0.3333333333333333,0.3333333333333333,0.5833333333333334,0.5833333333333334,0.3333333333333333,0.5,0.5833333333333334,0.5833333333333334,0.6666666666666666,0.1666666666666666,0.0,0.0,0.6666666666666667,0.3333333333333333,0.0,0.1666666666666666,0.3333333333333333,0.8333333333333334,0.3333333333333333,"8a7558250b2ffff,8a7558255797fff,8a75582556a7fff,8a755825571ffff,8a755825572ffff,8a75582550d7fff,8a7558255047fff,8a7558255a97fff,8a7558255a77fff,8a7558255b5ffff,8a7558255a67fff,8a7558255b4ffff,8a7558246697fff,8a7558246687fff,8a755824668ffff,8a75582466f7fff,8a75582466c7fff,8a75582466effff",1
-1020092139#1,-41231515#0,0.9,0.9,0.25,0.75,0.7,0.3,0.55,0.55,0.55,0.55,0.55,0.45,0.65,0.4499999999999999,0.55,0.55,0.4499999999999999,0.9,0.55,0.4499999999999999,0.9,0.3,0.6,"8a7558244097fff,8a755824409ffff,8a755824446ffff,8a75582447a7fff,8a7558244787fff",2
-1020092139#1,-41231515#0,0.1999999999999999,0.1999999999999999,0.6,0.4,0.1999999999999999,0.7,0.55,0.55,0.55,0.55,0.55,1.0,0.1,0.4499999999999999,0.0,0.0,0.4499999999999999,0.5,0.0,0.4499999999999999,0.1999999999999999,0.1999999999999999,0.7,"8a7558244097fff,8a755824409ffff,8a7558244707fff,8a7558244717fff,8a755824471ffff,8a7558244627fff,8a755824460ffff,8a755824461ffff,8a75582446c7fff,8a7558240d67fff,8a7558240d77fff,8a7558240d27fff,8a7558244687fff,8a75582446b7fff,8a7558244787fff,8a75582447a7fff",1
-1020092139#1,-41231515#0,0.4,0.5,0.25,0.75,0.7,0.3,0.55,0.55,0.55,0.55,0.55,0.45,0.65,0.4499999999999999,0.55,0.55,0.4499999999999999,0.4,0.55,0.4499999999999999,0.5,0.0999999999999999,0.8,"8a7558244097fff,8a755824409ffff,8a7558244737fff,8a755824446ffff,8a7558244467fff,8a7558244477fff,8a75582447b7fff,8a75582447a7fff,8a7558244797fff,8a7558244787fff",2
-1020092139#1,-41231515#0,0.5,0.4,1.0,0.0,0.1999999999999999,1.0,0.55,0.55,0.55,0.55,0.55,0.45,0.65,0.4499999999999999,0.55,0.55,0.4499999999999999,0.7,0.55,0.4499999999999999,0.4,0.7,0.0999999999999999,"8a7558244097fff,8a755824409ffff,8a7558244737fff,8a755824446ffff,8a75582447a7fff,8a75582447affff,8a755824478ffff,8a75582446a7fff,8a7558244687fff,8a75582446b7fff,8a7558244787fff",3
-1020092139#1,-41231515#0,0.7,0.6,0.5,0.5,0.7,0.3,0.55,0.55,0.55,0.55,0.55,0.45,0.65,0.4499999999999999,0.55,0.55,0.4499999999999999,0.0,0.55,0.4499999999999999,0.7,0.9,0.0,"8a7558244097fff,8a755824409ffff,8a7558244707fff,8a7558244717fff,8a755824471ffff,8a7558244637fff,8a75582447affff,8a75582447a7fff,8a7558244787fff",2
-1020092139#1,-41231515#0,0.0999999999999999,0.0999999999999999,0.8,0.1999999999999999,0.1999999999999999,0.8,0.55,0.55,0.55,0.55,0.55,0.45,0.65,0.4499999999999999,0.55,0.55,0.4499999999999999,0.3,0.55,0.4499999999999999,0.0999999999999999,0.6,0.1999999999999999,"8a7558244097fff,8a755824409ffff,8a755824446ffff,8a75582447a7fff,8a75582447affff,8a7558244737fff,8a7558244707fff,8a7558244717fff,8a755824471ffff,8a7558244627fff,8a755824460ffff,8a755824461ffff,8a7558244617fff,8a7558244637fff,8a755824478ffff,8a75582446a7fff,8a7558244687fff,8a75582446b7fff,8a7558244787fff",3
-1020092139#1,-41231515#0,0.0,0.0,0.9,0.0999999999999999,0.1999999999999999,0.6,0.55,0.55,0.55,0.55,0.55,0.9,0.2,0.4499999999999999,0.0999999999999999,0.0999999999999999,0.4499999999999999,0.1999999999999999,0.0999999999999999,0.4499999999999999,0.0,0.5,0.4,"8a7558244097fff,8a755824409ffff,8a7558244737fff,8a755824446ffff,8a75582447a7fff,8a75582447affff,8a7558244637fff,8a7558244617fff,8a755824461ffff,8a755824468ffff,8a75582446dffff,8a75582446c7fff,8a7558240d67fff,8a7558240d77fff,8a7558240d27fff,8a755824469ffff,8a75582446b7fff,8a7558244787fff",1
-1020092139#1,-41231515#0,0.6,0.7,0.25,0.75,0.7,0.3,0.55,0.55,0.55,0.55,0.55,0.45,0.65,0.4499999999999999,0.55,0.55,0.4499999999999999,0.0999999999999999,0.55,0.4499999999999999,0.6,0.0,0.9,"8a755824409ffff,8a7558244097fff,8a7558244467fff,8a7558244477fff,8a75582447b7fff,8a75582447a7fff,8a7558244787fff",2
-1020092139#1,-41231515#0,0.3,0.3,0.7,0.3,0.1999999999999999,0.9,0.55,0.55,0.55,0.55,0.55,0.45,0.65,0.4499999999999999,0.55,0.55,0.4499999999999999,0.6,0.55,0.4499999999999999,0.3,0.8,0.3,"8a755824409ffff,8a7558244097fff,8a7558244467fff,8a755824446ffff,8a7558244737fff,8a7558244707fff,8a7558244717fff,8a755824471ffff,8a7558244637fff,8a75582447affff,8a755824478ffff,8a75582446a7fff,8a7558244687fff,8a75582446b7fff,8a7558244787fff,8a75582447a7fff",3
-1020092139#1,-41231515#0,0.8,0.8,0.25,0.75,0.7,0.3,0.55,0.55,0.55,0.55,0.55,0.45,0.65,0.4499999999999999,0.55,0.55,0.4499999999999999,0.8,0.55,0.4499999999999999,0.8,0.4,0.5,"8a7558244097fff,8a755824409ffff,8a7558244737fff,8a755824446ffff,8a75582447a7fff,8a7558244787fff",2
41273137#2,-41231515#0,0.9,0.9,0.4,0.8,0.65,0.35,0.55,0.55,0.55,0.55,0.55,0.45,0.65,0.4499999999999999,0.55,0.55,0.4499999999999999,0.7,0.55,0.4499999999999999,0.9,0.6,0.8,"8a7558244707fff,8a755824408ffff,8a75582440affff,8a7558244087fff,8a755824409ffff,8a7558244737fff,8a755824446ffff,8a75582447a7fff,8a7558244787fff",2
41273137#2,-41231515#0,0.3,0.3,0.9,0.0999999999999999,0.15,0.9,0.55,0.55,0.55,0.55,0.55,0.45,0.65,0.4499999999999999,0.55,0.55,0.4499999999999999,0.6,0.55,0.4499999999999999,0.1999999999999999,0.7,0.3,"8a7558244707fff,8a755824408ffff,8a75582440affff,8a7558244017fff,8a75582441affff,8a755824418ffff,8a75582440a7fff,8a7558244087fff,8a755824409ffff,8a7558244717fff,8a755824471ffff,8a7558244637fff,8a75582447affff,8a755824478ffff,8a75582446a7fff,8a7558244687fff,8a75582446b7fff,8a7558244787fff,8a75582447a7fff",3
41273137#2,-41231515#0,0.5,0.5,0.15,0.55,0.65,0.35,0.55,0.55,0.55,0.55,0.55,0.45,0.65,0.4499999999999999,0.55,0.55,0.4499999999999999,0.3,0.55,0.4499999999999999,0.6,0.0,0.7,"8a7558244707fff,8a755824408ffff,8a75582440affff,8a7558244017fff,8a755824418ffff,8a7558244087fff,8a755824409ffff,8a755824446ffff,8a7558244467fff,8a7558244477fff,8a75582447b7fff,8a75582447a7fff,8a7558244787fff",2
41273137#2,-41231515#0,0.0999999999999999,0.0999999999999999,0.8,0.1999999999999999,0.15,0.7,0.55,0.55,0.55,0.55,0.55,1.0,0.1,0.4499999999999999,0.0,0.0,0.4499999999999999,0.5,0.0,0.4499999999999999,0.0999999999999999,0.1999999999999999,0.6,"8a7558244707fff,8a755824408ffff,8a75582440affff,8a7558244087fff,8a755824409ffff,8a7558244717fff,8a755824471ffff,8a7558244627fff,8a755824460ffff,8a755824461ffff,8a75582446c7fff,8a7558240d67fff,8a7558240d77fff,8a7558240d27fff,8a755824469ffff,8a75582446b7fff,8a7558244787fff,8a75582447a7fff",1
41273137#2,-41231515#0,0.0,0.0,0.7,0.3,0.15,0.8,0.55,0.55,0.55,0.55,0.55,0.9,0.2,0.4499999999999999,0.0999999999999999,0.0999999999999999,0.4499999999999999,0.8,0.0999999999999999,0.4499999999999999,0.0,0.4,0.1999999999999999,"8a7558244707fff,8a755824408ffff,8a75582440affff,8a7558244087fff,8a755824409ffff,8a7558244737fff,8a755824446ffff,8a75582447a7fff,8a75582447affff,8a7558244637fff,8a7558244617fff,8a755824461ffff,8a755824468ffff,8a75582446d7fff,8a7558240d27fff,8a7558240d77fff,8a7558240d67fff,8a7558244687fff,8a75582446b7fff,8a7558244787fff",1
41273137#2,-41231515#0,0.1999999999999999,0.1999999999999999,0.6,0.4,0.65,0.35,0.55,0.55,0.55,0.55,0.55,0.45,0.65,0.4499999999999999,0.55,0.55,0.4499999999999999,0.1999999999999999,0.55,0.4499999999999999,0.5,0.0999999999999999,0.4,"8a7558244707fff,8a755824408ffff,8a75582440affff,8a7558244087fff,8a755824409ffff,8a7558244717fff,8a755824471ffff,8a7558244637fff,8a75582447affff,8a7558244737fff,8a755824446ffff,8a7558244097fff,8a7558244467fff,8a7558244477fff,8a75582447b7fff,8a75582447a7fff,8a7558244787fff",4
41273137#2,-41231515#0,0.6,0.7,0.4,0.8,0.65,0.35,0.55,0.55,0.55,0.55,0.55,0.45,0.65,0.4499999999999999,0.55,0.55,0.4499999999999999,0.4,0.55,0.4499999999999999,0.7,0.5,0.5,"8a7558244707fff,8a755824408ffff,8a75582440affff,8a7558244017fff,8a755824418ffff,8a75582440a7fff,8a7558244087fff,8a755824409ffff,8a7558244097fff,8a7558244467fff,8a755824446ffff,8a75582447a7fff,8a7558244787fff",2
41273137#2,-41231515#0,0.7,0.6,1.0,0.0,0.15,1.0,0.55,0.55,0.55,0.55,0.55,0.45,0.65,0.4499999999999999,0.55,0.55,0.4499999999999999,0.9,0.55,0.4499999999999999,0.4,0.8,0.0999999999999999,"8a7558244707fff,8a755824408ffff,8a75582440affff,8a7558244087fff,8a755824409ffff,8a755824446ffff,8a75582447a7fff,8a75582447affff,8a755824478ffff,8a75582446a7fff,8a7558244687fff,8a75582446b7fff,8a7558244787fff",3
41273137#2,-41231515#0,0.4,0.4,0.15,0.55,0.65,0.35,0.55,0.55,0.55,0.55,0.55,0.45,0.65,0.4499999999999999,0.55,0.55,0.4499999999999999,0.0,0.55,0.4499999999999999,0.3,0.3,0.9,"8a7558244707fff,8a755824408ffff,8a75582440affff,8a7558244087fff,8a755824409ffff,8a7558244737fff,8a755824446ffff,8a7558244097fff,8a7558244467fff,8a7558244477fff,8a75582447b7fff,8a75582447a7fff,8a7558244797fff,8a7558244787fff",4
41273137#2,-41231515#0,0.8,0.8,0.4,0.8,0.65,0.35,0.55,0.55,0.55,0.55,0.55,0.45,0.65,0.4499999999999999,0.55,0.55,0.4499999999999999,0.0999999999999999,0.55,0.4499999999999999,0.8,0.9,0.0,"8a7558244707fff,8a755824408ffff,8a75582440affff,8a7558244087fff,8a755824409ffff,8a7558244717fff,8a755824471ffff,8a7558244637fff,8a75582447affff,8a75582447a7fff,8a7558244787fff",2
79119287#2,1116499317#2,0.1999999999999999,0.3,0.8,0.0,0.1999999999999999,0.6,0.55,0.55,0.3,0.3,0.9,0.7,0.4,0.7,0.7,0.4,0.5,0.5,0.7,0.0999999999999999,0.3,0.0,0.8,"8a75582446cffff,8a755824460ffff,8a7558244627fff,8a755824471ffff,8a7558244767fff,8a75582440c7fff,8a7558244c27fff,8a7558244c87fff,8a7558271257fff,8a75582712e7fff,8a7558246d27fff,8a7558246d37fff,8a7558273327fff,8a7558273337fff,8a75582733affff,8a755827338ffff,8a75582732f7fff,8a7558255967fff,8a75582464affff,8a75582464f7fff,8a755824648ffff,8a7558255b07fff,8a7558255b2ffff,8a7558255b77fff,8a7558255b47fff,8a7558255b5ffff,8a7558255b4ffff,8a7558246697fff,8a7558246687fff,8a75582466a7fff",3
79119287#2,1116499317#2,0.6,0.6,0.2,0.8,0.7,0.2,0.55,0.55,0.5,0.7,0.3,0.1,0.9,0.3,0.4,0.6,0.3,0.0,0.4,0.7,0.6,0.7,0.4,"8a75582446cffff,8a755824460ffff,8a755824461ffff,8a75582446c7fff,8a7558240d67fff,8a7558240d77fff,8a7558240d27fff,8a755824469ffff,8a7558246a6ffff,8a7558246a4ffff,8a7558246a5ffff,8a7558240da7fff,8a7558240daffff,8a7558240d1ffff,8a7558240c27fff,8a7558240c37fff,8a7558240c17fff,8a7558240cb7fff,8a755824634ffff,8a7558246277fff,8a75582462e7fff,8a75582462c7fff,8a75582462d7fff,8a7558242927fff,8a7558242937fff,8a755824664ffff,8a755824665ffff,8a75582466effff,8a75582466c7fff,8a75582466f7fff,8a75582466affff,8a7558246687fff,8a75582466a7fff",2
79119287#2,1116499317#2,0.0,0.0,0.45,0.4,0.1999999999999999,0.9,0.55,0.55,0.9,0.3,0.6,0.9,0.2,0.5,0.1999999999999999,0.8,0.8,0.3,0.3,0.3,0.0,0.4,0.7,"8a75582446cffff,8a755824460ffff,8a7558244627fff,8a755824471ffff,8a7558244767fff,8a75582440c7fff,8a7558244c27fff,8a7558244c87fff,8a7558271257fff,8a75582712e7fff,8a7558246d27fff,8a7558273a0ffff,8a7558273aaffff,8a7558273a87fff,8a7558273337fff,8a755827305ffff,8a75582733b7fff,8a75582730d7fff,8a7558273767fff,8a7558273667fff,8a7558255937fff,8a755825595ffff,8a7558255867fff,8a7558255b07fff,8a755824648ffff,8a75582464f7fff,8a75582464c7fff,8a75582464cffff,8a7558246797fff,8a755824679ffff,8a75582466b7fff,8a7558246697fff,8a7558246687fff,8a75582466a7fff",1
79119287#2,1116499317#2,0.7,0.7,1.0,0.5,0.7,0.5,0.55,0.55,0.6,1.0,0.3,0.4,0.5,0.1999999999999999,0.3,0.1999999999999999,0.1999999999999999,0.8,0.0999999999999999,0.7,0.7,0.5,0.3,"8a75582446cffff,8a755824460ffff,8a755824461ffff,8a755824468ffff,8a75582446d7fff,8a7558240d27fff,8a7558240d77fff,8a7558240d67fff,8a7558240d57fff,8a7558240d47fff,8a7558240c67fff,8a7558240c07fff,8a7558240c37fff,8a7558240c17fff,8a7558240cb7fff,8a755824634ffff,8a7558246277fff,8a75582462e7fff,8a75582462c7fff,8a75582462d7fff,8a7558242927fff,8a7558242937fff,8a755824664ffff,8a755824665ffff,8a75582466effff,8a75582466c7fff,8a75582466f7fff,8a75582466affff,8a7558246687fff,8a75582466a7fff",0
79119287#2,1116499317#2,0.4,0.1999999999999999,0.9,0.1999999999999999,0.1999999999999999,1.0,0.55,0.55,0.2,0.3,0.8,1.0,0.3,0.8,0.8,0.5,0.8,0.6,0.8,0.1999999999999999,0.1999999999999999,0.3,0.5,"8a75582446cffff,8a755824460ffff,8a7558244627fff,8a755824471ffff,8a7558244767fff,8a75582440c7fff,8a7558244c27fff,8a7558244c87fff,8a7558271257fff,8a75582712e7fff,8a7558246d27fff,8a7558273a0ffff,8a7558273aaffff,8a7558273a87fff,8a7558273337fff,8a75582733affff,8a755827338ffff,8a75582732f7fff,8a7558255967fff,8a75582464affff,8a75582464f7fff,8a75582464c7fff,8a75582464cffff,8a7558246797fff,8a755824679ffff,8a7558255b6ffff,8a7558255b4ffff,8a7558246697fff,8a7558246687fff,8a75582466a7fff",3
79119287#2,1116499317#2,0.5,0.5,0.1,0.9,0.7,0.1,0.55,0.55,0.4,0.6,0.3,0.2,1.0,0.4,0.5,0.7,0.4,0.0999999999999999,0.5,0.7,0.5,0.9,0.1999999999999999,"8a75582446cffff,8a755824460ffff,8a7558244627fff,8a755824471ffff,8a7558244637fff,8a7558244617fff,8a755824461ffff,8a755824468ffff,8a75582446d7fff,8a7558240d27fff,8a7558240d77fff,8a75582446dffff,8a75582446c7fff,8a7558240d67fff,8a7558240d57fff,8a7558240c27fff,8a7558240c37fff,8a7558240c17fff,8a7558240cb7fff,8a755824634ffff,8a7558246277fff,8a75582462e7fff,8a75582462c7fff,8a75582462d7fff,8a7558242927fff,8a7558242937fff,8a755824664ffff,8a755824665ffff,8a75582466effff,8a75582466c7fff,8a75582466f7fff,8a75582466affff,8a7558246687fff,8a75582466a7fff",2
79119287#2,1116499317#2,0.0999999999999999,0.0999999999999999,0.3,0.3,0.1999999999999999,0.8,0.55,0.55,1.0,0.3,0.7,0.6,0.1,0.9,0.9,0.9,0.6,0.1999999999999999,0.9,0.4,0.0999999999999999,0.1999999999999999,0.9,"8a75582446cffff,8a755824460ffff,8a7558244627fff,8a755824471ffff,8a7558244767fff,8a75582440c7fff,8a7558244c27fff,8a7558244c87fff,8a7558271257fff,8a75582712e7fff,8a7558246d27fff,8a7558246d37fff,8a7558273327fff,8a7558273337fff,8a755827305ffff,8a75582733b7fff,8a75582730d7fff,8a7558273767fff,8a7558273667fff,8a7558255937fff,8a755825595ffff,8a7558255867fff,8a7558255b07fff,8a7558255b2ffff,8a7558255b77fff,8a7558255b47fff,8a7558255b5ffff,8a7558255b4ffff,8a7558246697fff,8a7558246687fff,8a75582466a7fff",4
79119287#2,1116499317#2,0.9,0.9,0.7,0.6,0.7,0.4,0.55,0.55,0.8,0.9,0.3,0.5,0.7,0.0,0.0,0.0,0.0,0.4,0.0,0.7,0.9,0.6,0.0,"8a75582446cffff,8a755824460ffff,8a755824461ffff,8a75582446c7fff,8a7558240d67fff,8a7558240d77fff,8a7558240d57fff,8a7558240c27fff,8a7558240c37fff,8a7558240c17fff,8a7558240cb7fff,8a755824634ffff,8a7558246277fff,8a75582462e7fff,8a75582462c7fff,8a75582462d7fff,8a7558242927fff,8a7558242937fff,8a755824664ffff,8a7558246647fff,8a755824665ffff,8a75582466effff,8a75582466c7fff,8a75582466f7fff,8a75582466affff,8a7558246687fff,8a75582466a7fff",0
79119287#2,1116499317#2,0.8,0.8,0.45,0.7,0.7,0.3,0.55,0.55,0.7,0.8,0.3,0.3,0.8,0.0999999999999999,0.0999999999999999,0.0999999999999999,0.0999999999999999,0.9,0.1999999999999999,0.7,0.8,0.8,0.0999999999999999,"8a75582446cffff,8a755824460ffff,8a755824461ffff,8a755824468ffff,8a75582446d7fff,8a7558240d27fff,8a7558240d77fff,8a7558240d67fff,8a7558240d57fff,8a7558240c27fff,8a7558240c37fff,8a7558240c17fff,8a7558240cb7fff,8a755824634ffff,8a7558246277fff,8a75582462e7fff,8a75582462c7fff,8a75582462d7fff,8a7558242927fff,8a7558242937fff,8a755824664ffff,8a755824665ffff,8a75582466effff,8a75582466c7fff,8a75582466f7fff,8a75582466affff,8a7558246687fff,8a75582466a7fff",0
79119287#2,1116499317#2,0.3,0.4,0.6,0.0999999999999999,0.1999999999999999,0.7,0.55,0.55,0.1,0.3,1.0,0.8,0.6,0.6,0.6,0.3,0.8,0.7,0.6,0.0,0.4,0.0999999999999999,0.6,"8a75582446cffff,8a755824460ffff,8a7558244627fff,8a755824471ffff,8a7558244767fff,8a75582440c7fff,8a7558244c27fff,8a7558244c87fff,8a7558271257fff,8a75582712e7fff,8a7558246d27fff,8a7558246d37fff,8a7558273327fff,8a7558273337fff,8a75582733affff,8a755827338ffff,8a75582732f7fff,8a7558255967fff,8a75582464affff,8a75582464f7fff,8a75582464c7fff,8a75582464cffff,8a7558246797fff,8a755824679ffff,8a75582466b7fff,8a7558246697fff,8a7558246687fff,8a75582466a7fff",3
79559552#0,-41273141#1,0.7,0.7,0.9,0.0999999999999999,0.25,0.7,0.55,0.55,0.55,0.55,0.55,0.4,0.7,0.4499999999999999,0.6,0.6,0.4499999999999999,0.7,0.6,0.4499999999999999,0.7,0.0,0.9,"8a7558246b5ffff,8a7558246b4ffff,8a7558244697fff,8a755824469ffff,8a75582446b7fff,8a7558244787fff,8a7558244797fff,8a75582447a7fff,8a7558244467fff,8a7558244097fff,8a755824409ffff,8a7558244087fff,8a75582440affff",3
79559552#0,-41273141#1,0.3,0.3,0.2,0.8,0.75,0.25,0.55,0.55,0.55,0.55,0.55,0.9,0.2,0.4499999999999999,0.0999999999999999,0.0999999999999999,0.4499999999999999,0.1999999999999999,0.0999999999999999,0.4499999999999999,0.1999999999999999,0.8,0.0,"8a7558246b5ffff,8a7558246b4ffff,8a7558244697fff,8a755824469ffff,8a7558246a6ffff,8a7558246a4ffff,8a7558246a5ffff,8a7558240da7fff,8a7558240daffff,8a7558240d1ffff,8a7558240c27fff,8a7558240d57fff,8a7558240d77fff,8a7558240d27fff,8a7558244687fff,8a75582446a7fff,8a755824478ffff,8a75582447affff,8a7558244637fff,8a755824471ffff,8a7558244627fff,8a7558244707fff,8a755824408ffff,8a75582440affff",0
79559552#0,-41273141#1,0.5,0.5,0.7,0.3,0.25,0.9,0.55,0.55,0.55,0.55,0.55,0.4,0.7,0.4499999999999999,0.6,0.6,0.4499999999999999,0.4,0.6,0.4499999999999999,0.5,0.5,0.8,"8a7558246b5ffff,8a7558246b4ffff,8a7558244697fff,8a755824469ffff,8a7558240d27fff,8a7558244687fff,8a75582446b7fff,8a7558244787fff,8a75582447a7fff,8a755824446ffff,8a7558244737fff,8a755824409ffff,8a7558244707fff,8a7558244717fff,8a755824471ffff,8a755824408ffff,8a75582440affff",3
79559552#0,-41273141#1,0.6,0.6,0.3,0.7,0.75,0.25,0.55,0.55,0.55,0.55,0.55,1.0,0.1,0.4499999999999999,0.0,0.0,0.4499999999999999,0.6,0.0,0.4499999999999999,0.6,0.6,0.3,"8a7558246b5ffff,8a7558246b4ffff,8a7558244697fff,8a755824469ffff,8a7558240d27fff,8a7558240d77fff,8a7558240d57fff,8a7558240d67fff,8a75582446c7fff,8a755824461ffff,8a755824460ffff,8a7558244627fff,8a755824471ffff,8a7558244717fff,8a7558244707fff,8a755824409ffff,8a7558244087fff,8a75582440affff",0
79559552#0,-41273141#1,0.9,0.9,0.1,0.9,0.75,0.25,0.55,0.55,0.55,0.55,0.55,0.4,0.7,0.4499999999999999,0.6,0.6,0.4499999999999999,0.9,0.6,0.4499999999999999,0.9,0.4,0.5,"8a7558246b5ffff,8a7558246b4ffff,8a7558244697fff,8a755824469ffff,8a7558240d27fff,8a7558244687fff,8a75582446a7fff,8a755824478ffff,8a75582447affff,8a7558244737fff,8a755824409ffff,8a7558244087fff,8a75582440affff",2
79559552#0,-41273141#1,0.0999999999999999,0.0999999999999999,0.8,0.1999999999999999,0.25,0.8,0.55,0.55,0.55,0.55,0.55,0.4,0.7,0.4499999999999999,0.6,0.6,0.4499999999999999,0.0999999999999999,0.6,0.4499999999999999,0.0999999999999999,0.3,0.0999999999999999,"8a7558246b5ffff,8a7558246b4ffff,8a7558244697fff,8a755824469ffff,8a75582446b7fff,8a7558244787fff,8a75582447a7fff,8a75582447b7fff,8a7558244467fff,8a7558244097fff,8a755824409ffff,8a7558244737fff,8a755824446ffff,8a75582447affff,8a7558244637fff,8a755824471ffff,8a7558244627fff,8a7558244707fff,8a7558244717fff,8a7558244087fff,8a75582440affff",3
79559552#0,-41273141#1,0.0,0.0,0.5,0.5,0.25,0.5,0.55,0.55,0.55,0.55,0.55,0.4,0.7,0.4499999999999999,0.6,0.6,0.4499999999999999,0.5,0.6,0.4499999999999999,0.0,0.7,0.6,"8a7558246b5ffff,8a7558246b4ffff,8a7558244697fff,8a755824469ffff,8a7558240d27fff,8a7558244687fff,8a75582446a7fff,8a755824478ffff,8a75582447affff,8a7558244637fff,8a7558244617fff,8a755824461ffff,8a755824468ffff,8a75582446d7fff,8a7558240d77fff,8a75582446dffff,8a75582446c7fff,8a755824460ffff,8a7558244627fff,8a755824471ffff,8a7558244707fff,8a755824408ffff,8a75582440affff",4
79559552#0,-41273141#1,0.1999999999999999,0.1999999999999999,0.4,0.6,0.75,0.25,0.55,0.55,0.55,0.55,0.55,0.8,0.3,0.4499999999999999,0.1999999999999999,0.1999999999999999,0.4499999999999999,0.0,0.1999999999999999,0.4499999999999999,0.3,0.9,0.1999999999999999,"8a7558246b5ffff,8a7558246b4ffff,8a7558244697fff,8a755824469ffff,8a7558240d27fff,8a7558240d77fff,8a7558240d57fff,8a7558240d67fff,8a75582446dffff,8a75582446c7fff,8a75582446e7fff,8a755824461ffff,8a7558244617fff,8a7558244637fff,8a75582447affff,8a7558244737fff,8a755824409ffff,8a7558244707fff,8a7558244717fff,8a755824471ffff,8a755824408ffff,8a75582440affff",1
79559552#0,-41273141#1,0.8,0.8,1.0,0.0,0.25,1.0,0.55,0.55,0.55,0.55,0.55,0.4,0.7,0.4499999999999999,0.6,0.6,0.4499999999999999,0.8,0.6,0.4499999999999999,0.8,0.0999999999999999,0.4,"8a7558246b5ffff,8a7558246b4ffff,8a7558244697fff,8a755824469ffff,8a75582446b7fff,8a7558244787fff,8a75582447a7fff,8a75582447affff,8a7558244737fff,8a755824409ffff,8a7558244087fff,8a75582440affff",3
79559552#0,-41273141#1,0.4,0.4,0.6,0.4,0.25,0.6,0.55,0.55,0.55,0.55,0.55,0.4,0.7,0.4499999999999999,0.6,0.6,0.4499999999999999,0.3,0.6,0.4499999999999999,0.4,0.1999999999999999,0.7,"8a7558246b5ffff,8a7558246b4ffff,8a7558244697fff,8a755824469ffff,8a75582446b7fff,8a7558244787fff,8a7558244797fff,8a75582447a7fff,8a75582447b7fff,8a7558244467fff,8a755824446ffff,8a755824409ffff,8a7558244707fff,8a7558244717fff,8a755824471ffff,8a755824408ffff,8a75582440affff",3
174375408#0,-561133130#1,0.8333333333333334,0.6666666666666667,1.0,0.6666666666666667,0.75,0.6666666666666666,0.5833333333333334,0.5833333333333334,1.0,0.6666666666666666,0.5833333333333334,0.5,0.3333333333333333,0.3333333333333333,0.5,0.5,0.1666666666666666,0.1666666666666666,0.6666666666666667,0.6666666666666667,0.6666666666666667,0.6666666666666667,0.1666666666666666,"8a755824664ffff,8a7558246647fff,8a755824665ffff,8a75582466effff,8a75582466c7fff,8a75582466f7fff,8a75582466affff,8a7558246687fff,8a7558246697fff,8a75582466b7fff,8a755824679ffff,8a7558246797fff",2
174375408#0,-561133130#1,0.1666666666666666,0.1666666666666666,0.1666666666666666,0.3333333333333333,0.1666666666666666,0.1666666666666666,0.5833333333333334,0.5833333333333334,0.5,0.3333333333333333,0.5833333333333334,0.5,0.8333333333333334,0.5,0.6666666666666667,0.6666666666666667,0.6666666666666667,0.3333333333333333,0.5,0.3333333333333333,0.1666666666666666,0.1666666666666666,0.6666666666666667,"8a755824664ffff,8a7558246647fff,8a755824665ffff,8a75582466effff,8a75582466c7fff,8a75582466f7fff,8a75582466affff,8a7558246687fff,8a7558246697fff,8a7558255a67fff,8a7558255b4ffff,8a7558255b5ffff,8a7558255b47fff,8a7558255b77fff,8a7558255b2ffff,8a7558255b07fff,8a755824648ffff,8a75582464f7fff,8a75582464c7fff,8a75582464cffff,8a7558246797fff,8a755824679ffff",4
174375408#0,-561133130#1,0.6666666666666667,0.8333333333333334,0.5,0.5,0.5,0.8333333333333334,0.5833333333333334,0.5833333333333334,0.6666666666666666,0.8333333333333334,0.5833333333333334,1.0,0.1666666666666666,0.1666666666666666,0.1666666666666666,0.0,0.0,0.0,0.3333333333333333,0.6666666666666667,0.8333333333333334,0.8333333333333334,0.0,"8a755824664ffff,8a7558246647fff,8a755824665ffff,8a75582466effff,8a75582466c7fff,8a75582466f7fff,8a75582466affff,8a7558246687fff,8a75582466a7fff,8a755824678ffff,8a755824679ffff,8a7558246797fff",0
174375408#0,-561133130#1,0.0,0.0,0.6666666666666666,0.0,0.1666666666666666,1.0,0.5833333333333334,0.5833333333333334,0.1666666666666666,0.5,0.5833333333333334,0.5,1.0,0.6666666666666667,0.3333333333333333,0.3333333333333333,0.8333333333333334,0.8333333333333334,0.1666666666666666,0.1666666666666666,0.0,0.0,0.8333333333333334,"8a755824664ffff,8a7558246647fff,8a755824665ffff,8a75582466effff,8a75582466c7fff,8a75582466f7fff,8a75582466affff,8a7558246687fff,8a7558246697fff,8a7558255a67fff,8a7558255a77fff,8a7558255aa7fff,8a755825516ffff,8a7558255a37fff,8a7558255b57fff,8a7558255b5ffff,8a7558255b4ffff,8a75582466b7fff,8a755824679ffff,8a7558246797fff",3
174375408#0,-561133130#1,0.3333333333333333,0.3333333333333333,0.8333333333333334,0.8333333333333334,0.75,0.3333333333333333,0.5833333333333334,0.5833333333333334,0.8333333333333334,0.1666666666666666,0.5833333333333334,0.5,0.5,0.8333333333333334,0.8333333333333334,0.8333333333333334,0.3333333333333333,0.6666666666666667,0.8333333333333334,0.6666666666666667,0.3333333333333333,0.3333333333333333,0.5,"8a755824664ffff,8a7558246647fff,8a755824665ffff,8a75582466effff,8a75582466c7fff,8a75582466f7fff,8a75582466affff,8a7558246687fff,8a7558246697fff,8a7558255b4ffff,8a7558255b5ffff,8a7558255b47fff,8a7558255b77fff,8a7558255b2ffff,8a7558255b07fff,8a755824648ffff,8a75582464f7fff,8a75582464c7fff,8a75582464cffff,8a7558246797fff,8a755824679ffff",4
174375408#0,-561133130#1,0.5,0.5,0.3333333333333333,0.1666666666666666,0.1666666666666666,0.5,0.5833333333333334,0.5833333333333334,0.3333333333333333,1.0,0.5833333333333334,0.5,0.6666666666666666,0.0,0.0,0.1666666666666666,0.5,0.5,0.0,0.0,0.5,0.5,0.3333333333333333,"8a755824664ffff,8a7558246647fff,8a755824665ffff,8a75582466effff,8a75582466c7fff,8a75582466f7fff,8a75582466affff,8a7558246687fff,8a7558246697fff,8a7558255a67fff,8a7558255b4ffff,8a75582466b7fff,8a755824679ffff,8a7558246797fff",0
79119286#0,-41273141#1,0.9,0.9,0.15,0.85,0.75,0.25,0.55,0.55,0.55,0.55,0.55,0.4,0.7,0.4499999999999999,0.6,0.6,0.4499999999999999,0.9,0.6,0.4499999999999999,0.9,0.6,0.3,"8a755824478ffff,8a75582447affff,8a7558244737fff,8a755824409ffff,8a7558244087fff,8a75582440affff",2
79119286#0,-41273141#1,0.4,0.4,0.4,0.6,0.75,0.25,0.55,0.55,0.55,0.55,0.55,0.4,0.7,0.4499999999999999,0.6,0.6,0.4499999999999999,0.5,0.6,0.4499999999999999,0.5,0.8,0.4,"8a755824478ffff,8a75582447affff,8a7558244637fff,8a7558244617fff,8a755824461ffff,8a755824468ffff,8a75582446d7fff,8a7558240d27fff,8a7558240d77fff,8a7558240d67fff,8a75582446c7fff,8a75582446e7fff,8a755824460ffff,8a7558244627fff,8a755824471ffff,8a7558244707fff,8a755824408ffff,8a75582440affff",2
79119286#0,-41273141#1,0.5,0.5,0.7,0.3,0.25,0.7,0.55,0.55,0.55,0.55,0.55,0.4,0.7,0.4499999999999999,0.6,0.6,0.4499999999999999,0.0999999999999999,0.6,0.4499999999999999,0.4,0.4,0.7,"8a75582447affff,8a755824478ffff,8a75582446a7fff,8a7558244687fff,8a75582446b7fff,8a7558244787fff,8a7558244797fff,8a75582447a7fff,8a75582447b7fff,8a7558244467fff,8a7558244097fff,8a755824409ffff,8a7558244707fff,8a7558244717fff,8a755824471ffff,8a755824408ffff,8a75582440affff",3
79119286#0,-41273141#1,0.0999999999999999,0.0999999999999999,0.6,0.4,0.25,0.6,0.55,0.55,0.55,0.55,0.55,0.9,0.2,0.4499999999999999,0.0999999999999999,0.0999999999999999,0.4499999999999999,0.1999999999999999,0.0999999999999999,0.4499999999999999,0.0999999999999999,0.0,0.8,"8a755824478ffff,8a75582447affff,8a7558244637fff,8a755824471ffff,8a7558244627fff,8a755824460ffff,8a755824461ffff,8a755824468ffff,8a75582446dffff,8a75582446c7fff,8a7558240d67fff,8a7558240d77fff,8a7558240d27fff,8a7558244687fff,8a75582446b7fff,8a7558244787fff,8a75582447a7fff,8a7558244467fff,8a7558244097fff,8a755824409ffff,8a7558244087fff,8a75582440affff",1
79119286#0,-41273141#1,0.8,0.8,0.15,0.85,0.75,0.25,0.55,0.55,0.55,0.55,0.55,0.4,0.7,0.4499999999999999,0.6,0.6,0.4499999999999999,0.8,0.6,0.4499999999999999,0.8,0.9,0.0,"8a755824478ffff,8a75582447affff,8a7558244637fff,8a755824471ffff,8a7558244627fff,8a7558244707fff,8a7558244717fff,8a755824409ffff,8a7558244087fff,8a75582440affff",2
79119286#0,-41273141#1,0.7,0.7,1.0,0.0,0.25,1.0,0.55,0.55,0.55,0.55,0.55,0.4,0.7,0.4499999999999999,0.6,0.6,0.4499999999999999,0.3,0.6,0.4499999999999999,0.7,0.7,0.5,"8a75582447affff,8a755824478ffff,8a75582446a7fff,8a7558244687fff,8a75582446b7fff,8a7558244787fff,8a75582447a7fff,8a7558244737fff,8a755824446ffff,8a755824409ffff,8a7558244087fff,8a75582440affff",3
79119286#0,-41273141#1,0.6,0.6,0.3,0.7,0.75,0.25,0.55,0.55,0.55,0.55,0.55,0.4,0.7,0.4499999999999999,0.6,0.6,0.4499999999999999,0.7,0.6,0.4499999999999999,0.6,0.5,0.0999999999999999,"8a755824478ffff,8a75582447affff,8a75582447a7fff,8a7558244467fff,8a755824446ffff,8a755824409ffff,8a7558244707fff,8a7558244717fff,8a755824471ffff,8a755824408ffff,8a75582440affff",2
79119286#0,-41273141#1,0.1999999999999999,0.1999999999999999,0.9,0.0999999999999999,0.25,0.9,0.55,0.55,0.55,0.55,0.55,1.0,0.1,0.4499999999999999,0.0,0.0,0.4499999999999999,0.0,0.0,0.4499999999999999,0.1999999999999999,0.1999999999999999,0.6,"8a75582447affff,8a755824478ffff,8a75582446a7fff,8a7558244687fff,8a75582446b7fff,8a755824469ffff,8a7558240d27fff,8a7558240d77fff,8a7558240d57fff,8a7558240d67fff,8a75582446c7fff,8a755824461ffff,8a755824460ffff,8a7558244627fff,8a755824471ffff,8a7558244707fff,8a7558244717fff,8a755824409ffff,8a7558244087fff,8a75582440affff",1
79119286#0,-41273141#1,0.3,0.3,0.8,0.1999999999999999,0.25,0.8,0.55,0.55,0.55,0.55,0.55,0.4,0.7,0.4499999999999999,0.6,0.6,0.4499999999999999,0.4,0.6,0.4499999999999999,0.3,0.3,0.1999999999999999,"8a75582447affff,8a755824478ffff,8a75582446a7fff,8a7558244687fff,8a75582446b7fff,8a7558244787fff,8a7558244797fff,8a75582447a7fff,8a7558244467fff,8a7558244097fff,8a755824409ffff,8a7558244737fff,8a755824446ffff,8a7558244637fff,8a755824471ffff,8a7558244627fff,8a7558244707fff,8a755824408ffff,8a75582440affff",3
79119286#0,-41273141#1,0.0,0.0,0.5,0.5,0.25,0.5,0.55,0.55,0.55,0.55,0.55,0.8,0.3,0.4499999999999999,0.1999999999999999,0.1999999999999999,0.4499999999999999,0.6,0.1999999999999999,0.4499999999999999,0.0,0.0999999999999999,0.9,"8a755824478ffff,8a75582447affff,8a7558244637fff,8a7558244617fff,8a755824461ffff,8a755824468ffff,8a75582446dffff,8a75582446c7fff,8a7558240d67fff,8a7558240d77fff,8a7558240d27fff,8a7558244687fff,8a75582446b7fff,8a7558244787fff,8a75582447a7fff,8a755824446ffff,8a755824409ffff,8a7558244707fff,8a7558244717fff,8a755824471ffff,8a755824408ffff,8a75582440affff",1
1157449879,-1157449877,0.9,0.9,1.0,0.0,0.25,1.0,0.55,0.55,0.55,0.55,0.55,0.35,0.75,0.4499999999999999,0.65,0.65,0.4499999999999999,0.9,0.65,0.4499999999999999,0.9,0.9,0.0,"8a7558244797fff,8a7558244787fff,8a75582447a7fff,8a75582447affff,8a755824478ffff",3
1157449879,-1157449877,0.1999999999999999,0.1999999999999999,0.3,0.8,0.75,0.25,0.55,0.55,0.55,0.55,0.55,0.9,0.2,0.4499999999999999,0.1999999999999999,0.1999999999999999,0.4499999999999999,0.3,0.1999999999999999,0.4499999999999999,0.5,0.6,0.1999999999999999,"8a7558244797fff,8a7558244787fff,8a75582446b7fff,8a755824469ffff,8a7558246a6ffff,8a7558246a4ffff,8a7558246a5ffff,8a7558240da7fff,8a7558240daffff,8a7558240d1ffff,8a7558240c27fff,8a7558240d57fff,8a7558240d77fff,8a7558240d67fff,8a75582446c7fff,8a755824461ffff,8a755824460ffff,8a7558244627fff,8a755824471ffff,8a7558244637fff,8a75582447affff,8a755824478ffff",1
1157449879,-1157449877,0.8,0.8,0.1,0.9,0.75,0.25,0.55,0.55,0.55,0.55,0.55,0.35,0.75,0.4499999999999999,0.65,0.65,0.4499999999999999,0.8,0.65,0.4499999999999999,0.8,0.0,0.9,"8a7558244797fff,8a7558244787fff,8a75582446b7fff,8a755824469ffff,8a7558240d27fff,8a7558244687fff,8a75582446a7fff,8a755824478ffff",2
1157449879,-1157449877,0.6,0.6,0.3,0.6,0.75,0.25,0.55,0.55,0.55,0.55,0.55,0.35,0.75,0.4499999999999999,0.65,0.65,0.4499999999999999,0.4,0.65,0.4499999999999999,0.7,0.7,0.5,"8a7558244797fff,8a7558244787fff,8a75582447a7fff,8a75582447b7fff,8a7558244467fff,8a7558244097fff,8a755824409ffff,8a755824446ffff,8a7558244737fff,8a7558244707fff,8a7558244717fff,8a755824471ffff,8a7558244637fff,8a75582447affff,8a755824478ffff",2
1157449879,-1157449877,0.0,0.0999999999999999,0.5,0.5,0.25,0.5,0.55,0.55,0.55,0.55,0.55,0.7,0.4,0.4499999999999999,0.3,0.3,0.4499999999999999,0.6,0.3,0.4499999999999999,0.0999999999999999,0.1999999999999999,0.8,"8a7558244787fff,8a7558244797fff,8a75582447a7fff,8a7558244467fff,8a755824446ffff,8a75582447affff,8a7558244637fff,8a7558244617fff,8a755824461ffff,8a755824468ffff,8a75582446d7fff,8a7558240d27fff,8a7558240d77fff,8a7558240d67fff,8a7558244687fff,8a75582446a7fff,8a755824478ffff",1
1157449879,-1157449877,0.4,0.4,0.8,0.1999999999999999,0.25,0.9,0.55,0.55,0.55,0.55,0.55,1.0,0.1,0.4499999999999999,0.0,0.0,0.4499999999999999,0.0,0.0,0.4499999999999999,0.6,0.0999999999999999,0.7,"8a7558244797fff,8a7558244787fff,8a75582446b7fff,8a755824469ffff,8a7558240d27fff,8a7558240d77fff,8a7558240d57fff,8a7558240d67fff,8a7558240d47fff,8a7558240997fff,8a75582446cffff,8a755824460ffff,8a755824461ffff,8a7558244617fff,8a7558244637fff,8a75582447affff,8a755824478ffff",1
1157449879,-1157449877,0.5,0.5,0.7,0.3,0.25,0.7,0.55,0.55,0.55,0.55,0.55,0.35,0.75,0.4499999999999999,0.65,0.65,0.4499999999999999,0.0999999999999999,0.65,0.4499999999999999,0.3,0.8,0.0999999999999999,"8a7558244787fff,8a7558244797fff,8a75582447a7fff,8a755824446ffff,8a755824409ffff,8a7558244707fff,8a7558244717fff,8a755824471ffff,8a7558244627fff,8a755824460ffff,8a755824461ffff,8a7558244617fff,8a7558244637fff,8a75582447affff,8a755824478ffff",3
1157449879,-1157449877,0.0999999999999999,0.0,0.3,0.7,0.75,0.25,0.55,0.55,0.55,0.55,0.55,0.35,0.75,0.4499999999999999,0.65,0.65,0.4499999999999999,0.1999999999999999,0.65,0.4499999999999999,0.0,0.3,0.3,"8a7558244787fff,8a7558244797fff,8a75582447a7fff,8a7558244467fff,8a755824446ffff,8a755824409ffff,8a7558244707fff,8a7558244717fff,8a755824471ffff,8a7558244637fff,8a75582447affff,8a75582446b7fff,8a755824469ffff,8a7558240d27fff,8a7558244687fff,8a75582446a7fff,8a755824478ffff",4
1157449879,-1157449877,0.7,0.7,0.9,0.0999999999999999,0.25,0.8,0.55,0.55,0.55,0.55,0.55,0.35,0.75,0.4499999999999999,0.65,0.65,0.4499999999999999,0.7,0.65,0.4499999999999999,0.4,0.4,0.4,"8a7558244787fff,8a7558244797fff,8a75582447a7fff,8a75582447b7fff,8a7558244467fff,8a7558244097fff,8a755824409ffff,8a7558244737fff,8a755824446ffff,8a75582447affff,8a755824478ffff",3
1157449879,-1157449877,0.3,0.3,0.6,0.4,0.25,0.6,0.55,0.55,0.55,0.55,0.55,0.8,0.3,0.4499999999999999,0.0999999999999999,0.0999999999999999,0.4499999999999999,0.5,0.0999999999999999,0.4499999999999999,0.1999999999999999,0.5,0.6,"8a7558244787fff,8a7558244797fff,8a75582447a7fff,8a75582447affff,8a7558244637fff,8a755824471ffff,8a7558244627fff,8a755824460ffff,8a755824461ffff,8a75582446c7fff,8a7558240d67fff,8a7558240d77fff,8a7558240d27fff,8a7558244687fff,8a75582446a7fff,8a755824478ffff",1
79119287#2,-41273141#1,0.9,0.9,0.1,0.9,0.65,0.35,0.55,0.55,0.55,0.55,0.55,0.4,0.7,0.4499999999999999,0.6,0.6,0.4499999999999999,0.9,0.6,0.4499999999999999,0.9,0.0999999999999999,0.7,"8a75582446cffff,8a755824460ffff,8a7558244627fff,8a755824471ffff,8a7558244707fff,8a755824408ffff,8a75582440affff",2
79119287#2,-41273141#1,0.5,0.4,0.55,0.4499999999999999,0.65,0.35,0.55,0.55,0.55,0.55,0.55,0.4,0.7,0.4499999999999999,0.6,0.6,0.4499999999999999,0.0,0.6,0.4499999999999999,0.4,0.8,0.1999999999999999,"8a75582446cffff,8a755824460ffff,8a755824461ffff,8a7558244617fff,8a7558244637fff,8a75582447affff,8a75582447a7fff,8a75582447b7fff,8a7558244467fff,8a7558244097fff,8a755824409ffff,8a755824446ffff,8a7558244737fff,8a7558244087fff,8a75582440affff",2
79119287#2,-41273141#1,0.0,0.0,0.7,0.3,0.15,0.8,0.55,0.55,0.55,0.55,0.55,0.8,0.3,0.4499999999999999,0.1999999999999999,0.1999999999999999,0.4499999999999999,0.5,0.1999999999999999,0.4499999999999999,0.0,0.3,0.9,"8a75582446cffff,8a755824460ffff,8a755824461ffff,8a755824468ffff,8a75582446dffff,8a75582446c7fff,8a7558240d67fff,8a7558240d77fff,8a7558240d27fff,8a7558244687fff,8a75582446b7fff,8a7558244787fff,8a7558244797fff,8a75582447a7fff,8a7558244467fff,8a755824446ffff,8a755824409ffff,8a7558244707fff,8a7558244717fff,8a755824471ffff,8a755824408ffff,8a75582440affff",1
79119287#2,-41273141#1,0.7,0.7,0.8,0.1999999999999999,0.15,1.0,0.55,0.55,0.55,0.55,0.55,0.4,0.7,0.4499999999999999,0.6,0.6,0.4499999999999999,0.3,0.6,0.4499999999999999,0.7,0.5,0.3,"8a75582446cffff,8a755824460ffff,8a7558244627fff,8a755824471ffff,8a7558244637fff,8a75582447affff,8a755824478ffff,8a75582446a7fff,8a7558244687fff,8a75582446b7fff,8a7558244787fff,8a75582447a7fff,8a755824446ffff,8a755824409ffff,8a7558244087fff,8a75582440affff",3
79119287#2,-41273141#1,0.0999999999999999,0.0999999999999999,1.0,0.0,0.15,0.7,0.55,0.55,0.55,0.55,0.55,0.9,0.2,0.4499999999999999,0.0999999999999999,0.0999999999999999,0.4499999999999999,0.8,0.0999999999999999,0.4499999999999999,0.0999999999999999,0.0,0.8,"8a75582446cffff,8a755824460ffff,8a755824461ffff,8a75582446c7fff,8a7558240d67fff,8a7558240d77fff,8a7558240d27fff,8a755824469ffff,8a75582446b7fff,8a7558244787fff,8a75582447a7fff,8a75582447affff,8a7558244737fff,8a755824409ffff,8a7558244087fff,8a75582440affff",1
79119287#2,-41273141#1,0.8,0.8,0.2,0.8,0.65,0.35,0.55,0.55,0.55,0.55,0.55,0.4,0.7,0.4499999999999999,0.6,0.6,0.4499999999999999,0.6,0.6,0.4499999999999999,0.8,0.9,0.0,"8a75582446cffff,8a755824460ffff,8a755824461ffff,8a7558244617fff,8a7558244637fff,8a755824471ffff,8a7558244627fff,8a7558244717fff,8a7558244707fff,8a755824409ffff,8a7558244087fff,8a75582440affff",2
79119287#2,-41273141#1,0.4,0.5,0.55,0.4499999999999999,0.65,0.35,0.55,0.55,0.55,0.55,0.55,0.4,0.7,0.4499999999999999,0.6,0.6,0.4499999999999999,0.1999999999999999,0.6,0.4499999999999999,0.5,0.7,0.0999999999999999,"8a75582446cffff,8a755824460ffff,8a7558244627fff,8a755824471ffff,8a7558244637fff,8a75582447affff,8a75582447a7fff,8a755824446ffff,8a7558244467fff,8a7558244097fff,8a755824409ffff,8a7558244707fff,8a7558244717fff,8a755824408ffff,8a75582440affff",2
79119287#2,-41273141#1,0.1999999999999999,0.1999999999999999,0.35,0.7,0.65,0.35,0.55,0.55,0.55,0.55,0.55,1.0,0.1,0.4499999999999999,0.0,0.0,0.4499999999999999,0.7,0.0,0.4499999999999999,0.1999999999999999,0.1999999999999999,0.4,"8a75582446cffff,8a755824460ffff,8a755824461ffff,8a75582446c7fff,8a7558240d67fff,8a7558240d77fff,8a7558240d27fff,8a7558244687fff,8a75582446a7fff,8a755824478ffff,8a75582447affff,8a7558244637fff,8a755824471ffff,8a7558244627fff,8a7558244707fff,8a755824408ffff,8a75582440affff",1
79119287#2,-41273141#1,0.3,0.3,0.9,0.0999999999999999,0.15,0.9,0.55,0.55,0.55,0.55,0.55,0.4,0.7,0.4499999999999999,0.6,0.6,0.4499999999999999,0.0999999999999999,0.6,0.4499999999999999,0.3,0.4,0.6,"8a75582446cffff,8a755824460ffff,8a755824461ffff,8a7558244617fff,8a7558244637fff,8a75582447affff,8a755824478ffff,8a75582446a7fff,8a7558244687fff,8a75582446b7fff,8a7558244787fff,8a7558244797fff,8a75582447a7fff,8a7558244467fff,8a7558244097fff,8a755824409ffff,8a7558244087fff,8a75582440affff",3
79119287#2,-41273141#1,0.6,0.6,0.35,0.6,0.65,0.35,0.55,0.55,0.55,0.55,0.55,0.4,0.7,0.4499999999999999,0.6,0.6,0.4499999999999999,0.4,0.6,0.4499999999999999,0.6,0.6,0.5,"8a75582446cffff,8a755824460ffff,8a755824461ffff,8a7558244617fff,8a7558244637fff,8a75582447affff,8a7558244737fff,8a755824409ffff,8a7558244707fff,8a7558244717fff,8a755824471ffff,8a755824408ffff,8a75582440affff",2
-561133140#1,41273139,0.8571428571428572,0.8571428571428572,0.2857142857142857,0.8571428571428572,0.4285714285714286,0.5714285714285714,0.5714285714285714,0.5714285714285714,0.5714285714285714,0.5714285714285714,0.5714285714285714,0.5714285714285714,0.5714285714285714,0.4285714285714286,0.4285714285714286,0.4285714285714286,0.4285714285714286,0.0,0.4285714285714286,0.4285714285714286,0.8571428571428572,0.8571428571428572,0.7142857142857143,"8a7558244627fff,8a755824471ffff,8a7558244707fff,8a755824408ffff",2
-561133140#1,41273139,0.0,0.0,0.9285714285714286,0.0714285714285714,0.4285714285714286,0.5714285714285714,0.5714285714285714,0.5714285714285714,0.5714285714285714,0.5714285714285714,0.5714285714285714,0.5714285714285714,0.5714285714285714,0.4285714285714286,0.4285714285714286,0.4285714285714286,0.4285714285714286,0.8571428571428572,0.4285714285714286,0.4285714285714286,0.0,0.5714285714285714,0.2857142857142857,"8a7558244627fff,8a755824471ffff,8a755824460ffff,8a755824461ffff,8a7558244617fff,8a7558244637fff,8a75582447affff,8a7558244737fff,8a755824446ffff,8a755824409ffff,8a7558244707fff,8a7558244717fff,8a755824408ffff",3
-561133140#1,41273139,0.1428571428571429,0.1428571428571429,0.9285714285714286,0.0714285714285714,0.4285714285714286,0.5714285714285714,0.5714285714285714,0.5714285714285714,0.5714285714285714,0.5714285714285714,0.5714285714285714,0.5714285714285714,0.5714285714285714,0.4285714285714286,0.4285714285714286,0.4285714285714286,0.4285714285714286,0.5714285714285714,0.4285714285714286,0.4285714285714286,0.1428571428571429,0.0,0.1428571428571429,"8a7558244627fff,8a755824471ffff,8a7558244637fff,8a75582447affff,8a75582447a7fff,8a7558244467fff,8a7558244097fff,8a755824409ffff,8a755824446ffff,8a7558244737fff,8a7558244707fff,8a7558244717fff,8a755824408ffff",3
-561133140#1,41273139,0.7142857142857143,0.7142857142857143,0.1428571428571428,0.5714285714285714,0.4285714285714286,0.5714285714285714,0.5714285714285714,0.5714285714285714,0.5714285714285714,0.5714285714285714,0.5714285714285714,0.5714285714285714,0.5714285714285714,0.4285714285714286,0.4285714285714286,0.4285714285714286,0.4285714285714286,0.2857142857142857,0.4285714285714286,0.4285714285714286,0.7142857142857143,0.1428571428571429,0.8571428571428572,"8a7558244627fff,8a755824471ffff,8a7558244637fff,8a75582447affff,8a7558244737fff,8a755824409ffff,8a7558244707fff,8a7558244717fff,8a755824408ffff",2
-561133140#1,41273139,0.5714285714285714,0.5714285714285714,0.6428571428571429,0.3571428571428571,0.4285714285714286,0.5714285714285714,0.5714285714285714,0.5714285714285714,0.5714285714285714,0.5714285714285714,0.5714285714285714,0.5714285714285714,0.5714285714285714,0.4285714285714286,0.4285714285714286,0.4285714285714286,0.4285714285714286,0.7142857142857143,0.4285714285714286,0.4285714285714286,0.5714285714285714,0.7142857142857143,0.0,"8a7558244627fff,8a755824471ffff,8a7558244637fff,8a75582447affff,8a75582447a7fff,8a755824446ffff,8a755824409ffff,8a7558244707fff,8a7558244717fff,8a755824408ffff",0
-561133140#1,41273139,0.2857142857142857,0.2857142857142857,0.6428571428571429,0.3571428571428571,0.4285714285714286,0.5714285714285714,0.5714285714285714,0.5714285714285714,0.5714285714285714,0.5714285714285714,0.5714285714285714,0.5714285714285714,0.5714285714285714,0.4285714285714286,0.4285714285714286,0.4285714285714286,0.4285714285714286,0.1428571428571429,0.4285714285714286,0.4285714285714286,0.2857142857142857,0.4285714285714286,0.5714285714285714,"8a7558244627fff,8a755824471ffff,8a7558244637fff,8a75582447affff,8a7558244737fff,8a755824446ffff,8a7558244467fff,8a7558244097fff,8a755824409ffff,8a7558244707fff,8a7558244717fff,8a755824408ffff",1
-561133140#1,41273139,0.4285714285714286,0.4285714285714286,0.4285714285714285,0.7142857142857143,0.4285714285714286,0.5714285714285714,0.5714285714285714,0.5714285714285714,0.5714285714285714,0.5714285714285714,0.5714285714285714,0.5714285714285714,0.5714285714285714,0.4285714285714286,0.4285714285714286,0.4285714285714286,0.4285714285714286,0.4285714285714286,0.4285714285714286,0.4285714285714286,0.4285714285714286,0.2857142857142857,0.4285714285714286,"8a7558244627fff,8a755824471ffff,8a7558244637fff,8a75582447affff,8a7558244737fff,8a755824446ffff,8a755824409ffff,8a7558244707fff,8a7558244717fff,8a755824408ffff",2
-41273130,79119284#5,0.9,0.9,1.0,0.0,0.25,0.8,0.55,0.55,0.55,0.55,0.55,0.4,0.7,0.4499999999999999,0.6,0.6,0.4499999999999999,0.9,0.6,0.4499999999999999,0.9,0.9,0.0,"8a75582447a7fff,8a75582447affff,8a7558244637fff,8a755824471ffff,8a7558244627fff",3
-41273130,79119284#5,0.3,0.3,0.4,0.6,0.75,0.25,0.55,0.55,0.55,0.55,0.55,0.8,0.3,0.4499999999999999,0.1999999999999999,0.1999999999999999,0.4499999999999999,0.0,0.1999999999999999,0.4499999999999999,0.3,0.7,0.1999999999999999,"8a75582447a7fff,8a7558244787fff,8a75582446b7fff,8a755824469ffff,8a7558246a6ffff,8a7558246a4ffff,8a7558246a5ffff,8a7558240da7fff,8a7558240daffff,8a7558240d1ffff,8a7558240c27fff,8a7558240d57fff,8a7558240d77fff,8a7558240d67fff,8a75582446c7fff,8a75582446e7fff,8a755824461ffff,8a755824460ffff,8a7558244627fff,8a755824471ffff",1
-41273130,79119284#5,0.6,0.7,0.3,0.7,0.75,0.25,0.55,0.55,0.55,0.55,0.55,0.4,0.7,0.4499999999999999,0.6,0.6,0.4499999999999999,0.6,0.6,0.4499999999999999,0.7,0.5,0.8,"8a75582447a7fff,8a7558244787fff,8a7558244797fff,8a75582447b7fff,8a7558244467fff,8a7558244097fff,8a755824409ffff,8a755824446ffff,8a7558244737fff,8a7558244707fff,8a7558244717fff,8a755824471ffff,8a7558244627fff",2
-41273130,79119284#5,0.1999999999999999,0.1999999999999999,0.6,0.4,0.25,0.6,0.55,0.55,0.55,0.55,0.55,0.4,0.7,0.4499999999999999,0.6,0.6,0.4499999999999999,0.4,0.6,0.4499999999999999,0.0,0.0,0.9,"8a75582447a7fff,8a7558244467fff,8a7558244097fff,8a755824409ffff,8a7558244737fff,8a755824446ffff,8a7558244787fff,8a75582446b7fff,8a755824469ffff,8a7558240d27fff,8a7558244687fff,8a75582446a7fff,8a755824478ffff,8a75582447affff,8a7558244637fff,8a755824471ffff,8a7558244627fff",3
-41273130,79119284#5,0.0,0.0,0.5,0.5,0.25,0.5,0.55,0.55,0.55,0.55,0.55,0.4,0.7,0.4499999999999999,0.6,0.6,0.4499999999999999,0.5,0.6,0.4499999999999999,0.0999999999999999,0.3,0.6,"8a75582447a7fff,8a7558244787fff,8a7558244797fff,8a7558244467fff,8a7558244097fff,8a755824409ffff,8a7558244737fff,8a755824446ffff,8a75582447affff,8a7558244637fff,8a7558244617fff,8a755824461ffff,8a755824468ffff,8a75582446dffff,8a75582446c7fff,8a755824460ffff,8a7558244627fff,8a755824471ffff",4
-41273130,79119284#5,0.4,0.4,0.8,0.1999999999999999,0.25,0.9,0.55,0.55,0.55,0.55,0.55,0.9,0.2,0.4499999999999999,0.0999999999999999,0.0999999999999999,0.4499999999999999,0.3,0.0999999999999999,0.4499999999999999,0.4,0.1999999999999999,0.4,"8a75582447a7fff,8a75582447affff,8a755824478ffff,8a75582446a7fff,8a7558244687fff,8a75582446b7fff,8a755824469ffff,8a7558240d27fff,8a7558240d77fff,8a7558240d57fff,8a7558240d67fff,8a7558240d47fff,8a7558240997fff,8a75582446cffff,8a755824460ffff,8a7558244627fff,8a755824471ffff",1
-41273130,79119284#5,0.5,0.5,0.7,0.3,0.25,0.7,0.55,0.55,0.55,0.55,0.55,1.0,0.1,0.4499999999999999,0.0,0.0,0.4499999999999999,0.1999999999999999,0.0,0.4499999999999999,0.5,0.0999999999999999,0.5,"8a75582447a7fff,8a7558244787fff,8a75582446b7fff,8a755824469ffff,8a7558240d27fff,8a7558240d77fff,8a7558240d57fff,8a7558240d67fff,8a75582446c7fff,8a755824461ffff,8a7558244617fff,8a7558244637fff,8a755824471ffff,8a7558244627fff",1
-41273130,79119284#5,0.7,0.6,0.9,0.0999999999999999,0.25,1.0,0.55,0.55,0.55,0.55,0.55,0.4,0.7,0.4499999999999999,0.6,0.6,0.4499999999999999,0.7,0.6,0.4499999999999999,0.6,0.6,0.3,"8a75582447a7fff,8a75582447affff,8a755824478ffff,8a75582446a7fff,8a7558244687fff,8a75582446b7fff,8a7558244787fff,8a7558244797fff,8a7558244467fff,8a755824446ffff,8a755824409ffff,8a7558244707fff,8a7558244717fff,8a755824471ffff,8a7558244627fff",3
-41273130,79119284#5,0.0999999999999999,0.0999999999999999,0.15,0.85,0.75,0.25,0.55,0.55,0.55,0.55,0.55,0.4,0.7,0.4499999999999999,0.6,0.6,0.4499999999999999,0.0999999999999999,0.6,0.4499999999999999,0.1999999999999999,0.4,0.7,"8a75582447a7fff,8a7558244787fff,8a75582446b7fff,8a755824469ffff,8a7558240d27fff,8a7558244687fff,8a75582446a7fff,8a755824478ffff,8a75582447affff,8a7558244637fff,8a7558244617fff,8a755824461ffff,8a755824468ffff,8a75582446dffff,8a75582446c7fff,8a75582446e7fff,8a755824460ffff,8a7558244627fff,8a755824471ffff",4
-41273130,79119284#5,0.8,0.8,0.15,0.85,0.75,0.25,0.55,0.55,0.55,0.55,0.55,0.4,0.7,0.4499999999999999,0.6,0.6,0.4499999999999999,0.8,0.6,0.4499999999999999,0.8,0.8,0.0999999999999999,"8a75582447a7fff,8a755824446ffff,8a755824409ffff,8a7558244707fff,8a7558244717fff,8a755824471ffff,8a7558244627fff",2
-561133140#1,-41231515#0,0.9,0.9,1.0,0.0,0.0999999999999999,1.0,0.55,0.55,0.55,0.55,0.55,0.4,0.7,0.4499999999999999,0.6,0.6,0.4499999999999999,0.9,0.6,0.4499999999999999,0.9,0.9,0.0,"8a7558244627fff,8a755824471ffff,8a7558244637fff,8a75582447affff,8a755824478ffff,8a75582446a7fff,8a7558244687fff,8a75582446b7fff,8a7558244787fff,8a75582447a7fff",3
-561133140#1,-41231515#0,0.0999999999999999,0.0999999999999999,0.55,0.4499999999999999,0.6,0.4,0.55,0.55,0.55,0.55,0.55,0.4,0.7,0.4499999999999999,0.6,0.6,0.4499999999999999,0.5,0.6,0.4499999999999999,0.0999999999999999,0.4,0.9,"8a7558244627fff,8a755824471ffff,8a7558244707fff,8a755824408ffff,8a75582440affff,8a7558244017fff,8a75582441affff,8a755824418ffff,8a75582440a7fff,8a7558244087fff,8a755824409ffff,8a7558244737fff,8a755824446ffff,8a7558244097fff,8a7558244467fff,8a7558244477fff,8a75582447b7fff,8a75582447a7fff,8a7558244797fff,8a7558244787fff",4
-561133140#1,-41231515#0,0.0,0.0,0.8,0.1999999999999999,0.0999999999999999,0.9,0.55,0.55,0.55,0.55,0.55,0.8,0.3,0.4499999999999999,0.1999999999999999,0.1999999999999999,0.4499999999999999,0.8,0.1999999999999999,0.4499999999999999,0.0,0.5,0.6,"8a7558244627fff,8a755824471ffff,8a7558244717fff,8a7558244707fff,8a755824409ffff,8a7558244737fff,8a755824446ffff,8a75582447a7fff,8a75582447affff,8a7558244637fff,8a7558244617fff,8a755824461ffff,8a755824468ffff,8a75582446dffff,8a75582446c7fff,8a7558240d67fff,8a7558240d77fff,8a7558240d27fff,8a7558244687fff,8a75582446b7fff,8a7558244787fff",1
-561133140#1,-41231515#0,0.4,0.4,0.9,0.0999999999999999,0.0999999999999999,0.8,0.55,0.55,0.55,0.55,0.55,1.0,0.1,0.4499999999999999,0.0,0.0,0.4499999999999999,0.6,0.0,0.4499999999999999,0.1999999999999999,0.3,0.4,"8a7558244627fff,8a755824471ffff,8a755824460ffff,8a755824461ffff,8a755824468ffff,8a75582446d7fff,8a7558240d27fff,8a7558240d77fff,8a7558240d67fff,8a755824469ffff,8a75582446b7fff,8a7558244787fff,8a75582447a7fff",1
-561133140#1,-41231515#0,0.8,0.8,0.25,0.85,0.6,0.4,0.55,0.55,0.55,0.55,0.55,0.4,0.7,0.4499999999999999,0.6,0.6,0.4499999999999999,0.0999999999999999,0.6,0.4499999999999999,0.8,0.7,0.3,"8a7558244627fff,8a755824471ffff,8a7558244707fff,8a7558244717fff,8a755824409ffff,8a755824446ffff,8a75582447a7fff,8a7558244787fff",2
-561133140#1,-41231515#0,0.1999999999999999,0.1999999999999999,0.55,0.4499999999999999,0.6,0.4,0.55,0.55,0.55,0.55,0.55,0.4,0.7,0.4499999999999999,0.6,0.6,0.4499999999999999,0.1999999999999999,0.6,0.4499999999999999,0.3,0.1999999999999999,0.5,"8a7558244627fff,8a755824471ffff,8a755824460ffff,8a755824461ffff,8a7558244617fff,8a7558244637fff,8a75582447affff,8a7558244737fff,8a755824446ffff,8a755824409ffff,8a7558244097fff,8a7558244467fff,8a7558244477fff,8a75582447b7fff,8a75582447a7fff,8a7558244787fff",4
-561133140#1,-41231515#0,0.7,0.7,0.1,0.6,0.6,0.4,0.55,0.55,0.55,0.55,0.55,0.4,0.7,0.4499999999999999,0.6,0.6,0.4499999999999999,0.3,0.6,0.4499999999999999,0.7,0.6,0.0999999999999999,"8a7558244627fff,8a755824471ffff,8a7558244637fff,8a75582447affff,8a7558244737fff,8a755824409ffff,8a7558244097fff,8a7558244467fff,8a755824446ffff,8a75582447a7fff,8a7558244787fff",2
-561133140#1,-41231515#0,0.3,0.3,0.7,0.3,0.6,0.4,0.55,0.55,0.55,0.55,0.55,0.9,0.2,0.4499999999999999,0.0999999999999999,0.0999999999999999,0.4499999999999999,0.7,0.0999999999999999,0.4499999999999999,0.4,0.0999999999999999,0.1999999999999999,"8a7558244627fff,8a755824471ffff,8a755824460ffff,8a755824461ffff,8a75582446c7fff,8a7558240d67fff,8a7558240d77fff,8a7558240d27fff,8a7558244687fff,8a75582446a7fff,8a755824478ffff,8a75582447affff,8a75582447a7fff,8a7558244787fff",1
-561133140#1,-41231515#0,0.6,0.6,0.25,0.85,0.6,0.4,0.55,0.55,0.55,0.55,0.55,0.4,0.7,0.4499999999999999,0.6,0.6,0.4499999999999999,0.0,0.6,0.4499999999999999,0.6,0.0,0.8,"8a7558244627fff,8a755824471ffff,8a7558244717fff,8a7558244707fff,8a755824409ffff,8a7558244737fff,8a755824446ffff,8a7558244467fff,8a7558244477fff,8a75582447b7fff,8a75582447a7fff,8a7558244787fff",2
-561133140#1,-41231515#0,0.5,0.5,0.4,0.7,0.6,0.4,0.55,0.55,0.55,0.55,0.55,0.4,0.7,0.4499999999999999,0.6,0.6,0.4499999999999999,0.4,0.6,0.4499999999999999,0.5,0.8,0.7,"8a7558244627fff,8a755824471ffff,8a7558244707fff,8a755824408ffff,8a75582440affff,8a7558244017fff,8a755824418ffff,8a7558244087fff,8a755824409ffff,8a7558244737fff,8a755824446ffff,8a75582447a7fff,8a7558244787fff",2
-22561653,79119287#1,0.8,0.7,1.0,0.0,0.55,1.0,0.55,0.55,0.1,0.45,0.9,1.0,0.8,0.5,0.5,0.6,0.75,0.0,0.6,0.3,0.7,0.1999999999999999,0.7,"8a7558255b4ffff,8a7558246697fff,8a75582466b7fff,8a755824679ffff,8a7558246797fff,8a75582464cffff,8a75582464c7fff,8a75582464f7fff,8a75582464affff,8a7558255967fff,8a75582732f7fff,8a755827338ffff,8a75582733affff,8a7558273337fff,8a7558273a87fff,8a7558273aaffff,8a7558273a0ffff,8a7558246d27fff,8a75582712e7fff,8a7558271257fff,8a7558244c87fff,8a7558244c27fff,8a75582440c7fff,8a7558244767fff,8a7558244627fff,8a755824471ffff,8a755824460ffff,8a755824461ffff,8a75582446c7fff,8a7558240d67fff,8a7558240d47fff,8a7558240997fff,8a75582446cffff",3
-22561653,79119287#1,0.9,0.9,0.9,0.1999999999999999,0.0999999999999999,0.1,0.55,0.55,0.5,1.0,0.1,0.1,0.6,0.0,0.0,0.0,0.75,0.9,0.0,0.0,0.9,0.9,0.0,"8a7558255b4ffff,8a7558246697fff,8a7558246687fff,8a755824668ffff,8a75582466f7fff,8a75582466c7fff,8a75582466effff,8a755824665ffff,8a755824664ffff,8a7558242937fff,8a7558242927fff,8a75582462d7fff,8a75582462c7fff,8a75582462e7fff,8a7558246277fff,8a755824634ffff,8a7558240cb7fff,8a7558240c17fff,8a7558240c37fff,8a7558240c27fff,8a7558240d57fff,8a7558240d77fff,8a7558240d67fff,8a7558240d47fff,8a7558240997fff,8a75582446cffff",0
-22561653,79119287#1,0.5,0.6,0.4,0.6,0.55,0.6,0.55,0.55,1.0,0.45,0.8,0.2,0.2,0.6,0.7,0.7,0.0,0.5,0.7,0.4,0.5,0.0,0.9,"8a7558246697fff,8a7558255b4ffff,8a7558255b5ffff,8a7558255b47fff,8a7558255b77fff,8a7558255b2ffff,8a7558255b07fff,8a7558255867fff,8a755825595ffff,8a7558255937fff,8a7558273667fff,8a7558273767fff,8a75582730d7fff,8a75582733b7fff,8a755827305ffff,8a7558273337fff,8a7558273327fff,8a7558246d37fff,8a7558246d27fff,8a75582712e7fff,8a7558271257fff,8a7558244c87fff,8a7558244c27fff,8a75582440c7fff,8a7558244767fff,8a7558244627fff,8a755824471ffff,8a7558244637fff,8a7558244617fff,8a755824461ffff,8a755824468ffff,8a75582446d7fff,8a7558240d77fff,8a7558240d67fff,8a7558240d47fff,8a7558240997fff,8a75582446cffff",2
-22561653,79119287#1,0.0,0.0,0.2,0.9,0.55,0.3,0.55,0.55,0.7,0.45,0.2,0.3,0.5,0.9,0.9,0.9,0.5,0.6,0.9,0.8,0.0,0.8,0.0999999999999999,"8a7558246697fff,8a7558255b4ffff,8a7558255b5ffff,8a7558255b47fff,8a7558255b77fff,8a7558255b2ffff,8a7558255b07fff,8a7558255867fff,8a755825595ffff,8a7558255937fff,8a7558273667fff,8a7558273767fff,8a75582730d7fff,8a75582733b7fff,8a755827305ffff,8a7558273337fff,8a7558273a87fff,8a7558273aaffff,8a7558273a0ffff,8a7558246d27fff,8a75582712e7fff,8a7558271257fff,8a7558244c87fff,8a7558244c27fff,8a75582440c7fff,8a7558244767fff,8a7558244627fff,8a755824471ffff,8a7558244707fff,8a7558244717fff,8a755824409ffff,8a7558244737fff,8a755824446ffff,8a7558244467fff,8a7558244477fff,8a75582447b7fff,8a75582447a7fff,8a75582447affff,8a7558244637fff,8a755824460ffff,8a755824461ffff,8a75582446c7fff,8a7558240d67fff,8a7558240d47fff,8a7558240997fff,8a75582446cffff",4
-22561653,79119287#1,0.4,0.5,0.65,0.35,0.55,0.2,0.55,0.55,0.4,0.45,0.7,0.4,0.9,0.7,0.6,0.8,0.0999999999999999,0.1999999999999999,0.8,0.9,0.4,0.3,0.5,"8a7558246697fff,8a7558255b4ffff,8a7558255b5ffff,8a7558255b47fff,8a7558255b77fff,8a7558255b2ffff,8a7558255b07fff,8a755824648ffff,8a75582464f7fff,8a75582464affff,8a7558255967fff,8a75582732f7fff,8a755827338ffff,8a75582733affff,8a7558273337fff,8a7558273327fff,8a7558246d37fff,8a7558246d27fff,8a75582712e7fff,8a7558271257fff,8a7558244c87fff,8a7558244c27fff,8a75582440c7fff,8a7558244767fff,8a7558244627fff,8a755824471ffff,8a755824460ffff,8a755824461ffff,8a755824468ffff,8a75582446d7fff,8a7558240d77fff,8a75582446dffff,8a75582446c7fff,8a7558240d67fff,8a7558240d47fff,8a7558240997fff,8a75582446cffff",4
-22561653,79119287#1,0.1999999999999999,0.0999999999999999,0.3,0.8,0.55,0.5,0.55,0.55,0.8,0.45,0.3,0.5,0.3,0.8,0.8,0.4,0.4,0.3,0.4,0.7,0.0999999999999999,0.7,0.4,"8a7558246697fff,8a7558255b4ffff,8a7558255b5ffff,8a7558255b47fff,8a7558255b77fff,8a7558255b2ffff,8a7558255b07fff,8a7558255867fff,8a755825595ffff,8a7558255937fff,8a7558273667fff,8a7558273767fff,8a75582730d7fff,8a75582733b7fff,8a755827305ffff,8a7558273337fff,8a7558273a87fff,8a7558273aaffff,8a7558273a0ffff,8a7558246d27fff,8a75582712e7fff,8a7558271257fff,8a7558244c87fff,8a7558244c27fff,8a75582440c7fff,8a7558244767fff,8a7558244627fff,8a755824471ffff,8a7558244717fff,8a7558244707fff,8a755824409ffff,8a755824446ffff,8a75582447a7fff,8a7558244787fff,8a75582446b7fff,8a755824469ffff,8a7558240d27fff,8a7558240d77fff,8a7558240d57fff,8a7558240d67fff,8a7558240d47fff,8a7558240997fff,8a75582446cffff",4
-22561653,79119287#1,0.0999999999999999,0.1999999999999999,0.1,0.0999999999999999,0.0,0.8,0.55,0.55,0.9,0.9,0.4,0.7,0.1,0.3,0.3,0.3,0.3,0.8,0.0999999999999999,0.6,0.1999999999999999,0.5,0.6,"8a7558255b4ffff,8a7558246697fff,8a7558246687fff,8a7558255a67fff,8a7558255b5ffff,8a7558255b47fff,8a7558255b77fff,8a7558255b2ffff,8a7558255b07fff,8a7558255867fff,8a755825595ffff,8a7558255937fff,8a7558273667fff,8a7558273767fff,8a75582730d7fff,8a75582733b7fff,8a755827305ffff,8a7558273337fff,8a7558273a87fff,8a7558273aaffff,8a7558273a0ffff,8a7558246d27fff,8a75582712e7fff,8a7558271257fff,8a7558244c87fff,8a7558244c27fff,8a75582440c7fff,8a7558244767fff,8a7558244627fff,8a755824471ffff,8a755824460ffff,8a755824461ffff,8a75582446c7fff,8a7558240d67fff,8a7558240d47fff,8a7558240997fff,8a75582446cffff",1
-22561653,79119287#1,0.6,0.4,0.8,0.5,0.55,0.7,0.55,0.55,0.3,0.45,0.6,0.9,0.7,0.0999999999999999,0.0999999999999999,0.0999999999999999,0.1999999999999999,0.7,0.1999999999999999,0.5,0.6,0.6,0.3,"8a7558255b4ffff,8a7558246697fff,8a75582466b7fff,8a755824679ffff,8a7558255b6ffff,8a7558255b5ffff,8a7558255b47fff,8a7558255b77fff,8a7558255b2ffff,8a7558255b07fff,8a755824648ffff,8a75582464f7fff,8a75582464affff,8a7558255967fff,8a75582732f7fff,8a755827338ffff,8a75582733affff,8a7558273337fff,8a7558273a87fff,8a7558273aaffff,8a7558273a0ffff,8a7558246d27fff,8a75582712e7fff,8a7558271257fff,8a7558244c87fff,8a7558244c27fff,8a75582440c7fff,8a7558244767fff,8a7558244627fff,8a755824471ffff,8a7558244637fff,8a7558244617fff,8a755824461ffff,8a755824468ffff,8a75582446dffff,8a75582446c7fff,8a7558240d67fff,8a7558240d47fff,8a7558240997fff,8a75582446cffff",0
-22561653,79119287#1,0.7,0.8,0.65,0.35,0.55,0.4,0.55,0.55,0.2,0.45,1.0,0.6,1.0,0.4,0.4,0.5,0.75,0.0999999999999999,0.5,0.1999999999999999,0.8,0.0999999999999999,0.1999999999999999,"8a7558255b4ffff,8a7558246697fff,8a75582466b7fff,8a755824679ffff,8a7558246797fff,8a75582464cffff,8a75582464c7fff,8a75582464f7fff,8a75582464affff,8a7558255967fff,8a75582732f7fff,8a755827338ffff,8a75582733affff,8a7558273337fff,8a7558273327fff,8a7558246d37fff,8a7558246d27fff,8a75582712e7fff,8a7558271257fff,8a7558244c87fff,8a7558244c27fff,8a75582440c7fff,8a7558244767fff,8a7558244627fff,8a755824471ffff,8a7558244637fff,8a7558244617fff,8a755824461ffff,8a755824468ffff,8a75582446d7fff,8a7558240d27fff,8a7558240d77fff,8a7558240d67fff,8a7558240d47fff,8a7558240997fff,8a75582446cffff",2
-22561653,79119287#1,0.3,0.3,0.5,0.7,0.55,0.9,0.55,0.55,0.6,0.45,0.5,0.8,0.4,0.1999999999999999,0.1999999999999999,0.1999999999999999,0.75,0.4,0.3,0.0999999999999999,0.3,0.4,0.8,"8a7558255b4ffff,8a7558246697fff,8a75582466b7fff,8a755824679ffff,8a7558246797fff,8a75582464cffff,8a75582464c7fff,8a75582464f7fff,8a755824648ffff,8a7558255b07fff,8a7558255867fff,8a755825595ffff,8a7558255937fff,8a7558273667fff,8a7558273767fff,8a75582730d7fff,8a75582733b7fff,8a755827305ffff,8a7558273337fff,8a7558273a87fff,8a7558273aaffff,8a7558273a0ffff,8a7558246d27fff,8a75582712e7fff,8a7558271257fff,8a7558244c87fff,8a7558244c27fff,8a75582440c7fff,8a7558244767fff,8a7558244627fff,8a755824471ffff,8a755824460ffff,8a755824461ffff,8a75582446c7fff,8a7558240d67fff,8a7558240d47fff,8a7558240997fff,8a75582446cffff",1
-23881168#0,79119287#1,0.9,0.9,0.4,0.8,0.85,0.9,0.55,0.55,0.55,0.15,0.55,0.8,0.9,0.4499999999999999,0.8,0.0999999999999999,0.4499999999999999,0.9,0.0999999999999999,0.4499999999999999,0.9,0.9,0.6,"8a7558240c67fff,8a7558240d47fff,8a7558240d57fff,8a7558240d77fff,8a7558240d67fff,8a7558240997fff,8a75582446cffff",2
-23881168#0,79119287#1,0.0999999999999999,0.0,0.2,0.7,0.35,0.2,0.55,0.55,0.55,0.3,0.55,0.2,0.8,0.4499999999999999,0.7,0.8,0.4499999999999999,0.7,0.8,0.4499999999999999,0.0,0.0,0.8,"8a7558240c67fff,8a7558240c07fff,8a7558240c37fff,8a7558240c27fff,8a7558240d57fff,8a7558240d77fff,8a7558240d27fff,8a7558244687fff,8a75582446a7fff,8a755824478ffff,8a75582447affff,8a7558244637fff,8a755824471ffff,8a7558244627fff,8a755824460ffff,8a755824461ffff,8a75582446c7fff,8a7558240d67fff,8a7558240d47fff,8a7558240997fff,8a75582446cffff",4
-23881168#0,79119287#1,0.0,0.0999999999999999,0.1,0.9,0.85,0.1,0.55,0.55,0.55,0.15,0.55,0.1,1.0,0.4499999999999999,0.9,0.9,0.4499999999999999,0.6,0.9,0.4499999999999999,0.1999999999999999,0.3,0.9,"8a7558240c67fff,8a7558240d47fff,8a7558240d57fff,8a7558240d77fff,8a7558240d27fff,8a755824469ffff,8a75582446b7fff,8a7558244787fff,8a75582447a7fff,8a75582447affff,8a7558244637fff,8a7558244617fff,8a755824461ffff,8a755824468ffff,8a75582446dffff,8a75582446c7fff,8a7558240d67fff,8a7558240997fff,8a75582446cffff",4
-23881168#0,79119287#1,0.3,0.3,0.8,0.1999999999999999,0.35,0.4,0.55,0.55,0.55,0.6,0.55,0.4,0.5,0.4499999999999999,0.5,0.6,0.4499999999999999,0.5,0.6,0.4499999999999999,0.3,0.8,0.4,"8a7558240c67fff,8a7558240c07fff,8a7558240c37fff,8a7558240c17fff,8a7558240c27fff,8a7558240d1ffff,8a7558240daffff,8a7558240da7fff,8a7558246a5ffff,8a7558246a4ffff,8a7558240d17fff,8a7558240d07fff,8a7558240d37fff,8a755824469ffff,8a7558240d27fff,8a7558240d77fff,8a7558240d57fff,8a7558240d67fff,8a7558240d47fff,8a7558240997fff,8a75582446cffff",3
-23881168#0,79119287#1,0.8,0.8,1.0,0.0,0.35,1.0,0.55,0.55,0.55,1.0,0.55,1.0,0.1,0.4499999999999999,0.0,0.0,0.4499999999999999,0.8,0.0,0.4499999999999999,0.8,0.1999999999999999,0.0999999999999999,"8a7558240c67fff,8a7558240c07fff,8a7558240c37fff,8a7558240c17fff,8a7558240c27fff,8a7558240d57fff,8a7558240d77fff,8a7558240d67fff,8a7558240d47fff,8a7558240997fff,8a75582446cffff",0
-23881168#0,79119287#1,0.4,0.4,0.5,0.5,0.35,0.7,0.55,0.55,0.55,0.5,0.55,0.5,0.6,0.4499999999999999,0.4,0.5,0.4499999999999999,0.0999999999999999,0.5,0.4499999999999999,0.4,0.6,0.1999999999999999,"8a7558240c67fff,8a7558240c07fff,8a7558240c37fff,8a7558240c27fff,8a7558240d1ffff,8a7558240daffff,8a7558240da7fff,8a7558246a5ffff,8a7558246a4ffff,8a7558246a67fff,8a755824469ffff,8a7558240d27fff,8a7558240d77fff,8a7558240d57fff,8a7558240d67fff,8a7558240d47fff,8a7558240997fff,8a75582446cffff",2
-23881168#0,79119287#1,0.1999999999999999,0.1999999999999999,0.3,0.6,0.35,0.3,0.55,0.55,0.55,0.4,0.55,0.3,0.7,0.4499999999999999,0.6,0.7,0.4499999999999999,0.0,0.7,0.4499999999999999,0.0999999999999999,0.0999999999999999,0.7,"8a7558240c67fff,8a7558240c07fff,8a7558240c37fff,8a7558240c27fff,8a7558240d1ffff,8a7558240daffff,8a7558240da7fff,8a7558246a5ffff,8a7558246a4ffff,8a7558240d07fff,8a7558240d37fff,8a755824469ffff,8a7558240d27fff,8a7558240d77fff,8a7558240d57fff,8a7558240d67fff,8a7558240d47fff,8a7558240997fff,8a75582446cffff",4
-23881168#0,79119287#1,0.7,0.7,0.65,0.35,0.35,0.6,0.55,0.55,0.55,0.8,0.55,0.9,0.3,0.4499999999999999,0.0999999999999999,0.1999999999999999,0.4499999999999999,0.3,0.1999999999999999,0.4499999999999999,0.7,0.5,0.3,"8a7558240c67fff,8a7558240c07fff,8a7558240c37fff,8a7558240c27fff,8a7558240d1ffff,8a7558240daffff,8a7558240da7fff,8a7558246a5ffff,8a7558246a4ffff,8a7558246a6ffff,8a755824469ffff,8a7558240d27fff,8a7558240d77fff,8a7558240d57fff,8a7558240d67fff,8a7558240d47fff,8a7558240997fff,8a75582446cffff",0
-23881168#0,79119287#1,0.6,0.6,0.9,0.0999999999999999,0.35,0.8,0.55,0.55,0.55,0.9,0.55,0.7,0.2,0.4499999999999999,0.1999999999999999,0.3,0.4499999999999999,0.4,0.3,0.4499999999999999,0.6,0.7,0.0,"8a7558240c67fff,8a7558240c07fff,8a7558240c37fff,8a7558240c17fff,8a7558240c27fff,8a7558240d1ffff,8a7558240daffff,8a7558240da7fff,8a7558246a5ffff,8a7558246a4ffff,8a7558246a6ffff,8a755824469ffff,8a7558240d27fff,8a7558240d77fff,8a7558240d57fff,8a7558240d67fff,8a7558240d47fff,8a7558240997fff,8a75582446cffff",0
-23881168#0,79119287#1,0.5,0.5,0.65,0.35,0.35,0.5,0.55,0.55,0.55,0.7,0.55,0.6,0.4,0.4499999999999999,0.3,0.4,0.4499999999999999,0.1999999999999999,0.4,0.4499999999999999,0.5,0.4,0.5,"8a7558240c67fff,8a7558240c07fff,8a7558240c37fff,8a7558240c27fff,8a7558240d1ffff,8a7558240daffff,8a7558240da7fff,8a7558246a5ffff,8a7558246a4ffff,8a7558240d37fff,8a755824469ffff,8a7558240d27fff,8a7558240d77fff,8a7558240d57fff,8a7558240d67fff,8a7558240d47fff,8a7558240997fff,8a75582446cffff",1
-57680152#1,-174375407#2,0.8,0.8,1.0,0.4,0.6,1.0,0.6,0.6,0.6,1.0,1.0,0.6,0.6,0.4,0.4,0.4,0.1999999999999999,0.8,0.4,0.0,0.8,0.0,0.1999999999999999,"8a755824662ffff,8a75582467affff,8a7558246787fff,8a75582467b7fff,8a7558246797fff,8a755824679ffff,8a75582466b7fff,8a7558246697fff,8a7558246687fff,8a75582466affff,8a75582466f7fff,8a75582466c7fff,8a75582466effff,8a755824665ffff,8a75582429a7fff,8a75582429affff,8a755824291ffff",0
-57680152#1,-174375407#2,0.0,0.0,0.6,0.8,0.6,0.2,0.6,0.6,1.0,0.2,0.2,0.6,0.2,0.8,0.8,0.8,0.0,0.0,0.8,0.8,0.0,0.8,0.8,"8a755824662ffff,8a75582467affff,8a7558246787fff,8a75582467b7fff,8a7558246797fff,8a75582464cffff,8a75582464c7fff,8a75582464f7fff,8a755824648ffff,8a7558255b07fff,8a7558255b2ffff,8a7558255b77fff,8a7558255b47fff,8a7558255b5ffff,8a7558255b4ffff,8a7558246697fff,8a7558246687fff,8a75582466affff,8a75582466f7fff,8a75582466c7fff,8a75582466effff,8a755824665ffff,8a75582429a7fff,8a75582429affff,8a755824291ffff",4
-57680152#1,-174375407#2,0.1999999999999999,0.1999999999999999,0.2,0.1999999999999999,0.0999999999999999,0.4,0.6,0.6,0.4,0.4,0.4,0.6,0.8,0.1999999999999999,0.1999999999999999,0.1999999999999999,0.7,0.4,0.1999999999999999,0.6,0.1999999999999999,0.6,0.4,"8a755824662ffff,8a75582467affff,8a7558246787fff,8a75582467b7fff,8a7558246797fff,8a755824679ffff,8a7558255b6ffff,8a7558255b4ffff,8a7558246697fff,8a7558246687fff,8a755824668ffff,8a75582466f7fff,8a75582466c7fff,8a75582466effff,8a755824665ffff,8a75582429a7fff,8a75582429affff,8a755824291ffff",1
-57680152#1,-174375407#2,0.6,0.6,0.8,0.6,0.6,0.8,0.6,0.6,0.8,0.8,0.8,0.6,0.4,0.6,0.6,0.6,0.4,0.6,0.6,0.1999999999999999,0.6,0.1999999999999999,0.0,"8a755824662ffff,8a75582467affff,8a7558246787fff,8a75582467b7fff,8a7558246797fff,8a755824679ffff,8a7558255b6ffff,8a7558255b4ffff,8a7558246697fff,8a7558246687fff,8a75582466affff,8a75582466f7fff,8a75582466c7fff,8a75582466effff,8a755824665ffff,8a75582429a7fff,8a75582429affff,8a755824291ffff",2
-57680152#1,-174375407#2,0.4,0.4,0.4,0.0,0.0999999999999999,0.6,0.6,0.6,0.2,0.6,0.6,0.6,1.0,0.0,0.0,0.0,0.7,0.1999999999999999,0.0,0.4,0.4,0.4,0.6,"8a755824662ffff,8a75582467affff,8a7558246787fff,8a75582467b7fff,8a7558246797fff,8a755824679ffff,8a75582466b7fff,8a7558246697fff,8a7558246687fff,8a755824668ffff,8a75582466f7fff,8a75582466c7fff,8a75582466effff,8a755824665ffff,8a75582429a7fff,8a75582429affff,8a755824291ffff",1
174375405,41231718#1,0.8333333333333334,0.8333333333333334,1.0,0.0,0.4166666666666666,1.0,0.5833333333333334,0.5833333333333334,0.5833333333333334,1.0,0.4166666666666667,0.25,0.3333333333333333,0.4166666666666666,0.5,0.6666666666666667,0.4166666666666666,0.5,0.8333333333333334,0.0,0.8333333333333334,0.6666666666666667,0.5,"8a755824665ffff,8a755824664ffff,8a7558242937fff,8a7558242927fff,8a75582462d7fff,8a75582462c7fff,8a75582462e7fff,8a7558246277fff,8a755824634ffff,8a7558240cb7fff,8a7558240c17fff,8a7558240c37fff,8a7558240c27fff,8a7558240d1ffff,8a7558240daffff,8a7558240da7fff,8a7558246a5ffff,8a7558246a4ffff,8a7558246a67fff",3
174375405,41231718#1,0.0,0.0,0.1666666666666666,0.8333333333333334,0.4166666666666666,0.1666666666666666,0.5833333333333334,0.5833333333333334,0.5833333333333334,0.1666666666666666,0.4166666666666667,0.5,1.0,0.4166666666666666,0.8333333333333334,0.8333333333333334,0.4166666666666666,0.1666666666666666,0.6666666666666667,0.8333333333333334,0.0,0.1666666666666666,0.8333333333333334,"8a755824665ffff,8a755824664ffff,8a7558242937fff,8a7558242927fff,8a75582462d7fff,8a75582462c7fff,8a75582462e7fff,8a7558246277fff,8a755824634ffff,8a7558240cb7fff,8a7558240c17fff,8a7558240c37fff,8a7558240c27fff,8a7558240d57fff,8a7558240d77fff,8a7558240d67fff,8a7558240d47fff,8a7558240997fff,8a75582446c7fff,8a755824461ffff,8a755824460ffff,8a7558244627fff,8a755824471ffff,8a7558244717fff,8a7558244707fff,8a755824409ffff,8a755824446ffff,8a7558244467fff,8a7558244477fff,8a75582447b7fff,8a75582447a7fff,8a7558244797fff,8a7558244787fff,8a75582446b7fff,8a755824469ffff,8a7558246a6ffff,8a7558246a4ffff,8a7558246a67fff",4
174375405,41231718#1,0.3333333333333333,0.3333333333333333,0.5,0.3333333333333333,0.4166666666666666,0.5,0.5833333333333334,0.5833333333333334,0.5833333333333334,0.5,0.8333333333333334,0.8333333333333334,0.5,0.4166666666666666,0.0,0.0,0.4166666666666666,0.3333333333333333,0.0,0.5,0.3333333333333333,0.5,0.1666666666666666,"8a755824665ffff,8a755824664ffff,8a7558242937fff,8a7558242927fff,8a75582462d7fff,8a75582462c7fff,8a75582462e7fff,8a7558246277fff,8a755824634ffff,8a7558240cb7fff,8a7558240c17fff,8a7558240c37fff,8a7558240c27fff,8a7558240d57fff,8a7558240d77fff,8a7558240d27fff,8a755824469ffff,8a7558246a6ffff,8a7558246a4ffff,8a7558246a67fff",1
174375405,41231718#1,0.1666666666666666,0.1666666666666666,0.3333333333333333,0.6666666666666667,0.4166666666666666,0.3333333333333333,0.5833333333333334,0.5833333333333334,0.5833333333333334,0.3333333333333333,0.4166666666666667,0.6666666666666666,0.8333333333333334,0.4166666666666666,0.6666666666666667,0.5,0.4166666666666666,0.8333333333333334,0.5,0.6666666666666667,0.1666666666666666,0.0,0.6666666666666667,"8a755824665ffff,8a755824664ffff,8a7558242937fff,8a7558242927fff,8a75582462d7fff,8a75582462c7fff,8a75582462e7fff,8a7558246277fff,8a755824634ffff,8a7558240cb7fff,8a7558240c17fff,8a7558240c37fff,8a7558240c27fff,8a7558240d57fff,8a7558240d77fff,8a7558240d27fff,8a7558244687fff,8a75582446b7fff,8a755824469ffff,8a7558246a6ffff,8a7558246a4ffff,8a7558246a67fff",4
174375405,41231718#1,0.6666666666666667,0.6666666666666667,0.8333333333333334,0.1666666666666666,0.4166666666666666,0.8333333333333334,0.5833333333333334,0.5833333333333334,0.5833333333333334,0.8333333333333334,1.0,0.25,0.1666666666666666,0.4166666666666666,0.1666666666666666,0.1666666666666666,0.4166666666666666,0.0,0.1666666666666666,0.1666666666666666,0.6666666666666667,0.8333333333333334,0.3333333333333333,"8a755824665ffff,8a755824664ffff,8a7558242937fff,8a7558242927fff,8a75582462d7fff,8a75582462c7fff,8a75582462e7fff,8a7558246277fff,8a755824634ffff,8a7558240cb7fff,8a7558240c17fff,8a7558240c37fff,8a7558240c27fff,8a7558240d1ffff,8a7558240daffff,8a7558240da7fff,8a7558246a5ffff,8a7558246a4ffff,8a7558246a67fff",0
174375405,41231718#1,0.5,0.5,0.6666666666666666,0.5,0.4166666666666666,0.6666666666666666,0.5833333333333334,0.5833333333333334,0.5833333333333334,0.6666666666666666,0.4166666666666667,1.0,0.6666666666666666,0.4166666666666666,0.3333333333333333,0.3333333333333333,0.4166666666666666,0.6666666666666667,0.3333333333333333,0.3333333333333333,0.5,0.3333333333333333,0.0,"8a755824665ffff,8a755824664ffff,8a7558242937fff,8a7558242927fff,8a75582462d7fff,8a75582462c7fff,8a75582462e7fff,8a7558246277fff,8a755824634ffff,8a7558240cb7fff,8a7558240c17fff,8a7558240c37fff,8a7558240c27fff,8a7558240d57fff,8a7558240d77fff,8a7558240d27fff,8a755824469ffff,8a7558246a6ffff,8a7558246a4ffff,8a7558246a67fff",0
-41231753#2,-79116549#5,0.9,0.9,0.2,0.9,0.7,0.3,0.55,0.55,0.55,0.55,0.55,0.4,0.7,0.4499999999999999,0.6,0.6,0.4499999999999999,0.9,0.6,0.4499999999999999,0.9,0.9,0.0,"8a755824478ffff,8a75582447affff,8a7558244637fff,8a755824471ffff,8a7558244627fff,8a755824460ffff",2
-41231753#2,-79116549#5,0.3,0.3,0.8,0.1999999999999999,0.1999999999999999,0.8,0.55,0.55,0.55,0.55,0.55,0.8,0.3,0.4499999999999999,0.0999999999999999,0.0999999999999999,0.4499999999999999,0.3,0.0999999999999999,0.4499999999999999,0.3,0.4,0.3,"8a755824478ffff,8a75582446a7fff,8a7558244687fff,8a75582446b7fff,8a755824469ffff,8a7558246a6ffff,8a7558246a4ffff,8a7558246a5ffff,8a7558240da7fff,8a7558240daffff,8a7558240d1ffff,8a7558240c27fff,8a7558240d57fff,8a7558240d77fff,8a7558240d67fff,8a75582446c7fff,8a755824461ffff,8a755824460ffff,8a7558244627fff",1
-41231753#2,-79116549#5,0.0,0.0,0.7,0.3,0.1999999999999999,0.6,0.55,0.55,0.55,0.55,0.55,0.4,0.7,0.4499999999999999,0.6,0.6,0.4499999999999999,0.4,0.6,0.4499999999999999,0.0999999999999999,0.5,0.6,"8a755824478ffff,8a75582446a7fff,8a7558244687fff,8a75582446b7fff,8a7558244787fff,8a7558244797fff,8a75582447a7fff,8a7558244467fff,8a7558244097fff,8a755824409ffff,8a7558244737fff,8a755824446ffff,8a75582447affff,8a7558244637fff,8a7558244617fff,8a755824461ffff,8a755824468ffff,8a75582446dffff,8a75582446c7fff,8a75582446e7fff,8a755824460ffff,8a7558244627fff",3
-41231753#2,-79116549#5,0.0999999999999999,0.0999999999999999,0.4,0.6,0.7,0.3,0.55,0.55,0.55,0.55,0.55,0.9,0.2,0.4499999999999999,0.1999999999999999,0.1999999999999999,0.4499999999999999,0.1999999999999999,0.1999999999999999,0.4499999999999999,0.0,0.0,0.9,"8a755824478ffff,8a75582447affff,8a7558244737fff,8a755824446ffff,8a75582447a7fff,8a7558244787fff,8a75582446b7fff,8a755824469ffff,8a7558240d27fff,8a7558240d77fff,8a7558240d57fff,8a7558240d67fff,8a7558240d47fff,8a7558240997fff,8a75582446cffff,8a755824460ffff,8a7558244627fff",1
-41231753#2,-79116549#5,0.6,0.6,0.1,0.7,0.7,0.3,0.55,0.55,0.55,0.55,0.55,0.4,0.7,0.4499999999999999,0.6,0.6,0.4499999999999999,0.6,0.6,0.4499999999999999,0.4,0.1999999999999999,0.8,"8a755824478ffff,8a75582447affff,8a7558244637fff,8a7558244617fff,8a755824461ffff,8a755824468ffff,8a75582446d7fff,8a7558240d27fff,8a7558240d77fff,8a7558240d67fff,8a7558240d47fff,8a7558240997fff,8a75582446cffff,8a755824460ffff,8a7558244627fff",2
-41231753#2,-79116549#5,0.4,0.4,0.6,0.4,0.1999999999999999,0.7,0.55,0.55,0.55,0.55,0.55,0.4,0.7,0.4499999999999999,0.6,0.6,0.4499999999999999,0.7,0.6,0.4499999999999999,0.6,0.3,0.5,"8a755824478ffff,8a75582446a7fff,8a7558244687fff,8a75582446b7fff,8a7558244787fff,8a75582447a7fff,8a75582447b7fff,8a7558244467fff,8a755824446ffff,8a755824409ffff,8a7558244707fff,8a7558244717fff,8a755824471ffff,8a7558244627fff,8a755824460ffff",3
-41231753#2,-79116549#5,0.5,0.5,0.95,0.05,0.1999999999999999,0.9,0.55,0.55,0.55,0.55,0.55,1.0,0.1,0.4499999999999999,0.0,0.0,0.4499999999999999,0.0999999999999999,0.0,0.4499999999999999,0.5,0.0999999999999999,0.7,"8a755824478ffff,8a75582446a7fff,8a7558244687fff,8a75582446b7fff,8a755824469ffff,8a7558240d27fff,8a7558240d77fff,8a7558240d57fff,8a7558240d67fff,8a75582446dffff,8a75582446c7fff,8a755824461ffff,8a755824460ffff,8a7558244627fff",1
-41231753#2,-79116549#5,0.7,0.7,0.3,0.8,0.7,0.3,0.55,0.55,0.55,0.55,0.55,0.4,0.7,0.4499999999999999,0.6,0.6,0.4499999999999999,0.5,0.6,0.4499999999999999,0.7,0.7,0.1999999999999999,"8a755824478ffff,8a75582447affff,8a75582447a7fff,8a755824446ffff,8a7558244737fff,8a755824409ffff,8a7558244707fff,8a7558244717fff,8a755824471ffff,8a7558244627fff,8a755824460ffff",2
-41231753#2,-79116549#5,0.8,0.8,0.95,0.05,0.1999999999999999,1.0,0.55,0.55,0.55,0.55,0.55,0.4,0.7,0.4499999999999999,0.6,0.6,0.4499999999999999,0.8,0.6,0.4499999999999999,0.8,0.8,0.0999999999999999,"8a755824478ffff,8a75582446a7fff,8a7558244687fff,8a75582446b7fff,8a7558244787fff,8a7558244797fff,8a75582447a7fff,8a75582447affff,8a7558244637fff,8a755824471ffff,8a7558244627fff,8a755824460ffff",3
-41231753#2,-79116549#5,0.1999999999999999,0.1999999999999999,0.5,0.5,0.7,0.3,0.55,0.55,0.55,0.55,0.55,0.4,0.7,0.4499999999999999,0.6,0.6,0.4499999999999999,0.0,0.6,0.4499999999999999,0.1999999999999999,0.6,0.4,"8a755824478ffff,8a75582447affff,8a7558244737fff,8a755824446ffff,8a7558244467fff,8a7558244097fff,8a755824409ffff,8a7558244707fff,8a7558244717fff,8a755824471ffff,8a7558244637fff,8a7558244617fff,8a755824461ffff,8a755824468ffff,8a75582446dffff,8a75582446c7fff,8a755824460ffff,8a7558244627fff",4
41231718#0,41273128#1,0.9,0.9,1.0,0.0,0.4,0.9,0.55,0.55,0.55,0.55,0.55,0.4,0.7,0.4499999999999999,0.6,0.6,0.4499999999999999,0.8,0.6,0.4499999999999999,0.9,0.1999999999999999,0.6,"8a7558246a4ffff,8a7558246a67fff,8a7558246a6ffff,8a755824469ffff,8a75582446b7fff,8a7558244787fff,8a7558244797fff,8a75582447a7fff,8a75582447b7fff,8a7558244467fff",3
41231718#0,41273128#1,0.0,0.0,0.1,0.9,0.9,0.1,0.55,0.55,0.55,0.55,0.55,0.8,0.3,0.4499999999999999,0.1999999999999999,0.1999999999999999,0.4499999999999999,0.3,0.1999999999999999,0.4499999999999999,0.0,0.8,0.1999999999999999,"8a7558246a4ffff,8a7558246a67fff,8a755824469ffff,8a7558246a6ffff,8a7558246a5ffff,8a7558240da7fff,8a7558240daffff,8a7558240d1ffff,8a7558240c27fff,8a7558240d57fff,8a7558240d77fff,8a7558240d67fff,8a75582446c7fff,8a75582446e7fff,8a755824461ffff,8a755824460ffff,8a7558244627fff,8a755824471ffff,8a7558244637fff,8a75582447affff,8a7558244737fff,8a755824446ffff,8a7558244467fff,8a7558244477fff,8a75582447b7fff",4
41231718#0,41273128#1,0.1999999999999999,0.1999999999999999,0.4,0.6,0.4,0.8,0.55,0.55,0.55,0.55,0.55,0.4,0.7,0.4499999999999999,0.6,0.6,0.4499999999999999,0.4,0.6,0.4499999999999999,0.1999999999999999,0.3,0.7,"8a7558246a4ffff,8a7558246a67fff,8a7558246a6ffff,8a7558240d17fff,8a7558240d37fff,8a755824469ffff,8a7558240d27fff,8a7558244687fff,8a75582446b7fff,8a7558244787fff,8a75582447a7fff,8a755824446ffff,8a7558244737fff,8a755824409ffff,8a7558244097fff,8a7558244467fff,8a7558244477fff,8a75582447b7fff",4
41231718#0,41273128#1,0.8,0.8,0.3,0.7,0.4,0.3,0.55,0.55,0.55,0.55,0.55,0.4,0.7,0.4499999999999999,0.6,0.6,0.4499999999999999,0.9,0.6,0.4499999999999999,0.8,0.9,0.0,"8a7558246a4ffff,8a7558246a67fff,8a755824469ffff,8a7558240d27fff,8a7558244687fff,8a75582446a7fff,8a755824478ffff,8a75582447affff,8a75582447a7fff,8a75582447b7fff,8a7558244467fff",2
41231718#0,41273128#1,0.0999999999999999,0.0999999999999999,0.2,0.8,0.4,0.2,0.55,0.55,0.55,0.55,0.55,0.9,0.2,0.4499999999999999,0.0999999999999999,0.0999999999999999,0.4499999999999999,0.0999999999999999,0.0999999999999999,0.4499999999999999,0.0999999999999999,0.6,0.4,"8a7558246a4ffff,8a7558246a67fff,8a7558246a6ffff,8a755824469ffff,8a7558240d27fff,8a7558240d77fff,8a7558240d57fff,8a7558240d67fff,8a7558240d47fff,8a7558240997fff,8a75582446c7fff,8a755824461ffff,8a755824460ffff,8a7558244627fff,8a755824471ffff,8a7558244707fff,8a755824409ffff,8a755824446ffff,8a7558244467fff,8a7558244477fff,8a75582447b7fff",1
41231718#0,41273128#1,0.6,0.5,0.5,0.5,0.4,0.7,0.55,0.55,0.55,0.55,0.55,1.0,0.1,0.4499999999999999,0.0,0.0,0.4499999999999999,0.7,0.0,0.4499999999999999,0.5,0.7,0.3,"8a7558246a4ffff,8a7558246a67fff,8a7558246a6ffff,8a7558246a5ffff,8a7558240da7fff,8a7558240daffff,8a7558240d1ffff,8a7558240c27fff,8a7558240d57fff,8a7558240d77fff,8a7558240d27fff,8a755824469ffff,8a75582446b7fff,8a7558244787fff,8a7558244797fff,8a75582447a7fff,8a75582447b7fff,8a7558244467fff",0
41231718#0,41273128#1,0.7,0.7,0.8,0.1999999999999999,0.4,0.6,0.55,0.55,0.55,0.55,0.55,0.4,0.7,0.4499999999999999,0.6,0.6,0.4499999999999999,0.0,0.6,0.4499999999999999,0.7,0.5,0.5,"8a7558246a4ffff,8a7558246a67fff,8a755824469ffff,8a7558246a6ffff,8a7558240d1ffff,8a7558240d07fff,8a7558240d17fff,8a7558240d37fff,8a75582446b7fff,8a7558244787fff,8a75582447a7fff,8a75582447b7fff,8a7558244467fff",3
41231718#0,41273128#1,0.4,0.4,0.6,0.4,0.4,0.5,0.55,0.55,0.55,0.55,0.55,0.4,0.7,0.4499999999999999,0.6,0.6,0.4499999999999999,0.6,0.6,0.4499999999999999,0.4,0.4,0.0999999999999999,"8a7558246a4ffff,8a7558246a67fff,8a7558246a6ffff,8a755824469ffff,8a75582446b7fff,8a7558244787fff,8a75582447a7fff,8a75582447affff,8a7558244637fff,8a755824471ffff,8a7558244627fff,8a7558244717fff,8a7558244707fff,8a755824409ffff,8a7558244737fff,8a755824446ffff,8a7558244467fff,8a7558244477fff,8a75582447b7fff",3
41231718#0,41273128#1,0.5,0.6,0.7,0.3,0.4,1.0,0.55,0.55,0.55,0.55,0.55,0.4,0.7,0.4499999999999999,0.6,0.6,0.4499999999999999,0.1999999999999999,0.6,0.4499999999999999,0.6,0.0,0.9,"8a7558246a4ffff,8a7558246a67fff,8a755824469ffff,8a7558240d27fff,8a7558244687fff,8a75582446b7fff,8a7558244787fff,8a7558244797fff,8a75582447a7fff,8a7558244467fff,8a7558244477fff,8a75582447b7fff",3
41231718#0,41273128#1,0.3,0.3,0.9,0.0999999999999999,0.4,0.4,0.55,0.55,0.55,0.55,0.55,0.4,0.7,0.4499999999999999,0.6,0.6,0.4499999999999999,0.5,0.6,0.4499999999999999,0.3,0.0999999999999999,0.8,"8a7558246a4ffff,8a7558246a67fff,8a7558246a6ffff,8a7558240d1ffff,8a7558240d07fff,8a7558240d37fff,8a755824469ffff,8a75582446b7fff,8a7558244787fff,8a7558244797fff,8a75582447a7fff,8a755824446ffff,8a7558244467fff,8a7558244477fff,8a75582447b7fff",3
-561133140#1,79119292,0.8,0.8,0.2,0.8,0.75,0.25,0.55,0.55,0.55,0.55,0.55,0.3,0.8,0.4499999999999999,0.7,0.7,0.4499999999999999,0.8,0.7,0.4499999999999999,0.8,0.0999999999999999,0.7,"8a7558244627fff,8a755824471ffff,8a755824460ffff,8a755824461ffff,8a75582446c7fff,8a7558240d67fff,8a7558240d77fff,8a75582446dffff",2
-561133140#1,79119292,0.1999999999999999,0.1999999999999999,0.8,0.1999999999999999,0.25,0.5,0.55,0.55,0.55,0.55,0.55,0.3,0.8,0.4499999999999999,0.7,0.7,0.4499999999999999,0.5,0.7,0.4499999999999999,0.1999999999999999,0.5,0.5,"8a7558244627fff,8a755824471ffff,8a7558244717fff,8a7558244707fff,8a755824409ffff,8a7558244737fff,8a755824446ffff,8a7558244097fff,8a7558244467fff,8a7558244477fff,8a75582447b7fff,8a75582447a7fff,8a7558244797fff,8a7558244787fff,8a75582447affff,8a7558244637fff,8a7558244617fff,8a755824461ffff,8a755824468ffff,8a75582446d7fff,8a7558240d27fff,8a7558240d77fff,8a75582446dffff",3
-561133140#1,79119292,0.5,0.5,0.9,0.0999999999999999,0.25,1.0,0.55,0.55,0.55,0.55,0.55,0.9,0.2,0.4499999999999999,0.0999999999999999,0.0999999999999999,0.4499999999999999,0.7,0.0999999999999999,0.4499999999999999,0.5,0.6,0.3,"8a7558244627fff,8a755824471ffff,8a7558244637fff,8a75582447affff,8a755824478ffff,8a75582446a7fff,8a7558244687fff,8a75582446b7fff,8a755824469ffff,8a7558240d27fff,8a7558240d77fff,8a7558240d57fff,8a7558240d67fff,8a7558240d47fff,8a7558240997fff,8a75582446c7fff,8a75582446e7fff,8a755824461ffff,8a755824468ffff,8a75582446d7fff,8a75582446dffff",0
-561133140#1,79119292,0.3,0.3,0.5,0.5,0.25,0.9,0.55,0.55,0.55,0.55,0.55,0.6,0.5,0.4499999999999999,0.3,0.3,0.4499999999999999,0.3,0.3,0.4499999999999999,0.3,0.3,0.4,"8a7558244627fff,8a755824471ffff,8a7558244707fff,8a7558244717fff,8a755824409ffff,8a7558244097fff,8a7558244467fff,8a7558244477fff,8a75582447b7fff,8a75582447a7fff,8a7558244787fff,8a75582446b7fff,8a755824469ffff,8a7558246a6ffff,8a7558246a4ffff,8a7558246a5ffff,8a7558240da7fff,8a7558240daffff,8a7558240d1ffff,8a7558240c27fff,8a7558240d57fff,8a7558240d77fff,8a7558240d67fff,8a75582446dffff",1
-561133140#1,79119292,0.9,0.9,0.2,0.8,0.75,0.25,0.55,0.55,0.55,0.55,0.55,0.3,0.8,0.4499999999999999,0.7,0.7,0.4499999999999999,0.9,0.7,0.4499999999999999,0.9,0.7,0.1999999999999999,"8a7558244627fff,8a755824471ffff,8a7558244637fff,8a7558244617fff,8a755824461ffff,8a755824468ffff,8a75582446d7fff,8a7558240d77fff,8a75582446dffff",2
-561133140#1,79119292,0.7,0.6,0.65,0.35,0.25,0.8,0.55,0.55,0.55,0.55,0.55,1.0,0.1,0.4499999999999999,0.0,0.0,0.4499999999999999,0.0999999999999999,0.0,0.4499999999999999,0.6,0.8,0.0,"8a7558244627fff,8a755824471ffff,8a755824460ffff,8a755824461ffff,8a7558244617fff,8a7558244637fff,8a75582447affff,8a75582447a7fff,8a7558244797fff,8a7558244787fff,8a75582446b7fff,8a755824469ffff,8a7558240d27fff,8a7558240d77fff,8a7558240d57fff,8a7558240d67fff,8a75582446dffff",0
-561133140#1,79119292,0.0,0.0,0.2,0.8,0.75,0.25,0.55,0.55,0.55,0.55,0.55,0.3,0.8,0.4499999999999999,0.7,0.7,0.4499999999999999,0.4,0.7,0.4499999999999999,0.0,0.4,0.9,"8a7558244627fff,8a755824471ffff,8a7558244707fff,8a7558244717fff,8a755824409ffff,8a755824446ffff,8a75582447a7fff,8a7558244797fff,8a7558244787fff,8a75582446b7fff,8a755824469ffff,8a7558240d27fff,8a7558244687fff,8a75582446a7fff,8a755824478ffff,8a75582447affff,8a7558244637fff,8a7558244617fff,8a755824461ffff,8a755824468ffff,8a75582446dffff,8a75582446c7fff,8a7558240d67fff,8a7558240d77fff",4
-561133140#1,79119292,0.6,0.7,1.0,0.0,0.25,0.6,0.55,0.55,0.55,0.55,0.55,0.3,0.8,0.4499999999999999,0.7,0.7,0.4499999999999999,0.6,0.7,0.4499999999999999,0.7,0.9,0.0999999999999999,"8a7558244627fff,8a755824471ffff,8a7558244707fff,8a7558244717fff,8a755824409ffff,8a7558244097fff,8a7558244467fff,8a755824446ffff,8a75582447a7fff,8a75582447affff,8a7558244637fff,8a755824460ffff,8a755824461ffff,8a75582446c7fff,8a7558240d67fff,8a7558240d77fff,8a75582446dffff",3
-561133140#1,79119292,0.4,0.4,0.4,0.6,0.75,0.25,0.55,0.55,0.55,0.55,0.55,0.8,0.3,0.4499999999999999,0.1999999999999999,0.1999999999999999,0.4499999999999999,0.0,0.1999999999999999,0.4499999999999999,0.4,0.0,0.8,"8a7558244627fff,8a755824471ffff,8a7558244717fff,8a7558244707fff,8a755824409ffff,8a7558244737fff,8a755824446ffff,8a7558244467fff,8a7558244477fff,8a75582447b7fff,8a75582447a7fff,8a7558244797fff,8a7558244787fff,8a75582446b7fff,8a755824469ffff,8a7558240d27fff,8a7558240d77fff,8a7558240d57fff,8a7558240d67fff,8a75582446dffff",1
-561133140#1,79119292,0.0999999999999999,0.0999999999999999,0.65,0.35,0.25,0.7,0.55,0.55,0.55,0.55,0.55,0.7,0.4,0.4499999999999999,0.4,0.4,0.4499999999999999,0.1999999999999999,0.4,0.4499999999999999,0.0999999999999999,0.1999999999999999,0.6,"8a7558244627fff,8a755824471ffff,8a7558244717fff,8a7558244707fff,8a755824409ffff,8a755824446ffff,8a75582447a7fff,8a7558244787fff,8a75582446b7fff,8a755824469ffff,8a7558240d27fff,8a7558240d77fff,8a7558240d57fff,8a7558240d67fff,8a7558240d47fff,8a7558240997fff,8a75582446c7fff,8a755824461ffff,8a755824468ffff,8a75582446d7fff,8a75582446dffff",1
-79119285,-57680152#1,0.6,0.6,0.8,0.0,0.3,0.7,0.55,0.55,0.25,0.4,1.0,0.7,0.7,0.75,0.7,0.6,0.7,0.9,0.7,0.0999999999999999,0.6,0.0,0.9,"8a7558240d1ffff,8a7558240d07fff,8a7558240d37fff,8a755824469ffff,8a7558240d27fff,8a7558244687fff,8a75582446a7fff,8a755824478ffff,8a75582447affff,8a7558244637fff,8a755824471ffff,8a7558244627fff,8a7558244767fff,8a75582440c7fff,8a7558244c27fff,8a7558244c87fff,8a7558271257fff,8a75582712e7fff,8a7558246d27fff,8a7558246d37fff,8a7558273327fff,8a7558273337fff,8a75582733affff,8a755827338ffff,8a75582732f7fff,8a7558255967fff,8a75582464affff,8a75582464f7fff,8a75582464c7fff,8a75582464cffff,8a7558246797fff,8a75582467b7fff,8a7558246787fff,8a75582467affff,8a755824662ffff",3
-79119285,-57680152#1,0.9,0.9,0.4,0.8,0.85,0.2,0.55,0.55,0.8,0.9,0.2,0.1,0.8,0.0,0.1999999999999999,0.9,0.0,0.1999999999999999,0.9,0.8,0.9,0.9,0.1999999999999999,"8a7558240d1ffff,8a7558240d07fff,8a7558240d17fff,8a7558246a4ffff,8a7558246a5ffff,8a7558240da7fff,8a7558240daffff,8a7558240c27fff,8a7558240c37fff,8a7558240c17fff,8a7558240cb7fff,8a755824634ffff,8a7558246277fff,8a75582462e7fff,8a75582462c7fff,8a75582462d7fff,8a7558242927fff,8a7558242937fff,8a755824664ffff,8a755824665ffff,8a75582466effff,8a75582466c7fff,8a75582466f7fff,8a75582466affff,8a7558246687fff,8a7558246697fff,8a75582466b7fff,8a755824679ffff,8a7558246797fff,8a75582467b7fff,8a7558246787fff,8a75582467affff,8a755824662ffff",2
-79119285,-57680152#1,0.0999999999999999,0.0,0.1,0.7,0.3,0.5,0.55,0.55,0.9,0.4,0.4,0.4,0.3,0.5,0.5,0.5,0.7,0.3,0.1999999999999999,0.6,0.0,0.5,0.5,"8a7558240d1ffff,8a7558240d07fff,8a7558240d37fff,8a755824469ffff,8a7558246a6ffff,8a7558246a4ffff,8a7558246a5ffff,8a7558240da7fff,8a7558240daffff,8a7558240c27fff,8a7558240d57fff,8a7558240d77fff,8a7558240d67fff,8a75582446c7fff,8a75582446e7fff,8a755824461ffff,8a755824460ffff,8a7558244627fff,8a755824471ffff,8a7558244767fff,8a75582440c7fff,8a7558244c27fff,8a7558244c87fff,8a7558271257fff,8a75582712e7fff,8a7558246d27fff,8a7558246d37fff,8a7558273327fff,8a7558273337fff,8a755827305ffff,8a75582733b7fff,8a75582730d7fff,8a7558273767fff,8a7558273667fff,8a7558255937fff,8a755825595ffff,8a7558255867fff,8a7558255b07fff,8a755824648ffff,8a75582464f7fff,8a75582464c7fff,8a75582464cffff,8a7558246797fff,8a75582467b7fff,8a7558246787fff,8a75582467affff,8a755824662ffff",4
-79119285,-57680152#1,0.7,0.7,0.7,0.3,0.7,0.4,0.55,0.55,0.6,1.0,0.2,0.3,0.2,0.1999999999999999,0.0999999999999999,0.0999999999999999,0.1999999999999999,0.0999999999999999,0.0,0.8,0.7,0.7,0.0999999999999999,"8a7558240d1ffff,8a7558240d07fff,8a7558240d37fff,8a755824469ffff,8a7558240d27fff,8a7558240d77fff,8a7558240d57fff,8a7558240d47fff,8a7558240c67fff,8a7558240c07fff,8a7558240c37fff,8a7558240c17fff,8a7558240cb7fff,8a755824634ffff,8a7558246277fff,8a75582462e7fff,8a75582462c7fff,8a75582462d7fff,8a7558242927fff,8a7558242937fff,8a755824664ffff,8a755824665ffff,8a75582466effff,8a75582466c7fff,8a75582466f7fff,8a75582466affff,8a7558246687fff,8a75582466a7fff,8a755824678ffff,8a755824679ffff,8a7558246797fff,8a75582467b7fff,8a7558246787fff,8a75582467affff,8a755824662ffff",0
-79119285,-57680152#1,0.1999999999999999,0.1999999999999999,0.2,0.6,0.3,0.6,0.55,0.55,1.0,0.4,0.6,0.6,0.1,0.3,0.3,0.8,0.3,0.5,0.5,0.5,0.1999999999999999,0.1999999999999999,0.6,"8a7558240d1ffff,8a7558240d07fff,8a7558240d37fff,8a755824469ffff,8a7558240d27fff,8a7558244687fff,8a75582446a7fff,8a755824478ffff,8a75582447affff,8a7558244637fff,8a755824471ffff,8a7558244627fff,8a7558244767fff,8a75582440c7fff,8a7558244c27fff,8a7558244c87fff,8a7558271257fff,8a75582712e7fff,8a7558246d27fff,8a7558246d37fff,8a7558273327fff,8a7558273337fff,8a755827305ffff,8a75582733b7fff,8a75582730d7fff,8a7558273767fff,8a7558273667fff,8a7558255937fff,8a755825595ffff,8a7558255867fff,8a7558255b07fff,8a7558255b2ffff,8a7558255b77fff,8a7558255b47fff,8a7558255b5ffff,8a7558255b4ffff,8a7558246697fff,8a75582466b7fff,8a755824679ffff,8a7558246797fff,8a75582467b7fff,8a7558246787fff,8a75582467affff,8a755824662ffff",4
-79119285,-57680152#1,0.3,0.3,0.5,0.4,0.3,0.8,0.55,0.55,0.25,0.4,0.7,0.8,0.6,0.75,0.8,0.3,0.7,0.6,0.4,0.4,0.3,0.4,0.4,"8a7558240d1ffff,8a7558240d07fff,8a7558240d17fff,8a7558246a4ffff,8a7558240d37fff,8a755824469ffff,8a7558246a6ffff,8a7558246a5ffff,8a7558240da7fff,8a7558240daffff,8a7558240c27fff,8a7558240d57fff,8a7558240d77fff,8a7558240d67fff,8a7558240d47fff,8a7558240997fff,8a75582446cffff,8a755824460ffff,8a7558244627fff,8a755824471ffff,8a7558244767fff,8a75582440c7fff,8a7558244c27fff,8a7558244c87fff,8a7558271257fff,8a75582712e7fff,8a7558246d27fff,8a7558273a0ffff,8a7558273aaffff,8a7558273a87fff,8a7558273337fff,8a75582733affff,8a755827338ffff,8a75582732f7fff,8a7558255967fff,8a75582464affff,8a75582464f7fff,8a75582464c7fff,8a75582464cffff,8a7558246797fff,8a75582467b7fff,8a7558246787fff,8a75582467affff,8a755824662ffff",3
-79119285,-57680152#1,0.0,0.0999999999999999,0.3,0.5,0.3,0.3,0.55,0.55,0.5,0.4,0.5,0.5,1.0,0.4,0.4,0.4,0.4,0.7,0.6,0.0,0.0999999999999999,0.6,0.3,"8a7558240d1ffff,8a7558240d07fff,8a7558240d37fff,8a755824469ffff,8a7558240d27fff,8a7558244687fff,8a75582446a7fff,8a755824478ffff,8a75582447affff,8a7558244637fff,8a7558244617fff,8a755824461ffff,8a755824468ffff,8a75582446dffff,8a75582446c7fff,8a75582446e7fff,8a755824460ffff,8a7558244627fff,8a755824471ffff,8a7558244767fff,8a75582440c7fff,8a7558244c27fff,8a7558244c87fff,8a7558271257fff,8a75582712e7fff,8a7558246d27fff,8a7558246d37fff,8a7558273327fff,8a7558273337fff,8a75582733affff,8a755827338ffff,8a75582732f7fff,8a7558255967fff,8a75582464affff,8a75582464f7fff,8a755824648ffff,8a7558255b07fff,8a7558255b2ffff,8a7558255b77fff,8a7558255b47fff,8a7558255b5ffff,8a7558255b4ffff,8a7558246697fff,8a75582466b7fff,8a755824679ffff,8a7558246797fff,8a75582467b7fff,8a7558246787fff,8a75582467affff,8a755824662ffff",4
-79119285,-57680152#1,0.4,0.4,1.0,0.1999999999999999,0.3,0.9,0.55,0.55,0.25,0.4,0.8,0.9,0.5,0.75,0.9,0.7,0.7,0.8,0.8,0.3,0.4,0.3,0.7,"8a7558240d1ffff,8a7558240d07fff,8a7558240d37fff,8a755824469ffff,8a75582446b7fff,8a7558244787fff,8a75582447a7fff,8a7558244467fff,8a7558244097fff,8a755824409ffff,8a7558244707fff,8a7558244717fff,8a755824471ffff,8a7558244627fff,8a7558244767fff,8a75582440c7fff,8a7558244c27fff,8a7558244c87fff,8a7558271257fff,8a75582712e7fff,8a7558246d27fff,8a7558273a0ffff,8a7558273aaffff,8a7558273a87fff,8a7558273337fff,8a75582733affff,8a755827338ffff,8a75582732f7fff,8a7558255967fff,8a75582464affff,8a75582464f7fff,8a75582464c7fff,8a75582464cffff,8a7558246797fff,8a75582467b7fff,8a7558246787fff,8a75582467affff,8a755824662ffff",3
-79119285,-57680152#1,0.5,0.5,0.9,0.0999999999999999,0.3,1.0,0.55,0.55,0.25,0.4,0.9,1.0,0.4,0.75,0.6,0.1999999999999999,0.7,0.4,0.3,0.1999999999999999,0.5,0.0999999999999999,0.8,"8a7558240d1ffff,8a7558240d07fff,8a7558240d37fff,8a755824469ffff,8a7558240d27fff,8a7558240d77fff,8a7558240d57fff,8a7558240d67fff,8a75582446dffff,8a75582446c7fff,8a75582446e7fff,8a755824461ffff,8a755824460ffff,8a7558244627fff,8a755824471ffff,8a7558244767fff,8a75582440c7fff,8a7558244c27fff,8a7558244c87fff,8a7558271257fff,8a75582712e7fff,8a7558246d27fff,8a7558273a0ffff,8a7558273aaffff,8a7558273a87fff,8a7558273337fff,8a75582733affff,8a755827338ffff,8a75582732f7fff,8a7558255967fff,8a75582464affff,8a75582464f7fff,8a75582464c7fff,8a75582464cffff,8a7558246797fff,8a75582467b7fff,8a7558246787fff,8a75582467affff,8a755824662ffff",3
-79119285,-57680152#1,0.8,0.8,0.6,0.9,0.85,0.1,0.55,0.55,0.7,0.8,0.2,0.2,0.9,0.0999999999999999,0.0,0.0,0.0999999999999999,0.0,0.0999999999999999,0.8,0.8,0.8,0.0,"8a7558240d1ffff,8a7558240d07fff,8a7558240d37fff,8a755824469ffff,8a7558240d27fff,8a7558240d77fff,8a7558240d57fff,8a7558240c27fff,8a7558240c37fff,8a7558240c17fff,8a7558240cb7fff,8a755824634ffff,8a7558246277fff,8a75582462e7fff,8a75582462c7fff,8a75582462d7fff,8a7558242927fff,8a7558242937fff,8a755824664ffff,8a7558246647fff,8a755824665ffff,8a75582466effff,8a75582466c7fff,8a75582466f7fff,8a75582466affff,8a7558246687fff,8a7558246697fff,8a75582466b7fff,8a755824679ffff,8a7558246797fff,8a75582467b7fff,8a7558246787fff,8a75582467affff,8a755824662ffff",2
-57680152#1,-79119285,0.6,0.6,1.0,0.0,0.5,1.0,0.55,0.55,0.4,0.35,1.0,1.0,0.1,0.6,0.7,0.7,0.5,0.5,0.7,0.6,0.6,0.0,0.9,"8a755824662ffff,8a75582467affff,8a7558246787fff,8a75582467b7fff,8a7558246797fff,8a75582464cffff,8a75582464c7fff,8a75582464f7fff,8a75582464affff,8a7558255967fff,8a75582732f7fff,8a755827338ffff,8a75582733affff,8a7558273337fff,8a7558273a87fff,8a7558273aaffff,8a7558273a0ffff,8a7558246d27fff,8a75582712e7fff,8a7558271257fff,8a7558244c87fff,8a7558244c27fff,8a75582440c7fff,8a7558244767fff,8a7558244627fff,8a755824471ffff,8a7558244637fff,8a75582447affff,8a755824478ffff,8a75582446a7fff,8a7558244687fff,8a75582446b7fff,8a755824469ffff,8a7558246a6ffff,8a7558246a4ffff,8a7558240d1ffff",3
-57680152#1,-79119285,0.9,0.9,0.9,0.9,0.9,0.3,0.55,0.55,1.0,1.0,0.3,0.15,0.3,0.1999999999999999,0.1999999999999999,0.0999999999999999,0.0,0.7,0.0999999999999999,0.0,0.9,0.9,0.0,"8a755824662ffff,8a75582467affff,8a7558246787fff,8a75582467b7fff,8a7558246797fff,8a755824679ffff,8a75582466b7fff,8a7558246697fff,8a7558246687fff,8a75582466affff,8a75582466f7fff,8a75582466c7fff,8a75582466effff,8a755824665ffff,8a755824664ffff,8a7558242937fff,8a7558242927fff,8a75582462d7fff,8a75582462c7fff,8a75582462e7fff,8a7558246277fff,8a755824634ffff,8a7558240cb7fff,8a7558240c17fff,8a7558240c37fff,8a7558240c27fff,8a7558240d1ffff,8a7558240daffff,8a7558240da7fff,8a7558246a5ffff,8a7558246a4ffff",0
-57680152#1,-79119285,0.0999999999999999,0.0999999999999999,0.6,0.4,0.5,0.7,0.55,0.55,0.4,0.7,0.5,0.4,0.5,0.6,0.3,0.3,0.5,0.4,0.3,0.6,0.0999999999999999,0.6,0.3,"8a755824662ffff,8a75582467affff,8a7558246787fff,8a75582467b7fff,8a7558246797fff,8a75582464cffff,8a75582464c7fff,8a75582464f7fff,8a75582464affff,8a7558255967fff,8a75582732f7fff,8a755827338ffff,8a75582733affff,8a7558273337fff,8a7558273327fff,8a7558246d37fff,8a7558246d27fff,8a75582712e7fff,8a7558271257fff,8a7558244c87fff,8a7558244c27fff,8a75582440c7fff,8a7558244767fff,8a7558244627fff,8a755824471ffff,8a755824460ffff,8a755824461ffff,8a75582446c7fff,8a7558240d67fff,8a7558240d77fff,8a7558240d57fff,8a7558240d47fff,8a7558240c67fff,8a7558240c07fff,8a7558240c37fff,8a7558240c27fff,8a7558240d1ffff,8a7558240daffff,8a7558240da7fff,8a7558246a5ffff,8a7558246a4ffff",1
-57680152#1,-79119285,0.4,0.5,0.4,0.5,0.5,0.5,0.55,0.55,0.4,0.35,0.9,0.7,0.6,0.6,0.4,0.4,0.5,0.3,0.4,0.6,0.5,0.1999999999999999,0.5,"8a755824662ffff,8a75582467affff,8a7558246787fff,8a75582467b7fff,8a7558246797fff,8a75582464cffff,8a75582464c7fff,8a75582464f7fff,8a75582464affff,8a7558255967fff,8a75582732f7fff,8a755827338ffff,8a75582733affff,8a7558273337fff,8a7558273327fff,8a7558246d37fff,8a7558246d27fff,8a75582712e7fff,8a7558271257fff,8a7558244c87fff,8a7558244c27fff,8a75582440c7fff,8a7558244767fff,8a7558244627fff,8a755824471ffff,8a7558244637fff,8a7558244617fff,8a755824461ffff,8a755824468ffff,8a75582446d7fff,8a7558240d27fff,8a7558240d77fff,8a7558240d67fff,8a755824469ffff,8a7558246a6ffff,8a7558246a4ffff,8a7558240d1ffff",2
-57680152#1,-79119285,0.7,0.7,0.1,0.8,0.05,0.1,0.55,0.55,0.8,0.8,0.15,0.3,1.0,0.0999999999999999,0.0999999999999999,0.0,0.5,0.9,0.0,0.1999999999999999,0.7,0.7,0.0999999999999999,"8a755824662ffff,8a75582467affff,8a7558246787fff,8a75582467b7fff,8a7558246797fff,8a755824679ffff,8a75582466b7fff,8a7558246697fff,8a7558246687fff,8a755824668ffff,8a75582466f7fff,8a75582466c7fff,8a75582466effff,8a755824665ffff,8a755824664ffff,8a7558242937fff,8a7558242927fff,8a75582462d7fff,8a75582462c7fff,8a75582462e7fff,8a7558246277fff,8a755824634ffff,8a7558240cb7fff,8a7558240c17fff,8a7558240c37fff,8a7558240c27fff,8a7558240d57fff,8a7558240d77fff,8a7558240d27fff,8a755824469ffff,8a7558246a6ffff,8a7558246a4ffff,8a7558240d1ffff",0
-57680152#1,-79119285,0.3,0.4,0.5,0.0999999999999999,0.5,0.4,0.55,0.55,0.4,0.35,0.8,0.6,0.7,0.6,0.8,0.8,0.5,0.0999999999999999,0.8,0.6,0.4,0.0999999999999999,0.8,"8a755824662ffff,8a75582467affff,8a7558246787fff,8a75582467b7fff,8a7558246797fff,8a75582464cffff,8a75582464c7fff,8a75582464f7fff,8a75582464affff,8a7558255967fff,8a75582732f7fff,8a755827338ffff,8a75582733affff,8a7558273337fff,8a7558273327fff,8a7558246d37fff,8a7558246d27fff,8a75582712e7fff,8a7558271257fff,8a7558244c87fff,8a7558244c27fff,8a75582440c7fff,8a7558244767fff,8a7558244627fff,8a755824471ffff,8a7558244717fff,8a7558244707fff,8a755824409ffff,8a755824446ffff,8a75582447a7fff,8a7558244787fff,8a75582446b7fff,8a755824469ffff,8a7558246a6ffff,8a7558246a4ffff,8a7558240d1ffff",3
-57680152#1,-79119285,0.1999999999999999,0.1999999999999999,0.3,0.6,0.5,0.6,0.55,0.55,0.4,0.35,0.6,0.5,0.8,0.6,0.6,0.6,0.5,0.6,0.6,0.6,0.1999999999999999,0.5,0.4,"8a755824662ffff,8a75582467affff,8a7558246787fff,8a75582467b7fff,8a7558246797fff,8a75582464cffff,8a75582464c7fff,8a75582464f7fff,8a75582464affff,8a7558255967fff,8a75582732f7fff,8a755827338ffff,8a75582733affff,8a7558273337fff,8a7558273327fff,8a7558246d37fff,8a7558246d27fff,8a75582712e7fff,8a7558271257fff,8a7558244c87fff,8a7558244c27fff,8a75582440c7fff,8a7558244767fff,8a7558244627fff,8a755824471ffff,8a7558244637fff,8a75582447affff,8a755824478ffff,8a75582446a7fff,8a7558244687fff,8a75582446b7fff,8a755824469ffff,8a7558240d27fff,8a7558240d77fff,8a7558240d57fff,8a7558240c27fff,8a7558240d1ffff,8a7558240daffff,8a7558240da7fff,8a7558246a5ffff,8a7558246a4ffff",4
-57680152#1,-79119285,0.5,0.3,0.8,0.1999999999999999,0.5,0.9,0.55,0.55,0.4,0.35,0.7,0.9,0.2,0.6,0.5,0.5,0.5,0.0,0.5,0.6,0.3,0.3,0.6,"8a755824662ffff,8a75582467affff,8a7558246787fff,8a75582467b7fff,8a7558246797fff,8a75582464cffff,8a75582464c7fff,8a75582464f7fff,8a75582464affff,8a7558255967fff,8a75582732f7fff,8a755827338ffff,8a75582733affff,8a7558273337fff,8a7558273a87fff,8a7558273aaffff,8a7558273a0ffff,8a7558246d27fff,8a75582712e7fff,8a7558271257fff,8a7558244c87fff,8a7558244c27fff,8a75582440c7fff,8a7558244767fff,8a7558244627fff,8a755824471ffff,8a755824460ffff,8a755824461ffff,8a75582446c7fff,8a7558240d67fff,8a7558240d77fff,8a7558240d27fff,8a755824469ffff,8a7558246a6ffff,8a7558246a4ffff,8a7558240d1ffff",3
-57680152#1,-79119285,0.0,0.0,0.7,0.3,0.5,0.8,0.55,0.55,0.4,0.35,0.4,0.8,0.4,0.6,0.9,0.9,0.5,0.1999999999999999,0.9,0.6,0.0,0.4,0.7,"8a755824662ffff,8a75582467affff,8a7558246787fff,8a75582467b7fff,8a7558246797fff,8a75582464cffff,8a75582464c7fff,8a75582464f7fff,8a75582464affff,8a7558255967fff,8a75582732f7fff,8a755827338ffff,8a75582733affff,8a7558273337fff,8a7558273a87fff,8a7558273aaffff,8a7558273a0ffff,8a7558246d27fff,8a75582712e7fff,8a7558271257fff,8a7558244c87fff,8a7558244c27fff,8a75582440c7fff,8a7558244767fff,8a7558244627fff,8a755824471ffff,8a7558244707fff,8a7558244717fff,8a755824409ffff,8a7558244097fff,8a7558244467fff,8a7558244477fff,8a75582447b7fff,8a75582447a7fff,8a7558244787fff,8a75582446b7fff,8a755824469ffff,8a7558246a6ffff,8a7558246a4ffff,8a7558240d1ffff",3
-57680152#1,-79119285,0.8,0.8,0.2,0.7,0.05,0.2,0.55,0.55,0.9,0.9,0.15,0.15,0.9,0.0,0.0,0.1999999999999999,0.5,0.8,0.1999999999999999,0.0999999999999999,0.8,0.8,0.1999999999999999,"8a755824662ffff,8a75582467affff,8a7558246787fff,8a75582467b7fff,8a7558246797fff,8a755824679ffff,8a7558255b6ffff,8a7558255b4ffff,8a7558246697fff,8a7558246687fff,8a755824668ffff,8a75582466f7fff,8a75582466c7fff,8a75582466effff,8a755824665ffff,8a755824664ffff,8a7558242937fff,8a7558242927fff,8a75582462d7fff,8a75582462c7fff,8a75582462e7fff,8a7558246277fff,8a755824634ffff,8a7558240cb7fff,8a7558240c17fff,8a7558240c37fff,8a7558240c27fff,8a7558240d1ffff,8a7558240daffff,8a7558240da7fff,8a7558246a5ffff,8a7558246a4ffff",0
1020078537#1,-561133140#1,0.8,0.8,0.95,0.05,0.4499999999999999,0.8,0.55,0.55,0.55,0.55,0.55,0.4,0.7,0.4499999999999999,0.6,0.6,0.4499999999999999,0.9,0.6,0.4499999999999999,0.8,0.4,0.0999999999999999,"8a755824469ffff,8a75582446b7fff,8a7558244787fff,8a75582447a7fff,8a75582447affff,8a7558244637fff,8a755824471ffff,8a7558244627fff",3
1020078537#1,-561133140#1,0.3,0.3,0.5,0.5,0.4499999999999999,0.7,0.55,0.55,0.55,0.55,0.55,0.8,0.3,0.4499999999999999,0.1999999999999999,0.1999999999999999,0.4499999999999999,0.0999999999999999,0.1999999999999999,0.4499999999999999,0.3,0.8,0.3,"8a755824469ffff,8a7558246a6ffff,8a7558246a4ffff,8a7558246a5ffff,8a7558240da7fff,8a7558240daffff,8a7558240d1ffff,8a7558240c27fff,8a7558240d57fff,8a7558240d77fff,8a7558240d67fff,8a7558240d47fff,8a7558240997fff,8a75582446c7fff,8a755824461ffff,8a755824460ffff,8a7558244627fff,8a755824471ffff",1
1020078537#1,-561133140#1,0.4,0.4,0.1,0.9,0.4499999999999999,0.1,0.55,0.55,0.55,0.55,0.55,0.4,0.7,0.4499999999999999,0.6,0.6,0.4499999999999999,0.1999999999999999,0.6,0.4499999999999999,0.4,0.7,0.5,"8a755824469ffff,8a7558240d27fff,8a7558244687fff,8a75582446a7fff,8a755824478ffff,8a75582447affff,8a7558244637fff,8a7558244617fff,8a755824461ffff,8a755824468ffff,8a75582446dffff,8a75582446c7fff,8a75582446e7fff,8a755824460ffff,8a7558244627fff,8a755824471ffff",4
1020078537#1,-561133140#1,0.1999999999999999,0.1999999999999999,0.7,0.3,0.4499999999999999,1.0,0.55,0.55,0.55,0.55,0.55,0.4,0.7,0.4499999999999999,0.6,0.6,0.4499999999999999,0.5,0.6,0.4499999999999999,0.1999999999999999,0.1999999999999999,0.7,"8a755824469ffff,8a7558240d27fff,8a7558244687fff,8a75582446b7fff,8a7558244787fff,8a7558244797fff,8a75582447a7fff,8a7558244467fff,8a7558244097fff,8a755824409ffff,8a755824446ffff,8a7558244737fff,8a7558244707fff,8a7558244717fff,8a755824471ffff,8a7558244627fff",3
1020078537#1,-561133140#1,0.7,0.7,0.8,0.1999999999999999,0.4499999999999999,0.6,0.55,0.55,0.55,0.55,0.55,1.0,0.1,0.4499999999999999,0.0,0.0,0.4499999999999999,0.4,0.0,0.4499999999999999,0.7,0.5,0.1999999999999999,"8a755824469ffff,8a7558240d27fff,8a7558240d77fff,8a7558240d57fff,8a7558240d67fff,8a75582446c7fff,8a755824461ffff,8a7558244617fff,8a7558244637fff,8a755824471ffff,8a7558244627fff",0
1020078537#1,-561133140#1,0.0999999999999999,0.0999999999999999,0.5,0.5,0.4499999999999999,0.5,0.55,0.55,0.55,0.55,0.55,0.4,0.7,0.4499999999999999,0.6,0.6,0.4499999999999999,0.3,0.6,0.4499999999999999,0.0999999999999999,0.3,0.8,"8a755824469ffff,8a75582446b7fff,8a7558244787fff,8a75582447a7fff,8a755824446ffff,8a7558244737fff,8a755824409ffff,8a7558244707fff,8a7558244717fff,8a755824471ffff,8a7558244637fff,8a7558244617fff,8a755824461ffff,8a755824468ffff,8a75582446dffff,8a75582446c7fff,8a755824460ffff,8a7558244627fff",4
1020078537#1,-561133140#1,0.6,0.6,0.25,0.75,0.4499999999999999,0.3,0.55,0.55,0.55,0.55,0.55,0.9,0.2,0.4499999999999999,0.0999999999999999,0.0999999999999999,0.4499999999999999,0.0,0.0999999999999999,0.4499999999999999,0.6,0.9,0.4,"8a755824469ffff,8a7558240d27fff,8a7558240d77fff,8a7558240d57fff,8a7558240d67fff,8a7558240d47fff,8a7558240997fff,8a75582446cffff,8a75582446c7fff,8a75582446e7fff,8a755824461ffff,8a755824460ffff,8a7558244627fff,8a755824471ffff",0
1020078537#1,-561133140#1,0.0,0.0,0.5,0.5,0.4499999999999999,0.4,0.55,0.55,0.55,0.55,0.55,0.4,0.7,0.4499999999999999,0.6,0.6,0.4499999999999999,0.7,0.6,0.4499999999999999,0.0,0.0999999999999999,0.9,"8a755824469ffff,8a75582446b7fff,8a7558244787fff,8a7558244797fff,8a75582447a7fff,8a7558244467fff,8a755824446ffff,8a75582447affff,8a7558244637fff,8a7558244617fff,8a755824461ffff,8a755824468ffff,8a75582446d7fff,8a7558240d77fff,8a75582446dffff,8a75582446c7fff,8a755824460ffff,8a7558244627fff,8a755824471ffff",4
1020078537#1,-561133140#1,0.9,0.9,0.95,0.05,0.4499999999999999,0.9,0.55,0.55,0.55,0.55,0.55,0.4,0.7,0.4499999999999999,0.6,0.6,0.4499999999999999,0.8,0.6,0.4499999999999999,0.9,0.6,0.0,"8a755824469ffff,8a7558240d27fff,8a7558244687fff,8a75582446a7fff,8a755824478ffff,8a75582447affff,8a7558244637fff,8a755824471ffff,8a7558244627fff",3
1020078537#1,-561133140#1,0.5,0.5,0.25,0.75,0.4499999999999999,0.2,0.55,0.55,0.55,0.55,0.55,0.4,0.7,0.4499999999999999,0.6,0.6,0.4499999999999999,0.6,0.6,0.4499999999999999,0.5,0.0,0.6,"8a755824469ffff,8a75582446b7fff,8a7558244787fff,8a75582447a7fff,8a75582447b7fff,8a7558244467fff,8a755824446ffff,8a755824409ffff,8a7558244707fff,8a7558244717fff,8a755824471ffff,8a7558244627fff",2
41231509,-561133140#1,0.9,0.9,0.5,0.7,0.5,0.5,0.55,0.55,0.55,0.55,0.55,0.5,0.6,0.4499999999999999,0.5,0.5,0.4499999999999999,0.9,0.5,0.4499999999999999,0.9,0.0999999999999999,0.8,"8a7558240d27fff,8a75582446d7fff,8a7558240d77fff,8a75582446dffff,8a75582446c7fff,8a755824461ffff,8a755824460ffff,8a7558244627fff,8a755824471ffff",2
41231509,-561133140#1,0.3,0.3,0.8,0.4,0.5,0.5,0.55,0.55,0.55,0.55,0.55,1.0,0.1,0.4499999999999999,0.0,0.0,0.4499999999999999,0.6,0.0,0.4499999999999999,0.3,0.3,0.0999999999999999,"8a7558240d27fff,8a75582446d7fff,8a7558240d77fff,8a7558240d67fff,8a7558244687fff,8a75582446a7fff,8a755824478ffff,8a75582447affff,8a7558244637fff,8a755824471ffff,8a7558244627fff",1
41231509,-561133140#1,0.0999999999999999,0.0999999999999999,0.9,0.0999999999999999,0.5,0.5,0.55,0.55,0.55,0.55,0.55,0.5,0.6,0.4499999999999999,0.5,0.5,0.4499999999999999,0.4,0.5,0.4499999999999999,0.0999999999999999,0.5,0.3,"8a7558240d27fff,8a75582446d7fff,8a7558240d77fff,8a7558240d67fff,8a75582446c7fff,8a755824461ffff,8a7558244617fff,8a7558244637fff,8a75582447affff,8a7558244737fff,8a755824446ffff,8a755824409ffff,8a7558244707fff,8a7558244717fff,8a755824471ffff,8a7558244627fff",3
41231509,-561133140#1,0.4,0.4,0.5,0.7,0.5,0.5,0.55,0.55,0.55,0.55,0.55,0.5,0.6,0.4499999999999999,0.5,0.5,0.4499999999999999,0.1999999999999999,0.5,0.4499999999999999,0.4,0.9,0.4,"8a7558240d27fff,8a75582446d7fff,8a7558240d77fff,8a7558240d67fff,8a7558240d47fff,8a7558240997fff,8a75582446c7fff,8a75582446e7fff,8a755824461ffff,8a755824460ffff,8a7558244627fff,8a755824471ffff",2
41231509,-561133140#1,0.8,0.8,0.15,0.25,0.5,0.5,0.55,0.55,0.55,0.55,0.55,0.5,0.6,0.4499999999999999,0.5,0.5,0.4499999999999999,0.0999999999999999,0.5,0.4499999999999999,0.7,0.8,0.0,"8a75582446d7fff,8a7558240d27fff,8a7558240d77fff,8a75582446dffff,8a75582446c7fff,8a75582446e7fff,8a755824461ffff,8a7558244617fff,8a7558244637fff,8a755824471ffff,8a7558244627fff",2
41231509,-561133140#1,0.7,0.7,0.5,0.7,0.5,0.5,0.55,0.55,0.55,0.55,0.55,0.5,0.6,0.4499999999999999,0.5,0.5,0.4499999999999999,0.8,0.5,0.4499999999999999,0.8,0.0,0.9,"8a7558240d27fff,8a75582446d7fff,8a7558240d77fff,8a7558240d67fff,8a7558240d47fff,8a7558240997fff,8a75582446cffff,8a755824460ffff,8a7558244627fff,8a755824471ffff",2
41231509,-561133140#1,0.5,0.5,0.15,0.25,0.5,0.5,0.55,0.55,0.55,0.55,0.55,0.5,0.6,0.4499999999999999,0.5,0.5,0.4499999999999999,0.5,0.5,0.4499999999999999,0.5,0.4,0.1999999999999999,"8a7558240d27fff,8a75582446d7fff,8a7558240d77fff,8a7558240d67fff,8a7558240d47fff,8a7558240997fff,8a75582446c7fff,8a755824461ffff,8a7558244617fff,8a7558244637fff,8a755824471ffff,8a7558244627fff",2
41231509,-561133140#1,0.6,0.6,0.5,0.7,0.5,0.5,0.55,0.55,0.55,0.55,0.55,0.5,0.6,0.4499999999999999,0.5,0.5,0.4499999999999999,0.7,0.5,0.4499999999999999,0.6,0.1999999999999999,0.7,"8a75582446d7fff,8a7558240d27fff,8a7558240d77fff,8a7558240d67fff,8a75582446c7fff,8a755824461ffff,8a755824460ffff,8a7558244627fff,8a755824471ffff",2
41231509,-561133140#1,0.1999999999999999,0.1999999999999999,0.5,0.7,0.5,0.5,0.55,0.55,0.55,0.55,0.55,0.5,0.6,0.4499999999999999,0.5,0.5,0.4499999999999999,0.0,0.5,0.4499999999999999,0.1999999999999999,0.7,0.6,"8a7558240d27fff,8a75582446d7fff,8a7558240d77fff,8a75582446dffff,8a75582446c7fff,8a7558240d67fff,8a7558240d47fff,8a7558240997fff,8a75582446cffff,8a75582446e7fff,8a755824461ffff,8a755824460ffff,8a7558244627fff,8a755824471ffff",4
41231509,-561133140#1,0.0,0.0,1.0,0.0,0.0,1.0,0.55,0.55,0.55,0.55,0.55,0.5,0.6,0.4499999999999999,0.5,0.5,0.4499999999999999,0.3,0.5,0.4499999999999999,0.0,0.6,0.5,"8a7558240d27fff,8a75582446d7fff,8a7558240d77fff,8a75582446dffff,8a75582446c7fff,8a755824461ffff,8a7558244617fff,8a7558244637fff,8a75582447affff,8a755824478ffff,8a75582446a7fff,8a7558244687fff,8a75582446b7fff,8a7558244787fff,8a75582447a7fff,8a7558244467fff,8a7558244097fff,8a755824409ffff,8a755824446ffff,8a7558244737fff,8a7558244707fff,8a7558244717fff,8a755824471ffff,8a7558244627fff",3
79119288,-561133140#1,0.8,0.9,0.45,0.55,0.5,0.5,0.55,0.55,0.55,0.55,0.55,0.5,0.6,0.4499999999999999,0.5,0.5,0.4499999999999999,0.9,0.5,0.4499999999999999,0.9,0.4,0.7,"8a755824468ffff,8a75582446dffff,8a75582446c7fff,8a755824461ffff,8a755824460ffff,8a7558244627fff,8a755824471ffff",2
79119288,-561133140#1,0.0,0.0,1.0,0.0,0.0,1.0,0.55,0.55,0.55,0.55,0.55,0.5,0.6,0.4499999999999999,0.5,0.5,0.4499999999999999,0.4,0.5,0.4499999999999999,0.0,0.6,0.0999999999999999,"8a755824468ffff,8a75582446dffff,8a75582446c7fff,8a755824461ffff,8a7558244617fff,8a7558244637fff,8a75582447affff,8a755824478ffff,8a75582446a7fff,8a7558244687fff,8a75582446b7fff,8a7558244787fff,8a75582447a7fff,8a755824446ffff,8a7558244737fff,8a755824409ffff,8a7558244707fff,8a7558244717fff,8a755824471ffff,8a7558244627fff",3
79119288,-561133140#1,0.0999999999999999,0.0999999999999999,0.9,0.0999999999999999,0.5,0.5,0.55,0.55,0.55,0.55,0.55,0.5,0.6,0.4499999999999999,0.5,0.5,0.4499999999999999,0.1999999999999999,0.5,0.4499999999999999,0.0999999999999999,0.5,0.5,"8a755824468ffff,8a75582446dffff,8a75582446c7fff,8a75582446e7fff,8a755824461ffff,8a75582446d7fff,8a7558240d27fff,8a7558240d77fff,8a7558240d67fff,8a7558240d47fff,8a7558240997fff,8a75582446cffff,8a755824460ffff,8a7558244627fff,8a755824471ffff",3
79119288,-561133140#1,0.4,0.4,0.45,0.55,0.5,0.5,0.55,0.55,0.55,0.55,0.55,1.0,0.1,0.4499999999999999,0.0,0.0,0.4499999999999999,0.7,0.0,0.4499999999999999,0.4,0.3,0.1999999999999999,"8a755824468ffff,8a75582446dffff,8a75582446c7fff,8a7558240d67fff,8a7558240d77fff,8a7558240d27fff,8a7558244687fff,8a75582446a7fff,8a755824478ffff,8a75582447affff,8a7558244637fff,8a755824471ffff,8a7558244627fff",0
79119288,-561133140#1,0.9,0.7,0.45,0.55,0.5,0.5,0.55,0.55,0.55,0.55,0.55,0.5,0.6,0.4499999999999999,0.5,0.5,0.4499999999999999,0.0999999999999999,0.5,0.4499999999999999,0.7,0.9,0.0,"8a755824468ffff,8a75582446dffff,8a75582446c7fff,8a75582446e7fff,8a755824461ffff,8a7558244617fff,8a7558244637fff,8a755824471ffff,8a7558244627fff",2
79119288,-561133140#1,0.6,0.6,0.45,0.55,0.5,0.5,0.55,0.55,0.55,0.55,0.55,0.5,0.6,0.4499999999999999,0.5,0.5,0.4499999999999999,0.8,0.5,0.4499999999999999,0.6,0.0999999999999999,0.9,"8a755824468ffff,8a75582446dffff,8a75582446c7fff,8a7558240d67fff,8a7558240d47fff,8a7558240997fff,8a75582446cffff,8a755824460ffff,8a7558244627fff,8a755824471ffff",2
79119288,-561133140#1,0.3,0.3,0.45,0.55,0.5,0.5,0.55,0.55,0.55,0.55,0.55,0.5,0.6,0.4499999999999999,0.5,0.5,0.4499999999999999,0.6,0.5,0.4499999999999999,0.3,0.1999999999999999,0.3,"8a755824468ffff,8a75582446dffff,8a75582446c7fff,8a7558240d67fff,8a7558240d47fff,8a7558240997fff,8a75582446cffff,8a755824460ffff,8a755824461ffff,8a7558244617fff,8a7558244637fff,8a755824471ffff,8a7558244627fff",2
79119288,-561133140#1,0.1999999999999999,0.1999999999999999,0.45,0.55,0.5,0.5,0.55,0.55,0.55,0.55,0.55,0.5,0.6,0.4499999999999999,0.5,0.5,0.4499999999999999,0.5,0.5,0.4499999999999999,0.1999999999999999,0.0,0.8,"8a755824468ffff,8a75582446dffff,8a75582446c7fff,8a755824461ffff,8a75582446d7fff,8a7558240d27fff,8a7558240d77fff,8a7558240d67fff,8a7558240d47fff,8a7558240997fff,8a75582446cffff,8a755824460ffff,8a7558244627fff,8a755824471ffff",4
79119288,-561133140#1,0.7,0.8,0.45,0.55,0.5,0.5,0.55,0.55,0.55,0.55,0.55,0.5,0.6,0.4499999999999999,0.5,0.5,0.4499999999999999,0.3,0.5,0.4499999999999999,0.8,0.7,0.4,"8a755824468ffff,8a75582446dffff,8a75582446c7fff,8a75582446e7fff,8a755824461ffff,8a755824460ffff,8a7558244627fff,8a755824471ffff",2
79119288,-561133140#1,0.5,0.5,0.45,0.55,0.5,0.5,0.55,0.55,0.55,0.55,0.55,0.5,0.6,0.4499999999999999,0.5,0.5,0.4499999999999999,0.0,0.5,0.4499999999999999,0.5,0.8,0.6,"8a755824468ffff,8a75582446dffff,8a75582446c7fff,8a7558240d67fff,8a7558240d47fff,8a7558240997fff,8a75582446cffff,8a75582446e7fff,8a755824461ffff,8a755824460ffff,8a7558244627fff,8a755824471ffff",2
-174907151#4,-41231512#0,0.6666666666666667,0.6666666666666667,1.0,0.6666666666666667,0.6666666666666667,1.0,0.6666666666666666,0.6666666666666666,1.0,1.0,0.5,0.6666666666666666,0.3333333333333333,0.6666666666666667,0.6666666666666667,0.6666666666666667,0.0,0.6666666666666667,0.6666666666666667,0.6666666666666667,0.6666666666666667,0.0,0.6666666666666667,"8a7558246687fff,8a75582466affff,8a75582466f7fff,8a75582466c7fff,8a75582466effff,8a755824665ffff,8a755824664ffff,8a7558242937fff,8a7558242927fff,8a75582462d7fff,8a75582462c7fff,8a75582462e7fff,8a7558246277fff,8a755824634ffff,8a7558240cb7fff,8a7558240c17fff,8a7558240c37fff,8a7558240d8ffff",3
-174907151#4,-41231512#0,0.0,0.0,0.6666666666666666,0.3333333333333333,0.1666666666666666,0.3333333333333333,0.6666666666666666,0.6666666666666666,0.3333333333333333,0.3333333333333333,1.0,0.6666666666666666,0.6666666666666666,0.3333333333333333,0.0,0.0,0.6666666666666667,0.0,0.0,0.3333333333333333,0.0,0.6666666666666667,0.0,"8a75582466affff,8a7558246687fff,8a755824668ffff,8a75582466f7fff,8a75582466c7fff,8a75582466effff,8a755824665ffff,8a755824664ffff,8a7558242937fff,8a7558242927fff,8a75582462d7fff,8a75582462c7fff,8a75582462e7fff,8a7558246277fff,8a755824634ffff,8a7558240cb7fff,8a7558240c17fff,8a7558240c37fff,8a7558240d8ffff",1
-174907151#4,-41231512#0,0.3333333333333333,0.3333333333333333,0.3333333333333333,0.0,0.1666666666666666,0.6666666666666666,0.6666666666666666,0.6666666666666666,0.6666666666666666,0.6666666666666666,0.5,0.6666666666666666,1.0,0.0,0.3333333333333333,0.3333333333333333,0.3333333333333333,0.3333333333333333,0.3333333333333333,0.0,0.3333333333333333,0.3333333333333333,0.3333333333333333,"8a75582466affff,8a7558246687fff,8a755824668ffff,8a75582466f7fff,8a75582466c7fff,8a75582466effff,8a755824665ffff,8a755824664ffff,8a7558242937fff,8a7558242927fff,8a75582462d7fff,8a75582462c7fff,8a75582462e7fff,8a7558246277fff,8a755824634ffff,8a7558240cb7fff,8a7558240c17fff,8a7558240c37fff,8a7558240d8ffff",1
-41231514#4,-41231515#0,0.9,0.9,1.0,0.0,0.4,0.9,0.55,0.55,0.55,0.55,0.55,0.3,0.8,0.4499999999999999,0.7,0.7,0.4499999999999999,0.9,0.7,0.4499999999999999,0.9,0.0,0.6,"8a7558240da7fff,8a7558246a5ffff,8a7558246a4ffff,8a7558246a6ffff,8a755824469ffff,8a75582446b7fff,8a7558244787fff,8a75582447a7fff",3
-41231514#4,-41231515#0,0.0,0.0,0.1,0.9,0.9,0.1,0.55,0.55,0.55,0.55,0.55,0.6,0.5,0.4499999999999999,0.4,0.4,0.4499999999999999,0.0,0.4,0.4499999999999999,0.0,0.7,0.1999999999999999,"8a7558246a5ffff,8a7558240da7fff,8a7558240daffff,8a7558240d1ffff,8a7558240c27fff,8a7558240d57fff,8a7558240d77fff,8a7558240d67fff,8a75582446dffff,8a75582446c7fff,8a75582446e7fff,8a755824461ffff,8a755824460ffff,8a7558244627fff,8a755824471ffff,8a7558244637fff,8a75582447affff,8a75582447a7fff,8a755824446ffff,8a755824409ffff,8a7558244097fff,8a7558244467fff,8a7558244477fff,8a75582447b7fff,8a7558244787fff",4
-41231514#4,-41231515#0,0.4,0.5,0.6,0.4,0.4,0.4,0.55,0.55,0.55,0.55,0.55,0.3,0.8,0.4499999999999999,0.7,0.7,0.4499999999999999,0.7,0.7,0.4499999999999999,0.4,0.0999999999999999,0.9,"8a7558240da7fff,8a7558246a5ffff,8a7558246a4ffff,8a7558240d1ffff,8a7558240d07fff,8a7558240d37fff,8a755824469ffff,8a7558240d27fff,8a7558244687fff,8a75582446a7fff,8a755824478ffff,8a75582447affff,8a7558244737fff,8a755824446ffff,8a75582447a7fff,8a7558244787fff",3
-41231514#4,-41231515#0,0.6,0.6,0.7,0.3,0.4,0.8,0.55,0.55,0.55,0.55,0.55,1.0,0.1,0.4499999999999999,0.0,0.0,0.4499999999999999,0.8,0.0,0.4499999999999999,0.6,0.5,0.0999999999999999,"8a7558246a5ffff,8a7558240da7fff,8a7558240daffff,8a7558240d1ffff,8a7558240c27fff,8a7558240d57fff,8a7558240d77fff,8a7558240d27fff,8a755824469ffff,8a75582446b7fff,8a7558244787fff,8a75582447a7fff",0
-41231514#4,-41231515#0,0.8,0.8,0.8,0.1999999999999999,0.4,1.0,0.55,0.55,0.55,0.55,0.55,0.3,0.8,0.4499999999999999,0.7,0.7,0.4499999999999999,0.3,0.7,0.4499999999999999,0.8,0.3,0.7,"8a7558240da7fff,8a7558246a5ffff,8a7558246a4ffff,8a7558246a67fff,8a755824469ffff,8a7558240d27fff,8a7558244687fff,8a75582446b7fff,8a7558244787fff,8a75582447a7fff",3
-41231514#4,-41231515#0,0.5,0.4,0.2,0.8,0.4,0.3,0.55,0.55,0.55,0.55,0.55,0.9,0.2,0.4499999999999999,0.0999999999999999,0.0999999999999999,0.4499999999999999,0.0999999999999999,0.0999999999999999,0.4499999999999999,0.3,0.9,0.0,"8a7558240da7fff,8a7558246a5ffff,8a7558246a4ffff,8a7558240d37fff,8a755824469ffff,8a7558240d27fff,8a7558240d77fff,8a7558240d57fff,8a7558240d67fff,8a7558240d47fff,8a7558240997fff,8a75582446c7fff,8a755824461ffff,8a755824460ffff,8a7558244627fff,8a755824471ffff,8a7558244637fff,8a75582447affff,8a75582447a7fff,8a7558244787fff",0
-41231514#4,-41231515#0,0.7,0.7,0.9,0.0999999999999999,0.4,0.7,0.55,0.55,0.55,0.55,0.55,0.3,0.8,0.4499999999999999,0.7,0.7,0.4499999999999999,0.5,0.7,0.4499999999999999,0.7,0.1999999999999999,0.8,"8a7558240da7fff,8a7558246a5ffff,8a7558246a4ffff,8a7558240d1ffff,8a7558240d07fff,8a7558240d17fff,8a7558240d37fff,8a755824469ffff,8a75582446b7fff,8a7558244787fff,8a75582447a7fff",3
-41231514#4,-41231515#0,0.0999999999999999,0.0999999999999999,0.3,0.7,0.4,0.5,0.55,0.55,0.55,0.55,0.55,0.7,0.4,0.4499999999999999,0.3,0.3,0.4499999999999999,0.6,0.3,0.4499999999999999,0.0999999999999999,0.6,0.4,"8a7558246a5ffff,8a7558240da7fff,8a7558240daffff,8a7558240d1ffff,8a7558240c27fff,8a7558240d57fff,8a7558240d77fff,8a7558240d67fff,8a7558240d47fff,8a7558240997fff,8a75582446cffff,8a755824460ffff,8a7558244627fff,8a755824471ffff,8a7558244717fff,8a7558244707fff,8a755824409ffff,8a7558244737fff,8a755824446ffff,8a75582447a7fff,8a7558244787fff",1
-41231514#4,-41231515#0,0.3,0.3,0.5,0.5,0.4,0.6,0.55,0.55,0.55,0.55,0.55,0.8,0.3,0.4499999999999999,0.1999999999999999,0.1999999999999999,0.4499999999999999,0.4,0.1999999999999999,0.4499999999999999,0.5,0.8,0.3,"8a7558246a5ffff,8a7558240da7fff,8a7558240daffff,8a7558240d1ffff,8a7558240c27fff,8a7558240d57fff,8a7558240d77fff,8a7558240d67fff,8a7558240d47fff,8a7558240997fff,8a75582446c7fff,8a755824461ffff,8a7558244617fff,8a7558244637fff,8a75582447affff,8a755824478ffff,8a75582446a7fff,8a7558244687fff,8a75582446b7fff,8a7558244787fff,8a75582447a7fff",1
-41231514#4,-41231515#0,0.1999999999999999,0.1999999999999999,0.4,0.6,0.4,0.2,0.55,0.55,0.55,0.55,0.55,0.3,0.8,0.4499999999999999,0.7,0.7,0.4499999999999999,0.1999999999999999,0.7,0.4499999999999999,0.1999999999999999,0.4,0.5,"8a7558240da7fff,8a7558246a5ffff,8a7558246a4ffff,8a7558246a67fff,8a7558246a6ffff,8a755824469ffff,8a7558240d27fff,8a7558244687fff,8a75582446a7fff,8a755824478ffff,8a75582447affff,8a75582447a7fff,8a755824446ffff,8a7558244737fff,8a755824409ffff,8a7558244097fff,8a7558244467fff,8a7558244477fff,8a75582447b7fff,8a7558244787fff",4
41231711#3,79119287#2,0.9,0.9,0.5,0.5,0.4,0.6,0.55,0.55,0.55,0.55,0.55,1.0,0.1,0.4499999999999999,0.0,0.0,0.4499999999999999,0.9,0.0,0.4499999999999999,0.9,0.0,0.3,"8a7558240d17fff,8a7558240d07fff,8a7558240d37fff,8a755824469ffff,8a7558240d27fff,8a7558240d77fff,8a7558240d57fff,8a7558240d67fff,8a7558240d47fff,8a7558240997fff,8a75582446cffff,8a755824460ffff",0
41231711#3,79119287#2,0.0999999999999999,0.0999999999999999,0.9,0.0999999999999999,0.4,0.7,0.55,0.55,0.55,0.55,0.55,0.4,0.7,0.4499999999999999,0.6,0.6,0.4499999999999999,0.3,0.6,0.4499999999999999,0.0999999999999999,0.3,0.9,"8a7558240d07fff,8a7558240d17fff,8a7558240d37fff,8a755824469ffff,8a75582446b7fff,8a7558244787fff,8a75582447a7fff,8a755824446ffff,8a7558244737fff,8a755824409ffff,8a7558244707fff,8a7558244717fff,8a755824471ffff,8a7558244627fff,8a755824460ffff,8a755824461ffff,8a75582446c7fff,8a7558240d67fff,8a7558240d47fff,8a7558240997fff,8a75582446cffff",3
41231711#3,79119287#2,0.1999999999999999,0.1999999999999999,0.8,0.1999999999999999,0.4,0.8,0.55,0.55,0.55,0.55,0.55,0.4,0.7,0.4499999999999999,0.6,0.6,0.4499999999999999,0.5,0.6,0.4499999999999999,0.1999999999999999,0.0999999999999999,0.4,"8a7558240d17fff,8a7558240d07fff,8a7558240d37fff,8a755824469ffff,8a75582446b7fff,8a7558244787fff,8a7558244797fff,8a75582447a7fff,8a75582447b7fff,8a7558244467fff,8a755824446ffff,8a75582447affff,8a7558244637fff,8a7558244617fff,8a755824461ffff,8a755824468ffff,8a75582446d7fff,8a7558240d77fff,8a7558240d67fff,8a7558240d47fff,8a7558240997fff,8a75582446cffff,8a755824460ffff",3
41231711#3,79119287#2,0.8,0.8,0.1,0.9,0.9,0.1,0.55,0.55,0.55,0.55,0.55,0.8,0.3,0.4499999999999999,0.0999999999999999,0.0999999999999999,0.4499999999999999,0.0999999999999999,0.0999999999999999,0.4499999999999999,0.8,0.9,0.0,"8a7558240d07fff,8a7558240d17fff,8a7558246a4ffff,8a7558246a5ffff,8a7558240da7fff,8a7558240daffff,8a7558240d1ffff,8a7558240c27fff,8a7558240d57fff,8a7558240d77fff,8a7558240d67fff,8a7558240d47fff,8a7558240997fff,8a75582446cffff,8a755824460ffff",0
41231711#3,79119287#2,0.5,0.5,0.2,0.8,0.4,0.2,0.55,0.55,0.55,0.55,0.55,0.4,0.7,0.4499999999999999,0.6,0.6,0.4499999999999999,0.1999999999999999,0.6,0.4499999999999999,0.5,0.8,0.5,"8a7558240d07fff,8a7558240d17fff,8a7558240d37fff,8a755824469ffff,8a7558240d27fff,8a7558244687fff,8a75582446a7fff,8a755824478ffff,8a75582447affff,8a7558244637fff,8a755824471ffff,8a7558244627fff,8a755824460ffff,8a755824461ffff,8a755824468ffff,8a75582446dffff,8a75582446c7fff,8a7558240d67fff,8a7558240d47fff,8a7558240997fff,8a75582446cffff",2
41231711#3,79119287#2,0.0,0.0,0.6,0.4,0.4,0.5,0.55,0.55,0.55,0.55,0.55,0.4,0.7,0.4499999999999999,0.6,0.6,0.4499999999999999,0.4,0.6,0.4499999999999999,0.0,0.4,0.7,"8a7558240d17fff,8a7558240d07fff,8a7558240d37fff,8a755824469ffff,8a75582446b7fff,8a7558244787fff,8a75582447a7fff,8a75582447b7fff,8a7558244467fff,8a755824446ffff,8a755824409ffff,8a7558244707fff,8a7558244717fff,8a755824471ffff,8a7558244637fff,8a7558244617fff,8a755824461ffff,8a755824468ffff,8a75582446d7fff,8a7558240d27fff,8a7558240d77fff,8a75582446dffff,8a75582446c7fff,8a7558240d67fff,8a7558240d47fff,8a7558240997fff,8a75582446cffff,8a755824460ffff",4
41231711#3,79119287#2,0.6,0.6,0.3,0.7,0.4,0.3,0.55,0.55,0.55,0.55,0.55,0.4,0.7,0.4499999999999999,0.6,0.6,0.4499999999999999,0.8,0.6,0.4499999999999999,0.6,0.6,0.6,"8a7558240d17fff,8a7558240d07fff,8a7558240d37fff,8a755824469ffff,8a7558240d27fff,8a7558244687fff,8a75582446a7fff,8a755824478ffff,8a75582447affff,8a7558244637fff,8a7558244617fff,8a755824461ffff,8a755824468ffff,8a75582446d7fff,8a7558240d77fff,8a7558240d67fff,8a7558240d47fff,8a7558240997fff,8a75582446cffff,8a755824460ffff",2
41231711#3,79119287#2,0.4,0.4,1.0,0.0,0.4,0.9,0.55,0.55,0.55,0.55,0.55,0.4,0.7,0.4499999999999999,0.6,0.6,0.4499999999999999,0.7,0.6,0.4499999999999999,0.4,0.1999999999999999,0.1999999999999999,"8a7558240d17fff,8a7558240d07fff,8a7558240d37fff,8a755824469ffff,8a75582446b7fff,8a7558244787fff,8a7558244797fff,8a75582447a7fff,8a75582447affff,8a7558244637fff,8a755824471ffff,8a7558244627fff,8a755824460ffff,8a755824461ffff,8a75582446c7fff,8a7558240d67fff,8a7558240d47fff,8a7558240997fff,8a75582446cffff",3
41231711#3,79119287#2,0.3,0.3,0.7,0.3,0.4,1.0,0.55,0.55,0.55,0.55,0.55,0.4,0.7,0.4499999999999999,0.6,0.6,0.4499999999999999,0.6,0.6,0.4499999999999999,0.3,0.7,0.8,"8a7558240d17fff,8a7558240d07fff,8a7558240d37fff,8a755824469ffff,8a7558240d27fff,8a7558244687fff,8a75582446b7fff,8a7558244787fff,8a75582447a7fff,8a75582447affff,8a7558244637fff,8a7558244617fff,8a755824461ffff,8a755824468ffff,8a75582446dffff,8a75582446c7fff,8a7558240d67fff,8a7558240d47fff,8a7558240997fff,8a75582446cffff,8a755824460ffff",3
41231711#3,79119287#2,0.7,0.7,0.4,0.6,0.4,0.4,0.55,0.55,0.55,0.55,0.55,0.9,0.2,0.4499999999999999,0.1999999999999999,0.1999999999999999,0.4499999999999999,0.0,0.1999999999999999,0.4499999999999999,0.7,0.5,0.0999999999999999,"8a7558240d07fff,8a7558240d17fff,8a7558246a4ffff,8a7558246a67fff,8a755824469ffff,8a7558240d27fff,8a7558240d77fff,8a7558240d57fff,8a7558240d67fff,8a7558240d47fff,8a7558240997fff,8a75582446cffff,8a755824460ffff",0
-41231753#2,-79116549#2,0.9,0.9,0.15,0.85,0.65,0.35,0.55,0.55,0.55,0.55,0.55,0.35,0.75,0.4499999999999999,0.65,0.65,0.4499999999999999,0.9,0.65,0.4499999999999999,0.9,0.4,0.7,"8a755824478ffff,8a75582447affff,8a7558244637fff,8a7558244617fff,8a755824461ffff,8a755824468ffff,8a75582446dffff,8a75582446c7fff,8a7558240d67fff",2
-41231753#2,-79116549#2,0.0999999999999999,0.0999999999999999,0.7,0.3,0.15,0.7,0.55,0.55,0.55,0.55,0.55,0.35,0.75,0.4499999999999999,0.65,0.65,0.4499999999999999,0.7,0.65,0.4499999999999999,0.3,0.3,0.9,"8a755824478ffff,8a75582446a7fff,8a7558244687fff,8a75582446b7fff,8a7558244787fff,8a75582447a7fff,8a7558244467fff,8a7558244097fff,8a755824409ffff,8a755824446ffff,8a7558244737fff,8a7558244707fff,8a7558244717fff,8a755824471ffff,8a7558244627fff,8a755824460ffff,8a755824461ffff,8a75582446c7fff,8a7558240d67fff",3
-41231753#2,-79116549#2,0.6,0.6,0.45,0.5,0.65,0.35,0.55,0.55,0.55,0.55,0.55,1.0,0.1,0.4499999999999999,0.0999999999999999,0.0999999999999999,0.4499999999999999,0.0999999999999999,0.0999999999999999,0.4499999999999999,0.1999999999999999,0.1999999999999999,0.0999999999999999,"8a755824478ffff,8a75582447affff,8a75582447a7fff,8a7558244797fff,8a7558244787fff,8a75582446b7fff,8a755824469ffff,8a7558240d27fff,8a7558240d77fff,8a7558240d57fff,8a7558240d67fff,8a75582446c7fff",0
-41231753#2,-79116549#2,0.7,0.7,0.85,0.15,0.15,1.0,0.55,0.55,0.55,0.55,0.55,0.8,0.3,0.4499999999999999,0.0,0.0,0.4499999999999999,0.6,0.0,0.4499999999999999,0.6,0.8,0.0,"8a755824478ffff,8a75582446a7fff,8a7558244687fff,8a75582446b7fff,8a755824469ffff,8a7558246a6ffff,8a7558246a4ffff,8a7558246a5ffff,8a7558240da7fff,8a7558240daffff,8a7558240d1ffff,8a7558240c27fff,8a7558240d57fff,8a7558240d77fff,8a7558240d67fff,8a75582446c7fff",0
-41231753#2,-79116549#2,0.8,0.8,0.3,0.7,0.65,0.35,0.55,0.55,0.55,0.55,0.55,0.35,0.75,0.4499999999999999,0.65,0.65,0.4499999999999999,0.5,0.65,0.4499999999999999,0.4,0.9,0.3,"8a755824478ffff,8a75582447affff,8a7558244637fff,8a755824471ffff,8a7558244627fff,8a755824460ffff,8a755824461ffff,8a755824468ffff,8a75582446d7fff,8a7558240d27fff,8a7558240d77fff,8a7558240d67fff,8a7558240d47fff,8a7558240997fff,8a75582446c7fff",2
-41231753#2,-79116549#2,0.3,0.3,0.6,0.4,0.65,0.35,0.55,0.55,0.55,0.55,0.55,0.35,0.75,0.4499999999999999,0.65,0.65,0.4499999999999999,0.3,0.65,0.4499999999999999,0.0999999999999999,0.5,0.4,"8a755824478ffff,8a75582447affff,8a7558244737fff,8a755824446ffff,8a755824409ffff,8a7558244707fff,8a7558244717fff,8a755824471ffff,8a7558244637fff,8a7558244617fff,8a755824461ffff,8a755824468ffff,8a75582446d7fff,8a7558240d27fff,8a7558240d77fff,8a7558240d67fff,8a75582446c7fff",4
-41231753#2,-79116549#2,0.1999999999999999,0.1999999999999999,1.0,0.0,0.15,0.8,0.55,0.55,0.55,0.55,0.55,0.9,0.2,0.4499999999999999,0.1999999999999999,0.1999999999999999,0.4499999999999999,0.4,0.1999999999999999,0.4499999999999999,0.5,0.0,0.8,"8a755824478ffff,8a75582446a7fff,8a7558244687fff,8a75582446b7fff,8a755824469ffff,8a7558240d27fff,8a7558240d77fff,8a7558240d57fff,8a7558240d67fff,8a7558240d47fff,8a7558240997fff,8a75582446cffff,8a755824460ffff,8a755824461ffff,8a755824468ffff,8a75582446dffff,8a75582446c7fff",1
-41231753#2,-79116549#2,0.4,0.4,0.85,0.15,0.15,0.9,0.55,0.55,0.55,0.55,0.55,0.35,0.75,0.4499999999999999,0.65,0.65,0.4499999999999999,0.8,0.65,0.4499999999999999,0.8,0.7,0.6,"8a755824478ffff,8a75582446a7fff,8a7558244687fff,8a75582446b7fff,8a7558244787fff,8a7558244797fff,8a75582447a7fff,8a75582447affff,8a7558244637fff,8a7558244617fff,8a755824461ffff,8a755824468ffff,8a75582446d7fff,8a7558240d77fff,8a75582446dffff,8a75582446c7fff,8a7558240d67fff",3
-41231753#2,-79116549#2,0.0,0.0,0.15,0.85,0.65,0.35,0.55,0.55,0.55,0.55,0.55,0.7,0.4,0.4499999999999999,0.3,0.3,0.4499999999999999,0.0,0.3,0.4499999999999999,0.0,0.0999999999999999,0.5,"8a755824478ffff,8a75582447affff,8a7558244637fff,8a755824471ffff,8a7558244627fff,8a7558244717fff,8a7558244707fff,8a755824409ffff,8a7558244737fff,8a755824446ffff,8a7558244097fff,8a7558244467fff,8a7558244477fff,8a75582447b7fff,8a75582447a7fff,8a7558244797fff,8a7558244787fff,8a75582446b7fff,8a755824469ffff,8a7558240d27fff,8a7558240d77fff,8a7558240d57fff,8a7558240d67fff,8a75582446c7fff",4
-41231753#2,-79116549#2,0.5,0.5,0.45,0.6,0.65,0.35,0.55,0.55,0.55,0.55,0.55,0.35,0.75,0.4499999999999999,0.65,0.65,0.4499999999999999,0.1999999999999999,0.65,0.4499999999999999,0.7,0.6,0.1999999999999999,"8a755824478ffff,8a75582447affff,8a75582447a7fff,8a755824446ffff,8a755824409ffff,8a7558244707fff,8a7558244717fff,8a755824471ffff,8a7558244627fff,8a755824460ffff,8a755824461ffff,8a755824468ffff,8a75582446dffff,8a75582446c7fff,8a7558240d67fff",2
870315481#0,-174375407#2,0.9,0.9,0.7,0.0999999999999999,0.4499999999999999,0.8,0.55,0.55,0.35,1.0,1.0,0.15,0.1,0.65,0.4,0.9,0.4499999999999999,0.9,0.9,0.0,0.9,0.5,0.6,"8a7558240c27fff,8a7558240c37fff,8a7558240c17fff,8a7558240cb7fff,8a755824634ffff,8a7558246277fff,8a75582462e7fff,8a75582462c7fff,8a75582462d7fff,8a7558242927fff,8a7558242937fff,8a755824664ffff,8a755824665ffff,8a75582429a7fff,8a75582429affff,8a755824291ffff",3
870315481#0,-174375407#2,0.4,0.3,0.6,0.5,0.4499999999999999,0.6,0.55,0.55,0.8,0.6,0.2,1.0,0.5,0.1999999999999999,0.3,0.1999999999999999,0.4499999999999999,0.1999999999999999,0.1999999999999999,0.6,0.3,0.3,0.3,"8a7558240c27fff,8a7558240d1ffff,8a7558240daffff,8a7558240da7fff,8a7558246a5ffff,8a7558246a4ffff,8a7558246a6ffff,8a755824469ffff,8a7558240d27fff,8a7558240d77fff,8a7558240d57fff,8a7558240d47fff,8a7558240c67fff,8a7558240c07fff,8a7558240c37fff,8a7558240c17fff,8a7558240cb7fff,8a755824634ffff,8a7558246277fff,8a75582462e7fff,8a75582462c7fff,8a75582462d7fff,8a7558242927fff,8a7558242937fff,8a755824664ffff,8a7558246647fff,8a755824665ffff,8a75582429a7fff,8a75582429affff,8a755824291ffff",1
870315481#0,-174375407#2,0.0,0.1999999999999999,0.1,0.9,0.4499999999999999,0.1,0.55,0.55,0.7,0.1,0.1,0.3,1.0,0.3,0.6,0.4,0.4499999999999999,0.0,0.4,0.7,0.1999999999999999,0.6,0.5,"8a7558240c27fff,8a7558240d1ffff,8a7558240daffff,8a7558240da7fff,8a7558246a5ffff,8a7558246a4ffff,8a7558240d07fff,8a7558240d37fff,8a755824469ffff,8a7558240d27fff,8a7558240d77fff,8a7558240d57fff,8a7558240c37fff,8a7558240c17fff,8a7558240cb7fff,8a755824634ffff,8a7558246277fff,8a75582462e7fff,8a75582462c7fff,8a75582462d7fff,8a7558242927fff,8a7558242937fff,8a755824664ffff,8a755824665ffff,8a75582429a7fff,8a75582429affff,8a755824291ffff",4
870315481#0,-174375407#2,0.7,0.7,0.8,0.0,0.4499999999999999,0.7,0.55,0.55,0.35,0.8,0.8,0.7,0.3,0.65,0.5,0.5,0.4499999999999999,0.8,0.3,0.1999999999999999,0.7,0.0,0.7,"8a7558240c27fff,8a7558240d57fff,8a7558240d47fff,8a7558240c67fff,8a7558240c07fff,8a7558240c37fff,8a7558240c17fff,8a7558240cb7fff,8a755824634ffff,8a7558246277fff,8a75582462e7fff,8a75582462c7fff,8a75582462d7fff,8a7558242927fff,8a7558242937fff,8a755824664ffff,8a755824665ffff,8a75582429a7fff,8a75582429affff,8a755824291ffff",3
870315481#0,-174375407#2,0.3,0.4,0.3,0.8,0.4499999999999999,0.2,0.55,0.55,0.35,0.2,0.5,0.4,0.9,0.65,0.1999999999999999,0.3,0.4499999999999999,0.0999999999999999,0.5,0.5,0.4,0.9,0.0999999999999999,"8a7558240c27fff,8a7558240d1ffff,8a7558240daffff,8a7558240da7fff,8a7558246a5ffff,8a7558246a4ffff,8a7558246a67fff,8a7558246a6ffff,8a755824469ffff,8a7558240d27fff,8a7558240d77fff,8a7558240d57fff,8a7558240c37fff,8a7558240c17fff,8a7558240cb7fff,8a755824634ffff,8a7558246277fff,8a75582462e7fff,8a75582462c7fff,8a75582462d7fff,8a7558242927fff,8a7558242937fff,8a755824664ffff,8a7558246647fff,8a755824665ffff,8a75582429a7fff,8a75582429affff,8a755824291ffff",4
870315481#0,-174375407#2,0.8,0.8,0.9,0.7,0.4499999999999999,1.0,0.55,0.55,1.0,0.9,0.9,0.15,0.2,0.0,0.0,0.0,0.4499999999999999,0.7,0.0999999999999999,0.0999999999999999,0.8,0.7,0.0,"8a7558240c27fff,8a7558240c37fff,8a7558240c17fff,8a7558240cb7fff,8a755824634ffff,8a7558246277fff,8a75582462e7fff,8a75582462c7fff,8a75582462d7fff,8a7558242927fff,8a7558242937fff,8a755824664ffff,8a7558246647fff,8a755824665ffff,8a75582429a7fff,8a75582429affff,8a755824291ffff",0
870315481#0,-174375407#2,0.1999999999999999,0.0999999999999999,0.4,0.1999999999999999,0.4499999999999999,0.4,0.55,0.55,0.35,0.5,0.4,0.9,0.6,0.65,0.8,0.7,0.4499999999999999,0.3,0.6,0.8,0.0999999999999999,0.4,0.8,"8a7558240c27fff,8a7558240d1ffff,8a7558240daffff,8a7558240da7fff,8a7558246a5ffff,8a7558246a4ffff,8a7558240d17fff,8a7558240d37fff,8a755824469ffff,8a7558240d27fff,8a7558240d77fff,8a7558240d57fff,8a7558240d47fff,8a7558240c67fff,8a7558240c07fff,8a7558240c37fff,8a7558240c17fff,8a7558240cb7fff,8a755824634ffff,8a7558246277fff,8a75582462e7fff,8a75582462c7fff,8a75582462d7fff,8a7558242927fff,8a7558242937fff,8a755824664ffff,8a755824665ffff,8a75582429a7fff,8a75582429affff,8a755824291ffff",4
870315481#0,-174375407#2,0.6,0.6,1.0,0.4,0.4499999999999999,0.9,0.55,0.55,0.9,0.7,0.6,0.6,0.4,0.0999999999999999,0.0999999999999999,0.0999999999999999,0.4499999999999999,0.5,0.0,0.3,0.6,0.0999999999999999,0.1999999999999999,"8a7558240c27fff,8a7558240d57fff,8a7558240d47fff,8a7558240c67fff,8a7558240c07fff,8a7558240c37fff,8a7558240c17fff,8a7558240cb7fff,8a755824634ffff,8a7558246277fff,8a75582462e7fff,8a75582462c7fff,8a75582462d7fff,8a7558242927fff,8a7558242937fff,8a755824664ffff,8a7558246647fff,8a755824665ffff,8a75582429a7fff,8a75582429affff,8a755824291ffff",0
870315481#0,-174375407#2,0.5,0.5,0.2,0.6,0.4499999999999999,0.3,0.55,0.55,0.35,0.3,0.7,0.5,0.8,0.65,0.7,0.6,0.4499999999999999,0.6,0.8,0.4,0.5,0.8,0.4,"8a7558240c27fff,8a7558240d1ffff,8a7558240daffff,8a7558240da7fff,8a7558246a5ffff,8a7558246a4ffff,8a7558246a6ffff,8a755824469ffff,8a7558240d27fff,8a7558240d77fff,8a7558240d57fff,8a7558240c37fff,8a7558240c17fff,8a7558240cb7fff,8a755824634ffff,8a7558246277fff,8a75582462e7fff,8a75582462c7fff,8a75582462d7fff,8a7558242927fff,8a7558242937fff,8a755824664ffff,8a755824665ffff,8a75582429a7fff,8a75582429affff,8a755824291ffff",2
870315481#0,-174375407#2,0.0999999999999999,0.0,0.5,0.3,0.4499999999999999,0.5,0.55,0.55,0.35,0.4,0.3,0.8,0.7,0.65,0.9,0.8,0.4499999999999999,0.4,0.7,0.9,0.0,0.1999999999999999,0.9,"8a7558240c27fff,8a7558240d1ffff,8a7558240daffff,8a7558240da7fff,8a7558246a5ffff,8a7558246a4ffff,8a7558246a67fff,8a755824469ffff,8a7558240d27fff,8a7558240d77fff,8a7558240d57fff,8a7558240d47fff,8a7558240c67fff,8a7558240c07fff,8a7558240c37fff,8a7558240c17fff,8a7558240cb7fff,8a755824634ffff,8a7558246277fff,8a75582462e7fff,8a75582462c7fff,8a75582462d7fff,8a7558242927fff,8a7558242937fff,8a755824664ffff,8a755824665ffff,8a75582429a7fff,8a75582429affff,8a755824291ffff",4
-41231514#6,1116499315#1,0.9,0.9,0.7,0.5,0.65,0.6,0.55,0.55,0.8,0.8,0.35,0.5,0.1,0.0,0.1999999999999999,0.5,0.0,0.7,0.9,0.65,0.9,0.9,0.1999999999999999,"8a7558246a6ffff,8a7558246a4ffff,8a7558246a5ffff,8a7558240da7fff,8a7558240daffff,8a7558240d1ffff,8a7558240c27fff,8a7558240c37fff,8a7558240c17fff,8a7558240cb7fff,8a755824634ffff,8a7558246277fff,8a75582462e7fff,8a75582462c7fff,8a75582462d7fff,8a7558242927fff,8a7558242937fff,8a755824664ffff,8a755824665ffff,8a75582466effff,8a75582466c7fff,8a75582466f7fff,8a75582466affff,8a7558246687fff,8a75582466a7fff",0
-41231514#6,1116499315#1,0.0,0.0,0.2,0.7,0.15,0.8,0.55,0.55,0.9,0.25,0.7,1.0,0.5,0.6,0.6,0.7,0.85,0.6,0.5,0.1999999999999999,0.0,0.3,0.9,"8a7558246a4ffff,8a7558246a6ffff,8a755824469ffff,8a7558240d27fff,8a7558240d77fff,8a7558240d57fff,8a7558240d67fff,8a75582446c7fff,8a755824461ffff,8a755824460ffff,8a7558244627fff,8a755824471ffff,8a7558244767fff,8a75582440c7fff,8a7558244c27fff,8a7558244c87fff,8a7558271257fff,8a75582712e7fff,8a7558246d27fff,8a7558273a0ffff,8a7558273aaffff,8a7558273a87fff,8a7558273337fff,8a755827305ffff,8a75582733b7fff,8a75582730d7fff,8a7558273767fff,8a7558273667fff,8a7558255937fff,8a755825595ffff,8a7558255867fff,8a7558255b07fff,8a755824648ffff,8a75582464f7fff,8a75582464c7fff,8a75582464cffff,8a7558246797fff,8a755824679ffff,8a7558255b6ffff,8a7558255b4ffff,8a7558246697fff,8a7558246687fff,8a75582466a7fff",4
-41231514#6,1116499315#1,0.3,0.3,0.4,0.0,0.15,0.5,0.55,0.55,0.2,0.25,1.0,0.9,0.7,0.7,0.8,0.8,0.6,0.9,0.8,0.0,0.3,0.0,0.6,"8a7558246a4ffff,8a7558246a6ffff,8a755824469ffff,8a7558240d27fff,8a7558244687fff,8a75582446a7fff,8a755824478ffff,8a75582447affff,8a7558244637fff,8a755824471ffff,8a7558244627fff,8a7558244767fff,8a75582440c7fff,8a7558244c27fff,8a7558244c87fff,8a7558271257fff,8a75582712e7fff,8a7558246d27fff,8a7558246d37fff,8a7558273327fff,8a7558273337fff,8a75582733affff,8a755827338ffff,8a75582732f7fff,8a7558255967fff,8a75582464affff,8a75582464f7fff,8a755824648ffff,8a7558255b07fff,8a7558255b2ffff,8a7558255b77fff,8a7558255b47fff,8a7558255b5ffff,8a7558255b4ffff,8a7558246697fff,8a7558246687fff,8a75582466a7fff",3
-41231514#6,1116499315#1,0.8,0.8,1.0,0.4,0.65,1.0,0.55,0.55,0.7,1.0,0.35,0.6,0.2,0.0999999999999999,0.0,0.0,0.0999999999999999,0.1999999999999999,0.0,0.65,0.6,0.4,0.0999999999999999,"8a7558246a4ffff,8a7558246a6ffff,8a755824469ffff,8a7558240d27fff,8a7558240d77fff,8a7558240d57fff,8a7558240d47fff,8a7558240c67fff,8a7558240c07fff,8a7558240c37fff,8a7558240c17fff,8a7558240cb7fff,8a755824634ffff,8a7558246277fff,8a75582462e7fff,8a75582462c7fff,8a75582462d7fff,8a7558242927fff,8a7558242937fff,8a755824664ffff,8a7558246647fff,8a755824665ffff,8a75582466effff,8a75582466c7fff,8a75582466f7fff,8a75582466affff,8a7558246687fff,8a75582466a7fff",0
-41231514#6,1116499315#1,0.1999999999999999,0.1999999999999999,0.3,0.0999999999999999,0.15,0.3,0.55,0.55,0.1,0.25,0.9,0.8,0.9,0.8,0.7,0.6,0.85,0.8,0.6,0.0999999999999999,0.1999999999999999,0.0999999999999999,0.7,"8a7558246a4ffff,8a7558246a6ffff,8a755824469ffff,8a7558240d27fff,8a7558240d77fff,8a7558240d57fff,8a7558240d67fff,8a75582446c7fff,8a755824461ffff,8a755824460ffff,8a7558244627fff,8a755824471ffff,8a7558244767fff,8a75582440c7fff,8a7558244c27fff,8a7558244c87fff,8a7558271257fff,8a75582712e7fff,8a7558246d27fff,8a7558246d37fff,8a7558273327fff,8a7558273337fff,8a75582733affff,8a755827338ffff,8a75582732f7fff,8a7558255967fff,8a75582464affff,8a75582464f7fff,8a75582464c7fff,8a75582464cffff,8a7558246797fff,8a755824679ffff,8a75582466b7fff,8a7558246697fff,8a7558246687fff,8a75582466a7fff",3
-41231514#6,1116499315#1,0.0999999999999999,0.0999999999999999,0.1,0.6,0.15,0.4,0.55,0.55,1.0,0.25,0.8,0.7,0.3,0.9,0.9,0.9,0.7,0.4,0.7,0.3,0.0999999999999999,0.1999999999999999,0.8,"8a7558246a4ffff,8a7558246a6ffff,8a755824469ffff,8a7558240d27fff,8a7558240d77fff,8a7558240d57fff,8a7558240d67fff,8a7558240d47fff,8a7558240997fff,8a75582446c7fff,8a75582446e7fff,8a755824461ffff,8a755824460ffff,8a7558244627fff,8a755824471ffff,8a7558244767fff,8a75582440c7fff,8a7558244c27fff,8a7558244c87fff,8a7558271257fff,8a75582712e7fff,8a7558246d27fff,8a7558246d37fff,8a7558273327fff,8a7558273337fff,8a755827305ffff,8a75582733b7fff,8a75582730d7fff,8a7558273767fff,8a7558273667fff,8a7558255937fff,8a755825595ffff,8a7558255867fff,8a7558255b07fff,8a7558255b2ffff,8a7558255b77fff,8a7558255b47fff,8a7558255b5ffff,8a7558255b4ffff,8a7558246697fff,8a7558246687fff,8a75582466a7fff",4
-41231514#6,1116499315#1,0.4,0.5,0.6,0.9,0.65,0.1,0.55,0.55,0.4,0.5,0.35,0.1,1.0,0.4,0.0999999999999999,0.0999999999999999,0.4,0.0,0.1999999999999999,0.65,0.5,0.6,0.4,"8a7558246a6ffff,8a7558246a4ffff,8a7558240d1ffff,8a7558240d07fff,8a7558240d17fff,8a7558240d37fff,8a755824469ffff,8a7558240d27fff,8a7558240d77fff,8a7558240d57fff,8a7558240c27fff,8a7558240c37fff,8a7558240c17fff,8a7558240cb7fff,8a755824634ffff,8a7558246277fff,8a75582462e7fff,8a75582462c7fff,8a75582462d7fff,8a7558242927fff,8a7558242937fff,8a755824664ffff,8a7558246647fff,8a755824665ffff,8a75582466effff,8a75582466c7fff,8a75582466f7fff,8a75582466affff,8a7558246687fff,8a75582466a7fff",2
-41231514#6,1116499315#1,0.7,0.6,0.8,0.1999999999999999,0.65,0.9,0.55,0.55,0.5,0.9,0.35,0.2,0.4,0.3,0.4,0.3,0.3,0.5,0.0999999999999999,0.65,0.7,0.7,0.3,"8a7558246a6ffff,8a7558246a4ffff,8a7558246a5ffff,8a7558240da7fff,8a7558240daffff,8a7558240d1ffff,8a7558240c27fff,8a7558240d57fff,8a7558240d47fff,8a7558240c67fff,8a7558240c07fff,8a7558240c37fff,8a7558240c17fff,8a7558240cb7fff,8a755824634ffff,8a7558246277fff,8a75582462e7fff,8a75582462c7fff,8a75582462d7fff,8a7558242927fff,8a7558242937fff,8a755824664ffff,8a755824665ffff,8a75582466effff,8a75582466c7fff,8a75582466f7fff,8a75582466affff,8a7558246687fff,8a75582466a7fff",0
-41231514#6,1116499315#1,0.6,0.7,0.5,0.8,0.65,0.2,0.55,0.55,0.6,0.6,0.35,0.4,0.8,0.1999999999999999,0.3,0.1999999999999999,0.1999999999999999,0.0999999999999999,0.4,0.65,0.8,0.8,0.0,"8a7558246a6ffff,8a7558246a4ffff,8a7558246a67fff,8a755824469ffff,8a7558240d27fff,8a7558240d77fff,8a7558240d57fff,8a7558240c27fff,8a7558240c37fff,8a7558240c17fff,8a7558240cb7fff,8a755824634ffff,8a7558246277fff,8a75582462e7fff,8a75582462c7fff,8a75582462d7fff,8a7558242927fff,8a7558242937fff,8a755824664ffff,8a755824665ffff,8a75582466effff,8a75582466c7fff,8a75582466f7fff,8a75582466affff,8a7558246687fff,8a75582466a7fff",2
-41231514#6,1116499315#1,0.5,0.4,0.9,0.3,0.65,0.7,0.55,0.55,0.3,0.7,0.35,0.3,0.6,0.5,0.5,0.4,0.5,0.3,0.3,0.65,0.4,0.5,0.5,"8a7558246a6ffff,8a7558246a4ffff,8a7558240d17fff,8a7558240d07fff,8a7558240d37fff,8a755824469ffff,8a7558240d27fff,8a7558240d77fff,8a7558240d57fff,8a7558240d47fff,8a7558240c67fff,8a7558240c07fff,8a7558240c37fff,8a7558240c17fff,8a7558240cb7fff,8a755824634ffff,8a7558246277fff,8a75582462e7fff,8a75582462c7fff,8a75582462d7fff,8a7558242927fff,8a7558242937fff,8a755824664ffff,8a755824665ffff,8a75582466effff,8a75582466c7fff,8a75582466f7fff,8a75582466affff,8a7558246687fff,8a75582466a7fff",3
79119287#2,79119290,0.9,0.9,0.25,0.75,0.65,0.35,0.55,0.55,0.55,0.55,0.55,0.35,0.75,0.4499999999999999,0.65,0.65,0.4499999999999999,0.7,0.65,0.4499999999999999,0.9,0.0,0.9,"8a75582446cffff,8a755824460ffff,8a755824461ffff,8a75582446c7fff,8a7558240d67fff,8a7558240d47fff,8a7558240997fff",2
79119287#2,79119290,0.0,0.0,0.7,0.3,0.15,0.8,0.55,0.55,0.55,0.55,0.55,0.7,0.4,0.4499999999999999,0.3,0.3,0.4499999999999999,0.0,0.3,0.4499999999999999,0.0,0.3,0.5,"8a75582446cffff,8a755824460ffff,8a7558244627fff,8a755824471ffff,8a7558244707fff,8a7558244717fff,8a755824409ffff,8a7558244737fff,8a755824446ffff,8a7558244097fff,8a7558244467fff,8a7558244477fff,8a75582447b7fff,8a75582447a7fff,8a7558244797fff,8a7558244787fff,8a75582446b7fff,8a755824469ffff,8a7558240d27fff,8a7558240d77fff,8a7558240d57fff,8a7558240d67fff,8a7558240d47fff,8a7558240997fff",1
79119287#2,79119290,0.6,0.6,0.55,0.4,0.65,0.35,0.55,0.55,0.55,0.55,0.55,0.35,0.75,0.4499999999999999,0.65,0.65,0.4499999999999999,0.8,0.65,0.4499999999999999,0.6,0.7,0.1999999999999999,"8a75582446cffff,8a755824460ffff,8a7558244627fff,8a755824471ffff,8a7558244637fff,8a7558244617fff,8a755824461ffff,8a755824468ffff,8a75582446d7fff,8a7558240d27fff,8a7558240d77fff,8a7558240d67fff,8a7558240d47fff,8a7558240997fff",2
79119287#2,79119290,0.1999999999999999,0.1999999999999999,0.8,0.1999999999999999,0.15,0.7,0.55,0.55,0.55,0.55,0.55,0.35,0.75,0.4499999999999999,0.65,0.65,0.4499999999999999,0.4,0.65,0.4499999999999999,0.1999999999999999,0.9,0.3,"8a75582446cffff,8a755824460ffff,8a7558244627fff,8a755824471ffff,8a7558244717fff,8a7558244707fff,8a755824409ffff,8a755824446ffff,8a75582447a7fff,8a75582447affff,8a7558244637fff,8a7558244617fff,8a755824461ffff,8a755824468ffff,8a75582446dffff,8a75582446c7fff,8a7558240d67fff,8a7558240d47fff,8a7558240997fff",3
79119287#2,79119290,0.3,0.3,1.0,0.0,0.15,1.0,0.55,0.55,0.55,0.55,0.55,0.9,0.2,0.4499999999999999,0.0999999999999999,0.0999999999999999,0.4499999999999999,0.1999999999999999,0.0999999999999999,0.4499999999999999,0.3,0.8,0.0999999999999999,"8a75582446cffff,8a755824460ffff,8a755824461ffff,8a7558244617fff,8a7558244637fff,8a75582447affff,8a755824478ffff,8a75582446a7fff,8a7558244687fff,8a75582446b7fff,8a755824469ffff,8a7558240d27fff,8a7558240d77fff,8a7558240d57fff,8a7558240d67fff,8a7558240d47fff,8a7558240997fff",1
79119287#2,79119290,0.8,0.8,0.25,0.75,0.65,0.35,0.55,0.55,0.55,0.55,0.55,0.35,0.75,0.4499999999999999,0.65,0.65,0.4499999999999999,0.9,0.65,0.4499999999999999,0.8,0.0999999999999999,0.6,"8a75582446cffff,8a755824460ffff,8a755824461ffff,8a755824468ffff,8a75582446d7fff,8a7558240d27fff,8a7558240d77fff,8a7558240d67fff,8a7558240d47fff,8a7558240997fff",2
79119287#2,79119290,0.5,0.5,0.25,0.75,0.65,0.35,0.55,0.55,0.55,0.55,0.55,0.35,0.75,0.4499999999999999,0.65,0.65,0.4499999999999999,0.5,0.65,0.4499999999999999,0.5,0.4,0.7,"8a75582446cffff,8a755824460ffff,8a755824461ffff,8a755824468ffff,8a75582446d7fff,8a7558240d27fff,8a7558240d77fff,8a75582446dffff,8a75582446c7fff,8a7558240d67fff,8a7558240d47fff,8a7558240997fff",2
79119287#2,79119290,0.0999999999999999,0.0999999999999999,0.55,0.5,0.65,0.35,0.55,0.55,0.55,0.55,0.55,0.8,0.3,0.4499999999999999,0.1999999999999999,0.1999999999999999,0.4499999999999999,0.0999999999999999,0.1999999999999999,0.4499999999999999,0.0999999999999999,0.5,0.4,"8a75582446cffff,8a755824460ffff,8a7558244627fff,8a755824471ffff,8a7558244707fff,8a755824409ffff,8a7558244097fff,8a7558244467fff,8a755824446ffff,8a75582447a7fff,8a7558244787fff,8a75582446b7fff,8a755824469ffff,8a7558240d27fff,8a7558240d77fff,8a7558240d57fff,8a7558240d67fff,8a7558240d47fff,8a7558240997fff",1
79119287#2,79119290,0.4,0.4,0.9,0.0999999999999999,0.15,0.9,0.55,0.55,0.55,0.55,0.55,1.0,0.1,0.4499999999999999,0.0,0.0,0.4499999999999999,0.6,0.0,0.4499999999999999,0.4,0.6,0.0,"8a75582446cffff,8a755824460ffff,8a7558244627fff,8a755824471ffff,8a7558244637fff,8a75582447affff,8a755824478ffff,8a75582446a7fff,8a7558244687fff,8a75582446b7fff,8a755824469ffff,8a7558240d27fff,8a7558240d77fff,8a7558240d57fff,8a7558240d67fff,8a7558240d47fff,8a7558240997fff",0
79119287#2,79119290,0.7,0.7,0.25,0.75,0.65,0.35,0.55,0.55,0.55,0.55,0.55,0.35,0.75,0.4499999999999999,0.65,0.65,0.4499999999999999,0.3,0.65,0.4499999999999999,0.7,0.1999999999999999,0.8,"8a75582446cffff,8a755824460ffff,8a755824461ffff,8a755824468ffff,8a75582446dffff,8a75582446c7fff,8a7558240d67fff,8a7558240d47fff,8a7558240997fff",2
-41231706#2,-561133140#1,0.9,0.9,0.25,0.75,0.7,0.3,0.55,0.55,0.55,0.55,0.55,0.8,0.3,0.4499999999999999,0.0,0.0,0.4499999999999999,0.9,0.0,0.4499999999999999,0.9,0.4,0.7,"8a7558240d0ffff,8a7558240d57fff,8a7558240d77fff,8a7558240d67fff,8a75582446c7fff,8a755824461ffff,8a755824460ffff,8a7558244627fff,8a755824471ffff",0
-41231706#2,-561133140#1,0.3,0.3,0.8,0.1999999999999999,0.1999999999999999,1.0,0.55,0.55,0.55,0.55,0.55,0.1,1.0,0.4499999999999999,0.9,0.9,0.4499999999999999,0.0999999999999999,0.9,0.4499999999999999,0.3,0.7,0.1999999999999999,"8a7558240d0ffff,8a7558240d57fff,8a7558240c27fff,8a7558240d1ffff,8a7558240daffff,8a7558240da7fff,8a7558246a5ffff,8a7558246a4ffff,8a7558246a67fff,8a755824469ffff,8a7558240d27fff,8a7558244687fff,8a75582446a7fff,8a755824478ffff,8a75582447affff,8a7558244637fff,8a755824471ffff,8a7558244627fff",3
-41231706#2,-561133140#1,0.1999999999999999,0.1999999999999999,0.9,0.0999999999999999,0.1999999999999999,0.7,0.55,0.55,0.55,0.55,0.55,0.4,0.7,0.4499999999999999,0.6,0.6,0.4499999999999999,0.4,0.6,0.4499999999999999,0.1999999999999999,0.1999999999999999,0.6,"8a7558240d0ffff,8a7558240d57fff,8a7558240d77fff,8a7558240d27fff,8a755824469ffff,8a75582446b7fff,8a7558244787fff,8a75582447a7fff,8a755824446ffff,8a7558244467fff,8a7558244097fff,8a755824409ffff,8a7558244707fff,8a7558244717fff,8a755824471ffff,8a7558244627fff",3
-41231706#2,-561133140#1,0.8,0.5,0.25,0.75,0.7,0.3,0.55,0.55,0.55,0.55,0.55,0.5,0.6,0.4499999999999999,0.4,0.4,0.4499999999999999,0.1999999999999999,0.4,0.4499999999999999,0.5,0.9,0.0,"8a7558240d0ffff,8a7558240d57fff,8a7558240d77fff,8a7558240d67fff,8a75582446dffff,8a75582446c7fff,8a75582446e7fff,8a755824461ffff,8a7558244617fff,8a7558244637fff,8a755824471ffff,8a7558244627fff",2
-41231706#2,-561133140#1,0.0,0.0,0.7,0.3,0.1999999999999999,0.8,0.55,0.55,0.55,0.55,0.55,0.2,0.9,0.4499999999999999,0.8,0.8,0.4499999999999999,0.3,0.8,0.4499999999999999,0.0,0.0999999999999999,0.9,"8a7558240d0ffff,8a7558240d57fff,8a7558240d77fff,8a7558240d27fff,8a7558244687fff,8a75582446b7fff,8a7558244787fff,8a7558244797fff,8a75582447a7fff,8a75582447affff,8a7558244637fff,8a7558244617fff,8a755824461ffff,8a755824468ffff,8a75582446dffff,8a75582446c7fff,8a755824460ffff,8a7558244627fff,8a755824471ffff",3
-41231706#2,-561133140#1,0.7,0.6,0.5,0.5,0.7,0.3,0.55,0.55,0.55,0.55,0.55,1.0,0.1,0.4499999999999999,0.3,0.3,0.4499999999999999,0.7,0.3,0.4499999999999999,0.6,0.3,0.3,"8a7558240d0ffff,8a7558240d57fff,8a7558240d77fff,8a7558240d27fff,8a7558244687fff,8a75582446a7fff,8a755824478ffff,8a75582447affff,8a7558244637fff,8a755824471ffff,8a7558244627fff",0
-41231706#2,-561133140#1,0.0999999999999999,0.0999999999999999,0.6,0.4,0.1999999999999999,0.6,0.55,0.55,0.55,0.55,0.55,0.3,0.8,0.4499999999999999,0.7,0.7,0.4499999999999999,0.0,0.7,0.4499999999999999,0.0999999999999999,0.6,0.4,"8a7558240d0ffff,8a7558240d57fff,8a7558240c27fff,8a7558240d1ffff,8a7558240daffff,8a7558240da7fff,8a7558246a5ffff,8a7558246a4ffff,8a7558246a67fff,8a7558246a6ffff,8a755824469ffff,8a7558240d27fff,8a7558240d77fff,8a7558240d67fff,8a75582446c7fff,8a755824461ffff,8a755824460ffff,8a7558244627fff,8a755824471ffff",4
-41231706#2,-561133140#1,0.4,0.4,1.0,0.0,0.1999999999999999,0.9,0.55,0.55,0.55,0.55,0.55,0.9,0.2,0.4499999999999999,0.5,0.5,0.4499999999999999,0.6,0.5,0.4499999999999999,0.4,0.5,0.0999999999999999,"8a7558240d0ffff,8a7558240d57fff,8a7558240d77fff,8a7558240d27fff,8a755824469ffff,8a75582446b7fff,8a7558244787fff,8a75582447a7fff,8a75582447affff,8a7558244637fff,8a755824471ffff,8a7558244627fff",3
-41231706#2,-561133140#1,0.6,0.7,0.25,0.75,0.7,0.3,0.55,0.55,0.55,0.55,0.55,0.6,0.5,0.4499999999999999,0.1999999999999999,0.1999999999999999,0.4499999999999999,0.5,0.1999999999999999,0.4499999999999999,0.7,0.8,0.5,"8a7558240d0ffff,8a7558240d57fff,8a7558240d77fff,8a7558240d67fff,8a75582446dffff,8a75582446c7fff,8a75582446e7fff,8a755824461ffff,8a755824460ffff,8a7558244627fff,8a755824471ffff",2
-41231706#2,-561133140#1,0.5,0.8,0.25,0.75,0.7,0.3,0.55,0.55,0.55,0.55,0.55,0.7,0.4,0.4499999999999999,0.0999999999999999,0.0999999999999999,0.4499999999999999,0.8,0.0999999999999999,0.4499999999999999,0.8,0.0,0.8,"8a7558240d0ffff,8a7558240d57fff,8a7558240d77fff,8a7558240d67fff,8a7558240d47fff,8a7558240997fff,8a75582446cffff,8a755824460ffff,8a7558244627fff,8a755824471ffff",2
-41231514#5,-1157449877,0.9,0.9,0.5,0.5,0.4499999999999999,0.6,0.55,0.55,0.55,0.55,0.55,0.25,0.85,0.4499999999999999,0.75,0.75,0.4499999999999999,0.9,0.75,0.4499999999999999,0.9,0.1999999999999999,0.5,"8a7558246a5ffff,8a7558246a4ffff,8a7558246a6ffff,8a755824469ffff,8a7558240d27fff,8a7558244687fff,8a75582446a7fff,8a755824478ffff,8a7558244787fff",2
-41231514#5,-1157449877,0.5,0.5,0.2,0.8,0.4499999999999999,0.4,0.55,0.55,0.55,0.55,0.55,0.7,0.4,0.4499999999999999,0.1999999999999999,0.1999999999999999,0.4499999999999999,0.0,0.1999999999999999,0.4499999999999999,0.4,0.9,0.0,"8a7558246a4ffff,8a7558246a5ffff,8a7558240da7fff,8a7558240daffff,8a7558240d1ffff,8a7558240c27fff,8a7558240d57fff,8a7558240d77fff,8a7558240d67fff,8a7558240d47fff,8a7558240997fff,8a75582446cffff,8a75582446c7fff,8a75582446e7fff,8a755824461ffff,8a755824460ffff,8a7558244627fff,8a755824471ffff,8a7558244637fff,8a75582447affff,8a755824478ffff,8a7558244787fff",0
-41231514#5,-1157449877,0.4,0.4,1.0,0.0,0.4499999999999999,0.8,0.55,0.55,0.55,0.55,0.55,0.25,0.85,0.4499999999999999,0.75,0.75,0.4499999999999999,0.6,0.75,0.4499999999999999,0.5,0.0999999999999999,0.7,"8a7558246a5ffff,8a7558246a4ffff,8a7558240d17fff,8a7558240d37fff,8a755824469ffff,8a75582446b7fff,8a7558244787fff,8a75582447a7fff,8a7558244467fff,8a755824446ffff,8a75582447affff,8a755824478ffff",3
-41231514#5,-1157449877,0.7,0.7,0.4,0.6,0.4499999999999999,0.3,0.55,0.55,0.55,0.55,0.55,1.0,0.1,0.4499999999999999,0.0,0.0,0.4499999999999999,0.0999999999999999,0.0,0.4499999999999999,0.7,0.8,0.4,"8a7558246a5ffff,8a7558246a4ffff,8a7558240d37fff,8a755824469ffff,8a7558240d27fff,8a7558240d77fff,8a7558240d57fff,8a7558240d67fff,8a75582446dffff,8a75582446c7fff,8a755824461ffff,8a7558244617fff,8a7558244637fff,8a75582447affff,8a755824478ffff,8a7558244787fff",0
-41231514#5,-1157449877,0.1999999999999999,0.1999999999999999,0.7,0.3,0.4499999999999999,0.7,0.55,0.55,0.55,0.55,0.55,0.25,0.85,0.4499999999999999,0.75,0.75,0.4499999999999999,0.3,0.75,0.4499999999999999,0.3,0.3,0.6,"8a7558246a5ffff,8a7558246a4ffff,8a7558246a6ffff,8a755824469ffff,8a75582446b7fff,8a7558244787fff,8a75582447a7fff,8a75582447b7fff,8a7558244467fff,8a755824446ffff,8a7558244737fff,8a755824409ffff,8a7558244707fff,8a7558244717fff,8a755824471ffff,8a7558244637fff,8a75582447affff,8a755824478ffff",3
-41231514#5,-1157449877,0.0999999999999999,0.0999999999999999,0.6,0.4,0.4499999999999999,0.5,0.55,0.55,0.55,0.55,0.55,0.5,0.6,0.4499999999999999,0.4,0.4,0.4499999999999999,0.7,0.4,0.4499999999999999,0.0999999999999999,0.0,0.9,"8a7558246a5ffff,8a7558246a4ffff,8a7558246a67fff,8a7558246a6ffff,8a755824469ffff,8a75582446b7fff,8a7558244787fff,8a7558244797fff,8a75582447a7fff,8a7558244467fff,8a755824446ffff,8a75582447affff,8a7558244637fff,8a755824471ffff,8a7558244627fff,8a755824460ffff,8a755824461ffff,8a75582446c7fff,8a7558240d67fff,8a7558240d77fff,8a7558240d27fff,8a7558244687fff,8a75582446a7fff,8a755824478ffff",3
-41231514#5,-1157449877,0.3,0.3,0.8,0.1999999999999999,0.4499999999999999,0.9,0.55,0.55,0.55,0.55,0.55,0.8,0.3,0.4499999999999999,0.3,0.3,0.4499999999999999,0.8,0.3,0.4499999999999999,0.1999999999999999,0.5,0.0999999999999999,"8a7558246a4ffff,8a7558246a5ffff,8a7558240da7fff,8a7558240daffff,8a7558240d1ffff,8a7558240c27fff,8a7558240d57fff,8a7558240d77fff,8a7558240d27fff,8a755824469ffff,8a75582446b7fff,8a7558244787fff,8a7558244797fff,8a75582447a7fff,8a75582447affff,8a755824478ffff",1
-41231514#5,-1157449877,0.8,0.8,0.9,0.0999999999999999,0.4499999999999999,1.0,0.55,0.55,0.55,0.55,0.55,0.25,0.85,0.4499999999999999,0.75,0.75,0.4499999999999999,0.5,0.75,0.4499999999999999,0.8,0.6,0.3,"8a7558246a5ffff,8a7558246a4ffff,8a7558246a67fff,8a7558246a6ffff,8a755824469ffff,8a7558240d27fff,8a7558244687fff,8a75582446b7fff,8a7558244787fff,8a75582447a7fff,8a75582447affff,8a755824478ffff",3
-41231514#5,-1157449877,0.0,0.0,0.1,0.9,0.4499999999999999,0.1,0.55,0.55,0.55,0.55,0.55,0.6,0.5,0.4499999999999999,0.5,0.5,0.4499999999999999,0.4,0.5,0.4499999999999999,0.0,0.4,0.8,"8a7558246a4ffff,8a7558246a5ffff,8a7558240da7fff,8a7558240daffff,8a7558240d1ffff,8a7558240c27fff,8a7558240d57fff,8a7558240d77fff,8a7558240d67fff,8a75582446c7fff,8a755824461ffff,8a755824460ffff,8a7558244627fff,8a755824471ffff,8a7558244707fff,8a7558244717fff,8a755824409ffff,8a7558244737fff,8a755824446ffff,8a75582447a7fff,8a7558244787fff,8a75582446b7fff,8a755824469ffff,8a7558240d27fff,8a7558244687fff,8a75582446a7fff,8a755824478ffff",4
-41231514#5,-1157449877,0.6,0.6,0.3,0.7,0.4499999999999999,0.2,0.55,0.55,0.55,0.55,0.55,0.9,0.2,0.4499999999999999,0.0999999999999999,0.0999999999999999,0.4499999999999999,0.1999999999999999,0.0999999999999999,0.4499999999999999,0.6,0.7,0.1999999999999999,"8a7558246a5ffff,8a7558246a4ffff,8a7558246a6ffff,8a755824469ffff,8a7558240d27fff,8a7558240d77fff,8a7558240d57fff,8a7558240d67fff,8a75582446c7fff,8a755824461ffff,8a755824460ffff,8a7558244627fff,8a755824471ffff,8a7558244637fff,8a75582447affff,8a755824478ffff,8a7558244787fff",0
-561134628#0,-561133140#1,0.9,0.9,0.15,0.85,0.75,0.25,0.55,0.55,0.55,0.45,0.55,0.6,0.5,0.4499999999999999,0.1999999999999999,0.1999999999999999,0.4499999999999999,0.9,0.1999999999999999,0.4499999999999999,0.9,0.3,0.9,"8a7558240d47fff,8a7558240d57fff,8a7558240d77fff,8a7558240d67fff,8a75582446c7fff,8a755824461ffff,8a755824460ffff,8a7558244627fff,8a755824471ffff",2
-561134628#0,-561133140#1,0.4,0.3,1.0,0.0,0.05,1.0,0.55,0.55,0.55,1.0,0.55,0.9,0.1,0.4499999999999999,0.0999999999999999,0.0999999999999999,0.4499999999999999,0.7,0.0999999999999999,0.4499999999999999,0.3,0.0999999999999999,0.3,"8a7558240d47fff,8a7558240c67fff,8a7558240c07fff,8a7558240c37fff,8a7558240c17fff,8a7558240c27fff,8a7558240d57fff,8a7558240d77fff,8a7558240d27fff,8a7558244687fff,8a75582446a7fff,8a755824478ffff,8a75582447affff,8a7558244637fff,8a755824471ffff,8a7558244627fff",1
-561134628#0,-561133140#1,0.1999999999999999,0.1999999999999999,0.6,0.4,0.35,0.7,0.55,0.55,0.55,0.45,0.55,0.5,0.6,0.4499999999999999,0.7,0.7,0.4499999999999999,0.1999999999999999,0.7,0.4499999999999999,0.1999999999999999,0.0,0.7,"8a7558240d47fff,8a7558240d57fff,8a7558240d77fff,8a7558240d27fff,8a7558244687fff,8a75582446b7fff,8a7558244787fff,8a7558244797fff,8a75582447a7fff,8a7558244467fff,8a755824446ffff,8a7558244737fff,8a755824409ffff,8a7558244707fff,8a7558244717fff,8a755824471ffff,8a7558244627fff",3
-561134628#0,-561133140#1,0.8,0.8,0.3,0.7,0.75,0.25,0.55,0.55,0.55,0.45,0.55,0.4,0.7,0.4499999999999999,0.3,0.3,0.4499999999999999,0.0,0.3,0.4499999999999999,0.8,0.9,0.1999999999999999,"8a7558240d47fff,8a7558240d57fff,8a7558240d77fff,8a7558240d67fff,8a7558240997fff,8a75582446cffff,8a75582446c7fff,8a75582446e7fff,8a755824461ffff,8a7558244617fff,8a7558244637fff,8a755824471ffff,8a7558244627fff",2
-561134628#0,-561133140#1,0.7,0.7,0.8,0.1999999999999999,0.35,0.6,0.55,0.55,0.55,0.45,0.55,0.8,0.4,0.4499999999999999,0.4,0.4,0.4499999999999999,0.8,0.4,0.4499999999999999,0.7,0.5,0.0999999999999999,"8a7558240d47fff,8a7558240d57fff,8a7558240d77fff,8a7558240d27fff,8a755824469ffff,8a75582446b7fff,8a7558244787fff,8a75582447a7fff,8a75582447affff,8a7558244637fff,8a755824471ffff,8a7558244627fff",0
-561134628#0,-561133140#1,0.0,0.0999999999999999,0.4,0.6,0.75,0.25,0.55,0.55,0.55,0.45,0.55,0.3,0.8,0.4499999999999999,0.8,0.8,0.4499999999999999,0.4,0.8,0.4499999999999999,0.0999999999999999,0.4,0.8,"8a7558240d47fff,8a7558240d57fff,8a7558240d77fff,8a7558240d27fff,8a7558244687fff,8a75582446a7fff,8a755824478ffff,8a75582447affff,8a7558244637fff,8a7558244617fff,8a755824461ffff,8a755824468ffff,8a75582446d7fff,8a75582446dffff,8a75582446c7fff,8a75582446e7fff,8a755824460ffff,8a7558244627fff,8a755824471ffff",4
-561134628#0,-561133140#1,0.3,0.4,0.15,0.85,0.75,0.25,0.55,0.55,0.55,0.45,0.55,0.1,1.0,0.4499999999999999,0.6,0.6,0.4499999999999999,0.6,0.6,0.4499999999999999,0.5,0.7,0.4,"8a7558240d47fff,8a7558240d57fff,8a7558240d77fff,8a7558240d67fff,8a75582446c7fff,8a755824461ffff,8a7558244617fff,8a7558244637fff,8a75582447affff,8a75582447a7fff,8a755824446ffff,8a755824409ffff,8a7558244707fff,8a7558244717fff,8a755824471ffff,8a7558244627fff",4
-561134628#0,-561133140#1,0.6,0.6,0.5,0.5,0.35,0.5,0.55,0.55,0.55,0.45,0.55,1.0,0.3,0.4499999999999999,0.5,0.5,0.4499999999999999,0.0999999999999999,0.5,0.4499999999999999,0.6,0.8,0.0,"8a7558240d47fff,8a7558240d57fff,8a7558240d77fff,8a7558240c27fff,8a7558240d1ffff,8a7558240daffff,8a7558240da7fff,8a7558246a5ffff,8a7558246a4ffff,8a7558246a6ffff,8a755824469ffff,8a7558240d27fff,8a7558244687fff,8a75582446a7fff,8a755824478ffff,8a75582447affff,8a7558244637fff,8a755824471ffff,8a7558244627fff",2
-561134628#0,-561133140#1,0.5,0.5,0.9,0.0999999999999999,0.05,0.9,0.55,0.55,0.55,0.9,0.55,0.7,0.2,0.4499999999999999,0.0,0.0,0.4499999999999999,0.3,0.0,0.4499999999999999,0.4,0.6,0.5,"8a7558240d47fff,8a7558240c67fff,8a7558240c07fff,8a7558240c37fff,8a7558240c27fff,8a7558240d57fff,8a7558240d77fff,8a7558240d67fff,8a7558240997fff,8a75582446c7fff,8a75582446e7fff,8a755824461ffff,8a755824460ffff,8a7558244627fff,8a755824471ffff",1
-561134628#0,-561133140#1,0.0999999999999999,0.0,0.7,0.3,0.35,0.8,0.55,0.55,0.55,0.45,0.55,0.2,0.9,0.4499999999999999,0.9,0.9,0.4499999999999999,0.5,0.9,0.4499999999999999,0.0,0.1999999999999999,0.6,"8a7558240d47fff,8a7558240d57fff,8a7558240d77fff,8a7558240d27fff,8a7558244687fff,8a75582446b7fff,8a7558244787fff,8a75582447a7fff,8a75582447affff,8a7558244637fff,8a7558244617fff,8a755824461ffff,8a755824468ffff,8a75582446dffff,8a75582446c7fff,8a755824460ffff,8a7558244627fff,8a755824471ffff",3
-561133140#1,-561134628#0,0.9,0.9,0.1,0.9,0.75,0.25,0.55,0.55,0.55,0.55,0.55,1.0,0.1,0.4499999999999999,0.0,0.0,0.4499999999999999,0.9,0.0,0.4499999999999999,0.9,0.3,0.3,"8a7558244627fff,8a755824471ffff,8a755824460ffff,8a755824461ffff,8a75582446c7fff,8a7558240d67fff,8a7558240d77fff,8a7558240d57fff,8a7558240d47fff",0
-561133140#1,-561134628#0,0.3,0.1999999999999999,0.3,0.7,0.75,0.25,0.55,0.55,0.55,0.55,0.55,0.1,1.0,0.4499999999999999,0.8,0.8,0.4499999999999999,0.4,0.8,0.4499999999999999,0.1999999999999999,0.5,0.6,"8a7558244627fff,8a755824471ffff,8a7558244717fff,8a7558244707fff,8a755824409ffff,8a7558244737fff,8a755824446ffff,8a75582447a7fff,8a7558244787fff,8a75582446b7fff,8a755824469ffff,8a7558246a6ffff,8a7558246a4ffff,8a7558246a5ffff,8a7558240da7fff,8a7558240daffff,8a7558240d1ffff,8a7558240c27fff,8a7558240d57fff,8a7558240d47fff",4
-561133140#1,-561134628#0,0.0,0.0,0.7,0.3,0.25,0.6,0.55,0.55,0.55,0.55,0.55,0.3,0.8,0.4499999999999999,0.9,0.9,0.4499999999999999,0.0,0.9,0.4499999999999999,0.0,0.0,0.7,"8a7558244627fff,8a755824471ffff,8a7558244637fff,8a75582447affff,8a75582447a7fff,8a755824446ffff,8a755824409ffff,8a7558244097fff,8a7558244467fff,8a7558244477fff,8a75582447b7fff,8a7558244797fff,8a7558244787fff,8a75582446b7fff,8a755824469ffff,8a7558240d27fff,8a7558240d77fff,8a7558240d57fff,8a7558240d47fff",4
-561133140#1,-561134628#0,0.4,0.4,0.6,0.4,0.25,0.5,0.55,0.55,0.55,0.55,0.55,0.7,0.4,0.4499999999999999,0.6,0.6,0.4499999999999999,0.5,0.6,0.4499999999999999,0.4,0.8,0.4,"8a7558244627fff,8a755824471ffff,8a7558244717fff,8a7558244707fff,8a755824409ffff,8a755824446ffff,8a75582447a7fff,8a75582447affff,8a7558244637fff,8a7558244617fff,8a755824461ffff,8a755824468ffff,8a75582446d7fff,8a7558240d77fff,8a75582446dffff,8a75582446c7fff,8a7558240d67fff,8a7558240d57fff,8a7558240d47fff",3
-561133140#1,-561134628#0,0.8,0.8,0.2,0.8,0.75,0.25,0.55,0.55,0.55,0.55,0.55,0.9,0.2,0.4499999999999999,0.0999999999999999,0.0999999999999999,0.4499999999999999,0.7,0.0999999999999999,0.4499999999999999,0.8,0.9,0.0,"8a7558244627fff,8a755824471ffff,8a7558244637fff,8a7558244617fff,8a755824461ffff,8a755824468ffff,8a75582446d7fff,8a7558240d27fff,8a7558240d77fff,8a7558240d67fff,8a7558240d57fff,8a7558240d47fff",0
-561133140#1,-561134628#0,0.5,0.6,0.4,0.6,0.75,0.25,0.55,0.55,0.55,0.55,0.55,0.6,0.5,0.4499999999999999,0.4,0.4,0.4499999999999999,0.3,0.4,0.4499999999999999,0.6,0.1999999999999999,0.8,"8a7558244627fff,8a755824471ffff,8a7558244707fff,8a755824409ffff,8a7558244097fff,8a7558244467fff,8a755824446ffff,8a75582447a7fff,8a7558244787fff,8a75582446b7fff,8a755824469ffff,8a7558240d27fff,8a7558240d77fff,8a7558240d57fff,8a7558240d47fff",2
-561133140#1,-561134628#0,0.0999999999999999,0.0999999999999999,0.5,0.5,0.25,0.8,0.55,0.55,0.55,0.55,0.55,0.2,0.9,0.4499999999999999,0.1999999999999999,0.1999999999999999,0.4499999999999999,0.1999999999999999,0.1999999999999999,0.4499999999999999,0.0999999999999999,0.7,0.1999999999999999,"8a7558244627fff,8a755824471ffff,8a755824460ffff,8a755824461ffff,8a755824468ffff,8a75582446dffff,8a75582446c7fff,8a7558240d67fff,8a7558240d77fff,8a7558240d27fff,8a755824469ffff,8a7558246a6ffff,8a7558246a4ffff,8a7558246a5ffff,8a7558240da7fff,8a7558240daffff,8a7558240d1ffff,8a7558240c27fff,8a7558240d57fff,8a7558240d47fff",1
-561133140#1,-561134628#0,0.7,0.7,0.9,0.0999999999999999,0.25,1.0,0.55,0.55,0.55,0.55,0.55,0.8,0.3,0.4499999999999999,0.3,0.3,0.4499999999999999,0.8,0.3,0.4499999999999999,0.7,0.4,0.0999999999999999,"8a7558244627fff,8a755824471ffff,8a7558244637fff,8a75582447affff,8a755824478ffff,8a75582446a7fff,8a7558244687fff,8a75582446b7fff,8a755824469ffff,8a7558240d27fff,8a7558240d77fff,8a7558240d57fff,8a7558240d47fff",0
-561133140#1,-561134628#0,0.6,0.5,1.0,0.0,0.25,0.9,0.55,0.55,0.55,0.55,0.55,0.5,0.6,0.4499999999999999,0.5,0.5,0.4499999999999999,0.6,0.5,0.4499999999999999,0.5,0.6,0.5,"8a7558244627fff,8a755824471ffff,8a7558244717fff,8a7558244707fff,8a755824409ffff,8a7558244737fff,8a755824446ffff,8a75582447a7fff,8a75582447affff,8a755824478ffff,8a75582446a7fff,8a7558244687fff,8a75582446b7fff,8a755824469ffff,8a7558240d27fff,8a7558240d77fff,8a7558240d57fff,8a7558240d47fff",3
-561133140#1,-561134628#0,0.1999999999999999,0.3,0.8,0.1999999999999999,0.25,0.7,0.55,0.55,0.55,0.55,0.55,0.4,0.7,0.4499999999999999,0.7,0.7,0.4499999999999999,0.0999999999999999,0.7,0.4499999999999999,0.3,0.0999999999999999,0.9,"8a7558244627fff,8a755824471ffff,8a7558244717fff,8a7558244707fff,8a755824409ffff,8a7558244737fff,8a755824446ffff,8a7558244467fff,8a7558244477fff,8a75582447b7fff,8a75582447a7fff,8a7558244787fff,8a75582446b7fff,8a755824469ffff,8a7558240d27fff,8a7558240d77fff,8a7558240d57fff,8a7558240d47fff",3
41231709#0,-561133140#1,0.9,0.9,0.5,0.5,0.4,0.5,0.55,0.55,0.55,0.55,0.55,0.35,0.75,0.4499999999999999,0.65,0.65,0.4499999999999999,0.9,0.65,0.4499999999999999,0.9,0.4,0.3,"8a7558246a4ffff,8a7558240d1ffff,8a7558240d07fff,8a7558240d37fff,8a755824469ffff,8a7558240d27fff,8a7558244687fff,8a75582446a7fff,8a755824478ffff,8a75582447affff,8a7558244637fff,8a755824471ffff,8a7558244627fff",2
41231709#0,-561133140#1,0.6,0.6,0.1,0.9,0.9,0.1,0.55,0.55,0.55,0.55,0.55,0.7,0.4,0.4499999999999999,0.1999999999999999,0.1999999999999999,0.4499999999999999,0.0,0.1999999999999999,0.4499999999999999,0.6,0.9,0.1999999999999999,"8a7558246a4ffff,8a7558240d1ffff,8a7558240d07fff,8a7558240d17fff,8a7558246a5ffff,8a7558240da7fff,8a7558240daffff,8a7558240c27fff,8a7558240d57fff,8a7558240d77fff,8a7558240d67fff,8a75582446c7fff,8a75582446e7fff,8a755824461ffff,8a755824460ffff,8a7558244627fff,8a755824471ffff",2
41231709#0,-561133140#1,0.4,0.4,0.8,0.1999999999999999,0.4,0.6,0.55,0.55,0.55,0.55,0.55,0.35,0.75,0.4499999999999999,0.65,0.65,0.4499999999999999,0.1999999999999999,0.65,0.4499999999999999,0.4,0.0999999999999999,0.5,"8a7558246a4ffff,8a7558240d1ffff,8a7558240d07fff,8a7558240d17fff,8a7558246a6ffff,8a755824469ffff,8a75582446b7fff,8a7558244787fff,8a75582447a7fff,8a7558244467fff,8a7558244097fff,8a755824409ffff,8a7558244707fff,8a7558244717fff,8a755824471ffff,8a7558244627fff",3
41231709#0,-561133140#1,0.0999999999999999,0.1999999999999999,1.0,0.0,0.4,0.7,0.55,0.55,0.55,0.55,0.55,0.35,0.75,0.4499999999999999,0.65,0.65,0.4499999999999999,0.7,0.65,0.4499999999999999,0.1999999999999999,0.6,0.6,"8a7558246a4ffff,8a7558240d1ffff,8a7558240d07fff,8a7558240d37fff,8a755824469ffff,8a75582446b7fff,8a7558244787fff,8a75582447a7fff,8a75582447affff,8a7558244637fff,8a7558244617fff,8a755824461ffff,8a755824468ffff,8a75582446dffff,8a75582446c7fff,8a75582446e7fff,8a755824460ffff,8a7558244627fff,8a755824471ffff",3
41231709#0,-561133140#1,0.7,0.7,0.4,0.6,0.4,0.3,0.55,0.55,0.55,0.55,0.55,0.9,0.2,0.4499999999999999,0.0999999999999999,0.0999999999999999,0.4499999999999999,0.4,0.0999999999999999,0.4499999999999999,0.7,0.0,0.8,"8a7558246a4ffff,8a7558240d1ffff,8a7558240d07fff,8a7558240d17fff,8a7558240d37fff,8a755824469ffff,8a7558240d27fff,8a7558240d77fff,8a7558240d57fff,8a7558240d67fff,8a7558240d47fff,8a7558240997fff,8a75582446cffff,8a755824460ffff,8a7558244627fff,8a755824471ffff",0
41231709#0,-561133140#1,0.1999999999999999,0.0999999999999999,0.7,0.3,0.4,0.8,0.55,0.55,0.55,0.55,0.55,0.8,0.3,0.4499999999999999,0.3,0.3,0.4499999999999999,0.5,0.3,0.4499999999999999,0.0999999999999999,0.8,0.0,"8a7558246a4ffff,8a7558240d1ffff,8a7558240d07fff,8a7558240d17fff,8a7558240d37fff,8a755824469ffff,8a7558246a6ffff,8a7558246a5ffff,8a7558240da7fff,8a7558240daffff,8a7558240c27fff,8a7558240d57fff,8a7558240d77fff,8a7558240d27fff,8a75582446b7fff,8a7558244787fff,8a75582447a7fff,8a75582447affff,8a7558244637fff,8a755824471ffff,8a7558244627fff",1
41231709#0,-561133140#1,0.3,0.3,0.25,0.75,0.4,0.2,0.55,0.55,0.55,0.55,0.55,0.35,0.75,0.4499999999999999,0.65,0.65,0.4499999999999999,0.0999999999999999,0.65,0.4499999999999999,0.3,0.5,0.9,"8a7558246a4ffff,8a7558240d1ffff,8a7558240d07fff,8a7558240d17fff,8a7558246a6ffff,8a755824469ffff,8a7558240d27fff,8a7558244687fff,8a75582446a7fff,8a755824478ffff,8a75582447affff,8a7558244637fff,8a7558244617fff,8a755824461ffff,8a755824468ffff,8a75582446dffff,8a75582446c7fff,8a755824460ffff,8a7558244627fff,8a755824471ffff",4
41231709#0,-561133140#1,0.5,0.5,0.9,0.0999999999999999,0.4,1.0,0.55,0.55,0.55,0.55,0.55,0.35,0.75,0.4499999999999999,0.65,0.65,0.4499999999999999,0.8,0.65,0.4499999999999999,0.5,0.1999999999999999,0.7,"8a7558246a4ffff,8a7558240d1ffff,8a7558240d07fff,8a7558240d37fff,8a755824469ffff,8a7558240d27fff,8a7558244687fff,8a75582446b7fff,8a7558244787fff,8a75582447a7fff,8a75582447affff,8a7558244737fff,8a755824409ffff,8a7558244707fff,8a7558244717fff,8a755824471ffff,8a7558244627fff",3
41231709#0,-561133140#1,0.8,0.8,0.25,0.75,0.4,0.4,0.55,0.55,0.55,0.55,0.55,1.0,0.1,0.4499999999999999,0.0,0.0,0.4499999999999999,0.6,0.0,0.4499999999999999,0.8,0.7,0.0999999999999999,"8a7558246a4ffff,8a7558240d1ffff,8a7558240d07fff,8a7558240d37fff,8a755824469ffff,8a7558240d27fff,8a7558240d77fff,8a7558240d57fff,8a7558240d67fff,8a75582446dffff,8a75582446c7fff,8a75582446e7fff,8a755824461ffff,8a7558244617fff,8a7558244637fff,8a755824471ffff,8a7558244627fff",0
41231709#0,-561133140#1,0.0,0.0,0.6,0.4,0.4,0.9,0.55,0.55,0.55,0.55,0.55,0.35,0.75,0.4499999999999999,0.65,0.65,0.4499999999999999,0.3,0.65,0.4499999999999999,0.0,0.3,0.4,"8a7558246a4ffff,8a7558240d1ffff,8a7558240d07fff,8a7558240d17fff,8a7558246a6ffff,8a755824469ffff,8a7558240d27fff,8a7558244687fff,8a75582446b7fff,8a7558244787fff,8a7558244797fff,8a75582447a7fff,8a7558244467fff,8a7558244097fff,8a755824409ffff,8a7558244737fff,8a755824446ffff,8a75582447affff,8a7558244637fff,8a755824471ffff,8a7558244627fff",3
-41231706#1,-41231515#0,0.9,0.9,0.8,0.1999999999999999,0.25,0.9,0.55,0.55,0.55,0.5,0.55,1.0,0.2,0.4499999999999999,0.0999999999999999,0.0999999999999999,0.4499999999999999,0.1999999999999999,0.0999999999999999,0.4499999999999999,0.9,0.0,0.9,"8a7558240d0ffff,8a7558240d57fff,8a7558240d77fff,8a7558240d27fff,8a7558244687fff,8a75582446b7fff,8a7558244787fff,8a75582447a7fff",0
-41231706#1,-41231515#0,0.8,0.8,0.9,0.0999999999999999,0.25,0.6,0.55,0.55,0.55,0.5,0.55,0.1,1.0,0.4499999999999999,0.9,0.9,0.4499999999999999,0.0999999999999999,0.9,0.4499999999999999,0.8,0.7,0.1999999999999999,"8a7558240d0ffff,8a7558240d57fff,8a7558240c27fff,8a7558240d1ffff,8a7558240daffff,8a7558240da7fff,8a7558246a5ffff,8a7558246a4ffff,8a7558240d17fff,8a7558240d07fff,8a7558240d37fff,8a755824469ffff,8a75582446b7fff,8a7558244787fff,8a75582447a7fff",3
-41231706#1,-41231515#0,0.3,0.3,0.45,0.5,0.7,0.3,0.55,0.55,0.55,0.5,0.55,0.5,0.7,0.4499999999999999,0.5,0.5,0.4499999999999999,0.0,0.5,0.4499999999999999,0.1999999999999999,0.5,0.3,"8a7558240d0ffff,8a7558240d57fff,8a7558240d77fff,8a7558240d67fff,8a7558240d47fff,8a7558240997fff,8a75582446c7fff,8a75582446e7fff,8a755824461ffff,8a7558244617fff,8a7558244637fff,8a75582447affff,8a75582447a7fff,8a755824446ffff,8a7558244737fff,8a755824409ffff,8a7558244097fff,8a7558244467fff,8a7558244477fff,8a75582447b7fff,8a7558244787fff",4
-41231706#1,-41231515#0,0.1999999999999999,0.1999999999999999,0.3,0.7,0.7,0.3,0.55,0.55,0.55,0.5,0.55,0.4,0.8,0.4499999999999999,0.6,0.6,0.4499999999999999,0.6,0.6,0.4499999999999999,0.0999999999999999,0.6,0.6,"8a7558240d0ffff,8a7558240d57fff,8a7558240d77fff,8a7558240d67fff,8a75582446c7fff,8a755824461ffff,8a755824460ffff,8a7558244627fff,8a755824471ffff,8a7558244707fff,8a755824408ffff,8a75582440affff,8a7558244017fff,8a755824418ffff,8a7558244087fff,8a755824409ffff,8a755824446ffff,8a75582447a7fff,8a7558244787fff",4
-41231706#1,-41231515#0,0.5,0.6,0.6,0.4,0.25,0.7,0.55,0.55,0.55,0.5,0.55,0.7,0.5,0.4499999999999999,0.3,0.3,0.4499999999999999,0.4,0.3,0.4499999999999999,0.6,0.9,0.0999999999999999,"8a7558240d0ffff,8a7558240d57fff,8a7558240d77fff,8a7558240d67fff,8a75582446dffff,8a75582446c7fff,8a75582446e7fff,8a755824461ffff,8a755824460ffff,8a7558244627fff,8a755824471ffff,8a7558244637fff,8a75582447affff,8a755824478ffff,8a75582446a7fff,8a7558244687fff,8a75582446b7fff,8a7558244787fff,8a75582447a7fff",0
-41231706#1,-41231515#0,0.0,0.0,0.45,0.6,0.7,0.3,0.55,0.55,0.55,0.5,0.55,0.6,0.6,0.4499999999999999,0.8,0.8,0.4499999999999999,0.8,0.8,0.4499999999999999,0.0,0.3,0.8,"8a7558240d0ffff,8a7558240d57fff,8a7558240d77fff,8a7558240d27fff,8a7558244687fff,8a75582446a7fff,8a755824478ffff,8a75582447affff,8a7558244637fff,8a7558244617fff,8a755824461ffff,8a755824468ffff,8a75582446dffff,8a75582446c7fff,8a755824460ffff,8a7558244627fff,8a755824471ffff,8a7558244707fff,8a755824409ffff,8a7558244737fff,8a755824446ffff,8a7558244097fff,8a7558244467fff,8a7558244477fff,8a75582447b7fff,8a75582447a7fff,8a7558244787fff",4
-41231706#1,-41231515#0,0.7,0.4,1.0,0.0,0.0,1.0,0.55,0.55,0.55,1.0,0.55,0.2,0.1,0.4499999999999999,0.0,0.0,0.4499999999999999,0.9,0.0,0.4499999999999999,0.5,0.4,0.0,"8a7558240d0ffff,8a7558240d57fff,8a7558240d47fff,8a7558240c67fff,8a7558240c07fff,8a7558240c37fff,8a7558240c27fff,8a7558240d1ffff,8a7558240daffff,8a7558240da7fff,8a7558246a5ffff,8a7558246a4ffff,8a7558246a6ffff,8a755824469ffff,8a75582446b7fff,8a7558244787fff,8a75582447a7fff",0
-41231706#1,-41231515#0,0.0999999999999999,0.0999999999999999,0.15,0.85,0.7,0.3,0.55,0.55,0.55,0.5,0.55,0.3,0.9,0.4499999999999999,0.7,0.7,0.4499999999999999,0.5,0.7,0.4499999999999999,0.3,0.1999999999999999,0.7,"8a7558240d0ffff,8a7558240d57fff,8a7558240d77fff,8a7558240d67fff,8a75582446c7fff,8a755824461ffff,8a755824460ffff,8a7558244627fff,8a755824471ffff,8a7558244637fff,8a75582447affff,8a7558244737fff,8a755824446ffff,8a755824409ffff,8a7558244097fff,8a7558244467fff,8a7558244477fff,8a75582447b7fff,8a75582447a7fff,8a7558244797fff,8a7558244787fff",4
-41231706#1,-41231515#0,0.4,0.5,0.15,0.85,0.7,0.3,0.55,0.55,0.55,0.5,0.55,0.9,0.3,0.4499999999999999,0.4,0.4,0.4499999999999999,0.7,0.4,0.4499999999999999,0.4,0.0999999999999999,0.5,"8a7558240d0ffff,8a7558240d57fff,8a7558240d77fff,8a7558240d27fff,8a7558244687fff,8a75582446a7fff,8a755824478ffff,8a75582447affff,8a7558244737fff,8a755824409ffff,8a755824446ffff,8a75582447a7fff,8a7558244787fff",2
-41231706#1,-41231515#0,0.6,0.7,0.7,0.3,0.25,0.8,0.55,0.55,0.55,0.5,0.55,0.8,0.4,0.4499999999999999,0.1999999999999999,0.1999999999999999,0.4499999999999999,0.3,0.1999999999999999,0.4499999999999999,0.7,0.8,0.4,"8a7558240d0ffff,8a7558240d57fff,8a7558240d77fff,8a7558240d67fff,8a7558240d47fff,8a7558240997fff,8a75582446c7fff,8a755824461ffff,8a7558244617fff,8a7558244637fff,8a75582447affff,8a755824478ffff,8a75582446a7fff,8a7558244687fff,8a75582446b7fff,8a7558244787fff,8a75582447a7fff",0
-57680115#1,-561133140#1,0.8,0.8,1.0,0.0,0.4499999999999999,0.9,0.55,0.55,0.55,0.9,0.8,0.7,0.2,0.4499999999999999,0.0999999999999999,0.0999999999999999,0.4499999999999999,0.9,0.0999999999999999,0.0999999999999999,0.8,0.6,0.4,"8a7558242967fff,8a7558240597fff,8a755824296ffff,8a755824291ffff,8a75582429affff,8a75582429a7fff,8a755824665ffff,8a755824664ffff,8a7558242937fff,8a7558242927fff,8a75582462d7fff,8a75582462c7fff,8a75582462e7fff,8a7558246277fff,8a755824634ffff,8a7558240cb7fff,8a7558240c17fff,8a7558240c37fff,8a7558240c27fff,8a7558240d57fff,8a7558240d77fff,8a7558240d67fff,8a75582446c7fff,8a755824461ffff,8a755824460ffff,8a7558244627fff,8a755824471ffff",0
-57680115#1,-561133140#1,0.0999999999999999,0.0999999999999999,0.2,0.8,0.4499999999999999,0.2,0.55,0.55,0.55,0.2,0.2,0.15,0.9,0.4499999999999999,0.9,0.9,0.4499999999999999,0.1999999999999999,0.9,0.8,0.0999999999999999,0.4,0.3,"8a7558242967fff,8a7558240597fff,8a75582405b7fff,8a7558240407fff,8a755824040ffff,8a75582404e7fff,8a75582404f7fff,8a75582404affff,8a755824296ffff,8a755824291ffff,8a75582429affff,8a75582429a7fff,8a755824665ffff,8a755824664ffff,8a7558242937fff,8a7558242927fff,8a75582462d7fff,8a75582462c7fff,8a75582462e7fff,8a7558246277fff,8a755824634ffff,8a7558240cb7fff,8a7558240c17fff,8a7558240c37fff,8a7558240c27fff,8a7558240d1ffff,8a7558240daffff,8a7558240da7fff,8a7558246a5ffff,8a7558246a4ffff,8a7558246a6ffff,8a755824469ffff,8a7558240d27fff,8a7558244687fff,8a75582446a7fff,8a755824478ffff,8a75582447affff,8a7558244637fff,8a755824471ffff,8a7558244627fff",4
-57680115#1,-561133140#1,0.6,0.6,0.3,0.7,0.4499999999999999,0.7,0.55,0.55,0.55,0.6,0.6,0.9,0.6,0.4499999999999999,0.1999999999999999,0.1999999999999999,0.4499999999999999,0.0999999999999999,0.1999999999999999,0.3,0.6,0.9,0.1999999999999999,"8a7558242967fff,8a7558240597fff,8a755824296ffff,8a755824291ffff,8a75582429affff,8a75582429a7fff,8a755824665ffff,8a755824664ffff,8a7558242937fff,8a7558242927fff,8a75582462d7fff,8a75582462c7fff,8a75582462e7fff,8a7558246277fff,8a755824634ffff,8a7558240cb7fff,8a7558240c17fff,8a7558240c37fff,8a7558240c27fff,8a7558240d1ffff,8a7558240daffff,8a7558240da7fff,8a7558246a5ffff,8a7558246a4ffff,8a7558246a67fff,8a7558246a6ffff,8a755824469ffff,8a7558240d27fff,8a7558240d77fff,8a7558240d57fff,8a7558240d67fff,8a75582446c7fff,8a75582446e7fff,8a755824461ffff,8a755824460ffff,8a7558244627fff,8a755824471ffff",0
-57680115#1,-561133140#1,0.9,0.9,0.85,0.15,0.4499999999999999,1.0,0.55,0.55,0.55,1.0,0.9,1.0,0.1,0.4499999999999999,0.0,0.0,0.4499999999999999,0.8,0.0,0.0,0.9,0.7,0.0999999999999999,"8a7558242967fff,8a7558240597fff,8a755824296ffff,8a755824291ffff,8a75582429affff,8a75582429a7fff,8a755824665ffff,8a755824664ffff,8a7558242937fff,8a7558242927fff,8a75582462d7fff,8a75582462c7fff,8a75582462e7fff,8a7558246277fff,8a755824634ffff,8a7558240cb7fff,8a7558240c17fff,8a7558240c37fff,8a7558240c27fff,8a7558240d57fff,8a7558240d77fff,8a7558240d27fff,8a7558244687fff,8a75582446a7fff,8a755824478ffff,8a75582447affff,8a7558244637fff,8a755824471ffff,8a7558244627fff",0
-57680115#1,-561133140#1,0.1999999999999999,0.1999999999999999,0.5,0.4,0.4499999999999999,0.4,0.55,0.55,0.55,0.4,1.0,0.3,0.3,0.4499999999999999,0.7,0.6,0.4499999999999999,0.3,0.6,0.7,0.1999999999999999,0.0,0.6,"8a7558242967fff,8a7558240597fff,8a75582405b7fff,8a7558240407fff,8a755824040ffff,8a75582404e7fff,8a75582404f7fff,8a755824296ffff,8a755824291ffff,8a75582429affff,8a75582429a7fff,8a755824665ffff,8a755824664ffff,8a7558242937fff,8a7558242927fff,8a75582462d7fff,8a75582462c7fff,8a75582462e7fff,8a7558246277fff,8a755824634ffff,8a7558240cb7fff,8a7558240c17fff,8a7558240c37fff,8a7558240c27fff,8a7558240d57fff,8a7558240d77fff,8a7558240d67fff,8a75582446c7fff,8a75582446e7fff,8a755824461ffff,8a755824460ffff,8a7558244627fff,8a755824471ffff",4
-57680115#1,-561133140#1,0.0,0.0,0.1,0.9,0.4499999999999999,0.1,0.55,0.55,0.55,0.1,0.1,0.8,1.0,0.4499999999999999,0.8,0.7,0.4499999999999999,0.0,0.7,0.9,0.0,0.1999999999999999,0.5,"8a7558242967fff,8a7558240597fff,8a75582405b7fff,8a7558240407fff,8a755824040ffff,8a75582404e7fff,8a7558240417fff,8a755824296ffff,8a755824291ffff,8a75582429affff,8a75582429a7fff,8a755824665ffff,8a755824664ffff,8a7558242937fff,8a7558242927fff,8a75582462d7fff,8a75582462c7fff,8a75582462e7fff,8a7558246277fff,8a755824634ffff,8a7558240cb7fff,8a7558240c17fff,8a7558240c37fff,8a7558240c27fff,8a7558240d1ffff,8a7558240daffff,8a7558240da7fff,8a7558246a5ffff,8a7558246a4ffff,8a7558246a6ffff,8a755824469ffff,8a7558240d27fff,8a7558240d77fff,8a7558240d57fff,8a7558240d67fff,8a75582446dffff,8a75582446c7fff,8a755824461ffff,8a755824460ffff,8a7558244627fff,8a755824471ffff",4
-57680115#1,-561133140#1,0.4,0.4,0.4,0.6,0.4499999999999999,0.3,0.55,0.55,0.55,0.3,0.4,0.5,0.7,0.4499999999999999,0.5,0.4,0.4499999999999999,0.7,0.4,0.5,0.4,0.0999999999999999,0.9,"8a7558242967fff,8a7558240597fff,8a75582405b7fff,8a7558240407fff,8a755824040ffff,8a75582404e7fff,8a7558240417fff,8a755824296ffff,8a755824291ffff,8a75582429affff,8a75582429a7fff,8a755824665ffff,8a755824664ffff,8a7558242937fff,8a7558242927fff,8a75582462d7fff,8a75582462c7fff,8a75582462e7fff,8a7558246277fff,8a755824634ffff,8a7558240cb7fff,8a7558240c17fff,8a7558240c37fff,8a7558240c27fff,8a7558240d57fff,8a7558240d77fff,8a7558240d67fff,8a7558240d47fff,8a7558240997fff,8a75582446cffff,8a755824460ffff,8a7558244627fff,8a755824471ffff",4
-57680115#1,-561133140#1,0.3,0.3,0.6,0.3,0.4499999999999999,0.5,0.55,0.55,0.55,0.5,0.3,0.4,0.8,0.4499999999999999,0.6,0.5,0.4499999999999999,0.5,0.5,0.6,0.3,0.5,0.7,"8a7558242967fff,8a7558240597fff,8a75582405b7fff,8a7558240437fff,8a7558240407fff,8a755824040ffff,8a75582404e7fff,8a7558240417fff,8a755824296ffff,8a755824291ffff,8a75582429affff,8a75582429a7fff,8a755824665ffff,8a755824664ffff,8a7558242937fff,8a7558242927fff,8a75582462d7fff,8a75582462c7fff,8a75582462e7fff,8a7558246277fff,8a755824634ffff,8a7558240cb7fff,8a7558240c17fff,8a7558240c37fff,8a7558240c27fff,8a7558240d57fff,8a7558240d77fff,8a7558240d67fff,8a75582446dffff,8a75582446c7fff,8a755824461ffff,8a755824460ffff,8a7558244627fff,8a755824471ffff",3
-57680115#1,-561133140#1,0.7,0.7,0.7,0.5,0.4499999999999999,0.8,0.55,0.55,0.55,0.8,0.7,0.15,0.4,0.4499999999999999,0.4,0.8,0.4499999999999999,0.4,0.8,0.1999999999999999,0.7,0.8,0.0,"8a7558242967fff,8a7558240597fff,8a755824296ffff,8a755824291ffff,8a75582429affff,8a75582429a7fff,8a755824665ffff,8a755824664ffff,8a7558242937fff,8a7558242927fff,8a75582462d7fff,8a75582462c7fff,8a75582462e7fff,8a7558246277fff,8a755824634ffff,8a7558240cb7fff,8a7558240c17fff,8a7558240c37fff,8a7558240c27fff,8a7558240d1ffff,8a7558240daffff,8a7558240da7fff,8a7558246a5ffff,8a7558246a4ffff,8a7558246a67fff,8a755824469ffff,8a7558240d27fff,8a7558244687fff,8a75582446a7fff,8a755824478ffff,8a75582447affff,8a7558244637fff,8a755824471ffff,8a7558244627fff",2
-57680115#1,-561133140#1,0.5,0.5,0.85,0.15,0.4499999999999999,0.6,0.55,0.55,0.55,0.7,0.5,0.6,0.5,0.4499999999999999,0.3,0.3,0.4499999999999999,0.6,0.3,0.4,0.5,0.3,0.8,"8a7558242967fff,8a7558240597fff,8a7558240417fff,8a755824040ffff,8a75582404e7fff,8a75582404f7fff,8a75582404affff,8a755824296ffff,8a755824291ffff,8a75582429affff,8a75582429a7fff,8a755824665ffff,8a755824664ffff,8a7558242937fff,8a7558242927fff,8a75582462d7fff,8a75582462c7fff,8a75582462e7fff,8a7558246277fff,8a755824634ffff,8a7558240cb7fff,8a7558240c17fff,8a7558240c37fff,8a7558240c27fff,8a7558240d57fff,8a7558240d77fff,8a7558240d67fff,8a75582446c7fff,8a755824461ffff,8a755824460ffff,8a7558244627fff,8a755824471ffff",3
57680130#2,-979838980#5,0.6666666666666667,0.6666666666666667,0.6666666666666666,0.0,0.3333333333333333,0.6666666666666666,0.6666666666666666,0.6666666666666666,0.5,1.0,0.3333333333333333,0.6666666666666666,1.0,0.5,0.3333333333333333,0.3333333333333333,0.3333333333333333,0.6666666666666667,0.3333333333333333,0.0,0.6666666666666667,0.0,0.6666666666666667,"8a7558246677fff,8a7558246657fff,8a755824666ffff,8a755824664ffff,8a7558246647fff,8a755824665ffff,8a7558242937fff,8a7558242927fff,8a75582462d7fff,8a75582462c7fff,8a75582462e7fff",3
57680130#2,-979838980#5,0.0,0.0,1.0,0.6666666666666667,0.3333333333333333,1.0,0.6666666666666666,0.6666666666666666,1.0,0.6666666666666666,0.6666666666666666,0.6666666666666666,0.3333333333333333,0.0,0.0,0.0,0.3333333333333333,0.3333333333333333,0.0,0.6666666666666667,0.0,0.6666666666666667,0.0,"8a7558246677fff,8a7558246657fff,8a755824666ffff,8a755824664ffff,8a7558246647fff,8a755824665ffff,8a7558242937fff,8a7558242927fff,8a75582462d7fff,8a75582462c7fff,8a75582462e7fff",1
57680130#2,-979838980#5,0.3333333333333333,0.3333333333333333,0.3333333333333333,0.3333333333333333,0.3333333333333333,0.3333333333333333,0.6666666666666666,0.6666666666666666,0.5,0.3333333333333333,1.0,0.6666666666666666,0.6666666666666666,0.5,0.6666666666666667,0.6666666666666667,0.3333333333333333,0.0,0.6666666666666667,0.3333333333333333,0.3333333333333333,0.3333333333333333,0.3333333333333333,"8a7558246677fff,8a7558246657fff,8a755824666ffff,8a755824664ffff,8a7558246647fff,8a755824665ffff,8a7558242937fff,8a7558242927fff,8a75582462d7fff,8a75582462c7fff,8a75582462e7fff",4
79119291#2,57680147,0.8,0.8,1.0,0.0,0.5,0.9,0.55,0.55,0.4,1.0,0.9,0.9,0.1,0.6,0.3,0.3,0.5,0.9,0.3,0.1999999999999999,0.8,0.1999999999999999,0.8,"8a755824461ffff,8a755824468ffff,8a75582446dffff,8a75582446c7fff,8a7558240d67fff,8a7558240d77fff,8a7558240d57fff,8a7558240d47fff,8a7558240c67fff,8a7558240c07fff,8a7558240c37fff,8a7558240c17fff,8a7558240cb7fff,8a755824634ffff,8a7558246277fff,8a75582462e7fff,8a75582462c7fff,8a75582462d7fff,8a7558242927fff,8a7558242937fff,8a755824664ffff,8a755824665ffff,8a75582429a7fff,8a75582429affff,8a755824291ffff,8a755824296ffff,8a75582404f7fff,8a75582404e7fff,8a755824040ffff,8a7558240417fff,8a7558240407fff",0
79119291#2,57680147,0.0,0.0,0.8,0.0999999999999999,0.0,1.0,0.55,0.55,1.0,0.1,1.0,1.0,0.2,0.1999999999999999,0.6,0.5,0.0,0.8,0.5,0.0,0.0,0.0,0.9,"8a755824461ffff,8a755824468ffff,8a75582446dffff,8a75582446c7fff,8a75582446e7fff,8a755824460ffff,8a7558244627fff,8a755824471ffff,8a7558244767fff,8a75582440c7fff,8a7558244c27fff,8a7558244c87fff,8a7558271257fff,8a75582712e7fff,8a7558246d27fff,8a7558273a0ffff,8a7558273aaffff,8a7558273a87fff,8a7558273337fff,8a75582733affff,8a755827338ffff,8a75582732f7fff,8a7558255967fff,8a75582464affff,8a75582464f7fff,8a75582464c7fff,8a75582464cffff,8a7558246797fff,8a755824679ffff,8a75582466b7fff,8a7558246697fff,8a7558246687fff,8a75582466affff,8a75582466f7fff,8a75582466c7fff,8a75582466effff,8a755824665ffff,8a75582429a7fff,8a75582429affff,8a755824291ffff,8a755824296ffff,8a75582404f7fff,8a75582404e7fff,8a755824040ffff,8a7558240417fff,8a7558240407fff",3
79119291#2,57680147,0.1999999999999999,0.1999999999999999,0.4,0.7,0.5,0.2,0.55,0.55,0.4,0.3,0.2,0.15,0.9,0.6,0.1999999999999999,0.7,0.5,0.0,0.8,0.8,0.1999999999999999,0.6,0.5,"8a755824461ffff,8a755824468ffff,8a75582446dffff,8a75582446c7fff,8a755824460ffff,8a7558244627fff,8a755824471ffff,8a7558244717fff,8a7558244707fff,8a755824409ffff,8a7558244737fff,8a755824446ffff,8a7558244097fff,8a7558244467fff,8a7558244477fff,8a75582447b7fff,8a75582447a7fff,8a7558244787fff,8a75582446b7fff,8a755824469ffff,8a7558246a6ffff,8a7558246a4ffff,8a7558246a5ffff,8a7558240da7fff,8a7558240daffff,8a7558240d1ffff,8a7558240c27fff,8a7558240c37fff,8a7558240c17fff,8a7558240cb7fff,8a755824634ffff,8a7558246277fff,8a75582462e7fff,8a75582462c7fff,8a75582462d7fff,8a7558242927fff,8a7558242937fff,8a755824664ffff,8a7558246647fff,8a755824665ffff,8a75582429a7fff,8a75582429affff,8a755824291ffff,8a755824296ffff,8a7558240597fff,8a7558240417fff,8a7558240407fff",4
79119291#2,57680147,0.9,0.9,0.5,0.5,0.5,0.8,0.55,0.55,0.4,0.9,0.4,0.8,0.6,0.6,0.0,0.0999999999999999,0.5,0.4,0.1999999999999999,0.0999999999999999,0.9,0.9,0.0,"8a755824461ffff,8a755824468ffff,8a75582446d7fff,8a7558240d77fff,8a7558240d67fff,8a7558240d57fff,8a7558240c27fff,8a7558240c37fff,8a7558240c17fff,8a7558240cb7fff,8a755824634ffff,8a7558246277fff,8a75582462e7fff,8a75582462c7fff,8a75582462d7fff,8a7558242927fff,8a7558242937fff,8a755824664ffff,8a7558246647fff,8a755824665ffff,8a75582429a7fff,8a75582429affff,8a755824291ffff,8a755824296ffff,8a7558240597fff,8a75582405b7fff,8a755824625ffff,8a755824624ffff,8a7558240517fff,8a755824051ffff,8a7558240437fff,8a7558240407fff,8a755824040ffff,8a7558240417fff",0
79119291#2,57680147,0.3,0.3,0.1,0.8,0.5,0.3,0.55,0.55,0.4,0.4,0.5,0.4,0.7,0.6,0.7,0.6,0.5,0.1999999999999999,0.6,0.7,0.3,0.5,0.1999999999999999,"8a755824461ffff,8a755824468ffff,8a75582446d7fff,8a7558240d27fff,8a7558240d77fff,8a7558240d67fff,8a75582446c7fff,8a75582446e7fff,8a755824460ffff,8a7558244627fff,8a755824471ffff,8a7558244637fff,8a75582447affff,8a75582447a7fff,8a7558244787fff,8a75582446b7fff,8a755824469ffff,8a7558240d57fff,8a7558240c27fff,8a7558240c37fff,8a7558240c17fff,8a7558240cb7fff,8a755824634ffff,8a7558246277fff,8a75582462e7fff,8a75582462c7fff,8a75582462d7fff,8a7558242927fff,8a7558242937fff,8a755824664ffff,8a755824665ffff,8a75582429a7fff,8a75582429affff,8a755824291ffff,8a755824296ffff,8a75582404f7fff,8a75582404e7fff,8a755824040ffff,8a7558240417fff,8a7558240407fff",4
79119291#2,57680147,0.5,0.5,0.7,0.3,0.5,0.5,0.55,0.55,0.8,0.6,0.6,0.6,0.5,0.0999999999999999,0.4,0.1999999999999999,0.5,0.5,0.0999999999999999,0.5,0.5,0.3,0.3,"8a755824461ffff,8a7558244617fff,8a7558244637fff,8a755824471ffff,8a7558244627fff,8a755824460ffff,8a75582446c7fff,8a7558240d67fff,8a7558240d77fff,8a7558240d57fff,8a7558240c27fff,8a7558240c37fff,8a7558240c17fff,8a7558240cb7fff,8a755824634ffff,8a7558246277fff,8a75582462e7fff,8a75582462c7fff,8a75582462d7fff,8a7558242927fff,8a7558242937fff,8a755824664ffff,8a755824665ffff,8a75582429a7fff,8a75582429affff,8a755824291ffff,8a755824296ffff,8a75582404f7fff,8a75582404affff,8a7558240597fff,8a7558240417fff,8a7558240407fff",0
79119291#2,57680147,0.7,0.7,0.9,0.4,0.5,0.7,0.55,0.55,0.9,0.8,0.7,0.5,0.3,0.0,0.0999999999999999,0.0,0.5,0.3,0.0,0.3,0.7,0.4,0.0999999999999999,"8a755824461ffff,8a755824468ffff,8a75582446d7fff,8a7558240d27fff,8a7558240d77fff,8a7558240d67fff,8a755824469ffff,8a7558246a6ffff,8a7558246a4ffff,8a7558246a5ffff,8a7558240da7fff,8a7558240daffff,8a7558240d1ffff,8a7558240c27fff,8a7558240c37fff,8a7558240c17fff,8a7558240cb7fff,8a755824634ffff,8a7558246277fff,8a75582462e7fff,8a75582462c7fff,8a75582462d7fff,8a7558242927fff,8a7558242937fff,8a755824664ffff,8a7558246647fff,8a755824665ffff,8a75582429a7fff,8a75582429affff,8a755824291ffff,8a755824296ffff,8a75582404f7fff,8a75582404e7fff,8a755824040ffff,8a7558240417fff,8a7558240407fff",0
79119291#2,57680147,0.4,0.4,0.3,0.6,0.5,0.4,0.55,0.55,0.4,0.5,0.3,0.15,0.8,0.6,0.8,0.9,0.5,0.6,0.9,0.6,0.4,0.8,0.4,"8a755824461ffff,8a755824468ffff,8a75582446d7fff,8a7558240d77fff,8a7558240d67fff,8a75582446c7fff,8a755824460ffff,8a7558244627fff,8a755824471ffff,8a7558244637fff,8a75582447affff,8a755824478ffff,8a75582446a7fff,8a7558244687fff,8a75582446b7fff,8a755824469ffff,8a7558246a6ffff,8a7558246a4ffff,8a7558246a5ffff,8a7558240da7fff,8a7558240daffff,8a7558240d1ffff,8a7558240c27fff,8a7558240c37fff,8a7558240c17fff,8a7558240cb7fff,8a755824634ffff,8a7558246277fff,8a75582462e7fff,8a75582462c7fff,8a75582462d7fff,8a7558242927fff,8a7558242937fff,8a755824664ffff,8a755824665ffff,8a75582429a7fff,8a75582429affff,8a755824291ffff,8a755824296ffff,8a7558240597fff,8a75582405b7fff,8a7558240407fff,8a755824040ffff,8a7558240417fff",4
79119291#2,57680147,0.6,0.6,0.6,0.1999999999999999,0.5,0.6,0.55,0.55,0.4,0.7,0.8,0.7,0.4,0.6,0.5,0.4,0.5,0.7,0.4,0.4,0.6,0.0999999999999999,0.6,"8a755824461ffff,8a755824468ffff,8a75582446d7fff,8a7558240d27fff,8a7558240d77fff,8a7558240d67fff,8a7558240d57fff,8a7558240c27fff,8a7558240c37fff,8a7558240c17fff,8a7558240cb7fff,8a755824634ffff,8a7558246277fff,8a75582462e7fff,8a75582462c7fff,8a75582462d7fff,8a7558242927fff,8a7558242937fff,8a755824664ffff,8a755824665ffff,8a75582429a7fff,8a75582429affff,8a755824291ffff,8a755824296ffff,8a75582404f7fff,8a75582404e7fff,8a755824040ffff,8a7558240407fff,8a75582405b7fff,8a7558240597fff,8a7558240417fff",3
79119291#2,57680147,0.0999999999999999,0.0999999999999999,0.2,0.9,0.5,0.1,0.55,0.55,0.4,0.2,0.1,0.3,1.0,0.6,0.9,0.8,0.5,0.0999999999999999,0.7,0.9,0.0999999999999999,0.7,0.7,"8a755824461ffff,8a755824468ffff,8a75582446dffff,8a75582446c7fff,8a7558240d67fff,8a7558240d47fff,8a7558240997fff,8a75582446cffff,8a75582446e7fff,8a755824460ffff,8a7558244627fff,8a755824471ffff,8a7558244707fff,8a7558244717fff,8a755824409ffff,8a7558244097fff,8a7558244467fff,8a7558244477fff,8a75582447b7fff,8a75582447a7fff,8a7558244797fff,8a7558244787fff,8a75582446b7fff,8a755824469ffff,8a7558240d27fff,8a7558240d77fff,8a7558240d57fff,8a7558240c27fff,8a7558240c37fff,8a7558240c17fff,8a7558240cb7fff,8a755824634ffff,8a7558246277fff,8a75582462e7fff,8a75582462c7fff,8a75582462d7fff,8a7558242927fff,8a7558242937fff,8a755824664ffff,8a755824665ffff,8a75582429a7fff,8a75582429affff,8a755824291ffff,8a755824296ffff,8a7558240597fff,8a7558240417fff,8a7558240407fff",4
-41231513#4,-174375407#2,0.8,0.7,0.9,0.0,0.5,1.0,0.55,0.55,0.35,1.0,0.8,0.9,0.1,0.65,0.4,0.4,0.5,0.9,0.3,0.3,0.7,0.1999999999999999,0.5,"8a755824409ffff,8a7558244707fff,8a7558244717fff,8a755824471ffff,8a7558244627fff,8a755824460ffff,8a755824461ffff,8a75582446c7fff,8a7558240d67fff,8a7558240d77fff,8a7558240d57fff,8a7558240d47fff,8a7558240c67fff,8a7558240c07fff,8a7558240c37fff,8a7558240c17fff,8a7558240cb7fff,8a755824634ffff,8a7558246277fff,8a75582462e7fff,8a75582462c7fff,8a75582462d7fff,8a7558242927fff,8a7558242937fff,8a755824664ffff,8a755824665ffff,8a75582429a7fff,8a75582429affff,8a755824291ffff",0
-41231513#4,-174375407#2,0.0,0.0,0.1,0.1999999999999999,0.0,0.8,0.55,0.55,1.0,0.1,1.0,1.0,0.2,0.3,0.5,0.5,0.0,0.3,0.8,0.0,0.0,0.0,0.9,"8a755824409ffff,8a7558244707fff,8a7558244717fff,8a755824471ffff,8a7558244637fff,8a7558244617fff,8a755824461ffff,8a755824468ffff,8a75582446dffff,8a75582446c7fff,8a75582446e7fff,8a755824460ffff,8a7558244627fff,8a7558244767fff,8a75582440c7fff,8a7558244c27fff,8a7558244c87fff,8a7558271257fff,8a75582712e7fff,8a7558246d27fff,8a7558246d37fff,8a7558273327fff,8a7558273337fff,8a75582733affff,8a755827338ffff,8a75582732f7fff,8a7558255967fff,8a75582464affff,8a75582464f7fff,8a75582464c7fff,8a75582464cffff,8a7558246797fff,8a755824679ffff,8a7558255b6ffff,8a7558255b4ffff,8a7558246697fff,8a7558246687fff,8a75582466affff,8a75582466f7fff,8a75582466c7fff,8a75582466effff,8a755824665ffff,8a75582429a7fff,8a75582429affff,8a755824291ffff",1
-41231513#4,-174375407#2,0.1999999999999999,0.0999999999999999,0.8,0.7,0.5,0.3,0.55,0.55,0.7,0.3,0.1,0.15,0.9,0.1999999999999999,0.1999999999999999,0.3,0.5,0.0,0.4,0.9,0.0999999999999999,0.3,0.7,"8a7558244707fff,8a755824409ffff,8a7558244737fff,8a755824446ffff,8a7558244097fff,8a7558244467fff,8a7558244477fff,8a75582447b7fff,8a75582447a7fff,8a7558244797fff,8a7558244787fff,8a75582446b7fff,8a755824469ffff,8a7558246a6ffff,8a7558246a4ffff,8a7558246a5ffff,8a7558240da7fff,8a7558240daffff,8a7558240d1ffff,8a7558240c27fff,8a7558240c37fff,8a7558240c17fff,8a7558240cb7fff,8a755824634ffff,8a7558246277fff,8a75582462e7fff,8a75582462c7fff,8a75582462d7fff,8a7558242927fff,8a7558242937fff,8a755824664ffff,8a7558246647fff,8a755824665ffff,8a75582429a7fff,8a75582429affff,8a755824291ffff",4
-41231513#4,-174375407#2,0.3,0.3,0.2,0.9,0.5,0.1,0.55,0.55,0.35,0.4,0.4,0.6,0.8,0.65,0.8,0.8,0.5,0.5,0.7,0.7,0.4,0.7,0.3,"8a755824409ffff,8a7558244707fff,8a7558244717fff,8a755824471ffff,8a755824408ffff,8a75582440affff,8a7558244087fff,8a755824446ffff,8a75582447a7fff,8a75582447affff,8a7558244637fff,8a7558244617fff,8a755824461ffff,8a755824468ffff,8a75582446d7fff,8a7558240d77fff,8a7558240d67fff,8a7558240d57fff,8a7558240c27fff,8a7558240c37fff,8a7558240c17fff,8a7558240cb7fff,8a755824634ffff,8a7558246277fff,8a75582462e7fff,8a75582462c7fff,8a75582462d7fff,8a7558242927fff,8a7558242937fff,8a755824664ffff,8a755824665ffff,8a75582429a7fff,8a75582429affff,8a755824291ffff",4
-41231513#4,-174375407#2,0.7,0.8,0.7,0.4,0.5,0.7,0.55,0.55,0.35,0.7,0.9,0.5,0.5,0.65,0.0,0.1999999999999999,0.5,0.6,0.1999999999999999,0.1999999999999999,0.8,0.5,0.0999999999999999,"8a755824409ffff,8a7558244707fff,8a7558244717fff,8a755824471ffff,8a7558244637fff,8a75582447affff,8a755824478ffff,8a75582446a7fff,8a7558244687fff,8a75582446b7fff,8a755824469ffff,8a7558240d27fff,8a7558240d77fff,8a7558240d57fff,8a7558240c27fff,8a7558240c37fff,8a7558240c17fff,8a7558240cb7fff,8a755824634ffff,8a7558246277fff,8a75582462e7fff,8a75582462c7fff,8a75582462d7fff,8a7558242927fff,8a7558242937fff,8a755824664ffff,8a7558246647fff,8a755824665ffff,8a75582429a7fff,8a75582429affff,8a755824291ffff",0
-41231513#4,-174375407#2,0.6,0.4,1.0,0.0999999999999999,0.5,0.9,0.55,0.55,0.8,0.9,0.2,0.7,0.3,0.0999999999999999,0.0999999999999999,0.0,0.5,0.1999999999999999,0.0,0.6,0.3,0.0999999999999999,0.6,"8a7558244707fff,8a755824409ffff,8a7558244737fff,8a755824446ffff,8a75582447a7fff,8a7558244787fff,8a75582446b7fff,8a755824469ffff,8a7558240d27fff,8a7558240d77fff,8a7558240d57fff,8a7558240d47fff,8a7558240c67fff,8a7558240c07fff,8a7558240c37fff,8a7558240c17fff,8a7558240cb7fff,8a755824634ffff,8a7558246277fff,8a75582462e7fff,8a75582462c7fff,8a75582462d7fff,8a7558242927fff,8a7558242937fff,8a755824664ffff,8a7558246647fff,8a755824665ffff,8a75582429a7fff,8a75582429affff,8a755824291ffff",1
-41231513#4,-174375407#2,0.4,0.5,0.3,0.8,0.5,0.4,0.55,0.55,0.35,0.5,0.5,0.3,0.7,0.65,0.7,0.7,0.5,0.0999999999999999,0.6,0.5,0.6,0.9,0.1999999999999999,"8a755824409ffff,8a7558244707fff,8a7558244717fff,8a755824471ffff,8a7558244637fff,8a7558244617fff,8a755824461ffff,8a755824468ffff,8a75582446d7fff,8a7558240d27fff,8a7558240d77fff,8a7558240d67fff,8a755824469ffff,8a7558246a6ffff,8a7558246a4ffff,8a7558246a5ffff,8a7558240da7fff,8a7558240daffff,8a7558240d1ffff,8a7558240c27fff,8a7558240c37fff,8a7558240c17fff,8a7558240cb7fff,8a755824634ffff,8a7558246277fff,8a75582462e7fff,8a75582462c7fff,8a75582462d7fff,8a7558242927fff,8a7558242937fff,8a755824664ffff,8a755824665ffff,8a75582429a7fff,8a75582429affff,8a755824291ffff",4
-41231513#4,-174375407#2,0.5,0.6,0.5,0.3,0.5,0.5,0.55,0.55,0.35,0.6,0.6,0.4,0.6,0.65,0.6,0.6,0.5,0.8,0.5,0.4,0.5,0.4,0.4,"8a7558244707fff,8a755824409ffff,8a7558244737fff,8a755824446ffff,8a75582447a7fff,8a7558244797fff,8a7558244787fff,8a75582446b7fff,8a755824469ffff,8a7558240d27fff,8a7558240d77fff,8a7558240d57fff,8a7558240c27fff,8a7558240c37fff,8a7558240c17fff,8a7558240cb7fff,8a755824634ffff,8a7558246277fff,8a75582462e7fff,8a75582462c7fff,8a75582462d7fff,8a7558242927fff,8a7558242937fff,8a755824664ffff,8a755824665ffff,8a75582429a7fff,8a75582429affff,8a755824291ffff",2
-41231513#4,-174375407#2,0.9,0.9,0.6,0.5,0.5,0.6,0.55,0.55,0.9,0.8,0.7,0.8,0.4,0.0,0.3,0.0999999999999999,0.5,0.7,0.0999999999999999,0.0999999999999999,0.9,0.8,0.0,"8a755824409ffff,8a7558244707fff,8a7558244717fff,8a755824471ffff,8a7558244627fff,8a755824460ffff,8a755824461ffff,8a755824468ffff,8a75582446d7fff,8a7558240d27fff,8a7558240d77fff,8a7558240d67fff,8a7558240d57fff,8a7558240c27fff,8a7558240c37fff,8a7558240c17fff,8a7558240cb7fff,8a755824634ffff,8a7558246277fff,8a75582462e7fff,8a75582462c7fff,8a75582462d7fff,8a7558242927fff,8a7558242937fff,8a755824664ffff,8a755824665ffff,8a75582429a7fff,8a75582429affff,8a755824291ffff",0
-41231513#4,-174375407#2,0.0999999999999999,0.1999999999999999,0.4,0.6,0.5,0.2,0.55,0.55,0.35,0.2,0.3,0.15,1.0,0.65,0.9,0.9,0.5,0.4,0.9,0.8,0.1999999999999999,0.6,0.8,"8a755824409ffff,8a7558244707fff,8a7558244717fff,8a755824471ffff,8a755824408ffff,8a75582440affff,8a7558244087fff,8a755824446ffff,8a75582447a7fff,8a7558244787fff,8a75582446b7fff,8a755824469ffff,8a7558246a6ffff,8a7558246a4ffff,8a7558246a5ffff,8a7558240da7fff,8a7558240daffff,8a7558240d1ffff,8a7558240c27fff,8a7558240c37fff,8a7558240c17fff,8a7558240cb7fff,8a755824634ffff,8a7558246277fff,8a75582462e7fff,8a75582462c7fff,8a75582462d7fff,8a7558242927fff,8a7558242937fff,8a755824664ffff,8a755824665ffff,8a75582429a7fff,8a75582429affff,8a755824291ffff",4
57680146,-561133140#1,0.7,0.9,0.9,0.0,0.4499999999999999,0.7,0.55,0.55,0.35,0.9,0.5,0.7,0.5,0.65,0.0999999999999999,0.0999999999999999,0.4499999999999999,0.9,0.0999999999999999,0.0,0.9,0.1999999999999999,0.8,"8a755824629ffff,8a755824666ffff,8a755824664ffff,8a7558246647fff,8a755824665ffff,8a7558242937fff,8a7558242927fff,8a75582462d7fff,8a75582462c7fff,8a75582462e7fff,8a7558246277fff,8a755824634ffff,8a7558240cb7fff,8a7558240c17fff,8a7558240c37fff,8a7558240c27fff,8a7558240d57fff,8a7558240d77fff,8a7558240d67fff,8a75582446c7fff,8a755824461ffff,8a755824460ffff,8a7558244627fff,8a755824471ffff",0
57680146,-561133140#1,0.0999999999999999,0.0999999999999999,0.1,0.7,0.4499999999999999,0.2,0.55,0.55,0.35,0.2,0.8,0.15,1.0,0.65,0.9,0.9,0.4499999999999999,0.0999999999999999,0.9,0.8,0.0999999999999999,0.4,0.6,"8a755824629ffff,8a755824666ffff,8a755824664ffff,8a7558246647fff,8a755824665ffff,8a7558242937fff,8a7558242927fff,8a75582462d7fff,8a75582462c7fff,8a75582462e7fff,8a7558246277fff,8a755824634ffff,8a7558240cb7fff,8a7558240c17fff,8a7558240c37fff,8a7558240c27fff,8a7558240d1ffff,8a7558240daffff,8a7558240da7fff,8a7558246a5ffff,8a7558246a4ffff,8a7558246a6ffff,8a755824469ffff,8a75582446b7fff,8a7558244787fff,8a75582447a7fff,8a7558244467fff,8a755824446ffff,8a7558244737fff,8a755824409ffff,8a7558244707fff,8a7558244717fff,8a755824471ffff,8a7558244627fff",4
57680146,-561133140#1,0.3,0.3,0.4,0.8,0.4499999999999999,0.4,0.55,0.55,0.8,0.4,0.15,0.15,0.7,0.1999999999999999,0.6,0.8,0.4499999999999999,0.3,0.8,0.6,0.3,0.8,0.0999999999999999,"8a755824629ffff,8a755824666ffff,8a755824664ffff,8a7558246647fff,8a755824665ffff,8a7558242937fff,8a7558242927fff,8a75582462d7fff,8a75582462c7fff,8a75582462e7fff,8a7558246277fff,8a755824634ffff,8a7558240cb7fff,8a7558240c17fff,8a7558240c37fff,8a7558240c27fff,8a7558240d1ffff,8a7558240daffff,8a7558240da7fff,8a7558246a5ffff,8a7558246a4ffff,8a7558240d17fff,8a7558240d37fff,8a755824469ffff,8a7558240d27fff,8a7558244687fff,8a75582446a7fff,8a755824478ffff,8a75582447affff,8a7558244637fff,8a755824471ffff,8a7558244627fff",4
57680146,-561133140#1,0.1999999999999999,0.1999999999999999,0.3,0.5,0.4499999999999999,0.3,0.55,0.55,0.35,0.3,0.3,0.9,0.8,0.65,0.7,0.7,0.4499999999999999,0.0,0.7,0.7,0.1999999999999999,0.3,0.7,"8a755824629ffff,8a755824666ffff,8a755824664ffff,8a7558246647fff,8a755824665ffff,8a7558242937fff,8a7558242927fff,8a75582462d7fff,8a75582462c7fff,8a75582462e7fff,8a7558246277fff,8a755824634ffff,8a7558240cb7fff,8a7558240c17fff,8a7558240c37fff,8a7558240c27fff,8a7558240d1ffff,8a7558240daffff,8a7558240da7fff,8a7558246a5ffff,8a7558246a4ffff,8a7558240d37fff,8a755824469ffff,8a7558240d27fff,8a7558240d77fff,8a7558240d57fff,8a7558240d67fff,8a7558240d47fff,8a7558240997fff,8a75582446cffff,8a755824460ffff,8a7558244627fff,8a755824471ffff",4
57680146,-561133140#1,0.8,0.7,0.6,0.3,0.4499999999999999,0.9,0.55,0.55,0.35,0.7,1.0,1.0,0.1,0.65,0.3,0.3,0.4499999999999999,0.5,0.3,0.1999999999999999,0.7,0.6,0.1999999999999999,"8a755824629ffff,8a755824666ffff,8a755824664ffff,8a7558246647fff,8a755824665ffff,8a7558242937fff,8a7558242927fff,8a75582462d7fff,8a75582462c7fff,8a75582462e7fff,8a7558246277fff,8a755824634ffff,8a7558240cb7fff,8a7558240c17fff,8a7558240c37fff,8a7558240c27fff,8a7558240d57fff,8a7558240d77fff,8a7558240d27fff,8a7558244687fff,8a75582446a7fff,8a755824478ffff,8a75582447affff,8a7558244637fff,8a755824471ffff,8a7558244627fff",0
57680146,-561133140#1,0.9,0.8,0.5,0.6,0.4499999999999999,1.0,0.55,0.55,1.0,1.0,0.15,0.6,0.3,0.0,0.1999999999999999,0.1999999999999999,0.4499999999999999,0.6,0.1999999999999999,0.0999999999999999,0.8,0.9,0.0,"8a755824629ffff,8a755824666ffff,8a755824664ffff,8a7558246647fff,8a755824665ffff,8a7558242937fff,8a7558242927fff,8a75582462d7fff,8a75582462c7fff,8a75582462e7fff,8a7558246277fff,8a755824634ffff,8a7558240cb7fff,8a7558240c17fff,8a7558240c37fff,8a7558240c27fff,8a7558240d57fff,8a7558240d77fff,8a7558240d67fff,8a75582446dffff,8a75582446c7fff,8a75582446e7fff,8a755824461ffff,8a7558244617fff,8a7558244637fff,8a755824471ffff,8a7558244627fff",0
57680146,-561133140#1,0.4,0.4,1.0,0.4,0.4499999999999999,0.8,0.55,0.55,0.9,0.6,0.7,0.3,0.2,0.0999999999999999,0.0,0.0,0.4499999999999999,0.4,0.0,0.5,0.4,0.0999999999999999,0.5,"8a755824629ffff,8a755824666ffff,8a755824664ffff,8a7558246647fff,8a755824665ffff,8a7558242937fff,8a7558242927fff,8a75582462d7fff,8a75582462c7fff,8a75582462e7fff,8a7558246277fff,8a755824634ffff,8a7558240cb7fff,8a7558240c17fff,8a7558240c37fff,8a7558240c27fff,8a7558240d57fff,8a7558240d77fff,8a7558240d67fff,8a7558240d47fff,8a7558240997fff,8a75582446cffff,8a755824460ffff,8a7558244627fff,8a755824471ffff",1
57680146,-561133140#1,0.0,0.0,0.2,0.9,0.4499999999999999,0.1,0.55,0.55,0.7,0.1,0.6,0.8,0.9,0.3,0.8,0.6,0.4499999999999999,0.7,0.4,0.9,0.0,0.0,0.9,"8a755824629ffff,8a755824666ffff,8a755824664ffff,8a7558246647fff,8a755824665ffff,8a7558242937fff,8a7558242927fff,8a75582462d7fff,8a75582462c7fff,8a75582462e7fff,8a7558246277fff,8a755824634ffff,8a7558240cb7fff,8a7558240c17fff,8a7558240c37fff,8a7558240c27fff,8a7558240d57fff,8a7558240d77fff,8a7558240d27fff,8a7558244687fff,8a75582446a7fff,8a755824478ffff,8a75582447affff,8a7558244637fff,8a7558244617fff,8a755824461ffff,8a755824468ffff,8a75582446dffff,8a75582446c7fff,8a755824460ffff,8a7558244627fff,8a755824471ffff",4
57680146,-561133140#1,0.5,0.5,0.8,0.1999999999999999,0.4499999999999999,0.5,0.55,0.55,0.35,0.5,0.9,0.4,0.4,0.65,0.5,0.5,0.4499999999999999,0.1999999999999999,0.6,0.4,0.5,0.7,0.4,"8a755824629ffff,8a755824666ffff,8a755824664ffff,8a7558246647fff,8a755824665ffff,8a7558242937fff,8a7558242927fff,8a75582462d7fff,8a75582462c7fff,8a75582462e7fff,8a7558246277fff,8a755824634ffff,8a7558240cb7fff,8a7558240c17fff,8a7558240c37fff,8a7558240c27fff,8a7558240d57fff,8a7558240d77fff,8a7558240d67fff,8a75582446dffff,8a75582446c7fff,8a75582446e7fff,8a755824461ffff,8a755824460ffff,8a7558244627fff,8a755824471ffff",3
57680146,-561133140#1,0.6,0.6,0.7,0.0999999999999999,0.4499999999999999,0.6,0.55,0.55,0.35,0.8,0.4,0.5,0.6,0.65,0.4,0.4,0.4499999999999999,0.8,0.5,0.3,0.6,0.5,0.3,"8a755824629ffff,8a755824666ffff,8a755824664ffff,8a7558246647fff,8a755824665ffff,8a7558242937fff,8a7558242927fff,8a75582462d7fff,8a75582462c7fff,8a75582462e7fff,8a7558246277fff,8a755824634ffff,8a7558240cb7fff,8a7558240c17fff,8a7558240c37fff,8a7558240c27fff,8a7558240d57fff,8a7558240d77fff,8a7558240d67fff,8a75582446c7fff,8a755824461ffff,8a7558244617fff,8a7558244637fff,8a755824471ffff,8a7558244627fff",3
-57680105,-41231515#0,0.6,0.6,0.8,0.0,0.4,0.9,0.55,0.55,0.2,0.4,1.0,0.7,0.4,0.8,0.7,0.8,0.65,0.0,0.8,0.7,0.6,0.0,0.5,"8a7558246677fff,8a755824662ffff,8a75582467affff,8a7558246787fff,8a75582467b7fff,8a7558246797fff,8a75582464cffff,8a75582464c7fff,8a75582464f7fff,8a75582464affff,8a7558255967fff,8a75582732f7fff,8a755827338ffff,8a75582733affff,8a7558273337fff,8a7558273327fff,8a7558246d37fff,8a7558246d27fff,8a75582712e7fff,8a7558271257fff,8a7558244c87fff,8a7558244c27fff,8a75582440c7fff,8a7558244767fff,8a7558244627fff,8a755824471ffff,8a7558244637fff,8a75582447affff,8a75582447a7fff,8a7558244787fff",3
-57680105,-41231515#0,0.8,0.8,0.5,0.5,0.0,0.3,0.55,0.55,0.6,0.9,0.2,0.1,0.9,0.0,0.0,0.0999999999999999,0.65,0.7,0.0999999999999999,0.0999999999999999,0.8,0.9,0.0,"8a7558246677fff,8a755824662ffff,8a75582467affff,8a7558246787fff,8a75582467b7fff,8a7558246797fff,8a755824679ffff,8a7558255b6ffff,8a7558255b4ffff,8a7558246697fff,8a7558246687fff,8a755824668ffff,8a75582466f7fff,8a75582466c7fff,8a75582466effff,8a755824665ffff,8a755824664ffff,8a7558242937fff,8a7558242927fff,8a75582462d7fff,8a75582462c7fff,8a75582462e7fff,8a7558246277fff,8a755824634ffff,8a7558240cb7fff,8a7558240c17fff,8a7558240c37fff,8a7558240c27fff,8a7558240d1ffff,8a7558240daffff,8a7558240da7fff,8a7558246a5ffff,8a7558246a4ffff,8a7558246a6ffff,8a755824469ffff,8a75582446b7fff,8a7558244787fff,8a75582447a7fff",0
-57680105,-41231515#0,0.0999999999999999,0.0999999999999999,0.3,0.6,0.4,0.7,0.55,0.55,1.0,0.4,0.5,0.6,0.1,0.5,0.6,0.7,0.65,0.4,0.7,0.3,0.0,0.5,0.9,"8a7558246677fff,8a755824662ffff,8a75582467affff,8a7558246787fff,8a75582467b7fff,8a7558246797fff,8a75582464cffff,8a75582464c7fff,8a75582464f7fff,8a755824648ffff,8a7558255b07fff,8a7558255867fff,8a755825595ffff,8a7558255937fff,8a7558273667fff,8a7558273767fff,8a75582730d7fff,8a75582733b7fff,8a755827305ffff,8a7558273337fff,8a7558273a87fff,8a7558273aaffff,8a7558273a0ffff,8a7558246d27fff,8a75582712e7fff,8a7558271257fff,8a7558244c87fff,8a7558244c27fff,8a75582440c7fff,8a7558244767fff,8a7558244627fff,8a755824471ffff,8a7558244707fff,8a7558244717fff,8a755824409ffff,8a7558244737fff,8a755824446ffff,8a7558244097fff,8a7558244467fff,8a7558244477fff,8a75582447b7fff,8a75582447a7fff,8a7558244787fff",4
-57680105,-41231515#0,0.1999999999999999,0.1999999999999999,0.4,0.4,0.4,0.4,0.55,0.55,0.4,0.4,0.6,0.4,0.7,0.4,0.4,0.6,0.3,0.3,0.6,0.7,0.1999999999999999,0.3,0.4,"8a7558246677fff,8a755824662ffff,8a75582467affff,8a7558246787fff,8a75582467b7fff,8a7558246797fff,8a755824679ffff,8a7558255b6ffff,8a7558255b4ffff,8a7558255b5ffff,8a7558255b47fff,8a7558255b77fff,8a7558255b2ffff,8a7558255b07fff,8a755824648ffff,8a75582464f7fff,8a75582464affff,8a7558255967fff,8a75582732f7fff,8a755827338ffff,8a75582733affff,8a7558273337fff,8a7558273327fff,8a7558246d37fff,8a7558246d27fff,8a75582712e7fff,8a7558271257fff,8a7558244c87fff,8a7558244c27fff,8a75582440c7fff,8a7558244767fff,8a7558244627fff,8a755824471ffff,8a7558244717fff,8a7558244707fff,8a755824409ffff,8a755824446ffff,8a7558244467fff,8a7558244477fff,8a75582447b7fff,8a75582447a7fff,8a7558244787fff",4
-57680105,-41231515#0,0.7,0.7,0.1,0.9,0.85,0.1,0.55,0.55,0.7,0.8,0.2,0.2,1.0,0.1999999999999999,0.3,0.1999999999999999,0.0999999999999999,0.8,0.1999999999999999,0.1999999999999999,0.7,0.8,0.0999999999999999,"8a7558246677fff,8a755824662ffff,8a75582467affff,8a7558246787fff,8a75582467b7fff,8a7558246797fff,8a755824679ffff,8a7558255b6ffff,8a7558255b4ffff,8a7558246697fff,8a7558246687fff,8a75582466affff,8a75582466f7fff,8a75582466c7fff,8a75582466effff,8a755824665ffff,8a755824664ffff,8a7558242937fff,8a7558242927fff,8a75582462d7fff,8a75582462c7fff,8a75582462e7fff,8a7558246277fff,8a755824634ffff,8a7558240cb7fff,8a7558240c17fff,8a7558240c37fff,8a7558240c27fff,8a7558240d57fff,8a7558240d77fff,8a7558240d67fff,8a75582446c7fff,8a75582446e7fff,8a755824461ffff,8a755824460ffff,8a7558244627fff,8a755824471ffff,8a7558244637fff,8a75582447affff,8a7558244737fff,8a755824446ffff,8a75582447a7fff,8a7558244787fff",2
-57680105,-41231515#0,0.3,0.3,1.0,0.1999999999999999,0.4,0.6,0.55,0.55,0.2,0.4,0.7,0.8,0.6,0.8,0.8,0.5,0.65,0.1999999999999999,0.5,0.7,0.3,0.1999999999999999,0.7,"8a7558246677fff,8a755824662ffff,8a75582467affff,8a7558246787fff,8a75582467b7fff,8a7558246797fff,8a75582464cffff,8a75582464c7fff,8a75582464f7fff,8a75582464affff,8a7558255967fff,8a75582732f7fff,8a755827338ffff,8a75582733affff,8a7558273337fff,8a7558273a87fff,8a7558273aaffff,8a7558273a0ffff,8a7558246d27fff,8a75582712e7fff,8a7558271257fff,8a7558244c87fff,8a7558244c27fff,8a75582440c7fff,8a7558244767fff,8a7558244627fff,8a755824471ffff,8a755824460ffff,8a755824461ffff,8a75582446c7fff,8a7558240d67fff,8a7558240d77fff,8a7558240d27fff,8a755824469ffff,8a75582446b7fff,8a7558244787fff,8a75582447a7fff",3
-57680105,-41231515#0,0.5,0.5,0.7,0.3,0.4,1.0,0.55,0.55,0.5,0.4,0.9,1.0,0.3,0.3,0.1999999999999999,0.4,0.1999999999999999,0.5,0.4,0.7,0.5,0.4,0.3,"8a7558246677fff,8a755824662ffff,8a75582467affff,8a7558246787fff,8a75582467b7fff,8a7558246797fff,8a755824679ffff,8a75582466b7fff,8a7558246697fff,8a7558255b4ffff,8a7558255b5ffff,8a7558255b47fff,8a7558255b77fff,8a7558255b2ffff,8a7558255b07fff,8a755824648ffff,8a75582464f7fff,8a75582464affff,8a7558255967fff,8a75582732f7fff,8a755827338ffff,8a75582733affff,8a7558273337fff,8a7558273a87fff,8a7558273aaffff,8a7558273a0ffff,8a7558246d27fff,8a75582712e7fff,8a7558271257fff,8a7558244c87fff,8a7558244c27fff,8a75582440c7fff,8a7558244767fff,8a7558244627fff,8a755824471ffff,8a7558244637fff,8a75582447affff,8a755824478ffff,8a75582446a7fff,8a7558244687fff,8a75582446b7fff,8a7558244787fff,8a75582447a7fff",0
-57680105,-41231515#0,0.0,0.0,0.2,0.7,0.4,0.5,0.55,0.55,0.9,0.4,0.4,0.5,0.2,0.6,0.5,0.3,0.65,0.6,0.3,0.4,0.0999999999999999,0.6,0.6,"8a7558246677fff,8a755824662ffff,8a75582467affff,8a7558246787fff,8a75582467b7fff,8a7558246797fff,8a75582464cffff,8a75582464c7fff,8a75582464f7fff,8a755824648ffff,8a7558255b07fff,8a7558255867fff,8a755825595ffff,8a7558255937fff,8a7558273667fff,8a7558273767fff,8a75582730d7fff,8a75582733b7fff,8a755827305ffff,8a7558273337fff,8a7558273a87fff,8a7558273aaffff,8a7558273a0ffff,8a7558246d27fff,8a75582712e7fff,8a7558271257fff,8a7558244c87fff,8a7558244c27fff,8a75582440c7fff,8a7558244767fff,8a7558244627fff,8a755824471ffff,8a7558244637fff,8a7558244617fff,8a755824461ffff,8a755824468ffff,8a75582446d7fff,8a7558240d27fff,8a7558240d77fff,8a7558240d67fff,8a755824469ffff,8a75582446b7fff,8a7558244787fff,8a75582447a7fff",4
-57680105,-41231515#0,0.4,0.4,0.9,0.0999999999999999,0.4,0.8,0.55,0.55,0.2,0.4,0.8,0.9,0.5,0.8,0.9,0.9,0.65,0.0999999999999999,0.9,0.7,0.4,0.0999999999999999,0.8,"8a7558246677fff,8a755824662ffff,8a75582467affff,8a7558246787fff,8a75582467b7fff,8a7558246797fff,8a75582464cffff,8a75582464c7fff,8a75582464f7fff,8a75582464affff,8a7558255967fff,8a75582732f7fff,8a755827338ffff,8a75582733affff,8a7558273337fff,8a7558273a87fff,8a7558273aaffff,8a7558273a0ffff,8a7558246d27fff,8a75582712e7fff,8a7558271257fff,8a7558244c87fff,8a7558244c27fff,8a75582440c7fff,8a7558244767fff,8a7558244627fff,8a755824471ffff,8a7558244707fff,8a755824409ffff,8a755824446ffff,8a7558244467fff,8a7558244477fff,8a75582447b7fff,8a75582447a7fff,8a7558244797fff,8a7558244787fff",3
-57680105,-41231515#0,0.9,0.9,0.6,0.8,0.85,0.2,0.55,0.55,0.8,1.0,0.2,0.3,0.8,0.0999999999999999,0.0999999999999999,0.0,0.0,0.9,0.0,0.0,0.9,0.7,0.1999999999999999,"8a7558246677fff,8a755824662ffff,8a75582467affff,8a7558246787fff,8a75582467b7fff,8a7558246797fff,8a755824679ffff,8a75582466b7fff,8a7558246697fff,8a7558246687fff,8a75582466affff,8a75582466f7fff,8a75582466c7fff,8a75582466effff,8a755824665ffff,8a755824664ffff,8a7558242937fff,8a7558242927fff,8a75582462d7fff,8a75582462c7fff,8a75582462e7fff,8a7558246277fff,8a755824634ffff,8a7558240cb7fff,8a7558240c17fff,8a7558240c37fff,8a7558240c27fff,8a7558240d57fff,8a7558240d77fff,8a7558240d27fff,8a755824469ffff,8a75582446b7fff,8a7558244787fff,8a75582447a7fff",0
-41231514#4,-41231514#1,0.9,0.9,0.9,0.0999999999999999,0.5,0.9,0.55,0.55,0.55,0.5,0.55,0.1,1.0,0.4499999999999999,0.9,0.9,0.4499999999999999,0.9,0.9,0.4499999999999999,0.9,0.9,0.9,"8a7558246a5ffff,8a7558240da7fff,8a7558240daffff,8a7558240d1ffff",3
-41231514#4,-41231514#1,0.0,0.0,1.0,0.0,0.0,1.0,0.55,0.55,0.55,1.0,0.55,1.0,0.1,0.4499999999999999,0.0,0.0,0.4499999999999999,0.7,0.0,0.4499999999999999,0.0,0.0,0.6,"8a7558240da7fff,8a7558246a5ffff,8a7558246a4ffff,8a7558246a67fff,8a7558246a6ffff,8a755824469ffff,8a7558240d27fff,8a7558240d77fff,8a7558240d57fff,8a7558240d47fff,8a7558240c67fff,8a7558240c07fff,8a7558240c37fff,8a7558240c27fff,8a7558240d1ffff,8a7558240daffff",1
-41231514#4,-41231514#1,0.1999999999999999,0.1999999999999999,0.15,0.85,0.5,0.2,0.55,0.55,0.55,0.5,0.55,0.3,0.8,0.4499999999999999,0.7,0.7,0.4499999999999999,0.1999999999999999,0.7,0.4499999999999999,0.1999999999999999,0.7,0.7,"8a7558240da7fff,8a7558246a5ffff,8a7558246a4ffff,8a7558240d17fff,8a7558240d07fff,8a7558240d37fff,8a755824469ffff,8a7558240d27fff,8a7558240d77fff,8a7558240d57fff,8a7558240c27fff,8a7558240d1ffff,8a7558240daffff",4
-41231514#4,-41231514#1,0.3,0.3,0.35,0.65,0.5,0.3,0.55,0.55,0.55,0.5,0.55,0.4,0.7,0.4499999999999999,0.6,0.6,0.4499999999999999,0.0,0.6,0.4499999999999999,0.3,0.1999999999999999,0.4,"8a7558240da7fff,8a7558246a5ffff,8a7558246a4ffff,8a7558246a67fff,8a755824469ffff,8a7558240d27fff,8a7558240d77fff,8a7558240d57fff,8a7558240c27fff,8a7558240d1ffff,8a7558240daffff",4
-41231514#4,-41231514#1,0.8,0.8,0.75,0.25,0.5,0.8,0.55,0.55,0.55,0.5,0.55,0.9,0.2,0.4499999999999999,0.0999999999999999,0.0999999999999999,0.4499999999999999,0.8,0.0999999999999999,0.4499999999999999,0.8,0.4,0.0,"8a7558240da7fff,8a7558246a5ffff,8a7558246a4ffff,8a7558246a6ffff,8a755824469ffff,8a7558240d27fff,8a7558240d77fff,8a7558240d57fff,8a7558240c27fff,8a7558240d1ffff,8a7558240daffff",0
-41231514#4,-41231514#1,0.5,0.5,0.55,0.4499999999999999,0.5,0.5,0.55,0.55,0.55,0.5,0.55,0.6,0.5,0.4499999999999999,0.4,0.4,0.4499999999999999,0.4,0.4,0.4499999999999999,0.5,0.5,0.5,"8a7558240da7fff,8a7558246a5ffff,8a7558246a4ffff,8a7558246a67fff,8a7558246a6ffff,8a755824469ffff,8a7558240d27fff,8a7558240d77fff,8a7558240d57fff,8a7558240c27fff,8a7558240d1ffff,8a7558240daffff",2
-41231514#4,-41231514#1,0.7,0.7,0.75,0.25,0.5,0.7,0.55,0.55,0.55,0.5,0.55,0.8,0.3,0.4499999999999999,0.1999999999999999,0.1999999999999999,0.4499999999999999,0.5,0.1999999999999999,0.4499999999999999,0.7,0.6,0.0999999999999999,"8a7558240da7fff,8a7558246a5ffff,8a7558246a4ffff,8a7558246a6ffff,8a755824469ffff,8a7558240d27fff,8a7558240d77fff,8a7558240d57fff,8a7558240c27fff,8a7558240d1ffff,8a7558240daffff",0
-41231514#4,-41231514#1,0.6,0.6,0.55,0.4499999999999999,0.5,0.6,0.55,0.55,0.55,0.5,0.55,0.7,0.4,0.4499999999999999,0.3,0.3,0.4499999999999999,0.6,0.3,0.4499999999999999,0.6,0.3,0.3,"8a7558240da7fff,8a7558246a5ffff,8a7558246a4ffff,8a7558246a67fff,8a7558246a6ffff,8a755824469ffff,8a7558240d27fff,8a7558240d77fff,8a7558240d57fff,8a7558240c27fff,8a7558240d1ffff,8a7558240daffff",0
-41231514#4,-41231514#1,0.4,0.4,0.35,0.65,0.5,0.4,0.55,0.55,0.55,0.5,0.55,0.5,0.6,0.4499999999999999,0.5,0.5,0.4499999999999999,0.0999999999999999,0.5,0.4499999999999999,0.4,0.0999999999999999,0.1999999999999999,"8a7558240da7fff,8a7558246a5ffff,8a7558246a4ffff,8a7558246a67fff,8a755824469ffff,8a7558240d27fff,8a7558240d77fff,8a7558240d57fff,8a7558240c27fff,8a7558240d1ffff,8a7558240daffff",2
-41231514#4,-41231514#1,0.0999999999999999,0.0999999999999999,0.15,0.85,0.5,0.1,0.55,0.55,0.55,0.5,0.55,0.2,0.9,0.4499999999999999,0.8,0.8,0.4499999999999999,0.3,0.8,0.4499999999999999,0.0999999999999999,0.8,0.8,"8a7558240da7fff,8a7558246a5ffff,8a7558246a4ffff,8a7558240d17fff,8a7558240d07fff,8a7558240d37fff,8a755824469ffff,8a7558240d27fff,8a7558240d77fff,8a7558240d57fff,8a7558240c27fff,8a7558240d1ffff,8a7558240daffff",4
57680181#1,-1157449878#0,0.8,0.8,1.0,0.0,0.4499999999999999,0.9,0.55,0.55,0.55,0.9,0.7,1.0,0.2,0.4499999999999999,0.0999999999999999,0.0999999999999999,0.4499999999999999,0.8,0.0999999999999999,0.0999999999999999,0.8,0.1999999999999999,0.9,"8a7558240417fff,8a7558240597fff,8a755824296ffff,8a755824291ffff,8a75582429affff,8a75582429a7fff,8a755824665ffff,8a755824664ffff,8a7558242937fff,8a7558242927fff,8a75582462d7fff,8a75582462c7fff,8a75582462e7fff,8a7558246277fff,8a755824634ffff,8a7558240cb7fff,8a7558240c17fff,8a7558240c37fff,8a7558240c27fff,8a7558240d57fff,8a7558240d77fff,8a7558240d27fff,8a7558244687fff,8a75582446b7fff,8a755824469ffff",0
57680181#1,-1157449878#0,0.4,0.4,0.7,0.4,0.4499999999999999,0.6,0.55,0.55,0.55,0.5,0.3,0.3,0.8,0.4499999999999999,0.6,0.7,0.4499999999999999,0.0,0.7,0.5,0.7,0.3,0.4,"8a7558240417fff,8a7558240597fff,8a75582405b7fff,8a7558240407fff,8a755824040ffff,8a75582404e7fff,8a75582404f7fff,8a75582404affff,8a755824296ffff,8a755824291ffff,8a75582429affff,8a75582429a7fff,8a755824665ffff,8a755824664ffff,8a7558242937fff,8a7558242927fff,8a75582462d7fff,8a75582462c7fff,8a75582462e7fff,8a7558246277fff,8a755824634ffff,8a7558240cb7fff,8a7558240c17fff,8a7558240c37fff,8a7558240c27fff,8a7558240d1ffff,8a7558240daffff,8a7558240da7fff,8a7558246a5ffff,8a7558246a4ffff,8a7558240d37fff,8a755824469ffff,8a75582446b7fff",3
57680181#1,-1157449878#0,0.1999999999999999,0.1999999999999999,0.2,0.9,0.4499999999999999,0.2,0.55,0.55,0.55,0.3,0.2,0.3,0.9,0.4499999999999999,0.8,0.8,0.4499999999999999,0.4,0.8,0.7,0.1999999999999999,0.5,0.3,"8a7558240417fff,8a7558240597fff,8a755824296ffff,8a755824291ffff,8a75582429affff,8a75582429a7fff,8a755824665ffff,8a755824664ffff,8a7558242937fff,8a7558242927fff,8a75582462d7fff,8a75582462c7fff,8a75582462e7fff,8a7558246277fff,8a755824634ffff,8a7558240cb7fff,8a7558240c17fff,8a7558240c37fff,8a7558240c27fff,8a7558240d1ffff,8a7558240daffff,8a7558240da7fff,8a7558246a5ffff,8a7558246a4ffff,8a7558246a67fff,8a755824469ffff,8a7558240d27fff,8a7558244687fff,8a75582446a7fff,8a755824478ffff,8a75582447affff,8a7558244737fff,8a755824446ffff,8a75582447a7fff,8a7558244787fff,8a75582446b7fff",4
57680181#1,-1157449878#0,0.0999999999999999,0.0999999999999999,0.1,0.7,0.4499999999999999,0.1,0.55,0.55,0.55,0.2,0.1,0.6,1.0,0.4499999999999999,0.7,0.4,0.4499999999999999,0.7,0.4,0.8,0.0999999999999999,0.8,0.6,"8a7558240417fff,8a7558240597fff,8a755824296ffff,8a755824291ffff,8a75582429affff,8a75582429a7fff,8a755824665ffff,8a755824664ffff,8a7558242937fff,8a7558242927fff,8a75582462d7fff,8a75582462c7fff,8a75582462e7fff,8a7558246277fff,8a755824634ffff,8a7558240cb7fff,8a7558240c17fff,8a7558240c37fff,8a7558240c27fff,8a7558240d57fff,8a7558240d77fff,8a7558240d67fff,8a75582446c7fff,8a75582446e7fff,8a755824461ffff,8a755824460ffff,8a7558244627fff,8a755824471ffff,8a7558244707fff,8a7558244717fff,8a755824409ffff,8a755824446ffff,8a75582447a7fff,8a7558244787fff,8a75582446b7fff,8a755824469ffff",4
57680181#1,-1157449878#0,0.5,0.6,0.3,0.6,0.4499999999999999,0.4,0.55,0.55,0.55,0.6,0.5,0.8,0.7,0.4499999999999999,0.3,0.1999999999999999,0.4499999999999999,0.9,0.1999999999999999,0.3,0.4,0.9,0.0999999999999999,"8a7558240417fff,8a7558240597fff,8a755824296ffff,8a755824291ffff,8a75582429affff,8a75582429a7fff,8a755824665ffff,8a755824664ffff,8a7558242937fff,8a7558242927fff,8a75582462d7fff,8a75582462c7fff,8a75582462e7fff,8a7558246277fff,8a755824634ffff,8a7558240cb7fff,8a7558240c17fff,8a7558240c37fff,8a7558240c27fff,8a7558240d57fff,8a7558240d77fff,8a7558240d67fff,8a7558240d47fff,8a7558240997fff,8a75582446c7fff,8a755824461ffff,8a7558244617fff,8a7558244637fff,8a75582447affff,8a75582447a7fff,8a7558244787fff,8a75582446b7fff,8a755824469ffff",0
57680181#1,-1157449878#0,0.9,0.9,0.9,0.1999999999999999,0.4499999999999999,1.0,0.55,0.55,0.55,1.0,0.9,0.3,0.1,0.4499999999999999,0.1999999999999999,0.5,0.4499999999999999,0.3,0.5,0.0,0.9,0.7,0.0,"8a7558240417fff,8a7558240597fff,8a755824296ffff,8a755824291ffff,8a75582429affff,8a75582429a7fff,8a755824665ffff,8a755824664ffff,8a7558242937fff,8a7558242927fff,8a75582462d7fff,8a75582462c7fff,8a75582462e7fff,8a7558246277fff,8a755824634ffff,8a7558240cb7fff,8a7558240c17fff,8a7558240c37fff,8a7558240c27fff,8a7558240d1ffff,8a7558240daffff,8a7558240da7fff,8a7558246a5ffff,8a7558246a4ffff,8a7558246a6ffff,8a755824469ffff,8a75582446b7fff",0
57680181#1,-1157449878#0,0.6,0.5,0.5,0.5,0.4499999999999999,0.7,0.55,0.55,0.55,0.7,0.4,0.7,0.5,0.4499999999999999,0.4,0.3,0.4499999999999999,0.5,0.3,0.4,0.3,0.6,0.1999999999999999,"8a7558240417fff,8a7558240597fff,8a755824296ffff,8a755824291ffff,8a75582429affff,8a75582429a7fff,8a755824665ffff,8a755824664ffff,8a7558242937fff,8a7558242927fff,8a75582462d7fff,8a75582462c7fff,8a75582462e7fff,8a7558246277fff,8a755824634ffff,8a7558240cb7fff,8a7558240c17fff,8a7558240c37fff,8a7558240c27fff,8a7558240d57fff,8a7558240d77fff,8a7558240d67fff,8a75582446dffff,8a75582446c7fff,8a755824461ffff,8a755824460ffff,8a7558244627fff,8a755824471ffff,8a7558244637fff,8a75582447affff,8a755824478ffff,8a75582446a7fff,8a7558244687fff,8a75582446b7fff,8a755824469ffff",0
57680181#1,-1157449878#0,0.3,0.3,0.6,0.3,0.4499999999999999,0.5,0.55,0.55,0.55,0.4,1.0,0.9,0.3,0.4499999999999999,0.0,0.0,0.4499999999999999,0.6,0.0,0.6,0.6,0.0,0.7,"8a7558240417fff,8a7558240597fff,8a75582405b7fff,8a7558240437fff,8a7558240407fff,8a755824040ffff,8a75582404e7fff,8a75582404f7fff,8a755824296ffff,8a755824291ffff,8a75582429affff,8a75582429a7fff,8a755824665ffff,8a755824664ffff,8a7558242937fff,8a7558242927fff,8a75582462d7fff,8a75582462c7fff,8a75582462e7fff,8a7558246277fff,8a755824634ffff,8a7558240cb7fff,8a7558240c17fff,8a7558240c37fff,8a7558240c27fff,8a7558240d57fff,8a7558240d77fff,8a7558240d27fff,8a755824469ffff,8a75582446b7fff",1
57680181#1,-1157449878#0,0.7,0.7,0.8,0.0999999999999999,0.4499999999999999,0.8,0.55,0.55,0.55,0.8,0.6,0.3,0.4,0.4499999999999999,0.5,0.6,0.4499999999999999,0.0999999999999999,0.6,0.1999999999999999,0.5,0.4,0.5,"8a7558240417fff,8a7558240597fff,8a755824296ffff,8a755824291ffff,8a75582429affff,8a75582429a7fff,8a755824665ffff,8a755824664ffff,8a7558242937fff,8a7558242927fff,8a75582462d7fff,8a75582462c7fff,8a75582462e7fff,8a7558246277fff,8a755824634ffff,8a7558240cb7fff,8a7558240c17fff,8a7558240c37fff,8a7558240c27fff,8a7558240d1ffff,8a7558240daffff,8a7558240da7fff,8a7558246a5ffff,8a7558246a4ffff,8a7558240d07fff,8a7558240d37fff,8a755824469ffff,8a7558240d27fff,8a7558244687fff,8a75582446b7fff",3
57680181#1,-1157449878#0,0.0,0.0,0.4,0.8,0.4499999999999999,0.3,0.55,0.55,0.55,0.1,0.8,0.3,0.6,0.4499999999999999,0.9,0.9,0.4499999999999999,0.1999999999999999,0.9,0.9,0.0,0.0999999999999999,0.8,"8a7558240417fff,8a7558240597fff,8a75582405b7fff,8a7558240407fff,8a755824040ffff,8a75582404e7fff,8a75582404f7fff,8a755824296ffff,8a755824291ffff,8a75582429affff,8a75582429a7fff,8a755824665ffff,8a755824664ffff,8a7558242937fff,8a7558242927fff,8a75582462d7fff,8a75582462c7fff,8a75582462e7fff,8a7558246277fff,8a755824634ffff,8a7558240cb7fff,8a7558240c17fff,8a7558240c37fff,8a7558240c27fff,8a7558240d1ffff,8a7558240daffff,8a7558240da7fff,8a7558246a5ffff,8a7558246a4ffff,8a7558240d17fff,8a7558240d07fff,8a7558240d37fff,8a755824469ffff,8a7558240d27fff,8a7558244687fff,8a75582446b7fff",4
-1116499322,-561133140#1,0.7142857142857143,0.8571428571428572,0.8571428571428571,0.0,0.4285714285714286,0.5714285714285714,0.5714285714285714,0.5714285714285714,0.2857142857142857,0.5714285714285714,1.0,0.5714285714285714,0.8571428571428571,0.1428571428571429,0.1428571428571429,0.1428571428571429,0.6428571428571428,0.7142857142857143,0.1428571428571429,0.7857142857142857,0.8571428571428572,0.0,0.5714285714285714,"8a7558255b2ffff,8a7558255b07fff,8a755824648ffff,8a75582464f7fff,8a75582464affff,8a7558255967fff,8a75582732f7fff,8a755827338ffff,8a75582733affff,8a7558273337fff,8a7558273327fff,8a7558246d37fff,8a7558246d27fff,8a75582712e7fff,8a7558271257fff,8a7558244c87fff,8a7558244c27fff,8a75582440c7fff,8a7558244767fff,8a7558244627fff,8a755824471ffff",0
-1116499322,-561133140#1,0.5714285714285714,0.4285714285714286,0.7142857142857143,0.4285714285714286,0.4285714285714286,1.0,0.5714285714285714,0.5714285714285714,0.7142857142857143,0.5714285714285714,0.5714285714285714,0.8571428571428571,0.1428571428571428,0.5714285714285714,0.8571428571428572,0.5714285714285714,0.6428571428571428,0.4285714285714286,0.5714285714285714,0.2857142857142857,0.4285714285714286,0.4285714285714286,0.7142857142857143,"8a7558255b2ffff,8a7558255b07fff,8a7558255867fff,8a755825595ffff,8a7558255937fff,8a7558273667fff,8a7558273767fff,8a75582730d7fff,8a75582733b7fff,8a755827305ffff,8a7558273337fff,8a7558273a87fff,8a7558273aaffff,8a7558273a0ffff,8a7558246d27fff,8a75582712e7fff,8a7558271257fff,8a7558244c87fff,8a7558244c27fff,8a75582440c7fff,8a7558244767fff,8a7558244627fff,8a755824471ffff",3
-1116499322,-561133140#1,0.2857142857142857,0.1428571428571429,0.4285714285714285,0.7142857142857143,0.4285714285714286,0.4285714285714285,0.5714285714285714,0.5714285714285714,0.4285714285714285,0.5714285714285714,0.2857142857142857,0.7142857142857143,0.7142857142857143,0.8571428571428572,0.5714285714285714,0.8571428571428572,0.1428571428571429,0.1428571428571429,0.8571428571428572,0.5714285714285714,0.1428571428571429,0.7142857142857143,0.0,"8a7558255b07fff,8a7558255b2ffff,8a7558255b77fff,8a7558255b47fff,8a7558255b5ffff,8a7558255b4ffff,8a7558246697fff,8a75582466b7fff,8a755824679ffff,8a7558246797fff,8a75582464cffff,8a75582464c7fff,8a75582464f7fff,8a75582464affff,8a7558255967fff,8a75582732f7fff,8a755827338ffff,8a75582733affff,8a7558273337fff,8a7558273a87fff,8a7558273aaffff,8a7558273a0ffff,8a7558246d27fff,8a75582712e7fff,8a7558271257fff,8a7558244c87fff,8a7558244c27fff,8a75582440c7fff,8a7558244767fff,8a7558244627fff,8a755824471ffff",4
-1116499322,-561133140#1,0.0,0.0,0.1428571428571428,0.8571428571428572,0.4285714285714286,0.2857142857142857,0.5714285714285714,0.5714285714285714,1.0,0.5714285714285714,0.1428571428571428,0.1428571428571428,0.4285714285714285,0.0,0.0,0.0,0.2857142857142857,0.5714285714285714,0.0,0.0,0.0,0.8571428571428572,0.2857142857142857,"8a7558255b07fff,8a7558255b2ffff,8a7558255b77fff,8a7558255b47fff,8a7558255b5ffff,8a7558255b4ffff,8a7558246697fff,8a75582466b7fff,8a755824679ffff,8a7558246797fff,8a75582464cffff,8a75582464c7fff,8a75582464f7fff,8a755824648ffff,8a7558255867fff,8a755825595ffff,8a7558255937fff,8a7558273667fff,8a7558273767fff,8a75582730d7fff,8a75582733b7fff,8a755827305ffff,8a7558273337fff,8a7558273327fff,8a7558246d37fff,8a7558246d27fff,8a75582712e7fff,8a7558271257fff,8a7558244c87fff,8a7558244c27fff,8a75582440c7fff,8a7558244767fff,8a7558244627fff,8a755824471ffff",1
-1116499322,-561133140#1,0.8571428571428572,0.7142857142857143,1.0,0.1428571428571429,0.4285714285714286,0.8571428571428571,0.5714285714285714,0.5714285714285714,0.1428571428571428,0.5714285714285714,0.8571428571428571,1.0,0.5714285714285714,0.2857142857142857,0.2857142857142857,0.2857142857142857,0.6428571428571428,0.8571428571428572,0.2857142857142857,0.7857142857142857,0.7142857142857143,0.2857142857142857,0.4285714285714286,"8a7558255b2ffff,8a7558255b07fff,8a755824648ffff,8a75582464f7fff,8a75582464affff,8a7558255967fff,8a75582732f7fff,8a755827338ffff,8a75582733affff,8a7558273337fff,8a7558273a87fff,8a7558273aaffff,8a7558273a0ffff,8a7558246d27fff,8a75582712e7fff,8a7558271257fff,8a7558244c87fff,8a7558244c27fff,8a75582440c7fff,8a7558244767fff,8a7558244627fff,8a755824471ffff",0
-1116499322,-561133140#1,0.4285714285714286,0.5714285714285714,0.5714285714285714,0.2857142857142857,0.4285714285714286,0.7142857142857143,0.5714285714285714,0.5714285714285714,0.8571428571428571,0.5714285714285714,0.7142857142857143,0.2857142857142857,0.2857142857142857,0.4285714285714286,0.7142857142857143,0.4285714285714286,0.6428571428571428,0.2857142857142857,0.4285714285714286,0.1428571428571429,0.5714285714285714,0.1428571428571429,0.8571428571428572,"8a7558255b2ffff,8a7558255b07fff,8a7558255867fff,8a755825595ffff,8a7558255937fff,8a7558273667fff,8a7558273767fff,8a75582730d7fff,8a75582733b7fff,8a755827305ffff,8a7558273337fff,8a7558273327fff,8a7558246d37fff,8a7558246d27fff,8a75582712e7fff,8a7558271257fff,8a7558244c87fff,8a7558244c27fff,8a75582440c7fff,8a7558244767fff,8a7558244627fff,8a755824471ffff",3
-1116499322,-561133140#1,0.1428571428571429,0.2857142857142857,0.2857142857142857,0.5714285714285714,0.4285714285714286,0.1428571428571428,0.5714285714285714,0.5714285714285714,0.5714285714285714,0.5714285714285714,0.4285714285714285,0.4285714285714285,1.0,0.7142857142857143,0.4285714285714286,0.7142857142857143,0.0,0.0,0.7142857142857143,0.4285714285714286,0.2857142857142857,0.5714285714285714,0.1428571428571429,"8a7558255b07fff,8a7558255b2ffff,8a7558255b77fff,8a7558255b47fff,8a7558255b5ffff,8a7558255b4ffff,8a7558246697fff,8a75582466b7fff,8a755824679ffff,8a7558246797fff,8a75582464cffff,8a75582464c7fff,8a75582464f7fff,8a75582464affff,8a7558255967fff,8a75582732f7fff,8a755827338ffff,8a75582733affff,8a7558273337fff,8a7558273327fff,8a7558246d37fff,8a7558246d27fff,8a75582712e7fff,8a7558271257fff,8a7558244c87fff,8a7558244c27fff,8a75582440c7fff,8a7558244767fff,8a7558244627fff,8a755824471ffff",4
-174375415#1,-79116549#5,0.9,0.9,1.0,0.0,0.4499999999999999,1.0,0.55,0.55,0.55,1.0,0.9,0.7,0.1,0.4499999999999999,0.0,0.0,0.4499999999999999,0.9,0.0,0.0,0.9,0.6,0.0999999999999999,"8a755824625ffff,8a75582405b7fff,8a7558240597fff,8a755824296ffff,8a755824291ffff,8a75582429affff,8a75582429a7fff,8a755824665ffff,8a755824664ffff,8a7558242937fff,8a7558242927fff,8a75582462d7fff,8a75582462c7fff,8a75582462e7fff,8a7558246277fff,8a755824634ffff,8a7558240cb7fff,8a7558240c17fff,8a7558240c37fff,8a7558240c27fff,8a7558240d57fff,8a7558240d77fff,8a7558240d67fff,8a7558240d47fff,8a7558240997fff,8a75582446cffff,8a755824460ffff,8a7558244627fff",0
-174375415#1,-79116549#5,0.0,0.0,0.1,0.8,0.4499999999999999,0.2,0.55,0.55,0.55,0.1,0.1,0.15,1.0,0.4499999999999999,0.9,0.9,0.4499999999999999,0.4,0.9,0.9,0.0,0.5,0.3,"8a755824625ffff,8a75582405b7fff,8a7558240437fff,8a7558240407fff,8a755824040ffff,8a7558240417fff,8a7558240597fff,8a755824296ffff,8a755824291ffff,8a75582429affff,8a75582429a7fff,8a755824665ffff,8a755824664ffff,8a7558242937fff,8a7558242927fff,8a75582462d7fff,8a75582462c7fff,8a75582462e7fff,8a7558246277fff,8a755824634ffff,8a7558240cb7fff,8a7558240c17fff,8a7558240c37fff,8a7558240c27fff,8a7558240d1ffff,8a7558240daffff,8a7558240da7fff,8a7558246a5ffff,8a7558246a4ffff,8a7558246a6ffff,8a755824469ffff,8a7558240d27fff,8a7558244687fff,8a75582446b7fff,8a7558244787fff,8a7558244797fff,8a75582447a7fff,8a7558244467fff,8a755824446ffff,8a75582447affff,8a7558244637fff,8a755824471ffff,8a7558244627fff,8a755824460ffff",4
-174375415#1,-79116549#5,0.6,0.6,0.6,0.4,0.4499999999999999,0.4,0.55,0.55,0.55,0.7,0.6,1.0,0.5,0.4499999999999999,0.3,0.3,0.4499999999999999,0.6,0.3,0.3,0.4,0.7,0.5,"8a755824625ffff,8a755824624ffff,8a7558240517fff,8a755824051ffff,8a7558240437fff,8a7558240407fff,8a755824040ffff,8a75582404e7fff,8a7558240417fff,8a7558240597fff,8a755824296ffff,8a755824291ffff,8a75582429affff,8a75582429a7fff,8a755824665ffff,8a755824664ffff,8a7558242937fff,8a7558242927fff,8a75582462d7fff,8a75582462c7fff,8a75582462e7fff,8a7558246277fff,8a755824634ffff,8a7558240cb7fff,8a7558240c17fff,8a7558240c37fff,8a7558240c27fff,8a7558240d57fff,8a7558240d77fff,8a7558240d27fff,8a7558244687fff,8a75582446a7fff,8a755824478ffff,8a75582447affff,8a7558244637fff,8a755824471ffff,8a7558244627fff,8a755824460ffff",0
-174375415#1,-79116549#5,0.1999999999999999,0.3,0.5,0.5,0.4499999999999999,0.3,0.55,0.55,0.55,0.3,0.4,0.8,0.7,0.4499999999999999,0.6,0.6,0.4499999999999999,0.0,0.6,0.6,0.5,0.3,0.6,"8a755824625ffff,8a75582405b7fff,8a7558240407fff,8a755824040ffff,8a75582404e7fff,8a75582404f7fff,8a75582404affff,8a755824296ffff,8a755824291ffff,8a75582429affff,8a75582429a7fff,8a755824665ffff,8a755824664ffff,8a7558242937fff,8a7558242927fff,8a75582462d7fff,8a75582462c7fff,8a75582462e7fff,8a7558246277fff,8a755824634ffff,8a7558240cb7fff,8a7558240c17fff,8a7558240c37fff,8a7558240c27fff,8a7558240d1ffff,8a7558240daffff,8a7558240da7fff,8a7558246a5ffff,8a7558246a4ffff,8a7558240d37fff,8a755824469ffff,8a7558240d27fff,8a7558240d77fff,8a7558240d57fff,8a7558240d67fff,8a75582446c7fff,8a755824461ffff,8a755824460ffff,8a7558244627fff",4
-174375415#1,-79116549#5,0.5,0.5,0.9,0.0999999999999999,0.4499999999999999,0.5,0.55,0.55,0.55,0.6,1.0,0.3,0.2,0.4499999999999999,0.4,0.4,0.4499999999999999,0.5,0.4,0.4,0.6,0.0,0.9,"8a755824625ffff,8a755824624ffff,8a7558240517fff,8a755824051ffff,8a75582405b7fff,8a7558240407fff,8a755824040ffff,8a75582404e7fff,8a75582404f7fff,8a755824296ffff,8a755824291ffff,8a75582429affff,8a75582429a7fff,8a755824665ffff,8a755824664ffff,8a7558242937fff,8a7558242927fff,8a75582462d7fff,8a75582462c7fff,8a75582462e7fff,8a7558246277fff,8a755824634ffff,8a7558240cb7fff,8a7558240c17fff,8a7558240c37fff,8a7558240c27fff,8a7558240d57fff,8a7558240d77fff,8a7558240d67fff,8a75582446c7fff,8a755824461ffff,8a755824460ffff,8a7558244627fff",3
-174375415#1,-79116549#5,0.3,0.1999999999999999,0.2,0.9,0.4499999999999999,0.8,0.55,0.55,0.55,0.4,0.3,0.15,0.8,0.4499999999999999,0.8,0.8,0.4499999999999999,0.3,0.8,0.7,0.0999999999999999,0.9,0.0,"8a755824625ffff,8a75582405b7fff,8a7558240597fff,8a755824296ffff,8a755824291ffff,8a75582429affff,8a75582429a7fff,8a755824665ffff,8a755824664ffff,8a7558242937fff,8a7558242927fff,8a75582462d7fff,8a75582462c7fff,8a75582462e7fff,8a7558246277fff,8a755824634ffff,8a7558240cb7fff,8a7558240c17fff,8a7558240c37fff,8a7558240c27fff,8a7558240d1ffff,8a7558240daffff,8a7558240da7fff,8a7558246a5ffff,8a7558246a4ffff,8a7558246a67fff,8a755824469ffff,8a7558240d27fff,8a7558244687fff,8a75582446b7fff,8a7558244787fff,8a75582447a7fff,8a75582447affff,8a7558244737fff,8a755824409ffff,8a7558244707fff,8a7558244717fff,8a755824471ffff,8a7558244627fff,8a755824460ffff",4
-174375415#1,-79116549#5,0.4,0.4,0.35,0.65,0.4499999999999999,0.6,0.55,0.55,0.55,0.5,0.5,0.9,0.6,0.4499999999999999,0.5,0.5,0.4499999999999999,0.8,0.5,0.5,0.3,0.0999999999999999,0.1999999999999999,"8a755824625ffff,8a75582405b7fff,8a7558240437fff,8a7558240407fff,8a7558240597fff,8a755824296ffff,8a755824291ffff,8a75582429affff,8a75582429a7fff,8a755824665ffff,8a755824664ffff,8a7558242937fff,8a7558242927fff,8a75582462d7fff,8a75582462c7fff,8a75582462e7fff,8a7558246277fff,8a755824634ffff,8a7558240cb7fff,8a7558240c17fff,8a7558240c37fff,8a7558240c27fff,8a7558240d57fff,8a7558240d77fff,8a7558240d27fff,8a7558244687fff,8a75582446b7fff,8a7558244787fff,8a75582447a7fff,8a75582447affff,8a7558244637fff,8a755824471ffff,8a7558244627fff,8a755824460ffff",2
-174375415#1,-79116549#5,0.8,0.8,0.7,0.3,0.4499999999999999,0.9,0.55,0.55,0.55,0.9,0.8,0.5,0.3,0.4499999999999999,0.0999999999999999,0.0999999999999999,0.4499999999999999,0.7,0.0999999999999999,0.0999999999999999,0.8,0.8,0.4,"8a755824625ffff,8a755824624ffff,8a7558240517fff,8a755824051ffff,8a7558240437fff,8a7558240407fff,8a755824040ffff,8a7558240417fff,8a7558240597fff,8a755824296ffff,8a755824291ffff,8a75582429affff,8a75582429a7fff,8a755824665ffff,8a755824664ffff,8a7558242937fff,8a7558242927fff,8a75582462d7fff,8a75582462c7fff,8a75582462e7fff,8a7558246277fff,8a755824634ffff,8a7558240cb7fff,8a7558240c17fff,8a7558240c37fff,8a7558240c27fff,8a7558240d57fff,8a7558240d77fff,8a7558240d67fff,8a75582446dffff,8a75582446c7fff,8a755824461ffff,8a755824460ffff,8a7558244627fff",0
-174375415#1,-79116549#5,0.0999999999999999,0.0999999999999999,0.35,0.65,0.4499999999999999,0.1,0.55,0.55,0.55,0.2,0.2,0.6,0.9,0.4499999999999999,0.7,0.7,0.4499999999999999,0.0999999999999999,0.7,0.8,0.1999999999999999,0.4,0.7,"8a755824625ffff,8a755824624ffff,8a7558240517fff,8a755824051ffff,8a75582405b7fff,8a7558240437fff,8a7558240407fff,8a755824040ffff,8a75582404e7fff,8a7558240417fff,8a7558240597fff,8a755824296ffff,8a755824291ffff,8a75582429affff,8a75582429a7fff,8a755824665ffff,8a755824664ffff,8a7558242937fff,8a7558242927fff,8a75582462d7fff,8a75582462c7fff,8a75582462e7fff,8a7558246277fff,8a755824634ffff,8a7558240cb7fff,8a7558240c17fff,8a7558240c37fff,8a7558240c27fff,8a7558240d1ffff,8a7558240daffff,8a7558240da7fff,8a7558246a5ffff,8a7558246a4ffff,8a7558246a6ffff,8a755824469ffff,8a7558240d27fff,8a7558240d77fff,8a7558240d57fff,8a7558240d67fff,8a7558240d47fff,8a7558240997fff,8a75582446cffff,8a755824460ffff,8a7558244627fff",4
-174375415#1,-79116549#5,0.7,0.7,0.8,0.1999999999999999,0.4499999999999999,0.7,0.55,0.55,0.55,0.8,0.7,0.4,0.4,0.4499999999999999,0.1999999999999999,0.1999999999999999,0.4499999999999999,0.1999999999999999,0.1999999999999999,0.1999999999999999,0.7,0.1999999999999999,0.8,"8a755824625ffff,8a75582405b7fff,8a7558240437fff,8a7558240407fff,8a755824040ffff,8a75582404e7fff,8a7558240417fff,8a7558240597fff,8a755824296ffff,8a755824291ffff,8a75582429affff,8a75582429a7fff,8a755824665ffff,8a755824664ffff,8a7558242937fff,8a7558242927fff,8a75582462d7fff,8a75582462c7fff,8a75582462e7fff,8a7558246277fff,8a755824634ffff,8a7558240cb7fff,8a7558240c17fff,8a7558240c37fff,8a7558240c27fff,8a7558240d57fff,8a7558240d77fff,8a7558240d67fff,8a75582446c7fff,8a75582446e7fff,8a755824461ffff,8a755824460ffff,8a7558244627fff",0
-22561651#1,-174375407#2,0.0,0.0,1.0,0.0,0.0,1.0,1.0,1.0,1.0,1.0,1.0,1.0,1.0,0.0,0.0,0.0,0.0,0.0,0.0,0.0,0.0,0.0,0.0,"8a7558242a2ffff,8a755824282ffff,8a7558242817fff,8a7558242987fff,8a75582429a7fff,8a755824665ffff,8a75582429affff,8a755824291ffff",1
-1076634450,-174375407#2,0.9,0.7,1.0,0.0,0.5,0.9,0.55,0.55,0.25,1.0,0.7,0.9,0.2,0.75,0.5,0.7,0.5,0.9,0.3,0.3,0.7,0.4,0.5,"8a75582440f7fff,8a755824408ffff,8a75582440affff,8a7558244087fff,8a755824409ffff,8a7558244707fff,8a7558244717fff,8a755824471ffff,8a7558244627fff,8a755824460ffff,8a755824461ffff,8a75582446c7fff,8a7558240d67fff,8a7558240d77fff,8a7558240d57fff,8a7558240d47fff,8a7558240c67fff,8a7558240c07fff,8a7558240c37fff,8a7558240c17fff,8a7558240cb7fff,8a755824634ffff,8a7558246277fff,8a75582462e7fff,8a75582462c7fff,8a75582462d7fff,8a7558242927fff,8a7558242937fff,8a755824664ffff,8a755824665ffff,8a75582429a7fff,8a75582429affff,8a755824291ffff",3
-1076634450,-174375407#2,0.0,0.0,0.1,0.4,0.0,1.0,0.55,0.55,1.0,0.1,1.0,1.0,0.1,0.3,0.0999999999999999,0.4,0.0,0.1999999999999999,0.5,0.0,0.0,0.0,0.9,"8a75582440f7fff,8a755824408ffff,8a75582440affff,8a7558244087fff,8a755824409ffff,8a7558244707fff,8a7558244717fff,8a755824471ffff,8a7558244627fff,8a7558244767fff,8a75582440c7fff,8a7558244c27fff,8a7558244c87fff,8a7558271257fff,8a75582712e7fff,8a7558246d27fff,8a7558246d37fff,8a7558273327fff,8a7558273337fff,8a755827305ffff,8a75582733b7fff,8a75582730d7fff,8a7558273767fff,8a7558273667fff,8a7558255937fff,8a755825595ffff,8a7558255867fff,8a7558255b07fff,8a755824648ffff,8a75582464f7fff,8a75582464c7fff,8a75582464cffff,8a7558246797fff,8a755824679ffff,8a75582466b7fff,8a7558246697fff,8a7558246687fff,8a75582466affff,8a75582466f7fff,8a75582466c7fff,8a75582466effff,8a755824665ffff,8a75582429a7fff,8a75582429affff,8a755824291ffff",1
-1076634450,-174375407#2,0.0999999999999999,0.0999999999999999,0.5,0.8,0.5,0.1,0.55,0.55,0.5,0.2,0.1,0.3,1.0,0.5,0.7,0.3,0.5,0.0999999999999999,0.4,0.9,0.0999999999999999,0.1999999999999999,0.7,"8a75582440f7fff,8a755824408ffff,8a75582440affff,8a7558244017fff,8a75582441affff,8a755824418ffff,8a75582440a7fff,8a7558244087fff,8a755824409ffff,8a7558244737fff,8a755824446ffff,8a7558244097fff,8a7558244467fff,8a7558244477fff,8a75582447b7fff,8a75582447a7fff,8a7558244797fff,8a7558244787fff,8a75582446b7fff,8a755824469ffff,8a7558240d27fff,8a7558240d77fff,8a7558240d57fff,8a7558240c27fff,8a7558240c37fff,8a7558240c17fff,8a7558240cb7fff,8a755824634ffff,8a7558246277fff,8a75582462e7fff,8a75582462c7fff,8a75582462d7fff,8a7558242927fff,8a7558242937fff,8a755824664ffff,8a755824665ffff,8a75582429a7fff,8a75582429affff,8a755824291ffff",4
-1076634450,-174375407#2,0.8,0.9,0.7,0.3,0.5,0.6,0.55,0.55,0.25,0.5,0.9,0.15,0.7,0.75,0.0,0.5,0.5,0.3,0.9,0.0999999999999999,0.9,0.7,0.3,"8a75582440f7fff,8a755824408ffff,8a75582440affff,8a7558244087fff,8a755824409ffff,8a7558244737fff,8a755824446ffff,8a75582447a7fff,8a7558244787fff,8a75582446b7fff,8a755824469ffff,8a7558246a6ffff,8a7558246a4ffff,8a7558246a5ffff,8a7558240da7fff,8a7558240daffff,8a7558240d1ffff,8a7558240c27fff,8a7558240c37fff,8a7558240c17fff,8a7558240cb7fff,8a755824634ffff,8a7558246277fff,8a75582462e7fff,8a75582462c7fff,8a75582462d7fff,8a7558242927fff,8a7558242937fff,8a755824664ffff,8a7558246647fff,8a755824665ffff,8a75582429a7fff,8a75582429affff,8a755824291ffff",2
-1076634450,-174375407#2,0.6,0.6,0.4,0.7,0.5,0.5,0.55,0.55,0.9,0.7,0.6,0.7,0.6,0.0,0.1999999999999999,0.0,0.5,0.8,0.0,0.4,0.6,0.8,0.0,"8a75582440f7fff,8a755824408ffff,8a75582440affff,8a7558244087fff,8a755824409ffff,8a7558244737fff,8a755824446ffff,8a75582447a7fff,8a75582447affff,8a7558244637fff,8a7558244617fff,8a755824461ffff,8a755824468ffff,8a75582446dffff,8a75582446c7fff,8a7558240d67fff,8a7558240d77fff,8a7558240d57fff,8a7558240c27fff,8a7558240c37fff,8a7558240c17fff,8a7558240cb7fff,8a755824634ffff,8a7558246277fff,8a75582462e7fff,8a75582462c7fff,8a75582462d7fff,8a7558242927fff,8a7558242937fff,8a755824664ffff,8a755824665ffff,8a75582429a7fff,8a75582429affff,8a755824291ffff",0
-1076634450,-174375407#2,0.5,0.3,0.9,0.0999999999999999,0.5,0.8,0.55,0.55,0.25,0.8,0.5,0.6,0.3,0.75,0.9,0.9,0.5,0.4,0.6,0.7,0.3,0.0999999999999999,0.8,"8a75582440f7fff,8a755824408ffff,8a75582440affff,8a7558244017fff,8a75582441affff,8a755824418ffff,8a75582440a7fff,8a7558244087fff,8a755824409ffff,8a755824446ffff,8a75582447a7fff,8a7558244787fff,8a75582446b7fff,8a755824469ffff,8a7558240d27fff,8a7558240d77fff,8a7558240d57fff,8a7558240d47fff,8a7558240c67fff,8a7558240c07fff,8a7558240c37fff,8a7558240c17fff,8a7558240cb7fff,8a755824634ffff,8a7558246277fff,8a75582462e7fff,8a75582462c7fff,8a75582462d7fff,8a7558242927fff,8a7558242937fff,8a755824664ffff,8a755824665ffff,8a75582429a7fff,8a75582429affff,8a755824291ffff",3
-1076634450,-174375407#2,0.1999999999999999,0.4,0.2,0.9,0.5,0.3,0.55,0.55,0.7,0.3,0.3,0.4,0.9,0.1999999999999999,0.4,0.0999999999999999,0.5,0.0,0.1999999999999999,0.6,0.4,0.9,0.0999999999999999,"8a75582440f7fff,8a755824408ffff,8a75582440affff,8a7558244087fff,8a755824409ffff,8a7558244707fff,8a7558244717fff,8a755824471ffff,8a7558244627fff,8a755824460ffff,8a755824461ffff,8a755824468ffff,8a75582446dffff,8a75582446c7fff,8a7558240d67fff,8a7558240d77fff,8a7558240d27fff,8a755824469ffff,8a7558246a6ffff,8a7558246a4ffff,8a7558246a5ffff,8a7558240da7fff,8a7558240daffff,8a7558240d1ffff,8a7558240c27fff,8a7558240c37fff,8a7558240c17fff,8a7558240cb7fff,8a755824634ffff,8a7558246277fff,8a75582462e7fff,8a75582462c7fff,8a75582462d7fff,8a7558242927fff,8a7558242937fff,8a755824664ffff,8a755824665ffff,8a75582429a7fff,8a75582429affff,8a755824291ffff",4
-1076634450,-174375407#2,0.3,0.1999999999999999,0.8,0.1999999999999999,0.5,0.7,0.55,0.55,0.6,0.9,0.2,0.8,0.4,0.4,0.6,0.1999999999999999,0.5,0.5,0.0999999999999999,0.8,0.1999999999999999,0.6,0.1999999999999999,"8a75582440f7fff,8a755824408ffff,8a75582440affff,8a7558244017fff,8a755824418ffff,8a7558244087fff,8a755824409ffff,8a7558244737fff,8a755824446ffff,8a75582447a7fff,8a75582447affff,8a7558244637fff,8a755824471ffff,8a7558244627fff,8a755824460ffff,8a755824461ffff,8a755824468ffff,8a75582446d7fff,8a7558240d77fff,8a7558240d67fff,8a7558240d57fff,8a7558240d47fff,8a7558240c67fff,8a7558240c07fff,8a7558240c37fff,8a7558240c17fff,8a7558240cb7fff,8a755824634ffff,8a7558246277fff,8a75582462e7fff,8a75582462c7fff,8a75582462d7fff,8a7558242927fff,8a7558242937fff,8a755824664ffff,8a755824665ffff,8a75582429a7fff,8a75582429affff,8a755824291ffff",1
-1076634450,-174375407#2,0.7,0.8,0.3,0.5,0.5,0.4,0.55,0.55,0.25,0.6,0.8,0.5,0.5,0.75,0.3,0.6,0.5,0.7,0.7,0.1999999999999999,0.8,0.5,0.4,"8a75582440f7fff,8a755824408ffff,8a75582440affff,8a7558244087fff,8a755824409ffff,8a7558244097fff,8a7558244467fff,8a755824446ffff,8a75582447a7fff,8a7558244787fff,8a75582446b7fff,8a755824469ffff,8a7558240d27fff,8a7558240d77fff,8a7558240d57fff,8a7558240c27fff,8a7558240c37fff,8a7558240c17fff,8a7558240cb7fff,8a755824634ffff,8a7558246277fff,8a75582462e7fff,8a75582462c7fff,8a75582462d7fff,8a7558242927fff,8a7558242937fff,8a755824664ffff,8a755824665ffff,8a75582429a7fff,8a75582429affff,8a755824291ffff",2
-1076634450,-174375407#2,0.4,0.5,0.6,0.6,0.5,0.2,0.55,0.55,0.8,0.4,0.4,0.15,0.8,0.0999999999999999,0.8,0.8,0.5,0.6,0.8,0.5,0.5,0.3,0.6,"8a75582440f7fff,8a755824408ffff,8a75582440affff,8a7558244017fff,8a755824418ffff,8a75582440a7fff,8a7558244087fff,8a755824409ffff,8a755824446ffff,8a7558244467fff,8a7558244477fff,8a75582447b7fff,8a75582447a7fff,8a7558244787fff,8a75582446b7fff,8a755824469ffff,8a7558246a6ffff,8a7558246a4ffff,8a7558246a5ffff,8a7558240da7fff,8a7558240daffff,8a7558240d1ffff,8a7558240c27fff,8a7558240c37fff,8a7558240c17fff,8a7558240cb7fff,8a755824634ffff,8a7558246277fff,8a75582462e7fff,8a75582462c7fff,8a75582462d7fff,8a7558242927fff,8a7558242937fff,8a755824664ffff,8a755824665ffff,8a75582429a7fff,8a75582429affff,8a755824291ffff",4
-57680143#1,41231709#0,0.8888888888888888,0.8888888888888888,0.8888888888888888,0.1111111111111111,0.4444444444444444,0.8888888888888888,0.5555555555555556,0.5555555555555556,0.5555555555555556,0.8888888888888888,0.5555555555555556,0.4444444444444444,0.2222222222222222,0.4444444444444444,0.0,0.4444444444444444,0.4444444444444444,0.1111111111111111,0.4444444444444444,0.0,0.8888888888888888,0.5555555555555556,0.4444444444444444,"8a7558246277fff,8a755824634ffff,8a7558240cb7fff,8a7558240c17fff,8a7558240c37fff,8a7558240c27fff,8a7558240d1ffff,8a7558240daffff,8a7558240da7fff,8a7558246a5ffff,8a7558246a4ffff",0
-57680143#1,41231709#0,0.0,0.0,0.1111111111111111,0.8888888888888888,0.4444444444444444,0.1111111111111111,0.5555555555555556,0.5555555555555556,0.5555555555555556,0.1111111111111111,0.5555555555555556,0.1111111111111111,1.0,0.4444444444444444,0.8888888888888888,0.8888888888888888,0.4444444444444444,0.2222222222222222,0.8888888888888888,0.8888888888888888,0.0,0.4444444444444444,0.8888888888888888,"8a7558246277fff,8a755824634ffff,8a7558240cb7fff,8a7558240c17fff,8a7558240c37fff,8a7558240c27fff,8a7558240d57fff,8a7558240d77fff,8a7558240d67fff,8a75582446c7fff,8a75582446e7fff,8a755824461ffff,8a755824460ffff,8a7558244627fff,8a755824471ffff,8a7558244717fff,8a7558244707fff,8a755824409ffff,8a7558244737fff,8a755824446ffff,8a7558244097fff,8a7558244467fff,8a7558244477fff,8a75582447b7fff,8a75582447a7fff,8a7558244787fff,8a75582446b7fff,8a755824469ffff,8a7558246a6ffff,8a7558246a4ffff,8a7558240d1ffff",4
-57680143#1,41231709#0,0.5555555555555556,0.5555555555555556,0.4444444444444444,0.4444444444444444,0.4444444444444444,0.4444444444444444,0.5555555555555556,0.5555555555555556,0.5555555555555556,0.6666666666666666,0.5555555555555556,0.8888888888888888,0.4444444444444444,0.4444444444444444,0.3333333333333333,0.1111111111111111,0.4444444444444444,0.5555555555555556,0.1111111111111111,0.3333333333333333,0.5555555555555556,0.2222222222222222,0.3333333333333333,"8a7558246277fff,8a755824634ffff,8a7558240cb7fff,8a7558240c17fff,8a7558240c37fff,8a7558240c27fff,8a7558240d57fff,8a7558240d77fff,8a7558240d27fff,8a755824469ffff,8a7558246a6ffff,8a7558246a4ffff,8a7558240d1ffff",0
-57680143#1,41231709#0,0.2222222222222222,0.1111111111111111,0.3333333333333333,0.6666666666666667,0.4444444444444444,0.3333333333333333,0.5555555555555556,0.5555555555555556,0.5555555555555556,0.2222222222222222,0.5555555555555556,0.2222222222222222,0.8888888888888888,0.4444444444444444,0.7777777777777778,0.7777777777777778,0.4444444444444444,0.3333333333333333,0.7777777777777778,0.7777777777777778,0.1111111111111111,0.6666666666666667,0.6666666666666667,"8a7558246277fff,8a755824634ffff,8a7558240cb7fff,8a7558240c17fff,8a7558240c37fff,8a7558240c27fff,8a7558240d57fff,8a7558240d77fff,8a7558240d67fff,8a7558240d47fff,8a7558240997fff,8a75582446c7fff,8a755824461ffff,8a755824460ffff,8a7558244627fff,8a755824471ffff,8a7558244637fff,8a75582447affff,8a755824478ffff,8a75582446a7fff,8a7558244687fff,8a75582446b7fff,8a755824469ffff,8a7558246a6ffff,8a7558246a4ffff,8a7558240d1ffff",4
-57680143#1,41231709#0,0.1111111111111111,0.2222222222222222,0.2222222222222222,0.7777777777777778,0.4444444444444444,0.2222222222222222,0.5555555555555556,0.5555555555555556,0.5555555555555556,0.3333333333333333,0.5555555555555556,0.5555555555555556,0.7777777777777778,0.4444444444444444,0.6666666666666667,0.6666666666666667,0.4444444444444444,0.6666666666666667,0.6666666666666667,0.6666666666666667,0.2222222222222222,0.1111111111111111,0.5555555555555556,"8a7558246277fff,8a755824634ffff,8a7558240cb7fff,8a7558240c17fff,8a7558240c37fff,8a7558240c27fff,8a7558240d57fff,8a7558240d77fff,8a7558240d27fff,8a7558244687fff,8a75582446a7fff,8a755824478ffff,8a75582447affff,8a75582447a7fff,8a7558244797fff,8a7558244787fff,8a75582446b7fff,8a755824469ffff,8a7558246a6ffff,8a7558246a4ffff,8a7558240d1ffff",4
-57680143#1,41231709#0,0.3333333333333333,0.3333333333333333,0.6666666666666666,0.2222222222222222,0.4444444444444444,0.5555555555555556,0.5555555555555556,0.5555555555555556,0.5555555555555556,0.4444444444444444,0.5555555555555556,0.6666666666666666,0.6666666666666666,0.4444444444444444,0.5555555555555556,0.3333333333333333,0.4444444444444444,0.4444444444444444,0.3333333333333333,0.5555555555555556,0.3333333333333333,0.0,0.7777777777777778,"8a7558246277fff,8a755824634ffff,8a7558240cb7fff,8a7558240c17fff,8a7558240c37fff,8a7558240c27fff,8a7558240d57fff,8a7558240d77fff,8a7558240d27fff,8a7558244687fff,8a75582446b7fff,8a755824469ffff,8a7558246a6ffff,8a7558246a4ffff,8a7558240d1ffff",3
-57680143#1,41231709#0,0.7777777777777778,0.7777777777777778,1.0,0.0,0.4444444444444444,1.0,0.5555555555555556,0.5555555555555556,0.5555555555555556,1.0,0.5555555555555556,0.3333333333333333,0.1111111111111111,0.4444444444444444,0.1111111111111111,0.5555555555555556,0.4444444444444444,0.0,0.5555555555555556,0.1111111111111111,0.7777777777777778,0.8888888888888888,0.1111111111111111,"8a7558246277fff,8a755824634ffff,8a7558240cb7fff,8a7558240c17fff,8a7558240c37fff,8a7558240c27fff,8a7558240d1ffff,8a7558240daffff,8a7558240da7fff,8a7558246a5ffff,8a7558246a4ffff",0
-57680143#1,41231709#0,0.6666666666666667,0.6666666666666667,0.7777777777777778,0.3333333333333333,0.4444444444444444,0.7777777777777778,0.5555555555555556,0.5555555555555556,0.5555555555555556,0.7777777777777778,0.5555555555555556,1.0,0.3333333333333333,0.4444444444444444,0.2222222222222222,0.0,0.4444444444444444,0.7777777777777778,0.0,0.2222222222222222,0.6666666666666667,0.7777777777777778,0.0,"8a7558246277fff,8a755824634ffff,8a7558240cb7fff,8a7558240c17fff,8a7558240c37fff,8a7558240c27fff,8a7558240d57fff,8a7558240d77fff,8a7558240d27fff,8a755824469ffff,8a7558246a6ffff,8a7558246a4ffff,8a7558240d1ffff",0
-57680143#1,41231709#0,0.4444444444444444,0.4444444444444444,0.5555555555555556,0.5555555555555556,0.4444444444444444,0.6666666666666666,0.5555555555555556,0.5555555555555556,0.5555555555555556,0.5555555555555556,0.5555555555555556,0.7777777777777778,0.5555555555555556,0.4444444444444444,0.4444444444444444,0.2222222222222222,0.4444444444444444,0.8888888888888888,0.2222222222222222,0.4444444444444444,0.4444444444444444,0.3333333333333333,0.2222222222222222,"8a7558246277fff,8a755824634ffff,8a7558240cb7fff,8a7558240c17fff,8a7558240c37fff,8a7558240c27fff,8a7558240d57fff,8a7558240d77fff,8a7558240d27fff,8a755824469ffff,8a7558246a6ffff,8a7558246a4ffff,8a7558240d1ffff",0
41231709#0,-57680143#1,0.9,0.9,0.7,0.3,0.4499999999999999,0.7,0.55,0.55,0.55,0.7,0.55,0.3,0.4,0.4499999999999999,0.0999999999999999,0.7,0.4499999999999999,0.9,0.8,0.4499999999999999,0.9,0.9,0.7,"8a7558246a4ffff,8a7558240d1ffff,8a7558240d07fff,8a7558240d17fff,8a7558246a5ffff,8a7558240da7fff,8a7558240daffff,8a7558240c27fff,8a7558240c37fff,8a7558240c17fff,8a7558240cb7fff,8a755824634ffff,8a7558246277fff",2
41231709#0,-57680143#1,0.0,0.0,0.6,0.6,0.4499999999999999,0.5,0.55,0.55,0.55,0.1,0.55,0.5,1.0,0.4499999999999999,0.9,0.9,0.4499999999999999,0.1999999999999999,0.7,0.4499999999999999,0.0,0.0999999999999999,0.9,"8a7558246a4ffff,8a7558240d1ffff,8a7558240d07fff,8a7558240d17fff,8a7558240d37fff,8a755824469ffff,8a75582446b7fff,8a7558244787fff,8a75582447a7fff,8a755824446ffff,8a755824409ffff,8a7558244707fff,8a7558244717fff,8a755824471ffff,8a7558244627fff,8a755824460ffff,8a755824461ffff,8a75582446c7fff,8a7558240d67fff,8a7558240d77fff,8a7558240d57fff,8a7558240d47fff,8a7558240c67fff,8a7558240c07fff,8a7558240c37fff,8a7558240c17fff,8a7558240cb7fff,8a755824634ffff,8a7558246277fff",4
41231709#0,-57680143#1,0.0999999999999999,0.0999999999999999,0.8,0.1999999999999999,0.4499999999999999,0.8,0.55,0.55,0.55,0.8,0.55,0.2,0.3,0.4499999999999999,0.8,0.6,0.4499999999999999,0.5,0.4,0.4499999999999999,0.0999999999999999,0.3,0.5,"8a7558246a4ffff,8a7558240d1ffff,8a7558240d07fff,8a7558240d37fff,8a755824469ffff,8a7558246a6ffff,8a7558246a5ffff,8a7558240da7fff,8a7558240daffff,8a7558240c27fff,8a7558240d57fff,8a7558240d47fff,8a7558240c67fff,8a7558240c07fff,8a7558240c37fff,8a7558240c17fff,8a7558240cb7fff,8a755824634ffff,8a7558246277fff",3
41231709#0,-57680143#1,0.8,0.7,0.5,0.4,0.4499999999999999,0.6,0.55,0.55,0.55,0.5,0.55,0.9,0.5,0.4499999999999999,0.0,0.0,0.4499999999999999,0.0999999999999999,0.0999999999999999,0.4499999999999999,0.7,0.4,0.4,"8a7558246a4ffff,8a7558240d1ffff,8a7558240d07fff,8a7558240d37fff,8a755824469ffff,8a7558240d27fff,8a7558240d77fff,8a7558240d57fff,8a7558240c27fff,8a7558240c37fff,8a7558240c17fff,8a7558240cb7fff,8a755824634ffff,8a7558246277fff",0
41231709#0,-57680143#1,0.5,0.3,1.0,0.0,0.4499999999999999,1.0,0.55,0.55,0.55,1.0,0.55,1.0,0.1,0.4499999999999999,0.6,0.4,0.4499999999999999,0.6,0.0,0.4499999999999999,0.3,0.0,0.8,"8a7558246a4ffff,8a7558240d1ffff,8a7558240d07fff,8a7558240d17fff,8a7558240d37fff,8a755824469ffff,8a7558240d27fff,8a7558240d77fff,8a7558240d57fff,8a7558240d47fff,8a7558240c67fff,8a7558240c07fff,8a7558240c37fff,8a7558240c17fff,8a7558240cb7fff,8a755824634ffff,8a7558246277fff",3
41231709#0,-57680143#1,0.4,0.5,0.1,0.9,0.4499999999999999,0.1,0.55,0.55,0.55,0.3,0.55,0.7,0.8,0.4499999999999999,0.4,0.1999999999999999,0.4499999999999999,0.7,0.5,0.4499999999999999,0.5,0.7,0.0,"8a7558246a4ffff,8a7558240d1ffff,8a7558240d07fff,8a7558240d17fff,8a7558246a67fff,8a7558246a6ffff,8a755824469ffff,8a7558240d27fff,8a7558240d77fff,8a7558240d57fff,8a7558240c27fff,8a7558240c37fff,8a7558240c17fff,8a7558240cb7fff,8a755824634ffff,8a7558246277fff",2
41231709#0,-57680143#1,0.7,0.8,0.4,0.5,0.4499999999999999,0.4,0.55,0.55,0.55,0.6,0.55,0.1,0.6,0.4499999999999999,0.3,0.8,0.4499999999999999,0.0,0.9,0.4499999999999999,0.8,0.8,0.3,"8a7558246a4ffff,8a7558240d1ffff,8a7558240d07fff,8a7558240d37fff,8a755824469ffff,8a7558246a6ffff,8a7558246a5ffff,8a7558240da7fff,8a7558240daffff,8a7558240c27fff,8a7558240c37fff,8a7558240c17fff,8a7558240cb7fff,8a755824634ffff,8a7558246277fff",2
41231709#0,-57680143#1,0.6,0.6,0.3,0.7,0.4499999999999999,0.2,0.55,0.55,0.55,0.4,0.55,0.8,0.7,0.4499999999999999,0.1999999999999999,0.0999999999999999,0.4499999999999999,0.3,0.3,0.4499999999999999,0.6,0.5,0.0999999999999999,"8a7558246a4ffff,8a7558240d1ffff,8a7558240d07fff,8a7558240d17fff,8a7558240d37fff,8a755824469ffff,8a7558240d27fff,8a7558240d77fff,8a7558240d57fff,8a7558240c27fff,8a7558240c37fff,8a7558240c17fff,8a7558240cb7fff,8a755824634ffff,8a7558246277fff",2
41231709#0,-57680143#1,0.1999999999999999,0.1999999999999999,0.9,0.0999999999999999,0.4499999999999999,0.9,0.55,0.55,0.55,0.9,0.55,0.4,0.2,0.4499999999999999,0.7,0.5,0.4499999999999999,0.8,0.1999999999999999,0.4499999999999999,0.1999999999999999,0.1999999999999999,0.6,"8a7558246a4ffff,8a7558240d1ffff,8a7558240d07fff,8a7558240d17fff,8a7558246a5ffff,8a7558240da7fff,8a7558240daffff,8a7558240c27fff,8a7558240d57fff,8a7558240d47fff,8a7558240c67fff,8a7558240c07fff,8a7558240c37fff,8a7558240c17fff,8a7558240cb7fff,8a755824634ffff,8a7558246277fff",3
41231709#0,-57680143#1,0.3,0.4,0.2,0.8,0.4499999999999999,0.3,0.55,0.55,0.55,0.2,0.55,0.6,0.9,0.4499999999999999,0.5,0.3,0.4499999999999999,0.4,0.6,0.4499999999999999,0.4,0.6,0.1999999999999999,"8a7558246a4ffff,8a7558240d1ffff,8a7558240d07fff,8a7558240d17fff,8a7558246a67fff,8a755824469ffff,8a7558240d27fff,8a7558240d77fff,8a7558240d57fff,8a7558240c27fff,8a7558240c37fff,8a7558240c17fff,8a7558240cb7fff,8a755824634ffff,8a7558246277fff",4
57680138,-41231515#0,0.9,0.9,1.0,0.0,0.4499999999999999,1.0,0.55,0.55,0.55,1.0,0.55,1.0,0.1,0.4499999999999999,0.0,0.0,0.4499999999999999,0.9,0.0,0.0,0.9,0.0,0.8,"8a755824292ffff,8a7558242927fff,8a75582462d7fff,8a75582462c7fff,8a75582462e7fff,8a7558246277fff,8a755824634ffff,8a7558240cb7fff,8a7558240c17fff,8a7558240c37fff,8a7558240c27fff,8a7558240d57fff,8a7558240d77fff,8a7558240d27fff,8a7558244687fff,8a75582446b7fff,8a7558244787fff,8a75582447a7fff",0
57680138,-41231515#0,0.0,0.0,0.1,0.8,0.4499999999999999,0.1,0.55,0.55,0.55,0.1,0.55,0.2,1.0,0.4499999999999999,0.9,0.9,0.4499999999999999,0.4,0.9,0.9,0.0,0.3,0.5,"8a755824292ffff,8a7558242927fff,8a75582462d7fff,8a75582462c7fff,8a75582462e7fff,8a7558246277fff,8a755824634ffff,8a7558240cb7fff,8a7558240c17fff,8a7558240c37fff,8a7558240c27fff,8a7558240d1ffff,8a7558240daffff,8a7558240da7fff,8a7558246a5ffff,8a7558246a4ffff,8a7558240d37fff,8a755824469ffff,8a7558240d27fff,8a7558244687fff,8a75582446a7fff,8a755824478ffff,8a75582447affff,8a75582447a7fff,8a755824446ffff,8a7558244737fff,8a755824409ffff,8a7558244097fff,8a7558244467fff,8a7558244477fff,8a75582447b7fff,8a7558244787fff",4
57680138,-41231515#0,0.8,0.8,0.9,0.0999999999999999,0.4499999999999999,0.9,0.55,0.55,0.55,0.9,0.55,0.2,0.2,0.4499999999999999,0.1999999999999999,0.7,0.4499999999999999,0.0999999999999999,0.7,0.0999999999999999,0.8,0.6,0.1999999999999999,"8a755824292ffff,8a7558242927fff,8a75582462d7fff,8a75582462c7fff,8a75582462e7fff,8a7558246277fff,8a755824634ffff,8a7558240cb7fff,8a7558240c17fff,8a7558240c37fff,8a7558240c27fff,8a7558240d1ffff,8a7558240daffff,8a7558240da7fff,8a7558246a5ffff,8a7558246a4ffff,8a7558246a67fff,8a755824469ffff,8a75582446b7fff,8a7558244787fff,8a75582447a7fff",0
57680138,-41231515#0,0.0999999999999999,0.0999999999999999,0.5,0.5,0.4499999999999999,0.2,0.55,0.55,0.55,0.3,0.55,0.4,0.8,0.4499999999999999,0.8,0.6,0.4499999999999999,0.0,0.6,0.8,0.0999999999999999,0.1999999999999999,0.7,"8a755824292ffff,8a7558242927fff,8a75582462d7fff,8a75582462c7fff,8a75582462e7fff,8a7558246277fff,8a755824634ffff,8a7558240cb7fff,8a7558240c17fff,8a7558240c37fff,8a7558240c27fff,8a7558240d57fff,8a7558240d77fff,8a7558240d67fff,8a7558240d47fff,8a7558240997fff,8a75582446cffff,8a75582446c7fff,8a75582446e7fff,8a755824461ffff,8a755824460ffff,8a7558244627fff,8a755824471ffff,8a7558244637fff,8a75582447affff,8a7558244737fff,8a755824446ffff,8a7558244467fff,8a7558244477fff,8a75582447b7fff,8a75582447a7fff,8a7558244787fff",4
57680138,-41231515#0,0.1999999999999999,0.1999999999999999,0.3,0.9,0.4499999999999999,0.4,0.55,0.55,0.55,0.2,0.55,0.8,0.9,0.4499999999999999,0.7,0.5,0.4499999999999999,0.1999999999999999,0.5,0.7,0.3,0.9,0.3,"8a755824292ffff,8a7558242927fff,8a75582462d7fff,8a75582462c7fff,8a75582462e7fff,8a7558246277fff,8a755824634ffff,8a7558240cb7fff,8a7558240c17fff,8a7558240c37fff,8a7558240c27fff,8a7558240d1ffff,8a7558240daffff,8a7558240da7fff,8a7558246a5ffff,8a7558246a4ffff,8a7558246a6ffff,8a755824469ffff,8a7558240d27fff,8a7558240d77fff,8a7558240d57fff,8a7558240d67fff,8a7558240d47fff,8a7558240997fff,8a75582446c7fff,8a755824461ffff,8a7558244617fff,8a7558244637fff,8a75582447affff,8a755824478ffff,8a75582446a7fff,8a7558244687fff,8a75582446b7fff,8a7558244787fff,8a75582447a7fff",4
57680138,-41231515#0,0.3,0.3,0.4,0.6,0.4499999999999999,0.3,0.55,0.55,0.55,0.4,0.55,0.5,0.7,0.4499999999999999,0.6,0.4,0.4499999999999999,0.6,0.4,0.6,0.1999999999999999,0.8,0.6,"8a755824292ffff,8a7558242927fff,8a75582462d7fff,8a75582462c7fff,8a75582462e7fff,8a7558246277fff,8a755824634ffff,8a7558240cb7fff,8a7558240c17fff,8a7558240c37fff,8a7558240c27fff,8a7558240d57fff,8a7558240d77fff,8a7558240d67fff,8a75582446c7fff,8a755824461ffff,8a755824460ffff,8a7558244627fff,8a755824471ffff,8a7558244707fff,8a755824408ffff,8a75582440affff,8a7558244087fff,8a755824409ffff,8a755824446ffff,8a75582447a7fff,8a7558244787fff",4
57680138,-41231515#0,0.7,0.7,0.7,0.3,0.4499999999999999,0.7,0.55,0.55,0.55,0.8,0.55,0.7,0.3,0.4499999999999999,0.0999999999999999,0.0999999999999999,0.4499999999999999,0.8,0.0999999999999999,0.1999999999999999,0.6,0.7,0.0999999999999999,"8a755824292ffff,8a7558242927fff,8a75582462d7fff,8a75582462c7fff,8a75582462e7fff,8a7558246277fff,8a755824634ffff,8a7558240cb7fff,8a7558240c17fff,8a7558240c37fff,8a7558240c27fff,8a7558240d57fff,8a7558240d77fff,8a7558240d67fff,8a75582446c7fff,8a755824461ffff,8a7558244617fff,8a7558244637fff,8a75582447affff,8a75582447a7fff,8a7558244787fff",0
57680138,-41231515#0,0.6,0.6,0.8,0.1999999999999999,0.4499999999999999,0.8,0.55,0.55,0.55,0.7,0.55,0.2,0.4,0.4499999999999999,0.5,0.8,0.4499999999999999,0.3,0.8,0.3,0.7,0.0999999999999999,0.9,"8a755824292ffff,8a7558242927fff,8a75582462d7fff,8a75582462c7fff,8a75582462e7fff,8a7558246277fff,8a755824634ffff,8a7558240cb7fff,8a7558240c17fff,8a7558240c37fff,8a7558240c27fff,8a7558240d1ffff,8a7558240daffff,8a7558240da7fff,8a7558246a5ffff,8a7558246a4ffff,8a7558240d07fff,8a7558240d37fff,8a755824469ffff,8a7558240d27fff,8a7558244687fff,8a75582446b7fff,8a7558244787fff,8a75582447a7fff",3
57680138,-41231515#0,0.5,0.5,0.2,0.7,0.4499999999999999,0.5,0.55,0.55,0.55,0.6,0.55,0.9,0.5,0.4499999999999999,0.3,0.1999999999999999,0.4499999999999999,0.7,0.1999999999999999,0.4,0.4,0.4,0.0,"8a755824292ffff,8a7558242927fff,8a75582462d7fff,8a75582462c7fff,8a75582462e7fff,8a7558246277fff,8a755824634ffff,8a7558240cb7fff,8a7558240c17fff,8a7558240c37fff,8a7558240c27fff,8a7558240d57fff,8a7558240d77fff,8a7558240d27fff,8a7558244687fff,8a75582446a7fff,8a755824478ffff,8a75582447affff,8a7558244637fff,8a755824471ffff,8a7558244627fff,8a7558244717fff,8a7558244707fff,8a755824409ffff,8a755824446ffff,8a75582447a7fff,8a7558244787fff",0
57680138,-41231515#0,0.4,0.4,0.6,0.4,0.4499999999999999,0.6,0.55,0.55,0.55,0.5,0.55,0.6,0.6,0.4499999999999999,0.4,0.3,0.4499999999999999,0.5,0.3,0.5,0.5,0.5,0.4,"8a755824292ffff,8a7558242927fff,8a75582462d7fff,8a75582462c7fff,8a75582462e7fff,8a7558246277fff,8a755824634ffff,8a7558240cb7fff,8a7558240c17fff,8a7558240c37fff,8a7558240c27fff,8a7558240d57fff,8a7558240d77fff,8a7558240d67fff,8a7558240d47fff,8a7558240997fff,8a75582446c7fff,8a755824461ffff,8a755824460ffff,8a7558244627fff,8a755824471ffff,8a7558244637fff,8a75582447affff,8a755824478ffff,8a75582446a7fff,8a7558244687fff,8a75582446b7fff,8a7558244787fff,8a75582447a7fff",1
-561133135,-561133140#1,0.8,0.9,0.7,0.0,0.75,0.1,0.55,0.55,0.6,1.0,1.0,0.6,0.6,0.0,0.0,0.0,0.0,0.8,0.4,0.6,0.9,0.0,0.3,"8a755825532ffff,8a7558255ac7fff,8a7558255ae7fff,8a7558255a77fff,8a7558255a67fff,8a7558255b4ffff,8a7558255b5ffff,8a7558255b47fff,8a7558255b77fff,8a7558255b2ffff,8a7558255b07fff,8a755824648ffff,8a75582464f7fff,8a75582464affff,8a7558255967fff,8a75582732f7fff,8a755827338ffff,8a75582733affff,8a7558273337fff,8a7558273327fff,8a7558246d37fff,8a7558246d27fff,8a75582712e7fff,8a7558271257fff,8a7558244c87fff,8a7558244c27fff,8a75582440c7fff,8a7558244767fff,8a7558244627fff,8a755824471ffff",0
-561133135,-561133140#1,0.0999999999999999,0.0,0.6,0.9,0.25,1.0,0.55,0.55,0.7,0.1,0.1,0.5,0.3,0.9,0.9,0.9,0.7,0.3,0.7,0.5,0.0,0.8,0.8,"8a755825532ffff,8a7558255ac7fff,8a7558255ae7fff,8a7558255a77fff,8a7558255aa7fff,8a755825516ffff,8a7558255a37fff,8a7558255b57fff,8a7558255b5ffff,8a7558255a67fff,8a7558255b4ffff,8a7558255b47fff,8a7558255b77fff,8a7558255b2ffff,8a7558255b07fff,8a7558255867fff,8a755825595ffff,8a7558255937fff,8a7558273667fff,8a7558273767fff,8a75582730d7fff,8a75582733b7fff,8a755827305ffff,8a7558273337fff,8a7558273a87fff,8a7558273aaffff,8a7558273a0ffff,8a7558246d27fff,8a75582712e7fff,8a7558271257fff,8a7558244c87fff,8a7558244c27fff,8a75582440c7fff,8a7558244767fff,8a7558244627fff,8a755824471ffff",4
-561133135,-561133140#1,0.7,0.7,0.4,0.3,0.25,0.6,0.55,0.55,0.2,0.6,0.8,0.9,0.7,0.1999999999999999,0.1999999999999999,0.1999999999999999,0.85,0.0,0.0,0.0,0.7,0.9,0.0,"8a755825532ffff,8a7558255ac7fff,8a7558255ae7fff,8a7558255a77fff,8a7558255b5ffff,8a7558255a67fff,8a7558255b4ffff,8a7558246697fff,8a75582466b7fff,8a755824679ffff,8a7558246797fff,8a75582464cffff,8a75582464c7fff,8a75582464f7fff,8a75582464affff,8a7558255967fff,8a75582732f7fff,8a755827338ffff,8a75582733affff,8a7558273337fff,8a7558273a87fff,8a7558273aaffff,8a7558273a0ffff,8a7558246d27fff,8a75582712e7fff,8a7558271257fff,8a7558244c87fff,8a7558244c27fff,8a75582440c7fff,8a7558244767fff,8a7558244627fff,8a755824471ffff",0
-561133135,-561133140#1,0.4,0.1999999999999999,1.0,0.6,0.25,0.9,0.55,0.55,0.3,0.3,0.3,0.7,0.8,0.7,0.7,0.7,0.5,0.7,0.3,0.9,0.1999999999999999,0.6,0.4,"8a755825532ffff,8a7558255ac7fff,8a7558255ae7fff,8a7558255a77fff,8a7558255aa7fff,8a755825516ffff,8a7558255a37fff,8a7558255b57fff,8a7558255b5ffff,8a7558255a67fff,8a7558255b4ffff,8a7558255b47fff,8a7558255b77fff,8a7558255b2ffff,8a7558255b07fff,8a755824648ffff,8a75582464f7fff,8a75582464affff,8a7558255967fff,8a75582732f7fff,8a755827338ffff,8a75582733affff,8a7558273337fff,8a7558273a87fff,8a7558273aaffff,8a7558273a0ffff,8a7558246d27fff,8a75582712e7fff,8a7558271257fff,8a7558244c87fff,8a7558244c27fff,8a75582440c7fff,8a7558244767fff,8a7558244627fff,8a755824471ffff",3
-561133135,-561133140#1,0.5,0.6,0.1,0.4,0.75,0.2,0.55,0.55,1.0,0.8,0.7,0.4,0.2,0.3,0.3,0.3,0.1999999999999999,0.4,0.8,0.0999999999999999,0.6,0.0999999999999999,0.7,"8a755825532ffff,8a7558255ac7fff,8a7558255ae7fff,8a7558255a77fff,8a7558255a67fff,8a7558255b4ffff,8a7558255b5ffff,8a7558255b47fff,8a7558255b77fff,8a7558255b2ffff,8a7558255b07fff,8a7558255867fff,8a755825595ffff,8a7558255937fff,8a7558273667fff,8a7558273767fff,8a75582730d7fff,8a75582733b7fff,8a755827305ffff,8a7558273337fff,8a7558273327fff,8a7558246d37fff,8a7558246d27fff,8a75582712e7fff,8a7558271257fff,8a7558244c87fff,8a7558244c27fff,8a75582440c7fff,8a7558244767fff,8a7558244627fff,8a755824471ffff",2
-561133135,-561133140#1,0.1999999999999999,0.3,0.2,0.5,0.25,0.3,0.55,0.55,0.1,0.4,0.4,0.2,1.0,0.6,0.6,0.6,0.85,0.0999999999999999,0.1999999999999999,0.3,0.3,0.7,0.0999999999999999,"8a755825532ffff,8a7558255ac7fff,8a7558255ae7fff,8a7558255a77fff,8a7558255aa7fff,8a755825516ffff,8a7558255a37fff,8a7558255b57fff,8a7558255b5ffff,8a7558255a67fff,8a7558255b4ffff,8a7558246697fff,8a75582466b7fff,8a755824679ffff,8a7558246797fff,8a75582464cffff,8a75582464c7fff,8a75582464f7fff,8a75582464affff,8a7558255967fff,8a75582732f7fff,8a755827338ffff,8a75582733affff,8a7558273337fff,8a7558273327fff,8a7558246d37fff,8a7558246d27fff,8a75582712e7fff,8a7558271257fff,8a7558244c87fff,8a7558244c27fff,8a75582440c7fff,8a7558244767fff,8a7558244627fff,8a755824471ffff",4
-561133135,-561133140#1,0.9,0.8,0.9,0.0999999999999999,0.75,0.7,0.55,0.55,0.5,0.9,0.9,1.0,0.4,0.0999999999999999,0.0999999999999999,0.0999999999999999,0.0999999999999999,0.9,0.5,0.7,0.8,0.1999999999999999,0.1999999999999999,"8a755825532ffff,8a7558255ac7fff,8a7558255ae7fff,8a7558255a77fff,8a7558255a67fff,8a7558255b4ffff,8a7558255b5ffff,8a7558255b47fff,8a7558255b77fff,8a7558255b2ffff,8a7558255b07fff,8a755824648ffff,8a75582464f7fff,8a75582464affff,8a7558255967fff,8a75582732f7fff,8a755827338ffff,8a75582733affff,8a7558273337fff,8a7558273a87fff,8a7558273aaffff,8a7558273a0ffff,8a7558246d27fff,8a75582712e7fff,8a7558271257fff,8a7558244c87fff,8a7558244c27fff,8a75582440c7fff,8a7558244767fff,8a7558244627fff,8a755824471ffff",0
-561133135,-561133140#1,0.6,0.5,0.5,0.7,0.75,0.8,0.55,0.55,0.9,0.7,0.6,0.8,0.1,0.4,0.4,0.4,0.3,0.6,0.9,0.1999999999999999,0.5,0.3,0.6,"8a755825532ffff,8a7558255ac7fff,8a7558255ae7fff,8a7558255a77fff,8a7558255a67fff,8a7558255b4ffff,8a7558255b5ffff,8a7558255b47fff,8a7558255b77fff,8a7558255b2ffff,8a7558255b07fff,8a7558255867fff,8a755825595ffff,8a7558255937fff,8a7558273667fff,8a7558273767fff,8a75582730d7fff,8a75582733b7fff,8a755827305ffff,8a7558273337fff,8a7558273a87fff,8a7558273aaffff,8a7558273a0ffff,8a7558246d27fff,8a75582712e7fff,8a7558271257fff,8a7558244c87fff,8a7558244c27fff,8a75582440c7fff,8a7558244767fff,8a7558244627fff,8a755824471ffff",2
-561133135,-561133140#1,0.3,0.4,0.8,0.1999999999999999,0.25,0.4,0.55,0.55,0.4,0.5,0.5,0.3,0.9,0.5,0.5,0.5,0.4,0.5,0.0999999999999999,0.8,0.4,0.4,0.5,"8a755825532ffff,8a7558255ac7fff,8a7558255ae7fff,8a7558255a77fff,8a7558255aa7fff,8a755825516ffff,8a7558255a37fff,8a7558255b57fff,8a7558255b5ffff,8a7558255a67fff,8a7558255b4ffff,8a7558255b47fff,8a7558255b77fff,8a7558255b2ffff,8a7558255b07fff,8a755824648ffff,8a75582464f7fff,8a75582464affff,8a7558255967fff,8a75582732f7fff,8a755827338ffff,8a75582733affff,8a7558273337fff,8a7558273327fff,8a7558246d37fff,8a7558246d27fff,8a75582712e7fff,8a7558271257fff,8a7558244c87fff,8a7558244c27fff,8a75582440c7fff,8a7558244767fff,8a7558244627fff,8a755824471ffff",3
-561133135,-561133140#1,0.0,0.0999999999999999,0.3,0.8,0.25,0.5,0.55,0.55,0.8,0.2,0.2,0.1,0.5,0.8,0.8,0.8,0.6,0.1999999999999999,0.6,0.4,0.0999999999999999,0.5,0.9,"8a755825532ffff,8a7558255ac7fff,8a7558255ae7fff,8a7558255a77fff,8a7558255aa7fff,8a755825516ffff,8a7558255a37fff,8a7558255b57fff,8a7558255b5ffff,8a7558255a67fff,8a7558255b4ffff,8a7558255b47fff,8a7558255b77fff,8a7558255b2ffff,8a7558255b07fff,8a7558255867fff,8a755825595ffff,8a7558255937fff,8a7558273667fff,8a7558273767fff,8a75582730d7fff,8a75582733b7fff,8a755827305ffff,8a7558273337fff,8a7558273327fff,8a7558246d37fff,8a7558246d27fff,8a75582712e7fff,8a7558271257fff,8a7558244c87fff,8a7558244c27fff,8a75582440c7fff,8a7558244767fff,8a7558244627fff,8a755824471ffff",4
57392414#0,79119284#5,0.3,0.5,0.7,0.1999999999999999,0.4,0.6,0.55,0.55,0.2,0.25,1.0,0.7,0.4,0.6,0.7,0.7,0.3,0.0,0.7,0.75,0.5,0.0,0.7,"8a75582466d7fff,8a75582466f7fff,8a75582466affff,8a7558246687fff,8a7558246697fff,8a75582466b7fff,8a755824679ffff,8a7558246797fff,8a75582464cffff,8a75582464c7fff,8a75582464f7fff,8a75582464affff,8a7558255967fff,8a75582732f7fff,8a755827338ffff,8a75582733affff,8a7558273337fff,8a7558273327fff,8a7558246d37fff,8a7558246d27fff,8a75582712e7fff,8a7558271257fff,8a7558244c87fff,8a7558244c27fff,8a75582440c7fff,8a7558244767fff,8a7558244627fff,8a755824471ffff",3
57392414#0,79119284#5,0.7,0.7,0.6,0.8,0.75,0.2,0.55,0.55,0.4,0.8,0.3,0.1,0.9,0.3,0.4,0.1999999999999999,0.75,0.6,0.1999999999999999,0.1999999999999999,0.7,0.8,0.0999999999999999,"8a75582466d7fff,8a75582466f7fff,8a75582466c7fff,8a75582466effff,8a755824665ffff,8a755824664ffff,8a7558242937fff,8a7558242927fff,8a75582462d7fff,8a75582462c7fff,8a75582462e7fff,8a7558246277fff,8a755824634ffff,8a7558240cb7fff,8a7558240c17fff,8a7558240c37fff,8a7558240c27fff,8a7558240d1ffff,8a7558240daffff,8a7558240da7fff,8a7558246a5ffff,8a7558246a4ffff,8a7558240d07fff,8a7558240d37fff,8a755824469ffff,8a7558240d27fff,8a7558244687fff,8a75582446a7fff,8a755824478ffff,8a75582447affff,8a7558244637fff,8a755824471ffff,8a7558244627fff",2
57392414#0,79119284#5,0.1999999999999999,0.1999999999999999,0.3,0.0,0.05,1.0,0.55,0.55,1.0,0.5,0.7,0.8,0.1,0.5,0.3,0.6,0.0999999999999999,0.3,0.5,0.5,0.1999999999999999,0.1999999999999999,0.9,"8a75582466d7fff,8a75582466f7fff,8a75582466affff,8a7558246687fff,8a7558246697fff,8a7558255a67fff,8a7558255b4ffff,8a7558255b5ffff,8a7558255b47fff,8a7558255b77fff,8a7558255b2ffff,8a7558255b07fff,8a7558255867fff,8a755825595ffff,8a7558255937fff,8a7558273667fff,8a7558273767fff,8a75582730d7fff,8a75582733b7fff,8a755827305ffff,8a7558273337fff,8a7558273a87fff,8a7558273aaffff,8a7558273a0ffff,8a7558246d27fff,8a75582712e7fff,8a7558271257fff,8a7558244c87fff,8a7558244c27fff,8a75582440c7fff,8a7558244767fff,8a7558244627fff,8a755824471ffff",1
57392414#0,79119284#5,0.6,0.6,0.4,0.9,0.75,0.1,0.55,0.55,0.3,0.7,0.15,0.2,1.0,0.4,0.5,0.3,0.75,0.7,0.3,0.3,0.6,0.7,0.3,"8a75582466d7fff,8a75582466f7fff,8a75582466c7fff,8a75582466effff,8a755824665ffff,8a755824664ffff,8a7558242937fff,8a7558242927fff,8a75582462d7fff,8a75582462c7fff,8a75582462e7fff,8a7558246277fff,8a755824634ffff,8a7558240cb7fff,8a7558240c17fff,8a7558240c37fff,8a7558240c27fff,8a7558240d57fff,8a7558240d77fff,8a7558240d67fff,8a7558240d47fff,8a7558240997fff,8a75582446cffff,8a755824460ffff,8a755824461ffff,8a7558244617fff,8a7558244637fff,8a75582447affff,8a7558244737fff,8a755824446ffff,8a755824409ffff,8a7558244707fff,8a7558244717fff,8a755824471ffff,8a7558244627fff",2
57392414#0,79119284#5,0.0999999999999999,0.0999999999999999,0.2,0.6,0.4,0.3,0.55,0.55,0.7,0.25,0.6,0.6,0.7,0.9,0.9,0.9,0.1999999999999999,0.4,0.9,0.75,0.0999999999999999,0.5,0.4,"8a75582466d7fff,8a75582466f7fff,8a75582466affff,8a7558246687fff,8a7558246697fff,8a7558255b4ffff,8a7558255b5ffff,8a7558255b47fff,8a7558255b77fff,8a7558255b2ffff,8a7558255b07fff,8a755824648ffff,8a75582464f7fff,8a75582464affff,8a7558255967fff,8a75582732f7fff,8a755827338ffff,8a75582733affff,8a7558273337fff,8a7558273327fff,8a7558246d37fff,8a7558246d27fff,8a75582712e7fff,8a7558271257fff,8a7558244c87fff,8a7558244c27fff,8a75582440c7fff,8a7558244767fff,8a7558244627fff,8a755824471ffff,8a7558244707fff,8a7558244717fff,8a755824409ffff,8a7558244737fff,8a755824446ffff,8a7558244097fff,8a7558244467fff,8a7558244477fff,8a75582447b7fff,8a75582447a7fff,8a7558244797fff,8a7558244787fff,8a75582447affff,8a7558244637fff",4
57392414#0,79119284#5,0.0,0.0,0.1,0.4,0.05,0.7,0.55,0.55,0.9,0.6,0.5,0.5,0.5,0.1999999999999999,0.0,0.4,0.5,0.5,0.4,0.4,0.0,0.4,0.6,"8a75582466d7fff,8a75582466f7fff,8a75582466affff,8a7558246687fff,8a7558246697fff,8a7558255a67fff,8a7558255a77fff,8a7558255aa7fff,8a755825516ffff,8a7558255a37fff,8a7558255b57fff,8a7558255b5ffff,8a7558255b4ffff,8a75582466b7fff,8a755824679ffff,8a7558246797fff,8a75582464cffff,8a75582464c7fff,8a75582464f7fff,8a755824648ffff,8a7558255b07fff,8a7558255867fff,8a755825595ffff,8a7558255937fff,8a7558273667fff,8a7558273767fff,8a75582730d7fff,8a75582733b7fff,8a755827305ffff,8a7558273337fff,8a7558273327fff,8a7558246d37fff,8a7558246d27fff,8a75582712e7fff,8a7558271257fff,8a7558244c87fff,8a7558244c27fff,8a75582440c7fff,8a7558244767fff,8a7558244627fff,8a755824471ffff",1
57392414#0,79119284#5,0.5,0.3,0.9,0.3,0.4,0.8,0.55,0.55,0.8,0.25,0.8,0.9,0.2,0.8,0.8,0.8,0.0,0.1999999999999999,0.8,0.75,0.3,0.0999999999999999,0.8,"8a75582466d7fff,8a75582466f7fff,8a75582466affff,8a7558246687fff,8a7558246697fff,8a7558255b4ffff,8a7558255b5ffff,8a7558255b47fff,8a7558255b77fff,8a7558255b2ffff,8a7558255b07fff,8a755824648ffff,8a75582464f7fff,8a75582464affff,8a7558255967fff,8a75582732f7fff,8a755827338ffff,8a75582733affff,8a7558273337fff,8a7558273a87fff,8a7558273aaffff,8a7558273a0ffff,8a7558246d27fff,8a75582712e7fff,8a7558271257fff,8a7558244c87fff,8a7558244c27fff,8a75582440c7fff,8a7558244767fff,8a7558244627fff,8a755824471ffff",3
57392414#0,79119284#5,0.9,0.9,0.8,0.7,0.75,0.5,0.55,0.55,0.6,0.9,0.4,0.3,0.6,0.0,0.0999999999999999,0.0,0.75,0.8,0.0,0.0,0.9,0.9,0.0,"8a75582466d7fff,8a75582466f7fff,8a75582466c7fff,8a75582466effff,8a755824665ffff,8a755824664ffff,8a7558242937fff,8a7558242927fff,8a75582462d7fff,8a75582462c7fff,8a75582462e7fff,8a7558246277fff,8a755824634ffff,8a7558240cb7fff,8a7558240c17fff,8a7558240c37fff,8a7558240c27fff,8a7558240d57fff,8a7558240d77fff,8a7558240d67fff,8a75582446c7fff,8a75582446e7fff,8a755824461ffff,8a755824460ffff,8a7558244627fff,8a755824471ffff",0
57392414#0,79119284#5,0.8,0.8,1.0,0.5,0.75,0.4,0.55,0.55,0.5,1.0,0.15,0.4,0.8,0.0999999999999999,0.1999999999999999,0.0999999999999999,0.75,0.9,0.0999999999999999,0.0999999999999999,0.8,0.6,0.1999999999999999,"8a75582466d7fff,8a75582466f7fff,8a75582466c7fff,8a75582466effff,8a755824665ffff,8a755824664ffff,8a7558242937fff,8a7558242927fff,8a75582462d7fff,8a75582462c7fff,8a75582462e7fff,8a7558246277fff,8a755824634ffff,8a7558240cb7fff,8a7558240c17fff,8a7558240c37fff,8a7558240c27fff,8a7558240d57fff,8a7558240d77fff,8a7558240d27fff,8a7558244687fff,8a75582446a7fff,8a755824478ffff,8a75582447affff,8a7558244637fff,8a755824471ffff,8a7558244627fff",0
57392414#0,79119284#5,0.4,0.4,0.5,0.0999999999999999,0.1999999999999999,0.9,0.55,0.55,0.1,0.25,0.9,1.0,0.3,0.7,0.6,0.5,0.4,0.0999999999999999,0.6,0.75,0.4,0.3,0.5,"8a75582466d7fff,8a75582466f7fff,8a75582466affff,8a7558246687fff,8a75582466a7fff,8a755824678ffff,8a755824679ffff,8a7558246797fff,8a75582464cffff,8a75582464c7fff,8a75582464f7fff,8a75582464affff,8a7558255967fff,8a75582732f7fff,8a755827338ffff,8a75582733affff,8a7558273337fff,8a7558273a87fff,8a7558273aaffff,8a7558273a0ffff,8a7558246d27fff,8a75582712e7fff,8a7558271257fff,8a7558244c87fff,8a7558244c27fff,8a75582440c7fff,8a7558244767fff,8a7558244627fff,8a755824471ffff",3
-174375407#3,-561133140#1,0.9,0.9,1.0,0.0,0.4499999999999999,1.0,0.55,0.55,0.55,1.0,1.0,0.4,0.1,0.4499999999999999,0.0,0.0,0.4499999999999999,0.9,0.0,0.0,0.9,0.5,0.8,"8a75582429affff,8a75582429a7fff,8a755824665ffff,8a755824664ffff,8a7558242937fff,8a7558242927fff,8a75582462d7fff,8a75582462c7fff,8a75582462e7fff,8a7558246277fff,8a755824634ffff,8a7558240cb7fff,8a7558240c17fff,8a7558240c37fff,8a7558240c27fff,8a7558240d57fff,8a7558240d77fff,8a7558240d67fff,8a75582446c7fff,8a755824461ffff,8a755824460ffff,8a7558244627fff,8a755824471ffff",0
-174375407#3,-561133140#1,0.0,0.0,0.2,0.9,0.4499999999999999,0.1,0.55,0.55,0.55,0.1,0.1,0.15,1.0,0.4499999999999999,0.9,0.9,0.4499999999999999,0.3,0.9,0.9,0.0,0.1999999999999999,0.9,"8a75582429affff,8a75582429a7fff,8a755824665ffff,8a755824664ffff,8a7558242937fff,8a7558242927fff,8a75582462d7fff,8a75582462c7fff,8a75582462e7fff,8a7558246277fff,8a755824634ffff,8a7558240cb7fff,8a7558240c17fff,8a7558240c37fff,8a7558240c27fff,8a7558240d1ffff,8a7558240daffff,8a7558240da7fff,8a7558246a5ffff,8a7558246a4ffff,8a7558246a67fff,8a7558246a6ffff,8a755824469ffff,8a75582446b7fff,8a7558244787fff,8a7558244797fff,8a75582447a7fff,8a7558244467fff,8a7558244097fff,8a755824409ffff,8a755824446ffff,8a75582447affff,8a7558244737fff,8a7558244707fff,8a7558244717fff,8a755824471ffff,8a7558244627fff",4
-174375407#3,-561133140#1,0.6,0.6,0.7,0.3,0.4499999999999999,0.7,0.55,0.55,0.55,0.7,0.7,0.15,0.4,0.4499999999999999,0.7,0.8,0.4499999999999999,0.0999999999999999,0.8,0.3,0.6,0.7,0.0999999999999999,"8a75582429affff,8a75582429a7fff,8a755824665ffff,8a755824664ffff,8a7558242937fff,8a7558242927fff,8a75582462d7fff,8a75582462c7fff,8a75582462e7fff,8a7558246277fff,8a755824634ffff,8a7558240cb7fff,8a7558240c17fff,8a7558240c37fff,8a7558240c27fff,8a7558240d1ffff,8a7558240daffff,8a7558240da7fff,8a7558246a5ffff,8a7558246a4ffff,8a7558240d37fff,8a755824469ffff,8a7558240d27fff,8a7558244687fff,8a75582446a7fff,8a755824478ffff,8a75582447affff,8a7558244637fff,8a755824471ffff,8a7558244627fff",3
-174375407#3,-561133140#1,0.0999999999999999,0.0999999999999999,0.1,0.8,0.4499999999999999,0.2,0.55,0.55,0.55,0.2,0.2,0.5,0.9,0.4499999999999999,0.8,0.7,0.4499999999999999,0.5,0.7,0.8,0.0999999999999999,0.3,0.5,"8a75582429affff,8a75582429a7fff,8a755824665ffff,8a755824664ffff,8a7558242937fff,8a7558242927fff,8a75582462d7fff,8a75582462c7fff,8a75582462e7fff,8a7558246277fff,8a755824634ffff,8a7558240cb7fff,8a7558240c17fff,8a7558240c37fff,8a7558240c27fff,8a7558240d57fff,8a7558240d77fff,8a7558240d27fff,8a7558244687fff,8a75582446a7fff,8a755824478ffff,8a75582447affff,8a75582447a7fff,8a755824446ffff,8a7558244467fff,8a7558244097fff,8a755824409ffff,8a7558244707fff,8a7558244717fff,8a755824471ffff,8a7558244627fff",4
-174375407#3,-561133140#1,0.4,0.4,0.3,0.5,0.4499999999999999,0.5,0.55,0.55,0.55,0.5,0.5,0.8,0.6,0.4499999999999999,0.4,0.4,0.4499999999999999,0.1999999999999999,0.4,0.5,0.4,0.9,0.3,"8a75582429affff,8a75582429a7fff,8a755824665ffff,8a755824664ffff,8a7558242937fff,8a7558242927fff,8a75582462d7fff,8a75582462c7fff,8a75582462e7fff,8a7558246277fff,8a755824634ffff,8a7558240cb7fff,8a7558240c17fff,8a7558240c37fff,8a7558240c27fff,8a7558240d1ffff,8a7558240daffff,8a7558240da7fff,8a7558246a5ffff,8a7558246a4ffff,8a7558246a6ffff,8a755824469ffff,8a7558240d27fff,8a7558240d77fff,8a7558240d57fff,8a7558240d67fff,8a75582446dffff,8a75582446c7fff,8a75582446e7fff,8a755824461ffff,8a755824460ffff,8a7558244627fff,8a755824471ffff",2
-174375407#3,-561133140#1,0.5,0.5,0.5,0.6,0.4499999999999999,0.6,0.55,0.55,0.55,0.6,0.6,0.9,0.5,0.4499999999999999,0.3,0.3,0.4499999999999999,0.8,0.3,0.4,0.5,0.6,0.0,"8a75582429affff,8a75582429a7fff,8a755824665ffff,8a755824664ffff,8a7558242937fff,8a7558242927fff,8a75582462d7fff,8a75582462c7fff,8a75582462e7fff,8a7558246277fff,8a755824634ffff,8a7558240cb7fff,8a7558240c17fff,8a7558240c37fff,8a7558240c27fff,8a7558240d57fff,8a7558240d77fff,8a7558240d27fff,8a755824469ffff,8a75582446b7fff,8a7558244787fff,8a7558244797fff,8a75582447a7fff,8a75582447affff,8a7558244637fff,8a755824471ffff,8a7558244627fff",0
-174375407#3,-561133140#1,0.7,0.7,0.8,0.1999999999999999,0.4499999999999999,0.8,0.55,0.55,0.55,0.8,0.8,0.3,0.3,0.4499999999999999,0.1999999999999999,0.1999999999999999,0.4499999999999999,0.4,0.1999999999999999,0.1999999999999999,0.7,0.8,0.1999999999999999,"8a75582429affff,8a75582429a7fff,8a755824665ffff,8a755824664ffff,8a7558242937fff,8a7558242927fff,8a75582462d7fff,8a75582462c7fff,8a75582462e7fff,8a7558246277fff,8a755824634ffff,8a7558240cb7fff,8a7558240c17fff,8a7558240c37fff,8a7558240c27fff,8a7558240d57fff,8a7558240d77fff,8a7558240d67fff,8a7558240d47fff,8a7558240997fff,8a75582446cffff,8a75582446c7fff,8a75582446e7fff,8a755824461ffff,8a7558244617fff,8a7558244637fff,8a755824471ffff,8a7558244627fff",0
-174375407#3,-561133140#1,0.8,0.8,0.9,0.0999999999999999,0.4499999999999999,0.9,0.55,0.55,0.55,0.9,0.9,1.0,0.2,0.4499999999999999,0.0999999999999999,0.0999999999999999,0.4499999999999999,0.6,0.0999999999999999,0.0999999999999999,0.8,0.0999999999999999,0.4,"8a75582429affff,8a75582429a7fff,8a755824665ffff,8a755824664ffff,8a7558242937fff,8a7558242927fff,8a75582462d7fff,8a75582462c7fff,8a75582462e7fff,8a7558246277fff,8a755824634ffff,8a7558240cb7fff,8a7558240c17fff,8a7558240c37fff,8a7558240c27fff,8a7558240d57fff,8a7558240d77fff,8a7558240d27fff,8a7558244687fff,8a75582446a7fff,8a755824478ffff,8a75582447affff,8a7558244637fff,8a755824471ffff,8a7558244627fff",0
-174375407#3,-561133140#1,0.1999999999999999,0.1999999999999999,0.4,0.7,0.4499999999999999,0.3,0.55,0.55,0.55,0.3,0.3,0.6,0.8,0.4499999999999999,0.6,0.6,0.4499999999999999,0.7,0.6,0.7,0.1999999999999999,0.0,0.7,"8a75582429affff,8a75582429a7fff,8a755824665ffff,8a755824664ffff,8a7558242937fff,8a7558242927fff,8a75582462d7fff,8a75582462c7fff,8a75582462e7fff,8a7558246277fff,8a755824634ffff,8a7558240cb7fff,8a7558240c17fff,8a7558240c37fff,8a7558240c27fff,8a7558240d57fff,8a7558240d77fff,8a7558240d27fff,8a755824469ffff,8a75582446b7fff,8a7558244787fff,8a75582447a7fff,8a755824446ffff,8a7558244737fff,8a755824409ffff,8a7558244707fff,8a7558244717fff,8a755824471ffff,8a7558244627fff",4
-174375407#3,-561133140#1,0.3,0.3,0.6,0.4,0.4499999999999999,0.4,0.55,0.55,0.55,0.4,0.4,0.7,0.7,0.4499999999999999,0.5,0.5,0.4499999999999999,0.0,0.5,0.6,0.3,0.4,0.6,"8a75582429affff,8a75582429a7fff,8a755824665ffff,8a755824664ffff,8a7558242937fff,8a7558242927fff,8a75582462d7fff,8a75582462c7fff,8a75582462e7fff,8a7558246277fff,8a755824634ffff,8a7558240cb7fff,8a7558240c17fff,8a7558240c37fff,8a7558240c27fff,8a7558240d1ffff,8a7558240daffff,8a7558240da7fff,8a7558246a5ffff,8a7558246a4ffff,8a7558240d37fff,8a755824469ffff,8a7558240d27fff,8a7558240d77fff,8a7558240d57fff,8a7558240d67fff,8a7558240d47fff,8a7558240997fff,8a75582446cffff,8a755824460ffff,8a7558244627fff,8a755824471ffff",4
41273126,-174375407#3,0.9,0.7,1.0,0.0,0.4499999999999999,1.0,0.55,0.55,0.35,1.0,0.9,0.8,0.1,0.65,0.6,0.6,0.4499999999999999,0.9,0.5,0.1999999999999999,0.7,0.0,0.9,"8a75582447a7fff,8a7558244467fff,8a755824446ffff,8a7558244787fff,8a75582446b7fff,8a755824469ffff,8a7558240d27fff,8a7558240d77fff,8a7558240d57fff,8a7558240d47fff,8a7558240c67fff,8a7558240c07fff,8a7558240c37fff,8a7558240c17fff,8a7558240cb7fff,8a755824634ffff,8a7558246277fff,8a75582462e7fff,8a75582462c7fff,8a75582462d7fff,8a7558242927fff,8a7558242937fff,8a755824664ffff,8a755824665ffff,8a75582429a7fff,8a75582429affff",3
41273126,-174375407#3,0.0999999999999999,0.1999999999999999,0.3,0.8,0.4499999999999999,0.2,0.55,0.55,0.35,0.1,0.5,0.6,1.0,0.65,0.1999999999999999,0.4,0.4499999999999999,0.1999999999999999,0.6,0.7,0.1999999999999999,0.4,0.4,"8a75582447a7fff,8a7558244467fff,8a7558244097fff,8a755824409ffff,8a755824446ffff,8a75582447affff,8a7558244737fff,8a7558244707fff,8a7558244717fff,8a755824471ffff,8a7558244627fff,8a755824460ffff,8a755824461ffff,8a75582446c7fff,8a7558240d67fff,8a7558240d77fff,8a7558240d57fff,8a7558240c27fff,8a7558240c37fff,8a7558240c17fff,8a7558240cb7fff,8a755824634ffff,8a7558246277fff,8a75582462e7fff,8a75582462c7fff,8a75582462d7fff,8a7558242927fff,8a7558242937fff,8a755824664ffff,8a7558246647fff,8a755824665ffff,8a75582429a7fff,8a75582429affff",4
41273126,-174375407#3,0.5,0.6,0.5,0.4,0.4499999999999999,0.4,0.55,0.55,0.9,0.5,0.6,0.1,0.5,0.0999999999999999,0.7,0.7,0.4499999999999999,0.7,0.7,0.3,0.6,0.3,0.8,"8a75582447a7fff,8a7558244467fff,8a7558244477fff,8a75582447b7fff,8a7558244797fff,8a7558244787fff,8a75582446b7fff,8a755824469ffff,8a7558246a6ffff,8a7558246a4ffff,8a7558246a5ffff,8a7558240da7fff,8a7558240daffff,8a7558240d1ffff,8a7558240c27fff,8a7558240c37fff,8a7558240c17fff,8a7558240cb7fff,8a755824634ffff,8a7558246277fff,8a75582462e7fff,8a75582462c7fff,8a75582462d7fff,8a7558242927fff,8a7558242937fff,8a755824664ffff,8a755824665ffff,8a75582429a7fff,8a75582429affff",2
41273126,-174375407#3,0.3,0.3,0.9,0.3,0.4499999999999999,0.8,0.55,0.55,0.7,0.8,0.1,0.9,0.3,0.3,0.0999999999999999,0.0,0.4499999999999999,0.3,0.0,0.6,0.3,0.7,0.3,"8a75582447a7fff,8a7558244467fff,8a755824446ffff,8a7558244737fff,8a755824409ffff,8a7558244707fff,8a7558244717fff,8a755824471ffff,8a7558244637fff,8a7558244617fff,8a755824461ffff,8a755824468ffff,8a75582446dffff,8a75582446c7fff,8a7558240d67fff,8a7558240d77fff,8a7558240d57fff,8a7558240d47fff,8a7558240c67fff,8a7558240c07fff,8a7558240c37fff,8a7558240c17fff,8a7558240cb7fff,8a755824634ffff,8a7558246277fff,8a75582462e7fff,8a75582462c7fff,8a75582462d7fff,8a7558242927fff,8a7558242937fff,8a755824664ffff,8a7558246647fff,8a755824665ffff,8a75582429a7fff,8a75582429affff",1
41273126,-174375407#3,0.8,0.9,0.4,0.6,0.4499999999999999,0.6,0.55,0.55,1.0,0.7,0.7,0.5,0.4,0.0,0.4,0.0999999999999999,0.4499999999999999,0.6,0.1999999999999999,0.0,0.9,0.6,0.0,"8a75582447a7fff,8a7558244467fff,8a755824446ffff,8a75582447affff,8a755824478ffff,8a75582446a7fff,8a7558244687fff,8a75582446b7fff,8a755824469ffff,8a7558240d27fff,8a7558240d77fff,8a7558240d57fff,8a7558240c27fff,8a7558240c37fff,8a7558240c17fff,8a7558240cb7fff,8a755824634ffff,8a7558246277fff,8a75582462e7fff,8a75582462c7fff,8a75582462d7fff,8a7558242927fff,8a7558242937fff,8a755824664ffff,8a755824665ffff,8a75582429a7fff,8a75582429affff",0
41273126,-174375407#3,0.7,0.8,0.6,0.5,0.4499999999999999,0.5,0.55,0.55,0.35,0.3,1.0,0.4,0.8,0.65,0.0,0.1999999999999999,0.4499999999999999,0.4,0.4,0.0999999999999999,0.8,0.0999999999999999,0.7,"8a75582447a7fff,8a7558244467fff,8a7558244477fff,8a75582447b7fff,8a7558244787fff,8a75582446b7fff,8a755824469ffff,8a7558240d27fff,8a7558240d77fff,8a7558240d57fff,8a7558240c27fff,8a7558240c37fff,8a7558240c17fff,8a7558240cb7fff,8a755824634ffff,8a7558246277fff,8a75582462e7fff,8a75582462c7fff,8a75582462d7fff,8a7558242927fff,8a7558242937fff,8a755824664ffff,8a7558246647fff,8a755824665ffff,8a75582429a7fff,8a75582429affff",2
41273126,-174375407#3,0.6,0.4,0.7,0.1999999999999999,0.4499999999999999,0.9,0.55,0.55,0.8,0.9,0.2,1.0,0.2,0.1999999999999999,0.5,0.3,0.4499999999999999,0.5,0.0999999999999999,0.5,0.4,0.5,0.0999999999999999,"8a75582447a7fff,8a7558244467fff,8a755824446ffff,8a75582447affff,8a7558244637fff,8a755824471ffff,8a7558244627fff,8a755824460ffff,8a755824461ffff,8a755824468ffff,8a75582446d7fff,8a7558240d27fff,8a7558240d77fff,8a7558240d67fff,8a7558240d57fff,8a7558240d47fff,8a7558240c67fff,8a7558240c07fff,8a7558240c37fff,8a7558240c17fff,8a7558240cb7fff,8a755824634ffff,8a7558246277fff,8a75582462e7fff,8a75582462c7fff,8a75582462d7fff,8a7558242927fff,8a7558242937fff,8a755824664ffff,8a755824665ffff,8a75582429a7fff,8a75582429affff",0
41273126,-174375407#3,0.4,0.5,0.2,0.7,0.4499999999999999,0.3,0.55,0.55,0.35,0.4,0.8,0.7,0.7,0.65,0.8,0.8,0.4499999999999999,0.8,0.8,0.4,0.5,0.8,0.1999999999999999,"8a75582447a7fff,8a7558244467fff,8a7558244097fff,8a755824409ffff,8a7558244737fff,8a755824446ffff,8a75582447affff,8a7558244637fff,8a7558244617fff,8a755824461ffff,8a755824468ffff,8a75582446d7fff,8a7558240d27fff,8a7558240d77fff,8a7558240d67fff,8a7558240d57fff,8a7558240c27fff,8a7558240c37fff,8a7558240c17fff,8a7558240cb7fff,8a755824634ffff,8a7558246277fff,8a75582462e7fff,8a75582462c7fff,8a75582462d7fff,8a7558242927fff,8a7558242937fff,8a755824664ffff,8a755824665ffff,8a75582429a7fff,8a75582429affff",2
41273126,-174375407#3,0.0,0.0999999999999999,0.1,0.9,0.4499999999999999,0.1,0.55,0.55,0.35,0.2,0.4,0.3,0.9,0.65,0.9,0.9,0.4499999999999999,0.0,0.9,0.8,0.0999999999999999,0.9,0.5,"8a75582447a7fff,8a7558244467fff,8a755824446ffff,8a7558244737fff,8a755824409ffff,8a7558244707fff,8a7558244717fff,8a755824471ffff,8a7558244627fff,8a755824460ffff,8a755824461ffff,8a75582446c7fff,8a7558240d67fff,8a7558240d77fff,8a7558240d27fff,8a755824469ffff,8a7558246a6ffff,8a7558246a4ffff,8a7558246a5ffff,8a7558240da7fff,8a7558240daffff,8a7558240d1ffff,8a7558240c27fff,8a7558240c37fff,8a7558240c17fff,8a7558240cb7fff,8a755824634ffff,8a7558246277fff,8a75582462e7fff,8a75582462c7fff,8a75582462d7fff,8a7558242927fff,8a7558242937fff,8a755824664ffff,8a755824665ffff,8a75582429a7fff,8a75582429affff",4
41273126,-174375407#3,0.1999999999999999,0.0,0.8,0.0999999999999999,0.4499999999999999,0.7,0.55,0.55,0.35,0.6,0.3,0.2,0.6,0.65,0.3,0.5,0.4499999999999999,0.0999999999999999,0.3,0.9,0.0,0.1999999999999999,0.6,"8a75582447a7fff,8a7558244467fff,8a7558244477fff,8a75582447b7fff,8a7558244797fff,8a7558244787fff,8a75582446b7fff,8a755824469ffff,8a7558246a6ffff,8a7558246a4ffff,8a7558246a5ffff,8a7558240da7fff,8a7558240daffff,8a7558240d1ffff,8a7558240c27fff,8a7558240d57fff,8a7558240d47fff,8a7558240c67fff,8a7558240c07fff,8a7558240c37fff,8a7558240c17fff,8a7558240cb7fff,8a755824634ffff,8a7558246277fff,8a75582462e7fff,8a75582462c7fff,8a75582462d7fff,8a7558242927fff,8a7558242937fff,8a755824664ffff,8a7558246647fff,8a755824665ffff,8a75582429a7fff,8a75582429affff",3
-22561653,79119287#2,0.9,0.9,1.0,0.8,0.9,0.1,0.55,0.55,0.6,1.0,0.1,0.1,0.6,0.0,0.1999999999999999,0.0,0.0,0.9,0.0,0.0,0.9,0.9,0.0,"8a7558255b4ffff,8a7558246697fff,8a7558246687fff,8a75582466affff,8a75582466f7fff,8a75582466c7fff,8a75582466effff,8a755824665ffff,8a755824664ffff,8a7558242937fff,8a7558242927fff,8a75582462d7fff,8a75582462c7fff,8a75582462e7fff,8a7558246277fff,8a755824634ffff,8a7558240cb7fff,8a7558240c17fff,8a7558240c37fff,8a7558240c27fff,8a7558240d57fff,8a7558240d77fff,8a7558240d67fff,8a7558240d47fff,8a7558240997fff,8a75582446cffff,8a755824460ffff",0
-22561653,79119287#2,0.5,0.5,0.7,0.4,0.4499999999999999,0.7,0.55,0.55,0.1,0.45,0.7,0.9,0.9,0.6,0.6,0.7,0.8,0.0999999999999999,0.7,0.3,0.5,0.6,0.3,"8a7558255b4ffff,8a7558246697fff,8a75582466b7fff,8a755824679ffff,8a7558246797fff,8a75582464cffff,8a75582464c7fff,8a75582464f7fff,8a75582464affff,8a7558255967fff,8a75582732f7fff,8a755827338ffff,8a75582733affff,8a7558273337fff,8a7558273a87fff,8a7558273aaffff,8a7558273a0ffff,8a7558246d27fff,8a75582712e7fff,8a7558271257fff,8a7558244c87fff,8a7558244c27fff,8a75582440c7fff,8a7558244767fff,8a7558244627fff,8a755824471ffff,8a7558244637fff,8a7558244617fff,8a755824461ffff,8a755824468ffff,8a75582446d7fff,8a7558240d77fff,8a75582446dffff,8a75582446c7fff,8a7558240d67fff,8a7558240d47fff,8a7558240997fff,8a75582446cffff,8a755824460ffff",3
-22561653,79119287#2,0.0999999999999999,0.0,0.2,0.9,0.4499999999999999,0.6,0.55,0.55,0.7,0.45,0.2,0.6,0.4,0.9,0.9,0.3,0.6,0.5,0.3,0.7,0.0,0.8,0.1999999999999999,"8a7558246697fff,8a7558255b4ffff,8a7558255b5ffff,8a7558255b47fff,8a7558255b77fff,8a7558255b2ffff,8a7558255b07fff,8a7558255867fff,8a755825595ffff,8a7558255937fff,8a7558273667fff,8a7558273767fff,8a75582730d7fff,8a75582733b7fff,8a755827305ffff,8a7558273337fff,8a7558273a87fff,8a7558273aaffff,8a7558273a0ffff,8a7558246d27fff,8a75582712e7fff,8a7558271257fff,8a7558244c87fff,8a7558244c27fff,8a75582440c7fff,8a7558244767fff,8a7558244627fff,8a755824471ffff,8a7558244717fff,8a7558244707fff,8a755824409ffff,8a755824446ffff,8a75582447a7fff,8a7558244787fff,8a75582446b7fff,8a755824469ffff,8a7558240d27fff,8a7558240d77fff,8a7558240d57fff,8a7558240d67fff,8a7558240d47fff,8a7558240997fff,8a75582446cffff,8a755824460ffff",4
-22561653,79119287#2,0.7,0.8,0.8,0.0,0.4499999999999999,0.3,0.55,0.55,0.4,0.45,1.0,0.5,0.8,0.3,0.3,0.4,0.0999999999999999,0.1999999999999999,0.4,0.85,0.8,0.0,0.9,"8a7558246697fff,8a7558255b4ffff,8a7558255b5ffff,8a7558255b47fff,8a7558255b77fff,8a7558255b2ffff,8a7558255b07fff,8a755824648ffff,8a75582464f7fff,8a75582464affff,8a7558255967fff,8a75582732f7fff,8a755827338ffff,8a75582733affff,8a7558273337fff,8a7558273327fff,8a7558246d37fff,8a7558246d27fff,8a75582712e7fff,8a7558271257fff,8a7558244c87fff,8a7558244c27fff,8a75582440c7fff,8a7558244767fff,8a7558244627fff,8a755824471ffff,8a755824460ffff,8a755824461ffff,8a75582446c7fff,8a7558240d67fff,8a7558240d47fff,8a7558240997fff,8a75582446cffff",3
-22561653,79119287#2,0.1999999999999999,0.1999999999999999,0.5,0.7,0.4499999999999999,1.0,0.55,0.55,0.5,0.45,0.4,0.8,0.5,0.0999999999999999,0.0,0.0999999999999999,0.8,0.4,0.1999999999999999,0.0999999999999999,0.1999999999999999,0.5,0.6,"8a7558255b4ffff,8a7558246697fff,8a75582466b7fff,8a755824679ffff,8a7558246797fff,8a75582464cffff,8a75582464c7fff,8a75582464f7fff,8a755824648ffff,8a7558255b07fff,8a7558255867fff,8a755825595ffff,8a7558255937fff,8a7558273667fff,8a7558273767fff,8a75582730d7fff,8a75582733b7fff,8a755827305ffff,8a7558273337fff,8a7558273a87fff,8a7558273aaffff,8a7558273a0ffff,8a7558246d27fff,8a75582712e7fff,8a7558271257fff,8a7558244c87fff,8a7558244c27fff,8a75582440c7fff,8a7558244767fff,8a7558244627fff,8a755824471ffff,8a755824460ffff,8a755824461ffff,8a75582446c7fff,8a7558240d67fff,8a7558240d47fff,8a7558240997fff,8a75582446cffff",1
-22561653,79119287#2,0.3,0.3,0.4,0.5,0.4499999999999999,0.4,0.55,0.55,0.9,0.45,0.5,0.2,0.3,0.8,0.8,0.9,0.4,0.6,0.9,0.5,0.3,0.0999999999999999,0.8,"8a7558246697fff,8a7558255b4ffff,8a7558255b5ffff,8a7558255b47fff,8a7558255b77fff,8a7558255b2ffff,8a7558255b07fff,8a7558255867fff,8a755825595ffff,8a7558255937fff,8a7558273667fff,8a7558273767fff,8a75582730d7fff,8a75582733b7fff,8a755827305ffff,8a7558273337fff,8a7558273327fff,8a7558246d37fff,8a7558246d27fff,8a75582712e7fff,8a7558271257fff,8a7558244c87fff,8a7558244c27fff,8a75582440c7fff,8a7558244767fff,8a7558244627fff,8a755824471ffff,8a7558244637fff,8a7558244617fff,8a755824461ffff,8a755824468ffff,8a75582446dffff,8a75582446c7fff,8a7558240d67fff,8a7558240d47fff,8a7558240997fff,8a75582446cffff,8a755824460ffff",4
-22561653,79119287#2,0.6,0.7,0.6,0.3,0.4499999999999999,0.2,0.55,0.55,0.2,0.45,0.9,0.4,1.0,0.4,0.4,0.5,0.8,0.0,0.5,0.1999999999999999,0.7,0.3,0.0999999999999999,"8a7558255b4ffff,8a7558246697fff,8a75582466b7fff,8a755824679ffff,8a7558246797fff,8a75582464cffff,8a75582464c7fff,8a75582464f7fff,8a75582464affff,8a7558255967fff,8a75582732f7fff,8a755827338ffff,8a75582733affff,8a7558273337fff,8a7558273327fff,8a7558246d37fff,8a7558246d27fff,8a75582712e7fff,8a7558271257fff,8a7558244c87fff,8a7558244c27fff,8a75582440c7fff,8a7558244767fff,8a7558244627fff,8a755824471ffff,8a755824460ffff,8a755824461ffff,8a755824468ffff,8a75582446d7fff,8a7558240d27fff,8a7558240d77fff,8a7558240d67fff,8a7558240d47fff,8a7558240997fff,8a75582446cffff",2
-22561653,79119287#2,0.0,0.0999999999999999,0.1,0.0999999999999999,0.0,0.9,0.55,0.55,0.8,0.9,0.3,0.7,0.1,0.1999999999999999,0.0999999999999999,0.1999999999999999,0.5,0.8,0.0999999999999999,0.6,0.0999999999999999,0.7,0.4,"8a7558255b4ffff,8a7558246697fff,8a7558246687fff,8a7558255a67fff,8a7558255b5ffff,8a7558255b47fff,8a7558255b77fff,8a7558255b2ffff,8a7558255b07fff,8a7558255867fff,8a755825595ffff,8a7558255937fff,8a7558273667fff,8a7558273767fff,8a75582730d7fff,8a75582733b7fff,8a755827305ffff,8a7558273337fff,8a7558273a87fff,8a7558273aaffff,8a7558273a0ffff,8a7558246d27fff,8a75582712e7fff,8a7558271257fff,8a7558244c87fff,8a7558244c27fff,8a75582440c7fff,8a7558244767fff,8a7558244627fff,8a755824471ffff,8a755824460ffff,8a755824461ffff,8a75582446c7fff,8a7558240d67fff,8a7558240d47fff,8a7558240997fff,8a75582446cffff",1
-22561653,79119287#2,0.8,0.6,0.9,0.1999999999999999,0.4499999999999999,0.8,0.55,0.55,0.3,0.45,0.8,1.0,0.7,0.5,0.5,0.6,0.1999999999999999,0.3,0.6,0.85,0.6,0.4,0.5,"8a7558246697fff,8a7558255b4ffff,8a7558255b5ffff,8a7558255b47fff,8a7558255b77fff,8a7558255b2ffff,8a7558255b07fff,8a755824648ffff,8a75582464f7fff,8a75582464affff,8a7558255967fff,8a75582732f7fff,8a755827338ffff,8a75582733affff,8a7558273337fff,8a7558273a87fff,8a7558273aaffff,8a7558273a0ffff,8a7558246d27fff,8a75582712e7fff,8a7558271257fff,8a7558244c87fff,8a7558244c27fff,8a75582440c7fff,8a7558244767fff,8a7558244627fff,8a755824471ffff,8a7558244637fff,8a7558244617fff,8a755824461ffff,8a755824468ffff,8a75582446dffff,8a75582446c7fff,8a7558240d67fff,8a7558240d47fff,8a7558240997fff,8a75582446cffff,8a755824460ffff",3
-22561653,79119287#2,0.4,0.4,0.3,0.6,0.4499999999999999,0.5,0.55,0.55,1.0,0.45,0.6,0.3,0.2,0.7,0.7,0.8,0.3,0.7,0.8,0.4,0.4,0.1999999999999999,0.7,"8a7558246697fff,8a7558255b4ffff,8a7558255b5ffff,8a7558255b47fff,8a7558255b77fff,8a7558255b2ffff,8a7558255b07fff,8a7558255867fff,8a755825595ffff,8a7558255937fff,8a7558273667fff,8a7558273767fff,8a75582730d7fff,8a75582733b7fff,8a755827305ffff,8a7558273337fff,8a7558273327fff,8a7558246d37fff,8a7558246d27fff,8a75582712e7fff,8a7558271257fff,8a7558244c87fff,8a7558244c27fff,8a75582440c7fff,8a7558244767fff,8a7558244627fff,8a755824471ffff,8a755824460ffff,8a755824461ffff,8a755824468ffff,8a75582446d7fff,8a7558240d27fff,8a7558240d77fff,8a7558240d67fff,8a7558240d47fff,8a7558240997fff,8a75582446cffff",4
-174907152#1,57392554#0,0.5,0.5,1.0,0.5,0.5,0.75,0.75,0.75,1.0,0.75,0.75,0.75,0.5,0.5,0.5,0.5,0.0,0.5,0.5,0.25,0.5,0.0,0.0,"8a7558246697fff,8a7558246687fff,8a75582466affff,8a75582466f7fff,8a75582466c7fff,8a7558242d47fff",3
-174907152#1,57392554#0,0.0,0.0,0.5,0.0,0.0,0.75,0.75,0.75,0.5,0.75,0.75,0.75,1.0,0.0,0.0,0.0,0.5,0.0,0.0,0.25,0.0,0.5,0.5,"8a7558246697fff,8a7558246687fff,8a755824668ffff,8a75582466f7fff,8a75582466c7fff,8a7558242d47fff",1
57680113,-1116499328#0,0.6,0.6,0.8,0.6,0.6,0.6,0.6,0.6,0.8,1.0,0.6,0.5,0.6,0.4,0.6,0.6,0.4,0.4,0.6,0.5,0.6,0.4,0.4,"8a75582462d7fff,8a755824292ffff,8a7558242927fff,8a7558242937fff,8a755824664ffff,8a755824665ffff,8a75582466effff,8a75582466c7fff,8a75582466f7fff,8a75582466affff,8a7558246687fff,8a7558246697fff,8a75582466b7fff,8a755824679ffff,8a7558246797fff,8a75582464cffff",2
57680113,-1116499328#0,0.4,0.8,0.4,0.1999999999999999,0.1999999999999999,1.0,0.6,0.6,0.4,0.6,0.6,1.0,0.4,0.1999999999999999,0.0,0.0,0.1999999999999999,0.0,0.1999999999999999,0.5,0.8,0.8,0.0,"8a75582462d7fff,8a755824292ffff,8a7558242927fff,8a7558242937fff,8a755824664ffff,8a7558246647fff,8a755824665ffff,8a75582466effff,8a75582466c7fff,8a75582466f7fff,8a75582466affff,8a7558246687fff,8a75582466a7fff,8a755824678ffff,8a755824679ffff,8a7558246797fff,8a75582464cffff",0
57680113,-1116499328#0,0.1999999999999999,0.0,0.6,0.8,0.6,0.2,0.6,0.6,1.0,0.2,0.6,0.5,0.2,0.8,0.8,0.8,0.0,0.8,0.8,0.5,0.0,0.0,0.8,"8a75582462d7fff,8a755824292ffff,8a7558242927fff,8a7558242937fff,8a755824664ffff,8a755824665ffff,8a75582466effff,8a75582466c7fff,8a75582466f7fff,8a75582466affff,8a7558246687fff,8a7558246697fff,8a7558255b4ffff,8a7558255b5ffff,8a7558255b47fff,8a7558255b77fff,8a7558255b2ffff,8a7558255b07fff,8a755824648ffff,8a75582464f7fff,8a75582464c7fff,8a75582464cffff",4
57680113,-1116499328#0,0.0,0.1999999999999999,0.2,0.0,0.0,0.4,0.6,0.6,0.2,0.8,0.6,0.5,1.0,0.0,0.4,0.4,0.8,0.6,0.0,0.0,0.1999999999999999,0.6,0.6,"8a75582462d7fff,8a755824292ffff,8a7558242927fff,8a7558242937fff,8a755824664ffff,8a755824665ffff,8a75582466effff,8a75582466c7fff,8a75582466f7fff,8a75582466affff,8a7558246687fff,8a7558246697fff,8a7558255a67fff,8a7558255b4ffff,8a75582466b7fff,8a755824679ffff,8a7558246797fff,8a75582464cffff",1
57680113,-1116499328#0,0.8,0.4,1.0,0.4,0.6,0.8,0.6,0.6,0.6,0.4,0.6,0.5,0.8,0.6,0.1999999999999999,0.1999999999999999,0.6,0.1999999999999999,0.4,0.5,0.4,0.1999999999999999,0.1999999999999999,"8a75582462d7fff,8a755824292ffff,8a7558242927fff,8a7558242937fff,8a755824664ffff,8a7558246647fff,8a755824665ffff,8a75582466effff,8a75582466c7fff,8a75582466f7fff,8a75582466affff,8a7558246687fff,8a7558246697fff,8a75582466b7fff,8a755824679ffff,8a7558246797fff,8a75582464cffff",3
-41231706#0,-174375407#2,0.9,0.9,0.8,0.0,0.4499999999999999,0.7,0.55,0.55,0.3,0.7,1.0,0.2,0.3,0.7,0.6,0.9,0.4499999999999999,0.9,0.9,0.0,0.9,0.5,0.8,"8a7558240d0ffff,8a7558240d57fff,8a7558240c27fff,8a7558240c37fff,8a7558240c17fff,8a7558240cb7fff,8a755824634ffff,8a7558246277fff,8a75582462e7fff,8a75582462c7fff,8a75582462d7fff,8a7558242927fff,8a7558242937fff,8a755824664ffff,8a755824665ffff,8a75582429a7fff,8a75582429affff,8a755824291ffff",3
-41231706#0,-174375407#2,0.1999999999999999,0.1999999999999999,0.5,0.5,0.4499999999999999,0.5,0.55,0.55,0.7,0.5,0.2,0.8,0.6,0.3,0.3,0.1999999999999999,0.4499999999999999,0.4,0.0999999999999999,0.7,0.1999999999999999,0.1999999999999999,0.1999999999999999,"8a7558240d0ffff,8a7558240d57fff,8a7558240c27fff,8a7558240d1ffff,8a7558240daffff,8a7558240da7fff,8a7558246a5ffff,8a7558246a4ffff,8a7558246a6ffff,8a755824469ffff,8a7558240d27fff,8a7558240d77fff,8a7558240d47fff,8a7558240c67fff,8a7558240c07fff,8a7558240c37fff,8a7558240c17fff,8a7558240cb7fff,8a755824634ffff,8a7558246277fff,8a75582462e7fff,8a75582462c7fff,8a75582462d7fff,8a7558242927fff,8a7558242937fff,8a755824664ffff,8a7558246647fff,8a755824665ffff,8a75582429a7fff,8a75582429affff,8a755824291ffff",1
-41231706#0,-174375407#2,0.3,0.3,0.15,0.85,0.4499999999999999,0.2,0.55,0.55,0.3,0.2,0.4,0.9,0.8,0.7,0.7,0.7,0.4499999999999999,0.0999999999999999,0.8,0.6,0.3,0.9,0.4,"8a7558240d0ffff,8a7558240d57fff,8a7558240d77fff,8a7558240d27fff,8a755824469ffff,8a7558246a6ffff,8a7558246a4ffff,8a7558246a5ffff,8a7558240da7fff,8a7558240daffff,8a7558240d1ffff,8a7558240c27fff,8a7558240c37fff,8a7558240c17fff,8a7558240cb7fff,8a755824634ffff,8a7558246277fff,8a75582462e7fff,8a75582462c7fff,8a75582462d7fff,8a7558242927fff,8a7558242937fff,8a755824664ffff,8a755824665ffff,8a75582429a7fff,8a75582429affff,8a755824291ffff",4
-41231706#0,-174375407#2,0.6,0.6,1.0,0.0999999999999999,0.4499999999999999,0.9,0.55,0.55,0.3,1.0,0.7,0.5,0.1,0.7,0.5,0.5,0.4499999999999999,0.8,0.3,0.3,0.6,0.0,0.9,"8a7558240d0ffff,8a7558240d57fff,8a7558240d47fff,8a7558240c67fff,8a7558240c07fff,8a7558240c37fff,8a7558240c17fff,8a7558240cb7fff,8a755824634ffff,8a7558246277fff,8a75582462e7fff,8a75582462c7fff,8a75582462d7fff,8a7558242927fff,8a7558242937fff,8a755824664ffff,8a755824665ffff,8a75582429a7fff,8a75582429affff,8a755824291ffff",3
-41231706#0,-174375407#2,0.8,0.8,0.7,0.6,0.4499999999999999,0.8,0.55,0.55,1.0,0.6,0.9,0.2,0.5,0.0,0.0,0.0999999999999999,0.4499999999999999,0.6,0.1999999999999999,0.0999999999999999,0.8,0.7,0.0,"8a7558240d0ffff,8a7558240d57fff,8a7558240c27fff,8a7558240c37fff,8a7558240c17fff,8a7558240cb7fff,8a755824634ffff,8a7558246277fff,8a75582462e7fff,8a75582462c7fff,8a75582462d7fff,8a7558242927fff,8a7558242937fff,8a755824664ffff,8a7558246647fff,8a755824665ffff,8a75582429a7fff,8a75582429affff,8a755824291ffff",0
-41231706#0,-174375407#2,0.0999999999999999,0.0999999999999999,0.3,0.1999999999999999,0.4499999999999999,0.3,0.55,0.55,0.3,0.3,0.3,0.7,0.9,0.7,0.9,0.8,0.4499999999999999,0.1999999999999999,0.7,0.8,0.0999999999999999,0.4,0.7,"8a7558240d0ffff,8a7558240d57fff,8a7558240c27fff,8a7558240d1ffff,8a7558240daffff,8a7558240da7fff,8a7558246a5ffff,8a7558246a4ffff,8a7558240d17fff,8a7558240d37fff,8a755824469ffff,8a7558240d27fff,8a7558240d77fff,8a7558240d47fff,8a7558240c67fff,8a7558240c07fff,8a7558240c37fff,8a7558240c17fff,8a7558240cb7fff,8a755824634ffff,8a7558246277fff,8a75582462e7fff,8a75582462c7fff,8a75582462d7fff,8a7558242927fff,8a7558242937fff,8a755824664ffff,8a755824665ffff,8a75582429a7fff,8a75582429affff,8a755824291ffff",4
-41231706#0,-174375407#2,0.5,0.5,0.9,0.7,0.4499999999999999,1.0,0.55,0.55,0.8,0.9,0.6,0.4,0.2,0.1999999999999999,0.0999999999999999,0.0,0.4499999999999999,0.5,0.0,0.4,0.5,0.0999999999999999,0.5,"8a7558240d0ffff,8a7558240d57fff,8a7558240d47fff,8a7558240c67fff,8a7558240c07fff,8a7558240c37fff,8a7558240c17fff,8a7558240cb7fff,8a755824634ffff,8a7558246277fff,8a75582462e7fff,8a75582462c7fff,8a75582462d7fff,8a7558242927fff,8a7558242937fff,8a755824664ffff,8a7558246647fff,8a755824665ffff,8a75582429a7fff,8a75582429affff,8a755824291ffff",0
-41231706#0,-174375407#2,0.4,0.4,0.15,0.85,0.4499999999999999,0.1,0.55,0.55,0.3,0.1,0.5,1.0,0.7,0.7,0.1999999999999999,0.3,0.4499999999999999,0.0,0.6,0.5,0.4,0.8,0.0999999999999999,"8a7558240d0ffff,8a7558240d57fff,8a7558240d77fff,8a7558240d27fff,8a755824469ffff,8a7558246a6ffff,8a7558246a4ffff,8a7558246a5ffff,8a7558240da7fff,8a7558240daffff,8a7558240d1ffff,8a7558240c27fff,8a7558240c37fff,8a7558240c17fff,8a7558240cb7fff,8a755824634ffff,8a7558246277fff,8a75582462e7fff,8a75582462c7fff,8a75582462d7fff,8a7558242927fff,8a7558242937fff,8a755824664ffff,8a7558246647fff,8a755824665ffff,8a75582429a7fff,8a75582429affff,8a755824291ffff",4
-41231706#0,-174375407#2,0.7,0.7,0.6,0.4,0.4499999999999999,0.6,0.55,0.55,0.9,0.8,0.8,0.2,0.4,0.0999999999999999,0.4,0.4,0.4499999999999999,0.7,0.5,0.1999999999999999,0.7,0.6,0.3,"8a7558240d0ffff,8a7558240d57fff,8a7558240c27fff,8a7558240c37fff,8a7558240c17fff,8a7558240cb7fff,8a755824634ffff,8a7558246277fff,8a75582462e7fff,8a75582462c7fff,8a75582462d7fff,8a7558242927fff,8a7558242937fff,8a755824664ffff,8a755824665ffff,8a75582429a7fff,8a75582429affff,8a755824291ffff",0
-41231706#0,-174375407#2,0.0,0.0,0.4,0.3,0.4499999999999999,0.4,0.55,0.55,0.6,0.4,0.1,0.6,1.0,0.4,0.8,0.6,0.4499999999999999,0.3,0.4,0.9,0.0,0.3,0.6,"8a7558240d0ffff,8a7558240d57fff,8a7558240c27fff,8a7558240d1ffff,8a7558240daffff,8a7558240da7fff,8a7558246a5ffff,8a7558246a4ffff,8a7558246a67fff,8a755824469ffff,8a7558240d27fff,8a7558240d77fff,8a7558240d47fff,8a7558240c67fff,8a7558240c07fff,8a7558240c37fff,8a7558240c17fff,8a7558240cb7fff,8a755824634ffff,8a7558246277fff,8a75582462e7fff,8a75582462c7fff,8a75582462d7fff,8a7558242927fff,8a7558242937fff,8a755824664ffff,8a755824665ffff,8a75582429a7fff,8a75582429affff,8a755824291ffff",4
-1238123695#1,-23881168#0,0.875,0.875,0.875,0.125,0.4375,1.0,0.5625,0.5625,0.375,1.0,0.625,0.25,0.25,0.625,0.125,0.125,0.4375,0.875,0.125,0.0,0.875,0.75,0.125,"8a7558242937fff,8a755824666ffff,8a755824664ffff,8a7558246647fff,8a755824665ffff,8a7558242927fff,8a75582462d7fff,8a75582462c7fff,8a75582462e7fff,8a7558246277fff,8a755824634ffff,8a7558240cb7fff,8a7558240c17fff,8a7558240c37fff,8a7558240c27fff,8a7558240d57fff,8a7558240d47fff,8a7558240c67fff",0
-1238123695#1,-23881168#0,0.125,0.125,0.25,0.875,0.4375,0.25,0.5625,0.5625,0.75,0.25,0.75,0.5,0.875,0.25,0.75,0.25,0.4375,0.125,0.25,0.75,0.125,0.0,0.75,"8a7558242937fff,8a755824666ffff,8a755824664ffff,8a7558246647fff,8a755824665ffff,8a7558242927fff,8a75582462d7fff,8a75582462c7fff,8a75582462e7fff,8a7558246277fff,8a755824634ffff,8a7558240cb7fff,8a7558240c17fff,8a7558240c37fff,8a7558240c27fff,8a7558240d1ffff,8a7558240daffff,8a7558240da7fff,8a7558246a5ffff,8a7558246a4ffff,8a7558240d07fff,8a7558240d37fff,8a755824469ffff,8a7558240d27fff,8a7558240d77fff,8a7558240d57fff,8a7558240d47fff,8a7558240c67fff",4
-1238123695#1,-23881168#0,0.625,0.625,0.625,0.0,0.4375,0.625,0.5625,0.5625,0.375,0.75,0.5,1.0,0.5,0.625,0.25,0.375,0.4375,0.375,0.375,0.25,0.625,0.5,0.375,"8a7558242937fff,8a755824666ffff,8a755824664ffff,8a7558246647fff,8a755824665ffff,8a7558242927fff,8a75582462d7fff,8a75582462c7fff,8a75582462e7fff,8a7558246277fff,8a755824634ffff,8a7558240cb7fff,8a7558240c17fff,8a7558240c37fff,8a7558240c27fff,8a7558240d1ffff,8a7558240daffff,8a7558240da7fff,8a7558246a5ffff,8a7558246a4ffff,8a7558246a6ffff,8a755824469ffff,8a7558240d27fff,8a7558240d77fff,8a7558240d57fff,8a7558240d47fff,8a7558240c67fff",0
-1238123695#1,-23881168#0,0.75,0.75,1.0,0.625,0.4375,0.875,0.5625,0.5625,1.0,0.875,0.875,0.125,0.125,0.0,0.0,0.0,0.4375,0.75,0.0,0.125,0.75,0.875,0.0,"8a7558242937fff,8a755824666ffff,8a755824664ffff,8a7558246647fff,8a755824665ffff,8a7558242927fff,8a75582462d7fff,8a75582462c7fff,8a75582462e7fff,8a7558246277fff,8a755824634ffff,8a7558240cb7fff,8a7558240c17fff,8a7558240c37fff,8a7558240c27fff,8a7558240d57fff,8a7558240d47fff,8a7558240c67fff",0
-1238123695#1,-23881168#0,0.0,0.0,0.125,0.75,0.4375,0.125,0.5625,0.5625,0.375,0.125,0.25,0.375,1.0,0.625,0.875,0.875,0.4375,0.0,0.875,0.875,0.0,0.125,0.875,"8a7558242937fff,8a755824666ffff,8a755824664ffff,8a7558246647fff,8a755824665ffff,8a7558242927fff,8a75582462d7fff,8a75582462c7fff,8a75582462e7fff,8a7558246277fff,8a755824634ffff,8a7558240cb7fff,8a7558240c17fff,8a7558240c37fff,8a7558240c27fff,8a7558240d1ffff,8a7558240daffff,8a7558240da7fff,8a7558246a5ffff,8a7558246a4ffff,8a7558240d07fff,8a7558240d17fff,8a7558240d37fff,8a755824469ffff,8a7558240d27fff,8a7558240d77fff,8a7558240d57fff,8a7558240d47fff,8a7558240c67fff",4
-1238123695#1,-23881168#0,0.25,0.25,0.75,0.375,0.4375,0.5,0.5625,0.5625,0.875,0.625,0.125,0.625,0.625,0.125,0.625,0.75,0.4375,0.25,0.75,0.625,0.25,0.625,0.25,"8a7558242937fff,8a755824666ffff,8a755824664ffff,8a7558246647fff,8a755824665ffff,8a7558242927fff,8a75582462d7fff,8a75582462c7fff,8a75582462e7fff,8a7558246277fff,8a755824634ffff,8a7558240cb7fff,8a7558240c17fff,8a7558240c37fff,8a7558240c27fff,8a7558240d1ffff,8a7558240daffff,8a7558240da7fff,8a7558246a5ffff,8a7558246a4ffff,8a7558246a67fff,8a7558246a6ffff,8a755824469ffff,8a7558240d27fff,8a7558240d77fff,8a7558240d57fff,8a7558240d47fff,8a7558240c67fff",4
-1238123695#1,-23881168#0,0.5,0.5,0.375,0.5,0.4375,0.75,0.5625,0.5625,0.375,0.375,1.0,0.875,0.375,0.625,0.375,0.5,0.4375,0.5,0.5,0.375,0.5,0.375,0.5,"8a7558242937fff,8a755824666ffff,8a755824664ffff,8a7558246647fff,8a755824665ffff,8a7558242927fff,8a75582462d7fff,8a75582462c7fff,8a75582462e7fff,8a7558246277fff,8a755824634ffff,8a7558240cb7fff,8a7558240c17fff,8a7558240c37fff,8a7558240c27fff,8a7558240d1ffff,8a7558240daffff,8a7558240da7fff,8a7558246a5ffff,8a7558246a4ffff,8a7558246a6ffff,8a755824469ffff,8a7558240d27fff,8a7558240d77fff,8a7558240d57fff,8a7558240d47fff,8a7558240c67fff",2
-1238123695#1,-23881168#0,0.375,0.375,0.5,0.25,0.4375,0.375,0.5625,0.5625,0.375,0.5,0.375,0.75,0.75,0.625,0.5,0.625,0.4375,0.625,0.625,0.5,0.375,0.25,0.625,"8a7558242937fff,8a755824666ffff,8a755824664ffff,8a7558246647fff,8a755824665ffff,8a7558242927fff,8a75582462d7fff,8a75582462c7fff,8a75582462e7fff,8a7558246277fff,8a755824634ffff,8a7558240cb7fff,8a7558240c17fff,8a7558240c37fff,8a7558240c27fff,8a7558240d1ffff,8a7558240daffff,8a7558240da7fff,8a7558246a5ffff,8a7558246a4ffff,8a7558240d37fff,8a755824469ffff,8a7558240d27fff,8a7558240d77fff,8a7558240d57fff,8a7558240d47fff,8a7558240c67fff",3
-22561652#4,41231711#3,0.875,0.875,0.75,0.5,0.4375,1.0,0.5625,0.5625,1.0,1.0,0.375,0.375,0.25,0.0,0.375,0.625,0.4375,0.75,0.625,0.0,0.875,0.625,0.375,"8a75582466effff,8a755824665ffff,8a755824664ffff,8a7558242937fff,8a7558242927fff,8a75582462d7fff,8a75582462c7fff,8a75582462e7fff,8a7558246277fff,8a755824634ffff,8a7558240cb7fff,8a7558240c17fff,8a7558240c37fff,8a7558240c27fff,8a7558240d1ffff,8a7558240daffff,8a7558240da7fff,8a7558246a5ffff,8a7558246a4ffff,8a7558240d17fff,8a7558240d07fff",0
-22561652#4,41231711#3,0.125,0.125,0.375,0.625,0.4375,0.25,0.5625,0.5625,0.25,0.25,0.375,0.875,0.875,0.75,0.875,0.5,0.4375,0.5,0.5,0.75,0.125,0.125,0.625,"8a75582466effff,8a755824665ffff,8a755824664ffff,8a7558242937fff,8a7558242927fff,8a75582462d7fff,8a75582462c7fff,8a75582462e7fff,8a7558246277fff,8a755824634ffff,8a7558240cb7fff,8a7558240c17fff,8a7558240c37fff,8a7558240c27fff,8a7558240d57fff,8a7558240d77fff,8a7558240d27fff,8a755824469ffff,8a7558246a6ffff,8a7558246a4ffff,8a7558240d1ffff,8a7558240d07fff,8a7558240d17fff",4
-22561652#4,41231711#3,0.0,0.0,0.25,0.875,0.4375,0.125,0.5625,0.5625,0.125,0.125,0.75,0.75,1.0,0.875,0.625,0.125,0.4375,0.625,0.0,0.875,0.0,0.0,0.875,"8a75582466effff,8a755824665ffff,8a755824664ffff,8a7558242937fff,8a7558242927fff,8a75582462d7fff,8a75582462c7fff,8a75582462e7fff,8a7558246277fff,8a755824634ffff,8a7558240cb7fff,8a7558240c17fff,8a7558240c37fff,8a7558240c27fff,8a7558240d57fff,8a7558240d77fff,8a7558240d27fff,8a7558244687fff,8a75582446b7fff,8a755824469ffff,8a7558246a6ffff,8a7558246a4ffff,8a7558240d17fff,8a7558240d07fff",4
-22561652#4,41231711#3,0.375,0.375,0.5,0.375,0.4375,0.5,0.5625,0.5625,0.5,0.5,0.875,0.375,0.5,0.5,0.125,0.25,0.4375,0.0,0.25,0.5,0.25,0.375,0.5,"8a75582466effff,8a755824665ffff,8a755824664ffff,8a7558242937fff,8a7558242927fff,8a75582462d7fff,8a75582462c7fff,8a75582462e7fff,8a7558246277fff,8a755824634ffff,8a7558240cb7fff,8a7558240c17fff,8a7558240c37fff,8a7558240c27fff,8a7558240d1ffff,8a7558240daffff,8a7558240da7fff,8a7558246a5ffff,8a7558246a4ffff,8a7558240d07fff,8a7558240d17fff",1
-22561652#4,41231711#3,0.25,0.25,0.125,0.75,0.4375,0.375,0.5625,0.5625,0.375,0.375,0.375,1.0,0.75,0.625,0.25,0.375,0.4375,0.875,0.375,0.625,0.375,0.5,0.125,"8a75582466effff,8a755824665ffff,8a755824664ffff,8a7558242937fff,8a7558242927fff,8a75582462d7fff,8a75582462c7fff,8a75582462e7fff,8a7558246277fff,8a755824634ffff,8a7558240cb7fff,8a7558240c17fff,8a7558240c37fff,8a7558240c27fff,8a7558240d57fff,8a7558240d77fff,8a7558240d27fff,8a755824469ffff,8a7558246a6ffff,8a7558246a4ffff,8a7558240d17fff,8a7558240d07fff",2
-22561652#4,41231711#3,0.5,0.5,1.0,0.0,0.4375,0.625,0.5625,0.5625,0.625,0.625,0.375,0.375,0.625,0.375,0.75,0.875,0.4375,0.125,0.875,0.375,0.5,0.25,0.75,"8a75582466effff,8a755824665ffff,8a755824664ffff,8a7558242937fff,8a7558242927fff,8a75582462d7fff,8a75582462c7fff,8a75582462e7fff,8a7558246277fff,8a755824634ffff,8a7558240cb7fff,8a7558240c17fff,8a7558240c37fff,8a7558240c27fff,8a7558240d1ffff,8a7558240daffff,8a7558240da7fff,8a7558246a5ffff,8a7558246a4ffff,8a7558240d07fff,8a7558240d17fff",3
-22561652#4,41231711#3,0.75,0.75,0.625,0.125,0.4375,0.75,0.5625,0.5625,0.875,0.875,0.375,0.375,0.375,0.125,0.5,0.75,0.4375,0.375,0.75,0.125,0.75,0.75,0.0,"8a75582466effff,8a755824665ffff,8a755824664ffff,8a7558242937fff,8a7558242927fff,8a75582462d7fff,8a75582462c7fff,8a75582462e7fff,8a7558246277fff,8a755824634ffff,8a7558240cb7fff,8a7558240c17fff,8a7558240c37fff,8a7558240c27fff,8a7558240d1ffff,8a7558240daffff,8a7558240da7fff,8a7558246a5ffff,8a7558246a4ffff,8a7558240d17fff,8a7558240d07fff",0
-22561652#4,41231711#3,0.625,0.625,0.875,0.25,0.4375,0.875,0.5625,0.5625,0.75,0.75,1.0,0.375,0.125,0.25,0.0,0.0,0.4375,0.25,0.125,0.25,0.625,0.875,0.25,"8a75582466effff,8a755824665ffff,8a755824664ffff,8a7558242937fff,8a7558242927fff,8a75582462d7fff,8a75582462c7fff,8a75582462e7fff,8a7558246277fff,8a755824634ffff,8a7558240cb7fff,8a7558240c17fff,8a7558240c37fff,8a7558240c27fff,8a7558240d1ffff,8a7558240daffff,8a7558240da7fff,8a7558246a5ffff,8a7558246a4ffff,8a7558240d17fff,8a7558240d07fff",0
41231357#0,-57680180#1,0.6,0.6,0.9,0.0,0.4,0.9,0.55,0.55,0.15,0.35,1.0,0.8,0.7,0.85,0.9,0.6,0.8,0.7,0.9,0.3,0.6,0.0,0.9,"8a75582446cffff,8a75582446c7fff,8a75582446e7fff,8a755824461ffff,8a755824460ffff,8a7558244627fff,8a755824471ffff,8a7558244767fff,8a75582440c7fff,8a7558244c27fff,8a7558244c87fff,8a7558271257fff,8a75582712e7fff,8a7558246d27fff,8a7558246d37fff,8a7558273327fff,8a7558273337fff,8a75582733affff,8a755827338ffff,8a75582732f7fff,8a7558255967fff,8a75582464affff,8a75582464f7fff,8a75582464c7fff,8a75582464cffff,8a7558246797fff,8a755824679ffff,8a75582466b7fff",3
41231357#0,-57680180#1,0.8,0.7,0.3,0.9,0.85,0.1,0.55,0.55,0.6,0.8,0.2,0.1,1.0,0.1999999999999999,0.1999999999999999,0.4,0.1999999999999999,0.1999999999999999,0.1999999999999999,0.85,0.7,0.8,0.1999999999999999,"8a75582446cffff,8a75582446c7fff,8a75582446e7fff,8a755824461ffff,8a7558240d67fff,8a7558240d77fff,8a7558240d27fff,8a755824469ffff,8a7558246a6ffff,8a7558246a4ffff,8a7558246a5ffff,8a7558240da7fff,8a7558240daffff,8a7558240d1ffff,8a7558240c27fff,8a7558240c37fff,8a7558240c17fff,8a7558240cb7fff,8a755824634ffff,8a7558246277fff,8a75582462e7fff,8a75582462c7fff,8a75582462d7fff,8a7558242927fff,8a7558242937fff,8a755824664ffff,8a755824665ffff,8a75582466effff,8a75582466c7fff,8a75582466f7fff,8a75582466affff,8a7558246687fff,8a7558246697fff,8a75582466b7fff,8a755824679ffff",2
41231357#0,-57680180#1,0.4,0.4,0.6,0.5,0.4,1.0,0.55,0.55,1.0,0.35,0.8,1.0,0.1,0.4,0.4,0.7,0.4,0.0,0.5,0.4,0.4,0.3,0.5,"8a75582446cffff,8a75582446c7fff,8a75582446e7fff,8a755824461ffff,8a7558244617fff,8a7558244637fff,8a755824471ffff,8a7558244627fff,8a7558244767fff,8a75582440c7fff,8a7558244c27fff,8a7558244c87fff,8a7558271257fff,8a75582712e7fff,8a7558246d27fff,8a7558273a0ffff,8a7558273aaffff,8a7558273a87fff,8a7558273337fff,8a755827305ffff,8a75582733b7fff,8a75582730d7fff,8a7558273767fff,8a7558273667fff,8a7558255937fff,8a755825595ffff,8a7558255867fff,8a7558255b07fff,8a7558255b2ffff,8a7558255b77fff,8a7558255b47fff,8a7558255b5ffff,8a7558255b4ffff,8a7558246697fff,8a75582466b7fff,8a755824679ffff",3
41231357#0,-57680180#1,0.0999999999999999,0.0,0.5,0.6,0.4,0.8,0.55,0.55,0.15,0.7,0.4,0.6,0.8,0.85,0.7,0.3,0.8,0.6,0.3,0.7,0.0,0.6,0.3,"8a75582446cffff,8a75582446c7fff,8a75582446e7fff,8a755824461ffff,8a7558240d67fff,8a7558240d77fff,8a7558240d57fff,8a7558240d47fff,8a7558240c67fff,8a7558240c07fff,8a7558240c37fff,8a7558240c17fff,8a7558240c27fff,8a7558240d1ffff,8a7558240daffff,8a7558240da7fff,8a7558246a5ffff,8a7558246a4ffff,8a7558246a6ffff,8a755824469ffff,8a7558240d27fff,8a7558244687fff,8a75582446a7fff,8a755824478ffff,8a75582447affff,8a7558244637fff,8a755824471ffff,8a7558244627fff,8a7558244767fff,8a75582440c7fff,8a7558244c27fff,8a7558244c87fff,8a7558271257fff,8a75582712e7fff,8a7558246d27fff,8a7558273a0ffff,8a7558273aaffff,8a7558273a87fff,8a7558273337fff,8a75582733affff,8a755827338ffff,8a75582732f7fff,8a7558255967fff,8a75582464affff,8a75582464f7fff,8a75582464c7fff,8a75582464cffff,8a7558246797fff,8a755824679ffff,8a75582466b7fff",4
41231357#0,-57680180#1,0.3,0.3,0.8,0.1999999999999999,0.4,0.6,0.55,0.55,0.3,0.35,0.7,0.9,0.6,0.5,0.5,0.5,0.5,0.5,0.6,0.1999999999999999,0.3,0.5,0.6,"8a75582446cffff,8a75582446c7fff,8a75582446e7fff,8a755824461ffff,8a755824468ffff,8a75582446dffff,8a7558240d67fff,8a7558240d47fff,8a7558240997fff,8a755824460ffff,8a7558244627fff,8a755824471ffff,8a7558244767fff,8a75582440c7fff,8a7558244c27fff,8a7558244c87fff,8a7558271257fff,8a75582712e7fff,8a7558246d27fff,8a7558273a0ffff,8a7558273aaffff,8a7558273a87fff,8a7558273337fff,8a75582733affff,8a755827338ffff,8a75582732f7fff,8a7558255967fff,8a75582464affff,8a75582464f7fff,8a755824648ffff,8a7558255b07fff,8a7558255b2ffff,8a7558255b77fff,8a7558255b47fff,8a7558255b5ffff,8a7558255b4ffff,8a7558246697fff,8a75582466b7fff,8a755824679ffff",3
41231357#0,-57680180#1,0.0,0.0999999999999999,0.2,0.7,0.4,0.3,0.55,0.55,0.8,0.35,0.5,0.4,0.5,0.7,0.8,0.9,0.8,0.3,0.8,0.6,0.0999999999999999,0.4,0.7,"8a75582446cffff,8a75582446c7fff,8a75582446e7fff,8a755824461ffff,8a755824468ffff,8a75582446dffff,8a7558240d67fff,8a7558240d47fff,8a7558240997fff,8a755824460ffff,8a7558244627fff,8a755824471ffff,8a7558244767fff,8a75582440c7fff,8a7558244c27fff,8a7558244c87fff,8a7558271257fff,8a75582712e7fff,8a7558246d27fff,8a7558246d37fff,8a7558273327fff,8a7558273337fff,8a755827305ffff,8a75582733b7fff,8a75582730d7fff,8a7558273767fff,8a7558273667fff,8a7558255937fff,8a755825595ffff,8a7558255867fff,8a7558255b07fff,8a755824648ffff,8a75582464f7fff,8a75582464c7fff,8a75582464cffff,8a7558246797fff,8a755824679ffff,8a75582466b7fff",4
41231357#0,-57680180#1,0.9,0.9,1.0,0.8,0.85,0.5,0.55,0.55,0.7,1.0,0.2,0.3,0.4,0.0999999999999999,0.0999999999999999,0.0999999999999999,0.0,0.8,0.0999999999999999,0.85,0.9,0.7,0.0999999999999999,"8a75582446cffff,8a75582446c7fff,8a75582446e7fff,8a755824461ffff,8a7558240d67fff,8a7558240d77fff,8a7558240d57fff,8a7558240d47fff,8a7558240c67fff,8a7558240c07fff,8a7558240c37fff,8a7558240c17fff,8a7558240cb7fff,8a755824634ffff,8a7558246277fff,8a75582462e7fff,8a75582462c7fff,8a75582462d7fff,8a7558242927fff,8a7558242937fff,8a755824664ffff,8a7558246647fff,8a755824665ffff,8a75582466effff,8a75582466c7fff,8a75582466f7fff,8a75582466affff,8a7558246687fff,8a7558246697fff,8a75582466b7fff,8a755824679ffff",0
41231357#0,-57680180#1,0.7,0.8,0.1,0.3,0.0,0.2,0.55,0.55,0.5,0.9,0.2,0.2,0.9,0.0,0.0,0.0,0.0999999999999999,0.9,0.0,0.0,0.8,0.9,0.0,"8a75582446cffff,8a75582446c7fff,8a75582446e7fff,8a755824461ffff,8a7558240d67fff,8a7558240d77fff,8a7558240d57fff,8a7558240c27fff,8a7558240c37fff,8a7558240c17fff,8a7558240cb7fff,8a755824634ffff,8a7558246277fff,8a75582462e7fff,8a75582462c7fff,8a75582462d7fff,8a7558242927fff,8a7558242937fff,8a755824664ffff,8a755824665ffff,8a75582466effff,8a75582466c7fff,8a75582466f7fff,8a75582466affff,8a7558246687fff,8a7558246697fff,8a7558255a67fff,8a7558255a77fff,8a7558255b5ffff,8a7558255b4ffff,8a75582466b7fff,8a755824679ffff",0
41231357#0,-57680180#1,0.5,0.5,0.7,0.0999999999999999,0.4,0.7,0.55,0.55,0.4,0.35,0.9,0.7,0.3,0.3,0.3,0.1999999999999999,0.3,0.4,0.4,0.0999999999999999,0.5,0.0999999999999999,0.4,"8a75582446cffff,8a75582446c7fff,8a75582446e7fff,8a755824461ffff,8a7558244617fff,8a7558244637fff,8a755824471ffff,8a7558244627fff,8a7558244767fff,8a75582440c7fff,8a7558244c27fff,8a7558244c87fff,8a7558271257fff,8a75582712e7fff,8a7558246d27fff,8a7558246d37fff,8a7558273327fff,8a7558273337fff,8a75582733affff,8a755827338ffff,8a75582732f7fff,8a7558255967fff,8a75582464affff,8a75582464f7fff,8a755824648ffff,8a7558255b07fff,8a7558255b2ffff,8a7558255b77fff,8a7558255b47fff,8a7558255b5ffff,8a7558255b4ffff,8a7558246697fff,8a75582466b7fff,8a755824679ffff",1
41231357#0,-57680180#1,0.1999999999999999,0.1999999999999999,0.4,0.4,0.4,0.4,0.55,0.55,0.9,0.35,0.6,0.5,0.2,0.6,0.6,0.8,0.6,0.0999999999999999,0.7,0.5,0.1999999999999999,0.1999999999999999,0.8,"8a75582446cffff,8a75582446c7fff,8a75582446e7fff,8a755824461ffff,8a7558240d67fff,8a7558240d47fff,8a7558240997fff,8a755824460ffff,8a7558244627fff,8a755824471ffff,8a7558244767fff,8a75582440c7fff,8a7558244c27fff,8a7558244c87fff,8a7558271257fff,8a75582712e7fff,8a7558246d27fff,8a7558246d37fff,8a7558273327fff,8a7558273337fff,8a755827305ffff,8a75582733b7fff,8a75582730d7fff,8a7558273767fff,8a7558273667fff,8a7558255937fff,8a755825595ffff,8a7558255867fff,8a7558255b07fff,8a7558255b2ffff,8a7558255b77fff,8a7558255b47fff,8a7558255b5ffff,8a7558255b4ffff,8a7558246697fff,8a75582466b7fff,8a755824679ffff",4
174375412,57099589,0.9,0.9,0.7,0.7,0.7,0.5,0.55,0.55,1.0,0.4,0.8,0.5,0.1,0.8,0.8,0.8,0.0,0.4,0.8,0.4,0.9,0.6,0.0999999999999999,"8a755824051ffff,8a755824625ffff,8a75582405b7fff,8a7558240597fff,8a755824296ffff,8a755824291ffff,8a75582429affff,8a75582429a7fff,8a755824665ffff,8a75582466effff,8a75582466c7fff,8a75582466f7fff,8a75582466affff,8a7558246687fff,8a7558246697fff,8a7558255b4ffff,8a7558255b5ffff,8a7558255b47fff,8a7558255b77fff,8a7558255b2ffff,8a7558255b07fff,8a7558255867fff,8a7558255857fff",2
174375412,57099589,0.1999999999999999,0.1999999999999999,0.2,0.3,0.25,0.7,0.55,0.55,0.1,0.9,0.3,0.5,1.0,0.0,0.0,0.0,0.8,0.8,0.0,0.0,0.1999999999999999,0.9,0.1999999999999999,"8a755824051ffff,8a755824625ffff,8a755824624ffff,8a7558240517fff,8a7558240437fff,8a7558240407fff,8a755824040ffff,8a7558240417fff,8a7558240597fff,8a755824296ffff,8a755824291ffff,8a75582429affff,8a75582429a7fff,8a755824665ffff,8a755824664ffff,8a75582466effff,8a75582466c7fff,8a75582466f7fff,8a75582466affff,8a7558246687fff,8a7558246697fff,8a7558255a67fff,8a7558255a77fff,8a7558255b5ffff,8a7558255b4ffff,8a75582466b7fff,8a755824679ffff,8a7558246797fff,8a75582464cffff,8a75582464c7fff,8a75582464f7fff,8a755824648ffff,8a7558255b07fff,8a7558255867fff,8a7558255857fff",1
174375412,57099589,0.0,0.0,1.0,0.0,0.0,1.0,0.55,0.55,0.7,0.3,0.1,1.0,0.4,0.6,0.3,0.0999999999999999,0.9,0.0,0.4,0.9,0.0,0.0,0.8,"8a755824051ffff,8a755824625ffff,8a755824624ffff,8a7558240517fff,8a7558240437fff,8a7558240407fff,8a75582405b7fff,8a7558240597fff,8a755824296ffff,8a755824291ffff,8a75582429affff,8a75582429a7fff,8a755824665ffff,8a75582466effff,8a75582466c7fff,8a75582466f7fff,8a75582466affff,8a7558246687fff,8a7558246697fff,8a7558255a67fff,8a7558255a77fff,8a7558255b5ffff,8a7558255b4ffff,8a7558255b47fff,8a7558255b77fff,8a7558255b2ffff,8a7558255b07fff,8a755824648ffff,8a75582464f7fff,8a75582464affff,8a7558255967fff,8a75582732f7fff,8a755827338ffff,8a75582733affff,8a7558273337fff,8a755827305ffff,8a75582733b7fff,8a75582730d7fff,8a7558273767fff,8a7558273667fff,8a7558255937fff,8a755825595ffff,8a7558255867fff,8a7558255857fff",1
174375412,57099589,0.4,0.7,0.1,0.4,0.25,0.3,0.55,0.55,0.6,0.6,1.0,0.5,0.3,0.1999999999999999,0.4,0.4,0.0999999999999999,0.0999999999999999,0.1999999999999999,0.0999999999999999,0.7,0.1999999999999999,0.5,"8a755824051ffff,8a755824625ffff,8a755824624ffff,8a7558240517fff,8a7558240437fff,8a7558240407fff,8a755824040ffff,8a75582404e7fff,8a75582404f7fff,8a755824296ffff,8a755824291ffff,8a75582429affff,8a75582429a7fff,8a755824665ffff,8a75582466effff,8a75582466c7fff,8a75582466f7fff,8a75582466affff,8a7558246687fff,8a7558246697fff,8a7558255a67fff,8a7558255b4ffff,8a7558255b5ffff,8a7558255b47fff,8a7558255b77fff,8a7558255b2ffff,8a7558255b07fff,8a7558255867fff,8a7558255857fff",2
174375412,57099589,0.0999999999999999,0.0999999999999999,0.4,0.0999999999999999,0.25,0.9,0.55,0.55,0.3,0.5,0.2,0.5,0.9,0.7,0.1999999999999999,0.3,0.6,0.7,0.0999999999999999,0.3,0.0999999999999999,0.0999999999999999,0.9,"8a755824051ffff,8a755824625ffff,8a75582405b7fff,8a7558240437fff,8a7558240407fff,8a755824040ffff,8a7558240417fff,8a7558240597fff,8a755824296ffff,8a755824291ffff,8a75582429affff,8a75582429a7fff,8a755824665ffff,8a75582466effff,8a75582466c7fff,8a75582466f7fff,8a75582466affff,8a7558246687fff,8a7558246697fff,8a7558255a67fff,8a7558255a77fff,8a7558255aa7fff,8a755825516ffff,8a7558255a37fff,8a7558255b57fff,8a7558255b5ffff,8a7558255b4ffff,8a7558255b47fff,8a7558255b77fff,8a7558255b2ffff,8a7558255b07fff,8a7558255867fff,8a7558255857fff",1
174375412,57099589,0.5,0.4,0.5,0.9,0.7,0.1,0.55,0.55,0.2,0.1,0.5,0.5,0.8,0.4,0.6,0.6,0.7,0.1999999999999999,0.6,0.7,0.4,0.7,0.4,"8a755824051ffff,8a755824625ffff,8a755824624ffff,8a7558240517fff,8a7558240437fff,8a7558240407fff,8a755824040ffff,8a75582404e7fff,8a7558240417fff,8a7558240597fff,8a755824296ffff,8a755824291ffff,8a75582429affff,8a75582429a7fff,8a755824665ffff,8a75582466effff,8a75582466c7fff,8a75582466f7fff,8a75582466affff,8a7558246687fff,8a7558246697fff,8a75582466b7fff,8a755824679ffff,8a7558246797fff,8a75582464cffff,8a75582464c7fff,8a75582464f7fff,8a755824648ffff,8a7558255b07fff,8a7558255867fff,8a7558255857fff",4
174375412,57099589,0.8,0.8,0.9,0.5,0.7,0.8,0.55,0.55,0.4,0.8,0.7,0.5,0.6,0.0999999999999999,0.0999999999999999,0.1999999999999999,0.5,0.9,0.3,0.5,0.8,0.8,0.0,"8a755824051ffff,8a755824625ffff,8a75582405b7fff,8a7558240597fff,8a755824296ffff,8a755824291ffff,8a75582429affff,8a75582429a7fff,8a755824665ffff,8a755824664ffff,8a75582466effff,8a75582466c7fff,8a75582466f7fff,8a75582466affff,8a7558246687fff,8a7558246697fff,8a75582466b7fff,8a755824679ffff,8a7558246797fff,8a75582464cffff,8a75582464c7fff,8a75582464f7fff,8a755824648ffff,8a7558255b07fff,8a7558255867fff,8a7558255857fff",0
174375412,57099589,0.6,0.5,0.6,0.8,0.7,0.2,0.55,0.55,0.9,0.2,0.6,0.5,0.5,0.9,0.9,0.9,0.3,0.6,0.9,0.6,0.5,0.5,0.6,"8a755824051ffff,8a755824625ffff,8a75582462effff,8a755824624ffff,8a7558240517fff,8a7558240437fff,8a7558240407fff,8a755824040ffff,8a75582404e7fff,8a75582404f7fff,8a75582404affff,8a755824296ffff,8a755824291ffff,8a75582429affff,8a75582429a7fff,8a755824665ffff,8a75582466effff,8a75582466c7fff,8a75582466f7fff,8a75582466affff,8a7558246687fff,8a7558246697fff,8a7558255b4ffff,8a7558255b5ffff,8a7558255b47fff,8a7558255b77fff,8a7558255b2ffff,8a7558255b07fff,8a7558255867fff,8a7558255857fff",4
174375412,57099589,0.3,0.6,0.3,0.1999999999999999,0.25,0.6,0.55,0.55,0.5,1.0,0.4,0.5,0.7,0.3,0.5,0.5,0.1999999999999999,0.5,0.5,0.1999999999999999,0.6,0.3,0.7,"8a755824051ffff,8a755824625ffff,8a75582405b7fff,8a7558240437fff,8a7558240407fff,8a755824040ffff,8a75582404e7fff,8a75582404f7fff,8a75582404affff,8a755824296ffff,8a755824291ffff,8a75582429affff,8a75582429a7fff,8a755824665ffff,8a755824664ffff,8a75582466effff,8a75582466c7fff,8a75582466f7fff,8a75582466affff,8a7558246687fff,8a7558246697fff,8a7558255a67fff,8a7558255b4ffff,8a7558255b5ffff,8a7558255b47fff,8a7558255b77fff,8a7558255b2ffff,8a7558255b07fff,8a7558255867fff,8a7558255857fff",3
174375412,57099589,0.7,0.3,0.8,0.6,0.7,0.4,0.55,0.55,0.8,0.7,0.9,0.5,0.2,0.5,0.7,0.7,0.4,0.3,0.7,0.8,0.3,0.4,0.3,"8a755824051ffff,8a755824625ffff,8a755824624ffff,8a7558240517fff,8a7558240437fff,8a7558240407fff,8a755824040ffff,8a75582404e7fff,8a75582404f7fff,8a755824296ffff,8a755824291ffff,8a75582429affff,8a75582429a7fff,8a755824665ffff,8a755824664ffff,8a75582466effff,8a75582466c7fff,8a75582466f7fff,8a75582466affff,8a7558246687fff,8a7558246697fff,8a75582466b7fff,8a755824679ffff,8a7558255b6ffff,8a7558255b4ffff,8a7558255b5ffff,8a7558255b47fff,8a7558255b77fff,8a7558255b2ffff,8a7558255b07fff,8a7558255867fff,8a7558255857fff",2
-1238123695#1,-561133134,0.5,0.9,0.2,0.1999999999999999,0.3,0.5,0.55,0.55,0.5,1.0,0.55,0.5,0.5,0.3,0.1999999999999999,0.8,0.0,0.9,0.6,0.1999999999999999,0.9,0.3,0.6,"8a7558242937fff,8a755824666ffff,8a755824664ffff,8a7558246647fff,8a755824665ffff,8a75582466effff,8a75582466c7fff,8a75582466f7fff,8a75582466affff,8a7558246687fff,8a7558246697fff,8a7558255a67fff,8a7558255a77fff,8a7558255a97fff",2
-1238123695#1,-561133134,0.1999999999999999,0.1999999999999999,0.4,0.9,0.85,0.1,0.55,0.55,0.8,0.4,0.55,0.5,0.6,0.1999999999999999,0.8,0.6,0.5,0.0999999999999999,0.9,0.9,0.1999999999999999,0.8,0.5,"8a7558242937fff,8a755824666ffff,8a755824664ffff,8a7558246647fff,8a755824665ffff,8a75582466effff,8a75582466c7fff,8a75582466f7fff,8a75582466affff,8a7558246687fff,8a7558246697fff,8a75582466b7fff,8a755824679ffff,8a7558246797fff,8a75582464cffff,8a75582464c7fff,8a75582464f7fff,8a755824648ffff,8a7558255b07fff,8a7558255b2ffff,8a7558255b77fff,8a7558255b47fff,8a7558255b5ffff,8a7558255b4ffff,8a7558255a67fff,8a7558255a77fff,8a7558255a97fff",4
-1238123695#1,-561133134,0.7,0.4,0.1,0.7,0.7,0.2,0.55,0.55,0.6,0.6,0.55,1.0,0.1,0.0999999999999999,0.3,0.0,0.6,0.0,0.0999999999999999,0.7,0.4,0.9,0.0,"8a7558242937fff,8a755824666ffff,8a755824664ffff,8a7558246647fff,8a755824665ffff,8a75582466effff,8a75582466c7fff,8a75582466f7fff,8a75582466affff,8a7558246687fff,8a75582466a7fff,8a755824678ffff,8a755824679ffff,8a75582466b7fff,8a7558246697fff,8a7558255b4ffff,8a7558255a67fff,8a7558255a77fff,8a7558255a97fff",0
-1238123695#1,-561133134,0.0,0.0,0.6,0.3,0.3,0.8,0.55,0.55,0.2,0.1,0.55,0.5,0.9,0.4,0.0999999999999999,0.4,0.9,0.1999999999999999,0.1999999999999999,0.3,0.0,0.1999999999999999,0.7,"8a7558242937fff,8a755824666ffff,8a755824664ffff,8a7558246647fff,8a755824665ffff,8a75582466effff,8a75582466c7fff,8a75582466f7fff,8a75582466affff,8a7558246687fff,8a7558246697fff,8a75582466b7fff,8a755824679ffff,8a7558255b6ffff,8a7558255b4ffff,8a7558255a67fff,8a7558255b5ffff,8a7558255b57fff,8a7558255a37fff,8a755825516ffff,8a7558255aa7fff,8a7558255a77fff,8a7558255a97fff",1
-1238123695#1,-561133134,0.9,0.8,0.9,0.6,0.3,0.7,0.55,0.55,1.0,0.9,0.55,0.5,0.2,0.5,0.4,0.0999999999999999,0.0999999999999999,0.7,0.3,0.4,0.8,0.6,0.1999999999999999,"8a7558242937fff,8a755824666ffff,8a755824664ffff,8a7558246647fff,8a755824665ffff,8a75582466effff,8a75582466c7fff,8a75582466f7fff,8a75582466affff,8a7558246687fff,8a7558246697fff,8a7558255b4ffff,8a7558255a67fff,8a7558255b5ffff,8a7558255a77fff,8a7558255a97fff",0
-1238123695#1,-561133134,0.8,0.5,0.7,0.8,0.85,0.3,0.55,0.55,0.7,0.8,0.55,0.5,0.4,0.0,0.6,0.3,0.4,0.4,0.4,0.6,0.5,0.7,0.0999999999999999,"8a7558242937fff,8a755824666ffff,8a755824664ffff,8a7558246647fff,8a755824665ffff,8a75582466effff,8a75582466c7fff,8a75582466f7fff,8a75582466affff,8a7558246687fff,8a7558246697fff,8a75582466b7fff,8a755824679ffff,8a7558255b6ffff,8a7558255b4ffff,8a7558255a67fff,8a7558255a77fff,8a7558255a97fff",2
-1238123695#1,-561133134,0.0999999999999999,0.0999999999999999,0.8,0.0,0.3,0.9,0.55,0.55,0.1,0.2,0.55,0.5,1.0,0.9,0.7,0.7,0.8,0.3,0.5,0.0999999999999999,0.0999999999999999,0.0,0.9,"8a7558242937fff,8a755824666ffff,8a755824664ffff,8a7558246647fff,8a755824665ffff,8a75582466effff,8a75582466c7fff,8a75582466f7fff,8a75582466affff,8a7558246687fff,8a7558246697fff,8a7558255a67fff,8a7558255b5ffff,8a7558255b57fff,8a7558255a37fff,8a755825516ffff,8a7558255aa7fff,8a7558255a77fff,8a7558255a97fff",3
-1238123695#1,-561133134,0.6,0.7,0.5,0.4,0.3,0.4,0.55,0.55,0.9,0.7,0.55,0.5,0.3,0.6,0.5,0.9,0.1999999999999999,0.8,0.7,0.5,0.7,0.5,0.3,"8a7558242937fff,8a755824666ffff,8a755824664ffff,8a7558246647fff,8a755824665ffff,8a75582466effff,8a75582466c7fff,8a75582466f7fff,8a75582466affff,8a7558246687fff,8a7558246697fff,8a7558255b4ffff,8a7558255a67fff,8a7558255a77fff,8a7558255a97fff",2
-1238123695#1,-561133134,0.4,0.3,1.0,0.5,0.3,1.0,0.55,0.55,0.3,0.3,0.55,0.5,0.8,0.8,0.9,0.5,0.7,0.5,0.8,0.8,0.3,0.0999999999999999,0.8,"8a7558242937fff,8a755824666ffff,8a755824664ffff,8a7558246647fff,8a755824665ffff,8a75582466effff,8a75582466c7fff,8a75582466f7fff,8a75582466affff,8a7558246687fff,8a7558246697fff,8a7558255b4ffff,8a7558255a67fff,8a7558255b5ffff,8a7558255b57fff,8a7558255a37fff,8a755825516ffff,8a7558255aa7fff,8a7558255a77fff,8a7558255a97fff",3
-1238123695#1,-561133134,0.3,0.6,0.3,0.0999999999999999,0.3,0.6,0.55,0.55,0.4,0.5,0.55,0.5,0.7,0.7,0.0,0.1999999999999999,0.3,0.6,0.0,0.0,0.6,0.4,0.4,"8a7558242937fff,8a755824666ffff,8a755824664ffff,8a7558246647fff,8a755824665ffff,8a75582466effff,8a75582466c7fff,8a75582466f7fff,8a75582466affff,8a7558246687fff,8a7558246697fff,8a7558255a67fff,8a7558255b5ffff,8a7558255a77fff,8a7558255a97fff",1
-57680130#1,-22561499#0,0.75,0.75,1.0,0.5,0.625,0.75,0.625,0.625,1.0,0.75,0.625,0.625,0.25,0.75,0.75,0.75,0.0,0.75,0.75,0.625,0.75,0.75,0.0,"8a7558246677fff,8a7558246657fff,8a755824666ffff,8a755824664ffff,8a7558246647fff,8a755824665ffff,8a75582466effff,8a75582466c7fff,8a75582466f7fff,8a75582466affff,8a7558246687fff,8a7558246697fff,8a7558255b4ffff",2
-57680130#1,-22561499#0,0.0,0.0,0.5,0.0,0.125,1.0,0.625,0.625,0.25,0.5,0.625,0.625,1.0,0.5,0.5,0.25,0.75,0.5,0.25,0.25,0.0,0.0,0.75,"8a7558246677fff,8a7558246657fff,8a755824666ffff,8a755824664ffff,8a7558246647fff,8a755824665ffff,8a75582466effff,8a75582466c7fff,8a75582466f7fff,8a75582466affff,8a7558246687fff,8a7558246697fff,8a7558255a67fff,8a7558255a77fff,8a7558255aa7fff,8a755825516ffff,8a7558255a37fff,8a7558255b57fff,8a7558255b5ffff,8a7558255b4ffff",1
-57680130#1,-22561499#0,0.25,0.5,0.25,0.25,0.125,0.5,0.625,0.625,0.5,1.0,0.625,0.625,0.75,0.0,0.0,0.0,0.25,0.25,0.0,0.0,0.25,0.5,0.5,"8a7558246677fff,8a7558246657fff,8a755824666ffff,8a755824664ffff,8a7558246647fff,8a755824665ffff,8a75582466effff,8a75582466c7fff,8a75582466f7fff,8a75582466affff,8a7558246687fff,8a7558246697fff,8a7558255a67fff,8a7558255b4ffff",1
-57680130#1,-22561499#0,0.5,0.25,0.75,0.75,0.625,0.25,0.625,0.625,0.75,0.25,0.625,0.625,0.5,0.25,0.25,0.5,0.5,0.0,0.5,0.625,0.5,0.25,0.25,"8a7558246677fff,8a7558246657fff,8a755824666ffff,8a755824664ffff,8a7558246647fff,8a755824665ffff,8a75582466effff,8a75582466c7fff,8a75582466f7fff,8a75582466affff,8a7558246687fff,8a7558246697fff,8a75582466b7fff,8a755824679ffff,8a7558255b6ffff,8a7558255b4ffff",2
-1264978470#1,-22561653,0.75,0.75,0.5,0.5,0.5,0.5,0.625,0.625,1.0,0.625,0.625,0.5,0.25,0.75,0.75,0.75,0.0,0.75,0.75,0.75,0.75,0.25,0.5,"8a7558255867fff,8a7558255b07fff,8a7558255b2ffff,8a7558255b77fff,8a7558255b47fff,8a7558255b5ffff,8a7558255b4ffff,8a7558246697fff",2
-1264978470#1,-22561653,0.0,0.0,1.0,0.0,0.0,1.0,0.625,0.625,0.75,0.625,0.625,1.0,0.5,0.5,0.5,0.5,0.5,0.0,0.5,0.5,0.0,0.0,0.75,"8a7558255b07fff,8a7558255867fff,8a755825595ffff,8a7558255937fff,8a7558273667fff,8a7558273767fff,8a75582730d7fff,8a75582733b7fff,8a755827305ffff,8a7558273337fff,8a75582733affff,8a755827338ffff,8a75582732f7fff,8a7558255967fff,8a75582464affff,8a75582464f7fff,8a75582464c7fff,8a75582464cffff,8a7558246797fff,8a755824679ffff,8a75582466b7fff,8a7558246697fff,8a7558255b4ffff",3
-1264978470#1,-22561653,0.25,0.25,0.5,0.5,0.5,0.5,0.625,0.625,0.25,0.625,0.625,0.5,1.0,0.25,0.25,0.25,0.5,0.5,0.25,0.25,0.5,0.5,0.25,"8a7558255867fff,8a7558255b07fff,8a755824648ffff,8a75582464f7fff,8a75582464c7fff,8a75582464cffff,8a7558246797fff,8a755824679ffff,8a7558255b6ffff,8a7558255b4ffff,8a7558246697fff",1
-1264978470#1,-22561653,0.5,0.5,0.5,0.5,0.5,0.5,0.625,0.625,0.5,0.625,0.625,0.5,0.75,0.0,0.0,0.0,0.5,0.25,0.0,0.0,0.25,0.75,0.0,"8a7558255867fff,8a7558255b07fff,8a755824648ffff,8a75582464f7fff,8a75582464c7fff,8a75582464cffff,8a7558246797fff,8a755824679ffff,8a75582466b7fff,8a7558246697fff,8a7558255b4ffff",0
-561133132,-57392454#1,0.75,0.625,0.9375,0.75,0.8125,0.9375,0.5625,0.5625,0.4375,0.1875,0.5625,0.5625,0.9375,0.5625,0.8125,0.8125,0.4375,0.625,0.8125,0.8125,0.5,0.125,0.875,"8a7558255a37fff,8a755825516ffff,8a7558255aa7fff,8a7558255a77fff,8a7558255ae7fff,8a7558255ac7fff",3
-561133132,-57392454#1,0.125,0.125,0.125,0.375,0.3125,0.125,0.5625,0.5625,1.0,0.75,0.5625,0.5625,0.125,0.0,0.125,0.25,0.4375,0.375,0.0,0.5,0.25,0.875,0.0,"8a755825516ffff,8a7558255a37fff,8a7558255b57fff,8a7558255b5ffff,8a7558255a67fff,8a7558255b4ffff,8a7558246697fff,8a7558246687fff,8a7558255a77fff,8a7558255ae7fff,8a7558255ac7fff",1
-561133132,-57392454#1,0.625,0.75,0.625,0.5,0.3125,0.625,0.5625,0.5625,0.4375,0.625,0.5625,0.5625,0.625,0.5625,0.5,0.5,0.4375,0.75,0.5,0.0,0.75,0.375,0.5,"8a755825516ffff,8a7558255a37fff,8a7558255b57fff,8a7558255b5ffff,8a7558255a67fff,8a7558255a77fff,8a7558255ae7fff,8a7558255ac7fff",2
-561133132,-57392454#1,0.25,0.25,0.5,0.125,0.3125,0.5,0.5625,0.5625,0.4375,0.875,0.5625,0.5625,0.5,0.5625,0.25,0.125,0.4375,0.0,0.375,0.375,0.125,0.5,0.375,"8a7558255a37fff,8a755825516ffff,8a7558255aa7fff,8a7558255a77fff,8a7558255b5ffff,8a7558255a67fff,8a7558255b4ffff,8a7558246697fff,8a7558255ae7fff,8a7558255ac7fff",1
-561133132,-57392454#1,0.875,0.875,0.9375,0.875,0.8125,0.9375,0.5625,0.5625,0.4375,0.1875,0.5625,0.5625,0.9375,0.5625,0.8125,0.8125,0.4375,0.875,0.8125,0.8125,0.875,0.25,0.625,"8a755825516ffff,8a7558255a37fff,8a7558255b57fff,8a7558255b5ffff,8a7558255a77fff,8a7558255ae7fff,8a7558255ac7fff",2
-561133132,-57392454#1,0.5,0.375,0.75,0.625,0.3125,0.75,0.5625,0.5625,0.4375,0.375,0.5625,0.5625,0.75,0.5625,0.625,0.625,0.4375,0.25,0.625,0.25,0.375,0.0,0.75,"8a7558255a37fff,8a755825516ffff,8a7558255aa7fff,8a7558255a77fff,8a7558255b5ffff,8a7558255a67fff,8a7558255ae7fff,8a7558255ac7fff",3
-561133132,-57392454#1,0.375,0.5,0.375,0.0,0.3125,0.375,0.5625,0.5625,0.4375,1.0,0.5625,0.5625,0.375,0.5625,0.0,0.0,0.4375,0.5,0.125,0.125,0.625,0.75,0.25,"8a755825516ffff,8a7558255a37fff,8a7558255b57fff,8a7558255b5ffff,8a7558255a67fff,8a7558255b4ffff,8a7558246697fff,8a7558255a77fff,8a7558255ae7fff,8a7558255ac7fff",0
-561133132,-57392454#1,0.0,0.0,0.25,0.25,0.3125,0.25,0.5625,0.5625,0.875,0.5,0.5625,0.5625,0.25,0.125,0.375,0.375,0.4375,0.125,0.25,0.625,0.0,0.625,0.125,"8a7558255a37fff,8a755825516ffff,8a7558255aa7fff,8a7558255a77fff,8a7558255b5ffff,8a7558255a67fff,8a7558255b4ffff,8a7558246697fff,8a7558246687fff,8a7558255ae7fff,8a7558255ac7fff",1
-57680160#1,57392486,0.6666666666666667,0.6666666666666667,0.3333333333333333,0.0,0.3333333333333333,0.6666666666666666,0.6666666666666666,0.6666666666666666,1.0,0.6666666666666666,0.6666666666666666,0.6666666666666666,0.3333333333333333,0.0,0.0,0.0,0.0,0.6666666666666667,0.0,0.3333333333333333,0.6666666666666667,0.0,0.6666666666666667,"8a75582464b7fff,8a755824648ffff,8a7558255b07fff,8a7558255b2ffff,8a7558255b77fff,8a7558255b47fff,8a7558255b5ffff,8a7558255b4ffff,8a7558246697fff,8a7558246687fff",0
-57680160#1,57392486,0.3333333333333333,0.3333333333333333,0.6666666666666666,0.3333333333333333,0.3333333333333333,0.6666666666666666,0.6666666666666666,0.6666666666666666,0.3333333333333333,0.6666666666666666,0.6666666666666666,0.6666666666666666,1.0,0.3333333333333333,0.3333333333333333,0.3333333333333333,0.5,0.3333333333333333,0.3333333333333333,0.3333333333333333,0.3333333333333333,0.3333333333333333,0.3333333333333333,"8a75582464b7fff,8a755824648ffff,8a75582464f7fff,8a75582464c7fff,8a75582464cffff,8a7558246797fff,8a755824679ffff,8a75582466b7fff,8a7558246697fff,8a7558246687fff",1
-57680160#1,57392486,0.0,0.0,1.0,0.6666666666666667,0.3333333333333333,0.6666666666666666,0.6666666666666666,0.6666666666666666,0.6666666666666666,0.6666666666666666,0.6666666666666666,0.6666666666666666,0.6666666666666666,0.6666666666666667,0.6666666666666667,0.6666666666666667,0.5,0.0,0.6666666666666667,0.3333333333333333,0.0,0.6666666666666667,0.0,"8a75582464b7fff,8a755824648ffff,8a75582464f7fff,8a75582464c7fff,8a75582464cffff,8a7558246797fff,8a755824679ffff,8a7558255b6ffff,8a7558255b4ffff,8a7558246697fff,8a7558246687fff",3
-57680166#1,-39353757#3,0.9,0.9,0.5,0.4,0.4499999999999999,0.9,0.55,0.55,0.3,0.5,1.0,0.55,0.2,0.7,0.0999999999999999,0.0999999999999999,0.4499999999999999,0.3,0.4,0.0,0.9,0.8,0.0999999999999999,"8a755824629ffff,8a755824666ffff,8a755824664ffff,8a7558246647fff,8a755824665ffff,8a75582429a7fff,8a75582429affff,8a755824291ffff,8a755824296ffff,8a7558240597fff",0
-57680166#1,-39353757#3,0.0,0.0,0.6,0.5,0.4499999999999999,0.5,0.55,0.55,0.6,0.6,0.1,0.55,0.9,0.4,0.7,0.5,0.4499999999999999,0.7,0.5,0.9,0.0,0.7,0.1999999999999999,"8a755824629ffff,8a755824666ffff,8a755824664ffff,8a7558246647fff,8a755824665ffff,8a75582429a7fff,8a75582429affff,8a755824291ffff,8a755824296ffff,8a75582404f7fff,8a75582404e7fff,8a755824040ffff,8a7558240407fff,8a7558240437fff,8a755824051ffff,8a755824625ffff,8a75582405b7fff,8a7558240597fff",4
-57680166#1,-39353757#3,0.1999999999999999,0.1999999999999999,0.2,0.8,0.4499999999999999,0.2,0.55,0.55,0.3,0.2,0.3,0.55,0.8,0.7,0.8,0.8,0.4499999999999999,0.8,0.8,0.7,0.1999999999999999,0.0,0.9,"8a755824629ffff,8a755824666ffff,8a755824664ffff,8a7558246647fff,8a755824665ffff,8a75582429a7fff,8a75582429affff,8a755824291ffff,8a755824296ffff,8a75582404f7fff,8a75582404e7fff,8a755824040ffff,8a7558240407fff,8a75582405b7fff,8a7558240597fff",4
-57680166#1,-39353757#3,0.4,0.4,0.8,0.1999999999999999,0.4499999999999999,0.7,0.55,0.55,0.8,0.8,0.5,0.55,0.4,0.1999999999999999,0.3,0.3,0.4499999999999999,0.4,0.1999999999999999,0.5,0.3,0.4,0.4,"8a755824629ffff,8a755824666ffff,8a755824664ffff,8a7558246647fff,8a755824665ffff,8a75582429a7fff,8a75582429affff,8a755824291ffff,8a755824296ffff,8a75582404f7fff,8a75582404e7fff,8a7558240417fff,8a7558240597fff",1
-57680166#1,-39353757#3,0.3,0.3,0.8,0.1999999999999999,0.4499999999999999,0.6,0.55,0.55,0.7,0.7,0.4,0.55,0.7,0.3,0.4,0.4,0.4499999999999999,0.9,0.3,0.6,0.4,0.3,0.5,"8a755824629ffff,8a755824666ffff,8a755824664ffff,8a7558246647fff,8a755824665ffff,8a75582429a7fff,8a75582429affff,8a755824291ffff,8a755824296ffff,8a75582404f7fff,8a75582404e7fff,8a755824040ffff,8a7558240417fff,8a7558240597fff",3
-57680166#1,-39353757#3,0.0999999999999999,0.0999999999999999,0.1,0.9,0.4499999999999999,0.1,0.55,0.55,0.3,0.1,0.2,0.55,1.0,0.7,0.9,0.9,0.4499999999999999,0.6,0.9,0.8,0.0999999999999999,0.6,0.6,"8a755824629ffff,8a755824666ffff,8a755824664ffff,8a7558246647fff,8a755824665ffff,8a75582429a7fff,8a75582429affff,8a755824291ffff,8a755824296ffff,8a75582404f7fff,8a75582404e7fff,8a755824040ffff,8a7558240407fff,8a7558240437fff,8a755824051ffff,8a755824625ffff,8a75582405b7fff,8a7558240597fff",4
-57680166#1,-39353757#3,0.6,0.5,0.8,0.1999999999999999,0.4499999999999999,0.8,0.55,0.55,0.9,0.9,0.6,0.55,0.3,0.0999999999999999,0.1999999999999999,0.1999999999999999,0.4499999999999999,0.1999999999999999,0.0999999999999999,0.4,0.5,0.5,0.3,"8a755824629ffff,8a755824666ffff,8a755824664ffff,8a7558246647fff,8a755824665ffff,8a75582429a7fff,8a75582429affff,8a755824291ffff,8a755824296ffff,8a75582404f7fff,8a75582404affff,8a7558240597fff",0
-57680166#1,-39353757#3,0.8,0.8,1.0,0.0,0.4499999999999999,1.0,0.55,0.55,1.0,1.0,0.8,0.55,0.1,0.0,0.0,0.0,0.4499999999999999,0.5,0.0,0.0999999999999999,0.8,0.9,0.0,"8a755824629ffff,8a755824666ffff,8a755824664ffff,8a7558246647fff,8a755824665ffff,8a75582429a7fff,8a75582429affff,8a755824291ffff,8a755824296ffff,8a7558240597fff",0
-57680166#1,-39353757#3,0.7,0.7,0.35,0.65,0.4499999999999999,0.4,0.55,0.55,0.3,0.4,0.9,0.55,0.5,0.7,0.5,0.6,0.4499999999999999,0.0,0.6,0.1999999999999999,0.7,0.1999999999999999,0.7,"8a755824629ffff,8a755824666ffff,8a755824664ffff,8a7558246647fff,8a755824665ffff,8a75582429a7fff,8a75582429affff,8a755824291ffff,8a755824296ffff,8a75582404f7fff,8a75582404affff,8a7558240597fff",2
-57680166#1,-39353757#3,0.5,0.6,0.35,0.65,0.4499999999999999,0.3,0.55,0.55,0.3,0.3,0.7,0.55,0.6,0.7,0.6,0.7,0.4499999999999999,0.0999999999999999,0.7,0.3,0.6,0.0999999999999999,0.8,"8a755824629ffff,8a755824666ffff,8a755824664ffff,8a7558246647fff,8a755824665ffff,8a75582429a7fff,8a75582429affff,8a755824291ffff,8a755824296ffff,8a75582404f7fff,8a75582404e7fff,8a7558240417fff,8a7558240597fff",4
-57680175,-174375407#3,0.9,0.9,0.4,0.8,0.55,0.2,0.55,0.55,0.7,0.4,0.4,0.5,1.0,0.3,0.5,0.0999999999999999,0.0,0.9,0.4,0.0,0.9,0.9,0.0,"8a7558273a87fff,8a7558273337fff,8a75582733affff,8a755827338ffff,8a75582732f7fff,8a7558255967fff,8a75582464affff,8a75582464f7fff,8a75582464c7fff,8a75582464cffff,8a7558246797fff,8a755824679ffff,8a75582466b7fff,8a7558246697fff,8a7558246687fff,8a75582466affff,8a75582466f7fff,8a75582466c7fff,8a75582466effff,8a755824665ffff,8a75582429a7fff,8a75582429affff",2
-57680175,-174375407#3,0.0999999999999999,0.0999999999999999,0.6,0.6,0.55,0.6,0.55,0.55,0.3,0.5,0.6,0.4,0.7,0.7,0.9,0.9,0.65,0.0999999999999999,0.9,0.8,0.0999999999999999,0.4,0.6,"8a7558273a87fff,8a7558273337fff,8a7558273327fff,8a7558246d37fff,8a7558246d27fff,8a75582712e7fff,8a7558271257fff,8a7558244c87fff,8a7558244c27fff,8a75582440c7fff,8a7558244767fff,8a7558244627fff,8a755824471ffff,8a755824460ffff,8a755824461ffff,8a755824468ffff,8a75582446dffff,8a75582446c7fff,8a7558240d67fff,8a7558240d77fff,8a7558240d27fff,8a755824469ffff,8a7558246a6ffff,8a7558246a4ffff,8a7558246a5ffff,8a7558240da7fff,8a7558240daffff,8a7558240d1ffff,8a7558240c27fff,8a7558240c37fff,8a7558240c17fff,8a7558240cb7fff,8a755824634ffff,8a7558246277fff,8a75582462e7fff,8a75582462c7fff,8a75582462d7fff,8a7558242927fff,8a7558242937fff,8a755824664ffff,8a755824665ffff,8a75582429a7fff,8a75582429affff",4
-57680175,-174375407#3,0.6,0.6,0.3,0.3,0.05,0.4,0.55,0.55,0.9,0.1,0.1,0.6,0.2,0.1999999999999999,0.1999999999999999,0.1999999999999999,0.3,0.6,0.0999999999999999,0.3,0.6,0.6,0.3,"8a7558273337fff,8a7558273a87fff,8a7558273aaffff,8a7558273a0ffff,8a7558246d27fff,8a7558246d37fff,8a7558273327fff,8a755827305ffff,8a75582733b7fff,8a75582730d7fff,8a7558273767fff,8a7558273667fff,8a7558255937fff,8a755825595ffff,8a7558255867fff,8a7558255b07fff,8a7558255b2ffff,8a7558255b77fff,8a7558255b47fff,8a7558255b5ffff,8a7558255b4ffff,8a7558246697fff,8a7558246687fff,8a755824668ffff,8a75582466f7fff,8a75582466c7fff,8a75582466effff,8a755824665ffff,8a75582429a7fff,8a75582429affff",0
-57680175,-174375407#3,0.1999999999999999,0.1999999999999999,0.9,0.4,0.55,0.8,0.55,0.55,0.3,0.8,0.7,0.7,0.6,0.7,0.4,0.5,0.65,0.3,0.3,0.7,0.3,0.3,0.5,"8a7558273a87fff,8a7558273337fff,8a7558273327fff,8a7558246d37fff,8a7558246d27fff,8a75582712e7fff,8a7558271257fff,8a7558244c87fff,8a7558244c27fff,8a75582440c7fff,8a7558244767fff,8a7558244627fff,8a755824471ffff,8a7558244637fff,8a75582447affff,8a755824478ffff,8a75582446a7fff,8a7558244687fff,8a75582446b7fff,8a755824469ffff,8a7558240d27fff,8a7558240d77fff,8a7558240d57fff,8a7558240d47fff,8a7558240c67fff,8a7558240c07fff,8a7558240c37fff,8a7558240c17fff,8a7558240cb7fff,8a755824634ffff,8a7558246277fff,8a75582462e7fff,8a75582462c7fff,8a75582462d7fff,8a7558242927fff,8a7558242937fff,8a755824664ffff,8a7558246647fff,8a755824665ffff,8a75582429a7fff,8a75582429affff",3
-57680175,-174375407#3,0.0,0.0,0.5,0.7,0.55,0.5,0.55,0.55,0.6,0.6,0.5,0.3,0.8,0.4,0.8,0.6,0.65,0.0,0.6,0.9,0.0,0.5,0.4,"8a7558273a87fff,8a7558273337fff,8a7558273327fff,8a7558246d37fff,8a7558246d27fff,8a75582712e7fff,8a7558271257fff,8a7558244c87fff,8a7558244c27fff,8a75582440c7fff,8a7558244767fff,8a7558244627fff,8a755824471ffff,8a7558244717fff,8a7558244707fff,8a755824409ffff,8a7558244097fff,8a7558244467fff,8a7558244477fff,8a75582447b7fff,8a75582447a7fff,8a7558244787fff,8a75582446b7fff,8a755824469ffff,8a7558240d27fff,8a7558240d77fff,8a7558240d57fff,8a7558240c27fff,8a7558240c37fff,8a7558240c17fff,8a7558240cb7fff,8a755824634ffff,8a7558246277fff,8a75582462e7fff,8a75582462c7fff,8a75582462d7fff,8a7558242927fff,8a7558242937fff,8a755824664ffff,8a755824665ffff,8a75582429a7fff,8a75582429affff",4
-57680175,-174375407#3,0.7,0.7,0.1,0.9,0.55,0.3,0.55,0.55,1.0,0.2,0.2,0.1,0.3,0.0999999999999999,0.0999999999999999,0.3,0.0999999999999999,0.7,0.1999999999999999,0.1999999999999999,0.7,0.7,0.1999999999999999,"8a7558273a87fff,8a7558273337fff,8a755827305ffff,8a75582733b7fff,8a75582730d7fff,8a7558273767fff,8a7558273667fff,8a7558255937fff,8a755825595ffff,8a7558255867fff,8a7558255b07fff,8a755824648ffff,8a75582464f7fff,8a75582464c7fff,8a75582464cffff,8a7558246797fff,8a755824679ffff,8a7558255b6ffff,8a7558255b4ffff,8a7558246697fff,8a7558246687fff,8a75582466affff,8a75582466f7fff,8a75582466c7fff,8a75582466effff,8a755824665ffff,8a75582429a7fff,8a75582429affff",2
-57680175,-174375407#3,0.8,0.8,0.2,0.0,0.05,0.1,0.55,0.55,0.8,0.3,0.3,0.2,0.9,0.0,0.0,0.0,0.1999999999999999,0.8,0.0,0.0999999999999999,0.8,0.8,0.0999999999999999,"8a7558273a87fff,8a7558273337fff,8a75582733affff,8a755827338ffff,8a75582732f7fff,8a7558255967fff,8a75582464affff,8a75582464f7fff,8a755824648ffff,8a7558255b07fff,8a7558255b2ffff,8a7558255b77fff,8a7558255b47fff,8a7558255b5ffff,8a7558255b4ffff,8a7558246697fff,8a7558246687fff,8a755824668ffff,8a75582466f7fff,8a75582466c7fff,8a75582466effff,8a755824665ffff,8a75582429a7fff,8a75582429affff",0
-57680175,-174375407#3,0.5,0.4,1.0,0.1999999999999999,0.55,1.0,0.55,0.55,0.3,1.0,0.9,1.0,0.1,0.7,0.6,0.7,0.65,0.4,0.7,0.5,0.1999999999999999,0.1999999999999999,0.9,"8a7558273337fff,8a7558273a87fff,8a7558273aaffff,8a7558273a0ffff,8a7558246d27fff,8a75582712e7fff,8a7558271257fff,8a7558244c87fff,8a7558244c27fff,8a75582440c7fff,8a7558244767fff,8a7558244627fff,8a755824471ffff,8a755824460ffff,8a755824461ffff,8a75582446c7fff,8a7558240d67fff,8a7558240d77fff,8a7558240d57fff,8a7558240d47fff,8a7558240c67fff,8a7558240c07fff,8a7558240c37fff,8a7558240c17fff,8a7558240cb7fff,8a755824634ffff,8a7558246277fff,8a75582462e7fff,8a75582462c7fff,8a75582462d7fff,8a7558242927fff,8a7558242937fff,8a755824664ffff,8a755824665ffff,8a75582429a7fff,8a75582429affff",3
-57680175,-174375407#3,0.4,0.5,0.7,0.5,0.55,0.7,0.55,0.55,0.3,0.7,1.0,0.9,0.5,0.7,0.3,0.4,0.65,0.1999999999999999,0.5,0.4,0.5,0.0,0.7,"8a7558273a87fff,8a7558273337fff,8a7558273327fff,8a7558246d37fff,8a7558246d27fff,8a75582712e7fff,8a7558271257fff,8a7558244c87fff,8a7558244c27fff,8a75582440c7fff,8a7558244767fff,8a7558244627fff,8a755824471ffff,8a755824460ffff,8a755824461ffff,8a75582446c7fff,8a7558240d67fff,8a7558240d77fff,8a7558240d57fff,8a7558240c27fff,8a7558240c37fff,8a7558240c17fff,8a7558240cb7fff,8a755824634ffff,8a7558246277fff,8a75582462e7fff,8a75582462c7fff,8a75582462d7fff,8a7558242927fff,8a7558242937fff,8a755824664ffff,8a7558246647fff,8a755824665ffff,8a75582429a7fff,8a75582429affff",3
-57680175,-174375407#3,0.3,0.3,0.8,0.0999999999999999,0.55,0.9,0.55,0.55,0.3,0.9,0.8,0.8,0.4,0.7,0.7,0.8,0.65,0.5,0.8,0.6,0.4,0.0999999999999999,0.8,"8a7558273a87fff,8a7558273337fff,8a7558273327fff,8a7558246d37fff,8a7558246d27fff,8a75582712e7fff,8a7558271257fff,8a7558244c87fff,8a7558244c27fff,8a75582440c7fff,8a7558244767fff,8a7558244627fff,8a755824471ffff,8a7558244637fff,8a7558244617fff,8a755824461ffff,8a755824468ffff,8a75582446d7fff,8a7558240d77fff,8a7558240d67fff,8a7558240d57fff,8a7558240d47fff,8a7558240c67fff,8a7558240c07fff,8a7558240c37fff,8a7558240c17fff,8a7558240cb7fff,8a755824634ffff,8a7558246277fff,8a75582462e7fff,8a75582462c7fff,8a75582462d7fff,8a7558242927fff,8a7558242937fff,8a755824664ffff,8a755824665ffff,8a75582429a7fff,8a75582429affff",3
57680146,-57680135,0.9,0.8,0.8,0.5,0.6,0.3,0.55,0.55,0.4,0.4,0.45,0.7,1.0,0.7,0.7,0.7,0.5,0.3,0.9,0.7,0.8,0.7,0.1999999999999999,"8a755824629ffff,8a755824666ffff,8a755824664ffff,8a7558246647fff,8a755824665ffff,8a75582466effff,8a75582466c7fff,8a75582466f7fff,8a75582466affff,8a7558246687fff,8a7558246697fff,8a75582466b7fff,8a755824679ffff,8a7558246797fff,8a75582464cffff,8a75582464c7fff,8a75582464f7fff,8a75582464affff,8a7558255967fff,8a75582732f7fff,8a755827338ffff,8a75582733affff,8a7558273337fff",2
57680146,-57680135,0.0999999999999999,0.0,0.9,0.4,0.6,1.0,0.55,0.55,0.1,0.9,0.9,1.0,0.4,0.9,0.9,0.9,0.85,0.9,0.6,0.0999999999999999,0.0,0.0999999999999999,0.8,"8a755824629ffff,8a755824666ffff,8a755824664ffff,8a7558246647fff,8a755824665ffff,8a7558242937fff,8a7558242927fff,8a75582462d7fff,8a75582462c7fff,8a75582462e7fff,8a7558246277fff,8a755824634ffff,8a7558240cb7fff,8a7558240c17fff,8a7558240c37fff,8a7558240c27fff,8a7558240d57fff,8a7558240d77fff,8a7558240d27fff,8a7558244687fff,8a75582446a7fff,8a755824478ffff,8a75582447affff,8a7558244637fff,8a755824471ffff,8a7558244627fff,8a7558244767fff,8a75582440c7fff,8a7558244c27fff,8a7558244c87fff,8a7558271257fff,8a75582712e7fff,8a7558246d27fff,8a7558273a0ffff,8a7558273aaffff,8a7558273a87fff,8a7558273337fff,8a75582733affff",3
57680146,-57680135,0.3,0.3,0.3,0.3,0.0999999999999999,0.8,0.55,0.55,0.9,0.7,0.45,0.2,0.2,0.5,0.0999999999999999,0.4,0.3,0.6,0.0999999999999999,0.4,0.3,0.3,0.7,"8a755824629ffff,8a755824666ffff,8a755824664ffff,8a7558246647fff,8a755824665ffff,8a75582466effff,8a75582466c7fff,8a75582466f7fff,8a75582466affff,8a7558246687fff,8a7558246697fff,8a7558255a67fff,8a7558255a77fff,8a7558255b5ffff,8a7558255b4ffff,8a7558255b47fff,8a7558255b77fff,8a7558255b2ffff,8a7558255b07fff,8a7558255867fff,8a755825595ffff,8a7558255937fff,8a7558273667fff,8a7558273767fff,8a75582730d7fff,8a75582733b7fff,8a755827305ffff,8a7558273337fff,8a75582733affff",1
57680146,-57680135,0.4,0.4,0.2,0.8,0.6,0.6,0.55,0.55,0.8,0.1,0.45,0.4,0.3,0.4,0.4,0.3,0.6,0.4,0.3,0.7,0.4,0.4,0.4,"8a755824629ffff,8a755824666ffff,8a755824664ffff,8a7558246647fff,8a755824665ffff,8a75582466effff,8a75582466c7fff,8a75582466f7fff,8a75582466affff,8a7558246687fff,8a75582466a7fff,8a755824678ffff,8a755824679ffff,8a7558246797fff,8a75582464cffff,8a75582464c7fff,8a75582464f7fff,8a755824648ffff,8a7558255b07fff,8a7558255867fff,8a755825595ffff,8a7558255937fff,8a7558273667fff,8a7558273767fff,8a75582730d7fff,8a75582733b7fff,8a755827305ffff,8a7558273337fff,8a75582733affff",2
57680146,-57680135,0.7,0.6,0.4,0.6,0.6,0.1,0.55,0.55,0.6,0.3,0.45,0.6,0.7,0.1999999999999999,0.1999999999999999,0.0,0.0999999999999999,0.1999999999999999,0.4,0.7,0.6,0.9,0.0999999999999999,"8a755824629ffff,8a755824666ffff,8a755824664ffff,8a7558246647fff,8a755824665ffff,8a75582466effff,8a75582466c7fff,8a75582466f7fff,8a75582466affff,8a7558246687fff,8a75582466a7fff,8a755824678ffff,8a755824679ffff,8a75582466b7fff,8a7558246697fff,8a7558255b4ffff,8a7558255b5ffff,8a7558255b47fff,8a7558255b77fff,8a7558255b2ffff,8a7558255b07fff,8a755824648ffff,8a75582464f7fff,8a75582464affff,8a7558255967fff,8a75582732f7fff,8a755827338ffff,8a75582733affff,8a7558273337fff",2
57680146,-57680135,0.6,0.7,0.7,0.0,0.0999999999999999,0.2,0.55,0.55,0.5,0.8,0.45,0.5,0.8,0.0999999999999999,0.3,0.5,0.0,0.0999999999999999,0.1999999999999999,0.3,0.7,0.6,0.3,"8a755824629ffff,8a755824666ffff,8a755824664ffff,8a7558246647fff,8a755824665ffff,8a75582466effff,8a75582466c7fff,8a75582466f7fff,8a75582466affff,8a7558246687fff,8a7558246697fff,8a7558255a67fff,8a7558255b4ffff,8a7558255b5ffff,8a7558255b47fff,8a7558255b77fff,8a7558255b2ffff,8a7558255b07fff,8a755824648ffff,8a75582464f7fff,8a75582464affff,8a7558255967fff,8a75582732f7fff,8a755827338ffff,8a75582733affff,8a7558273337fff",0
57680146,-57680135,0.0,0.0999999999999999,1.0,0.1999999999999999,0.6,0.9,0.55,0.55,0.2,1.0,1.0,0.8,0.5,0.8,0.8,0.8,0.85,0.8,0.5,0.0,0.0999999999999999,0.0,0.9,"8a755824629ffff,8a755824666ffff,8a755824664ffff,8a7558246647fff,8a755824665ffff,8a7558242937fff,8a7558242927fff,8a75582462d7fff,8a75582462c7fff,8a75582462e7fff,8a7558246277fff,8a755824634ffff,8a7558240cb7fff,8a7558240c17fff,8a7558240c37fff,8a7558240c27fff,8a7558240d57fff,8a7558240d77fff,8a7558240d67fff,8a75582446dffff,8a75582446c7fff,8a755824461ffff,8a755824460ffff,8a7558244627fff,8a755824471ffff,8a7558244767fff,8a75582440c7fff,8a7558244c27fff,8a7558244c87fff,8a7558271257fff,8a75582712e7fff,8a7558246d27fff,8a7558246d37fff,8a7558273327fff,8a7558273337fff,8a75582733affff",3
57680146,-57680135,0.5,0.5,0.6,0.9,0.6,0.7,0.55,0.55,1.0,0.2,0.45,0.3,0.1,0.3,0.5,0.6,0.1999999999999999,0.5,0.7,0.7,0.5,0.1999999999999999,0.6,"8a755824629ffff,8a755824666ffff,8a755824664ffff,8a7558246647fff,8a755824665ffff,8a75582466effff,8a75582466c7fff,8a75582466f7fff,8a75582466affff,8a7558246687fff,8a7558246697fff,8a75582466b7fff,8a755824679ffff,8a7558255b6ffff,8a7558255b4ffff,8a7558255b5ffff,8a7558255b47fff,8a7558255b77fff,8a7558255b2ffff,8a7558255b07fff,8a7558255867fff,8a755825595ffff,8a7558255937fff,8a7558273667fff,8a7558273767fff,8a75582730d7fff,8a75582733b7fff,8a755827305ffff,8a7558273337fff,8a75582733affff",2
57680146,-57680135,0.1999999999999999,0.1999999999999999,0.1,0.7,0.0999999999999999,0.5,0.55,0.55,0.7,0.6,0.45,0.1,0.6,0.0,0.0,0.0999999999999999,0.7,0.7,0.0,0.1999999999999999,0.1999999999999999,0.5,0.5,"8a755824629ffff,8a755824666ffff,8a755824664ffff,8a7558246647fff,8a755824665ffff,8a75582466effff,8a75582466c7fff,8a75582466f7fff,8a75582466affff,8a7558246687fff,8a7558246697fff,8a7558255a67fff,8a7558255a77fff,8a7558255b5ffff,8a7558255b4ffff,8a75582466b7fff,8a755824679ffff,8a7558246797fff,8a75582464cffff,8a75582464c7fff,8a75582464f7fff,8a755824648ffff,8a7558255b07fff,8a7558255867fff,8a755825595ffff,8a7558255937fff,8a7558273667fff,8a7558273767fff,8a75582730d7fff,8a75582733b7fff,8a755827305ffff,8a7558273337fff,8a75582733affff",1
57680146,-57680135,0.8,0.9,0.5,0.0999999999999999,0.6,0.4,0.55,0.55,0.3,0.5,0.45,0.9,0.9,0.6,0.6,0.1999999999999999,0.4,0.0,0.8,0.7,0.9,0.8,0.0,"8a755824629ffff,8a755824666ffff,8a755824664ffff,8a7558246647fff,8a755824665ffff,8a75582466effff,8a75582466c7fff,8a75582466f7fff,8a75582466affff,8a7558246687fff,8a75582466a7fff,8a755824678ffff,8a755824679ffff,8a7558246797fff,8a75582464cffff,8a75582464c7fff,8a75582464f7fff,8a75582464affff,8a7558255967fff,8a75582732f7fff,8a755827338ffff,8a75582733affff,8a7558273337fff",2
-561133130#1,-22561652#0,0.8333333333333334,0.8333333333333334,0.75,0.75,0.6666666666666667,0.5833333333333334,0.5833333333333334,0.5833333333333334,0.6666666666666666,0.5833333333333334,0.5833333333333334,0.5833333333333334,0.5,0.3333333333333333,0.3333333333333333,0.6666666666666667,0.0,0.8333333333333334,0.3333333333333333,0.4166666666666666,0.8333333333333334,0.8333333333333334,0.1666666666666666,"8a7558246797fff,8a755824679ffff,8a75582466b7fff,8a7558246697fff,8a7558246687fff,8a75582466affff,8a75582466f7fff",2
-561133130#1,-22561652#0,0.0,0.0,0.5,0.3333333333333333,0.1666666666666666,0.5833333333333334,0.5833333333333334,0.5833333333333334,0.5,0.5833333333333334,0.5833333333333334,0.5833333333333334,0.6666666666666666,0.5,0.5,0.3333333333333333,0.8333333333333334,0.0,0.5,0.4166666666666666,0.0,0.1666666666666666,0.8333333333333334,"8a7558246797fff,8a755824679ffff,8a75582464cffff,8a75582464c7fff,8a75582464f7fff,8a755824648ffff,8a7558255b07fff,8a7558255b2ffff,8a7558255b77fff,8a7558255b47fff,8a7558255b5ffff,8a7558255b4ffff,8a7558246697fff,8a7558246687fff,8a755824668ffff,8a75582466f7fff,8a75582466affff",1
-561133130#1,-22561652#0,0.3333333333333333,0.3333333333333333,0.3333333333333333,0.1666666666666666,0.1666666666666666,0.5833333333333334,0.5833333333333334,0.5833333333333334,0.3333333333333333,0.5833333333333334,0.5833333333333334,0.5833333333333334,0.8333333333333334,0.1666666666666666,0.1666666666666666,0.1666666666666666,0.6666666666666667,0.3333333333333333,0.1666666666666666,0.4166666666666666,0.3333333333333333,0.3333333333333333,0.3333333333333333,"8a7558246797fff,8a755824679ffff,8a7558255b6ffff,8a7558255b4ffff,8a7558246697fff,8a7558246687fff,8a755824668ffff,8a75582466f7fff,8a75582466affff",1
-561133130#1,-22561652#0,0.5,0.5,0.1666666666666666,0.0,0.1666666666666666,0.5833333333333334,0.5833333333333334,0.5833333333333334,0.1666666666666666,0.5833333333333334,0.5833333333333334,0.5833333333333334,1.0,0.0,0.0,0.0,0.5,0.5,0.0,0.4166666666666666,0.5,0.6666666666666667,0.5,"8a7558246797fff,8a755824679ffff,8a75582466b7fff,8a7558246697fff,8a7558246687fff,8a755824668ffff,8a75582466f7fff,8a75582466affff",1
-561133130#1,-22561652#0,0.6666666666666667,0.6666666666666667,0.75,0.75,0.6666666666666667,0.5833333333333334,0.5833333333333334,0.5833333333333334,0.8333333333333334,0.5833333333333334,0.5833333333333334,0.5833333333333334,0.3333333333333333,0.6666666666666667,0.6666666666666667,0.6666666666666667,0.1666666666666666,0.6666666666666667,0.6666666666666667,0.4166666666666666,0.6666666666666667,0.5,0.0,"8a7558246797fff,8a755824679ffff,8a7558255b6ffff,8a7558255b4ffff,8a7558246697fff,8a7558246687fff,8a75582466affff,8a75582466f7fff",2
-561133130#1,-22561652#0,0.1666666666666666,0.1666666666666666,1.0,0.5,0.6666666666666667,0.5833333333333334,0.5833333333333334,0.5833333333333334,1.0,0.5833333333333334,0.5833333333333334,0.5833333333333334,0.1666666666666666,0.8333333333333334,0.8333333333333334,0.6666666666666667,0.3333333333333333,0.1666666666666666,0.8333333333333334,0.4166666666666666,0.1666666666666666,0.0,0.6666666666666667,"8a7558246797fff,8a755824679ffff,8a75582464cffff,8a75582464c7fff,8a75582464f7fff,8a755824648ffff,8a7558255b07fff,8a7558255b2ffff,8a7558255b77fff,8a7558255b47fff,8a7558255b5ffff,8a7558255b4ffff,8a7558246697fff,8a7558246687fff,8a75582466affff,8a75582466f7fff",3
-1264978470#1,57680171#0,0.6,0.6,0.5,0.7,0.7,0.4,0.6,0.6,0.2,0.6,0.6,0.3,1.0,0.1999999999999999,0.1999999999999999,0.4,0.7,0.8,0.4,0.1999999999999999,0.6,0.6,0.4,"8a7558255867fff,8a7558255b07fff,8a755824648ffff,8a75582464f7fff,8a75582464c7fff,8a75582464cffff,8a7558246797fff,8a755824679ffff,8a7558255b6ffff",2
-1264978470#1,57680171#0,0.8,0.8,0.5,0.7,0.7,0.4,0.6,0.6,1.0,0.6,0.6,0.3,0.4,0.0,0.0,0.1999999999999999,0.0,0.6,0.1999999999999999,0.0,0.8,0.4,0.1999999999999999,"8a7558255867fff,8a7558255b07fff,8a7558255b2ffff,8a7558255b77fff,8a7558255b47fff,8a7558255b5ffff,8a7558255b4ffff,8a7558246697fff,8a75582466b7fff,8a755824679ffff,8a7558255b6ffff",0
-1264978470#1,57680171#0,0.1999999999999999,0.1999999999999999,1.0,0.0,0.0999999999999999,1.0,0.6,0.6,0.4,0.6,0.6,1.0,0.8,0.8,0.8,0.8,0.7,0.4,0.8,0.8,0.1999999999999999,0.0,0.8,"8a7558255b07fff,8a7558255867fff,8a755825595ffff,8a7558255937fff,8a7558273667fff,8a7558273767fff,8a75582730d7fff,8a75582733b7fff,8a755827305ffff,8a7558273337fff,8a75582733affff,8a755827338ffff,8a75582732f7fff,8a7558255967fff,8a75582464affff,8a75582464f7fff,8a75582464c7fff,8a75582464cffff,8a7558246797fff,8a755824679ffff,8a7558255b6ffff",3
-1264978470#1,57680171#0,0.4,0.4,0.2,0.4,0.4,0.4,0.6,0.6,0.8,0.6,0.6,0.6,0.2,0.4,0.4,0.0,0.1999999999999999,0.1999999999999999,0.0,0.4,0.4,0.8,0.0,"8a7558255867fff,8a7558255b07fff,8a7558255b2ffff,8a7558255b77fff,8a7558255b47fff,8a7558255b5ffff,8a7558255b4ffff,8a7558246697fff,8a7558246687fff,8a75582466a7fff,8a755824678ffff,8a755824679ffff,8a7558255b6ffff",0
-1264978470#1,57680171#0,0.0,0.0,0.8,0.1999999999999999,0.0999999999999999,0.8,0.6,0.6,0.6,0.6,0.6,0.8,0.6,0.6,0.6,0.6,0.4,0.0,0.6,0.6,0.0,0.1999999999999999,0.6,"8a7558255b07fff,8a7558255867fff,8a755825595ffff,8a7558255937fff,8a7558273667fff,8a7558273767fff,8a75582730d7fff,8a75582733b7fff,8a755827305ffff,8a7558273337fff,8a75582733affff,8a755827338ffff,8a75582732f7fff,8a7558255967fff,8a75582464affff,8a75582464f7fff,8a755824648ffff,8a7558255b2ffff,8a7558255b77fff,8a7558255b47fff,8a7558255b5ffff,8a7558255b4ffff,8a7558246697fff,8a75582466b7fff,8a755824679ffff,8a7558255b6ffff",3
-57680102,-57680152#1,0.6666666666666667,0.6666666666666667,0.3333333333333333,0.6666666666666667,0.5,0.5,0.6666666666666666,0.6666666666666666,0.3333333333333333,0.6666666666666666,0.6666666666666666,0.5,1.0,0.6666666666666667,0.6666666666666667,0.6666666666666667,0.5,0.6666666666666667,0.6666666666666667,0.6666666666666667,0.6666666666666667,0.3333333333333333,0.3333333333333333,"8a75582464cffff,8a75582464d7fff,8a755824648ffff,8a75582464f7fff,8a75582464c7fff,8a7558246797fff,8a75582467b7fff,8a7558246787fff,8a75582467affff,8a755824662ffff",2
-57680102,-57680152#1,0.3333333333333333,0.3333333333333333,0.6666666666666666,0.3333333333333333,0.5,0.5,0.6666666666666666,0.6666666666666666,0.6666666666666666,0.6666666666666666,0.6666666666666666,0.5,0.6666666666666666,0.0,0.0,0.3333333333333333,0.0,0.3333333333333333,0.0,0.0,0.3333333333333333,0.6666666666666667,0.0,"8a75582464cffff,8a75582464d7fff,8a755824648ffff,8a7558255b07fff,8a7558255b2ffff,8a7558255b77fff,8a7558255b47fff,8a7558255b5ffff,8a7558255b4ffff,8a7558246697fff,8a75582466b7fff,8a755824679ffff,8a7558246797fff,8a75582467b7fff,8a7558246787fff,8a75582467affff,8a755824662ffff",0
-57680102,-57680152#1,0.0,0.0,1.0,0.0,0.0,1.0,0.6666666666666666,0.6666666666666666,1.0,0.6666666666666666,0.6666666666666666,1.0,0.3333333333333333,0.3333333333333333,0.3333333333333333,0.0,0.5,0.0,0.3333333333333333,0.3333333333333333,0.0,0.0,0.6666666666666667,"8a75582464cffff,8a75582464d7fff,8a755824648ffff,8a7558255b07fff,8a7558255867fff,8a755825595ffff,8a7558255937fff,8a7558273667fff,8a7558273767fff,8a75582730d7fff,8a75582733b7fff,8a755827305ffff,8a7558273337fff,8a75582733affff,8a755827338ffff,8a75582732f7fff,8a7558255967fff,8a75582464affff,8a75582464f7fff,8a75582464c7fff,8a7558246797fff,8a75582467b7fff,8a7558246787fff,8a75582467affff,8a755824662ffff",1
57680171#1,-22561652#4,0.5,0.5,1.0,0.5,0.5,0.75,0.75,0.75,1.0,0.75,0.75,0.75,0.5,0.5,0.5,0.5,0.0,0.5,0.5,0.25,0.5,0.0,0.0,"8a7558255b6ffff,8a7558255b4ffff,8a7558246697fff,8a7558246687fff,8a75582466affff,8a75582466f7fff,8a75582466c7fff,8a75582466effff",3
57680171#1,-22561652#4,0.0,0.0,0.5,0.0,0.0,0.75,0.75,0.75,0.5,0.75,0.75,0.75,1.0,0.0,0.0,0.0,0.5,0.0,0.0,0.25,0.0,0.5,0.5,"8a7558255b6ffff,8a7558255b4ffff,8a7558246697fff,8a7558246687fff,8a755824668ffff,8a75582466f7fff,8a75582466c7fff,8a75582466effff",1
57680106,57099589,0.8,0.9,1.0,0.6,0.75,0.6,0.55,0.55,1.0,0.5,0.7,0.5,0.1,0.8,0.8,0.8,0.0,0.5,0.8,0.5,0.9,0.6,0.7,"8a75582405b7fff,8a7558240437fff,8a7558240407fff,8a755824040ffff,8a75582404e7fff,8a7558240417fff,8a7558240597fff,8a755824296ffff,8a755824291ffff,8a75582429affff,8a75582429a7fff,8a755824665ffff,8a75582466effff,8a75582466c7fff,8a75582466f7fff,8a75582466affff,8a7558246687fff,8a7558246697fff,8a7558255b4ffff,8a7558255b5ffff,8a7558255b47fff,8a7558255b77fff,8a7558255b2ffff,8a7558255b07fff,8a7558255867fff,8a7558255857fff",2
57680106,57099589,0.3,0.1999999999999999,0.3,0.5,0.5,0.1,0.55,0.55,0.1,0.1,0.3,1.0,1.0,0.5,0.6,0.0,0.9,0.3,0.7,0.9,0.1999999999999999,0.3,0.1999999999999999,"8a75582405b7fff,8a7558240437fff,8a7558240407fff,8a7558240597fff,8a7558240417fff,8a755824040ffff,8a75582404e7fff,8a755824296ffff,8a755824291ffff,8a75582429affff,8a75582429a7fff,8a755824665ffff,8a75582466effff,8a75582466c7fff,8a75582466f7fff,8a75582466affff,8a7558246687fff,8a75582466a7fff,8a755824678ffff,8a755824679ffff,8a7558246797fff,8a75582464cffff,8a75582464c7fff,8a75582464f7fff,8a755824648ffff,8a7558255b07fff,8a7558255867fff,8a7558255857fff",4
57680106,57099589,0.0,0.0999999999999999,0.4,0.1999999999999999,0.1999999999999999,0.9,0.55,0.55,0.4,0.9,0.2,0.5,0.8,0.6,0.0,0.0999999999999999,0.6,0.8,0.0,0.3,0.0999999999999999,0.5,0.6,"8a75582405b7fff,8a7558240437fff,8a755824051ffff,8a755824625ffff,8a7558240407fff,8a755824040ffff,8a75582404e7fff,8a75582404f7fff,8a75582404affff,8a755824296ffff,8a755824291ffff,8a75582429affff,8a75582429a7fff,8a755824665ffff,8a755824664ffff,8a75582466effff,8a75582466c7fff,8a75582466f7fff,8a75582466affff,8a7558246687fff,8a7558246697fff,8a7558255a67fff,8a7558255a77fff,8a7558255b5ffff,8a7558255b4ffff,8a7558255b47fff,8a7558255b77fff,8a7558255b2ffff,8a7558255b07fff,8a7558255867fff,8a7558255857fff",1
57680106,57099589,0.7,0.5,0.8,0.8,0.75,0.4,0.55,0.55,0.2,0.3,1.0,0.5,0.7,0.3,0.5,0.6,0.8,0.7,0.6,0.7,0.5,0.4,0.4,"8a75582405b7fff,8a7558240437fff,8a7558240407fff,8a755824040ffff,8a75582404e7fff,8a75582404f7fff,8a755824296ffff,8a755824291ffff,8a75582429affff,8a75582429a7fff,8a755824665ffff,8a75582466effff,8a75582466c7fff,8a75582466f7fff,8a75582466affff,8a7558246687fff,8a7558246697fff,8a75582466b7fff,8a755824679ffff,8a7558246797fff,8a75582464cffff,8a75582464c7fff,8a75582464f7fff,8a755824648ffff,8a7558255b07fff,8a7558255867fff,8a7558255857fff",2
57680106,57099589,0.6,0.8,0.1,0.4,0.1999999999999999,0.5,0.55,0.55,0.8,0.8,0.6,0.5,0.4,0.0,0.1999999999999999,0.3,0.0999999999999999,0.0,0.0999999999999999,0.0,0.8,0.9,0.0,"8a75582405b7fff,8a7558240437fff,8a755824051ffff,8a7558240517fff,8a755824624ffff,8a755824625ffff,8a7558240597fff,8a755824296ffff,8a755824291ffff,8a75582429affff,8a75582429a7fff,8a755824665ffff,8a75582466effff,8a75582466c7fff,8a75582466f7fff,8a75582466affff,8a7558246687fff,8a7558246697fff,8a7558255a67fff,8a7558255b4ffff,8a7558255b5ffff,8a7558255b47fff,8a7558255b77fff,8a7558255b2ffff,8a7558255b07fff,8a7558255867fff,8a7558255857fff",0
57680106,57099589,0.1999999999999999,0.3,0.2,0.3,0.1999999999999999,0.2,0.55,0.55,0.5,0.6,0.8,0.5,0.6,0.4,0.7,0.7,0.5,0.4,0.5,0.1999999999999999,0.3,0.0,0.8,"8a75582405b7fff,8a7558240437fff,8a7558240407fff,8a7558240597fff,8a7558240417fff,8a755824040ffff,8a75582404e7fff,8a75582404f7fff,8a755824296ffff,8a755824291ffff,8a75582429affff,8a75582429a7fff,8a755824665ffff,8a75582466effff,8a75582466c7fff,8a75582466f7fff,8a75582466affff,8a7558246687fff,8a7558246697fff,8a7558255a67fff,8a7558255b4ffff,8a7558255b5ffff,8a7558255b47fff,8a7558255b77fff,8a7558255b2ffff,8a7558255b07fff,8a7558255867fff,8a7558255857fff",4
57680106,57099589,0.9,0.7,0.9,0.7,0.75,0.7,0.55,0.55,0.9,0.4,0.5,0.5,0.3,0.0999999999999999,0.3,0.4,0.1999999999999999,0.0999999999999999,0.4,0.6,0.7,0.8,0.0999999999999999,"8a75582405b7fff,8a7558240437fff,8a755824051ffff,8a755824625ffff,8a7558240597fff,8a755824296ffff,8a755824291ffff,8a75582429affff,8a75582429a7fff,8a755824665ffff,8a75582466effff,8a75582466c7fff,8a75582466f7fff,8a75582466affff,8a7558246687fff,8a7558246697fff,8a75582466b7fff,8a755824679ffff,8a7558255b6ffff,8a7558255b4ffff,8a7558255b5ffff,8a7558255b47fff,8a7558255b77fff,8a7558255b2ffff,8a7558255b07fff,8a7558255867fff,8a7558255857fff",0
57680106,57099589,0.5,0.4,0.6,0.9,0.75,0.3,0.55,0.55,0.7,0.2,0.9,0.5,0.2,0.9,0.9,0.9,0.4,0.1999999999999999,0.9,0.8,0.4,0.1999999999999999,0.5,"8a75582405b7fff,8a7558240437fff,8a755824051ffff,8a7558240517fff,8a755824624ffff,8a755824625ffff,8a7558240407fff,8a755824040ffff,8a75582404e7fff,8a75582404f7fff,8a755824296ffff,8a755824291ffff,8a75582429affff,8a75582429a7fff,8a755824665ffff,8a75582466effff,8a75582466c7fff,8a75582466f7fff,8a75582466affff,8a7558246687fff,8a7558246697fff,8a7558255b4ffff,8a7558255b5ffff,8a7558255b47fff,8a7558255b77fff,8a7558255b2ffff,8a7558255b07fff,8a7558255867fff,8a7558255857fff",4
57680106,57099589,0.0999999999999999,0.0,0.7,0.0,0.1999999999999999,1.0,0.55,0.55,0.3,0.7,0.1,0.5,0.9,0.7,0.0999999999999999,0.1999999999999999,0.7,0.9,0.1999999999999999,0.4,0.0,0.0999999999999999,0.9,"8a75582405b7fff,8a7558240437fff,8a7558240407fff,8a7558240597fff,8a755824296ffff,8a755824291ffff,8a75582429affff,8a75582429a7fff,8a755824665ffff,8a75582466effff,8a75582466c7fff,8a75582466f7fff,8a75582466affff,8a7558246687fff,8a7558246697fff,8a7558255a67fff,8a7558255a77fff,8a7558255aa7fff,8a755825516ffff,8a7558255a37fff,8a7558255b57fff,8a7558255b5ffff,8a7558255b4ffff,8a7558255b47fff,8a7558255b77fff,8a7558255b2ffff,8a7558255b07fff,8a7558255867fff,8a7558255857fff",1
57680106,57099589,0.4,0.6,0.5,0.0999999999999999,0.1999999999999999,0.8,0.55,0.55,0.6,1.0,0.4,0.5,0.5,0.1999999999999999,0.4,0.5,0.3,0.6,0.3,0.0999999999999999,0.6,0.7,0.3,"8a75582405b7fff,8a7558240437fff,8a7558240407fff,8a755824040ffff,8a75582404e7fff,8a7558240417fff,8a7558240597fff,8a755824296ffff,8a755824291ffff,8a75582429affff,8a75582429a7fff,8a755824665ffff,8a755824664ffff,8a75582466effff,8a75582466c7fff,8a75582466f7fff,8a75582466affff,8a7558246687fff,8a7558246697fff,8a7558255a67fff,8a7558255b4ffff,8a7558255b5ffff,8a7558255b47fff,8a7558255b77fff,8a7558255b2ffff,8a7558255b07fff,8a7558255867fff,8a7558255857fff",0
57680145#0,-22561653,0.8333333333333334,0.8333333333333334,0.25,0.75,0.6666666666666667,0.5,0.5833333333333334,0.5833333333333334,0.3333333333333333,0.5833333333333334,0.5833333333333334,0.3333333333333333,0.8333333333333334,0.0,0.0,0.6666666666666667,0.5833333333333333,0.6666666666666667,0.0,0.5833333333333333,0.6666666666666667,0.8333333333333334,0.0,"8a75582464affff,8a75582464f7fff,8a75582464c7fff,8a75582464cffff,8a7558246797fff,8a755824679ffff,8a75582466b7fff,8a7558246697fff,8a7558255b4ffff",2
57680145#0,-22561653,0.3333333333333333,0.3333333333333333,1.0,0.0,0.1666666666666666,1.0,0.5833333333333334,0.5833333333333334,0.8333333333333334,0.5833333333333334,0.5833333333333334,1.0,0.1666666666666666,0.8333333333333334,0.8333333333333334,0.3333333333333333,0.1666666666666666,0.0,0.8333333333333334,0.5833333333333333,0.3333333333333333,0.0,0.8333333333333334,"8a75582464f7fff,8a75582464affff,8a7558255967fff,8a75582732f7fff,8a755827338ffff,8a75582733affff,8a7558273337fff,8a755827305ffff,8a75582733b7fff,8a75582730d7fff,8a7558273767fff,8a7558273667fff,8a7558255937fff,8a755825595ffff,8a7558255867fff,8a7558255b07fff,8a7558255b2ffff,8a7558255b77fff,8a7558255b47fff,8a7558255b5ffff,8a7558255b4ffff,8a7558246697fff",3
57680145#0,-22561653,0.5,0.5,0.5,0.5,0.6666666666666667,0.1666666666666666,0.5833333333333334,0.5833333333333334,1.0,0.5833333333333334,0.5833333333333334,0.3333333333333333,0.6666666666666666,0.3333333333333333,0.3333333333333333,0.6666666666666667,0.0,0.5,0.3333333333333333,0.5833333333333333,0.5,0.5,0.3333333333333333,"8a75582464affff,8a75582464f7fff,8a755824648ffff,8a7558255b07fff,8a7558255b2ffff,8a7558255b77fff,8a7558255b47fff,8a7558255b5ffff,8a7558255b4ffff,8a7558246697fff",2
57680145#0,-22561653,0.1666666666666666,0.1666666666666666,0.75,0.25,0.1666666666666666,0.8333333333333334,0.5833333333333334,0.5833333333333334,0.6666666666666666,0.5833333333333334,0.5833333333333334,0.8333333333333334,0.3333333333333333,0.5,0.5,0.0,0.5833333333333333,0.1666666666666666,0.5,0.0,0.0,0.3333333333333333,0.5,"8a75582464f7fff,8a75582464affff,8a7558255967fff,8a75582732f7fff,8a755827338ffff,8a75582733affff,8a7558273337fff,8a755827305ffff,8a75582733b7fff,8a75582730d7fff,8a7558273767fff,8a7558273667fff,8a7558255937fff,8a755825595ffff,8a7558255867fff,8a7558255b07fff,8a755824648ffff,8a75582464c7fff,8a75582464cffff,8a7558246797fff,8a755824679ffff,8a75582466b7fff,8a7558246697fff,8a7558255b4ffff",1
57680145#0,-22561653,0.6666666666666667,0.6666666666666667,0.25,0.75,0.6666666666666667,0.3333333333333333,0.5833333333333334,0.5833333333333334,0.1666666666666666,0.5833333333333334,0.5833333333333334,0.3333333333333333,1.0,0.1666666666666666,0.1666666666666666,0.6666666666666667,0.5833333333333333,0.8333333333333334,0.1666666666666666,0.5833333333333333,0.8333333333333334,0.6666666666666667,0.1666666666666666,"8a75582464affff,8a75582464f7fff,8a75582464c7fff,8a75582464cffff,8a7558246797fff,8a755824679ffff,8a7558255b6ffff,8a7558255b4ffff,8a7558246697fff",2
57680145#0,-22561653,0.0,0.0,0.75,0.25,0.1666666666666666,0.6666666666666666,0.5833333333333334,0.5833333333333334,0.5,0.5833333333333334,0.5833333333333334,0.6666666666666666,0.5,0.6666666666666667,0.6666666666666667,0.1666666666666666,0.5833333333333333,0.3333333333333333,0.6666666666666667,0.1666666666666666,0.1666666666666666,0.1666666666666666,0.6666666666666667,"8a75582464f7fff,8a75582464affff,8a7558255967fff,8a75582732f7fff,8a755827338ffff,8a75582733affff,8a7558273337fff,8a755827305ffff,8a75582733b7fff,8a75582730d7fff,8a7558273767fff,8a7558273667fff,8a7558255937fff,8a755825595ffff,8a7558255867fff,8a7558255b07fff,8a755824648ffff,8a75582464c7fff,8a75582464cffff,8a7558246797fff,8a755824679ffff,8a7558255b6ffff,8a7558255b4ffff,8a7558246697fff",3
-57680160#1,-22561653,0.75,0.75,0.5,0.5,0.5,0.5,0.625,0.625,1.0,0.625,0.625,0.5,0.5,0.0,0.0,0.5,0.0,0.75,0.0,0.5,0.75,0.25,0.5,"8a75582464b7fff,8a755824648ffff,8a7558255b07fff,8a7558255b2ffff,8a7558255b77fff,8a7558255b47fff,8a7558255b5ffff,8a7558255b4ffff,8a7558246697fff",0
-57680160#1,-22561653,0.0,0.0,1.0,0.0,0.0,1.0,0.625,0.625,0.75,0.625,0.625,1.0,0.25,0.75,0.75,0.0,0.5,0.0,0.75,0.0,0.0,0.0,0.75,"8a75582464b7fff,8a755824648ffff,8a7558255b07fff,8a7558255867fff,8a755825595ffff,8a7558255937fff,8a7558273667fff,8a7558273767fff,8a75582730d7fff,8a75582733b7fff,8a755827305ffff,8a7558273337fff,8a75582733affff,8a755827338ffff,8a75582732f7fff,8a7558255967fff,8a75582464affff,8a75582464f7fff,8a75582464c7fff,8a75582464cffff,8a7558246797fff,8a755824679ffff,8a7558255b6ffff,8a7558255b4ffff,8a7558246697fff",3
-57680160#1,-22561653,0.5,0.5,0.5,0.5,0.5,0.5,0.625,0.625,0.5,0.625,0.625,0.5,0.75,0.25,0.25,0.5,0.5,0.25,0.25,0.5,0.25,0.75,0.0,"8a75582464b7fff,8a755824648ffff,8a75582464f7fff,8a75582464c7fff,8a75582464cffff,8a7558246797fff,8a755824679ffff,8a75582466b7fff,8a7558246697fff,8a7558255b4ffff",2
-57680160#1,-22561653,0.25,0.25,0.5,0.5,0.5,0.5,0.625,0.625,0.25,0.625,0.625,0.5,1.0,0.5,0.5,0.5,0.5,0.5,0.5,0.5,0.5,0.5,0.25,"8a75582464b7fff,8a755824648ffff,8a75582464f7fff,8a75582464c7fff,8a75582464cffff,8a7558246797fff,8a755824679ffff,8a7558255b6ffff,8a7558255b4ffff,8a7558246697fff",4
57680095#0,-561133140#1,0.8333333333333334,0.6666666666666667,1.0,0.1666666666666666,0.4166666666666666,0.8333333333333334,0.5833333333333334,0.5833333333333334,0.1666666666666666,0.5833333333333334,0.8333333333333334,1.0,0.6666666666666666,0.3333333333333333,0.3333333333333333,0.3333333333333333,0.5833333333333333,0.8333333333333334,0.3333333333333333,0.75,0.6666666666666667,0.3333333333333333,0.3333333333333333,"8a75582464d7fff,8a7558255b2ffff,8a7558255b07fff,8a755824648ffff,8a75582464f7fff,8a75582464affff,8a7558255967fff,8a75582732f7fff,8a755827338ffff,8a75582733affff,8a7558273337fff,8a7558273a87fff,8a7558273aaffff,8a7558273a0ffff,8a7558246d27fff,8a75582712e7fff,8a7558271257fff,8a7558244c87fff,8a7558244c27fff,8a75582440c7fff,8a7558244767fff,8a7558244627fff,8a755824471ffff",0
57680095#0,-561133140#1,0.3333333333333333,0.5,0.5,0.3333333333333333,0.4166666666666666,0.6666666666666666,0.5833333333333334,0.5833333333333334,0.8333333333333334,0.5833333333333334,0.6666666666666666,0.1666666666666666,0.3333333333333333,0.5,0.6666666666666667,0.5,0.5833333333333333,0.3333333333333333,0.5,0.1666666666666666,0.5,0.1666666666666666,0.8333333333333334,"8a75582464d7fff,8a7558255b2ffff,8a7558255b07fff,8a7558255867fff,8a755825595ffff,8a7558255937fff,8a7558273667fff,8a7558273767fff,8a75582730d7fff,8a75582733b7fff,8a755827305ffff,8a7558273337fff,8a7558273327fff,8a7558246d37fff,8a7558246d27fff,8a75582712e7fff,8a7558271257fff,8a7558244c87fff,8a7558244c27fff,8a75582440c7fff,8a7558244767fff,8a7558244627fff,8a755824471ffff",3
57680095#0,-561133140#1,0.1666666666666666,0.1666666666666666,0.3333333333333333,0.6666666666666667,0.4166666666666666,0.1666666666666666,0.5833333333333334,0.5833333333333334,0.5,0.5833333333333334,0.3333333333333333,0.3333333333333333,1.0,0.8333333333333334,0.5,0.8333333333333334,0.0,0.0,0.8333333333333334,0.5,0.1666666666666666,0.6666666666666667,0.0,"8a75582464d7fff,8a7558255b2ffff,8a7558255b77fff,8a7558255b47fff,8a7558255b5ffff,8a7558255b4ffff,8a7558246697fff,8a75582466b7fff,8a755824679ffff,8a7558246797fff,8a75582464cffff,8a75582464c7fff,8a75582464f7fff,8a75582464affff,8a7558255967fff,8a75582732f7fff,8a755827338ffff,8a75582733affff,8a7558273337fff,8a7558273327fff,8a7558246d37fff,8a7558246d27fff,8a75582712e7fff,8a7558271257fff,8a7558244c87fff,8a7558244c27fff,8a75582440c7fff,8a7558244767fff,8a7558244627fff,8a755824471ffff",4
57680095#0,-561133140#1,0.0,0.0,0.1666666666666666,0.8333333333333334,0.4166666666666666,0.3333333333333333,0.5833333333333334,0.5833333333333334,1.0,0.5833333333333334,0.1666666666666666,0.5,0.5,0.0,0.0,0.0,0.1666666666666666,0.1666666666666666,0.0,0.0,0.0,0.8333333333333334,0.1666666666666666,"8a75582464d7fff,8a7558255b2ffff,8a7558255b77fff,8a7558255b47fff,8a7558255b5ffff,8a7558255b4ffff,8a7558246697fff,8a75582466b7fff,8a755824679ffff,8a7558246797fff,8a75582464cffff,8a75582464c7fff,8a75582464f7fff,8a755824648ffff,8a7558255b07fff,8a7558255867fff,8a755825595ffff,8a7558255937fff,8a7558273667fff,8a7558273767fff,8a75582730d7fff,8a75582733b7fff,8a755827305ffff,8a7558273337fff,8a7558273a87fff,8a7558273aaffff,8a7558273a0ffff,8a7558246d27fff,8a75582712e7fff,8a7558271257fff,8a7558244c87fff,8a7558244c27fff,8a75582440c7fff,8a7558244767fff,8a7558244627fff,8a755824471ffff",1
57680095#0,-561133140#1,0.6666666666666667,0.8333333333333334,0.8333333333333334,0.0,0.4166666666666666,0.5,0.5833333333333334,0.5833333333333334,0.3333333333333333,0.5833333333333334,1.0,0.6666666666666666,0.8333333333333334,0.1666666666666666,0.1666666666666666,0.1666666666666666,0.5833333333333333,0.6666666666666667,0.1666666666666666,0.75,0.8333333333333334,0.0,0.5,"8a75582464d7fff,8a7558255b2ffff,8a7558255b07fff,8a755824648ffff,8a75582464f7fff,8a75582464affff,8a7558255967fff,8a75582732f7fff,8a755827338ffff,8a75582733affff,8a7558273337fff,8a7558273327fff,8a7558246d37fff,8a7558246d27fff,8a75582712e7fff,8a7558271257fff,8a7558244c87fff,8a7558244c27fff,8a75582440c7fff,8a7558244767fff,8a7558244627fff,8a755824471ffff",0
57680095#0,-561133140#1,0.5,0.3333333333333333,0.6666666666666666,0.5,0.4166666666666666,1.0,0.5833333333333334,0.5833333333333334,0.6666666666666666,0.5833333333333334,0.5,0.8333333333333334,0.1666666666666666,0.6666666666666667,0.8333333333333334,0.6666666666666667,0.5833333333333333,0.5,0.6666666666666667,0.3333333333333333,0.3333333333333333,0.5,0.6666666666666667,"8a75582464d7fff,8a7558255b2ffff,8a7558255b07fff,8a7558255867fff,8a755825595ffff,8a7558255937fff,8a7558273667fff,8a7558273767fff,8a75582730d7fff,8a75582733b7fff,8a755827305ffff,8a7558273337fff,8a7558273a87fff,8a7558273aaffff,8a7558273a0ffff,8a7558246d27fff,8a75582712e7fff,8a7558271257fff,8a7558244c87fff,8a7558244c27fff,8a75582440c7fff,8a7558244767fff,8a7558244627fff,8a755824471ffff",3
-57680089#4,-22561652#3,0.0,0.5,0.5,0.0,0.25,0.5,0.75,0.75,1.0,1.0,0.75,0.75,0.5,0.0,0.5,0.5,0.25,0.5,0.5,0.25,0.5,0.0,0.5,"8a755824292ffff,8a7558242927fff,8a7558242937fff,8a755824664ffff,8a755824665ffff,8a75582466effff,8a75582466c7fff",1
-57680089#4,-22561652#3,0.5,0.0,1.0,0.5,0.25,1.0,0.75,0.75,0.5,0.5,0.75,0.75,1.0,0.5,0.0,0.0,0.25,0.0,0.0,0.25,0.0,0.5,0.0,"8a755824292ffff,8a7558242927fff,8a7558242937fff,8a755824664ffff,8a7558246647fff,8a755824665ffff,8a75582466effff,8a75582466c7fff",1
-39353757#14,57392486,0.7,0.8,0.6,0.4,0.4499999999999999,0.6,0.55,0.55,0.9,0.6,0.8,0.55,0.4,0.0999999999999999,0.1999999999999999,0.1999999999999999,0.0999999999999999,0.8,0.1999999999999999,0.1999999999999999,0.8,0.7,0.6,"8a755824051ffff,8a7558240437fff,8a7558240407fff,8a755824040ffff,8a75582404e7fff,8a7558240417fff,8a7558240597fff,8a755824296ffff,8a755824291ffff,8a75582429affff,8a75582429a7fff,8a755824665ffff,8a75582466effff,8a75582466c7fff,8a75582466f7fff,8a75582466affff,8a7558246687fff",0
-39353757#14,57392486,0.9,0.9,0.7,0.3,0.4499999999999999,1.0,0.55,0.55,1.0,1.0,0.7,0.55,0.1,0.0,0.0999999999999999,0.0999999999999999,0.0,0.1999999999999999,0.0999999999999999,0.0999999999999999,0.9,0.9,0.0,"8a7558240437fff,8a755824051ffff,8a7558240517fff,8a755824624ffff,8a755824625ffff,8a75582405b7fff,8a7558240597fff,8a755824296ffff,8a755824291ffff,8a75582429affff,8a75582429a7fff,8a755824665ffff,8a755824664ffff,8a75582466effff,8a75582466c7fff,8a75582466f7fff,8a75582466affff,8a7558246687fff",0
-39353757#14,57392486,0.4,0.4,0.2,0.8,0.4499999999999999,0.3,0.55,0.55,0.5,0.3,1.0,0.55,0.3,0.5,0.5,0.5,0.5,0.5,0.5,0.5,0.4,0.1999999999999999,0.7,"8a7558240437fff,8a755824051ffff,8a755824625ffff,8a75582405b7fff,8a7558240597fff,8a7558240417fff,8a755824040ffff,8a75582404e7fff,8a75582404f7fff,8a755824296ffff,8a755824291ffff,8a75582429affff,8a75582429a7fff,8a755824665ffff,8a75582466effff,8a75582466c7fff,8a75582466f7fff,8a75582466affff,8a7558246687fff",2
-39353757#14,57392486,0.8,0.7,1.0,0.0,0.4499999999999999,0.9,0.55,0.55,0.8,0.7,0.6,0.55,0.5,0.1999999999999999,0.0,0.0,0.1999999999999999,0.4,0.0,0.0,0.7,0.8,0.0999999999999999,"8a755824051ffff,8a7558240437fff,8a7558240407fff,8a755824040ffff,8a7558240417fff,8a7558240597fff,8a755824296ffff,8a755824291ffff,8a75582429affff,8a75582429a7fff,8a755824665ffff,8a755824664ffff,8a7558246647fff,8a75582466effff,8a75582466c7fff,8a75582466f7fff,8a75582466affff,8a7558246687fff",0
-39353757#14,57392486,0.1999999999999999,0.1999999999999999,0.9,0.0999999999999999,0.4499999999999999,0.8,0.55,0.55,0.3,0.9,0.9,0.55,0.2,0.7,0.7,0.7,0.7,0.6,0.7,0.7,0.1999999999999999,0.0999999999999999,0.4,"8a7558240437fff,8a755824051ffff,8a755824625ffff,8a75582405b7fff,8a7558240407fff,8a755824040ffff,8a75582404e7fff,8a75582404f7fff,8a755824296ffff,8a755824291ffff,8a75582429affff,8a75582429a7fff,8a755824665ffff,8a755824664ffff,8a75582466effff,8a75582466c7fff,8a75582466f7fff,8a75582466affff,8a7558246687fff",3
-39353757#14,57392486,0.6,0.6,0.5,0.5,0.4499999999999999,0.5,0.55,0.55,0.7,0.5,0.5,0.55,0.6,0.3,0.3,0.3,0.3,0.0999999999999999,0.3,0.3,0.6,0.3,0.1999999999999999,"8a7558240437fff,8a755824051ffff,8a755824625ffff,8a75582405b7fff,8a7558240407fff,8a7558240597fff,8a755824296ffff,8a755824291ffff,8a75582429affff,8a75582429a7fff,8a755824665ffff,8a75582466effff,8a75582466c7fff,8a75582466f7fff,8a75582466affff,8a7558246687fff",2
-39353757#14,57392486,0.3,0.3,0.1,0.9,0.4499999999999999,0.2,0.55,0.55,0.4,0.2,0.3,0.55,0.9,0.6,0.6,0.6,0.6,0.0,0.6,0.6,0.3,0.6,0.3,"8a7558240437fff,8a755824051ffff,8a7558240517fff,8a755824624ffff,8a755824625ffff,8a75582405b7fff,8a7558240407fff,8a755824040ffff,8a75582404e7fff,8a75582404f7fff,8a75582404affff,8a755824296ffff,8a755824291ffff,8a75582429affff,8a75582429a7fff,8a755824665ffff,8a75582466effff,8a75582466c7fff,8a75582466f7fff,8a75582466affff,8a7558246687fff",4
-39353757#14,57392486,0.0999999999999999,0.0999999999999999,0.8,0.1999999999999999,0.4499999999999999,0.7,0.55,0.55,0.2,0.8,0.1,0.55,0.7,0.8,0.8,0.8,0.8,0.9,0.8,0.8,0.0999999999999999,0.4,0.5,"8a7558240437fff,8a755824051ffff,8a755824625ffff,8a75582405b7fff,8a7558240407fff,8a755824040ffff,8a75582404e7fff,8a7558240417fff,8a7558240597fff,8a755824296ffff,8a755824291ffff,8a75582429affff,8a75582429a7fff,8a755824665ffff,8a755824664ffff,8a75582466effff,8a75582466c7fff,8a75582466f7fff,8a75582466affff,8a7558246687fff",3
-39353757#14,57392486,0.0,0.0,0.3,0.7,0.4499999999999999,0.1,0.55,0.55,0.1,0.1,0.2,0.55,1.0,0.9,0.9,0.9,0.9,0.7,0.9,0.9,0.0,0.0,0.9,"8a755824051ffff,8a7558240437fff,8a7558240407fff,8a75582405b7fff,8a7558240597fff,8a7558240417fff,8a755824040ffff,8a75582404e7fff,8a75582404f7fff,8a75582404affff,8a755824296ffff,8a755824291ffff,8a75582429affff,8a75582429a7fff,8a755824665ffff,8a75582466effff,8a75582466c7fff,8a75582466f7fff,8a75582466affff,8a7558246687fff",4
-39353757#14,57392486,0.5,0.5,0.4,0.6,0.4499999999999999,0.4,0.55,0.55,0.6,0.4,0.4,0.55,0.8,0.4,0.4,0.4,0.4,0.3,0.4,0.4,0.5,0.5,0.8,"8a7558240437fff,8a755824051ffff,8a755824625ffff,8a75582405b7fff,8a7558240407fff,8a755824040ffff,8a75582404e7fff,8a75582404f7fff,8a75582404affff,8a755824296ffff,8a755824291ffff,8a75582429affff,8a75582429a7fff,8a755824665ffff,8a75582466effff,8a75582466c7fff,8a75582466f7fff,8a75582466affff,8a7558246687fff",2
-904395706#1,-1264978470#1,0.9,0.9,0.6,0.7,0.7,0.5,0.55,0.55,1.0,0.3,1.0,0.5,0.1,0.8,0.9,0.9,0.0,0.4,0.9,0.7,0.9,0.0999999999999999,0.8,"8a75582404c7fff,8a75582404f7fff,8a755824296ffff,8a755824291ffff,8a75582429affff,8a75582429a7fff,8a755824665ffff,8a75582466effff,8a75582466c7fff,8a75582466f7fff,8a75582466affff,8a7558246687fff,8a7558246697fff,8a7558255b4ffff,8a7558255b5ffff,8a7558255b47fff,8a7558255b77fff,8a7558255b2ffff,8a7558255b07fff,8a7558255867fff",2
-904395706#1,-1264978470#1,0.5,0.3,0.5,0.3,0.4,0.8,0.55,0.55,0.1,0.5,0.2,1.0,0.8,0.5,0.0,0.0,0.7,0.1999999999999999,0.0999999999999999,0.3,0.3,0.9,0.0,"8a75582404c7fff,8a75582404f7fff,8a75582404affff,8a755824296ffff,8a755824291ffff,8a75582429affff,8a75582429a7fff,8a755824665ffff,8a755824664ffff,8a7558246647fff,8a75582466effff,8a75582466c7fff,8a75582466f7fff,8a75582466affff,8a7558246687fff,8a75582466a7fff,8a755824678ffff,8a755824679ffff,8a7558246797fff,8a75582464cffff,8a75582464c7fff,8a75582464f7fff,8a755824648ffff,8a7558255b07fff,8a7558255867fff",1
-904395706#1,-1264978470#1,0.0999999999999999,0.0999999999999999,0.1,0.4,0.15,0.1,0.55,0.55,0.2,0.4,0.7,0.5,0.7,0.0,0.0999999999999999,0.0999999999999999,0.9,0.5,0.0,0.0999999999999999,0.0999999999999999,0.5,0.6,"8a75582404c7fff,8a75582404f7fff,8a755824296ffff,8a755824291ffff,8a75582429affff,8a75582429a7fff,8a755824665ffff,8a75582466effff,8a75582466c7fff,8a75582466f7fff,8a75582466affff,8a7558246687fff,8a7558246697fff,8a7558255a67fff,8a7558255b4ffff,8a75582466b7fff,8a755824679ffff,8a7558246797fff,8a75582464cffff,8a75582464c7fff,8a75582464f7fff,8a755824648ffff,8a7558255b07fff,8a7558255867fff",1
-904395706#1,-1264978470#1,0.0,0.0,0.8,0.0,0.15,1.0,0.55,0.55,0.5,1.0,0.6,0.5,0.9,0.7,0.7,0.7,0.5,0.9,0.7,0.4,0.0,0.0,0.9,"8a75582404c7fff,8a75582404f7fff,8a755824296ffff,8a755824291ffff,8a75582429affff,8a75582429a7fff,8a755824665ffff,8a755824664ffff,8a75582466effff,8a75582466c7fff,8a75582466f7fff,8a75582466affff,8a7558246687fff,8a7558246697fff,8a7558255a67fff,8a7558255a77fff,8a7558255aa7fff,8a755825516ffff,8a7558255a37fff,8a7558255b57fff,8a7558255b5ffff,8a7558255b4ffff,8a7558255b47fff,8a7558255b77fff,8a7558255b2ffff,8a7558255b07fff,8a7558255867fff",3
-904395706#1,-1264978470#1,0.1999999999999999,0.7,0.2,0.1999999999999999,0.15,0.4,0.55,0.55,0.6,0.6,0.5,0.5,0.6,0.1999999999999999,0.3,0.3,0.1999999999999999,0.0,0.1999999999999999,0.1999999999999999,0.7,0.6,0.7,"8a75582404c7fff,8a75582404f7fff,8a75582404e7fff,8a7558240417fff,8a7558240597fff,8a755824296ffff,8a755824291ffff,8a75582429affff,8a75582429a7fff,8a755824665ffff,8a75582466effff,8a75582466c7fff,8a75582466f7fff,8a75582466affff,8a7558246687fff,8a7558246697fff,8a7558255a67fff,8a7558255b4ffff,8a7558255b5ffff,8a7558255b47fff,8a7558255b77fff,8a7558255b2ffff,8a7558255b07fff,8a7558255867fff",1
-904395706#1,-1264978470#1,0.4,0.1999999999999999,0.3,0.9,0.7,0.2,0.55,0.55,0.3,0.1,0.1,0.5,1.0,0.6,0.6,0.6,0.8,0.7,0.6,0.7,0.1999999999999999,0.8,0.1999999999999999,"8a75582404c7fff,8a75582404f7fff,8a75582404e7fff,8a755824040ffff,8a7558240417fff,8a7558240597fff,8a755824296ffff,8a755824291ffff,8a75582429affff,8a75582429a7fff,8a755824665ffff,8a75582466effff,8a75582466c7fff,8a75582466f7fff,8a75582466affff,8a7558246687fff,8a7558246697fff,8a75582466b7fff,8a755824679ffff,8a7558246797fff,8a75582464cffff,8a75582464c7fff,8a75582464f7fff,8a755824648ffff,8a7558255b07fff,8a7558255867fff",4
-904395706#1,-1264978470#1,0.8,0.6,0.9,0.6,0.7,0.7,0.55,0.55,0.8,0.8,0.3,0.5,0.3,0.3,0.4,0.4,0.3,0.6,0.4,0.7,0.6,0.7,0.0999999999999999,"8a75582404c7fff,8a75582404f7fff,8a75582404affff,8a755824296ffff,8a755824291ffff,8a75582429affff,8a75582429a7fff,8a755824665ffff,8a755824664ffff,8a75582466effff,8a75582466c7fff,8a75582466f7fff,8a75582466affff,8a7558246687fff,8a7558246697fff,8a75582466b7fff,8a755824679ffff,8a7558255b6ffff,8a7558255b4ffff,8a7558255b5ffff,8a7558255b47fff,8a7558255b77fff,8a7558255b2ffff,8a7558255b07fff,8a7558255867fff",0
-904395706#1,-1264978470#1,0.7,0.5,1.0,0.5,0.7,0.6,0.55,0.55,0.4,0.7,0.8,0.5,0.5,0.4,0.5,0.5,0.6,0.8,0.5,0.7,0.5,0.3,0.4,"8a75582404c7fff,8a75582404f7fff,8a755824296ffff,8a755824291ffff,8a75582429affff,8a75582429a7fff,8a755824665ffff,8a755824664ffff,8a75582466effff,8a75582466c7fff,8a75582466f7fff,8a75582466affff,8a7558246687fff,8a7558246697fff,8a75582466b7fff,8a755824679ffff,8a7558246797fff,8a75582464cffff,8a75582464c7fff,8a75582464f7fff,8a755824648ffff,8a7558255b07fff,8a7558255867fff",3
-904395706#1,-1264978470#1,0.3,0.8,0.7,0.0999999999999999,0.15,0.9,0.55,0.55,0.7,0.9,0.9,0.5,0.2,0.0999999999999999,0.1999999999999999,0.1999999999999999,0.0999999999999999,0.0999999999999999,0.3,0.0,0.8,0.1999999999999999,0.3,"8a75582404c7fff,8a75582404f7fff,8a755824296ffff,8a755824291ffff,8a75582429affff,8a75582429a7fff,8a755824665ffff,8a755824664ffff,8a7558246647fff,8a75582466effff,8a75582466c7fff,8a75582466f7fff,8a75582466affff,8a7558246687fff,8a7558246697fff,8a7558255a67fff,8a7558255b4ffff,8a7558255b5ffff,8a7558255b47fff,8a7558255b77fff,8a7558255b2ffff,8a7558255b07fff,8a7558255867fff",0
-904395706#1,-1264978470#1,0.6,0.4,0.4,0.8,0.7,0.3,0.55,0.55,0.9,0.2,0.4,0.5,0.4,0.9,0.8,0.8,0.4,0.3,0.8,0.7,0.4,0.4,0.5,"8a75582404c7fff,8a75582404f7fff,8a75582404e7fff,8a755824040ffff,8a7558240407fff,8a75582405b7fff,8a7558240597fff,8a755824296ffff,8a755824291ffff,8a75582429affff,8a75582429a7fff,8a755824665ffff,8a75582466effff,8a75582466c7fff,8a75582466f7fff,8a75582466affff,8a7558246687fff,8a7558246697fff,8a7558255b4ffff,8a7558255b5ffff,8a7558255b47fff,8a7558255b77fff,8a7558255b2ffff,8a7558255b07fff,8a7558255867fff",4
32897986,-22561653,0.8,0.8,1.0,0.8,0.8,0.5,0.6,0.6,1.0,0.4,0.6,0.4,0.2,0.8,0.8,0.8,0.0,0.8,0.8,0.6,0.8,0.1999999999999999,0.6,"8a75582466e7fff,8a75582466f7fff,8a75582466affff,8a7558246687fff,8a7558246697fff,8a7558255b4ffff",2
32897986,-22561653,0.6,0.4,0.7,0.5,0.5,0.5,0.6,0.6,0.6,0.4,0.6,1.0,0.4,0.1999999999999999,0.1999999999999999,0.0,0.4,0.0,0.4,0.6,0.6,0.6,0.0,"8a75582466e7fff,8a75582466f7fff,8a75582466affff,8a7558246687fff,8a75582466a7fff,8a755824678ffff,8a755824679ffff,8a75582466b7fff,8a7558246697fff,8a7558255b4ffff",0
32897986,-22561653,0.0,0.0,0.4,0.0,0.0,1.0,0.6,0.6,0.2,1.0,0.6,0.4,1.0,0.6,0.0,0.4,0.8,0.6,0.0,0.1999999999999999,0.0,0.8,0.8,"8a75582466e7fff,8a75582466f7fff,8a75582466affff,8a7558246687fff,8a7558246697fff,8a7558255a67fff,8a7558255a77fff,8a7558255b5ffff,8a7558255b4ffff",1
32897986,-22561653,0.1999999999999999,0.6,0.2,0.1999999999999999,0.1999999999999999,0.5,0.6,0.6,0.8,0.8,0.6,0.4,0.8,0.0,0.6,0.6,0.1999999999999999,0.4,0.1999999999999999,0.0,0.4,0.4,0.4,"8a75582466e7fff,8a75582466f7fff,8a75582466affff,8a7558246687fff,8a7558246697fff,8a7558255a67fff,8a7558255b4ffff",1
32897986,-22561653,0.4,0.1999999999999999,0.7,0.5,0.5,0.5,0.6,0.6,0.4,0.4,0.6,0.8,0.6,0.4,0.4,0.1999999999999999,0.6,0.1999999999999999,0.6,0.6,0.1999999999999999,0.0,0.1999999999999999,"8a75582466e7fff,8a75582466f7fff,8a75582466affff,8a7558246687fff,8a75582466a7fff,8a755824678ffff,8a755824679ffff,8a7558255b6ffff,8a7558255b4ffff,8a7558246697fff",1
-174375407#2,57680159,0.9,0.9,0.4,0.6,0.4499999999999999,0.55,0.55,0.55,0.55,0.55,1.0,0.55,0.1,0.4499999999999999,0.0,0.0,0.4499999999999999,0.9,0.0,0.0,0.9,0.0,0.8,"8a75582429affff,8a755824291ffff,8a755824296ffff,8a75582404f7fff,8a75582404e7fff",0
-174375407#2,57680159,0.5,0.5,0.85,0.1999999999999999,0.4499999999999999,0.55,0.55,0.55,0.55,0.55,0.2,0.55,0.9,0.4499999999999999,0.4,0.4,0.4499999999999999,0.7,0.4,0.4,0.5,0.9,0.0,"8a75582429affff,8a755824291ffff,8a755824296ffff,8a7558240597fff,8a75582405b7fff,8a755824625ffff,8a755824624ffff,8a7558240517fff,8a755824051ffff,8a7558240437fff,8a7558240407fff,8a755824040ffff,8a75582404e7fff",0
-174375407#2,57680159,0.1999999999999999,0.1999999999999999,0.4,0.6,0.4499999999999999,0.55,0.55,0.55,0.55,0.55,0.8,0.55,0.3,0.4499999999999999,0.7,0.7,0.4499999999999999,0.0999999999999999,0.7,0.7,0.1999999999999999,0.0999999999999999,0.7,"8a75582429affff,8a755824291ffff,8a755824296ffff,8a75582404f7fff,8a75582404affff,8a7558240597fff,8a75582405b7fff,8a7558240407fff,8a755824040ffff,8a75582404e7fff",4
-174375407#2,57680159,0.8,0.8,0.4,0.6,0.4499999999999999,0.55,0.55,0.55,0.55,0.55,0.7,0.55,0.4,0.4499999999999999,0.0999999999999999,0.0999999999999999,0.4499999999999999,0.8,0.0999999999999999,0.0999999999999999,0.8,0.5,0.5,"8a75582429affff,8a755824291ffff,8a755824296ffff,8a7558240597fff,8a7558240417fff,8a755824040ffff,8a75582404e7fff",0
-174375407#2,57680159,0.6,0.6,0.4,0.6,0.4499999999999999,0.55,0.55,0.55,0.55,0.55,0.3,0.55,0.8,0.4499999999999999,0.3,0.3,0.4499999999999999,0.6,0.3,0.3,0.6,0.6,0.4,"8a75582429affff,8a755824291ffff,8a755824296ffff,8a7558240597fff,8a75582405b7fff,8a7558240437fff,8a7558240407fff,8a755824040ffff,8a75582404e7fff",2
-174375407#2,57680159,0.7,0.7,0.4,0.6,0.4499999999999999,0.55,0.55,0.55,0.55,0.55,0.4,0.55,0.7,0.4499999999999999,0.1999999999999999,0.1999999999999999,0.4499999999999999,0.4,0.1999999999999999,0.1999999999999999,0.7,0.4,0.1999999999999999,"8a75582429affff,8a755824291ffff,8a755824296ffff,8a7558240597fff,8a75582405b7fff,8a7558240407fff,8a755824040ffff,8a75582404e7fff",0
-174375407#2,57680159,0.0999999999999999,0.0999999999999999,0.4,0.6,0.4499999999999999,0.55,0.55,0.55,0.55,0.55,0.6,0.55,0.5,0.4499999999999999,0.8,0.8,0.4499999999999999,0.0,0.8,0.8,0.0999999999999999,0.3,0.6,"8a75582429affff,8a755824291ffff,8a755824296ffff,8a75582404f7fff,8a75582404affff,8a7558240597fff,8a75582405b7fff,8a7558240437fff,8a7558240407fff,8a755824040ffff,8a75582404e7fff",4
-174375407#2,57680159,0.0,0.0,1.0,0.0,0.4499999999999999,0.55,0.55,0.55,0.55,0.55,0.5,0.55,0.6,0.4499999999999999,0.9,0.9,0.4499999999999999,0.3,0.9,0.9,0.0,0.7,0.3,"8a75582429affff,8a755824291ffff,8a755824296ffff,8a75582404f7fff,8a75582404affff,8a7558240597fff,8a75582405b7fff,8a755824625ffff,8a755824624ffff,8a7558240517fff,8a755824051ffff,8a7558240437fff,8a7558240407fff,8a755824040ffff,8a75582404e7fff",3
-174375407#2,57680159,0.4,0.4,0.85,0.0999999999999999,0.4499999999999999,0.55,0.55,0.55,0.55,0.55,0.1,0.55,1.0,0.4499999999999999,0.5,0.5,0.4499999999999999,0.5,0.5,0.5,0.4,0.8,0.0999999999999999,"8a75582429affff,8a755824291ffff,8a755824296ffff,8a7558240597fff,8a75582405b7fff,8a755824625ffff,8a75582462effff,8a755824624ffff,8a7558240517fff,8a755824051ffff,8a7558240437fff,8a7558240407fff,8a755824040ffff,8a75582404e7fff",3
-174375407#2,57680159,0.3,0.3,0.4,0.6,0.4499999999999999,0.55,0.55,0.55,0.55,0.55,0.9,0.55,0.2,0.4499999999999999,0.6,0.6,0.4499999999999999,0.1999999999999999,0.6,0.6,0.3,0.1999999999999999,0.9,"8a75582429affff,8a755824291ffff,8a755824296ffff,8a75582404f7fff,8a75582404affff,8a7558240597fff,8a7558240417fff,8a755824040ffff,8a75582404e7fff",4
57680113,57680152#2,0.6,0.6,0.8,0.6,0.6,0.6,0.6,0.6,0.8,0.8,0.6,0.5,0.6,0.4,0.6,0.6,0.4,0.4,0.6,0.5,0.6,0.0,0.4,"8a75582462d7fff,8a755824292ffff,8a7558242927fff,8a7558242937fff,8a755824664ffff,8a755824665ffff,8a75582466effff,8a75582466c7fff,8a75582466f7fff,8a75582466affff,8a7558246687fff,8a7558246697fff,8a75582466b7fff,8a755824679ffff,8a7558246797fff,8a75582467b7fff,8a7558246787fff,8a75582467affff,8a755824662ffff,8a7558246297fff",2
57680113,57680152#2,0.4,0.8,0.4,0.1999999999999999,0.1999999999999999,1.0,0.6,0.6,0.4,0.6,0.6,1.0,0.4,0.1999999999999999,0.1999999999999999,0.0,0.1999999999999999,0.0,0.1999999999999999,0.5,0.8,0.6,0.0,"8a75582462d7fff,8a755824292ffff,8a7558242927fff,8a7558242937fff,8a755824664ffff,8a7558246647fff,8a755824665ffff,8a75582466effff,8a75582466c7fff,8a75582466f7fff,8a75582466affff,8a7558246687fff,8a75582466a7fff,8a755824678ffff,8a755824679ffff,8a7558246797fff,8a75582467b7fff,8a7558246787fff,8a75582467affff,8a755824662ffff,8a7558246297fff",0
57680113,57680152#2,0.1999999999999999,0.0,0.6,0.8,0.6,0.2,0.6,0.6,1.0,0.2,0.6,0.5,0.2,0.8,0.8,0.8,0.0,0.6,0.8,0.5,0.0,0.4,0.8,"8a75582462d7fff,8a755824292ffff,8a7558242927fff,8a7558242937fff,8a755824664ffff,8a755824665ffff,8a75582466effff,8a75582466c7fff,8a75582466f7fff,8a75582466affff,8a7558246687fff,8a7558246697fff,8a7558255b4ffff,8a7558255b5ffff,8a7558255b47fff,8a7558255b77fff,8a7558255b2ffff,8a7558255b07fff,8a755824648ffff,8a75582464f7fff,8a75582464c7fff,8a75582464cffff,8a7558246797fff,8a75582467b7fff,8a7558246787fff,8a75582467affff,8a755824662ffff,8a7558246297fff",4
57680113,57680152#2,0.0,0.1999999999999999,0.2,0.0,0.0,0.4,0.6,0.6,0.2,1.0,0.6,0.5,1.0,0.0,0.0,0.1999999999999999,0.8,0.8,0.0,0.0,0.1999999999999999,0.8,0.6,"8a75582462d7fff,8a755824292ffff,8a7558242927fff,8a7558242937fff,8a755824664ffff,8a755824665ffff,8a75582466effff,8a75582466c7fff,8a75582466f7fff,8a75582466affff,8a7558246687fff,8a7558246697fff,8a7558255a67fff,8a7558255a77fff,8a7558255b5ffff,8a7558255b4ffff,8a75582466b7fff,8a755824679ffff,8a7558246797fff,8a75582467b7fff,8a7558246787fff,8a75582467affff,8a755824662ffff,8a7558246297fff",1
57680113,57680152#2,0.8,0.4,1.0,0.4,0.6,0.8,0.6,0.6,0.6,0.4,0.6,0.5,0.8,0.6,0.4,0.4,0.6,0.1999999999999999,0.4,0.5,0.4,0.1999999999999999,0.1999999999999999,"8a75582462d7fff,8a755824292ffff,8a7558242927fff,8a7558242937fff,8a755824664ffff,8a7558246647fff,8a755824665ffff,8a75582466effff,8a75582466c7fff,8a75582466f7fff,8a75582466affff,8a7558246687fff,8a7558246697fff,8a75582466b7fff,8a755824679ffff,8a7558246797fff,8a75582467b7fff,8a7558246787fff,8a75582467affff,8a755824662ffff,8a7558246297fff",3
-57392407,-561134628#0,0.9,0.9,0.9,0.9,0.8,0.3,0.55,0.55,0.7,1.0,0.15,0.3,0.3,0.1999999999999999,0.1999999999999999,0.0999999999999999,0.0,0.9,0.1999999999999999,0.0,0.9,0.8,0.0,"8a7558255ad7fff,8a7558255ae7fff,8a7558255a77fff,8a7558255a67fff,8a7558255b4ffff,8a7558246697fff,8a7558246687fff,8a75582466affff,8a75582466f7fff,8a75582466c7fff,8a75582466effff,8a755824665ffff,8a755824664ffff,8a7558242937fff,8a7558242927fff,8a75582462d7fff,8a75582462c7fff,8a75582462e7fff,8a7558246277fff,8a755824634ffff,8a7558240cb7fff,8a7558240c17fff,8a7558240c37fff,8a7558240c27fff,8a7558240d57fff,8a7558240d47fff",0
-57392407,-561134628#0,0.0,0.0,0.1,0.8,0.3,0.2,0.55,0.55,0.6,0.1,0.4,0.4,0.7,0.9,0.9,0.9,0.7,0.0,0.7,0.6,0.0,0.6,0.4,"8a7558255ad7fff,8a7558255ae7fff,8a7558255a77fff,8a7558255b5ffff,8a7558255a67fff,8a7558255b4ffff,8a7558255b47fff,8a7558255b77fff,8a7558255b2ffff,8a7558255b07fff,8a7558255867fff,8a755825595ffff,8a7558255937fff,8a7558273667fff,8a7558273767fff,8a75582730d7fff,8a75582733b7fff,8a755827305ffff,8a7558273337fff,8a7558273327fff,8a7558246d37fff,8a7558246d27fff,8a75582712e7fff,8a7558271257fff,8a7558244c87fff,8a7558244c27fff,8a75582440c7fff,8a7558244767fff,8a7558244627fff,8a755824471ffff,8a7558244707fff,8a7558244717fff,8a755824409ffff,8a755824446ffff,8a75582447a7fff,8a7558244787fff,8a75582446b7fff,8a755824469ffff,8a7558240d27fff,8a7558240d77fff,8a7558240d57fff,8a7558240d47fff",4
-57392407,-561134628#0,0.6,0.5,0.7,0.3,0.3,0.6,0.55,0.55,0.2,0.7,0.9,1.0,0.6,0.4,0.4,0.4,0.1999999999999999,0.4,0.6,0.8,0.5,0.3,0.3,"8a7558255ad7fff,8a7558255ae7fff,8a7558255a77fff,8a7558255a67fff,8a7558255b4ffff,8a7558255b5ffff,8a7558255b47fff,8a7558255b77fff,8a7558255b2ffff,8a7558255b07fff,8a755824648ffff,8a75582464f7fff,8a75582464affff,8a7558255967fff,8a75582732f7fff,8a755827338ffff,8a75582733affff,8a7558273337fff,8a7558273a87fff,8a7558273aaffff,8a7558273a0ffff,8a7558246d27fff,8a75582712e7fff,8a7558271257fff,8a7558244c87fff,8a7558244c27fff,8a75582440c7fff,8a7558244767fff,8a7558244627fff,8a755824471ffff,8a7558244637fff,8a7558244617fff,8a755824461ffff,8a755824468ffff,8a75582446dffff,8a75582446c7fff,8a7558240d67fff,8a7558240d77fff,8a7558240d57fff,8a7558240d47fff",3
-57392407,-561134628#0,0.5,0.3,0.4,0.6,0.3,0.8,0.55,0.55,0.9,0.6,0.7,0.9,0.1,0.6,0.6,0.6,0.4,0.6,0.8,0.4,0.3,0.1999999999999999,0.8,"8a7558255ad7fff,8a7558255ae7fff,8a7558255a77fff,8a7558255a67fff,8a7558255b4ffff,8a7558255b5ffff,8a7558255b47fff,8a7558255b77fff,8a7558255b2ffff,8a7558255b07fff,8a7558255867fff,8a755825595ffff,8a7558255937fff,8a7558273667fff,8a7558273767fff,8a75582730d7fff,8a75582733b7fff,8a755827305ffff,8a7558273337fff,8a7558273a87fff,8a7558273aaffff,8a7558273a0ffff,8a7558246d27fff,8a75582712e7fff,8a7558271257fff,8a7558244c87fff,8a7558244c27fff,8a75582440c7fff,8a7558244767fff,8a7558244627fff,8a755824471ffff,8a755824460ffff,8a755824461ffff,8a75582446c7fff,8a7558240d67fff,8a7558240d77fff,8a7558240d57fff,8a7558240d47fff",3
-57392407,-561134628#0,0.4,0.6,0.5,0.0,0.3,0.4,0.55,0.55,0.3,0.4,1.0,0.6,0.8,0.3,0.3,0.3,0.0999999999999999,0.0999999999999999,0.3,0.8,0.6,0.0,0.5,"8a7558255ad7fff,8a7558255ae7fff,8a7558255a77fff,8a7558255b5ffff,8a7558255a67fff,8a7558255b4ffff,8a7558255b47fff,8a7558255b77fff,8a7558255b2ffff,8a7558255b07fff,8a755824648ffff,8a75582464f7fff,8a75582464affff,8a7558255967fff,8a75582732f7fff,8a755827338ffff,8a75582733affff,8a7558273337fff,8a7558273327fff,8a7558246d37fff,8a7558246d27fff,8a75582712e7fff,8a7558271257fff,8a7558244c87fff,8a7558244c27fff,8a75582440c7fff,8a7558244767fff,8a7558244627fff,8a755824471ffff,8a755824460ffff,8a755824461ffff,8a75582446c7fff,8a7558240d67fff,8a7558240d77fff,8a7558240d57fff,8a7558240d47fff",1
-57392407,-561134628#0,0.7,0.7,0.8,0.1999999999999999,0.8,0.9,0.55,0.55,0.4,0.8,0.15,0.1,1.0,0.0999999999999999,0.0999999999999999,0.1999999999999999,0.85,0.7,0.0999999999999999,0.1999999999999999,0.7,0.7,0.1999999999999999,"8a7558255ad7fff,8a7558255ae7fff,8a7558255a77fff,8a7558255aa7fff,8a755825516ffff,8a7558255a37fff,8a7558255b57fff,8a7558255b5ffff,8a7558255a67fff,8a7558255b4ffff,8a7558246697fff,8a7558246687fff,8a755824668ffff,8a75582466f7fff,8a75582466c7fff,8a75582466effff,8a755824665ffff,8a755824664ffff,8a7558242937fff,8a7558242927fff,8a75582462d7fff,8a75582462c7fff,8a75582462e7fff,8a7558246277fff,8a755824634ffff,8a7558240cb7fff,8a7558240c17fff,8a7558240c37fff,8a7558240c27fff,8a7558240d57fff,8a7558240d47fff",0
-57392407,-561134628#0,0.0999999999999999,0.0999999999999999,1.0,0.0999999999999999,0.3,1.0,0.55,0.55,0.1,0.2,0.5,0.7,0.9,0.8,0.8,0.8,0.6,0.3,0.5,0.8,0.0999999999999999,0.5,0.9,"8a7558255ad7fff,8a7558255ae7fff,8a7558255a77fff,8a7558255aa7fff,8a755825516ffff,8a7558255a37fff,8a7558255b57fff,8a7558255b5ffff,8a7558255a67fff,8a7558255b4ffff,8a7558255b47fff,8a7558255b77fff,8a7558255b2ffff,8a7558255b07fff,8a755824648ffff,8a75582464f7fff,8a75582464affff,8a7558255967fff,8a75582732f7fff,8a755827338ffff,8a75582733affff,8a7558273337fff,8a7558273a87fff,8a7558273aaffff,8a7558273a0ffff,8a7558246d27fff,8a75582712e7fff,8a7558271257fff,8a7558244c87fff,8a7558244c27fff,8a75582440c7fff,8a7558244767fff,8a7558244627fff,8a755824471ffff,8a755824460ffff,8a755824461ffff,8a75582446c7fff,8a7558240d67fff,8a7558240d77fff,8a7558240d57fff,8a7558240d47fff",3
-57392407,-561134628#0,0.3,0.1999999999999999,0.3,0.7,0.3,0.7,0.55,0.55,0.8,0.5,0.6,0.8,0.2,0.7,0.7,0.7,0.5,0.5,0.9,0.5,0.1999999999999999,0.4,0.6,"8a7558255ad7fff,8a7558255ae7fff,8a7558255a77fff,8a7558255a67fff,8a7558255b4ffff,8a7558255b5ffff,8a7558255b47fff,8a7558255b77fff,8a7558255b2ffff,8a7558255b07fff,8a7558255867fff,8a755825595ffff,8a7558255937fff,8a7558273667fff,8a7558273767fff,8a75582730d7fff,8a75582733b7fff,8a755827305ffff,8a7558273337fff,8a7558273a87fff,8a7558273aaffff,8a7558273a0ffff,8a7558246d27fff,8a75582712e7fff,8a7558271257fff,8a7558244c87fff,8a7558244c27fff,8a75582440c7fff,8a7558244767fff,8a7558244627fff,8a755824471ffff,8a7558244637fff,8a7558244617fff,8a755824461ffff,8a755824468ffff,8a75582446dffff,8a75582446c7fff,8a7558240d67fff,8a7558240d77fff,8a7558240d57fff,8a7558240d47fff",4
-57392407,-561134628#0,0.1999999999999999,0.4,0.2,0.5,0.3,0.5,0.55,0.55,1.0,0.3,0.8,0.5,0.4,0.5,0.5,0.5,0.3,0.1999999999999999,0.4,0.3,0.4,0.0999999999999999,0.7,"8a7558255ad7fff,8a7558255ae7fff,8a7558255a77fff,8a7558255b5ffff,8a7558255a67fff,8a7558255b4ffff,8a7558255b47fff,8a7558255b77fff,8a7558255b2ffff,8a7558255b07fff,8a7558255867fff,8a755825595ffff,8a7558255937fff,8a7558273667fff,8a7558273767fff,8a75582730d7fff,8a75582733b7fff,8a755827305ffff,8a7558273337fff,8a7558273327fff,8a7558246d37fff,8a7558246d27fff,8a75582712e7fff,8a7558271257fff,8a7558244c87fff,8a7558244c27fff,8a75582440c7fff,8a7558244767fff,8a7558244627fff,8a755824471ffff,8a755824460ffff,8a755824461ffff,8a75582446c7fff,8a7558240d67fff,8a7558240d77fff,8a7558240d57fff,8a7558240d47fff",4
-57392407,-561134628#0,0.8,0.8,0.6,0.4,0.8,0.1,0.55,0.55,0.5,0.9,0.3,0.2,0.5,0.0,0.0,0.0,0.85,0.8,0.0,0.0999999999999999,0.8,0.9,0.0999999999999999,"8a7558255ad7fff,8a7558255ae7fff,8a7558255a77fff,8a7558255a67fff,8a7558255b4ffff,8a7558246697fff,8a7558246687fff,8a755824668ffff,8a75582466f7fff,8a75582466c7fff,8a75582466effff,8a755824665ffff,8a755824664ffff,8a7558242937fff,8a7558242927fff,8a75582462d7fff,8a75582462c7fff,8a75582462e7fff,8a7558246277fff,8a755824634ffff,8a7558240cb7fff,8a7558240c17fff,8a7558240c37fff,8a7558240c27fff,8a7558240d57fff,8a7558240d47fff",0
57680130#2,-1163710302,0.0,0.0,1.0,0.0,0.0,1.0,1.0,1.0,1.0,1.0,1.0,1.0,1.0,0.0,0.0,0.0,0.0,0.0,0.0,0.0,0.0,0.0,0.0,"8a7558246677fff,8a7558246657fff,8a755824666ffff,8a755824664ffff,8a7558246647fff,8a755824665ffff,8a75582466effff,8a75582466c7fff,8a75582466f7fff,8a75582466affff,8a7558246687fff",1
-39353757#15,-174375407#2,0.6,0.6,0.35,0.65,0.55,0.45,0.55,0.55,0.55,0.55,0.5,0.55,0.6,0.4499999999999999,0.4,0.5,0.4499999999999999,0.7,0.4,0.4499999999999999,0.6,0.7,0.9,"8a7558240437fff,8a7558240407fff,8a755824040ffff,8a75582404e7fff,8a7558240417fff,8a7558240597fff,8a755824296ffff,8a755824291ffff,8a75582429affff",2
-39353757#15,-174375407#2,0.0999999999999999,0.0999999999999999,0.35,0.65,0.55,0.45,0.55,0.55,0.55,0.55,0.7,0.55,0.4,0.4499999999999999,0.8,0.5,0.4499999999999999,0.0999999999999999,0.8,0.4499999999999999,0.0999999999999999,0.5,0.0,"8a7558240407fff,8a7558240437fff,8a755824051ffff,8a7558240517fff,8a755824624ffff,8a755824625ffff,8a75582405b7fff,8a7558240597fff,8a7558240417fff,8a755824040ffff,8a75582404e7fff,8a75582404f7fff,8a755824296ffff,8a755824291ffff,8a75582429affff",4
-39353757#15,-174375407#2,0.4,0.4,0.75,0.1999999999999999,0.55,0.45,0.55,0.55,0.55,0.55,0.3,0.55,0.8,0.4499999999999999,0.6,0.5,0.4499999999999999,0.4,0.6,0.4499999999999999,0.5,0.4,0.1999999999999999,"8a7558240407fff,8a7558240437fff,8a755824051ffff,8a755824625ffff,8a75582405b7fff,8a755824040ffff,8a7558240417fff,8a7558240597fff,8a755824296ffff,8a755824291ffff,8a75582429affff",3
-39353757#15,-174375407#2,0.5,0.5,0.35,0.65,0.55,0.45,0.55,0.55,0.55,0.55,0.4,0.55,0.7,0.4499999999999999,0.5,0.5,0.4499999999999999,0.5,0.5,0.4499999999999999,0.4,0.3,0.8,"8a7558240437fff,8a7558240407fff,8a75582405b7fff,8a7558240597fff,8a7558240417fff,8a755824040ffff,8a75582404e7fff,8a75582404f7fff,8a75582404affff,8a755824296ffff,8a755824291ffff,8a75582429affff",2
-39353757#15,-174375407#2,0.7,0.7,0.35,0.65,0.55,0.45,0.55,0.55,0.55,0.55,1.0,0.55,0.1,0.4499999999999999,0.3,0.5,0.4499999999999999,0.9,0.3,0.4499999999999999,0.7,0.0,0.7,"8a7558240437fff,8a7558240407fff,8a755824040ffff,8a75582404e7fff,8a75582404f7fff,8a755824296ffff,8a755824291ffff,8a75582429affff",2
-39353757#15,-174375407#2,0.3,0.3,1.0,0.0,0.05,1.0,0.55,0.55,0.55,0.55,0.9,0.55,0.2,0.4499999999999999,0.0,0.0,0.4499999999999999,0.1999999999999999,0.0,0.4499999999999999,0.3,0.1999999999999999,0.5,"8a7558240407fff,8a7558240437fff,8a755824051ffff,8a755824625ffff,8a75582405b7fff,8a755824040ffff,8a75582404e7fff,8a75582404f7fff,8a755824296ffff,8a755824291ffff,8a75582429affff",1
-39353757#15,-174375407#2,0.9,0.9,0.35,0.65,0.55,0.45,0.55,0.55,0.55,0.55,0.8,0.55,0.3,0.4499999999999999,0.0999999999999999,0.5,0.4499999999999999,0.6,0.0999999999999999,0.4499999999999999,0.9,0.0999999999999999,0.0999999999999999,"8a7558240437fff,8a7558240407fff,8a75582405b7fff,8a7558240597fff,8a755824296ffff,8a755824291ffff,8a75582429affff",0
-39353757#15,-174375407#2,0.0,0.0,0.75,0.3,0.55,0.45,0.55,0.55,0.55,0.55,0.1,0.55,1.0,0.4499999999999999,0.9,0.5,0.4499999999999999,0.0,0.9,0.4499999999999999,0.0,0.6,0.4,"8a7558240407fff,8a7558240437fff,8a755824051ffff,8a7558240517fff,8a755824624ffff,8a755824625ffff,8a75582405b7fff,8a755824040ffff,8a75582404e7fff,8a7558240417fff,8a7558240597fff,8a755824296ffff,8a755824291ffff,8a75582429affff",4
-39353757#15,-174375407#2,0.1999999999999999,0.1999999999999999,0.9,0.0999999999999999,0.05,0.9,0.55,0.55,0.55,0.55,0.2,0.55,0.9,0.4499999999999999,0.7,0.5,0.4499999999999999,0.3,0.7,0.4499999999999999,0.1999999999999999,0.9,0.3,"8a7558240407fff,8a7558240437fff,8a755824051ffff,8a755824625ffff,8a75582405b7fff,8a7558240597fff,8a7558240417fff,8a755824040ffff,8a75582404e7fff,8a755824296ffff,8a755824291ffff,8a75582429affff",3
-39353757#15,-174375407#2,0.8,0.8,0.35,0.65,0.55,0.45,0.55,0.55,0.55,0.55,0.6,0.55,0.5,0.4499999999999999,0.1999999999999999,0.5,0.4499999999999999,0.8,0.1999999999999999,0.4499999999999999,0.8,0.8,0.6,"8a7558240437fff,8a7558240407fff,8a755824040ffff,8a75582404e7fff,8a75582404f7fff,8a75582404affff,8a755824296ffff,8a755824291ffff,8a75582429affff",2
57680181#1,57680152#2,0.9,0.8,0.9,0.6,0.75,0.6,0.55,0.55,0.8,0.4,0.8,0.4,0.3,0.5,0.6,0.6,0.3,0.1999999999999999,0.6,0.65,0.8,0.4,0.4,"8a7558240417fff,8a7558240597fff,8a755824296ffff,8a755824291ffff,8a75582429affff,8a75582429a7fff,8a755824665ffff,8a75582466effff,8a75582466c7fff,8a75582466f7fff,8a75582466affff,8a7558246687fff,8a7558246697fff,8a75582466b7fff,8a755824679ffff,8a7558246797fff,8a75582467b7fff,8a7558246787fff,8a75582467affff,8a755824662ffff,8a7558246297fff",2
57680181#1,57680152#2,0.1999999999999999,0.4,0.8,0.0999999999999999,0.4,0.9,0.55,0.55,0.1,0.7,0.3,0.8,0.7,0.6,0.3,0.0999999999999999,0.5,0.0999999999999999,0.5,0.3,0.4,0.3,0.3,"8a7558240417fff,8a7558240597fff,8a75582405b7fff,8a7558240407fff,8a755824040ffff,8a75582404e7fff,8a75582404f7fff,8a75582404affff,8a755824296ffff,8a755824291ffff,8a75582429affff,8a75582429a7fff,8a755824665ffff,8a755824664ffff,8a7558246647fff,8a75582466effff,8a75582466c7fff,8a75582466f7fff,8a75582466affff,8a7558246687fff,8a75582466a7fff,8a755824678ffff,8a755824679ffff,8a7558246797fff,8a75582467b7fff,8a7558246787fff,8a75582467affff,8a755824662ffff,8a7558246297fff",1
57680181#1,57680152#2,0.6,0.5,0.3,0.7,0.4,0.4,0.55,0.55,1.0,0.3,0.5,0.9,0.2,0.1999999999999999,0.0999999999999999,0.0,0.0999999999999999,0.7,0.1999999999999999,0.65,0.5,0.9,0.0,"8a7558240417fff,8a7558240597fff,8a755824296ffff,8a755824291ffff,8a75582429affff,8a75582429a7fff,8a755824665ffff,8a75582466effff,8a75582466c7fff,8a75582466f7fff,8a75582466affff,8a7558246687fff,8a75582466a7fff,8a755824678ffff,8a755824679ffff,8a75582466b7fff,8a7558246697fff,8a7558255b4ffff,8a7558255b5ffff,8a7558255b47fff,8a7558255b77fff,8a7558255b2ffff,8a7558255b07fff,8a755824648ffff,8a75582464f7fff,8a75582464c7fff,8a75582464cffff,8a7558246797fff,8a75582467b7fff,8a7558246787fff,8a75582467affff,8a755824662ffff,8a7558246297fff",0
57680181#1,57680152#2,0.0,0.0,0.1,0.3,0.0999999999999999,0.1,0.55,0.55,0.2,0.6,0.1,0.4,1.0,0.3,0.4,0.5,0.9,0.4,0.4,0.0999999999999999,0.0,0.1999999999999999,0.8,"8a7558240417fff,8a7558240597fff,8a75582405b7fff,8a7558240407fff,8a755824040ffff,8a75582404e7fff,8a75582404f7fff,8a75582404affff,8a755824296ffff,8a755824291ffff,8a75582429affff,8a75582429a7fff,8a755824665ffff,8a75582466effff,8a75582466c7fff,8a75582466f7fff,8a75582466affff,8a7558246687fff,8a7558246697fff,8a7558255a67fff,8a7558255b4ffff,8a75582466b7fff,8a755824679ffff,8a7558246797fff,8a75582467b7fff,8a7558246787fff,8a75582467affff,8a755824662ffff,8a7558246297fff",4
57680181#1,57680152#2,0.0999999999999999,0.6,0.2,0.1999999999999999,0.0999999999999999,0.5,0.55,0.55,0.9,0.8,0.6,0.4,0.4,0.0999999999999999,0.1999999999999999,0.4,0.0,0.8,0.0999999999999999,0.1999999999999999,0.6,0.6,0.6,"8a7558240417fff,8a7558240597fff,8a755824296ffff,8a755824291ffff,8a75582429affff,8a75582429a7fff,8a755824665ffff,8a75582466effff,8a75582466c7fff,8a75582466f7fff,8a75582466affff,8a7558246687fff,8a7558246697fff,8a7558255a67fff,8a7558255b4ffff,8a7558255b5ffff,8a7558255b47fff,8a7558255b77fff,8a7558255b2ffff,8a7558255b07fff,8a755824648ffff,8a75582464f7fff,8a75582464c7fff,8a75582464cffff,8a7558246797fff,8a75582467b7fff,8a7558246787fff,8a75582467affff,8a755824662ffff,8a7558246297fff",1
57680181#1,57680152#2,0.3,0.0999999999999999,0.6,0.9,0.75,0.2,0.55,0.55,0.3,0.1,0.4,0.4,0.9,0.9,0.9,0.9,0.8,0.6,0.9,0.65,0.0999999999999999,0.8,0.5,"8a7558240417fff,8a7558240597fff,8a75582405b7fff,8a755824625ffff,8a755824624ffff,8a7558240517fff,8a755824051ffff,8a7558240437fff,8a7558240407fff,8a755824040ffff,8a75582404e7fff,8a75582404f7fff,8a75582404affff,8a755824296ffff,8a755824291ffff,8a75582429affff,8a75582429a7fff,8a755824665ffff,8a75582466effff,8a75582466c7fff,8a75582466f7fff,8a75582466affff,8a7558246687fff,8a7558246697fff,8a75582466b7fff,8a755824679ffff,8a7558246797fff,8a75582467b7fff,8a7558246787fff,8a75582467affff,8a755824662ffff,8a7558246297fff",4
57680181#1,57680152#2,0.8,0.9,0.4,0.4,0.4,0.8,0.55,0.55,0.6,0.5,0.9,1.0,0.1,0.4,0.5,0.1999999999999999,0.1999999999999999,0.0,0.3,0.65,0.9,0.5,0.0999999999999999,"8a7558240417fff,8a7558240597fff,8a755824296ffff,8a755824291ffff,8a75582429affff,8a75582429a7fff,8a755824665ffff,8a75582466effff,8a75582466c7fff,8a75582466f7fff,8a75582466affff,8a7558246687fff,8a75582466a7fff,8a755824678ffff,8a755824679ffff,8a7558246797fff,8a75582467b7fff,8a7558246787fff,8a75582467affff,8a755824662ffff,8a7558246297fff",0
57680181#1,57680152#2,0.4,0.1999999999999999,0.7,0.8,0.75,0.3,0.55,0.55,0.4,0.2,1.0,0.4,0.6,0.8,0.8,0.8,0.7,0.3,0.8,0.65,0.1999999999999999,0.0,0.9,"8a7558240417fff,8a7558240597fff,8a75582405b7fff,8a7558240437fff,8a7558240407fff,8a755824040ffff,8a75582404e7fff,8a75582404f7fff,8a755824296ffff,8a755824291ffff,8a75582429affff,8a75582429a7fff,8a755824665ffff,8a75582466effff,8a75582466c7fff,8a75582466f7fff,8a75582466affff,8a7558246687fff,8a7558246697fff,8a75582466b7fff,8a755824679ffff,8a7558246797fff,8a75582467b7fff,8a7558246787fff,8a75582467affff,8a755824662ffff,8a7558246297fff",4
57680181#1,57680152#2,0.5,0.3,1.0,0.5,0.75,0.7,0.55,0.55,0.5,0.9,0.2,0.4,0.8,0.7,0.7,0.7,0.6,0.5,0.7,0.65,0.3,0.0999999999999999,0.7,"8a7558240417fff,8a7558240597fff,8a75582405b7fff,8a7558240407fff,8a755824040ffff,8a75582404e7fff,8a75582404f7fff,8a75582404affff,8a755824296ffff,8a755824291ffff,8a75582429affff,8a75582429a7fff,8a755824665ffff,8a755824664ffff,8a75582466effff,8a75582466c7fff,8a75582466f7fff,8a75582466affff,8a7558246687fff,8a7558246697fff,8a75582466b7fff,8a755824679ffff,8a7558246797fff,8a75582467b7fff,8a7558246787fff,8a75582467affff,8a755824662ffff,8a7558246297fff",3
57680181#1,57680152#2,0.7,0.7,0.5,0.0,0.0999999999999999,1.0,0.55,0.55,0.7,1.0,0.7,0.4,0.5,0.0,0.0,0.3,0.4,0.9,0.0,0.0,0.7,0.7,0.1999999999999999,"8a7558240417fff,8a7558240597fff,8a755824296ffff,8a755824291ffff,8a75582429affff,8a75582429a7fff,8a755824665ffff,8a755824664ffff,8a75582466effff,8a75582466c7fff,8a75582466f7fff,8a75582466affff,8a7558246687fff,8a7558246697fff,8a7558255a67fff,8a7558255b4ffff,8a75582466b7fff,8a755824679ffff,8a7558246797fff,8a75582467b7fff,8a7558246787fff,8a75582467affff,8a755824662ffff,8a7558246297fff",0
-39353757#4,-22561653,0.9,0.9,0.7,0.6,0.6,0.8,0.55,0.55,1.0,0.5,1.0,0.55,0.1,0.3,0.4,0.65,0.0,0.8,0.4,0.65,0.9,0.8,0.0999999999999999,"8a75582405b7fff,8a7558240597fff,8a755824296ffff,8a755824291ffff,8a75582429affff,8a75582429a7fff,8a755824665ffff,8a75582466effff,8a75582466c7fff,8a75582466f7fff,8a75582466affff,8a7558246687fff,8a7558246697fff,8a7558255b4ffff",0
-39353757#4,-22561653,0.0,0.0,0.3,0.0,0.0999999999999999,1.0,0.55,0.55,0.1,0.4,0.4,0.55,1.0,0.1999999999999999,0.1999999999999999,0.1999999999999999,0.9,0.5,0.3,0.3,0.0,0.0,0.9,"8a7558240597fff,8a75582405b7fff,8a7558240407fff,8a755824040ffff,8a75582404e7fff,8a75582404f7fff,8a755824296ffff,8a755824291ffff,8a75582429affff,8a75582429a7fff,8a755824665ffff,8a75582466effff,8a75582466c7fff,8a75582466f7fff,8a75582466affff,8a7558246687fff,8a7558246697fff,8a7558255a67fff,8a7558255a77fff,8a7558255aa7fff,8a755825516ffff,8a7558255a37fff,8a7558255b57fff,8a7558255b5ffff,8a7558255b4ffff",1
-39353757#4,-22561653,0.5,0.4,1.0,0.3,0.6,0.7,0.55,0.55,0.5,0.7,0.8,0.55,0.3,0.7,0.0,0.0,0.5,0.0999999999999999,0.0999999999999999,0.0999999999999999,0.4,0.1999999999999999,0.1999999999999999,"8a7558240597fff,8a75582405b7fff,8a7558240407fff,8a755824040ffff,8a75582404e7fff,8a75582404f7fff,8a755824296ffff,8a755824291ffff,8a75582429affff,8a75582429a7fff,8a755824665ffff,8a755824664ffff,8a7558246647fff,8a75582466effff,8a75582466c7fff,8a75582466f7fff,8a75582466affff,8a7558246687fff,8a7558246697fff,8a7558255b4ffff",0
-39353757#4,-22561653,0.1999999999999999,0.0999999999999999,0.4,0.9,0.6,0.1,0.55,0.55,0.3,0.1,0.2,0.55,0.8,0.9,0.9,0.65,0.8,0.0,0.9,0.65,0.1999999999999999,0.7,0.3,"8a7558240597fff,8a75582405b7fff,8a755824625ffff,8a755824624ffff,8a7558240517fff,8a755824051ffff,8a7558240437fff,8a7558240407fff,8a755824040ffff,8a75582404e7fff,8a7558240417fff,8a755824296ffff,8a755824291ffff,8a75582429affff,8a75582429a7fff,8a755824665ffff,8a75582466effff,8a75582466c7fff,8a75582466f7fff,8a75582466affff,8a7558246687fff,8a7558246697fff,8a7558255b4ffff",4
-39353757#4,-22561653,0.8,0.8,0.2,0.0999999999999999,0.0999999999999999,0.9,0.55,0.55,0.9,1.0,0.7,0.55,0.2,0.0,0.0999999999999999,0.0999999999999999,0.0999999999999999,0.7,0.0,0.0,0.8,0.9,0.0,"8a75582405b7fff,8a7558240597fff,8a755824296ffff,8a755824291ffff,8a75582429affff,8a75582429a7fff,8a755824665ffff,8a755824664ffff,8a75582466effff,8a75582466c7fff,8a75582466f7fff,8a75582466affff,8a7558246687fff,8a7558246697fff,8a7558255a67fff,8a7558255b4ffff",0
-39353757#4,-22561653,0.7,0.6,0.85,0.4499999999999999,0.6,0.6,0.55,0.55,0.7,0.9,0.5,0.55,0.5,0.5,0.6,0.65,0.3,0.9,0.6,0.65,0.5,0.5,0.4,"8a75582405b7fff,8a7558240597fff,8a7558240417fff,8a755824040ffff,8a75582404e7fff,8a75582404f7fff,8a75582404affff,8a755824296ffff,8a755824291ffff,8a75582429affff,8a75582429a7fff,8a755824665ffff,8a755824664ffff,8a75582466effff,8a75582466c7fff,8a75582466f7fff,8a75582466affff,8a7558246687fff,8a7558246697fff,8a7558255b4ffff",2
-39353757#4,-22561653,0.4,0.5,0.5,0.8,0.6,0.3,0.55,0.55,0.6,0.2,0.9,0.55,0.4,0.6,0.7,0.65,0.4,0.1999999999999999,0.7,0.65,0.6,0.0999999999999999,0.8,"8a7558240597fff,8a75582405b7fff,8a7558240437fff,8a7558240407fff,8a755824040ffff,8a75582404e7fff,8a75582404f7fff,8a755824296ffff,8a755824291ffff,8a75582429affff,8a75582429a7fff,8a755824665ffff,8a75582466effff,8a75582466c7fff,8a75582466f7fff,8a75582466affff,8a7558246687fff,8a7558246697fff,8a7558255b4ffff",4
-39353757#4,-22561653,0.0999999999999999,0.1999999999999999,0.1,0.1999999999999999,0.0999999999999999,0.2,0.55,0.55,0.2,0.6,0.3,0.55,0.9,0.0999999999999999,0.3,0.3,0.7,0.3,0.1999999999999999,0.1999999999999999,0.0999999999999999,0.6,0.5,"8a75582405b7fff,8a7558240597fff,8a7558240417fff,8a755824040ffff,8a75582404e7fff,8a75582404f7fff,8a75582404affff,8a755824296ffff,8a755824291ffff,8a75582429affff,8a75582429a7fff,8a755824665ffff,8a75582466effff,8a75582466c7fff,8a75582466f7fff,8a75582466affff,8a7558246687fff,8a7558246697fff,8a7558255a67fff,8a7558255b4ffff",1
-39353757#4,-22561653,0.3,0.3,0.85,0.4499999999999999,0.6,0.5,0.55,0.55,0.4,0.8,0.1,0.55,0.7,0.8,0.8,0.65,0.6,0.6,0.8,0.65,0.3,0.4,0.6,"8a7558240597fff,8a75582405b7fff,8a7558240437fff,8a7558240407fff,8a755824040ffff,8a75582404e7fff,8a7558240417fff,8a755824296ffff,8a755824291ffff,8a75582429affff,8a75582429a7fff,8a755824665ffff,8a755824664ffff,8a75582466effff,8a75582466c7fff,8a75582466f7fff,8a75582466affff,8a7558246687fff,8a7558246697fff,8a7558255b4ffff",3
-39353757#4,-22561653,0.6,0.7,0.6,0.7,0.6,0.4,0.55,0.55,0.8,0.3,0.6,0.55,0.6,0.4,0.5,0.65,0.1999999999999999,0.4,0.5,0.65,0.7,0.3,0.7,"8a7558240597fff,8a75582405b7fff,8a7558240407fff,8a755824040ffff,8a75582404e7fff,8a75582404f7fff,8a75582404affff,8a755824296ffff,8a755824291ffff,8a75582429affff,8a75582429a7fff,8a755824665ffff,8a75582466effff,8a75582466c7fff,8a75582466f7fff,8a75582466affff,8a7558246687fff,8a7558246697fff,8a7558255b4ffff",2
1004094802,174375408#0,0.875,0.875,0.75,0.625,0.4375,0.5,0.5625,0.5625,1.0,1.0,0.3125,0.5625,0.125,0.375,0.625,0.375,0.0,0.875,0.375,0.0,0.875,0.75,0.0,"8a7558246697fff,8a7558255a67fff,8a7558255b4ffff,8a7558246687fff,8a75582466affff,8a75582466f7fff,8a75582466c7fff,8a75582466effff,8a755824665ffff,8a755824664ffff",0
1004094802,174375408#0,0.0,0.125,0.125,0.75,0.4375,0.125,0.5625,0.5625,0.375,0.25,0.3125,0.5625,0.75,0.25,0.375,0.75,0.5,0.25,0.75,0.75,0.125,0.25,0.625,"8a7558246697fff,8a7558255a67fff,8a7558255b4ffff,8a7558255b5ffff,8a7558255b47fff,8a7558255b77fff,8a7558255b2ffff,8a7558255b07fff,8a755824648ffff,8a75582464f7fff,8a75582464c7fff,8a75582464cffff,8a7558246797fff,8a755824679ffff,8a7558255b6ffff,8a7558246687fff,8a755824668ffff,8a75582466f7fff,8a75582466c7fff,8a75582466effff,8a755824665ffff,8a755824664ffff",4
1004094802,174375408#0,0.125,0.0,0.625,0.0,0.4375,0.875,0.5625,0.5625,0.125,0.375,0.625,0.5625,1.0,0.625,0.5,0.5,0.75,0.125,0.5,0.875,0.0,0.125,0.875,"8a7558246697fff,8a7558255a67fff,8a7558255a77fff,8a7558255aa7fff,8a755825516ffff,8a7558255a37fff,8a7558255b57fff,8a7558255b5ffff,8a7558255b4ffff,8a7558246687fff,8a755824668ffff,8a75582466f7fff,8a75582466c7fff,8a75582466effff,8a755824665ffff,8a755824664ffff",3
1004094802,174375408#0,0.25,0.375,0.5,0.875,0.4375,0.25,0.5625,0.5625,0.625,0.125,0.75,0.5625,0.625,0.5,0.75,0.625,0.25,0.0,0.625,0.5,0.375,0.375,0.5,"8a7558246697fff,8a7558255a67fff,8a7558255b4ffff,8a7558255b5ffff,8a7558255b47fff,8a7558255b77fff,8a7558255b2ffff,8a7558255b07fff,8a755824648ffff,8a75582464f7fff,8a75582464c7fff,8a75582464cffff,8a7558246797fff,8a755824679ffff,8a75582466b7fff,8a7558246687fff,8a75582466affff,8a75582466f7fff,8a75582466c7fff,8a75582466effff,8a755824665ffff,8a755824664ffff",4
1004094802,174375408#0,0.75,0.625,0.875,0.5,0.4375,0.75,0.5625,0.5625,0.875,0.75,0.875,0.5625,0.25,0.75,0.25,0.125,0.125,0.375,0.125,0.25,0.625,0.875,0.25,"8a7558246697fff,8a7558255a67fff,8a7558255a77fff,8a7558255b5ffff,8a7558255b4ffff,8a7558246687fff,8a75582466affff,8a75582466f7fff,8a75582466c7fff,8a75582466effff,8a755824665ffff,8a755824664ffff",0
1004094802,174375408#0,0.375,0.25,1.0,0.375,0.4375,1.0,0.5625,0.5625,0.25,0.5,0.3125,0.5625,0.875,0.875,0.875,0.875,0.375,0.5,0.875,0.625,0.25,0.0,0.75,"8a7558246697fff,8a7558255a67fff,8a7558255a77fff,8a7558255aa7fff,8a755825516ffff,8a7558255a37fff,8a7558255b57fff,8a7558255b5ffff,8a7558255b4ffff,8a7558246687fff,8a75582466affff,8a75582466f7fff,8a75582466c7fff,8a75582466effff,8a755824665ffff,8a755824664ffff",3
1004094802,174375408#0,0.5,0.5,0.25,0.125,0.4375,0.625,0.5625,0.5625,0.5,0.875,0.3125,0.5625,0.5,0.125,0.0,0.25,0.75,0.75,0.25,0.375,0.5,0.625,0.375,"8a7558246697fff,8a7558255a67fff,8a7558255a77fff,8a7558255b5ffff,8a7558255b4ffff,8a7558246687fff,8a755824668ffff,8a75582466f7fff,8a75582466c7fff,8a75582466effff,8a755824665ffff,8a755824664ffff",0
1004094802,174375408#0,0.625,0.75,0.375,0.25,0.4375,0.375,0.5625,0.5625,0.75,0.625,1.0,0.5625,0.375,0.0,0.125,0.0,0.75,0.625,0.0,0.125,0.75,0.5,0.125,"8a7558246697fff,8a7558255a67fff,8a7558255b4ffff,8a7558246687fff,8a755824668ffff,8a75582466f7fff,8a75582466c7fff,8a75582466effff,8a755824665ffff,8a755824664ffff",0
-22561652#3,-174375407#2,0.0,0.0,1.0,0.0,0.0,1.0,1.0,1.0,1.0,1.0,1.0,1.0,1.0,0.0,0.0,0.0,0.0,0.0,0.0,0.0,0.0,0.0,0.0,"8a75582466c7fff,8a75582466effff,8a755824665ffff,8a75582429a7fff,8a75582429affff,8a755824291ffff",1
-174907152#1,-1238123695#0,0.875,0.875,0.6875,0.5625,0.6875,0.625,0.5625,0.5625,1.0,0.5,0.3125,0.5625,0.5,0.5,0.625,0.75,0.0,0.875,0.875,0.5,0.875,0.5,0.0,"8a7558246697fff,8a7558246687fff,8a75582466affff,8a75582466f7fff,8a75582466c7fff,8a75582466effff,8a755824665ffff,8a7558246647fff,8a755824664ffff,8a755824666ffff",2
-174907152#1,-1238123695#0,0.0,0.0,0.4375,0.3125,0.1875,0.5,0.5625,0.5625,0.125,0.625,0.625,0.5625,0.625,0.375,0.25,0.125,0.6875,0.0,0.0,0.375,0.0,0.375,0.75,"8a7558246697fff,8a7558246687fff,8a755824668ffff,8a75582466f7fff,8a75582466c7fff,8a75582466effff,8a755824665ffff,8a755824664ffff,8a755824666ffff",1
-174907152#1,-1238123695#0,0.75,0.75,0.6875,0.5625,0.6875,0.75,0.5625,0.5625,0.875,1.0,0.3125,0.5625,0.25,0.625,0.75,0.875,0.125,0.625,0.75,0.0,0.75,0.625,0.25,"8a7558246697fff,8a7558246687fff,8a75582466affff,8a75582466f7fff,8a75582466c7fff,8a75582466effff,8a755824665ffff,8a755824664ffff,8a755824666ffff",2
-174907152#1,-1238123695#0,0.125,0.125,0.4375,0.3125,0.1875,0.375,0.5625,0.5625,0.25,0.125,0.75,0.5625,0.875,0.25,0.375,0.0,0.6875,0.25,0.125,0.875,0.125,0.25,0.5,"8a7558246697fff,8a7558246687fff,8a755824668ffff,8a75582466f7fff,8a75582466c7fff,8a75582466effff,8a755824665ffff,8a7558246647fff,8a755824664ffff,8a755824666ffff",1
-174907152#1,-1238123695#0,0.625,0.625,0.9375,0.8125,0.6875,0.875,0.5625,0.5625,0.75,0.25,1.0,0.5625,0.375,0.75,0.875,0.25,0.25,0.375,0.5,0.625,0.625,0.75,0.125,"8a7558246697fff,8a7558246687fff,8a75582466affff,8a75582466f7fff,8a75582466c7fff,8a75582466effff,8a755824665ffff,8a7558246647fff,8a755824664ffff,8a755824666ffff",2
-174907152#1,-1238123695#0,0.5,0.5,0.9375,0.8125,0.6875,1.0,0.5625,0.5625,0.625,0.75,0.875,0.5625,0.125,0.875,0.5,0.375,0.375,0.125,0.25,0.125,0.5,0.875,0.375,"8a7558246697fff,8a7558246687fff,8a75582466affff,8a75582466f7fff,8a75582466c7fff,8a75582466effff,8a755824665ffff,8a755824664ffff,8a755824666ffff",0
-174907152#1,-1238123695#0,0.25,0.25,0.1875,0.0625,0.1875,0.25,0.5625,0.5625,0.375,0.875,0.3125,0.5625,0.75,0.125,0.125,0.625,0.6875,0.5,0.375,0.25,0.25,0.125,0.875,"8a7558246697fff,8a7558246687fff,8a755824668ffff,8a75582466f7fff,8a75582466c7fff,8a75582466effff,8a755824665ffff,8a755824664ffff,8a755824666ffff",1
-174907152#1,-1238123695#0,0.375,0.375,0.1875,0.0625,0.1875,0.125,0.5625,0.5625,0.5,0.375,0.3125,0.5625,1.0,0.0,0.0,0.5,0.6875,0.75,0.625,0.75,0.375,0.0,0.625,"8a7558246697fff,8a7558246687fff,8a755824668ffff,8a75582466f7fff,8a75582466c7fff,8a75582466effff,8a755824665ffff,8a7558246647fff,8a755824664ffff,8a755824666ffff",4
57680130#2,-22561651#1,0.0,0.0,1.0,0.0,0.0,1.0,1.0,1.0,1.0,1.0,1.0,1.0,1.0,0.0,0.0,0.0,0.0,0.0,0.0,0.0,0.0,0.0,0.0,"8a7558246677fff,8a7558246657fff,8a755824666ffff,8a755824664ffff,8a7558246647fff,8a755824665ffff,8a75582429a7fff,8a7558242987fff,8a7558242817fff,8a755824282ffff,8a7558242a2ffff",1
57680181#0,-174375407#3,0.9,0.9,0.45,0.75,0.4499999999999999,0.55,0.55,0.55,0.55,0.55,1.0,0.55,0.1,0.4499999999999999,0.1999999999999999,0.55,0.4499999999999999,0.9,0.1999999999999999,0.4499999999999999,0.9,0.3,0.9,"8a75582404e7fff,8a7558240417fff,8a7558240597fff,8a755824296ffff,8a755824291ffff,8a75582429affff,8a75582429a7fff",2
57680181#0,-174375407#3,0.0999999999999999,0.0999999999999999,1.0,0.0,0.4499999999999999,0.55,0.55,0.55,0.55,0.55,0.4,0.55,0.7,0.4499999999999999,0.8,0.55,0.4499999999999999,0.8,0.8,0.4499999999999999,0.0999999999999999,0.8,0.0,"8a75582404e7fff,8a7558240417fff,8a7558240597fff,8a75582405b7fff,8a755824625ffff,8a755824624ffff,8a7558240517fff,8a755824051ffff,8a7558240437fff,8a7558240407fff,8a755824040ffff,8a75582404f7fff,8a755824296ffff,8a755824291ffff,8a75582429affff,8a75582429a7fff",3
57680181#0,-174375407#3,0.6,0.6,0.45,0.75,0.4499999999999999,0.55,0.55,0.55,0.55,0.55,0.2,0.55,0.9,0.4499999999999999,0.5,0.55,0.4499999999999999,0.0,0.5,0.4499999999999999,0.6,0.5,0.6,"8a75582404e7fff,8a7558240417fff,8a7558240597fff,8a75582405b7fff,8a7558240407fff,8a755824040ffff,8a75582404f7fff,8a75582404affff,8a755824296ffff,8a755824291ffff,8a75582429affff,8a75582429a7fff",2
57680181#0,-174375407#3,0.7,0.7,0.45,0.75,0.4499999999999999,0.55,0.55,0.55,0.55,0.55,0.9,0.55,0.2,0.4499999999999999,0.4,0.55,0.4499999999999999,0.7,0.4,0.4499999999999999,0.7,0.0999999999999999,0.8,"8a75582404e7fff,8a7558240417fff,8a7558240597fff,8a755824040ffff,8a75582404f7fff,8a755824296ffff,8a755824291ffff,8a75582429affff,8a75582429a7fff",2
57680181#0,-174375407#3,0.3,0.3,0.7,0.5,0.4499999999999999,0.55,0.55,0.55,0.55,0.55,0.6,0.55,0.5,0.4499999999999999,0.0,0.0,0.4499999999999999,0.1999999999999999,0.0,0.4499999999999999,0.3,0.4,0.3,"8a75582404e7fff,8a7558240417fff,8a7558240597fff,8a75582405b7fff,8a7558240437fff,8a7558240407fff,8a755824040ffff,8a75582404f7fff,8a755824296ffff,8a755824291ffff,8a75582429affff,8a75582429a7fff",1
57680181#0,-174375407#3,0.0,0.0,0.85,0.15,0.4499999999999999,0.55,0.55,0.55,0.55,0.55,0.1,0.55,1.0,0.4499999999999999,0.9,0.55,0.4499999999999999,0.5,0.9,0.4499999999999999,0.0,0.9,0.1999999999999999,"8a75582404e7fff,8a7558240417fff,8a7558240597fff,8a75582405b7fff,8a755824625ffff,8a75582462effff,8a755824624ffff,8a7558240517fff,8a755824051ffff,8a7558240437fff,8a7558240407fff,8a755824040ffff,8a75582404f7fff,8a75582404affff,8a755824296ffff,8a755824291ffff,8a75582429affff,8a75582429a7fff",3
57680181#0,-174375407#3,0.5,0.5,0.15,0.35,0.4499999999999999,0.55,0.55,0.55,0.55,0.55,0.8,0.55,0.3,0.4499999999999999,0.6,0.55,0.4499999999999999,0.3,0.6,0.4499999999999999,0.5,0.0,0.4,"8a75582404e7fff,8a7558240417fff,8a7558240597fff,8a75582405b7fff,8a7558240407fff,8a755824040ffff,8a75582404f7fff,8a755824296ffff,8a755824291ffff,8a75582429affff,8a75582429a7fff",2
57680181#0,-174375407#3,0.8,0.8,0.45,0.75,0.4499999999999999,0.55,0.55,0.55,0.55,0.55,0.3,0.55,0.8,0.4499999999999999,0.3,0.55,0.4499999999999999,0.6,0.3,0.4499999999999999,0.8,0.6,0.7,"8a75582404e7fff,8a7558240417fff,8a7558240597fff,8a755824040ffff,8a75582404f7fff,8a75582404affff,8a755824296ffff,8a755824291ffff,8a75582429affff,8a75582429a7fff",2
57680181#0,-174375407#3,0.1999999999999999,0.1999999999999999,0.85,0.15,0.4499999999999999,0.55,0.55,0.55,0.55,0.55,0.5,0.55,0.6,0.4499999999999999,0.0999999999999999,0.0999999999999999,0.4499999999999999,0.4,0.0999999999999999,0.4499999999999999,0.1999999999999999,0.7,0.0999999999999999,"8a75582404e7fff,8a7558240417fff,8a7558240597fff,8a75582405b7fff,8a755824625ffff,8a755824624ffff,8a7558240517fff,8a755824051ffff,8a7558240437fff,8a7558240407fff,8a755824040ffff,8a75582404f7fff,8a755824296ffff,8a755824291ffff,8a75582429affff,8a75582429a7fff",1
57680181#0,-174375407#3,0.4,0.4,0.15,0.35,0.4499999999999999,0.55,0.55,0.55,0.55,0.55,0.7,0.55,0.4,0.4499999999999999,0.7,0.55,0.4499999999999999,0.0999999999999999,0.7,0.4499999999999999,0.4,0.1999999999999999,0.5,"8a75582404e7fff,8a7558240417fff,8a7558240597fff,8a75582405b7fff,8a7558240437fff,8a7558240407fff,8a755824040ffff,8a75582404f7fff,8a755824296ffff,8a755824291ffff,8a75582429affff,8a75582429a7fff",4
-39353757#15,-174375407#3,0.6,0.6,0.3,0.7,0.55,0.45,0.55,0.55,0.55,0.55,0.5,0.55,0.6,0.4499999999999999,0.4,0.5,0.4499999999999999,0.7,0.4,0.4499999999999999,0.6,0.6,0.9,"8a7558240437fff,8a7558240407fff,8a755824040ffff,8a75582404e7fff,8a7558240417fff,8a7558240597fff,8a755824296ffff,8a755824291ffff,8a75582429affff,8a75582429a7fff",2
-39353757#15,-174375407#3,0.3,0.1999999999999999,0.65,0.4,0.55,0.45,0.55,0.55,0.55,0.55,0.7,0.55,0.4,0.4499999999999999,0.7,0.5,0.4499999999999999,0.1999999999999999,0.7,0.4499999999999999,0.1999999999999999,0.5,0.0,"8a7558240407fff,8a7558240437fff,8a755824051ffff,8a7558240517fff,8a755824624ffff,8a755824625ffff,8a75582405b7fff,8a7558240597fff,8a7558240417fff,8a755824040ffff,8a75582404e7fff,8a75582404f7fff,8a755824296ffff,8a755824291ffff,8a75582429affff,8a75582429a7fff",3
-39353757#15,-174375407#3,0.4,0.4,0.65,0.3,0.55,0.45,0.55,0.55,0.55,0.55,0.3,0.55,0.8,0.4499999999999999,0.6,0.5,0.4499999999999999,0.4,0.6,0.4499999999999999,0.5,0.4,0.3,"8a7558240407fff,8a7558240437fff,8a755824051ffff,8a755824625ffff,8a75582405b7fff,8a755824040ffff,8a7558240417fff,8a7558240597fff,8a755824296ffff,8a755824291ffff,8a75582429affff,8a75582429a7fff",3
-39353757#15,-174375407#3,0.5,0.5,0.3,0.7,0.55,0.45,0.55,0.55,0.55,0.55,0.4,0.55,0.7,0.4499999999999999,0.5,0.5,0.4499999999999999,0.5,0.5,0.4499999999999999,0.3,0.3,0.6,"8a7558240437fff,8a7558240407fff,8a75582405b7fff,8a7558240597fff,8a7558240417fff,8a755824040ffff,8a75582404e7fff,8a75582404f7fff,8a75582404affff,8a755824296ffff,8a755824291ffff,8a75582429affff,8a75582429a7fff",2
-39353757#15,-174375407#3,0.7,0.7,0.3,0.7,0.55,0.45,0.55,0.55,0.55,0.55,1.0,0.55,0.1,0.4499999999999999,0.3,0.5,0.4499999999999999,0.9,0.3,0.4499999999999999,0.7,0.0,0.8,"8a7558240437fff,8a7558240407fff,8a755824040ffff,8a75582404e7fff,8a75582404f7fff,8a755824296ffff,8a755824291ffff,8a75582429affff,8a75582429a7fff",2
-39353757#15,-174375407#3,0.1999999999999999,0.3,1.0,0.0,0.05,1.0,0.55,0.55,0.55,0.55,0.8,0.55,0.3,0.4499999999999999,0.0,0.0,0.4499999999999999,0.0999999999999999,0.0,0.4499999999999999,0.4,0.1999999999999999,0.5,"8a7558240407fff,8a7558240437fff,8a755824051ffff,8a755824625ffff,8a75582405b7fff,8a755824040ffff,8a75582404e7fff,8a75582404f7fff,8a755824296ffff,8a755824291ffff,8a75582429affff,8a75582429a7fff",1
-39353757#15,-174375407#3,0.0,0.0,0.8,0.1999999999999999,0.55,0.45,0.55,0.55,0.55,0.55,0.1,0.55,1.0,0.4499999999999999,0.9,0.5,0.4499999999999999,0.0,0.9,0.4499999999999999,0.0,0.7,0.0999999999999999,"8a7558240407fff,8a7558240437fff,8a755824051ffff,8a7558240517fff,8a755824624ffff,8a755824625ffff,8a75582405b7fff,8a755824040ffff,8a75582404e7fff,8a7558240417fff,8a7558240597fff,8a755824296ffff,8a755824291ffff,8a75582429affff,8a75582429a7fff",4
-39353757#15,-174375407#3,0.0999999999999999,0.0999999999999999,0.9,0.0999999999999999,0.05,0.9,0.55,0.55,0.55,0.55,0.2,0.55,0.9,0.4499999999999999,0.8,0.5,0.4499999999999999,0.3,0.8,0.4499999999999999,0.0999999999999999,0.9,0.4,"8a7558240407fff,8a7558240437fff,8a755824051ffff,8a755824625ffff,8a75582405b7fff,8a7558240597fff,8a7558240417fff,8a755824040ffff,8a75582404e7fff,8a755824296ffff,8a755824291ffff,8a75582429affff,8a75582429a7fff",3
-39353757#15,-174375407#3,0.9,0.9,0.3,0.7,0.55,0.45,0.55,0.55,0.55,0.55,0.9,0.55,0.2,0.4499999999999999,0.0999999999999999,0.5,0.4499999999999999,0.6,0.0999999999999999,0.4499999999999999,0.9,0.0999999999999999,0.1999999999999999,"8a7558240437fff,8a7558240407fff,8a75582405b7fff,8a7558240597fff,8a755824296ffff,8a755824291ffff,8a75582429affff,8a75582429a7fff",0
-39353757#15,-174375407#3,0.8,0.8,0.3,0.7,0.55,0.45,0.55,0.55,0.55,0.55,0.6,0.55,0.5,0.4499999999999999,0.1999999999999999,0.5,0.4499999999999999,0.8,0.1999999999999999,0.4499999999999999,0.8,0.8,0.7,"8a7558240437fff,8a7558240407fff,8a755824040ffff,8a75582404e7fff,8a75582404f7fff,8a75582404affff,8a755824296ffff,8a755824291ffff,8a75582429affff,8a75582429a7fff",2
-57392472#1,-22561651#1,0.75,0.75,1.0,0.5,0.75,0.5,0.625,0.625,1.0,1.0,0.625,0.75,0.25,0.5,0.5,0.75,0.0,0.75,0.5,0.0,0.75,0.0,0.25,"8a755825134ffff,8a755825136ffff,8a7558251ac7fff,8a7558251327fff,8a7558251057fff,8a75582510e7fff,8a75582510f7fff,8a7558251027fff,8a755825110ffff,8a755825112ffff,8a75582518d7fff,8a75582518f7fff,8a755825181ffff,8a7558251827fff,8a755825190ffff,8a75582552dffff,8a75582552e7fff,8a755825520ffff,8a7558255227fff,8a755825532ffff,8a7558255ac7fff,8a7558255ae7fff,8a7558255a77fff,8a7558255a67fff,8a7558255b4ffff,8a7558246697fff,8a7558246687fff,8a75582466affff,8a75582466f7fff,8a75582466c7fff,8a75582466effff,8a755824665ffff,8a75582429a7fff,8a7558242987fff,8a7558242817fff,8a755824282ffff,8a7558242a2ffff",0
-57392472#1,-22561651#1,0.5,0.5,0.25,0.25,0.25,0.25,0.625,0.625,0.5,0.75,0.625,1.0,0.5,0.0,0.0,0.0,0.625,0.5,0.0,0.25,0.5,0.75,0.0,"8a755825136ffff,8a755825134ffff,8a755825c5b7fff,8a755825e96ffff,8a755825e967fff,8a75582512dffff,8a75582512f7fff,8a75582512affff,8a75582512a7fff,8a755825139ffff,8a7558251397fff,8a75582510f7fff,8a75582510e7fff,8a7558251027fff,8a755825110ffff,8a755825112ffff,8a75582518d7fff,8a75582518f7fff,8a755825181ffff,8a7558251827fff,8a755825190ffff,8a75582552dffff,8a75582552e7fff,8a755825520ffff,8a7558255227fff,8a755825532ffff,8a7558255ac7fff,8a7558255ae7fff,8a7558255a77fff,8a7558255b5ffff,8a7558255a67fff,8a7558255b4ffff,8a7558246697fff,8a7558246687fff,8a755824668ffff,8a75582466f7fff,8a75582466c7fff,8a75582466effff,8a755824665ffff,8a75582429a7fff,8a7558242987fff,8a7558242817fff,8a755824282ffff,8a7558242a2ffff",0
-57392472#1,-22561651#1,0.25,0.25,0.5,0.0,0.25,0.75,0.625,0.625,0.75,0.5,0.625,0.25,0.75,0.25,0.25,0.25,0.625,0.25,0.25,0.5,0.25,0.25,0.75,"8a755825134ffff,8a755825136ffff,8a7558251ac7fff,8a7558251327fff,8a7558251057fff,8a75582510e7fff,8a75582510f7fff,8a7558251027fff,8a755825110ffff,8a755825112ffff,8a75582518d7fff,8a75582518f7fff,8a755825181ffff,8a7558251827fff,8a755825190ffff,8a75582552dffff,8a75582552e7fff,8a755825520ffff,8a7558255227fff,8a755825532ffff,8a7558255ac7fff,8a7558255ae7fff,8a7558255a77fff,8a7558255aa7fff,8a755825516ffff,8a7558255a37fff,8a7558255b57fff,8a7558255b5ffff,8a7558255a67fff,8a7558255b4ffff,8a7558246697fff,8a7558246687fff,8a755824668ffff,8a75582466f7fff,8a75582466c7fff,8a75582466effff,8a755824665ffff,8a75582429a7fff,8a7558242987fff,8a7558242817fff,8a755824282ffff,8a7558242a2ffff",1
-57392472#1,-22561651#1,0.0,0.0,0.75,0.75,0.25,1.0,0.625,0.625,0.25,0.25,0.625,0.5,1.0,0.75,0.75,0.5,0.25,0.0,0.75,0.75,0.0,0.5,0.5,"8a755825136ffff,8a755825134ffff,8a755825c5b7fff,8a755825e96ffff,8a755825e967fff,8a75582512dffff,8a75582512f7fff,8a75582512affff,8a75582512a7fff,8a755825139ffff,8a7558251397fff,8a75582510f7fff,8a75582510e7fff,8a7558251027fff,8a755825110ffff,8a755825112ffff,8a75582518d7fff,8a75582518f7fff,8a755825181ffff,8a7558251827fff,8a755825190ffff,8a75582552dffff,8a75582552e7fff,8a755825520ffff,8a7558255227fff,8a755825532ffff,8a7558255ac7fff,8a7558255ae7fff,8a7558255a77fff,8a7558255aa7fff,8a755825516ffff,8a7558255a37fff,8a7558255b57fff,8a7558255b5ffff,8a7558255a67fff,8a7558255b4ffff,8a7558246697fff,8a7558246687fff,8a75582466affff,8a75582466f7fff,8a75582466c7fff,8a75582466effff,8a755824665ffff,8a75582429a7fff,8a7558242987fff,8a7558242817fff,8a755824282ffff,8a7558242a2ffff",4
-39353757#2,-174375407#2,0.9,0.9,0.4,0.6,0.4499999999999999,0.55,0.55,0.55,0.55,0.55,1.0,0.55,0.1,0.4499999999999999,0.0999999999999999,0.5,0.4499999999999999,0.9,0.0999999999999999,0.4499999999999999,0.9,0.4,0.0999999999999999,"8a7558240597fff,8a755824296ffff,8a755824291ffff,8a75582429affff",0
-39353757#2,-174375407#2,0.0999999999999999,0.0999999999999999,0.8,0.1999999999999999,0.4499999999999999,0.55,0.55,0.55,0.55,0.55,0.6,0.55,0.5,0.4499999999999999,0.8,0.5,0.4499999999999999,0.8,0.8,0.4499999999999999,0.0999999999999999,0.7,0.0,"8a7558240597fff,8a75582405b7fff,8a755824625ffff,8a755824624ffff,8a7558240517fff,8a755824051ffff,8a7558240437fff,8a7558240407fff,8a755824040ffff,8a75582404e7fff,8a75582404f7fff,8a755824296ffff,8a755824291ffff,8a75582429affff",3
-39353757#2,-174375407#2,0.6,0.6,0.4,0.6,0.4499999999999999,0.55,0.55,0.55,0.55,0.55,0.4,0.55,0.7,0.4499999999999999,0.3,0.5,0.4499999999999999,0.0,0.3,0.4499999999999999,0.6,0.3,0.8,"8a7558240597fff,8a75582405b7fff,8a7558240407fff,8a755824040ffff,8a75582404e7fff,8a75582404f7fff,8a75582404affff,8a755824296ffff,8a755824291ffff,8a75582429affff",2
-39353757#2,-174375407#2,0.8,0.8,0.4,0.6,0.4499999999999999,0.55,0.55,0.55,0.55,0.55,0.9,0.55,0.2,0.4499999999999999,0.0,0.0,0.4499999999999999,0.5,0.0,0.4499999999999999,0.8,0.0999999999999999,0.6,"8a7558240597fff,8a7558240417fff,8a755824040ffff,8a75582404e7fff,8a75582404f7fff,8a755824296ffff,8a755824291ffff,8a75582429affff",0
-39353757#2,-174375407#2,0.1999999999999999,0.3,0.4,0.6,0.4499999999999999,0.55,0.55,0.55,0.55,0.55,0.3,0.55,0.8,0.4499999999999999,0.6,0.5,0.4499999999999999,0.1999999999999999,0.6,0.4499999999999999,0.3,0.6,0.4,"8a7558240597fff,8a75582405b7fff,8a7558240437fff,8a7558240407fff,8a755824040ffff,8a75582404e7fff,8a7558240417fff,8a755824296ffff,8a755824291ffff,8a75582429affff",4
-39353757#2,-174375407#2,0.4,0.4,0.4,0.6,0.4499999999999999,0.55,0.55,0.55,0.55,0.55,0.7,0.55,0.4,0.4499999999999999,0.5,0.5,0.4499999999999999,0.0999999999999999,0.5,0.4499999999999999,0.4,0.1999999999999999,0.7,"8a7558240597fff,8a75582405b7fff,8a7558240437fff,8a7558240407fff,8a755824040ffff,8a75582404e7fff,8a75582404f7fff,8a755824296ffff,8a755824291ffff,8a75582429affff",4
-39353757#2,-174375407#2,0.0,0.0,0.95,0.05,0.4499999999999999,0.55,0.55,0.55,0.55,0.55,0.1,0.55,1.0,0.4499999999999999,0.9,0.5,0.4499999999999999,0.6,0.9,0.4499999999999999,0.0,0.8,0.3,"8a7558240597fff,8a75582405b7fff,8a755824625ffff,8a75582462effff,8a755824624ffff,8a7558240517fff,8a755824051ffff,8a7558240437fff,8a7558240407fff,8a755824040ffff,8a75582404e7fff,8a7558240417fff,8a755824296ffff,8a755824291ffff,8a75582429affff",3
-39353757#2,-174375407#2,0.7,0.7,0.4,0.6,0.4499999999999999,0.55,0.55,0.55,0.55,0.55,0.5,0.55,0.6,0.4499999999999999,0.1999999999999999,0.5,0.4499999999999999,0.7,0.1999999999999999,0.4499999999999999,0.7,0.5,0.9,"8a7558240597fff,8a7558240417fff,8a755824040ffff,8a75582404e7fff,8a755824296ffff,8a755824291ffff,8a75582429affff",2
-39353757#2,-174375407#2,0.5,0.5,0.4,0.6,0.4499999999999999,0.55,0.55,0.55,0.55,0.55,0.8,0.55,0.3,0.4499999999999999,0.4,0.5,0.4499999999999999,0.3,0.4,0.4499999999999999,0.5,0.0,0.5,"8a7558240597fff,8a75582405b7fff,8a7558240407fff,8a755824040ffff,8a75582404e7fff,8a75582404f7fff,8a755824296ffff,8a755824291ffff,8a75582429affff",2
-39353757#2,-174375407#2,0.3,0.1999999999999999,0.95,0.05,0.4499999999999999,0.55,0.55,0.55,0.55,0.55,0.2,0.55,0.9,0.4499999999999999,0.7,0.5,0.4499999999999999,0.4,0.7,0.4499999999999999,0.1999999999999999,0.9,0.1999999999999999,"8a7558240597fff,8a75582405b7fff,8a755824625ffff,8a755824624ffff,8a7558240517fff,8a755824051ffff,8a7558240437fff,8a7558240407fff,8a755824040ffff,8a75582404e7fff,8a75582404f7fff,8a75582404affff,8a755824296ffff,8a755824291ffff,8a75582429affff",3
57680110,-174375407#3,0.9,0.9,0.4,0.6,0.4499999999999999,0.55,0.55,0.55,0.55,0.55,1.0,0.55,0.1,0.4499999999999999,0.0999999999999999,0.5,0.4499999999999999,0.9,0.0999999999999999,0.4499999999999999,0.9,0.8,0.0,"8a75582462cffff,8a75582405b7fff,8a7558240597fff,8a755824296ffff,8a755824291ffff,8a75582429affff,8a75582429a7fff",0
57680110,-174375407#3,0.3,0.3,0.85,0.0999999999999999,0.4499999999999999,0.55,0.55,0.55,0.55,0.55,0.8,0.55,0.3,0.4499999999999999,0.7,0.5,0.4499999999999999,0.0999999999999999,0.7,0.4499999999999999,0.3,0.6,0.0999999999999999,"8a75582462cffff,8a75582405b7fff,8a755824625ffff,8a755824624ffff,8a7558240517fff,8a755824051ffff,8a7558240437fff,8a7558240407fff,8a755824040ffff,8a75582404e7fff,8a75582404f7fff,8a755824296ffff,8a755824291ffff,8a75582429affff,8a75582429a7fff",3
57680110,-174375407#3,0.0999999999999999,0.0999999999999999,0.4,0.6,0.4499999999999999,0.55,0.55,0.55,0.55,0.55,0.7,0.55,0.4,0.4499999999999999,0.0,0.0,0.4499999999999999,0.1999999999999999,0.0,0.4499999999999999,0.0999999999999999,0.0,0.6,"8a75582462cffff,8a75582405b7fff,8a7558240437fff,8a7558240407fff,8a7558240597fff,8a7558240417fff,8a755824040ffff,8a75582404e7fff,8a75582404f7fff,8a755824296ffff,8a755824291ffff,8a75582429affff,8a75582429a7fff",1
57680110,-174375407#3,0.4,0.5,0.4,0.6,0.4499999999999999,0.55,0.55,0.55,0.55,0.55,0.4,0.55,0.7,0.4499999999999999,0.5,0.5,0.4499999999999999,0.6,0.5,0.4499999999999999,0.5,0.4,0.9,"8a75582462cffff,8a75582405b7fff,8a7558240437fff,8a7558240407fff,8a755824040ffff,8a75582404e7fff,8a7558240417fff,8a7558240597fff,8a755824296ffff,8a755824291ffff,8a75582429affff,8a75582429a7fff",2
57680110,-174375407#3,0.6,0.6,0.4,0.6,0.4499999999999999,0.55,0.55,0.55,0.55,0.55,0.5,0.55,0.6,0.4499999999999999,0.4,0.5,0.4499999999999999,0.5,0.4,0.4499999999999999,0.6,0.1999999999999999,0.7,"8a75582462cffff,8a75582405b7fff,8a7558240407fff,8a755824040ffff,8a75582404e7fff,8a75582404f7fff,8a75582404affff,8a755824296ffff,8a755824291ffff,8a75582429affff,8a75582429a7fff",2
57680110,-174375407#3,0.1999999999999999,0.1999999999999999,0.85,0.1999999999999999,0.4499999999999999,0.55,0.55,0.55,0.55,0.55,0.2,0.55,0.9,0.4499999999999999,0.8,0.5,0.4499999999999999,0.3,0.8,0.4499999999999999,0.1999999999999999,0.9,0.1999999999999999,"8a75582462cffff,8a75582405b7fff,8a755824625ffff,8a75582462effff,8a755824624ffff,8a7558240517fff,8a755824051ffff,8a7558240437fff,8a7558240407fff,8a755824040ffff,8a7558240417fff,8a7558240597fff,8a755824296ffff,8a755824291ffff,8a75582429affff,8a75582429a7fff",3
57680110,-174375407#3,0.0,0.0,1.0,0.0,0.4499999999999999,0.55,0.55,0.55,0.55,0.55,0.1,0.55,1.0,0.4499999999999999,0.9,0.5,0.4499999999999999,0.0,0.9,0.4499999999999999,0.0,0.7,0.3,"8a75582462cffff,8a75582405b7fff,8a755824625ffff,8a755824624ffff,8a7558240517fff,8a755824051ffff,8a7558240437fff,8a7558240407fff,8a7558240597fff,8a7558240417fff,8a755824040ffff,8a75582404e7fff,8a755824296ffff,8a755824291ffff,8a75582429affff,8a75582429a7fff",3
57680110,-174375407#3,0.7,0.8,0.4,0.6,0.4499999999999999,0.55,0.55,0.55,0.55,0.55,0.9,0.55,0.2,0.4499999999999999,0.1999999999999999,0.5,0.4499999999999999,0.8,0.1999999999999999,0.4499999999999999,0.8,0.0999999999999999,0.8,"8a75582462cffff,8a75582405b7fff,8a7558240437fff,8a7558240407fff,8a755824040ffff,8a75582404e7fff,8a75582404f7fff,8a755824296ffff,8a755824291ffff,8a75582429affff,8a75582429a7fff",2
57680110,-174375407#3,0.5,0.4,0.4,0.6,0.4499999999999999,0.55,0.55,0.55,0.55,0.55,0.3,0.55,0.8,0.4499999999999999,0.6,0.5,0.4499999999999999,0.4,0.6,0.4499999999999999,0.4,0.5,0.5,"8a75582462cffff,8a75582405b7fff,8a7558240597fff,8a7558240417fff,8a755824040ffff,8a75582404e7fff,8a755824296ffff,8a755824291ffff,8a75582429affff,8a75582429a7fff",2
57680110,-174375407#3,0.8,0.7,0.4,0.6,0.4499999999999999,0.55,0.55,0.55,0.55,0.55,0.6,0.55,0.5,0.4499999999999999,0.3,0.5,0.4499999999999999,0.7,0.3,0.4499999999999999,0.7,0.3,0.4,"8a75582462cffff,8a75582405b7fff,8a7558240437fff,8a7558240407fff,8a755824040ffff,8a7558240417fff,8a7558240597fff,8a755824296ffff,8a755824291ffff,8a75582429affff,8a75582429a7fff",2
-22561652#1,-174375407#3,0.0,0.0,1.0,0.0,0.0,1.0,1.0,1.0,1.0,1.0,1.0,1.0,1.0,0.0,0.0,0.0,0.0,0.0,0.0,0.0,0.0,0.0,0.0,"8a75582466f7fff,8a75582466c7fff,8a75582466effff,8a755824665ffff,8a75582429a7fff,8a75582429affff",1
57680179#1,-22561652#3,0.0,0.5,0.5,0.0,0.25,0.5,0.75,0.75,1.0,1.0,0.75,0.75,0.5,0.0,0.5,0.5,0.25,0.5,0.5,0.0,0.5,0.0,0.5,"8a7558242937fff,8a7558242927fff,8a755824664ffff,8a755824665ffff,8a75582466effff,8a75582466c7fff",1
57680179#1,-22561652#3,0.5,0.0,1.0,0.5,0.25,1.0,0.75,0.75,0.5,0.5,0.75,0.75,1.0,0.5,0.0,0.0,0.25,0.0,0.0,0.5,0.0,0.5,0.0,"8a7558242937fff,8a7558242927fff,8a755824664ffff,8a7558246647fff,8a755824665ffff,8a75582466effff,8a75582466c7fff",1
57680150#0,174375408#0,0.9,0.9,1.0,0.0,0.4499999999999999,1.0,0.55,0.55,0.55,1.0,0.9,0.55,0.2,0.4499999999999999,0.0999999999999999,0.0999999999999999,0.4499999999999999,0.1999999999999999,0.0999999999999999,0.0,0.9,0.3,0.0999999999999999,"8a7558240407fff,8a75582405b7fff,8a7558240597fff,8a755824296ffff,8a755824291ffff,8a75582429affff,8a75582429a7fff,8a755824665ffff,8a755824664ffff",0
57680150#0,174375408#0,0.4,0.4,0.4,0.6,0.4499999999999999,0.5,0.55,0.55,0.55,0.5,0.7,0.55,0.4,0.4499999999999999,0.5,0.5,0.4499999999999999,0.8,0.5,0.5,0.6,0.4,0.1999999999999999,"8a7558240407fff,8a75582405b7fff,8a755824625ffff,8a755824624ffff,8a7558240517fff,8a755824051ffff,8a7558240437fff,8a755824040ffff,8a75582404e7fff,8a75582404f7fff,8a755824296ffff,8a755824291ffff,8a75582429affff,8a75582429a7fff,8a755824665ffff,8a755824664ffff",2
57680150#0,174375408#0,0.0999999999999999,0.1999999999999999,0.4,0.6,0.4499999999999999,0.3,0.55,0.55,0.55,0.3,0.3,0.55,0.8,0.4499999999999999,0.7,0.7,0.4499999999999999,0.5,0.7,0.7,0.0999999999999999,0.5,0.5,"8a75582405b7fff,8a7558240407fff,8a7558240437fff,8a755824051ffff,8a755824625ffff,8a7558240597fff,8a7558240417fff,8a755824040ffff,8a75582404e7fff,8a75582404f7fff,8a75582404affff,8a755824296ffff,8a755824291ffff,8a75582429affff,8a75582429a7fff,8a755824665ffff,8a755824664ffff",4
57680150#0,174375408#0,0.7,0.8,0.9,0.0999999999999999,0.4499999999999999,0.8,0.55,0.55,0.55,0.9,1.0,0.55,0.1,0.4499999999999999,0.0,0.0,0.4499999999999999,0.0999999999999999,0.0,0.0999999999999999,0.3,0.0,0.7,"8a75582405b7fff,8a7558240407fff,8a755824040ffff,8a75582404e7fff,8a75582404f7fff,8a755824296ffff,8a755824291ffff,8a75582429affff,8a75582429a7fff,8a755824665ffff,8a755824664ffff",0
57680150#0,174375408#0,0.3,0.3,0.2,0.8,0.4499999999999999,0.4,0.55,0.55,0.55,0.4,0.4,0.55,0.7,0.4499999999999999,0.6,0.6,0.4499999999999999,0.9,0.6,0.6,0.5,0.8,0.3,"8a7558240407fff,8a75582405b7fff,8a755824625ffff,8a75582462effff,8a755824624ffff,8a7558240517fff,8a755824051ffff,8a7558240437fff,8a755824040ffff,8a7558240417fff,8a7558240597fff,8a755824296ffff,8a755824291ffff,8a75582429affff,8a75582429a7fff,8a755824665ffff,8a755824664ffff",4
57680150#0,174375408#0,0.5,0.5,0.8,0.1999999999999999,0.4499999999999999,0.6,0.55,0.55,0.55,0.6,0.5,0.55,0.6,0.4499999999999999,0.4,0.4,0.4499999999999999,0.0,0.4,0.4,0.7,0.1999999999999999,0.9,"8a7558240407fff,8a75582405b7fff,8a7558240437fff,8a755824040ffff,8a75582404e7fff,8a7558240417fff,8a7558240597fff,8a755824296ffff,8a755824291ffff,8a75582429affff,8a75582429a7fff,8a755824665ffff,8a755824664ffff",3
57680150#0,174375408#0,0.6,0.6,0.7,0.3,0.4499999999999999,0.7,0.55,0.55,0.55,0.7,0.8,0.55,0.3,0.4499999999999999,0.3,0.3,0.4499999999999999,0.4,0.3,0.3,0.8,0.0999999999999999,0.8,"8a7558240407fff,8a75582405b7fff,8a7558240597fff,8a7558240417fff,8a755824040ffff,8a75582404e7fff,8a75582404f7fff,8a755824296ffff,8a755824291ffff,8a75582429affff,8a75582429a7fff,8a755824665ffff,8a755824664ffff",0
57680150#0,174375408#0,0.0,0.0,0.1,0.9,0.4499999999999999,0.1,0.55,0.55,0.55,0.1,0.1,0.55,1.0,0.4499999999999999,0.9,0.9,0.4499999999999999,0.3,0.9,0.9,0.0,0.6,0.4,"8a75582405b7fff,8a7558240407fff,8a7558240437fff,8a755824051ffff,8a7558240517fff,8a755824624ffff,8a755824625ffff,8a7558240597fff,8a7558240417fff,8a755824040ffff,8a75582404e7fff,8a755824296ffff,8a755824291ffff,8a75582429affff,8a75582429a7fff,8a755824665ffff,8a755824664ffff",4
57680150#0,174375408#0,0.8,0.7,0.6,0.4,0.4499999999999999,0.9,0.55,0.55,0.55,0.8,0.6,0.55,0.5,0.4499999999999999,0.1999999999999999,0.1999999999999999,0.4499999999999999,0.6,0.1999999999999999,0.1999999999999999,0.1999999999999999,0.7,0.0,"8a75582405b7fff,8a7558240407fff,8a7558240437fff,8a755824051ffff,8a755824625ffff,8a7558240597fff,8a755824296ffff,8a755824291ffff,8a75582429affff,8a75582429a7fff,8a755824665ffff,8a755824664ffff",0
57680150#0,174375408#0,0.1999999999999999,0.0999999999999999,0.4,0.6,0.4499999999999999,0.2,0.55,0.55,0.55,0.2,0.2,0.55,0.9,0.4499999999999999,0.8,0.8,0.4499999999999999,0.7,0.8,0.8,0.4,0.9,0.6,"8a7558240407fff,8a75582405b7fff,8a755824625ffff,8a75582462effff,8a755824624ffff,8a7558240517fff,8a755824051ffff,8a7558240437fff,8a755824040ffff,8a75582404e7fff,8a7558240417fff,8a7558240597fff,8a755824296ffff,8a755824291ffff,8a75582429affff,8a75582429a7fff,8a755824665ffff,8a755824664ffff",4
-22561651#1,-174375407#3,0.0,0.0,1.0,0.0,0.0,1.0,1.0,1.0,1.0,1.0,1.0,1.0,1.0,0.0,0.0,0.0,0.0,0.0,0.0,0.0,0.0,0.0,0.0,"8a7558242a2ffff,8a755824282ffff,8a7558242817fff,8a7558242987fff,8a75582429a7fff,8a755824665ffff,8a75582429affff",1
-979838980#5,-22561651#1,0.0,0.5,1.0,0.0,0.25,0.75,0.75,0.75,1.0,1.0,0.75,0.75,0.5,0.0,0.5,0.5,0.25,0.5,0.5,0.25,0.5,0.0,0.5,"8a75582462e7fff,8a75582462c7fff,8a75582462d7fff,8a7558242927fff,8a7558242937fff,8a755824664ffff,8a755824665ffff,8a75582429a7fff,8a7558242987fff,8a7558242817fff,8a755824282ffff,8a7558242a2ffff",3
-979838980#5,-22561651#1,0.5,0.0,0.5,0.5,0.25,0.75,0.75,0.75,0.5,0.5,0.75,0.75,1.0,0.5,0.0,0.0,0.25,0.0,0.0,0.25,0.0,0.5,0.0,"8a75582462e7fff,8a75582462c7fff,8a75582462d7fff,8a7558242927fff,8a7558242937fff,8a755824664ffff,8a7558246647fff,8a755824665ffff,8a75582429a7fff,8a7558242987fff,8a7558242817fff,8a755824282ffff,8a7558242a2ffff",1
57680115#0,-174375407#3,0.9,0.9,0.4,0.6,0.4499999999999999,0.55,0.55,0.55,0.55,0.55,1.0,0.55,0.1,0.4499999999999999,0.0999999999999999,0.5,0.4499999999999999,0.9,0.0999999999999999,0.4499999999999999,0.9,0.3,0.3,"8a7558240597fff,8a755824296ffff,8a755824291ffff,8a75582429affff,8a75582429a7fff",0
57680115#0,-174375407#3,0.0999999999999999,0.0999999999999999,1.0,0.0,0.4499999999999999,0.55,0.55,0.55,0.55,0.55,0.6,0.55,0.5,0.4499999999999999,0.8,0.5,0.4499999999999999,0.8,0.8,0.4499999999999999,0.0999999999999999,0.7,0.0,"8a7558240597fff,8a75582405b7fff,8a755824625ffff,8a755824624ffff,8a7558240517fff,8a755824051ffff,8a7558240437fff,8a7558240407fff,8a755824040ffff,8a75582404e7fff,8a75582404f7fff,8a755824296ffff,8a755824291ffff,8a75582429affff,8a75582429a7fff",3
57680115#0,-174375407#3,0.6,0.6,0.4,0.6,0.4499999999999999,0.55,0.55,0.55,0.55,0.55,0.4,0.55,0.7,0.4499999999999999,0.3,0.5,0.4499999999999999,0.0,0.3,0.4499999999999999,0.6,0.4,0.8,"8a7558240597fff,8a75582405b7fff,8a7558240407fff,8a755824040ffff,8a75582404e7fff,8a75582404f7fff,8a75582404affff,8a755824296ffff,8a755824291ffff,8a75582429affff,8a75582429a7fff",2
57680115#0,-174375407#3,0.8,0.8,0.4,0.6,0.4499999999999999,0.55,0.55,0.55,0.55,0.55,0.9,0.55,0.2,0.4499999999999999,0.0,0.0,0.4499999999999999,0.5,0.0,0.4499999999999999,0.8,0.0999999999999999,0.6,"8a7558240597fff,8a7558240417fff,8a755824040ffff,8a75582404e7fff,8a75582404f7fff,8a755824296ffff,8a755824291ffff,8a75582429affff,8a75582429a7fff",0
57680115#0,-174375407#3,0.1999999999999999,0.3,0.4,0.6,0.4499999999999999,0.55,0.55,0.55,0.55,0.55,0.3,0.55,0.8,0.4499999999999999,0.6,0.5,0.4499999999999999,0.1999999999999999,0.6,0.4499999999999999,0.3,0.6,0.4,"8a7558240597fff,8a75582405b7fff,8a7558240437fff,8a7558240407fff,8a755824040ffff,8a75582404e7fff,8a7558240417fff,8a755824296ffff,8a755824291ffff,8a75582429affff,8a75582429a7fff",4
57680115#0,-174375407#3,0.4,0.4,0.4,0.6,0.4499999999999999,0.55,0.55,0.55,0.55,0.55,0.7,0.55,0.4,0.4499999999999999,0.5,0.5,0.4499999999999999,0.0999999999999999,0.5,0.4499999999999999,0.4,0.1999999999999999,0.7,"8a7558240597fff,8a75582405b7fff,8a7558240437fff,8a7558240407fff,8a755824040ffff,8a75582404e7fff,8a75582404f7fff,8a755824296ffff,8a755824291ffff,8a75582429affff,8a75582429a7fff",4
57680115#0,-174375407#3,0.0,0.0,0.85,0.15,0.4499999999999999,0.55,0.55,0.55,0.55,0.55,0.1,0.55,1.0,0.4499999999999999,0.9,0.5,0.4499999999999999,0.6,0.9,0.4499999999999999,0.0,0.8,0.1999999999999999,"8a7558240597fff,8a75582405b7fff,8a755824625ffff,8a75582462effff,8a755824624ffff,8a7558240517fff,8a755824051ffff,8a7558240437fff,8a7558240407fff,8a755824040ffff,8a75582404e7fff,8a7558240417fff,8a755824296ffff,8a755824291ffff,8a75582429affff,8a75582429a7fff",3
57680115#0,-174375407#3,0.7,0.7,0.4,0.6,0.4499999999999999,0.55,0.55,0.55,0.55,0.55,0.5,0.55,0.6,0.4499999999999999,0.1999999999999999,0.5,0.4499999999999999,0.7,0.1999999999999999,0.4499999999999999,0.7,0.5,0.9,"8a7558240597fff,8a7558240417fff,8a755824040ffff,8a75582404e7fff,8a755824296ffff,8a755824291ffff,8a75582429affff,8a75582429a7fff",2
57680115#0,-174375407#3,0.5,0.5,0.4,0.6,0.4499999999999999,0.55,0.55,0.55,0.55,0.55,0.8,0.55,0.3,0.4499999999999999,0.4,0.5,0.4499999999999999,0.4,0.4,0.4499999999999999,0.5,0.0,0.5,"8a7558240597fff,8a75582405b7fff,8a7558240407fff,8a755824040ffff,8a75582404e7fff,8a75582404f7fff,8a755824296ffff,8a755824291ffff,8a75582429affff,8a75582429a7fff",2
57680115#0,-174375407#3,0.3,0.1999999999999999,0.85,0.15,0.4499999999999999,0.55,0.55,0.55,0.55,0.55,0.2,0.55,0.9,0.4499999999999999,0.7,0.5,0.4499999999999999,0.3,0.7,0.4499999999999999,0.1999999999999999,0.9,0.0999999999999999,"8a7558240597fff,8a75582405b7fff,8a755824625ffff,8a755824624ffff,8a7558240517fff,8a755824051ffff,8a7558240437fff,8a7558240407fff,8a755824040ffff,8a75582404e7fff,8a75582404f7fff,8a75582404affff,8a755824296ffff,8a755824291ffff,8a75582429affff,8a75582429a7fff",3
-22561651#1,57680095#0,0.9,0.9,0.6,0.5,0.7,0.7,0.55,0.55,1.0,0.1,0.3,0.55,0.2,0.9,0.9,0.9,0.0,0.0,0.9,0.85,0.9,0.0,0.8,"8a7558242a2ffff,8a755824282ffff,8a7558242817fff,8a7558242987fff,8a75582429a7fff,8a755824665ffff,8a75582466effff,8a75582466c7fff,8a75582466f7fff,8a75582466affff,8a7558246687fff,8a7558246697fff,8a7558255b4ffff,8a7558255b5ffff,8a7558255b47fff,8a7558255b77fff,8a7558255b2ffff,8a75582464d7fff",2
-22561651#1,57680095#0,0.5,0.1999999999999999,0.5,0.9,0.7,0.2,0.55,0.55,0.3,0.4,1.0,0.55,0.8,0.4,0.7,0.4,0.8,0.5,0.4,0.6,0.1999999999999999,0.8,0.4,"8a7558242a2ffff,8a755824282ffff,8a7558242817fff,8a7558242987fff,8a75582429a7fff,8a755824665ffff,8a75582466effff,8a75582466c7fff,8a75582466f7fff,8a75582466affff,8a7558246687fff,8a7558246697fff,8a75582466b7fff,8a755824679ffff,8a7558246797fff,8a75582464cffff,8a75582464c7fff,8a75582464f7fff,8a755824648ffff,8a7558255b07fff,8a7558255b2ffff,8a75582464d7fff",2
-22561651#1,57680095#0,0.4,0.6,0.8,0.3,0.1999999999999999,0.6,0.55,0.55,0.6,0.9,0.3,0.55,0.6,0.0,0.0999999999999999,0.0999999999999999,0.3,0.4,0.1999999999999999,0.0999999999999999,0.6,0.7,0.0999999999999999,"8a7558242a2ffff,8a755824282ffff,8a7558242817fff,8a7558242987fff,8a75582429a7fff,8a755824665ffff,8a755824664ffff,8a7558246647fff,8a75582466effff,8a75582466c7fff,8a75582466f7fff,8a75582466affff,8a7558246687fff,8a7558246697fff,8a7558255a67fff,8a7558255b4ffff,8a7558255b5ffff,8a7558255b47fff,8a7558255b77fff,8a7558255b2ffff,8a75582464d7fff",0
-22561651#1,57680095#0,0.0,0.0,0.2,0.05,0.1999999999999999,1.0,0.55,0.55,0.1,0.3,0.3,0.55,1.0,0.8,0.3,0.8,0.7,0.8,0.6,0.7,0.0,0.0999999999999999,0.9,"8a7558242a2ffff,8a755824282ffff,8a7558242817fff,8a7558242987fff,8a75582429a7fff,8a755824665ffff,8a75582466effff,8a75582466c7fff,8a75582466f7fff,8a75582466affff,8a7558246687fff,8a7558246697fff,8a7558255a67fff,8a7558255a77fff,8a7558255aa7fff,8a755825516ffff,8a7558255a37fff,8a7558255b57fff,8a7558255b5ffff,8a7558255b4ffff,8a7558255b47fff,8a7558255b77fff,8a7558255b2ffff,8a75582464d7fff",3
-22561651#1,57680095#0,0.0999999999999999,0.0999999999999999,0.1,0.4,0.1999999999999999,0.1,0.55,0.55,0.2,0.2,0.3,0.55,0.9,0.5,0.1999999999999999,0.7,0.9,0.9,0.5,0.0,0.0999999999999999,0.9,0.6,"8a7558242a2ffff,8a755824282ffff,8a7558242817fff,8a7558242987fff,8a75582429a7fff,8a755824665ffff,8a75582466effff,8a75582466c7fff,8a75582466f7fff,8a75582466affff,8a7558246687fff,8a7558246697fff,8a7558255a67fff,8a7558255b4ffff,8a75582466b7fff,8a755824679ffff,8a7558246797fff,8a75582464cffff,8a75582464c7fff,8a75582464f7fff,8a755824648ffff,8a7558255b07fff,8a7558255b2ffff,8a75582464d7fff",4
-22561651#1,57680095#0,0.6,0.5,0.7,0.7,0.7,0.3,0.55,0.55,0.7,0.5,0.7,0.55,0.4,0.0999999999999999,0.4,0.1999999999999999,0.4,0.1999999999999999,0.3,0.4,0.5,0.3,0.5,"8a7558242a2ffff,8a755824282ffff,8a7558242817fff,8a7558242987fff,8a75582429a7fff,8a755824665ffff,8a75582466effff,8a75582466c7fff,8a75582466f7fff,8a75582466affff,8a7558246687fff,8a7558246697fff,8a75582466b7fff,8a755824679ffff,8a7558255b6ffff,8a7558255b4ffff,8a7558255b5ffff,8a7558255b47fff,8a7558255b77fff,8a7558255b2ffff,8a75582464d7fff",2
-22561651#1,57680095#0,0.7,0.7,0.9,0.6,0.7,0.8,0.55,0.55,0.8,0.8,0.9,0.55,0.1,0.7,0.8,0.6,0.1999999999999999,0.7,0.7,0.85,0.7,0.4,0.1999999999999999,"8a7558242a2ffff,8a755824282ffff,8a7558242817fff,8a7558242987fff,8a75582429a7fff,8a755824665ffff,8a755824664ffff,8a75582466effff,8a75582466c7fff,8a75582466f7fff,8a75582466affff,8a7558246687fff,8a7558246697fff,8a7558255b4ffff,8a7558255b5ffff,8a7558255b47fff,8a7558255b77fff,8a7558255b2ffff,8a75582464d7fff",2
-22561651#1,57680095#0,0.1999999999999999,0.3,0.3,0.05,0.1999999999999999,0.4,0.55,0.55,0.4,0.7,0.6,0.55,0.7,0.3,0.0,0.0,0.6,0.0999999999999999,0.0,0.1999999999999999,0.3,0.1999999999999999,0.7,"8a7558242a2ffff,8a755824282ffff,8a7558242817fff,8a7558242987fff,8a75582429a7fff,8a755824665ffff,8a75582466effff,8a75582466c7fff,8a75582466f7fff,8a75582466affff,8a7558246687fff,8a7558246697fff,8a7558255a67fff,8a7558255a77fff,8a7558255b5ffff,8a7558255b4ffff,8a7558255b47fff,8a7558255b77fff,8a7558255b2ffff,8a75582464d7fff",1
-22561651#1,57680095#0,0.8,0.8,1.0,0.8,0.7,0.9,0.55,0.55,0.9,0.6,0.3,0.55,0.3,0.6,0.6,0.5,0.0999999999999999,0.3,0.8,0.3,0.8,0.5,0.0,"8a7558242a2ffff,8a755824282ffff,8a7558242817fff,8a7558242987fff,8a75582429a7fff,8a755824665ffff,8a755824664ffff,8a7558246647fff,8a75582466effff,8a75582466c7fff,8a75582466f7fff,8a75582466affff,8a7558246687fff,8a7558246697fff,8a7558255b4ffff,8a7558255b5ffff,8a7558255b47fff,8a7558255b77fff,8a7558255b2ffff,8a75582464d7fff",2
-22561651#1,57680095#0,0.3,0.4,0.4,0.1999999999999999,0.1999999999999999,0.5,0.55,0.55,0.5,1.0,0.8,0.55,0.5,0.1999999999999999,0.5,0.3,0.5,0.6,0.0999999999999999,0.5,0.4,0.6,0.3,"8a7558242a2ffff,8a755824282ffff,8a7558242817fff,8a7558242987fff,8a75582429a7fff,8a755824665ffff,8a755824664ffff,8a75582466effff,8a75582466c7fff,8a75582466f7fff,8a75582466affff,8a7558246687fff,8a7558246697fff,8a7558255a67fff,8a7558255b4ffff,8a7558255b5ffff,8a7558255b47fff,8a7558255b77fff,8a7558255b2ffff,8a75582464d7fff",1
-39353757#6,-174375407#2,0.9,0.9,0.55,0.65,0.4499999999999999,0.55,0.55,0.55,0.55,0.55,1.0,0.55,0.1,0.4499999999999999,0.0,0.5,0.4499999999999999,0.9,0.0,0.4499999999999999,0.9,0.7,0.0,"8a755824625ffff,8a75582405b7fff,8a7558240597fff,8a755824296ffff,8a755824291ffff,8a75582429affff",0
-39353757#6,-174375407#2,0.8,0.4,0.55,0.65,0.4499999999999999,0.55,0.55,0.55,0.55,0.55,0.8,0.55,0.3,0.4499999999999999,0.6,0.5,0.4499999999999999,0.0999999999999999,0.6,0.4499999999999999,0.4,0.4,0.0999999999999999,"8a75582405b7fff,8a755824625ffff,8a755824624ffff,8a7558240517fff,8a755824051ffff,8a7558240437fff,8a7558240407fff,8a755824040ffff,8a75582404e7fff,8a75582404f7fff,8a755824296ffff,8a755824291ffff,8a75582429affff",2
-39353757#6,-174375407#2,0.0999999999999999,0.0999999999999999,0.15,0.15,0.4499999999999999,0.55,0.55,0.55,0.55,0.55,0.7,0.55,0.4,0.4499999999999999,0.0999999999999999,0.0,0.4499999999999999,0.1999999999999999,0.0999999999999999,0.4499999999999999,0.0999999999999999,0.0,0.7,"8a755824625ffff,8a75582405b7fff,8a7558240437fff,8a7558240407fff,8a7558240597fff,8a7558240417fff,8a755824040ffff,8a75582404e7fff,8a75582404f7fff,8a755824296ffff,8a755824291ffff,8a75582429affff",1
-39353757#6,-174375407#2,0.4,0.6,0.55,0.65,0.4499999999999999,0.55,0.55,0.55,0.55,0.55,0.5,0.55,0.6,0.4499999999999999,0.4,0.5,0.4499999999999999,0.7,0.4,0.4499999999999999,0.6,0.3,0.9,"8a755824625ffff,8a75582405b7fff,8a7558240437fff,8a7558240407fff,8a755824040ffff,8a75582404e7fff,8a7558240417fff,8a7558240597fff,8a755824296ffff,8a755824291ffff,8a75582429affff",2
-39353757#6,-174375407#2,0.3,0.1999999999999999,1.0,0.0,0.4499999999999999,0.55,0.55,0.55,0.55,0.55,0.2,0.55,0.9,0.4499999999999999,0.8,0.5,0.4499999999999999,0.4,0.8,0.4499999999999999,0.1999999999999999,0.9,0.1999999999999999,"8a75582405b7fff,8a755824625ffff,8a75582462effff,8a755824624ffff,8a7558240517fff,8a755824051ffff,8a7558240437fff,8a7558240407fff,8a755824040ffff,8a7558240417fff,8a7558240597fff,8a755824296ffff,8a755824291ffff,8a75582429affff",3
-39353757#6,-174375407#2,0.6,0.7,0.55,0.65,0.4499999999999999,0.55,0.55,0.55,0.55,0.55,0.6,0.55,0.5,0.4499999999999999,0.3,0.5,0.4499999999999999,0.6,0.3,0.4499999999999999,0.7,0.1999999999999999,0.6,"8a755824625ffff,8a75582405b7fff,8a7558240407fff,8a755824040ffff,8a75582404e7fff,8a75582404f7fff,8a75582404affff,8a755824296ffff,8a755824291ffff,8a75582429affff",2
-39353757#6,-174375407#2,0.0,0.0,0.9,0.3,0.4499999999999999,0.55,0.55,0.55,0.55,0.55,0.1,0.55,1.0,0.4499999999999999,0.9,0.5,0.4499999999999999,0.0,0.9,0.4499999999999999,0.0,0.6,0.3,"8a75582405b7fff,8a755824625ffff,8a755824624ffff,8a7558240517fff,8a755824051ffff,8a7558240437fff,8a7558240407fff,8a7558240597fff,8a7558240417fff,8a755824040ffff,8a75582404e7fff,8a755824296ffff,8a755824291ffff,8a75582429affff",4
-39353757#6,-174375407#2,0.7,0.8,0.55,0.65,0.4499999999999999,0.55,0.55,0.55,0.55,0.55,0.9,0.55,0.2,0.4499999999999999,0.1999999999999999,0.5,0.4499999999999999,0.8,0.1999999999999999,0.4499999999999999,0.8,0.0999999999999999,0.8,"8a755824625ffff,8a75582405b7fff,8a7558240437fff,8a7558240407fff,8a755824040ffff,8a75582404e7fff,8a75582404f7fff,8a755824296ffff,8a755824291ffff,8a75582429affff",2
-39353757#6,-174375407#2,0.5,0.5,0.55,0.65,0.4499999999999999,0.55,0.55,0.55,0.55,0.55,0.4,0.55,0.7,0.4499999999999999,0.5,0.5,0.4499999999999999,0.5,0.5,0.4499999999999999,0.5,0.5,0.5,"8a755824625ffff,8a75582405b7fff,8a7558240597fff,8a7558240417fff,8a755824040ffff,8a75582404e7fff,8a755824296ffff,8a755824291ffff,8a75582429affff",2
-39353757#6,-174375407#2,0.1999999999999999,0.3,0.15,0.15,0.4499999999999999,0.55,0.55,0.55,0.55,0.55,0.3,0.55,0.8,0.4499999999999999,0.7,0.5,0.4499999999999999,0.3,0.7,0.4499999999999999,0.3,0.8,0.4,"8a75582405b7fff,8a755824625ffff,8a75582462effff,8a755824624ffff,8a7558240517fff,8a755824051ffff,8a7558240437fff,8a7558240407fff,8a755824040ffff,8a75582404e7fff,8a7558240417fff,8a7558240597fff,8a755824296ffff,8a755824291ffff,8a75582429affff",4
-174375407#2,-39353757#4,0.9,0.9,0.45,0.55,0.5,0.5,0.55,0.55,0.55,0.55,1.0,0.55,0.1,0.4499999999999999,0.0,0.0,0.4499999999999999,0.9,0.0,0.0,0.9,0.8,0.0,"8a75582429affff,8a755824291ffff,8a755824296ffff,8a7558240597fff,8a75582405b7fff",0
-174375407#2,-39353757#4,0.0999999999999999,0.0999999999999999,0.9,0.0999999999999999,0.5,0.5,0.55,0.55,0.55,0.55,0.4,0.55,0.7,0.4499999999999999,0.8,0.8,0.4499999999999999,0.4,0.8,0.8,0.0999999999999999,0.7,0.1999999999999999,"8a75582429affff,8a755824291ffff,8a755824296ffff,8a75582404f7fff,8a75582404e7fff,8a755824040ffff,8a7558240407fff,8a7558240437fff,8a755824051ffff,8a7558240517fff,8a755824624ffff,8a755824625ffff,8a75582405b7fff,8a7558240597fff",3
-174375407#2,-39353757#4,0.0,0.0,0.45,0.55,0.5,0.5,0.55,0.55,0.55,0.55,0.3,0.55,0.8,0.4499999999999999,0.9,0.9,0.4499999999999999,0.3,0.9,0.9,0.0,0.0999999999999999,0.9,"8a75582429affff,8a755824291ffff,8a755824296ffff,8a75582404f7fff,8a75582404e7fff,8a7558240417fff,8a7558240597fff,8a755824040ffff,8a7558240407fff,8a75582405b7fff",4
-174375407#2,-39353757#4,0.3,0.1999999999999999,1.0,0.0,0.0,1.0,0.55,0.55,0.55,0.55,0.1,0.55,1.0,0.4499999999999999,0.7,0.7,0.4499999999999999,0.7,0.7,0.7,0.1999999999999999,0.9,0.0999999999999999,"8a75582429affff,8a755824291ffff,8a755824296ffff,8a7558240597fff,8a7558240417fff,8a755824040ffff,8a7558240407fff,8a7558240437fff,8a755824051ffff,8a755824625ffff,8a75582405b7fff",3
-174375407#2,-39353757#4,0.6,0.6,0.45,0.55,0.5,0.5,0.55,0.55,0.55,0.55,0.7,0.55,0.4,0.4499999999999999,0.3,0.3,0.4499999999999999,0.0999999999999999,0.3,0.3,0.6,0.1999999999999999,0.7,"8a75582429affff,8a755824291ffff,8a755824296ffff,8a75582404f7fff,8a75582404e7fff,8a755824040ffff,8a7558240417fff,8a7558240597fff,8a75582405b7fff",2
-174375407#2,-39353757#4,0.8,0.7,0.45,0.55,0.5,0.5,0.55,0.55,0.55,0.55,0.8,0.55,0.3,0.4499999999999999,0.1999999999999999,0.1999999999999999,0.4499999999999999,0.0,0.1999999999999999,0.1999999999999999,0.7,0.4,0.5,"8a75582429affff,8a755824291ffff,8a755824296ffff,8a75582404f7fff,8a75582404affff,8a7558240597fff,8a75582405b7fff",0
-174375407#2,-39353757#4,0.4,0.4,0.45,0.55,0.5,0.5,0.55,0.55,0.55,0.55,0.6,0.55,0.5,0.4499999999999999,0.5,0.5,0.4499999999999999,0.8,0.5,0.5,0.4,0.0,0.8,"8a75582429affff,8a755824291ffff,8a755824296ffff,8a75582404f7fff,8a75582404e7fff,8a755824040ffff,8a7558240407fff,8a75582405b7fff,8a7558240597fff",2
-174375407#2,-39353757#4,0.7,0.8,0.45,0.55,0.5,0.5,0.55,0.55,0.55,0.55,0.9,0.55,0.2,0.4499999999999999,0.0999999999999999,0.0999999999999999,0.4499999999999999,0.1999999999999999,0.0999999999999999,0.0999999999999999,0.8,0.3,0.6,"8a75582429affff,8a755824291ffff,8a755824296ffff,8a75582404f7fff,8a75582404e7fff,8a7558240417fff,8a7558240597fff,8a75582405b7fff",0
-174375407#2,-39353757#4,0.5,0.5,0.45,0.55,0.5,0.5,0.55,0.55,0.55,0.55,0.2,0.55,0.9,0.4499999999999999,0.4,0.4,0.4499999999999999,0.6,0.4,0.4,0.5,0.5,0.4,"8a75582429affff,8a755824291ffff,8a755824296ffff,8a7558240597fff,8a7558240417fff,8a755824040ffff,8a7558240407fff,8a75582405b7fff",2
-174375407#2,-39353757#4,0.1999999999999999,0.3,0.45,0.55,0.5,0.5,0.55,0.55,0.55,0.55,0.5,0.55,0.6,0.4499999999999999,0.6,0.6,0.4499999999999999,0.5,0.6,0.6,0.3,0.6,0.3,"8a75582429affff,8a755824291ffff,8a755824296ffff,8a75582404f7fff,8a75582404e7fff,8a755824040ffff,8a7558240407fff,8a7558240437fff,8a755824051ffff,8a755824625ffff,8a75582405b7fff,8a7558240597fff",4
-39353757#17,563273548,0.5,0.5,0.875,0.125,0.4375,0.625,0.5625,0.5625,0.5625,0.625,0.625,0.5625,0.5,0.4375,0.375,0.5,0.4375,0.25,0.375,0.4375,0.5,0.375,0.875,"8a755824040ffff,8a75582404e7fff,8a7558240417fff,8a7558240597fff,8a755824296ffff,8a755824291ffff,8a75582429affff,8a75582429a7fff,8a755824665ffff,8a755824664ffff",3
-39353757#17,563273548,0.0,0.0,0.125,0.875,0.4375,0.125,0.5625,0.5625,0.5625,0.125,0.125,0.5625,1.0,0.4375,0.875,0.5,0.4375,0.375,0.875,0.4375,0.0,0.875,0.0,"8a75582404e7fff,8a755824040ffff,8a7558240407fff,8a7558240437fff,8a755824051ffff,8a7558240517fff,8a755824624ffff,8a755824625ffff,8a75582405b7fff,8a7558240597fff,8a755824296ffff,8a755824291ffff,8a75582429affff,8a75582429a7fff,8a755824665ffff,8a755824664ffff",4
-39353757#17,563273548,0.75,0.75,0.875,0.125,0.4375,0.875,0.5625,0.5625,0.5625,0.875,1.0,0.5625,0.125,0.4375,0.25,0.5,0.4375,0.5,0.25,0.4375,0.75,0.0,0.75,"8a755824040ffff,8a75582404e7fff,8a75582404f7fff,8a755824296ffff,8a755824291ffff,8a75582429affff,8a75582429a7fff,8a755824665ffff,8a755824664ffff",0
-39353757#17,563273548,0.25,0.25,0.375,0.625,0.4375,0.375,0.5625,0.5625,0.5625,0.375,0.375,0.5625,0.75,0.4375,0.625,0.5,0.4375,0.625,0.625,0.4375,0.25,0.25,0.375,"8a75582404e7fff,8a755824040ffff,8a7558240407fff,8a75582405b7fff,8a7558240597fff,8a755824296ffff,8a755824291ffff,8a75582429affff,8a75582429a7fff,8a755824665ffff,8a755824664ffff",4
-39353757#17,563273548,0.875,0.875,0.875,0.125,0.4375,1.0,0.5625,0.5625,0.5625,1.0,0.75,0.5625,0.375,0.4375,0.125,0.5,0.4375,0.125,0.125,0.4375,0.875,0.5,0.625,"8a755824040ffff,8a75582404e7fff,8a75582404f7fff,8a75582404affff,8a755824296ffff,8a755824291ffff,8a75582429affff,8a75582429a7fff,8a755824665ffff,8a755824664ffff",0
-39353757#17,563273548,0.375,0.375,0.5,0.5,0.4375,0.5,0.5625,0.5625,0.5625,0.5,0.5,0.5625,0.625,0.4375,0.5,0.5,0.4375,0.875,0.5,0.4375,0.375,0.625,0.25,"8a75582404e7fff,8a755824040ffff,8a7558240417fff,8a7558240597fff,8a755824296ffff,8a755824291ffff,8a75582429affff,8a75582429a7fff,8a755824665ffff,8a755824664ffff",2
-39353757#17,563273548,0.125,0.125,0.25,0.75,0.4375,0.25,0.5625,0.5625,0.5625,0.25,0.25,0.5625,0.875,0.4375,0.75,0.5,0.4375,0.75,0.75,0.4375,0.125,0.75,0.125,"8a75582404e7fff,8a755824040ffff,8a7558240407fff,8a7558240437fff,8a755824051ffff,8a755824625ffff,8a75582405b7fff,8a7558240597fff,8a755824296ffff,8a755824291ffff,8a75582429affff,8a75582429a7fff,8a755824665ffff,8a755824664ffff",4
-39353757#17,563273548,0.625,0.625,0.625,0.375,0.4375,0.75,0.5625,0.5625,0.5625,0.75,0.875,0.5625,0.25,0.4375,0.0,0.0,0.4375,0.0,0.0,0.4375,0.625,0.125,0.5,"8a755824040ffff,8a75582404e7fff,8a75582404f7fff,8a755824296ffff,8a755824291ffff,8a75582429affff,8a75582429a7fff,8a755824665ffff,8a755824664ffff",0
57680181#1,-174375407#2,0.9,0.9,0.4,0.6,0.4499999999999999,0.55,0.55,0.55,0.55,0.55,1.0,0.55,0.1,0.4499999999999999,0.1999999999999999,0.55,0.4499999999999999,0.9,0.1999999999999999,0.4499999999999999,0.9,0.0999999999999999,0.9,"8a7558240417fff,8a7558240597fff,8a755824296ffff,8a755824291ffff,8a75582429affff",2
57680181#1,-174375407#2,0.1999999999999999,0.1999999999999999,0.85,0.15,0.4499999999999999,0.55,0.55,0.55,0.55,0.55,0.5,0.55,0.6,0.4499999999999999,0.8,0.55,0.4499999999999999,0.7,0.8,0.4499999999999999,0.1999999999999999,0.7,0.0999999999999999,"8a7558240417fff,8a7558240597fff,8a75582405b7fff,8a755824625ffff,8a755824624ffff,8a7558240517fff,8a755824051ffff,8a7558240437fff,8a7558240407fff,8a755824040ffff,8a75582404e7fff,8a75582404f7fff,8a755824296ffff,8a755824291ffff,8a75582429affff",3
57680181#1,-174375407#2,0.5,0.5,0.4,0.6,0.4499999999999999,0.55,0.55,0.55,0.55,0.55,0.2,0.55,0.9,0.4499999999999999,0.6,0.55,0.4499999999999999,0.1999999999999999,0.6,0.4499999999999999,0.5,0.5,0.5,"8a7558240417fff,8a7558240597fff,8a75582405b7fff,8a7558240407fff,8a755824040ffff,8a75582404e7fff,8a75582404f7fff,8a75582404affff,8a755824296ffff,8a755824291ffff,8a75582429affff",2
57680181#1,-174375407#2,0.7,0.7,0.4,0.6,0.4499999999999999,0.55,0.55,0.55,0.55,0.55,0.9,0.55,0.2,0.4499999999999999,0.4,0.55,0.4499999999999999,0.5,0.4,0.4499999999999999,0.7,0.1999999999999999,0.8,"8a7558240417fff,8a7558240597fff,8a755824040ffff,8a75582404e7fff,8a75582404f7fff,8a755824296ffff,8a755824291ffff,8a75582429affff",2
57680181#1,-174375407#2,0.4,0.4,0.4,0.6,0.4499999999999999,0.55,0.55,0.55,0.55,0.55,0.7,0.55,0.4,0.4499999999999999,0.0,0.0,0.4499999999999999,0.0999999999999999,0.0,0.4499999999999999,0.4,0.3,0.3,"8a7558240417fff,8a7558240597fff,8a75582405b7fff,8a7558240437fff,8a7558240407fff,8a755824040ffff,8a75582404e7fff,8a75582404f7fff,8a755824296ffff,8a755824291ffff,8a75582429affff",1
57680181#1,-174375407#2,0.6,0.6,0.4,0.6,0.4499999999999999,0.55,0.55,0.55,0.55,0.55,0.8,0.55,0.3,0.4499999999999999,0.5,0.55,0.4499999999999999,0.0,0.5,0.4499999999999999,0.6,0.0,0.6,"8a7558240417fff,8a7558240597fff,8a75582405b7fff,8a7558240407fff,8a755824040ffff,8a75582404e7fff,8a75582404f7fff,8a755824296ffff,8a755824291ffff,8a75582429affff",2
57680181#1,-174375407#2,0.0,0.0,0.85,0.15,0.4499999999999999,0.55,0.55,0.55,0.55,0.55,0.1,0.55,1.0,0.4499999999999999,0.9,0.55,0.4499999999999999,0.6,0.9,0.4499999999999999,0.0,0.9,0.1999999999999999,"8a7558240417fff,8a7558240597fff,8a75582405b7fff,8a755824625ffff,8a75582462effff,8a755824624ffff,8a7558240517fff,8a755824051ffff,8a7558240437fff,8a7558240407fff,8a755824040ffff,8a75582404e7fff,8a75582404f7fff,8a75582404affff,8a755824296ffff,8a755824291ffff,8a75582429affff",3
57680181#1,-174375407#2,0.8,0.8,0.4,0.6,0.4499999999999999,0.55,0.55,0.55,0.55,0.55,0.3,0.55,0.8,0.4499999999999999,0.3,0.55,0.4499999999999999,0.4,0.3,0.4499999999999999,0.8,0.6,0.7,"8a7558240417fff,8a7558240597fff,8a755824040ffff,8a75582404e7fff,8a75582404f7fff,8a75582404affff,8a755824296ffff,8a755824291ffff,8a75582429affff",2
57680181#1,-174375407#2,0.0999999999999999,0.0999999999999999,1.0,0.0,0.4499999999999999,0.55,0.55,0.55,0.55,0.55,0.4,0.55,0.7,0.4499999999999999,0.0999999999999999,0.0999999999999999,0.4499999999999999,0.8,0.0999999999999999,0.4499999999999999,0.0999999999999999,0.8,0.0,"8a7558240417fff,8a7558240597fff,8a75582405b7fff,8a755824625ffff,8a755824624ffff,8a7558240517fff,8a755824051ffff,8a7558240437fff,8a7558240407fff,8a755824040ffff,8a75582404e7fff,8a75582404f7fff,8a755824296ffff,8a755824291ffff,8a75582429affff",1
57680181#1,-174375407#2,0.3,0.3,0.4,0.6,0.4499999999999999,0.55,0.55,0.55,0.55,0.55,0.6,0.55,0.5,0.4499999999999999,0.7,0.55,0.4499999999999999,0.3,0.7,0.4499999999999999,0.3,0.4,0.4,"8a7558240417fff,8a7558240597fff,8a75582405b7fff,8a7558240437fff,8a7558240407fff,8a755824040ffff,8a75582404e7fff,8a75582404f7fff,8a755824296ffff,8a755824291ffff,8a75582429affff",4
-174375407#2,174375405,0.6666666666666667,0.6666666666666667,0.3333333333333333,0.0,0.3333333333333333,0.3333333333333333,0.6666666666666666,0.6666666666666666,1.0,0.3333333333333333,1.0,0.6666666666666666,0.5,0.0,0.3333333333333333,0.3333333333333333,0.3333333333333333,0.0,0.3333333333333333,0.3333333333333333,0.6666666666666667,0.0,0.6666666666666667,"8a755824291ffff,8a75582429affff,8a75582429a7fff,8a755824665ffff",1
-174375407#2,174375405,0.3333333333333333,0.0,1.0,0.6666666666666667,0.3333333333333333,1.0,0.6666666666666666,0.6666666666666666,0.3333333333333333,0.6666666666666666,0.3333333333333333,0.6666666666666666,1.0,0.6666666666666667,0.0,0.0,0.3333333333333333,0.3333333333333333,0.0,0.0,0.0,0.6666666666666667,0.0,"8a755824291ffff,8a75582429affff,8a75582429a7fff,8a755824665ffff,8a755824664ffff,8a7558246647fff",1
-174375407#2,174375405,0.0,0.3333333333333333,0.6666666666666666,0.3333333333333333,0.3333333333333333,0.6666666666666666,0.6666666666666666,0.6666666666666666,0.6666666666666666,1.0,0.6666666666666666,0.6666666666666666,0.5,0.3333333333333333,0.6666666666666667,0.6666666666666667,0.3333333333333333,0.6666666666666667,0.6666666666666667,0.6666666666666667,0.3333333333333333,0.3333333333333333,0.3333333333333333,"8a755824291ffff,8a75582429affff,8a75582429a7fff,8a755824665ffff,8a755824664ffff",3
-174375407#3,-1163710302,0.6666666666666667,0.6666666666666667,0.3333333333333333,0.6666666666666667,0.3333333333333333,0.3333333333333333,0.6666666666666666,0.6666666666666666,1.0,0.3333333333333333,1.0,0.6666666666666666,0.6666666666666666,0.0,0.3333333333333333,0.3333333333333333,0.0,0.3333333333333333,0.3333333333333333,0.3333333333333333,0.6666666666666667,0.0,0.6666666666666667,"8a75582429affff,8a75582429a7fff,8a755824665ffff,8a75582466effff,8a75582466c7fff,8a75582466f7fff,8a75582466affff,8a7558246687fff",2
-174375407#3,-1163710302,0.3333333333333333,0.0,1.0,0.3333333333333333,0.3333333333333333,1.0,0.6666666666666666,0.6666666666666666,0.3333333333333333,0.6666666666666666,0.3333333333333333,0.6666666666666666,1.0,0.6666666666666667,0.0,0.0,0.6666666666666667,0.0,0.0,0.0,0.0,0.6666666666666667,0.0,"8a75582429affff,8a75582429a7fff,8a755824665ffff,8a755824664ffff,8a7558246647fff,8a75582466effff,8a75582466c7fff,8a75582466f7fff,8a75582466affff,8a7558246687fff",1
-174375407#3,-1163710302,0.0,0.3333333333333333,0.6666666666666666,0.0,0.3333333333333333,0.6666666666666666,0.6666666666666666,0.6666666666666666,0.6666666666666666,1.0,0.6666666666666666,0.6666666666666666,0.3333333333333333,0.3333333333333333,0.6666666666666667,0.6666666666666667,0.3333333333333333,0.6666666666666667,0.6666666666666667,0.6666666666666667,0.3333333333333333,0.3333333333333333,0.3333333333333333,"8a75582429affff,8a75582429a7fff,8a755824665ffff,8a755824664ffff,8a75582466effff,8a75582466c7fff,8a75582466f7fff,8a75582466affff,8a7558246687fff",3
174375408#0,-22561652#0,0.0,0.0,1.0,0.0,0.0,1.0,1.0,1.0,1.0,1.0,1.0,1.0,1.0,0.0,0.0,0.0,0.0,0.0,0.0,0.0,0.0,0.0,0.0,"8a755824664ffff,8a7558246647fff,8a755824665ffff,8a75582466effff,8a75582466c7fff,8a75582466f7fff,8a75582466affff",1
57680138,-174907152#1,0.3333333333333333,0.6666666666666667,0.6666666666666666,0.6666666666666667,0.5,0.6666666666666666,0.6666666666666666,0.6666666666666666,1.0,1.0,0.6666666666666666,0.6666666666666666,0.3333333333333333,0.3333333333333333,0.6666666666666667,0.6666666666666667,0.0,0.6666666666666667,0.6666666666666667,0.5,0.6666666666666667,0.3333333333333333,0.3333333333333333,"8a755824292ffff,8a7558242927fff,8a7558242937fff,8a755824664ffff,8a755824665ffff,8a75582466effff,8a75582466c7fff,8a75582466f7fff,8a75582466affff,8a7558246687fff,8a7558246697fff",2
57680138,-174907152#1,0.0,0.0,0.3333333333333333,0.0,0.0,0.3333333333333333,0.6666666666666666,0.6666666666666666,0.3333333333333333,0.3333333333333333,0.6666666666666666,0.6666666666666666,1.0,0.0,0.3333333333333333,0.3333333333333333,0.6666666666666667,0.3333333333333333,0.0,0.0,0.0,0.6666666666666667,0.6666666666666667,"8a755824292ffff,8a7558242927fff,8a7558242937fff,8a755824664ffff,8a755824665ffff,8a75582466effff,8a75582466c7fff,8a75582466f7fff,8a75582466affff,8a7558246687fff,8a7558246697fff,8a7558255a67fff,8a7558255b4ffff",1
57680138,-174907152#1,0.6666666666666667,0.3333333333333333,1.0,0.3333333333333333,0.5,1.0,0.6666666666666666,0.6666666666666666,0.6666666666666666,0.6666666666666666,0.6666666666666666,0.6666666666666666,0.6666666666666666,0.6666666666666667,0.0,0.0,0.3333333333333333,0.0,0.3333333333333333,0.5,0.3333333333333333,0.0,0.0,"8a755824292ffff,8a7558242927fff,8a7558242937fff,8a755824664ffff,8a7558246647fff,8a755824665ffff,8a75582466effff,8a75582466c7fff,8a75582466f7fff,8a75582466affff,8a7558246687fff,8a7558246697fff",1
57392420,-174375407#3,0.8571428571428572,0.8571428571428572,0.5714285714285714,0.7142857142857143,0.4285714285714286,0.4285714285714285,0.5714285714285714,0.5714285714285714,1.0,0.7142857142857143,1.0,0.5714285714285714,0.1428571428571428,0.2857142857142857,0.8571428571428572,0.4285714285714286,0.0,0.8571428571428572,0.4285714285714286,0.0,0.8571428571428572,0.4285714285714286,0.0,"8a7558255b4ffff,8a7558246697fff,8a7558255a67fff,8a7558246687fff,8a75582466affff,8a75582466f7fff,8a75582466c7fff,8a75582466effff,8a755824665ffff,8a75582429a7fff,8a75582429affff",0
57392420,-174375407#3,0.1428571428571429,0.2857142857142857,0.4285714285714285,0.8571428571428572,0.4285714285714286,0.1428571428571428,0.5714285714285714,0.5714285714285714,0.7142857142857143,0.1428571428571428,0.4285714285714285,0.5714285714285714,0.7142857142857143,0.4285714285714286,0.5714285714285714,0.7142857142857143,0.2857142857142857,0.0,0.7142857142857143,0.5714285714285714,0.2857142857142857,0.2857142857142857,0.5714285714285714,"8a7558255b4ffff,8a7558246697fff,8a7558255a67fff,8a7558255b5ffff,8a7558255b47fff,8a7558255b77fff,8a7558255b2ffff,8a7558255b07fff,8a755824648ffff,8a75582464f7fff,8a75582464c7fff,8a75582464cffff,8a7558246797fff,8a755824679ffff,8a7558255b6ffff,8a7558246687fff,8a75582466affff,8a75582466f7fff,8a75582466c7fff,8a75582466effff,8a755824665ffff,8a75582429a7fff,8a75582429affff",4
57392420,-174375407#3,0.0,0.0,0.7142857142857143,0.0,0.4285714285714286,0.8571428571428571,0.5714285714285714,0.5714285714285714,0.1428571428571428,0.2857142857142857,0.1428571428571428,0.5714285714285714,1.0,0.5714285714285714,0.4285714285714286,0.5714285714285714,0.7142857142857143,0.1428571428571429,0.5714285714285714,0.8571428571428572,0.0,0.1428571428571429,0.8571428571428572,"8a7558255b4ffff,8a7558246697fff,8a7558255a67fff,8a7558255a77fff,8a7558255aa7fff,8a755825516ffff,8a7558255a37fff,8a7558255b57fff,8a7558255b5ffff,8a7558246687fff,8a755824668ffff,8a75582466f7fff,8a75582466c7fff,8a75582466effff,8a755824665ffff,8a75582429a7fff,8a75582429affff",3
57392420,-174375407#3,0.5714285714285714,0.7142857142857143,0.1428571428571428,0.2857142857142857,0.4285714285714286,0.2857142857142857,0.5714285714285714,0.5714285714285714,0.5714285714285714,0.5714285714285714,0.8571428571428571,0.5714285714285714,0.4285714285714285,0.0,0.1428571428571429,0.1428571428571429,0.7142857142857143,0.7142857142857143,0.1428571428571429,0.1428571428571429,0.7142857142857143,0.5714285714285714,0.2857142857142857,"8a7558255b4ffff,8a7558246697fff,8a7558255a67fff,8a7558246687fff,8a755824668ffff,8a75582466f7fff,8a75582466c7fff,8a75582466effff,8a755824665ffff,8a75582429a7fff,8a75582429affff",0
57392420,-174375407#3,0.2857142857142857,0.1428571428571429,1.0,0.4285714285714286,0.4285714285714286,1.0,0.5714285714285714,0.5714285714285714,0.2857142857142857,0.4285714285714285,0.2857142857142857,0.5714285714285714,0.8571428571428571,0.8571428571428572,0.7142857142857143,0.8571428571428572,0.4285714285714286,0.2857142857142857,0.8571428571428572,0.7142857142857143,0.1428571428571429,0.0,0.7142857142857143,"8a7558255b4ffff,8a7558246697fff,8a7558255a67fff,8a7558255a77fff,8a7558255aa7fff,8a755825516ffff,8a7558255a37fff,8a7558255b57fff,8a7558255b5ffff,8a7558246687fff,8a75582466affff,8a75582466f7fff,8a75582466c7fff,8a75582466effff,8a755824665ffff,8a75582429a7fff,8a75582429affff",3
57392420,-174375407#3,0.7142857142857143,0.5714285714285714,0.8571428571428571,0.5714285714285714,0.4285714285714286,0.7142857142857143,0.5714285714285714,0.5714285714285714,0.8571428571428571,1.0,0.7142857142857143,0.5714285714285714,0.2857142857142857,0.7142857142857143,0.2857142857142857,0.2857142857142857,0.1428571428571429,0.5714285714285714,0.2857142857142857,0.2857142857142857,0.5714285714285714,0.7142857142857143,0.1428571428571429,"8a7558255b4ffff,8a7558246697fff,8a7558255a67fff,8a7558255a77fff,8a7558255b5ffff,8a7558246687fff,8a75582466affff,8a75582466f7fff,8a75582466c7fff,8a75582466effff,8a755824665ffff,8a75582429a7fff,8a75582429affff",0
57392420,-174375407#3,0.4285714285714286,0.4285714285714286,0.2857142857142857,0.1428571428571429,0.4285714285714286,0.5714285714285714,0.5714285714285714,0.5714285714285714,0.4285714285714285,0.8571428571428571,0.5714285714285714,0.5714285714285714,0.5714285714285714,0.1428571428571429,0.0,0.0,0.7142857142857143,0.4285714285714286,0.0,0.4285714285714286,0.4285714285714286,0.8571428571428572,0.4285714285714286,"8a7558255b4ffff,8a7558246697fff,8a7558255a67fff,8a7558255a77fff,8a7558255b5ffff,8a7558246687fff,8a755824668ffff,8a75582466f7fff,8a75582466c7fff,8a75582466effff,8a755824665ffff,8a75582429a7fff,8a75582429affff",1
57680109,-57392457#0,0.5,0.75,0.125,0.25,0.5625,0.4375,0.5625,0.5625,0.875,0.5625,0.5625,0.4375,0.5,0.125,0.125,0.125,0.375,0.25,0.125,0.5,0.75,0.25,0.625,"8a75582464d7fff,8a755824648ffff,8a7558255b07fff,8a7558255b2ffff,8a7558255b77fff,8a7558255b47fff,8a7558255b5ffff,8a7558255b4ffff,8a7558246697fff,8a7558246687fff,8a755824668ffff",0
57680109,-57392457#0,0.75,0.625,0.625,0.75,0.5625,0.4375,0.5625,0.5625,0.375,0.5625,0.5625,0.4375,0.75,0.25,0.25,0.25,0.125,0.875,0.25,0.5,0.625,0.875,0.125,"8a75582464d7fff,8a755824648ffff,8a75582464f7fff,8a75582464c7fff,8a75582464cffff,8a7558246797fff,8a755824679ffff,8a75582466b7fff,8a7558246697fff,8a7558246687fff,8a75582466affff,8a75582466f7fff,8a755824668ffff",2
57680109,-57392457#0,0.0,0.0,0.875,0.0,0.0625,0.875,0.5625,0.5625,0.625,0.5625,0.5625,0.875,0.375,0.75,0.75,0.625,0.75,0.125,0.75,0.0,0.0,0.125,0.75,"8a75582464d7fff,8a755824648ffff,8a7558255b07fff,8a7558255867fff,8a755825595ffff,8a7558255937fff,8a7558273667fff,8a7558273767fff,8a75582730d7fff,8a75582733b7fff,8a755827305ffff,8a7558273337fff,8a75582733affff,8a755827338ffff,8a75582732f7fff,8a7558255967fff,8a75582464affff,8a75582464f7fff,8a75582464c7fff,8a75582464cffff,8a7558246797fff,8a755824679ffff,8a7558255b6ffff,8a7558255b4ffff,8a7558246697fff,8a7558246687fff,8a755824668ffff",3
57680109,-57392457#0,0.125,0.125,1.0,0.125,0.0625,1.0,0.5625,0.5625,0.75,0.5625,0.5625,1.0,0.125,0.875,0.875,0.875,0.5,0.0,0.875,0.5,0.125,0.0,0.875,"8a75582464d7fff,8a755824648ffff,8a75582464f7fff,8a75582464affff,8a7558255967fff,8a75582732f7fff,8a755827338ffff,8a75582733affff,8a7558273337fff,8a755827305ffff,8a75582733b7fff,8a75582730d7fff,8a7558273767fff,8a7558273667fff,8a7558255937fff,8a755825595ffff,8a7558255867fff,8a7558255b07fff,8a7558255b2ffff,8a7558255b77fff,8a7558255b47fff,8a7558255b5ffff,8a7558255b4ffff,8a7558246697fff,8a7558246687fff,8a75582466affff,8a75582466f7fff,8a755824668ffff",3
57680109,-57392457#0,0.25,0.25,0.375,0.5,0.5625,0.4375,0.5625,0.5625,0.25,0.5625,0.5625,0.4375,0.875,0.625,0.625,0.75,0.75,0.375,0.625,0.5,0.25,0.5,0.25,"8a75582464d7fff,8a755824648ffff,8a75582464f7fff,8a75582464c7fff,8a75582464cffff,8a7558246797fff,8a755824679ffff,8a7558255b6ffff,8a7558255b4ffff,8a7558246697fff,8a7558246687fff,8a755824668ffff",4
57680109,-57392457#0,0.875,0.875,0.5,0.625,0.5625,0.4375,0.5625,0.5625,1.0,0.5625,0.5625,0.4375,0.25,0.0,0.0,0.0,0.0,0.5,0.0,0.5,0.875,0.375,0.5,"8a75582464d7fff,8a755824648ffff,8a7558255b07fff,8a7558255b2ffff,8a7558255b77fff,8a7558255b47fff,8a7558255b5ffff,8a7558255b4ffff,8a7558246697fff,8a7558246687fff,8a75582466affff,8a75582466f7fff,8a755824668ffff",0
57680109,-57392457#0,0.375,0.5,0.25,0.375,0.5625,0.4375,0.5625,0.5625,0.125,0.5625,0.5625,0.4375,1.0,0.375,0.375,0.375,0.75,0.625,0.375,0.5,0.5,0.625,0.375,"8a75582464d7fff,8a755824648ffff,8a75582464f7fff,8a75582464c7fff,8a75582464cffff,8a7558246797fff,8a755824679ffff,8a75582466b7fff,8a7558246697fff,8a7558246687fff,8a755824668ffff",2
57680109,-57392457#0,0.625,0.375,0.75,0.875,0.5625,0.4375,0.5625,0.5625,0.5,0.5625,0.5625,0.4375,0.625,0.5,0.5,0.5,0.25,0.75,0.5,0.5,0.375,0.75,0.0,"8a75582464d7fff,8a755824648ffff,8a75582464f7fff,8a75582464c7fff,8a75582464cffff,8a7558246797fff,8a755824679ffff,8a7558255b6ffff,8a7558255b4ffff,8a7558246697fff,8a7558246687fff,8a75582466affff,8a75582466f7fff,8a755824668ffff",2
-174375407#2,-57680180#1,0.875,0.875,0.75,0.75,0.6875,0.5,0.5625,0.5625,1.0,0.375,1.0,0.5,0.375,0.25,0.625,0.625,0.0,0.125,0.625,0.6875,0.875,0.25,0.5,"8a755824291ffff,8a75582429affff,8a75582429a7fff,8a755824665ffff,8a75582466effff,8a75582466c7fff,8a75582466f7fff,8a75582466affff,8a7558246687fff,8a7558246697fff,8a75582466b7fff,8a755824679ffff",2
-174375407#2,-57680180#1,0.0,0.0,0.625,0.0,0.125,1.0,0.5625,0.5625,0.125,0.625,0.125,0.5,1.0,0.75,0.375,0.5,0.875,0.875,0.25,0.375,0.0,0.0,0.875,"8a755824291ffff,8a75582429affff,8a75582429a7fff,8a755824665ffff,8a755824664ffff,8a75582466effff,8a75582466c7fff,8a75582466f7fff,8a75582466affff,8a7558246687fff,8a7558246697fff,8a7558255a67fff,8a7558255a77fff,8a7558255aa7fff,8a755825516ffff,8a7558255a37fff,8a7558255b57fff,8a7558255b5ffff,8a7558255b4ffff,8a75582466b7fff,8a755824679ffff",3
-174375407#2,-57680180#1,0.125,0.125,0.375,0.875,0.6875,0.125,0.5625,0.5625,0.875,0.125,0.25,0.5,0.875,0.875,0.875,0.875,0.625,0.5,0.875,0.6875,0.125,0.125,0.75,"8a755824291ffff,8a75582429affff,8a75582429a7fff,8a755824665ffff,8a75582466effff,8a75582466c7fff,8a75582466f7fff,8a75582466affff,8a7558246687fff,8a7558246697fff,8a7558255b4ffff,8a7558255b5ffff,8a7558255b47fff,8a7558255b77fff,8a7558255b2ffff,8a7558255b07fff,8a755824648ffff,8a75582464f7fff,8a75582464c7fff,8a75582464cffff,8a7558246797fff,8a755824679ffff,8a75582466b7fff",4
-174375407#2,-57680180#1,0.5,0.75,0.25,0.375,0.375,0.375,0.5625,0.5625,0.5,0.25,0.875,1.0,0.125,0.375,0.5,0.0,0.125,0.0,0.375,0.6875,0.5,0.875,0.0,"8a755824291ffff,8a75582429affff,8a75582429a7fff,8a755824665ffff,8a75582466effff,8a75582466c7fff,8a75582466f7fff,8a75582466affff,8a7558246687fff,8a75582466a7fff,8a755824678ffff,8a755824679ffff,8a75582466b7fff",0
-174375407#2,-57680180#1,0.375,0.375,0.125,0.25,0.125,0.25,0.5625,0.5625,0.375,0.5,0.5,0.5,0.75,0.0,0.125,0.25,0.5,0.375,0.0,0.0,0.375,0.625,0.625,"8a755824291ffff,8a75582429affff,8a75582429a7fff,8a755824665ffff,8a75582466effff,8a75582466c7fff,8a75582466f7fff,8a75582466affff,8a7558246687fff,8a7558246697fff,8a7558255a67fff,8a7558255b4ffff,8a75582466b7fff,8a755824679ffff",1
-174375407#2,-57680180#1,0.75,0.5,1.0,0.5,0.6875,0.875,0.5625,0.5625,0.625,0.75,0.625,0.5,0.5,0.625,0.0,0.125,0.375,0.25,0.5,0.25,0.625,0.5,0.125,"8a755824291ffff,8a75582429affff,8a75582429a7fff,8a755824665ffff,8a755824664ffff,8a7558246647fff,8a75582466effff,8a75582466c7fff,8a75582466f7fff,8a75582466affff,8a7558246687fff,8a7558246697fff,8a75582466b7fff,8a755824679ffff",0
-174375407#2,-57680180#1,0.625,0.625,0.875,0.625,0.6875,0.75,0.5625,0.5625,0.75,0.875,0.75,0.5,0.25,0.5,0.75,0.75,0.25,0.75,0.75,0.6875,0.75,0.375,0.25,"8a755824291ffff,8a75582429affff,8a75582429a7fff,8a755824665ffff,8a755824664ffff,8a75582466effff,8a75582466c7fff,8a75582466f7fff,8a75582466affff,8a7558246687fff,8a7558246697fff,8a75582466b7fff,8a755824679ffff",2
-174375407#2,-57680180#1,0.25,0.25,0.5,0.125,0.125,0.625,0.5625,0.5625,0.25,1.0,0.375,0.5,0.625,0.125,0.25,0.375,0.75,0.625,0.125,0.125,0.25,0.75,0.375,"8a755824291ffff,8a75582429affff,8a75582429a7fff,8a755824665ffff,8a755824664ffff,8a75582466effff,8a75582466c7fff,8a75582466f7fff,8a75582466affff,8a7558246687fff,8a7558246697fff,8a7558255a67fff,8a7558255b4ffff,8a75582466b7fff,8a755824679ffff",1
904671111,-22561499#1,0.8333333333333334,0.8333333333333334,0.75,0.75,0.6666666666666667,0.4166666666666667,0.5833333333333334,0.5833333333333334,0.1666666666666666,0.3333333333333333,0.5833333333333334,0.5833333333333334,1.0,0.1666666666666666,0.3333333333333333,0.6666666666666667,0.5,0.8333333333333334,0.3333333333333333,0.4166666666666666,0.8333333333333334,0.3333333333333333,0.1666666666666666,"8a7558246797fff,8a755824679ffff,8a7558255b6ffff,8a7558255b4ffff",2
904671111,-22561499#1,0.5,0.1666666666666666,0.5,0.5,0.6666666666666667,0.4166666666666667,0.5833333333333334,0.5833333333333334,1.0,0.3333333333333333,0.5833333333333334,0.5833333333333334,0.1666666666666666,0.8333333333333334,0.8333333333333334,0.6666666666666667,0.0,0.0,0.8333333333333334,0.4166666666666666,0.1666666666666666,0.1666666666666666,0.6666666666666667,"8a7558246797fff,8a755824679ffff,8a75582464cffff,8a75582464c7fff,8a75582464f7fff,8a755824648ffff,8a7558255b07fff,8a7558255b2ffff,8a7558255b77fff,8a7558255b47fff,8a7558255b5ffff,8a7558255b4ffff",4
904671111,-22561499#1,0.0,0.0,1.0,0.0,0.0833333333333333,1.0,0.5833333333333334,0.5833333333333334,0.3333333333333333,0.6666666666666666,0.5833333333333334,0.5833333333333334,0.6666666666666666,0.6666666666666667,0.6666666666666667,0.3333333333333333,0.5,0.5,0.6666666666666667,0.4166666666666666,0.0,0.0,0.8333333333333334,"8a7558246797fff,8a755824679ffff,8a75582466b7fff,8a7558246697fff,8a7558246687fff,8a7558255a67fff,8a7558255a77fff,8a7558255aa7fff,8a755825516ffff,8a7558255a37fff,8a7558255b57fff,8a7558255b5ffff,8a7558255b4ffff",3
904671111,-22561499#1,0.6666666666666667,0.6666666666666667,0.75,0.75,0.6666666666666667,0.4166666666666667,0.5833333333333334,0.5833333333333334,0.5,0.3333333333333333,0.5833333333333334,0.5833333333333334,0.8333333333333334,0.3333333333333333,0.5,0.6666666666666667,0.5,0.6666666666666667,0.5,0.4166666666666666,0.6666666666666667,0.5,0.0,"8a7558246797fff,8a755824679ffff,8a75582466b7fff,8a7558246697fff,8a7558255b4ffff",2
904671111,-22561499#1,0.3333333333333333,0.5,0.1666666666666666,0.3333333333333333,0.3333333333333333,0.4166666666666667,0.5833333333333334,0.5833333333333334,0.8333333333333334,0.8333333333333334,0.5833333333333334,0.5833333333333334,0.3333333333333333,0.0,0.1666666666666666,0.1666666666666666,0.5,0.3333333333333333,0.1666666666666666,0.4166666666666666,0.5,0.6666666666666667,0.3333333333333333,"8a7558246797fff,8a755824679ffff,8a75582466b7fff,8a7558246697fff,8a7558246687fff,8a7558255a67fff,8a7558255b4ffff",1
904671111,-22561499#1,0.1666666666666666,0.3333333333333333,0.3333333333333333,0.1666666666666666,0.0833333333333333,0.8333333333333334,0.5833333333333334,0.5833333333333334,0.6666666666666666,1.0,0.5833333333333334,0.5833333333333334,0.5,0.5,0.0,0.0,0.5,0.1666666666666666,0.0,0.4166666666666666,0.3333333333333333,0.8333333333333334,0.5,"8a7558246797fff,8a755824679ffff,8a75582466b7fff,8a7558246697fff,8a7558246687fff,8a7558255a67fff,8a7558255a77fff,8a7558255b5ffff,8a7558255b4ffff",1
-174375407#2,-1163710302,0.6666666666666667,0.6666666666666667,0.3333333333333333,0.6666666666666667,0.3333333333333333,0.3333333333333333,0.6666666666666666,0.6666666666666666,1.0,0.3333333333333333,1.0,0.6666666666666666,0.6666666666666666,0.0,0.3333333333333333,0.3333333333333333,0.0,0.3333333333333333,0.3333333333333333,0.3333333333333333,0.6666666666666667,0.0,0.6666666666666667,"8a755824291ffff,8a75582429affff,8a75582429a7fff,8a755824665ffff,8a75582466effff,8a75582466c7fff,8a75582466f7fff,8a75582466affff,8a7558246687fff",2
-174375407#2,-1163710302,0.3333333333333333,0.0,1.0,0.3333333333333333,0.3333333333333333,1.0,0.6666666666666666,0.6666666666666666,0.3333333333333333,0.6666666666666666,0.3333333333333333,0.6666666666666666,1.0,0.6666666666666667,0.0,0.0,0.6666666666666667,0.0,0.0,0.0,0.0,0.6666666666666667,0.0,"8a755824291ffff,8a75582429affff,8a75582429a7fff,8a755824665ffff,8a755824664ffff,8a7558246647fff,8a75582466effff,8a75582466c7fff,8a75582466f7fff,8a75582466affff,8a7558246687fff",1
-174375407#2,-1163710302,0.0,0.3333333333333333,0.6666666666666666,0.0,0.3333333333333333,0.6666666666666666,0.6666666666666666,0.6666666666666666,0.6666666666666666,1.0,0.6666666666666666,0.6666666666666666,0.3333333333333333,0.3333333333333333,0.6666666666666667,0.6666666666666667,0.3333333333333333,0.6666666666666667,0.6666666666666667,0.6666666666666667,0.3333333333333333,0.3333333333333333,0.3333333333333333,"8a755824291ffff,8a75582429affff,8a75582429a7fff,8a755824665ffff,8a755824664ffff,8a75582466effff,8a75582466c7fff,8a75582466f7fff,8a75582466affff,8a7558246687fff",3
57099589,-57392457#1,0.875,0.875,0.5,0.625,0.5625,0.4375,0.5625,0.5625,1.0,0.5625,0.5625,0.4375,0.125,0.5,0.5,0.75,0.0,0.875,0.5,0.8125,0.875,0.25,0.25,"8a7558255857fff,8a7558255867fff,8a7558255b07fff,8a7558255b2ffff,8a7558255b77fff,8a7558255b47fff,8a7558255b5ffff,8a7558255b4ffff,8a7558246697fff,8a7558246687fff,8a75582466affff,8a75582466f7fff,8a755824668ffff",2
57099589,-57392457#1,0.0,0.125,0.875,0.0,0.0625,1.0,0.5625,0.5625,0.375,0.5625,0.5625,1.0,0.5,0.75,0.75,0.5,0.75,0.125,0.75,0.5,0.125,0.125,0.75,"8a7558255857fff,8a7558255867fff,8a755825595ffff,8a7558255937fff,8a7558273667fff,8a7558273767fff,8a75582730d7fff,8a75582733b7fff,8a755827305ffff,8a7558273337fff,8a75582733affff,8a755827338ffff,8a75582732f7fff,8a7558255967fff,8a75582464affff,8a75582464f7fff,8a75582464c7fff,8a75582464cffff,8a7558246797fff,8a755824679ffff,8a75582466b7fff,8a7558246697fff,8a7558246687fff,8a755824668ffff,8a75582466f7fff",3
57099589,-57392457#1,0.625,0.5,0.75,0.875,0.5625,0.4375,0.5625,0.5625,0.625,0.5625,0.5625,0.4375,0.625,0.125,0.125,0.125,0.25,0.5,0.125,0.125,0.5,0.625,0.0,"8a7558255857fff,8a7558255867fff,8a7558255b07fff,8a755824648ffff,8a75582464f7fff,8a75582464c7fff,8a75582464cffff,8a7558246797fff,8a755824679ffff,8a7558255b6ffff,8a7558255b4ffff,8a7558246697fff,8a7558246687fff,8a75582466affff,8a75582466f7fff,8a755824668ffff",0
57099589,-57392457#1,0.125,0.0,1.0,0.125,0.0625,0.875,0.5625,0.5625,0.75,0.5625,0.5625,0.875,0.25,0.875,0.875,0.625,0.5,0.0,0.875,0.625,0.0,0.0,0.875,"8a7558255857fff,8a7558255867fff,8a755825595ffff,8a7558255937fff,8a7558273667fff,8a7558273767fff,8a75582730d7fff,8a75582733b7fff,8a755827305ffff,8a7558273337fff,8a75582733affff,8a755827338ffff,8a75582732f7fff,8a7558255967fff,8a75582464affff,8a75582464f7fff,8a755824648ffff,8a7558255b07fff,8a7558255b2ffff,8a7558255b77fff,8a7558255b47fff,8a7558255b5ffff,8a7558255b4ffff,8a7558246697fff,8a7558246687fff,8a75582466affff,8a75582466f7fff,8a755824668ffff",3
57099589,-57392457#1,0.375,0.375,0.25,0.375,0.5625,0.4375,0.5625,0.5625,0.125,0.5625,0.5625,0.4375,1.0,0.25,0.25,0.25,0.75,0.25,0.25,0.25,0.375,0.75,0.5,"8a7558255857fff,8a7558255867fff,8a7558255b07fff,8a755824648ffff,8a75582464f7fff,8a75582464c7fff,8a75582464cffff,8a7558246797fff,8a755824679ffff,8a75582466b7fff,8a7558246697fff,8a7558246687fff,8a755824668ffff,8a75582466f7fff",1
57099589,-57392457#1,0.5,0.75,0.125,0.25,0.5625,0.4375,0.5625,0.5625,0.875,0.5625,0.5625,0.4375,0.375,0.625,0.625,0.875,0.375,0.75,0.625,0.8125,0.75,0.375,0.625,"8a7558255857fff,8a7558255867fff,8a7558255b07fff,8a7558255b2ffff,8a7558255b77fff,8a7558255b47fff,8a7558255b5ffff,8a7558255b4ffff,8a7558246697fff,8a7558246687fff,8a755824668ffff,8a75582466f7fff",2
57099589,-57392457#1,0.75,0.625,0.625,0.75,0.5625,0.4375,0.5625,0.5625,0.5,0.5625,0.5625,0.4375,0.75,0.0,0.0,0.0,0.125,0.625,0.0,0.0,0.625,0.5,0.125,"8a7558255857fff,8a7558255867fff,8a7558255b07fff,8a755824648ffff,8a75582464f7fff,8a75582464c7fff,8a75582464cffff,8a7558246797fff,8a755824679ffff,8a75582466b7fff,8a7558246697fff,8a7558246687fff,8a75582466affff,8a75582466f7fff,8a755824668ffff",0
57099589,-57392457#1,0.25,0.25,0.375,0.5,0.5625,0.4375,0.5625,0.5625,0.25,0.5625,0.5625,0.4375,0.875,0.375,0.375,0.375,0.75,0.375,0.375,0.375,0.25,0.875,0.375,"8a7558255857fff,8a7558255867fff,8a7558255b07fff,8a755824648ffff,8a75582464f7fff,8a75582464c7fff,8a75582464cffff,8a7558246797fff,8a755824679ffff,8a7558255b6ffff,8a7558255b4ffff,8a7558246697fff,8a7558246687fff,8a755824668ffff,8a75582466f7fff",4
1123308755,-57099630#2,0.9,0.9,0.4,0.0,0.35,0.7,0.55,0.55,0.6,1.0,0.9,0.55,0.1,0.3,0.4,0.7,0.0999999999999999,0.9,0.4,0.4,0.9,0.5,0.1999999999999999,"8a7558240597fff,8a755824296ffff,8a755824291ffff,8a75582429affff,8a75582429a7fff,8a755824665ffff,8a75582466effff,8a75582466c7fff,8a75582466f7fff,8a75582466affff,8a7558246687fff,8a7558246697fff,8a7558255a67fff,8a7558255a77fff,8a7558255a97fff,8a7558255047fff,8a75582550d7fff,8a755825572ffff",0
1123308755,-57099630#2,0.4,0.0,1.0,0.6,0.35,0.9,0.55,0.55,0.4,0.3,0.1,0.55,1.0,0.9,0.8,0.6,0.9,0.8,0.7,0.8,0.0,0.0999999999999999,0.8,"8a7558240597fff,8a7558240417fff,8a755824040ffff,8a75582404e7fff,8a75582404f7fff,8a75582404affff,8a755824296ffff,8a755824291ffff,8a75582429affff,8a75582429a7fff,8a755824665ffff,8a755824664ffff,8a75582466effff,8a75582466c7fff,8a75582466f7fff,8a75582466affff,8a7558246687fff,8a7558246697fff,8a7558255b4ffff,8a7558255a67fff,8a7558255b5ffff,8a7558255b57fff,8a7558255a37fff,8a755825516ffff,8a7558255aa7fff,8a7558255a77fff,8a7558255a97fff,8a7558255047fff,8a75582550d7fff,8a755825572ffff",3
1123308755,-57099630#2,0.3,0.3,0.1,0.7,0.35,0.3,0.55,0.55,0.7,0.4,0.3,0.55,0.6,0.7,0.3,0.4,0.6,0.0,0.3,0.0999999999999999,0.3,0.8,0.0999999999999999,"8a7558240597fff,8a7558240417fff,8a755824040ffff,8a7558240407fff,8a7558240437fff,8a755824051ffff,8a7558240517fff,8a755824624ffff,8a755824625ffff,8a75582405b7fff,8a755824296ffff,8a755824291ffff,8a75582429affff,8a75582429a7fff,8a755824665ffff,8a75582466effff,8a75582466c7fff,8a75582466f7fff,8a75582466affff,8a7558246687fff,8a7558246697fff,8a7558255b4ffff,8a7558255a67fff,8a7558255b5ffff,8a7558255a77fff,8a7558255a97fff,8a7558255047fff,8a75582550d7fff,8a755825572ffff",4
1123308755,-57099630#2,0.6,0.6,0.3,0.5,0.35,0.1,0.55,0.55,0.8,0.6,1.0,0.55,0.3,0.0999999999999999,0.0999999999999999,0.1999999999999999,0.3,0.6,0.0999999999999999,0.6,0.6,0.3,0.5,"8a7558240597fff,8a7558240417fff,8a755824040ffff,8a75582404e7fff,8a75582404f7fff,8a755824296ffff,8a755824291ffff,8a75582429affff,8a75582429a7fff,8a755824665ffff,8a75582466effff,8a75582466c7fff,8a75582466f7fff,8a75582466affff,8a7558246687fff,8a7558246697fff,8a75582466b7fff,8a755824679ffff,8a7558255b6ffff,8a7558255b4ffff,8a7558255a67fff,8a7558255a77fff,8a7558255a97fff,8a7558255047fff,8a75582550d7fff,8a755825572ffff",0
1123308755,-57099630#2,0.7,0.7,0.5,0.9,0.85,0.2,0.55,0.55,1.0,0.7,0.6,0.55,0.2,0.0,0.6,0.0999999999999999,0.0,0.0999999999999999,0.5,0.9,0.7,0.9,0.0,"8a7558240597fff,8a755824296ffff,8a755824291ffff,8a75582429affff,8a75582429a7fff,8a755824665ffff,8a75582466effff,8a75582466c7fff,8a75582466f7fff,8a75582466affff,8a7558246687fff,8a7558246697fff,8a75582466b7fff,8a755824679ffff,8a7558246797fff,8a75582464cffff,8a75582464c7fff,8a75582464f7fff,8a755824648ffff,8a7558255b07fff,8a7558255b2ffff,8a7558255b77fff,8a7558255b47fff,8a7558255b5ffff,8a7558255b4ffff,8a7558255a67fff,8a7558255a77fff,8a7558255a97fff,8a7558255047fff,8a75582550d7fff,8a755825572ffff",2
1123308755,-57099630#2,0.8,0.8,0.9,0.8,0.85,0.4,0.55,0.55,0.9,0.9,0.7,0.55,0.4,0.4,0.9,0.8,0.1999999999999999,0.7,0.9,0.5,0.8,0.1999999999999999,0.6,"8a7558240597fff,8a75582405b7fff,8a7558240407fff,8a755824040ffff,8a75582404e7fff,8a7558240417fff,8a755824296ffff,8a755824291ffff,8a75582429affff,8a75582429a7fff,8a755824665ffff,8a75582466effff,8a75582466c7fff,8a75582466f7fff,8a75582466affff,8a7558246687fff,8a7558246697fff,8a7558255b4ffff,8a7558255a67fff,8a7558255a77fff,8a7558255a97fff,8a7558255047fff,8a75582550d7fff,8a755825572ffff",2
1123308755,-57099630#2,0.0,0.0999999999999999,0.8,0.0999999999999999,0.35,0.8,0.55,0.55,0.1,0.1,0.8,0.55,0.9,0.8,0.5,0.5,0.8,0.5,0.6,0.3,0.0999999999999999,0.0,0.9,"8a7558240597fff,8a7558240417fff,8a755824040ffff,8a75582404e7fff,8a75582404f7fff,8a755824296ffff,8a755824291ffff,8a75582429affff,8a75582429a7fff,8a755824665ffff,8a75582466effff,8a75582466c7fff,8a75582466f7fff,8a75582466affff,8a7558246687fff,8a7558246697fff,8a7558255a67fff,8a7558255b5ffff,8a7558255b57fff,8a7558255a37fff,8a755825516ffff,8a7558255aa7fff,8a7558255a77fff,8a7558255a97fff,8a7558255047fff,8a75582550d7fff,8a755825572ffff",3
1123308755,-57099630#2,0.5,0.1999999999999999,0.7,0.4,0.35,1.0,0.55,0.55,0.5,0.2,0.2,0.55,0.8,0.1999999999999999,0.0,0.0,0.7,0.1999999999999999,0.0,0.1999999999999999,0.1999999999999999,0.4,0.4,"8a7558240597fff,8a755824296ffff,8a755824291ffff,8a75582429affff,8a75582429a7fff,8a755824665ffff,8a75582466effff,8a75582466c7fff,8a75582466f7fff,8a75582466affff,8a7558246687fff,8a7558246697fff,8a75582466b7fff,8a755824679ffff,8a7558255b6ffff,8a7558255b4ffff,8a7558255a67fff,8a7558255b5ffff,8a7558255b57fff,8a7558255a37fff,8a755825516ffff,8a7558255aa7fff,8a7558255a77fff,8a7558255a97fff,8a7558255047fff,8a75582550d7fff,8a755825572ffff",1
1123308755,-57099630#2,0.0999999999999999,0.5,0.2,0.1999999999999999,0.35,0.5,0.55,0.55,0.3,0.5,0.5,0.55,0.7,0.5,0.1999999999999999,0.3,0.4,0.3,0.1999999999999999,0.0,0.5,0.6,0.7,"8a7558240597fff,8a75582405b7fff,8a7558240437fff,8a7558240407fff,8a755824040ffff,8a75582404e7fff,8a75582404f7fff,8a75582404affff,8a755824296ffff,8a755824291ffff,8a75582429affff,8a75582429a7fff,8a755824665ffff,8a75582466effff,8a75582466c7fff,8a75582466f7fff,8a75582466affff,8a7558246687fff,8a7558246697fff,8a7558255a67fff,8a7558255b5ffff,8a7558255a77fff,8a7558255a97fff,8a7558255047fff,8a75582550d7fff,8a755825572ffff",1
1123308755,-57099630#2,0.1999999999999999,0.4,0.6,0.3,0.35,0.6,0.55,0.55,0.2,0.8,0.4,0.55,0.5,0.6,0.7,0.9,0.5,0.4,0.8,0.7,0.4,0.7,0.3,"8a7558240597fff,8a7558240417fff,8a755824040ffff,8a7558240407fff,8a7558240437fff,8a755824051ffff,8a755824625ffff,8a75582405b7fff,8a755824296ffff,8a755824291ffff,8a75582429affff,8a75582429a7fff,8a755824665ffff,8a755824664ffff,8a75582466effff,8a75582466c7fff,8a75582466f7fff,8a75582466affff,8a7558246687fff,8a7558246697fff,8a7558255a67fff,8a7558255a77fff,8a7558255a97fff,8a7558255047fff,8a75582550d7fff,8a755825572ffff",3
-24580169#1,-22561652#3,0.8888888888888888,0.8888888888888888,0.5,0.8333333333333334,0.8333333333333334,0.2777777777777778,0.5555555555555556,0.5555555555555556,1.0,0.7777777777777778,0.5555555555555556,0.5555555555555556,0.1111111111111111,0.3333333333333333,0.8888888888888888,0.8888888888888888,0.0,0.8888888888888888,0.6666666666666667,0.4444444444444444,0.8888888888888888,0.6666666666666667,0.0,"8a7558255a67fff,8a7558255b4ffff,8a7558246697fff,8a7558246687fff,8a75582466affff,8a75582466f7fff,8a75582466c7fff,8a75582466effff",2
-24580169#1,-22561652#3,0.0,0.2222222222222222,0.3333333333333333,0.5555555555555556,0.6111111111111112,0.2777777777777778,0.5555555555555556,0.5555555555555556,0.3333333333333333,0.1111111111111111,0.5555555555555556,0.5555555555555556,0.7777777777777778,0.2222222222222222,0.3333333333333333,0.3333333333333333,0.5555555555555556,0.1111111111111111,0.3333333333333333,0.4444444444444444,0.2222222222222222,0.3333333333333333,0.6666666666666667,"8a7558255a67fff,8a7558255b4ffff,8a7558255b5ffff,8a7558255b47fff,8a7558255b77fff,8a7558255b2ffff,8a7558255b07fff,8a755824648ffff,8a75582464f7fff,8a75582464c7fff,8a75582464cffff,8a7558246797fff,8a755824679ffff,8a7558255b6ffff,8a7558246697fff,8a7558246687fff,8a755824668ffff,8a75582466f7fff,8a75582466c7fff,8a75582466effff",4
-24580169#1,-22561652#3,0.1111111111111111,0.0,0.7777777777777778,0.0,0.2222222222222222,0.8888888888888888,0.5555555555555556,0.5555555555555556,0.1111111111111111,0.3333333333333333,0.5555555555555556,0.5555555555555556,1.0,0.6666666666666667,0.5555555555555556,0.5555555555555556,0.7777777777777778,0.3333333333333333,0.5555555555555556,0.4444444444444444,0.0,0.1111111111111111,0.8888888888888888,"8a7558255a67fff,8a7558255a77fff,8a7558255aa7fff,8a755825516ffff,8a7558255a37fff,8a7558255b57fff,8a7558255b5ffff,8a7558255b4ffff,8a7558246697fff,8a7558246687fff,8a755824668ffff,8a75582466f7fff,8a75582466c7fff,8a75582466effff",3
-24580169#1,-22561652#3,0.2222222222222222,0.1111111111111111,0.6666666666666666,0.6666666666666667,0.2222222222222222,0.5555555555555556,0.5555555555555556,0.5555555555555556,0.5555555555555556,0.4444444444444444,0.5555555555555556,0.5555555555555556,0.6666666666666666,0.5555555555555556,0.4444444444444444,0.4444444444444444,0.3333333333333333,0.0,0.4444444444444444,0.4444444444444444,0.1111111111111111,0.4444444444444444,0.5555555555555556,"8a7558255a67fff,8a7558255a77fff,8a7558255b5ffff,8a7558255b4ffff,8a7558255b47fff,8a7558255b77fff,8a7558255b2ffff,8a7558255b07fff,8a755824648ffff,8a75582464f7fff,8a75582464c7fff,8a75582464cffff,8a7558246797fff,8a755824679ffff,8a75582466b7fff,8a7558246697fff,8a7558246687fff,8a75582466affff,8a75582466f7fff,8a75582466c7fff,8a75582466effff",4
-24580169#1,-22561652#3,0.6666666666666667,0.7777777777777778,0.1111111111111111,0.3333333333333333,0.6111111111111112,0.2777777777777778,0.5555555555555556,0.5555555555555556,0.7777777777777778,0.6666666666666666,0.5555555555555556,0.5555555555555556,0.3333333333333333,0.0,0.1111111111111111,0.1111111111111111,0.7777777777777778,0.7777777777777778,0.1111111111111111,0.4444444444444444,0.7777777777777778,0.5555555555555556,0.2222222222222222,"8a7558255a67fff,8a7558255b4ffff,8a7558246697fff,8a7558246687fff,8a755824668ffff,8a75582466f7fff,8a75582466c7fff,8a75582466effff",0
-24580169#1,-22561652#3,0.4444444444444444,0.3333333333333333,1.0,0.2222222222222222,0.2222222222222222,1.0,0.5555555555555556,0.5555555555555556,0.2222222222222222,0.5555555555555556,0.5555555555555556,0.5555555555555556,0.8888888888888888,0.8888888888888888,0.7777777777777778,0.7777777777777778,0.4444444444444444,0.4444444444444444,0.8888888888888888,0.4444444444444444,0.3333333333333333,0.0,0.7777777777777778,"8a7558255a67fff,8a7558255a77fff,8a7558255aa7fff,8a755825516ffff,8a7558255a37fff,8a7558255b57fff,8a7558255b5ffff,8a7558255b4ffff,8a7558246697fff,8a7558246687fff,8a75582466affff,8a75582466f7fff,8a75582466c7fff,8a75582466effff",3
-24580169#1,-22561652#3,0.7777777777777778,0.6666666666666667,0.8888888888888888,0.4444444444444444,0.2222222222222222,0.7777777777777778,0.5555555555555556,0.5555555555555556,0.8888888888888888,1.0,0.5555555555555556,0.5555555555555556,0.2222222222222222,0.7777777777777778,0.2222222222222222,0.2222222222222222,0.1111111111111111,0.6666666666666667,0.2222222222222222,0.4444444444444444,0.6666666666666667,0.8888888888888888,0.1111111111111111,"8a7558255a67fff,8a7558255a77fff,8a7558255b5ffff,8a7558255b4ffff,8a7558246697fff,8a7558246687fff,8a75582466affff,8a75582466f7fff,8a75582466c7fff,8a75582466effff",0
-24580169#1,-22561652#3,0.5555555555555556,0.5555555555555556,0.2222222222222222,0.1111111111111111,0.2222222222222222,0.6666666666666666,0.5555555555555556,0.5555555555555556,0.4444444444444444,0.8888888888888888,0.5555555555555556,0.5555555555555556,0.4444444444444444,0.1111111111111111,0.0,0.0,0.7777777777777778,0.5555555555555556,0.0,0.4444444444444444,0.5555555555555556,0.7777777777777778,0.3333333333333333,"8a7558255a67fff,8a7558255a77fff,8a7558255b5ffff,8a7558255b4ffff,8a7558246697fff,8a7558246687fff,8a755824668ffff,8a75582466f7fff,8a75582466c7fff,8a75582466effff",0
-24580169#1,-22561652#3,0.3333333333333333,0.4444444444444444,0.5,0.8333333333333334,0.8333333333333334,0.2777777777777778,0.5555555555555556,0.5555555555555556,0.6666666666666666,0.2222222222222222,0.5555555555555556,0.5555555555555556,0.5555555555555556,0.4444444444444444,0.6666666666666667,0.6666666666666667,0.2222222222222222,0.2222222222222222,0.7777777777777778,0.4444444444444444,0.4444444444444444,0.2222222222222222,0.4444444444444444,"8a7558255a67fff,8a7558255b4ffff,8a7558255b5ffff,8a7558255b47fff,8a7558255b77fff,8a7558255b2ffff,8a7558255b07fff,8a755824648ffff,8a75582464f7fff,8a75582464c7fff,8a75582464cffff,8a7558246797fff,8a755824679ffff,8a7558255b6ffff,8a7558246697fff,8a7558246687fff,8a75582466affff,8a75582466f7fff,8a75582466c7fff,8a75582466effff",4
57392554#0,-174907152#1,0.5,0.5,1.0,0.5,0.5,0.75,0.75,0.75,1.0,0.5,0.75,0.75,0.5,0.5,0.5,0.5,0.0,0.5,0.5,0.5,0.5,0.0,0.5,"8a7558242d47fff,8a75582466c7fff,8a75582466f7fff,8a75582466affff,8a7558246687fff,8a7558246697fff",3
57392554#0,-174907152#1,0.0,0.0,0.5,0.0,0.0,0.75,0.75,0.75,0.5,1.0,0.75,0.75,1.0,0.0,0.0,0.0,0.5,0.0,0.0,0.0,0.0,0.5,0.0,"8a7558242d47fff,8a75582466c7fff,8a75582466f7fff,8a75582466affff,8a7558246687fff,8a7558246697fff,8a7558255a67fff,8a7558255b4ffff",1
-57392534#2,-1163710302,0.0,0.0,1.0,0.0,0.0,1.0,1.0,1.0,1.0,1.0,1.0,1.0,1.0,0.0,0.0,0.0,0.0,0.0,0.0,0.0,0.0,0.0,0.0,"8a7558242c2ffff,8a7558242d77fff,8a75582466dffff,8a75582466d7fff,8a75582466f7fff,8a75582466affff,8a7558246687fff",1
-561133132,-1163710302,0.7142857142857143,0.8571428571428572,0.4285714285714285,0.1428571428571429,0.4285714285714286,0.5714285714285714,0.5714285714285714,0.5714285714285714,0.5714285714285714,0.7142857142857143,0.5714285714285714,0.5714285714285714,0.5714285714285714,0.0,0.0,0.0,0.6428571428571428,0.8571428571428572,0.0,0.4285714285714286,0.8571428571428572,0.2857142857142857,0.4285714285714286,"8a755825516ffff,8a7558255a37fff,8a7558255b57fff,8a7558255b5ffff,8a7558255a67fff,8a7558255b4ffff,8a7558246697fff,8a7558246687fff",0
-561133132,-1163710302,0.0,0.0,0.5714285714285714,0.5714285714285714,0.4285714285714286,0.4285714285714285,0.5714285714285714,0.5714285714285714,0.7142857142857143,0.1428571428571428,0.5714285714285714,0.5714285714285714,0.7142857142857143,0.5714285714285714,0.5714285714285714,0.5714285714285714,0.2857142857142857,0.0,0.8571428571428572,0.4285714285714286,0.0,0.5714285714285714,0.5714285714285714,"8a7558255a37fff,8a755825516ffff,8a7558255aa7fff,8a7558255a77fff,8a7558255b5ffff,8a7558255a67fff,8a7558255b4ffff,8a7558255b47fff,8a7558255b77fff,8a7558255b2ffff,8a7558255b07fff,8a755824648ffff,8a75582464f7fff,8a75582464c7fff,8a75582464cffff,8a7558246797fff,8a755824679ffff,8a75582466b7fff,8a7558246697fff,8a7558246687fff",4
-561133132,-1163710302,0.5714285714285714,0.5714285714285714,0.8571428571428571,0.4285714285714286,0.4285714285714286,1.0,0.5714285714285714,0.5714285714285714,0.2857142857142857,0.8571428571428571,0.5714285714285714,0.5714285714285714,0.8571428571428571,0.7142857142857143,0.7142857142857143,0.7142857142857143,0.6428571428571428,0.5714285714285714,0.2857142857142857,0.4285714285714286,0.5714285714285714,0.1428571428571429,0.7142857142857143,"8a7558255a37fff,8a755825516ffff,8a7558255aa7fff,8a7558255a77fff,8a7558255a67fff,8a7558255b4ffff,8a7558246697fff,8a7558246687fff",3
-561133132,-1163710302,0.1428571428571429,0.1428571428571429,0.1428571428571428,0.8571428571428572,0.4285714285714286,0.1428571428571428,0.5714285714285714,0.5714285714285714,1.0,0.2857142857142857,0.5714285714285714,0.5714285714285714,0.2857142857142857,0.4285714285714286,0.4285714285714286,0.4285714285714286,0.1428571428571429,0.2857142857142857,0.7142857142857143,0.4285714285714286,0.1428571428571429,0.8571428571428572,0.1428571428571429,"8a755825516ffff,8a7558255a37fff,8a7558255b57fff,8a7558255b5ffff,8a7558255a67fff,8a7558255b4ffff,8a7558255b47fff,8a7558255b77fff,8a7558255b2ffff,8a7558255b07fff,8a755824648ffff,8a75582464f7fff,8a75582464c7fff,8a75582464cffff,8a7558246797fff,8a755824679ffff,8a7558255b6ffff,8a7558246697fff,8a7558246687fff",4
-561133132,-1163710302,0.4285714285714286,0.4285714285714286,0.7142857142857143,0.0,0.4285714285714286,0.8571428571428571,0.5714285714285714,0.5714285714285714,0.1428571428571428,0.5714285714285714,0.5714285714285714,0.5714285714285714,1.0,0.8571428571428572,0.8571428571428572,0.8571428571428572,0.6428571428571428,0.4285714285714286,0.5714285714285714,0.4285714285714286,0.4285714285714286,0.0,0.8571428571428572,"8a7558255a37fff,8a755825516ffff,8a7558255aa7fff,8a7558255a77fff,8a7558255b5ffff,8a7558255a67fff,8a7558255b4ffff,8a7558246697fff,8a7558246687fff",3
-561133132,-1163710302,0.8571428571428572,0.7142857142857143,1.0,0.2857142857142857,0.4285714285714286,0.7142857142857143,0.5714285714285714,0.5714285714285714,0.4285714285714285,1.0,0.5714285714285714,0.5714285714285714,0.1428571428571428,0.2857142857142857,0.2857142857142857,0.2857142857142857,0.6428571428571428,0.7142857142857143,0.1428571428571429,0.4285714285714286,0.7142857142857143,0.4285714285714286,0.0,"8a755825516ffff,8a7558255a37fff,8a7558255b57fff,8a7558255b5ffff,8a7558255a77fff,8a7558255a67fff,8a7558255b4ffff,8a7558246697fff,8a7558246687fff",0
-561133132,-1163710302,0.2857142857142857,0.2857142857142857,0.2857142857142857,0.7142857142857143,0.4285714285714286,0.2857142857142857,0.5714285714285714,0.5714285714285714,0.8571428571428571,0.4285714285714285,0.5714285714285714,0.5714285714285714,0.4285714285714285,0.1428571428571429,0.1428571428571429,0.1428571428571429,0.0,0.1428571428571429,0.4285714285714286,0.4285714285714286,0.2857142857142857,0.7142857142857143,0.2857142857142857,"8a755825516ffff,8a7558255a37fff,8a7558255b57fff,8a7558255b5ffff,8a7558255a67fff,8a7558255b4ffff,8a7558255b47fff,8a7558255b77fff,8a7558255b2ffff,8a7558255b07fff,8a755824648ffff,8a75582464f7fff,8a75582464c7fff,8a75582464cffff,8a7558246797fff,8a755824679ffff,8a75582466b7fff,8a7558246697fff,8a7558246687fff",1
57392554#0,57392486,0.0,0.0,1.0,0.0,0.0,1.0,1.0,1.0,1.0,1.0,1.0,1.0,1.0,0.0,0.0,0.0,0.0,0.0,0.0,0.0,0.0,0.0,0.0,"8a7558242d47fff,8a75582466c7fff,8a75582466f7fff,8a75582466affff,8a7558246687fff",1
-174907152#1,-22561652#3,0.5,0.5,1.0,0.5,0.5,0.75,0.75,0.75,1.0,0.75,0.75,0.75,0.5,0.5,0.5,0.5,0.0,0.5,0.5,0.25,0.5,0.0,0.0,"8a7558246697fff,8a7558246687fff,8a75582466affff,8a75582466f7fff,8a75582466c7fff,8a75582466effff",3
-174907152#1,-22561652#3,0.0,0.0,0.5,0.0,0.0,0.75,0.75,0.75,0.5,0.75,0.75,0.75,1.0,0.0,0.0,0.0,0.5,0.0,0.0,0.25,0.0,0.5,0.5,"8a7558246697fff,8a7558246687fff,8a755824668ffff,8a75582466f7fff,8a75582466c7fff,8a75582466effff",1
1004094803#1,-57392538#7,0.8333333333333334,0.8333333333333334,0.5,0.8333333333333334,0.75,0.25,0.5833333333333334,0.5833333333333334,1.0,0.6666666666666666,0.5833333333333334,1.0,0.1666666666666666,0.5,0.8333333333333334,0.8333333333333334,0.0,0.8333333333333334,0.6666666666666667,0.4166666666666666,0.8333333333333334,0.3333333333333333,0.1666666666666666,"8a7558246697fff,8a7558255a67fff,8a7558255b4ffff,8a7558246687fff,8a75582466affff,8a75582466f7fff,8a75582466c7fff,8a7558242d47fff,8a7558242897fff,8a75582428f7fff,8a75582428c7fff,8a75582428effff,8a7558242bb7fff",2
1004094803#1,-57392538#7,0.0,0.0,0.8333333333333334,0.0,0.25,0.8333333333333334,0.5833333333333334,0.5833333333333334,0.1666666666666666,0.1666666666666666,0.5833333333333334,0.1666666666666666,1.0,0.3333333333333333,0.5,0.5,0.6666666666666667,0.0,0.5,0.4166666666666666,0.0,0.1666666666666666,0.8333333333333334,"8a7558246697fff,8a7558255a67fff,8a7558255a77fff,8a7558255aa7fff,8a755825516ffff,8a7558255a37fff,8a7558255b57fff,8a7558255b5ffff,8a7558255b4ffff,8a7558246687fff,8a755824668ffff,8a75582466f7fff,8a75582466c7fff,8a7558242d47fff,8a7558242897fff,8a75582428f7fff,8a75582428c7fff,8a75582428effff,8a7558242bb7fff",3
1004094803#1,-57392538#7,0.5,0.6666666666666667,0.1666666666666666,0.6666666666666667,0.75,0.25,0.5833333333333334,0.5833333333333334,0.6666666666666666,0.3333333333333333,0.5833333333333334,0.8333333333333334,0.5,0.0,0.1666666666666666,0.1666666666666666,0.6666666666666667,0.6666666666666667,0.1666666666666666,0.4166666666666666,0.6666666666666667,0.5,0.5,"8a7558246697fff,8a7558255a67fff,8a7558255b4ffff,8a7558246687fff,8a755824668ffff,8a75582466f7fff,8a75582466c7fff,8a7558242d47fff,8a7558242897fff,8a75582428f7fff,8a75582428c7fff,8a75582428effff,8a7558242bb7fff",2
1004094803#1,-57392538#7,0.1666666666666666,0.1666666666666666,1.0,0.1666666666666666,0.25,1.0,0.5833333333333334,0.5833333333333334,0.3333333333333333,0.5,0.5833333333333334,0.3333333333333333,0.8333333333333334,0.8333333333333334,0.6666666666666667,0.6666666666666667,0.3333333333333333,0.3333333333333333,0.8333333333333334,0.4166666666666666,0.1666666666666666,0.0,0.6666666666666667,"8a7558246697fff,8a7558255a67fff,8a7558255a77fff,8a7558255aa7fff,8a755825516ffff,8a7558255a37fff,8a7558255b57fff,8a7558255b5ffff,8a7558255b4ffff,8a7558246687fff,8a75582466affff,8a75582466f7fff,8a75582466c7fff,8a7558242d47fff,8a7558242897fff,8a75582428f7fff,8a75582428c7fff,8a75582428effff,8a7558242bb7fff",3
1004094803#1,-57392538#7,0.6666666666666667,0.5,0.6666666666666666,0.5,0.25,0.6666666666666666,0.5833333333333334,0.5833333333333334,0.8333333333333334,1.0,0.5833333333333334,0.6666666666666666,0.3333333333333333,0.6666666666666667,0.3333333333333333,0.3333333333333333,0.1666666666666666,0.5,0.3333333333333333,0.4166666666666666,0.5,0.6666666666666667,0.0,"8a7558246697fff,8a7558255a67fff,8a7558255a77fff,8a7558255b5ffff,8a7558255b4ffff,8a7558246687fff,8a75582466affff,8a75582466f7fff,8a75582466c7fff,8a7558242d47fff,8a7558242897fff,8a75582428f7fff,8a75582428c7fff,8a75582428effff,8a7558242bb7fff",0
1004094803#1,-57392538#7,0.3333333333333333,0.3333333333333333,0.3333333333333333,0.3333333333333333,0.25,0.5,0.5833333333333334,0.5833333333333334,0.5,0.8333333333333334,0.5833333333333334,0.5,0.6666666666666666,0.1666666666666666,0.0,0.0,0.6666666666666667,0.1666666666666666,0.0,0.4166666666666666,0.3333333333333333,0.8333333333333334,0.3333333333333333,"8a7558246697fff,8a7558255a67fff,8a7558255a77fff,8a7558255b5ffff,8a7558255b4ffff,8a7558246687fff,8a755824668ffff,8a75582466f7fff,8a75582466c7fff,8a7558242d47fff,8a7558242897fff,8a75582428f7fff,8a75582428c7fff,8a75582428effff,8a7558242bb7fff",1
57392554#0,-22561653,0.8,0.8,0.8,0.8,0.8,0.4,0.6,0.6,1.0,0.3,0.6,0.5,0.2,0.6,0.8,0.8,0.0,0.8,0.8,0.7,0.8,0.1999999999999999,0.6,"8a7558242d47fff,8a75582466c7fff,8a75582466f7fff,8a75582466affff,8a7558246687fff,8a7558246697fff,8a7558255b4ffff",2
57392554#0,-22561653,0.0,0.0,1.0,0.0,0.0999999999999999,1.0,0.6,0.6,0.2,0.6,0.6,0.5,1.0,0.8,0.6,0.6,0.8,0.6,0.6,0.4,0.0,0.0,0.8,"8a7558242d47fff,8a75582466c7fff,8a75582466f7fff,8a75582466affff,8a7558246687fff,8a7558246697fff,8a7558255a67fff,8a7558255a77fff,8a7558255aa7fff,8a755825516ffff,8a7558255a37fff,8a7558255b57fff,8a7558255b5ffff,8a7558255b4ffff",3
57392554#0,-22561653,0.6,0.4,0.6,0.6,0.6,0.4,0.6,0.6,0.4,0.3,0.6,1.0,0.4,0.1999999999999999,0.1999999999999999,0.0,0.4,0.0,0.4,0.7,0.4,0.6,0.0,"8a7558242d47fff,8a75582466c7fff,8a75582466f7fff,8a75582466affff,8a7558246687fff,8a75582466a7fff,8a755824678ffff,8a755824679ffff,8a7558255b6ffff,8a7558255b4ffff,8a7558246697fff",0
57392554#0,-22561653,0.4,0.6,0.2,0.4,0.4,0.4,0.6,0.6,0.8,0.8,0.6,0.5,0.6,0.0,0.4,0.4,0.1999999999999999,0.1999999999999999,0.1999999999999999,0.0,0.6,0.4,0.1999999999999999,"8a7558242d47fff,8a75582466c7fff,8a75582466f7fff,8a75582466affff,8a7558246687fff,8a7558246697fff,8a7558255a67fff,8a7558255b4ffff",0
57392554#0,-22561653,0.1999999999999999,0.1999999999999999,0.4,0.1999999999999999,0.0999999999999999,0.8,0.6,0.6,0.6,1.0,0.6,0.5,0.8,0.4,0.0,0.1999999999999999,0.6,0.4,0.0,0.1999999999999999,0.1999999999999999,0.8,0.4,"8a7558242d47fff,8a75582466c7fff,8a75582466f7fff,8a75582466affff,8a7558246687fff,8a7558246697fff,8a7558255a67fff,8a7558255a77fff,8a7558255b5ffff,8a7558255b4ffff",1
-22561653,32898181#0,0.875,0.875,0.625,0.375,0.5625,0.4375,0.5625,0.5625,1.0,0.375,0.5625,0.4375,0.125,0.5,0.5,0.375,0.0,0.0,0.75,0.125,0.875,0.5,0.125,"8a7558246697fff,8a7558255b4ffff,8a7558255b5ffff,8a7558255b47fff,8a7558255b77fff,8a7558255b0ffff",2
-22561653,32898181#0,0.25,0.125,0.5,0.625,0.5625,0.4375,0.5625,0.5625,0.375,0.375,0.5625,0.875,0.5,0.75,0.875,0.625,0.75,0.25,0.625,0.75,0.125,0.25,0.375,"8a7558255b4ffff,8a7558246697fff,8a7558246687fff,8a75582466a7fff,8a755824678ffff,8a755824679ffff,8a7558246797fff,8a75582464cffff,8a75582464c7fff,8a75582464f7fff,8a755824648ffff,8a7558255b07fff,8a7558255b2ffff,8a7558255b77fff,8a7558255b0ffff",4
-22561653,32898181#0,0.0,0.0,1.0,0.0,0.0625,1.0,0.5625,0.5625,0.125,0.75,0.5625,0.4375,1.0,0.875,0.75,0.875,0.875,0.875,0.5,0.875,0.0,0.0,0.875,"8a7558255b4ffff,8a7558246697fff,8a7558246687fff,8a7558255a67fff,8a7558255a77fff,8a7558255aa7fff,8a755825516ffff,8a7558255a37fff,8a7558255b57fff,8a7558255b5ffff,8a7558255b47fff,8a7558255b77fff,8a7558255b0ffff",3
-22561653,32898181#0,0.5,0.25,0.875,0.875,0.5625,0.4375,0.5625,0.5625,0.25,0.375,0.5625,0.4375,0.875,0.625,0.625,0.75,0.625,0.125,0.875,0.625,0.25,0.125,0.75,"8a7558255b4ffff,8a7558246697fff,8a75582466b7fff,8a755824679ffff,8a7558246797fff,8a75582464cffff,8a75582464c7fff,8a75582464f7fff,8a755824648ffff,8a7558255b07fff,8a7558255b2ffff,8a7558255b77fff,8a7558255b0ffff",4
-22561653,32898181#0,0.625,0.5,0.375,0.5,0.5625,0.4375,0.5625,0.5625,0.75,0.375,0.5625,1.0,0.25,0.25,0.375,0.0,0.375,0.75,0.375,0.25,0.5,0.625,0.0,"8a7558255b4ffff,8a7558246697fff,8a7558246687fff,8a75582466a7fff,8a755824678ffff,8a755824679ffff,8a7558255b6ffff,8a7558255b5ffff,8a7558255b47fff,8a7558255b77fff,8a7558255b0ffff",0
-22561653,32898181#0,0.75,0.75,0.75,0.75,0.5625,0.4375,0.5625,0.5625,0.625,0.375,0.5625,0.4375,0.75,0.0,0.125,0.125,0.125,0.375,0.25,0.0,0.75,0.375,0.25,"8a7558255b4ffff,8a7558246697fff,8a75582466b7fff,8a755824679ffff,8a7558255b6ffff,8a7558255b5ffff,8a7558255b47fff,8a7558255b77fff,8a7558255b0ffff",0
-22561653,32898181#0,0.375,0.625,0.125,0.25,0.5625,0.4375,0.5625,0.5625,0.875,0.875,0.5625,0.4375,0.375,0.125,0.25,0.5,0.25,0.5,0.125,0.375,0.625,0.75,0.5,"8a7558255b4ffff,8a7558246697fff,8a7558246687fff,8a7558255a67fff,8a7558255b5ffff,8a7558255b47fff,8a7558255b77fff,8a7558255b0ffff",0
-22561653,32898181#0,0.125,0.375,0.25,0.125,0.0625,0.875,0.5625,0.5625,0.5,1.0,0.5625,0.4375,0.625,0.375,0.0,0.25,0.5,0.625,0.0,0.5,0.375,0.875,0.625,"8a7558255b4ffff,8a7558246697fff,8a7558246687fff,8a7558255a67fff,8a7558255a77fff,8a7558255b5ffff,8a7558255b47fff,8a7558255b77fff,8a7558255b0ffff",1
1004094803#0,-561133134,0.6666666666666667,0.6666666666666667,0.3333333333333333,0.6666666666666667,0.3333333333333333,0.3333333333333333,0.6666666666666666,0.6666666666666666,0.6666666666666666,1.0,0.6666666666666666,0.6666666666666666,0.3333333333333333,0.3333333333333333,0.6666666666666667,0.6666666666666667,0.3333333333333333,0.6666666666666667,0.6666666666666667,0.6666666666666667,0.6666666666666667,0.0,0.3333333333333333,"8a7558246687fff,8a7558246697fff,8a7558255a67fff,8a7558255a77fff,8a7558255a97fff",2
1004094803#0,-561133134,0.0,0.0,1.0,0.0,0.3333333333333333,1.0,0.6666666666666666,0.6666666666666666,0.6666666666666666,0.3333333333333333,0.6666666666666666,0.6666666666666666,1.0,0.3333333333333333,0.3333333333333333,0.3333333333333333,0.3333333333333333,0.0,0.3333333333333333,0.3333333333333333,0.0,0.3333333333333333,0.6666666666666667,"8a7558246687fff,8a7558246697fff,8a7558255a67fff,8a7558255b5ffff,8a7558255b57fff,8a7558255a37fff,8a755825516ffff,8a7558255aa7fff,8a7558255a77fff,8a7558255a97fff",1
1004094803#0,-561133134,0.3333333333333333,0.3333333333333333,0.6666666666666666,0.3333333333333333,0.3333333333333333,0.6666666666666666,0.6666666666666666,0.6666666666666666,0.6666666666666666,0.6666666666666666,0.6666666666666666,0.6666666666666666,0.6666666666666666,0.3333333333333333,0.0,0.0,0.3333333333333333,0.3333333333333333,0.0,0.0,0.3333333333333333,0.6666666666666667,0.0,"8a7558246687fff,8a7558246697fff,8a7558255a67fff,8a7558255b5ffff,8a7558255a77fff,8a7558255a97fff",1
-561133135,-32898141,0.3333333333333333,0.6666666666666667,0.3333333333333333,0.0,0.3333333333333333,0.3333333333333333,0.6666666666666666,0.6666666666666666,0.6666666666666666,1.0,0.6666666666666666,1.0,0.3333333333333333,0.3333333333333333,0.0,0.0,0.3333333333333333,0.6666666666666667,0.0,0.0,0.6666666666666667,0.3333333333333333,0.0,"8a755825532ffff,8a7558255ac7fff,8a7558255ae7fff,8a7558255a77fff,8a7558255a67fff,8a7558255b5ffff",0
-561133135,-32898141,0.0,0.0,1.0,0.6666666666666667,0.3333333333333333,1.0,0.6666666666666666,0.6666666666666666,0.6666666666666666,0.5,0.6666666666666666,0.3333333333333333,1.0,0.3333333333333333,0.6666666666666667,0.6666666666666667,0.3333333333333333,0.3333333333333333,0.5,0.6666666666666667,0.0,0.0,0.6666666666666667,"8a755825532ffff,8a7558255ac7fff,8a7558255ae7fff,8a7558255a77fff,8a7558255aa7fff,8a755825516ffff,8a7558255a37fff,8a7558255b57fff,8a7558255b5ffff,8a7558255a67fff",3
-561133135,-32898141,0.6666666666666667,0.3333333333333333,0.6666666666666666,0.3333333333333333,0.3333333333333333,0.6666666666666666,0.6666666666666666,0.6666666666666666,0.6666666666666666,0.5,0.6666666666666666,0.6666666666666666,0.6666666666666666,0.3333333333333333,0.3333333333333333,0.3333333333333333,0.3333333333333333,0.0,0.5,0.3333333333333333,0.3333333333333333,0.6666666666666667,0.3333333333333333,"8a755825532ffff,8a7558255ac7fff,8a7558255ae7fff,8a7558255a77fff,8a7558255b5ffff,8a7558255a67fff",1
-57099596,-22561653,0.75,0.75,1.0,0.25,0.75,0.75,0.625,0.625,0.75,1.0,0.625,0.625,0.25,0.25,0.75,0.75,0.5,0.75,0.75,0.75,0.75,0.0,0.5,"8a75582557b7fff,8a7558255797fff,8a75582556a7fff,8a755825571ffff,8a755825572ffff,8a75582550d7fff,8a7558255047fff,8a7558255a97fff,8a7558255a77fff,8a7558255a67fff,8a7558255b4ffff,8a7558246697fff",3
-57099596,-22561653,0.0,0.0,0.25,0.5,0.25,0.25,0.625,0.625,1.0,0.25,0.625,0.625,0.75,0.0,0.0,0.0,0.0,0.0,0.25,0.5,0.0,0.75,0.0,"8a75582557b7fff,8a7558255797fff,8a75582556a7fff,8a755825571ffff,8a755825572ffff,8a75582550d7fff,8a7558255047fff,8a7558255a97fff,8a7558255a77fff,8a7558255b5ffff,8a7558255a67fff,8a7558255b4ffff,8a7558255b47fff,8a7558255b77fff,8a7558255b2ffff,8a7558255b07fff,8a755824648ffff,8a75582464f7fff,8a75582464c7fff,8a75582464cffff,8a7558246797fff,8a755824679ffff,8a75582466b7fff,8a7558246697fff",1
-57099596,-22561653,0.25,0.25,0.5,0.75,0.25,1.0,0.625,0.625,0.25,0.5,0.625,0.625,1.0,0.75,0.5,0.5,0.5,0.25,0.5,0.25,0.25,0.25,0.75,"8a75582557b7fff,8a7558255797fff,8a75582556a7fff,8a755825571ffff,8a755825572ffff,8a75582550d7fff,8a7558255047fff,8a7558255a97fff,8a7558255a77fff,8a7558255aa7fff,8a755825516ffff,8a7558255a37fff,8a7558255b57fff,8a7558255b5ffff,8a7558255a67fff,8a7558255b4ffff,8a7558246697fff",3
-57099596,-22561653,0.5,0.5,0.75,0.0,0.25,0.5,0.625,0.625,0.5,0.75,0.625,0.625,0.5,0.5,0.25,0.25,0.5,0.5,0.0,0.0,0.5,0.5,0.25,"8a75582557b7fff,8a7558255797fff,8a75582556a7fff,8a755825571ffff,8a755825572ffff,8a75582550d7fff,8a7558255047fff,8a7558255a97fff,8a7558255a77fff,8a7558255b5ffff,8a7558255a67fff,8a7558255b4ffff,8a7558246697fff",0
-57099585#1,-22561653,0.75,0.75,1.0,0.25,0.625,0.75,0.625,0.625,0.75,1.0,0.625,0.625,0.25,0.25,0.75,0.75,0.5,0.75,0.75,0.625,0.75,0.0,0.5,"8a7558250b2ffff,8a7558255797fff,8a75582556a7fff,8a755825571ffff,8a755825572ffff,8a75582550d7fff,8a7558255047fff,8a7558255a97fff,8a7558255a77fff,8a7558255a67fff,8a7558255b4ffff,8a7558246697fff",3
-57099585#1,-22561653,0.0,0.0,0.25,0.75,0.625,0.25,0.625,0.625,1.0,0.5,0.625,0.625,0.75,0.0,0.25,0.5,0.0,0.0,0.5,0.625,0.0,0.75,0.0,"8a7558250b2ffff,8a7558255797fff,8a75582556a7fff,8a755825571ffff,8a755825572ffff,8a75582550d7fff,8a7558255047fff,8a7558255a97fff,8a7558255a77fff,8a7558255a67fff,8a7558255b4ffff,8a7558255b5ffff,8a7558255b47fff,8a7558255b77fff,8a7558255b2ffff,8a7558255b07fff,8a755824648ffff,8a75582464f7fff,8a75582464c7fff,8a75582464cffff,8a7558246797fff,8a755824679ffff,8a75582466b7fff,8a7558246697fff",4
-57099585#1,-22561653,0.25,0.25,0.5,0.5,0.125,1.0,0.625,0.625,0.25,0.25,0.625,0.625,1.0,0.75,0.5,0.25,0.5,0.25,0.25,0.25,0.25,0.25,0.75,"8a7558250b2ffff,8a7558255797fff,8a75582556a7fff,8a755825571ffff,8a755825572ffff,8a75582550d7fff,8a7558255047fff,8a7558255a97fff,8a7558255a77fff,8a7558255aa7fff,8a755825516ffff,8a7558255a37fff,8a7558255b57fff,8a7558255b5ffff,8a7558255a67fff,8a7558255b4ffff,8a7558246697fff",1
-57099585#1,-22561653,0.5,0.5,0.75,0.0,0.125,0.5,0.625,0.625,0.5,0.75,0.625,0.625,0.5,0.5,0.0,0.0,0.5,0.5,0.0,0.0,0.5,0.5,0.25,"8a7558250b2ffff,8a7558255797fff,8a75582556a7fff,8a755825571ffff,8a755825572ffff,8a75582550d7fff,8a7558255047fff,8a7558255a97fff,8a7558255a77fff,8a7558255b5ffff,8a7558255a67fff,8a7558255b4ffff,8a7558246697fff",0
-174375407#2,-57099630#2,0.6,0.8,0.2,0.0,0.35,0.4,0.55,0.55,0.5,0.7,0.9,0.55,0.5,0.3,0.6,0.9,0.0999999999999999,0.5,0.7,0.7,0.8,0.1999999999999999,0.7,"8a755824291ffff,8a75582429affff,8a75582429a7fff,8a755824665ffff,8a75582466effff,8a75582466c7fff,8a75582466f7fff,8a75582466affff,8a7558246687fff,8a7558246697fff,8a7558255a67fff,8a7558255a77fff,8a7558255a97fff,8a7558255047fff,8a75582550d7fff,8a755825572ffff",2
-174375407#2,-57099630#2,0.3,0.0,1.0,0.7,0.35,1.0,0.55,0.55,0.4,0.2,0.1,0.55,0.9,0.9,0.8,0.7,0.9,0.6,0.8,0.9,0.0,0.0999999999999999,0.8,"8a755824291ffff,8a75582429affff,8a75582429a7fff,8a755824665ffff,8a755824664ffff,8a75582466effff,8a75582466c7fff,8a75582466f7fff,8a75582466affff,8a7558246687fff,8a7558246697fff,8a7558255b4ffff,8a7558255a67fff,8a7558255b5ffff,8a7558255b57fff,8a7558255a37fff,8a755825516ffff,8a7558255aa7fff,8a7558255a77fff,8a7558255a97fff,8a7558255047fff,8a75582550d7fff,8a755825572ffff",3
-174375407#2,-57099630#2,0.0999999999999999,0.1999999999999999,0.1,0.5,0.35,0.1,0.55,0.55,0.6,0.3,0.3,0.55,0.8,0.0999999999999999,0.0,0.0,0.7,0.0999999999999999,0.0,0.4,0.1999999999999999,0.9,0.4,"8a755824291ffff,8a75582429affff,8a75582429a7fff,8a755824665ffff,8a75582466effff,8a75582466c7fff,8a75582466f7fff,8a75582466affff,8a7558246687fff,8a7558246697fff,8a75582466b7fff,8a755824679ffff,8a7558255b6ffff,8a7558255b4ffff,8a7558255a67fff,8a7558255b5ffff,8a7558255a77fff,8a7558255a97fff,8a7558255047fff,8a75582550d7fff,8a755825572ffff",1
-174375407#2,-57099630#2,0.7,0.6,0.9,0.6,0.35,0.3,0.55,0.55,0.9,0.6,0.7,0.55,0.2,0.5,0.1999999999999999,0.1999999999999999,0.3,0.3,0.4,0.0999999999999999,0.6,0.6,0.0,"8a755824291ffff,8a75582429affff,8a75582429a7fff,8a755824665ffff,8a755824664ffff,8a7558246647fff,8a75582466effff,8a75582466c7fff,8a75582466f7fff,8a75582466affff,8a7558246687fff,8a7558246697fff,8a7558255b4ffff,8a7558255a67fff,8a7558255a77fff,8a7558255a97fff,8a7558255047fff,8a75582550d7fff,8a755825572ffff",0
-174375407#2,-57099630#2,0.9,0.9,0.6,0.8,0.85,0.6,0.55,0.55,1.0,1.0,1.0,0.55,0.1,0.1999999999999999,0.9,0.8,0.0,0.8,0.9,0.6,0.9,0.3,0.6,"8a755824291ffff,8a75582429affff,8a75582429a7fff,8a755824665ffff,8a75582466effff,8a75582466c7fff,8a75582466f7fff,8a75582466affff,8a7558246687fff,8a7558246697fff,8a7558255b4ffff,8a7558255a67fff,8a7558255a77fff,8a7558255a97fff,8a7558255047fff,8a75582550d7fff,8a755825572ffff",2
-174375407#2,-57099630#2,0.8,0.3,0.7,0.9,0.85,0.2,0.55,0.55,0.7,0.8,0.4,0.55,0.3,0.0,0.7,0.5,0.6,0.4,0.5,0.8,0.3,0.8,0.0999999999999999,"8a755824291ffff,8a75582429affff,8a75582429a7fff,8a755824665ffff,8a755824664ffff,8a75582466effff,8a75582466c7fff,8a75582466f7fff,8a75582466affff,8a7558246687fff,8a7558246697fff,8a75582466b7fff,8a755824679ffff,8a7558255b6ffff,8a7558255b4ffff,8a7558255a67fff,8a7558255a77fff,8a7558255a97fff,8a7558255047fff,8a75582550d7fff,8a755825572ffff",2
-174375407#2,-57099630#2,0.1999999999999999,0.5,0.35,0.15,0.35,0.8,0.55,0.55,0.2,0.5,0.6,0.55,0.7,0.6,0.3,0.3,0.4,0.7,0.0999999999999999,0.1999999999999999,0.5,0.5,0.5,"8a755824291ffff,8a75582429affff,8a75582429a7fff,8a755824665ffff,8a755824664ffff,8a75582466effff,8a75582466c7fff,8a75582466f7fff,8a75582466affff,8a7558246687fff,8a7558246697fff,8a7558255a67fff,8a7558255b5ffff,8a7558255a77fff,8a7558255a97fff,8a7558255047fff,8a75582550d7fff,8a755825572ffff",1
-174375407#2,-57099630#2,0.0,0.0999999999999999,0.35,0.15,0.35,0.9,0.55,0.55,0.1,0.1,0.2,0.55,1.0,0.8,0.5,0.6,0.8,0.0,0.6,0.5,0.0999999999999999,0.0,0.9,"8a755824291ffff,8a75582429affff,8a75582429a7fff,8a755824665ffff,8a75582466effff,8a75582466c7fff,8a75582466f7fff,8a75582466affff,8a7558246687fff,8a7558246697fff,8a7558255a67fff,8a7558255b5ffff,8a7558255b57fff,8a7558255a37fff,8a755825516ffff,8a7558255aa7fff,8a7558255a77fff,8a7558255a97fff,8a7558255047fff,8a75582550d7fff,8a755825572ffff",4
-174375407#2,-57099630#2,0.5,0.7,0.8,0.3,0.35,0.7,0.55,0.55,0.3,0.9,0.8,0.55,0.6,0.4,0.0999999999999999,0.0999999999999999,0.1999999999999999,0.1999999999999999,0.3,0.0,0.7,0.4,0.3,"8a755824291ffff,8a75582429affff,8a75582429a7fff,8a755824665ffff,8a755824664ffff,8a7558246647fff,8a75582466effff,8a75582466c7fff,8a75582466f7fff,8a75582466affff,8a7558246687fff,8a7558246697fff,8a7558255a67fff,8a7558255a77fff,8a7558255a97fff,8a7558255047fff,8a75582550d7fff,8a755825572ffff",0
-174375407#2,-57099630#2,0.4,0.4,0.5,0.4,0.35,0.5,0.55,0.55,0.8,0.4,0.5,0.55,0.4,0.7,0.4,0.4,0.5,0.9,0.1999999999999999,0.3,0.4,0.7,0.1999999999999999,"8a755824291ffff,8a75582429affff,8a75582429a7fff,8a755824665ffff,8a755824664ffff,8a75582466effff,8a75582466c7fff,8a75582466f7fff,8a75582466affff,8a7558246687fff,8a7558246697fff,8a7558255b4ffff,8a7558255a67fff,8a7558255b5ffff,8a7558255a77fff,8a7558255a97fff,8a7558255047fff,8a75582550d7fff,8a755825572ffff",0
-57680143#1,57392528#1,0.0,0.1999999999999999,0.8,0.0,0.3,0.8,0.6,0.6,0.8,0.6,0.6,1.0,0.4,0.6,0.4,0.6,0.6,0.4,0.4,0.6,0.1999999999999999,0.0,0.8,"8a7558246277fff,8a75582462e7fff,8a75582462c7fff,8a75582462d7fff,8a7558242927fff,8a7558242937fff,8a755824664ffff,8a755824665ffff,8a75582466effff,8a75582466c7fff,8a75582466f7fff,8a75582466affff,8a7558246687fff,8a7558246697fff,8a7558255a67fff,8a7558255a77fff,8a7558255ae7fff,8a7558255ac7fff,8a755825532ffff,8a7558255227fff,8a755825520ffff,8a75582552e7fff,8a75582552dffff,8a755825190ffff,8a7558251827fff,8a755825181ffff,8a75582518f7fff,8a75582518d7fff,8a755825112ffff,8a755825110ffff,8a7558251027fff,8a75582510f7fff,8a7558251057fff,8a7558251327fff,8a7558251ac7fff,8a755825136ffff,8a755825134ffff,8a755825c5b7fff,8a755825e96ffff,8a755825c497fff",3
-57680143#1,57392528#1,0.1999999999999999,0.4,0.2,0.4,0.3,0.2,0.6,0.6,0.4,0.2,0.6,0.2,1.0,0.4,0.0,0.0,0.4,0.0,0.0,0.4,0.4,0.8,0.0,"8a7558246277fff,8a75582462e7fff,8a75582462c7fff,8a75582462d7fff,8a7558242927fff,8a7558242937fff,8a755824664ffff,8a7558246647fff,8a755824665ffff,8a75582466effff,8a75582466c7fff,8a75582466f7fff,8a75582466affff,8a7558246687fff,8a7558246697fff,8a7558255b4ffff,8a7558255a67fff,8a7558255b5ffff,8a7558255a77fff,8a7558255ae7fff,8a7558255ac7fff,8a755825532ffff,8a7558255227fff,8a755825520ffff,8a75582552e7fff,8a75582552dffff,8a755825190ffff,8a7558251827fff,8a755825181ffff,8a75582518f7fff,8a75582518d7fff,8a755825112ffff,8a755825110ffff,8a7558251027fff,8a75582510f7fff,8a7558251397fff,8a755825139ffff,8a75582512a7fff,8a75582512affff,8a75582512f7fff,8a75582512dffff,8a755825e967fff,8a755825e96ffff,8a755825c497fff",1
-57680143#1,57392528#1,0.4,0.6,0.4,0.1999999999999999,0.3,0.4,0.6,0.6,0.2,0.8,0.6,0.4,0.8,0.1999999999999999,0.1999999999999999,0.4,0.1999999999999999,0.6,0.1999999999999999,0.1999999999999999,0.6,0.6,0.4,"8a7558246277fff,8a75582462e7fff,8a75582462c7fff,8a75582462d7fff,8a7558242927fff,8a7558242937fff,8a755824664ffff,8a755824665ffff,8a75582466effff,8a75582466c7fff,8a75582466f7fff,8a75582466affff,8a7558246687fff,8a7558246697fff,8a7558255a67fff,8a7558255a77fff,8a7558255ae7fff,8a7558255ac7fff,8a755825532ffff,8a7558255227fff,8a755825520ffff,8a75582552e7fff,8a75582552dffff,8a755825190ffff,8a7558251827fff,8a755825181ffff,8a75582518f7fff,8a75582518d7fff,8a755825112ffff,8a755825110ffff,8a7558251027fff,8a75582510f7fff,8a7558251397fff,8a755825139ffff,8a75582512a7fff,8a75582512affff,8a75582512f7fff,8a75582512dffff,8a755825e967fff,8a755825e96ffff,8a755825c497fff",0
-57680143#1,57392528#1,0.6,0.0,1.0,0.6,0.3,1.0,0.6,0.6,1.0,0.4,0.6,0.8,0.2,0.8,0.8,0.8,0.8,0.1999999999999999,0.6,0.8,0.0,0.1999999999999999,0.6,"8a7558246277fff,8a75582462e7fff,8a75582462c7fff,8a75582462d7fff,8a7558242927fff,8a7558242937fff,8a755824664ffff,8a755824665ffff,8a75582466effff,8a75582466c7fff,8a75582466f7fff,8a75582466affff,8a7558246687fff,8a7558246697fff,8a7558255b4ffff,8a7558255a67fff,8a7558255b5ffff,8a7558255a77fff,8a7558255ae7fff,8a7558255ac7fff,8a755825532ffff,8a7558255227fff,8a755825520ffff,8a75582552e7fff,8a75582552dffff,8a755825190ffff,8a7558251827fff,8a755825181ffff,8a75582518f7fff,8a75582518d7fff,8a755825112ffff,8a755825110ffff,8a7558251027fff,8a75582510f7fff,8a7558251057fff,8a7558251327fff,8a7558251ac7fff,8a755825136ffff,8a755825134ffff,8a755825c5b7fff,8a755825e96ffff,8a755825c497fff",3
-57680143#1,57392528#1,0.8,0.8,0.6,0.8,0.8,0.6,0.6,0.6,0.6,1.0,0.6,0.6,0.6,0.0,0.6,0.1999999999999999,0.0,0.8,0.8,0.0,0.8,0.4,0.1999999999999999,"8a7558246277fff,8a75582462e7fff,8a75582462c7fff,8a75582462d7fff,8a7558242927fff,8a7558242937fff,8a755824664ffff,8a755824665ffff,8a75582466effff,8a75582466c7fff,8a75582466f7fff,8a75582466affff,8a7558246687fff,8a7558246697fff,8a7558255b4ffff,8a7558255a67fff,8a7558255a77fff,8a7558255ae7fff,8a7558255ac7fff,8a755825532ffff,8a7558255227fff,8a755825520ffff,8a75582552e7fff,8a75582552dffff,8a755825190ffff,8a7558251827fff,8a755825181ffff,8a75582518f7fff,8a75582518d7fff,8a755825112ffff,8a755825110ffff,8a7558251027fff,8a75582510f7fff,8a7558251397fff,8a755825139ffff,8a75582512a7fff,8a75582512affff,8a75582512f7fff,8a75582512dffff,8a755825e967fff,8a755825e96ffff,8a755825c497fff",2
