agent_id,origins,destinations,free_flow_time,total_length,mean_speed,speed_std,speed_range,pct_high_speed,pct_motorway,pct_trunk,pct_primary,pct_secondary,pct_tertiary,pct_unclassified,pct_residential,lane_changes_per_km,priority_changes_per_km,yield_priority_changes_per_km,traffic_lights_per_km,bearing_std,turns_per_km,left_yield_turns_per_km,mean_circuity,edge_length_std,edges_per_km,h3_sequence,cluster
0,-42762428#0,-100468681#2,0.3333333333333333,0.3333333333333333,0.5833333333333334,0.4166666666666666,0.4583333333333333,0.5833333333333334,0.5416666666666666,0.5416666666666666,0.25,0.0833333333333333,0.5416666666666666,0.5416666666666666,1.0,0.4583333333333333,0.8333333333333334,0.8333333333333334,0.1666666666666666,0.9166666666666666,0.4166666666666666,0.8333333333333334,0.3333333333333333,0.0,0.5833333333333333,"8a7558242a97fff,8a755824206ffff,8a7558242067fff,8a7558242077fff,8a755824200ffff,8a7558242007fff,8a7558242037fff,8a75582421affff,8a755824211ffff,8a755824212ffff,8a7558242127fff,8a755824288ffff",1
0,-42762428#0,-100468681#2,0.6666666666666667,0.6666666666666667,0.875,0.125,0.4583333333333333,0.75,0.5416666666666666,0.5416666666666666,0.3333333333333333,0.75,0.5416666666666666,0.5416666666666666,0.4166666666666667,0.4583333333333333,0.6666666666666667,0.6666666666666667,0.0833333333333333,0.25,0.8333333333333334,0.8333333333333334,0.6666666666666667,0.75,0.1666666666666666,"8a7558242a97fff,8a755824206ffff,8a7558242067fff,8a7558242ab7fff,8a7558242b9ffff,8a7558242147fff,8a7558242167fff,8a7558242177fff,8a75582428dffff,8a75582428d7fff,8a755824288ffff",0
0,-42762428#0,-100468681#2,0.0833333333333333,0.0,0.0833333333333333,0.9166666666666666,0.4583333333333333,0.0833333333333333,0.5416666666666666,0.5416666666666666,0.6666666666666666,0.1666666666666666,0.5416666666666666,0.5416666666666666,0.75,0.4583333333333333,0.9166666666666666,0.9166666666666666,0.6666666666666667,0.8333333333333334,0.5,0.6666666666666667,0.0,0.3333333333333333,0.75,"8a7558242a97fff,8a755824206ffff,8a7558242a87fff,8a7558242aa7fff,8a7558242b9ffff,8a7558242b87fff,8a7558242bb7fff,8a755824285ffff,8a7558242847fff,8a7558242877fff,8a75582428e7fff,8a75582428f7fff,8a75582428d7fff,8a755824288ffff",1
0,-42762428#0,-100468681#2,0.5,0.5833333333333333,0.375,0.625,0.4583333333333333,0.5,0.5416666666666666,0.5416666666666666,0.5833333333333334,0.5833333333333334,0.5416666666666666,0.5416666666666666,0.5,0.4583333333333333,0.0,0.0,0.6666666666666667,0.3333333333333333,0.0,0.0,0.5833333333333333,0.4166666666666666,0.5,"8a7558242a97fff,8a755824206ffff,8a7558242a87fff,8a7558242aa7fff,8a7558242ab7fff,8a7558242b9ffff,8a7558242147fff,8a7558242167fff,8a7558242177fff,8a75582428dffff,8a755824212ffff,8a7558242127fff,8a755824288ffff",4
0,-42762428#0,-100468681#2,0.9166666666666666,0.9166666666666666,0.875,0.125,0.4583333333333333,1.0,0.5416666666666666,0.5416666666666666,0.9166666666666666,1.0,0.5416666666666666,0.5416666666666666,0.0833333333333333,0.4583333333333333,0.4166666666666666,0.4166666666666666,0.6666666666666667,0.0,0.5833333333333333,0.25,0.9166666666666666,0.8333333333333334,0.0833333333333333,"8a7558242a97fff,8a755824206ffff,8a7558242a87fff,8a7558242aa7fff,8a7558242ab7fff,8a7558242b9ffff,8a7558242147fff,8a7558242167fff,8a7558242177fff,8a75582428dffff,8a75582428d7fff,8a755824288ffff",0
0,-42762428#0,-100468681#2,0.8333333333333334,0.8333333333333334,0.7083333333333334,0.2916666666666666,0.4583333333333333,0.9166666666666666,0.5416666666666666,0.5416666666666666,0.8333333333333334,0.9166666666666666,0.5416666666666666,0.5416666666666666,0.1666666666666666,0.4583333333333333,0.5,0.5,0.6666666666666667,0.0833333333333333,0.6666666666666667,0.3333333333333333,0.8333333333333334,0.9166666666666666,0.0,"8a7558242a97fff,8a755824206ffff,8a7558242a87fff,8a7558242aa7fff,8a7558242ab7fff,8a7558242b9ffff,8a7558242147fff,8a7558242167fff,8a7558242177fff,8a75582428dffff,8a75582428d7fff,8a755824288ffff",0
0,-42762428#0,-100468681#2,0.4166666666666666,0.5,0.2083333333333333,0.7916666666666666,0.4583333333333333,0.4166666666666667,0.5416666666666666,0.5416666666666666,0.5,0.5,0.5416666666666666,0.5416666666666666,0.6666666666666666,0.4583333333333333,0.0833333333333333,0.0833333333333333,0.6666666666666667,0.4166666666666666,0.0833333333333333,0.0833333333333333,0.5,0.5,0.3333333333333333,"8a7558242a97fff,8a755824206ffff,8a7558242a87fff,8a7558242aa7fff,8a7558242ab7fff,8a7558242b9ffff,8a7558242147fff,8a7558242167fff,8a7558242177fff,8a75582428dffff,8a755824212ffff,8a7558242127fff,8a755824288ffff",4
0,-42762428#0,-100468681#2,0.1666666666666666,0.1666666666666666,0.375,0.625,0.4583333333333333,0.25,0.5416666666666666,0.5416666666666666,0.0833333333333333,0.3333333333333333,0.5416666666666666,0.5416666666666666,0.9166666666666666,0.4583333333333333,0.25,0.25,0.3333333333333333,0.6666666666666667,0.25,0.5833333333333333,0.1666666666666666,0.25,0.6666666666666667,"8a7558242a97fff,8a755824206ffff,8a7558242067fff,8a7558242ab7fff,8a7558242b9ffff,8a7558242147fff,8a7558242167fff,8a7558242177fff,8a75582428dffff,8a755824212ffff,8a7558242127fff,8a755824288ffff",1
0,-42762428#0,-100468681#2,0.25,0.25,0.5,0.5,0.4583333333333333,0.3333333333333333,0.5416666666666666,0.5416666666666666,0.1666666666666666,0.4166666666666667,0.5416666666666666,0.5416666666666666,0.8333333333333334,0.4583333333333333,0.1666666666666666,0.1666666666666666,0.25,0.5833333333333333,0.1666666666666666,0.5,0.25,0.1666666666666666,0.8333333333333334,"8a7558242a97fff,8a755824206ffff,8a7558242067fff,8a7558242ab7fff,8a7558242b9ffff,8a7558242147fff,8a7558242167fff,8a7558242177fff,8a75582428dffff,8a755824212ffff,8a7558242127fff,8a755824288ffff",1
0,-42762428#0,-100468681#2,0.0,0.0833333333333333,0.2083333333333333,0.7916666666666666,0.4583333333333333,0.1666666666666666,0.5416666666666666,0.5416666666666666,0.75,0.25,0.5416666666666666,0.5416666666666666,0.5833333333333334,0.4583333333333333,0.3333333333333333,0.3333333333333333,0.6666666666666667,0.75,0.3333333333333333,0.1666666666666666,0.0833333333333333,0.0833333333333333,0.9166666666666666,"8a7558242a97fff,8a755824206ffff,8a7558242a87fff,8a7558242aa7fff,8a7558242b9ffff,8a7558242147fff,8a7558242167fff,8a7558242177fff,8a75582428dffff,8a755824212ffff,8a7558242127fff,8a755824288ffff",1
0,-42762428#0,-100468681#2,0.5833333333333333,0.4166666666666666,0.7083333333333334,0.2916666666666666,0.4583333333333333,0.6666666666666666,0.5416666666666666,0.5416666666666666,1.0,0.6666666666666666,0.5416666666666666,0.5416666666666666,0.25,0.4583333333333333,0.75,0.75,0.6666666666666667,0.5,0.9166666666666666,0.4166666666666666,0.4166666666666666,0.5833333333333333,0.4166666666666666,"8a7558242a97fff,8a755824206ffff,8a7558242a87fff,8a7558242aa7fff,8a7558242b9ffff,8a7558242147fff,8a7558242167fff,8a7558242177fff,8a75582428dffff,8a75582428d7fff,8a755824288ffff",2
0,-42762428#0,-100468681#2,0.75,0.75,1.0,0.0,0.4583333333333333,0.8333333333333334,0.5416666666666666,0.5416666666666666,0.4166666666666667,0.8333333333333334,0.5416666666666666,0.5416666666666666,0.3333333333333333,0.4583333333333333,0.5833333333333333,0.5833333333333333,0.0,0.1666666666666666,0.75,0.8333333333333334,0.75,0.6666666666666667,0.25,"8a7558242a97fff,8a755824206ffff,8a7558242067fff,8a7558242ab7fff,8a7558242b9ffff,8a7558242147fff,8a7558242167fff,8a7558242177fff,8a75582428dffff,8a75582428d7fff,8a755824288ffff",0
1,-1323419247,464265154,0.0,0.0,1.0,0.0,0.0,1.0,1.0,1.0,1.0,1.0,1.0,1.0,1.0,0.0,0.0,0.0,0.0,0.0,0.0,0.0,0.0,0.0,0.0,"8a755824204ffff,8a7558242047fff,8a75582423b7fff,8a75582420effff",3
2,71324347#2,416373452,0.0,0.0,1.0,0.0,0.0,1.0,1.0,1.0,1.0,1.0,1.0,1.0,1.0,0.0,0.0,0.0,0.0,0.0,0.0,0.0,0.0,0.0,0.0,"8a7558242317fff,8a75582423affff,8a7558242387fff,8a7558242397fff,8a75582423a7fff,8a75582423b7fff,8a75582420effff",3
3,-100525445,101606547#1,0.5,0.5,1.0,0.0,0.25,1.0,0.75,0.75,0.5,0.5,0.75,0.75,1.0,0.5,0.5,0.5,0.25,0.5,0.5,0.25,0.5,0.5,0.0,"8a75582423b7fff,8a75582423a7fff,8a75582420effff,8a75582420cffff,8a75582420dffff,8a755824270ffff,8a7558242707fff,8a755824271ffff",2
3,-100525445,101606547#1,0.0,0.0,0.5,0.5,0.25,0.5,0.75,0.75,1.0,1.0,0.75,0.75,0.5,0.0,0.0,0.0,0.25,0.0,0.0,0.25,0.0,0.0,0.5,"8a75582423b7fff,8a75582423a7fff,8a7558242397fff,8a755824274ffff,8a755824260ffff,8a755824262ffff,8a755824270ffff,8a7558242707fff,8a755824271ffff",3
4,-282689981#0,-352797377,0.0,0.0,1.0,0.0,0.0,1.0,1.0,1.0,1.0,1.0,1.0,1.0,1.0,0.0,0.0,0.0,0.0,0.0,0.0,0.0,0.0,0.0,0.0,"8a7558242ac7fff,8a7558242af7fff,8a7558242acffff,8a7558240697fff",3
5,-101607967#0,-100468681#0,0.5,0.0,1.0,0.5,0.25,1.0,0.75,0.75,0.75,0.5,0.75,0.75,1.0,0.25,0.5,0.25,0.25,0.5,0.5,0.25,0.0,0.0,0.5,"8a755824280ffff,8a755824281ffff,8a75582428f7fff,8a75582428d7fff,8a755824288ffff,8a7558242c0ffff,8a7558242c1ffff",3
5,-101607967#0,-100468681#0,0.0,0.5,0.5,0.0,0.25,0.5,0.75,0.75,0.75,1.0,0.75,0.75,0.5,0.25,0.0,0.25,0.25,0.0,0.0,0.25,0.5,0.5,0.0,"8a755824280ffff,8a75582428e7fff,8a75582428f7fff,8a75582428d7fff,8a755824288ffff,8a7558242c0ffff,8a7558242c1ffff",2
6,-101594809#0,-101787493,0.6666666666666667,0.7916666666666666,0.0416666666666666,0.9583333333333334,0.4791666666666666,0.0833333333333333,0.5208333333333334,0.5208333333333334,0.375,0.75,0.5208333333333334,0.5208333333333334,0.6666666666666666,0.5833333333333333,0.75,0.75,0.1666666666666666,0.9166666666666666,0.5,0.1666666666666666,0.7916666666666666,0.8333333333333334,0.2916666666666666,"8a7558242b07fff,8a755824284ffff,8a755824285ffff,8a7558242bb7fff,8a7558242b87fff,8a7558242b9ffff,8a7558242147fff,8a755824214ffff,8a7558242a97fff,8a755824206ffff,8a7558242047fff,8a75582423b7fff,8a7558242397fff,8a755824239ffff,8a755824274ffff,8a7558242297fff,8a755824266ffff,8a755825c937fff,8a755825c9affff,8a755825c837fff,8a755825c807fff,8a755825c817fff",0
6,-101594809#0,-101787493,0.3333333333333333,0.375,0.2291666666666666,0.7708333333333334,0.4791666666666666,0.2083333333333333,0.5208333333333334,0.5208333333333334,0.0833333333333333,0.9583333333333334,0.5208333333333334,0.5208333333333334,0.7916666666666666,0.25,0.4583333333333333,0.4583333333333333,0.5833333333333333,0.7916666666666666,0.375,0.5833333333333333,0.375,0.2916666666666666,0.6666666666666667,"8a7558242b07fff,8a755824284ffff,8a755824285ffff,8a7558242bb7fff,8a7558242b87fff,8a7558242b9ffff,8a7558242147fff,8a755824214ffff,8a7558242a97fff,8a755824206ffff,8a7558242047fff,8a75582423b7fff,8a7558242397fff,8a755824274ffff,8a7558242297fff,8a755824266ffff,8a755825c937fff,8a755825c90ffff,8a755825c977fff,8a755825c957fff,8a755825c82ffff,8a755825c807fff,8a755825c817fff",1
6,-101594809#0,-101787493,0.5416666666666667,0.75,0.0833333333333333,0.9166666666666666,0.4791666666666666,0.0416666666666666,0.5208333333333334,0.5208333333333334,0.1666666666666666,0.7083333333333334,0.5208333333333334,0.5208333333333334,0.9583333333333334,0.0833333333333333,0.25,0.25,0.2083333333333333,0.9583333333333334,0.5416666666666667,0.2083333333333333,0.75,0.4583333333333333,0.5833333333333333,"8a7558242b07fff,8a755824284ffff,8a755824285ffff,8a7558242bb7fff,8a7558242b87fff,8a7558242b9ffff,8a7558242147fff,8a755824214ffff,8a7558242a97fff,8a755824206ffff,8a7558242047fff,8a75582423b7fff,8a7558242397fff,8a755824274ffff,8a7558242297fff,8a755824266ffff,8a755825c937fff,8a755825c9affff,8a755825c837fff,8a755825c807fff,8a755825c817fff",0
6,-101594809#0,-101787493,0.125,0.125,0.2916666666666667,0.7083333333333333,0.4791666666666666,0.8333333333333334,0.5208333333333334,0.5208333333333334,0.2083333333333333,0.9166666666666666,0.5208333333333334,0.5208333333333334,0.5416666666666666,0.9166666666666666,0.9583333333333334,0.9583333333333334,0.8333333333333334,0.1666666666666666,0.4166666666666666,0.8333333333333334,0.125,0.1666666666666666,0.8333333333333334,"8a7558242b07fff,8a755824284ffff,8a755824285ffff,8a7558242bb7fff,8a7558242b87fff,8a7558242b9ffff,8a7558242147fff,8a755824214ffff,8a7558242a97fff,8a755824206ffff,8a7558242047fff,8a75582423b7fff,8a7558242397fff,8a755824239ffff,8a755824274ffff,8a7558242297fff,8a755824266ffff,8a755825c937fff,8a755825c90ffff,8a755825c977fff,8a755825c957fff,8a755825c877fff,8a755825c807fff,8a755825c817fff",1
6,-101594809#0,-101787493,0.5,0.6666666666666667,0.2291666666666666,0.7708333333333334,0.4791666666666666,0.125,0.5208333333333334,0.5208333333333334,0.125,0.5416666666666666,0.5208333333333334,0.5208333333333334,1.0,0.125,0.2916666666666666,0.2916666666666666,0.2916666666666666,0.7083333333333333,0.625,0.2916666666666666,0.6666666666666667,0.5,0.375,"8a7558242b07fff,8a755824284ffff,8a755824285ffff,8a7558242bb7fff,8a7558242b87fff,8a7558242b9ffff,8a7558242147fff,8a755824214ffff,8a7558242a97fff,8a755824206ffff,8a7558242047fff,8a75582423b7fff,8a7558242397fff,8a755824274ffff,8a7558242297fff,8a755824266ffff,8a755825c937fff,8a755825c9affff,8a755825c837fff,8a755825c807fff,8a755825c817fff",0
6,-101594809#0,-101787493,0.375,0.4166666666666666,0.6041666666666666,0.3958333333333333,0.4791666666666666,0.5,0.5208333333333334,0.5208333333333334,0.75,0.25,0.5208333333333334,0.5208333333333334,0.4166666666666667,0.7916666666666666,0.4166666666666666,0.4166666666666666,0.5416666666666667,0.25,0.25,0.5416666666666667,0.4166666666666666,0.9166666666666666,0.2083333333333333,"8a7558242b07fff,8a755824284ffff,8a7558242b17fff,8a7558242b0ffff,8a7558242b1ffff,8a7558242a37fff,8a7558242b8ffff,8a7558242aa7fff,8a7558242ab7fff,8a7558242a97fff,8a755824206ffff,8a7558242047fff,8a75582423b7fff,8a7558242397fff,8a755824239ffff,8a755824274ffff,8a7558242297fff,8a755824266ffff,8a755825c937fff,8a755825c9affff,8a755825c837fff,8a755825c807fff,8a755825c817fff",4
6,-101594809#0,-101787493,0.2916666666666666,0.5,0.4791666666666667,0.5208333333333333,0.4791666666666666,0.2916666666666667,0.5208333333333334,0.5208333333333334,0.5,0.2916666666666667,0.5208333333333334,0.5208333333333334,0.8333333333333334,0.2083333333333333,0.0,0.0,0.4583333333333333,0.4583333333333333,0.2083333333333333,0.4583333333333333,0.5,0.5833333333333333,0.625,"8a7558242b07fff,8a755824284ffff,8a7558242b17fff,8a7558242b0ffff,8a7558242b1ffff,8a7558242a37fff,8a7558242b8ffff,8a7558242aa7fff,8a7558242ab7fff,8a7558242a97fff,8a755824206ffff,8a7558242047fff,8a75582423b7fff,8a7558242397fff,8a755824274ffff,8a7558242297fff,8a755824266ffff,8a755825c937fff,8a755825c9affff,8a755825c837fff,8a755825c807fff,8a755825c817fff",4
6,-101594809#0,-101787493,0.4583333333333333,0.4583333333333333,0.1458333333333333,0.875,0.4791666666666666,0.25,0.5208333333333334,0.5208333333333334,0.25,1.0,0.5208333333333334,0.5208333333333334,0.2916666666666667,0.75,0.875,0.875,0.5,0.75,0.3333333333333333,0.5,0.4583333333333333,0.6666666666666667,0.4583333333333333,"8a7558242b07fff,8a755824284ffff,8a755824285ffff,8a7558242bb7fff,8a7558242b87fff,8a7558242b9ffff,8a7558242147fff,8a755824214ffff,8a7558242a97fff,8a755824206ffff,8a7558242047fff,8a75582423b7fff,8a7558242397fff,8a755824239ffff,8a755824274ffff,8a7558242297fff,8a755824266ffff,8a755825c937fff,8a755825c90ffff,8a755825c977fff,8a755825c957fff,8a755825c82ffff,8a755825c807fff,8a755825c817fff",1
6,-101594809#0,-101787493,0.875,0.9166666666666666,0.4791666666666667,0.5208333333333333,0.4791666666666666,0.375,0.5208333333333334,0.5208333333333334,0.7916666666666666,0.125,0.5208333333333334,0.5208333333333334,0.5833333333333334,0.0,0.1666666666666666,0.1666666666666666,0.0416666666666666,0.875,0.875,0.0416666666666666,0.9166666666666666,0.375,0.25,"8a7558242b07fff,8a755824284ffff,8a7558242b17fff,8a7558242b0ffff,8a7558242b1ffff,8a7558242a37fff,8a7558242b8ffff,8a7558242aa7fff,8a7558242a87fff,8a7558242a97fff,8a755824206ffff,8a7558242047fff,8a75582423b7fff,8a7558242397fff,8a755824274ffff,8a7558242297fff,8a755824266ffff,8a755825c937fff,8a755825c9affff,8a755825c837fff,8a755825c807fff,8a755825c817fff",0
6,-101594809#0,-101787493,0.0833333333333333,0.0833333333333333,0.3333333333333333,0.6666666666666667,0.4791666666666666,0.7916666666666666,0.5208333333333334,0.5208333333333334,0.0416666666666666,0.875,0.5208333333333334,0.5208333333333334,0.9166666666666666,0.4166666666666666,0.5833333333333333,0.5833333333333333,0.875,0.2083333333333333,0.4583333333333333,0.875,0.0833333333333333,0.0416666666666666,0.9166666666666666,"8a7558242b07fff,8a755824284ffff,8a755824285ffff,8a7558242bb7fff,8a7558242b87fff,8a7558242b9ffff,8a7558242147fff,8a755824214ffff,8a7558242a97fff,8a755824206ffff,8a7558242047fff,8a75582423b7fff,8a7558242397fff,8a755824274ffff,8a7558242297fff,8a755824266ffff,8a755825c937fff,8a755825c90ffff,8a755825c977fff,8a755825c957fff,8a755825c877fff,8a755825c807fff,8a755825c817fff",1
6,-101594809#0,-101787493,0.75,0.5833333333333333,0.7708333333333334,0.2291666666666666,0.4791666666666666,0.7083333333333334,0.5208333333333334,0.5208333333333334,0.625,0.4583333333333333,0.5208333333333334,0.5208333333333334,0.25,0.1666666666666666,0.3333333333333333,0.3333333333333333,0.375,0.6666666666666667,0.7083333333333333,0.375,0.5833333333333333,0.25,0.3333333333333333,"8a7558242b07fff,8a755824284ffff,8a7558242b17fff,8a7558242b0ffff,8a7558242b1ffff,8a7558242a37fff,8a7558242b8ffff,8a7558242aa7fff,8a7558242a87fff,8a7558242a97fff,8a755824206ffff,8a7558242047fff,8a75582423b7fff,8a7558242397fff,8a755824274ffff,8a7558242297fff,8a755824266ffff,8a755825c937fff,8a755825c90ffff,8a755825c977fff,8a755825c957fff,8a755825c82ffff,8a755825c807fff,8a755825c817fff",2
6,-101594809#0,-101787493,0.9583333333333334,0.9583333333333334,0.3958333333333333,0.6041666666666667,0.4791666666666666,0.4166666666666667,0.5208333333333334,0.5208333333333334,1.0,0.1666666666666666,0.5208333333333334,0.5208333333333334,0.1666666666666666,0.5,0.6666666666666667,0.6666666666666667,0.0,0.8333333333333334,0.8333333333333334,0.0,0.9583333333333334,0.75,0.0416666666666666,"8a7558242b07fff,8a755824284ffff,8a7558242b17fff,8a7558242b0ffff,8a7558242b1ffff,8a7558242a37fff,8a7558242b8ffff,8a7558242aa7fff,8a7558242a87fff,8a7558242a97fff,8a755824206ffff,8a7558242047fff,8a75582423b7fff,8a7558242397fff,8a755824239ffff,8a755824274ffff,8a7558242297fff,8a755824266ffff,8a755825c937fff,8a755825c9affff,8a755825c837fff,8a755825c807fff,8a755825c817fff",0
6,-101594809#0,-101787493,0.9166666666666666,0.875,0.6041666666666666,0.3958333333333333,0.4791666666666666,0.5833333333333334,0.5208333333333334,0.5208333333333334,0.9583333333333334,0.0833333333333333,0.5208333333333334,0.5208333333333334,0.2083333333333333,0.5416666666666667,0.7083333333333333,0.7083333333333333,0.0833333333333333,0.5416666666666667,0.9166666666666666,0.0833333333333333,0.875,0.7916666666666666,0.0,"8a7558242b07fff,8a755824284ffff,8a7558242b17fff,8a7558242b0ffff,8a7558242b1ffff,8a7558242a37fff,8a7558242b8ffff,8a7558242aa7fff,8a7558242a87fff,8a7558242a97fff,8a755824206ffff,8a7558242047fff,8a75582423b7fff,8a7558242397fff,8a755824239ffff,8a755824274ffff,8a7558242297fff,8a755824266ffff,8a755825c937fff,8a755825c9affff,8a755825c837fff,8a755825c807fff,8a755825c817fff",0
6,-101594809#0,-101787493,0.5833333333333333,0.1666666666666666,0.9791666666666666,0.0208333333333333,0.4791666666666666,0.9583333333333334,0.5208333333333334,0.5208333333333334,0.5416666666666666,0.375,0.5208333333333334,0.5208333333333334,0.4583333333333333,0.375,0.5416666666666667,0.5416666666666667,0.7916666666666666,0.0833333333333333,0.7916666666666666,0.7916666666666666,0.1666666666666666,0.0,0.7916666666666666,"8a7558242b07fff,8a755824284ffff,8a7558242b17fff,8a7558242b0ffff,8a7558242b1ffff,8a7558242a37fff,8a7558242b8ffff,8a7558242aa7fff,8a7558242a87fff,8a7558242a97fff,8a755824206ffff,8a7558242047fff,8a75582423b7fff,8a7558242397fff,8a755824274ffff,8a7558242297fff,8a755824266ffff,8a755825c937fff,8a755825c90ffff,8a755825c977fff,8a755825c957fff,8a755825c877fff,8a755825c807fff,8a755825c817fff",1
6,-101594809#0,-101787493,0.2083333333333333,0.2916666666666666,0.6041666666666666,0.3958333333333333,0.4791666666666666,0.6666666666666666,0.5208333333333334,0.5208333333333334,0.6666666666666666,0.8333333333333334,0.5208333333333334,0.5208333333333334,0.125,0.8333333333333334,0.5,0.5,0.6666666666666667,0.3333333333333333,0.0,0.6666666666666667,0.2916666666666666,0.7083333333333333,0.5416666666666667,"8a7558242b07fff,8a755824284ffff,8a7558242b17fff,8a7558242b0ffff,8a7558242b1ffff,8a7558242a37fff,8a7558242b8ffff,8a7558242aa7fff,8a7558242ab7fff,8a7558242a97fff,8a755824206ffff,8a7558242047fff,8a75582423b7fff,8a7558242397fff,8a755824239ffff,8a755824274ffff,8a7558242297fff,8a755824266ffff,8a755825c937fff,8a755825c90ffff,8a755825c977fff,8a755825c957fff,8a755825c82ffff,8a755825c807fff,8a755825c817fff",1
6,-101594809#0,-101787493,0.1666666666666666,0.25,0.7708333333333334,0.2291666666666666,0.4791666666666666,0.625,0.5208333333333334,0.5208333333333334,0.4166666666666667,0.7916666666666666,0.5208333333333334,0.5208333333333334,0.5,0.3333333333333333,0.0833333333333333,0.0833333333333333,0.7083333333333333,0.375,0.0416666666666666,0.7083333333333333,0.25,0.3333333333333333,0.75,"8a7558242b07fff,8a755824284ffff,8a7558242b17fff,8a7558242b0ffff,8a7558242b1ffff,8a7558242a37fff,8a7558242b8ffff,8a7558242aa7fff,8a7558242ab7fff,8a7558242a97fff,8a755824206ffff,8a7558242047fff,8a75582423b7fff,8a7558242397fff,8a755824274ffff,8a7558242297fff,8a755824266ffff,8a755825c937fff,8a755825c90ffff,8a755825c977fff,8a755825c957fff,8a755825c82ffff,8a755825c807fff,8a755825c817fff",1
6,-101594809#0,-101787493,0.7916666666666666,0.625,0.6041666666666666,0.3958333333333333,0.4791666666666666,0.75,0.5208333333333334,0.5208333333333334,0.9166666666666666,0.5,0.5208333333333334,0.5208333333333334,0.0416666666666666,0.6666666666666667,0.8333333333333334,0.8333333333333334,0.3333333333333333,0.5,0.6666666666666667,0.3333333333333333,0.625,0.5416666666666667,0.125,"8a7558242b07fff,8a755824284ffff,8a7558242b17fff,8a7558242b0ffff,8a7558242b1ffff,8a7558242a37fff,8a7558242b8ffff,8a7558242aa7fff,8a7558242a87fff,8a7558242a97fff,8a755824206ffff,8a7558242047fff,8a75582423b7fff,8a7558242397fff,8a755824239ffff,8a755824274ffff,8a7558242297fff,8a755824266ffff,8a755825c937fff,8a755825c90ffff,8a755825c977fff,8a755825c957fff,8a755825c82ffff,8a755825c807fff,8a755825c817fff",0
6,-101594809#0,-101787493,0.25,0.3333333333333333,0.7708333333333334,0.2291666666666666,0.4791666666666666,0.4583333333333333,0.5208333333333334,0.5208333333333334,0.4583333333333333,0.2083333333333333,0.5208333333333334,0.5208333333333334,0.875,0.2916666666666666,0.0416666666666666,0.0416666666666666,0.625,0.2916666666666666,0.2916666666666666,0.625,0.3333333333333333,0.625,0.5,"8a7558242b07fff,8a755824284ffff,8a7558242b17fff,8a7558242b0ffff,8a7558242b1ffff,8a7558242a37fff,8a7558242b8ffff,8a7558242aa7fff,8a7558242ab7fff,8a7558242a97fff,8a755824206ffff,8a7558242047fff,8a75582423b7fff,8a7558242397fff,8a755824274ffff,8a7558242297fff,8a755824266ffff,8a755825c937fff,8a755825c9affff,8a755825c837fff,8a755825c807fff,8a755825c817fff",2
6,-101594809#0,-101787493,0.625,0.7083333333333333,0.1458333333333333,0.8333333333333334,0.4791666666666666,0.1666666666666666,0.5208333333333334,0.5208333333333334,0.3333333333333333,0.5833333333333334,0.5208333333333334,0.5208333333333334,0.7083333333333334,0.625,0.7916666666666666,0.7916666666666666,0.25,0.5833333333333333,0.5833333333333333,0.25,0.7083333333333333,0.875,0.1666666666666666,"8a7558242b07fff,8a755824284ffff,8a755824285ffff,8a7558242bb7fff,8a7558242b87fff,8a7558242b9ffff,8a7558242147fff,8a755824214ffff,8a7558242a97fff,8a755824206ffff,8a7558242047fff,8a75582423b7fff,8a7558242397fff,8a755824239ffff,8a755824274ffff,8a7558242297fff,8a755824266ffff,8a755825c937fff,8a755825c9affff,8a755825c837fff,8a755825c807fff,8a755825c817fff",0
6,-101594809#0,-101787493,0.0416666666666666,0.0416666666666666,0.8958333333333334,0.1041666666666666,0.4791666666666666,0.9166666666666666,0.5208333333333334,0.5208333333333334,0.5833333333333334,0.6666666666666666,0.5208333333333334,0.5208333333333334,0.3333333333333333,0.9583333333333334,0.625,0.625,0.9166666666666666,0.0416666666666666,0.0833333333333333,0.9166666666666666,0.0416666666666666,0.2083333333333333,0.875,"8a7558242b07fff,8a755824284ffff,8a7558242b17fff,8a7558242b0ffff,8a7558242b1ffff,8a7558242a37fff,8a7558242b8ffff,8a7558242aa7fff,8a7558242ab7fff,8a7558242a97fff,8a755824206ffff,8a7558242047fff,8a75582423b7fff,8a7558242397fff,8a755824239ffff,8a755824274ffff,8a7558242297fff,8a755824266ffff,8a755825c937fff,8a755825c90ffff,8a755825c977fff,8a755825c957fff,8a755825c877fff,8a755825c807fff,8a755825c817fff",1
6,-101594809#0,-101787493,0.0,0.0,0.9791666666666666,0.0208333333333333,0.4791666666666666,0.875,0.5208333333333334,0.5208333333333334,0.2916666666666667,0.625,0.5208333333333334,0.5208333333333334,0.75,0.4583333333333333,0.125,0.125,0.9583333333333334,0.0,0.125,0.9583333333333334,0.0,0.0833333333333333,0.9583333333333334,"8a7558242b07fff,8a755824284ffff,8a7558242b17fff,8a7558242b0ffff,8a7558242b1ffff,8a7558242a37fff,8a7558242b8ffff,8a7558242aa7fff,8a7558242ab7fff,8a7558242a97fff,8a755824206ffff,8a7558242047fff,8a75582423b7fff,8a7558242397fff,8a755824274ffff,8a7558242297fff,8a755824266ffff,8a755825c937fff,8a755825c90ffff,8a755825c977fff,8a755825c957fff,8a755825c877fff,8a755825c807fff,8a755825c817fff",1
6,-101594809#0,-101787493,0.4166666666666666,0.5416666666666667,0.3958333333333333,0.6041666666666667,0.4791666666666666,0.3333333333333333,0.5208333333333334,0.5208333333333334,0.8333333333333334,0.3333333333333333,0.5208333333333334,0.5208333333333334,0.375,0.7083333333333333,0.375,0.375,0.4166666666666666,0.4166666666666666,0.1666666666666666,0.4166666666666666,0.5416666666666667,0.9583333333333334,0.4166666666666666,"8a7558242b07fff,8a755824284ffff,8a7558242b17fff,8a7558242b0ffff,8a7558242b1ffff,8a7558242a37fff,8a7558242b8ffff,8a7558242aa7fff,8a7558242ab7fff,8a7558242a97fff,8a755824206ffff,8a7558242047fff,8a75582423b7fff,8a7558242397fff,8a755824239ffff,8a755824274ffff,8a7558242297fff,8a755824266ffff,8a755825c937fff,8a755825c9affff,8a755825c837fff,8a755825c807fff,8a755825c817fff",4
6,-101594809#0,-101787493,0.7083333333333333,0.2083333333333333,0.8958333333333334,0.1041666666666666,0.4791666666666666,1.0,0.5208333333333334,0.5208333333333334,0.875,0.4166666666666667,0.5208333333333334,0.5208333333333334,0.0833333333333333,0.875,0.9166666666666666,0.9166666666666666,0.75,0.125,0.75,0.75,0.2083333333333333,0.125,0.7083333333333333,"8a7558242b07fff,8a755824284ffff,8a7558242b17fff,8a7558242b0ffff,8a7558242b1ffff,8a7558242a37fff,8a7558242b8ffff,8a7558242aa7fff,8a7558242a87fff,8a7558242a97fff,8a755824206ffff,8a7558242047fff,8a75582423b7fff,8a7558242397fff,8a755824239ffff,8a755824274ffff,8a7558242297fff,8a755824266ffff,8a755825c937fff,8a755825c90ffff,8a755825c977fff,8a755825c957fff,8a755825c877fff,8a755825c807fff,8a755825c817fff",1
6,-101594809#0,-101787493,0.8333333333333334,0.8333333333333334,0.7708333333333334,0.2291666666666666,0.4791666666666666,0.5416666666666666,0.5208333333333334,0.5208333333333334,0.7083333333333334,0.0416666666666666,0.5208333333333334,0.5208333333333334,0.625,0.0416666666666666,0.2083333333333333,0.2083333333333333,0.125,0.625,0.9583333333333334,0.125,0.8333333333333334,0.4166666666666666,0.0833333333333333,"8a7558242b07fff,8a755824284ffff,8a7558242b17fff,8a7558242b0ffff,8a7558242b1ffff,8a7558242a37fff,8a7558242b8ffff,8a7558242aa7fff,8a7558242a87fff,8a7558242a97fff,8a755824206ffff,8a7558242047fff,8a75582423b7fff,8a7558242397fff,8a755824274ffff,8a7558242297fff,8a755824266ffff,8a755825c937fff,8a755825c9affff,8a755825c837fff,8a755825c807fff,8a755825c817fff",0
7,-659278038#3,-101752975#1,0.6666666666666667,0.6666666666666667,0.5833333333333334,0.4166666666666666,0.4166666666666666,0.3333333333333333,0.5833333333333334,0.5833333333333334,0.8333333333333334,1.0,0.5833333333333334,0.5,0.1666666666666666,0.4166666666666666,0.1666666666666666,0.1666666666666666,0.4166666666666666,0.4166666666666666,0.3333333333333333,0.1666666666666666,0.6666666666666667,0.8333333333333334,0.0,"8a755824200ffff,8a7558242007fff,8a75582420e7fff,8a75582420c7fff,8a75582420dffff,8a755824270ffff,8a755824262ffff,8a755824260ffff,8a755824274ffff,8a7558242297fff,8a755824266ffff,8a755825c937fff,8a755825c90ffff,8a755825c977fff,8a755825c947fff,8a755825c96ffff,8a755825c95ffff,8a755825c877fff",4
7,-659278038#3,-101752975#1,0.5,0.5,0.8333333333333334,0.6666666666666667,0.4166666666666666,0.6666666666666666,0.5833333333333334,0.5833333333333334,0.6666666666666666,0.5,0.5833333333333334,0.3333333333333333,0.6666666666666666,0.4166666666666666,0.5,0.3333333333333333,0.4166666666666666,0.75,0.8333333333333334,0.3333333333333333,0.5,0.1666666666666666,0.5,"8a755824200ffff,8a7558242007fff,8a75582420e7fff,8a75582420c7fff,8a75582420dffff,8a755824270ffff,8a755824262ffff,8a755824260ffff,8a755824274ffff,8a7558242297fff,8a755824266ffff,8a755825c937fff,8a755825c90ffff,8a755825c977fff,8a755825c947fff,8a755825c96ffff,8a755825c95ffff,8a755825c877fff",2
7,-659278038#3,-101752975#1,0.1666666666666666,0.1666666666666666,0.1666666666666666,0.0,0.4166666666666666,0.5,0.5833333333333334,0.5833333333333334,0.3333333333333333,0.3333333333333333,0.5833333333333334,1.0,0.8333333333333334,0.4166666666666666,0.3333333333333333,0.6666666666666667,0.4166666666666666,0.0833333333333333,0.0,0.6666666666666667,0.1666666666666666,0.5,0.6666666666666667,"8a755824200ffff,8a7558242007fff,8a75582420e7fff,8a75582420c7fff,8a75582420dffff,8a755824270ffff,8a755824262ffff,8a755824260ffff,8a755824274ffff,8a7558242297fff,8a755824266ffff,8a755825c937fff,8a755825c90ffff,8a755825c977fff,8a755825c957fff,8a755825c877fff,8a755825c95ffff,8a755825c96ffff",1
7,-659278038#3,-101752975#1,0.3333333333333333,0.3333333333333333,1.0,0.8333333333333334,0.4166666666666666,0.8333333333333334,0.5833333333333334,0.5833333333333334,0.5,0.6666666666666666,0.5833333333333334,0.1666666666666666,0.5,0.4166666666666666,0.6666666666666667,0.5,0.4166666666666666,0.4166666666666666,0.5,0.5,0.3333333333333333,0.3333333333333333,0.3333333333333333,"8a755824200ffff,8a7558242007fff,8a75582420e7fff,8a75582420c7fff,8a75582420dffff,8a755824270ffff,8a755824262ffff,8a755824260ffff,8a755824274ffff,8a7558242297fff,8a755824266ffff,8a755825c937fff,8a755825c90ffff,8a755825c977fff,8a755825c947fff,8a755825c96ffff,8a755825c95ffff,8a755825c877fff",1
7,-659278038#3,-101752975#1,0.0,0.0,0.5833333333333334,0.4166666666666666,0.4166666666666666,1.0,0.5833333333333334,0.5833333333333334,0.1666666666666666,0.1666666666666666,0.5833333333333334,0.8333333333333334,1.0,0.4166666666666666,0.8333333333333334,0.8333333333333334,0.4166666666666666,0.0833333333333333,0.1666666666666666,0.8333333333333334,0.0,0.0,0.8333333333333334,"8a755824200ffff,8a7558242007fff,8a75582420e7fff,8a75582420c7fff,8a75582420dffff,8a755824270ffff,8a755824262ffff,8a755824260ffff,8a755824274ffff,8a7558242297fff,8a755824266ffff,8a755825c937fff,8a755825c90ffff,8a755825c977fff,8a755825c957fff,8a755825c877fff,8a755825c95ffff,8a755825c96ffff",1
7,-659278038#3,-101752975#1,0.8333333333333334,0.8333333333333334,0.3333333333333333,0.1666666666666666,0.4166666666666666,0.1666666666666666,0.5833333333333334,0.5833333333333334,1.0,0.8333333333333334,0.5833333333333334,0.6666666666666666,0.3333333333333333,0.4166666666666666,0.0,0.0,0.4166666666666666,0.75,0.6666666666666667,0.0,0.8333333333333334,0.6666666666666667,0.1666666666666666,"8a755824200ffff,8a7558242007fff,8a75582420e7fff,8a75582420c7fff,8a75582420dffff,8a755824270ffff,8a755824262ffff,8a755824260ffff,8a755824274ffff,8a7558242297fff,8a755824266ffff,8a755825c937fff,8a755825c90ffff,8a755825c977fff,8a755825c947fff,8a755825c96ffff,8a755825c95ffff,8a755825c877fff",4
8,-101609498#5,282689983#1,0.75,0.75,0.6875,0.0,0.46875,0.6875,0.53125,0.53125,0.75,0.9375,0.53125,0.53125,0.0625,0.46875,0.1875,0.1875,0.46875,0.8125,0.0625,0.59375,0.75,0.625,0.125,"8a755824295ffff,8a755824282ffff,8a755824280ffff,8a755824281ffff,8a75582428f7fff,8a75582428d7fff,8a75582428dffff,8a7558242177fff,8a7558242167fff,8a7558242147fff,8a755824214ffff,8a7558242a97fff,8a7558242a87fff,8a7558242aa7fff,8a7558242aaffff,8a7558242af7fff,8a7558242ac7fff,8a7558242acffff,8a755824230ffff,8a7558242307fff,8a7558242337fff,8a7558242327fff",4
8,-101609498#5,282689983#1,0.9375,0.9375,0.3125,0.5,0.46875,0.5,0.53125,0.53125,0.9375,0.15625,0.53125,0.53125,0.625,0.46875,0.0,0.0,0.46875,0.9375,0.75,0.0,0.9375,0.8125,0.0625,"8a755824295ffff,8a755824282ffff,8a7558242847fff,8a755824285ffff,8a755824284ffff,8a7558242b17fff,8a7558242b07fff,8a7558242b0ffff,8a7558242b1ffff,8a7558242a37fff,8a7558242b8ffff,8a7558242aa7fff,8a7558242aaffff,8a7558242af7fff,8a7558242ac7fff,8a7558242acffff,8a755824230ffff,8a7558242307fff,8a7558242337fff,8a7558242327fff",0
8,-101609498#5,282689983#1,0.3125,0.3125,1.0,0.6875,0.46875,1.0,0.53125,0.53125,0.1875,0.75,0.53125,0.53125,0.375,0.46875,0.625,0.625,0.46875,0.5625,0.375,0.59375,0.3125,0.1875,0.9375,"8a755824295ffff,8a755824282ffff,8a755824280ffff,8a755824281ffff,8a75582428f7fff,8a75582428d7fff,8a75582428dffff,8a7558242177fff,8a7558242167fff,8a7558242147fff,8a755824214ffff,8a7558242a97fff,8a7558242a87fff,8a7558242aa7fff,8a7558242aaffff,8a7558242327fff,8a7558242af7fff,8a7558242ac7fff,8a7558242acffff,8a755824230ffff,8a7558242307fff,8a7558242337fff",1
8,-101609498#5,282689983#1,0.1875,0.1875,0.25,0.75,0.46875,0.25,0.53125,0.53125,0.125,0.375,0.53125,0.53125,1.0,0.46875,0.75,0.75,0.46875,0.1875,0.5,0.59375,0.1875,0.4375,0.875,"8a755824295ffff,8a755824282ffff,8a7558242847fff,8a755824285ffff,8a7558242bb7fff,8a7558242b87fff,8a7558242b9ffff,8a7558242147fff,8a755824214ffff,8a7558242a97fff,8a7558242a87fff,8a7558242aa7fff,8a7558242aaffff,8a7558242327fff,8a7558242af7fff,8a7558242ac7fff,8a7558242acffff,8a755824230ffff,8a7558242307fff,8a7558242337fff",1
8,-101609498#5,282689983#1,0.25,0.25,0.78125,0.28125,0.46875,0.9375,0.53125,0.53125,0.5625,0.6875,0.53125,0.53125,0.3125,0.46875,0.6875,0.6875,0.46875,0.625,0.4375,0.59375,0.25,0.0625,0.75,"8a755824295ffff,8a755824282ffff,8a755824280ffff,8a755824281ffff,8a75582428f7fff,8a75582428d7fff,8a75582428dffff,8a7558242177fff,8a7558242167fff,8a7558242147fff,8a755824214ffff,8a7558242a97fff,8a7558242a87fff,8a7558242aa7fff,8a7558242aaffff,8a7558242327fff,8a7558242af7fff,8a7558242ac7fff,8a7558242acffff,8a755824230ffff,8a7558242307fff,8a7558242337fff",1
8,-101609498#5,282689983#1,0.8125,0.8125,0.9375,0.625,0.46875,0.75,0.53125,0.53125,0.4375,1.0,0.53125,0.53125,0.125,0.46875,0.125,0.125,0.46875,0.875,0.0,0.59375,0.8125,0.6875,0.375,"8a755824295ffff,8a755824282ffff,8a755824280ffff,8a755824281ffff,8a75582428f7fff,8a75582428d7fff,8a75582428dffff,8a7558242177fff,8a7558242167fff,8a7558242147fff,8a755824214ffff,8a7558242a97fff,8a7558242a87fff,8a7558242aa7fff,8a7558242aaffff,8a7558242af7fff,8a7558242ac7fff,8a7558242acffff,8a755824230ffff,8a7558242307fff,8a7558242337fff,8a7558242327fff",4
8,-101609498#5,282689983#1,0.0625,0.0625,0.875,0.5625,0.46875,0.5625,0.53125,0.53125,0.0625,0.625,0.53125,0.53125,0.5,0.46875,0.875,0.875,0.46875,0.0,0.625,0.59375,0.0625,0.125,0.8125,"8a755824295ffff,8a755824282ffff,8a7558242847fff,8a7558242877fff,8a75582428e7fff,8a75582428f7fff,8a75582428d7fff,8a75582428dffff,8a7558242177fff,8a7558242167fff,8a7558242147fff,8a755824214ffff,8a7558242a97fff,8a7558242a87fff,8a7558242aa7fff,8a7558242aaffff,8a7558242327fff,8a7558242af7fff,8a7558242ac7fff,8a7558242acffff,8a755824230ffff,8a7558242307fff,8a7558242337fff",1
8,-101609498#5,282689983#1,0.0,0.0,0.625,0.1875,0.46875,0.4375,0.53125,0.53125,0.375,0.5625,0.53125,0.53125,0.4375,0.46875,0.9375,0.9375,0.46875,0.0625,0.6875,0.59375,0.0,0.0,0.625,"8a755824295ffff,8a755824282ffff,8a7558242847fff,8a7558242877fff,8a75582428e7fff,8a75582428f7fff,8a75582428d7fff,8a75582428dffff,8a7558242177fff,8a7558242167fff,8a7558242147fff,8a755824214ffff,8a7558242a97fff,8a7558242a87fff,8a7558242aa7fff,8a7558242aaffff,8a7558242327fff,8a7558242af7fff,8a7558242ac7fff,8a7558242acffff,8a755824230ffff,8a7558242307fff,8a7558242337fff",1
8,-101609498#5,282689983#1,0.6875,0.4375,0.40625,0.40625,0.46875,0.8125,0.53125,0.53125,0.8125,0.15625,0.53125,0.53125,0.875,0.46875,0.5,0.5,0.46875,0.6875,0.875,0.125,0.4375,0.25,0.5625,"8a755824295ffff,8a755824282ffff,8a7558242847fff,8a755824285ffff,8a755824284ffff,8a7558242b17fff,8a7558242b07fff,8a7558242b0ffff,8a7558242b1ffff,8a7558242a37fff,8a7558242b8ffff,8a7558242aa7fff,8a7558242aaffff,8a7558242327fff,8a7558242af7fff,8a7558242ac7fff,8a7558242acffff,8a755824230ffff,8a7558242307fff,8a7558242337fff",2
8,-101609498#5,282689983#1,0.125,0.125,0.125,0.875,0.46875,0.1875,0.53125,0.53125,0.5,0.3125,0.53125,0.53125,0.9375,0.46875,0.8125,0.8125,0.46875,0.125,0.5625,0.59375,0.125,0.3125,0.6875,"8a755824295ffff,8a755824282ffff,8a7558242847fff,8a755824285ffff,8a7558242bb7fff,8a7558242b87fff,8a7558242b9ffff,8a7558242147fff,8a755824214ffff,8a7558242a97fff,8a7558242a87fff,8a7558242aa7fff,8a7558242aaffff,8a7558242327fff,8a7558242af7fff,8a7558242ac7fff,8a7558242acffff,8a755824230ffff,8a7558242307fff,8a7558242337fff",1
8,-101609498#5,282689983#1,0.4375,0.5625,0.78125,0.28125,0.46875,0.375,0.53125,0.53125,0.25,0.875,0.53125,0.53125,0.25,0.46875,0.375,0.375,0.46875,0.25,0.25,0.59375,0.5625,0.5625,0.5,"8a755824295ffff,8a755824282ffff,8a7558242847fff,8a7558242877fff,8a75582428e7fff,8a75582428f7fff,8a75582428d7fff,8a75582428dffff,8a7558242177fff,8a7558242167fff,8a7558242147fff,8a755824214ffff,8a7558242a97fff,8a7558242a87fff,8a7558242aa7fff,8a7558242aaffff,8a7558242af7fff,8a7558242ac7fff,8a7558242acffff,8a755824230ffff,8a7558242307fff,8a7558242337fff,8a7558242327fff",1
8,-101609498#5,282689983#1,0.375,0.5,0.53125,0.09375,0.46875,0.3125,0.53125,0.53125,0.625,0.8125,0.53125,0.53125,0.1875,0.46875,0.4375,0.4375,0.46875,0.3125,0.3125,0.59375,0.5,0.5,0.25,"8a755824295ffff,8a755824282ffff,8a7558242847fff,8a7558242877fff,8a75582428e7fff,8a75582428f7fff,8a75582428d7fff,8a75582428dffff,8a7558242177fff,8a7558242167fff,8a7558242147fff,8a755824214ffff,8a7558242a97fff,8a7558242a87fff,8a7558242aa7fff,8a7558242aaffff,8a7558242af7fff,8a7558242ac7fff,8a7558242acffff,8a755824230ffff,8a7558242307fff,8a7558242337fff,8a7558242327fff",1
8,-101609498#5,282689983#1,0.625,0.375,0.53125,0.09375,0.46875,0.875,0.53125,0.53125,0.875,0.15625,0.53125,0.53125,0.8125,0.46875,0.5625,0.5625,0.46875,0.5,0.9375,0.1875,0.375,0.375,0.3125,"8a755824295ffff,8a755824282ffff,8a7558242847fff,8a755824285ffff,8a755824284ffff,8a7558242b17fff,8a7558242b07fff,8a7558242b0ffff,8a7558242b1ffff,8a7558242a37fff,8a7558242b8ffff,8a7558242aa7fff,8a7558242a87fff,8a7558242aaffff,8a7558242327fff,8a7558242af7fff,8a7558242ac7fff,8a7558242acffff,8a755824230ffff,8a7558242307fff,8a7558242337fff",2
8,-101609498#5,282689983#1,0.5,0.625,0.0625,0.9375,0.46875,0.0625,0.53125,0.53125,0.6875,0.4375,0.53125,0.53125,0.6875,0.46875,0.3125,0.3125,0.46875,0.375,0.1875,0.59375,0.625,0.75,0.1875,"8a755824295ffff,8a755824282ffff,8a7558242847fff,8a755824285ffff,8a7558242bb7fff,8a7558242b87fff,8a7558242b9ffff,8a7558242147fff,8a755824214ffff,8a7558242a97fff,8a7558242a87fff,8a7558242aa7fff,8a7558242aaffff,8a7558242af7fff,8a7558242ac7fff,8a7558242acffff,8a755824230ffff,8a7558242307fff,8a7558242337fff,8a7558242327fff",4
8,-101609498#5,282689983#1,0.875,0.875,0.40625,0.40625,0.46875,0.625,0.53125,0.53125,1.0,0.15625,0.53125,0.53125,0.5625,0.46875,0.0625,0.0625,0.46875,0.75,0.8125,0.0625,0.875,0.9375,0.0,"8a755824295ffff,8a755824282ffff,8a7558242847fff,8a755824285ffff,8a755824284ffff,8a7558242b17fff,8a7558242b07fff,8a7558242b0ffff,8a7558242b1ffff,8a7558242a37fff,8a7558242b8ffff,8a7558242aa7fff,8a7558242a87fff,8a7558242aaffff,8a7558242af7fff,8a7558242ac7fff,8a7558242acffff,8a755824230ffff,8a7558242307fff,8a7558242337fff,8a7558242327fff",0
8,-101609498#5,282689983#1,0.5625,0.6875,0.1875,0.8125,0.46875,0.125,0.53125,0.53125,0.3125,0.5,0.53125,0.53125,0.75,0.46875,0.25,0.25,0.46875,0.4375,0.125,0.59375,0.6875,0.875,0.4375,"8a755824295ffff,8a755824282ffff,8a7558242847fff,8a755824285ffff,8a7558242bb7fff,8a7558242b87fff,8a7558242b9ffff,8a7558242147fff,8a755824214ffff,8a7558242a97fff,8a7558242a87fff,8a7558242aa7fff,8a7558242aaffff,8a7558242af7fff,8a7558242ac7fff,8a7558242acffff,8a755824230ffff,8a7558242307fff,8a7558242337fff,8a7558242327fff",4
9,-120511302,-372606529#4,0.0,0.0,0.5,0.0,0.25,0.75,0.75,0.75,0.5,0.75,0.75,0.75,1.0,0.5,0.5,0.5,0.5,0.0,0.5,0.5,0.0,0.5,0.5,"8a7558242307fff,8a7558242317fff,8a75582423affff,8a75582423a7fff,8a755824204ffff,8a755824206ffff,8a7558242067fff,8a7558242a97fff,8a7558242ab7fff,8a7558242b9ffff,8a7558242b87fff,8a7558242bb7fff",3
9,-120511302,-372606529#4,0.5,0.5,1.0,0.5,0.25,0.75,0.75,0.75,1.0,0.75,0.75,0.75,0.5,0.0,0.0,0.0,0.0,0.5,0.0,0.0,0.5,0.0,0.0,"8a7558242307fff,8a7558242317fff,8a75582423affff,8a75582423a7fff,8a755824204ffff,8a755824206ffff,8a7558242a97fff,8a7558242a87fff,8a7558242aa7fff,8a7558242b9ffff,8a7558242b87fff,8a7558242bb7fff",2
10,101416508#0,101418583,0.5,0.6,0.45,0.55,0.4499999999999999,0.7,0.55,0.55,0.55,0.55,0.55,0.55,0.4,0.4499999999999999,0.3,0.3,0.4499999999999999,0.8,0.3,0.3,0.6,0.4,0.5,"8a7558242a27fff,8a7558242a07fff,8a7558242a1ffff,8a7558242a0ffff,8a7558242af7fff,8a7558242ac7fff,8a7558242acffff,8a755824230ffff,8a7558242307fff,8a7558242317fff,8a75582423affff,8a75582423a7fff",2
10,101416508#0,101418583,0.9,0.7,0.8,0.0,0.4499999999999999,0.8,0.55,0.55,0.55,0.55,0.55,0.55,0.3,0.4499999999999999,0.1999999999999999,0.1999999999999999,0.4499999999999999,0.6,0.1999999999999999,0.1999999999999999,0.7,0.5,0.4,"8a7558242a27fff,8a7558242a2ffff,8a7558242a0ffff,8a7558242af7fff,8a7558242ac7fff,8a7558242acffff,8a755824230ffff,8a7558242307fff,8a7558242317fff,8a75582423affff,8a75582423a7fff",4
10,101416508#0,101418583,0.0,0.0999999999999999,0.1,0.9,0.4499999999999999,0.1,0.55,0.55,0.55,0.55,0.55,0.55,0.9,0.4499999999999999,0.8,0.8,0.4499999999999999,0.0,0.8,0.8,0.0999999999999999,0.0,0.9,"8a7558242a27fff,8a7558242a2ffff,8a7558242b5ffff,8a7558242a77fff,8a7558242a67fff,8a7558242a6ffff,8a7558240697fff,8a7558242acffff,8a755824230ffff,8a7558242307fff,8a7558242317fff,8a75582423affff,8a75582423a7fff",1
10,101416508#0,101418583,0.6,0.5,0.65,0.25,0.4499999999999999,0.6,0.55,0.55,0.55,0.55,0.55,0.55,0.5,0.4499999999999999,0.4,0.4,0.4499999999999999,0.7,0.4,0.4,0.5,0.8,0.0,"8a7558242a27fff,8a7558242a07fff,8a7558242a0ffff,8a7558242af7fff,8a7558242ac7fff,8a7558242acffff,8a755824230ffff,8a7558242307fff,8a7558242317fff,8a75582423affff,8a75582423a7fff",4
10,101416508#0,101418583,0.8,0.8,0.2,0.8,0.4499999999999999,0.3,0.55,0.55,0.55,0.55,0.55,0.55,0.2,0.4499999999999999,0.0999999999999999,0.0999999999999999,0.4499999999999999,0.9,0.0999999999999999,0.0999999999999999,0.8,0.7,0.1999999999999999,"8a7558242a27fff,8a7558242a07fff,8a7558242a1ffff,8a7558242aaffff,8a7558242af7fff,8a7558242ac7fff,8a7558242acffff,8a755824230ffff,8a7558242307fff,8a7558242317fff,8a75582423affff,8a75582423a7fff",4
10,101416508#0,101418583,0.7,0.9,0.45,0.55,0.4499999999999999,0.2,0.55,0.55,0.55,0.55,0.55,0.55,0.1,0.4499999999999999,0.0,0.0,0.4499999999999999,0.5,0.0,0.0,0.9,0.3,0.0999999999999999,"8a7558242a27fff,8a7558242a2ffff,8a7558242a0ffff,8a7558242af7fff,8a7558242ac7fff,8a7558242acffff,8a755824230ffff,8a7558242307fff,8a7558242317fff,8a75582423affff,8a75582423a7fff",4
10,101416508#0,101418583,0.3,0.3,1.0,0.0999999999999999,0.4499999999999999,1.0,0.55,0.55,0.55,0.55,0.55,0.55,0.7,0.4499999999999999,0.6,0.6,0.4499999999999999,0.3,0.6,0.6,0.3,0.6,0.6,"8a7558242a27fff,8a7558242a2ffff,8a7558242a0ffff,8a7558242a07fff,8a7558242a1ffff,8a7558242af7fff,8a7558242ac7fff,8a7558242acffff,8a755824230ffff,8a7558242307fff,8a7558242317fff,8a75582423affff,8a75582423a7fff",1
10,101416508#0,101418583,0.1999999999999999,0.1999999999999999,0.3,0.7,0.4499999999999999,0.4,0.55,0.55,0.55,0.55,0.55,0.55,0.8,0.4499999999999999,0.7,0.7,0.4499999999999999,0.1999999999999999,0.7,0.7,0.1999999999999999,0.0999999999999999,0.7,"8a7558242a27fff,8a7558242a07fff,8a7558242a1ffff,8a7558242aaffff,8a7558242327fff,8a7558242af7fff,8a7558242ac7fff,8a7558242acffff,8a755824230ffff,8a7558242307fff,8a7558242317fff,8a75582423affff,8a75582423a7fff",1
10,101416508#0,101418583,0.4,0.4,0.65,0.25,0.4499999999999999,0.5,0.55,0.55,0.55,0.55,0.55,0.55,0.6,0.4499999999999999,0.5,0.5,0.4499999999999999,0.4,0.5,0.5,0.4,0.9,0.3,"8a7558242a27fff,8a7558242a2ffff,8a7558242a0ffff,8a7558242a07fff,8a7558242a1ffff,8a7558242aaffff,8a7558242af7fff,8a7558242ac7fff,8a7558242acffff,8a755824230ffff,8a7558242307fff,8a7558242317fff,8a75582423affff,8a75582423a7fff",4
10,101416508#0,101418583,0.0999999999999999,0.0,0.9,0.4,0.4499999999999999,0.9,0.55,0.55,0.55,0.55,0.55,0.55,1.0,0.4499999999999999,0.9,0.9,0.4499999999999999,0.0999999999999999,0.9,0.9,0.0,0.1999999999999999,0.8,"8a7558242a27fff,8a7558242a2ffff,8a7558242a0ffff,8a7558242a07fff,8a7558242a1ffff,8a7558242aaffff,8a7558242327fff,8a7558242af7fff,8a7558242ac7fff,8a7558242acffff,8a755824230ffff,8a7558242307fff,8a7558242317fff,8a75582423affff,8a75582423a7fff",1
11,-47374680#7,526438862#2,0.0,0.0,1.0,0.0,0.0,1.0,1.0,1.0,1.0,1.0,1.0,1.0,1.0,0.0,0.0,0.0,0.0,0.0,0.0,0.0,0.0,0.0,0.0,"8a755824230ffff,8a7558242227fff,8a7558242237fff,8a7558242217fff,8a7558242387fff,8a7558242397fff,8a75582423a7fff,8a755824204ffff",3
12,336863934,100475365#1,0.0,0.0,0.5,0.5,0.25,0.5,0.75,0.75,0.75,0.5,0.75,0.75,1.0,0.25,0.5,0.5,0.25,0.0,0.5,0.0,0.0,0.0,0.5,"8a7558242b07fff,8a7558242b17fff,8a755824284ffff,8a755824285ffff,8a7558242847fff,8a7558242877fff,8a75582428e7fff,8a75582428f7fff,8a75582428d7fff,8a755824288ffff,8a7558242127fff,8a755824212ffff,8a755824211ffff,8a75582421affff,8a7558242037fff,8a7558242007fff,8a755824200ffff",3
12,336863934,100475365#1,0.5,0.5,1.0,0.0,0.25,1.0,0.75,0.75,0.75,1.0,0.75,0.75,0.5,0.25,0.0,0.0,0.25,0.5,0.0,0.5,0.5,0.5,0.0,"8a7558242b07fff,8a7558242b17fff,8a755824284ffff,8a755824285ffff,8a7558242847fff,8a7558242877fff,8a75582428e7fff,8a75582428f7fff,8a75582428d7fff,8a75582428dffff,8a755824212ffff,8a755824211ffff,8a75582421affff,8a7558242037fff,8a7558242007fff,8a755824200ffff",2
13,100475365#1,336863934,0.0,0.0,1.0,0.0,0.0,1.0,1.0,1.0,1.0,1.0,1.0,1.0,1.0,0.0,0.0,0.0,0.0,0.0,0.0,0.0,0.0,0.0,0.0,"8a755824200ffff,8a7558242077fff,8a7558242067fff,8a7558242a97fff,8a7558242ab7fff,8a7558242b9ffff,8a7558242b87fff,8a7558242bb7fff,8a755824285ffff,8a755824284ffff,8a7558242b07fff,8a7558242b17fff",3
14,-101611601,-100468681#0,0.0,0.0,1.0,0.0,0.0,1.0,1.0,1.0,1.0,1.0,1.0,1.0,1.0,0.0,0.0,0.0,0.0,0.0,0.0,0.0,0.0,0.0,0.0,"8a755824285ffff,8a7558242847fff,8a7558242877fff,8a75582428e7fff,8a75582428f7fff,8a75582428d7fff,8a755824288ffff,8a7558242c0ffff,8a7558242c1ffff",3
15,-101604496#1,-100468681#0,0.0,0.0,1.0,0.0,0.0,1.0,1.0,1.0,1.0,1.0,1.0,1.0,1.0,0.0,0.0,0.0,0.0,0.0,0.0,0.0,0.0,0.0,0.0,"8a755824211ffff,8a755824212ffff,8a7558242127fff,8a755824288ffff,8a7558242c0ffff,8a7558242c1ffff",3
16,101594836#1,-101418584#1,0.0,0.0,0.75,0.25,0.25,0.5,0.75,0.75,0.5,1.0,0.75,0.75,1.0,0.5,0.0,0.0,0.5,0.0,0.0,0.25,0.0,0.5,0.5,"8a755824284ffff,8a7558242b17fff,8a7558242b07fff,8a7558242b0ffff,8a7558242b1ffff,8a7558242a37fff,8a7558242b8ffff,8a7558242aa7fff,8a7558242ab7fff,8a7558242a97fff,8a755824206ffff,8a7558242047fff,8a75582423b7fff,8a75582420effff,8a75582420cffff,8a7558242747fff",3
16,101594836#1,-101418584#1,0.5,0.5,0.75,0.25,0.25,1.0,0.75,0.75,1.0,0.5,0.75,0.75,0.5,0.0,0.5,0.5,0.0,0.5,0.5,0.25,0.5,0.0,0.0,"8a755824284ffff,8a7558242b17fff,8a7558242b07fff,8a7558242b0ffff,8a7558242b1ffff,8a7558242a37fff,8a7558242b8ffff,8a7558242aa7fff,8a7558242a87fff,8a7558242a97fff,8a755824206ffff,8a7558242047fff,8a75582423b7fff,8a75582420effff,8a75582420cffff,8a7558242747fff",2
17,659281081#1,-101746498#2,0.75,0.75,0.75,0.25,0.375,1.0,0.625,0.625,1.0,0.625,0.625,0.625,0.25,0.5,0.5,0.5,0.375,0.75,0.0,0.0,0.75,0.75,0.0,"8a7558242397fff,8a75582423a7fff,8a75582423b7fff,8a755824239ffff,8a755824274ffff,8a7558242297fff,8a755824229ffff,8a755825c927fff,8a755824225ffff,8a755824220ffff",0
17,659281081#1,-101746498#2,0.5,0.5,1.0,0.0,0.375,0.75,0.625,0.625,0.5,0.625,0.625,0.625,0.75,0.0,0.0,0.0,0.375,0.5,0.25,0.25,0.5,0.25,0.25,"8a7558242397fff,8a75582423a7fff,8a75582423b7fff,8a755824274ffff,8a7558242297fff,8a755824229ffff,8a755825c927fff,8a755824225ffff,8a755824220ffff",2
17,659281081#1,-101746498#2,0.0,0.0,0.5,0.5,0.375,0.25,0.625,0.625,0.25,0.625,0.625,0.625,1.0,0.25,0.25,0.25,0.375,0.0,0.75,0.75,0.0,0.0,0.75,"8a7558242397fff,8a75582423a7fff,8a75582423b7fff,8a755824274ffff,8a7558242297fff,8a75582422a7fff,8a755825c927fff,8a755824225ffff,8a755824220ffff",1
17,659281081#1,-101746498#2,0.25,0.25,0.25,0.75,0.375,0.5,0.625,0.625,0.75,0.625,0.625,0.625,0.5,0.75,0.75,0.75,0.375,0.25,0.5,0.5,0.25,0.5,0.5,"8a7558242397fff,8a75582423a7fff,8a75582423b7fff,8a755824239ffff,8a755824274ffff,8a7558242297fff,8a75582422a7fff,8a755825c927fff,8a755824225ffff,8a755824220ffff",1
18,-297823021,-101754276#1,0.0555555555555555,0.2777777777777778,0.0555555555555555,0.9444444444444444,0.4722222222222222,0.1111111111111111,0.5277777777777778,0.5277777777777778,0.1111111111111111,1.0,0.5277777777777778,0.5277777777777778,0.9444444444444444,0.8333333333333334,0.9444444444444444,0.9444444444444444,0.8888888888888888,0.0555555555555555,0.6666666666666667,0.6666666666666667,0.2777777777777778,0.5555555555555556,0.6111111111111112,"8a755824048ffff,8a755824049ffff,8a7558240487fff,8a7558240497fff,8a7558242847fff,8a755824285ffff,8a7558242bb7fff,8a7558242b87fff,8a7558242b9ffff,8a7558242147fff,8a755824214ffff,8a7558242a97fff,8a755824206ffff,8a7558242047fff,8a75582423b7fff,8a7558242397fff,8a755824239ffff,8a755824274ffff,8a7558242297fff,8a755824266ffff,8a755825c937fff,8a755825c90ffff,8a755825c977fff,8a755825c957fff,8a755825c877fff,8a755825c80ffff",1
18,-297823021,-101754276#1,0.3888888888888888,0.4444444444444444,0.5277777777777778,0.0277777777777777,0.4722222222222222,0.5,0.5277777777777778,0.5277777777777778,0.3888888888888889,0.0555555555555555,0.5277777777777778,0.5277777777777778,0.6666666666666666,0.2222222222222222,0.2222222222222222,0.2222222222222222,0.5,0.7222222222222222,0.6111111111111112,0.5,0.4444444444444444,0.0555555555555555,0.6666666666666667,"8a755824048ffff,8a755824049ffff,8a75582404d7fff,8a7558242b2ffff,8a7558242b0ffff,8a7558242b07fff,8a7558242b1ffff,8a7558242a37fff,8a7558242b8ffff,8a7558242aa7fff,8a7558242a87fff,8a7558242a97fff,8a755824206ffff,8a7558242047fff,8a75582423b7fff,8a7558242397fff,8a755824274ffff,8a7558242297fff,8a755824266ffff,8a755825c937fff,8a755825c90ffff,8a755825c977fff,8a755825c957fff,8a755825c877fff,8a755825c80ffff",2
18,-297823021,-101754276#1,0.0,0.2222222222222222,0.1111111111111111,0.8888888888888888,0.4722222222222222,0.0555555555555555,0.5277777777777778,0.5277777777777778,0.0555555555555555,0.9444444444444444,0.5277777777777778,0.5277777777777778,1.0,0.3333333333333333,0.7222222222222222,0.7222222222222222,0.9444444444444444,0.0,0.7222222222222222,0.7222222222222222,0.2222222222222222,0.3888888888888888,0.8333333333333334,"8a755824048ffff,8a755824049ffff,8a7558240487fff,8a7558240497fff,8a7558242847fff,8a755824285ffff,8a7558242bb7fff,8a7558242b87fff,8a7558242b9ffff,8a7558242147fff,8a755824214ffff,8a7558242a97fff,8a755824206ffff,8a7558242047fff,8a75582423b7fff,8a7558242397fff,8a755824274ffff,8a7558242297fff,8a755824266ffff,8a755825c937fff,8a755825c90ffff,8a755825c977fff,8a755825c957fff,8a755825c877fff,8a755825c80ffff",1
18,-297823021,-101754276#1,0.6111111111111112,0.6666666666666667,0.9722222222222222,0.8055555555555556,0.4722222222222222,0.7222222222222222,0.5277777777777778,0.5277777777777778,0.5,0.1666666666666666,0.5277777777777778,0.5277777777777778,0.6111111111111112,0.1111111111111111,0.5555555555555556,0.5555555555555556,0.2777777777777778,0.9444444444444444,0.9444444444444444,0.2777777777777778,0.6666666666666667,0.0,0.5555555555555556,"8a755824048ffff,8a755824049ffff,8a75582404d7fff,8a7558242b2ffff,8a7558242b0ffff,8a7558242b1ffff,8a7558242a37fff,8a7558242b8ffff,8a7558242aa7fff,8a7558242a87fff,8a7558242a97fff,8a755824206ffff,8a7558242047fff,8a75582423b7fff,8a7558242397fff,8a755824274ffff,8a7558242297fff,8a755824266ffff,8a755825c937fff,8a755825c90ffff,8a755825c977fff,8a755825c957fff,8a755825c877fff,8a755825c80ffff",2
18,-297823021,-101754276#1,0.7222222222222222,0.7222222222222222,0.8055555555555556,0.6388888888888888,0.4722222222222222,0.7777777777777778,0.5277777777777778,0.5277777777777778,0.8888888888888888,0.2222222222222222,0.5277777777777778,0.5277777777777778,0.1666666666666666,0.6111111111111112,0.8888888888888888,0.8888888888888888,0.2222222222222222,0.8888888888888888,0.8888888888888888,0.2222222222222222,0.7222222222222222,0.2222222222222222,0.3333333333333333,"8a755824048ffff,8a755824049ffff,8a75582404d7fff,8a7558242b2ffff,8a7558242b0ffff,8a7558242b1ffff,8a7558242a37fff,8a7558242b8ffff,8a7558242aa7fff,8a7558242a87fff,8a7558242a97fff,8a755824206ffff,8a7558242047fff,8a75582423b7fff,8a7558242397fff,8a755824239ffff,8a755824274ffff,8a7558242297fff,8a755824266ffff,8a755825c937fff,8a755825c90ffff,8a755825c977fff,8a755825c957fff,8a755825c877fff,8a755825c80ffff",0
18,-297823021,-101754276#1,0.2777777777777778,0.1666666666666666,0.8055555555555556,0.6388888888888888,0.4722222222222222,0.3333333333333333,0.5277777777777778,0.5277777777777778,0.5555555555555556,0.6666666666666666,0.5277777777777778,0.5277777777777778,0.4444444444444444,0.8888888888888888,0.7777777777777778,0.7777777777777778,0.6666666666666667,0.4444444444444444,0.3333333333333333,0.7777777777777778,0.1666666666666666,0.3333333333333333,0.7222222222222222,"8a755824048ffff,8a755824049ffff,8a75582404d7fff,8a7558242b2ffff,8a7558242b0ffff,8a7558242b1ffff,8a7558242a37fff,8a7558242b8ffff,8a7558242aa7fff,8a7558242ab7fff,8a7558242a97fff,8a755824206ffff,8a7558242047fff,8a75582423b7fff,8a7558242397fff,8a755824239ffff,8a755824274ffff,8a7558242297fff,8a755824266ffff,8a755825c937fff,8a755825c90ffff,8a755825c977fff,8a755825c957fff,8a755825c877fff,8a755825c80ffff",1
18,-297823021,-101754276#1,0.9444444444444444,0.9444444444444444,0.6388888888888888,0.4166666666666666,0.4722222222222222,1.0,0.5277777777777778,0.5277777777777778,1.0,0.4444444444444444,0.5277777777777778,0.5277777777777778,0.0555555555555555,0.5,0.8333333333333334,0.8333333333333334,0.0,0.7777777777777778,0.7777777777777778,0.0,0.9444444444444444,0.7777777777777778,0.0,"8a755824048ffff,8a755824049ffff,8a75582404d7fff,8a7558242b2ffff,8a7558242b0ffff,8a7558242b1ffff,8a7558242a37fff,8a7558242b8ffff,8a7558242aa7fff,8a7558242a87fff,8a7558242a97fff,8a755824206ffff,8a7558242047fff,8a75582423b7fff,8a7558242397fff,8a755824239ffff,8a755824274ffff,8a7558242297fff,8a755824266ffff,8a755825c937fff,8a755825c90ffff,8a755825c977fff,8a755825c957fff,8a755825c877fff,8a755825c80ffff",0
18,-297823021,-101754276#1,0.5,0.5555555555555556,0.3611111111111111,0.1944444444444444,0.4722222222222222,0.5555555555555556,0.5277777777777778,0.5277777777777778,0.8333333333333334,0.1111111111111111,0.5277777777777778,0.5277777777777778,0.2222222222222222,0.7222222222222222,0.6666666666666667,0.6666666666666667,0.3888888888888888,0.6666666666666667,0.5555555555555556,0.3888888888888888,0.5555555555555556,0.2777777777777778,0.3888888888888888,"8a755824048ffff,8a755824049ffff,8a75582404d7fff,8a7558242b2ffff,8a7558242b0ffff,8a7558242b07fff,8a7558242b1ffff,8a7558242a37fff,8a7558242b8ffff,8a7558242aa7fff,8a7558242a87fff,8a7558242a97fff,8a755824206ffff,8a7558242047fff,8a75582423b7fff,8a7558242397fff,8a755824239ffff,8a755824274ffff,8a7558242297fff,8a755824266ffff,8a755825c937fff,8a755825c90ffff,8a755825c977fff,8a755825c957fff,8a755825c877fff,8a755825c80ffff",2
18,-297823021,-101754276#1,0.1111111111111111,0.0,0.5277777777777778,0.0277777777777777,0.4722222222222222,0.1666666666666666,0.5277777777777778,0.5277777777777778,0.1666666666666666,0.5,0.5277777777777778,0.5277777777777778,0.8888888888888888,0.4444444444444444,0.0555555555555555,0.0555555555555555,0.8333333333333334,0.2777777777777778,0.1666666666666666,0.9444444444444444,0.0,0.1666666666666666,0.9444444444444444,"8a755824048ffff,8a755824049ffff,8a75582404d7fff,8a7558242b2ffff,8a7558242b0ffff,8a7558242b07fff,8a7558242b1ffff,8a7558242a37fff,8a7558242b8ffff,8a7558242aa7fff,8a7558242ab7fff,8a7558242a97fff,8a755824206ffff,8a7558242047fff,8a75582423b7fff,8a7558242397fff,8a755824274ffff,8a7558242297fff,8a755824266ffff,8a755825c937fff,8a755825c90ffff,8a755825c977fff,8a755825c957fff,8a755825c877fff,8a755825c80ffff",1
18,-297823021,-101754276#1,0.2222222222222222,0.1111111111111111,0.9722222222222222,0.8055555555555556,0.4722222222222222,0.2777777777777778,0.5277777777777778,0.5277777777777778,0.2222222222222222,0.6111111111111112,0.5277777777777778,0.5277777777777778,0.8333333333333334,0.3888888888888888,0.3333333333333333,0.3333333333333333,0.7222222222222222,0.5,0.3888888888888888,0.8333333333333334,0.1111111111111111,0.1111111111111111,0.8888888888888888,"8a755824048ffff,8a755824049ffff,8a75582404d7fff,8a7558242b2ffff,8a7558242b0ffff,8a7558242b1ffff,8a7558242a37fff,8a7558242b8ffff,8a7558242aa7fff,8a7558242ab7fff,8a7558242a97fff,8a755824206ffff,8a7558242047fff,8a75582423b7fff,8a7558242397fff,8a755824274ffff,8a7558242297fff,8a755824266ffff,8a755825c937fff,8a755825c90ffff,8a755825c977fff,8a755825c957fff,8a755825c877fff,8a755825c80ffff",1
18,-297823021,-101754276#1,0.8333333333333334,0.8333333333333334,0.1944444444444444,0.4166666666666666,0.4722222222222222,0.8888888888888888,0.5277777777777778,0.5277777777777778,0.9444444444444444,0.3333333333333333,0.5277777777777778,0.5277777777777778,0.1111111111111111,0.5555555555555556,0.5,0.5,0.1111111111111111,0.5555555555555556,0.4444444444444444,0.1111111111111111,0.8333333333333334,0.8333333333333334,0.0555555555555555,"8a755824048ffff,8a755824049ffff,8a75582404d7fff,8a7558242b2ffff,8a7558242b0ffff,8a7558242b07fff,8a7558242b1ffff,8a7558242a37fff,8a7558242b8ffff,8a7558242aa7fff,8a7558242a87fff,8a7558242a97fff,8a755824206ffff,8a7558242047fff,8a75582423b7fff,8a7558242397fff,8a755824239ffff,8a755824274ffff,8a7558242297fff,8a755824266ffff,8a755825c937fff,8a755825c90ffff,8a755825c977fff,8a755825c957fff,8a755825c877fff,8a755825c80ffff",0
18,-297823021,-101754276#1,0.7777777777777778,0.7777777777777778,0.3611111111111111,0.1944444444444444,0.4722222222222222,0.8333333333333334,0.5277777777777778,0.5277777777777778,0.6111111111111112,0.2777777777777778,0.5277777777777778,0.5277777777777778,0.5,0.0555555555555555,0.1111111111111111,0.1111111111111111,0.1666666666666666,0.6111111111111112,0.5,0.1666666666666666,0.7777777777777778,0.6111111111111112,0.1666666666666666,"8a755824048ffff,8a755824049ffff,8a75582404d7fff,8a7558242b2ffff,8a7558242b0ffff,8a7558242b07fff,8a7558242b1ffff,8a7558242a37fff,8a7558242b8ffff,8a7558242aa7fff,8a7558242a87fff,8a7558242a97fff,8a755824206ffff,8a7558242047fff,8a75582423b7fff,8a7558242397fff,8a755824274ffff,8a7558242297fff,8a755824266ffff,8a755825c937fff,8a755825c90ffff,8a755825c977fff,8a755825c957fff,8a755825c877fff,8a755825c80ffff",0
18,-297823021,-101754276#1,0.4444444444444444,0.3888888888888888,0.1944444444444444,0.4166666666666666,0.4722222222222222,0.4444444444444444,0.5277777777777778,0.5277777777777778,0.6666666666666666,0.7777777777777778,0.5277777777777778,0.5277777777777778,0.3333333333333333,0.7777777777777778,0.2777777777777778,0.2777777777777778,0.5555555555555556,0.1111111111111111,0.0,0.5555555555555556,0.3888888888888888,0.9444444444444444,0.2777777777777778,"8a755824048ffff,8a755824049ffff,8a75582404d7fff,8a7558242b2ffff,8a7558242b0ffff,8a7558242b07fff,8a7558242b1ffff,8a7558242a37fff,8a7558242b8ffff,8a7558242aa7fff,8a7558242ab7fff,8a7558242a97fff,8a755824206ffff,8a7558242047fff,8a75582423b7fff,8a7558242397fff,8a755824239ffff,8a755824274ffff,8a7558242297fff,8a755824266ffff,8a755825c937fff,8a755825c90ffff,8a755825c977fff,8a755825c957fff,8a755825c877fff,8a755825c80ffff",4
18,-297823021,-101754276#1,0.5555555555555556,0.5,0.8055555555555556,0.6388888888888888,0.4722222222222222,0.6111111111111112,0.5277777777777778,0.5277777777777778,0.3333333333333333,0.8333333333333334,0.5277777777777778,0.5277777777777778,0.7222222222222222,0.1666666666666666,0.1666666666666666,0.1666666666666666,0.4444444444444444,0.3888888888888888,0.2777777777777778,0.4444444444444444,0.5,0.6666666666666667,0.4444444444444444,"8a755824048ffff,8a755824049ffff,8a75582404d7fff,8a7558242b2ffff,8a7558242b0ffff,8a7558242b1ffff,8a7558242a37fff,8a7558242b8ffff,8a7558242aa7fff,8a7558242ab7fff,8a7558242a97fff,8a755824206ffff,8a7558242047fff,8a75582423b7fff,8a7558242397fff,8a755824274ffff,8a7558242297fff,8a755824266ffff,8a755825c937fff,8a755825c90ffff,8a755825c977fff,8a755825c957fff,8a755825c877fff,8a755825c80ffff",4
18,-297823021,-101754276#1,0.1666666666666666,0.0555555555555555,0.3611111111111111,0.1944444444444444,0.4722222222222222,0.2222222222222222,0.5277777777777778,0.5277777777777778,0.4444444444444444,0.5555555555555556,0.5277777777777778,0.5277777777777778,0.5555555555555556,0.9444444444444444,0.3888888888888888,0.3888888888888888,0.7777777777777778,0.2222222222222222,0.1111111111111111,0.8888888888888888,0.0555555555555555,0.4444444444444444,0.7777777777777778,"8a755824048ffff,8a755824049ffff,8a75582404d7fff,8a7558242b2ffff,8a7558242b0ffff,8a7558242b07fff,8a7558242b1ffff,8a7558242a37fff,8a7558242b8ffff,8a7558242aa7fff,8a7558242ab7fff,8a7558242a97fff,8a755824206ffff,8a7558242047fff,8a75582423b7fff,8a7558242397fff,8a755824239ffff,8a755824274ffff,8a7558242297fff,8a755824266ffff,8a755825c937fff,8a755825c90ffff,8a755825c977fff,8a755825c957fff,8a755825c877fff,8a755825c80ffff",1
18,-297823021,-101754276#1,0.8888888888888888,0.8888888888888888,0.8055555555555556,0.6388888888888888,0.4722222222222222,0.9444444444444444,0.5277777777777778,0.5277777777777778,0.7222222222222222,0.3888888888888889,0.5277777777777778,0.5277777777777778,0.3888888888888889,0.0,0.4444444444444444,0.4444444444444444,0.0555555555555555,0.8333333333333334,0.8333333333333334,0.0555555555555555,0.8888888888888888,0.5,0.1111111111111111,"8a755824048ffff,8a755824049ffff,8a75582404d7fff,8a7558242b2ffff,8a7558242b0ffff,8a7558242b1ffff,8a7558242a37fff,8a7558242b8ffff,8a7558242aa7fff,8a7558242a87fff,8a7558242a97fff,8a755824206ffff,8a7558242047fff,8a75582423b7fff,8a7558242397fff,8a755824274ffff,8a7558242297fff,8a755824266ffff,8a755825c937fff,8a755825c90ffff,8a755825c977fff,8a755825c957fff,8a755825c877fff,8a755825c80ffff",0
18,-297823021,-101754276#1,0.3333333333333333,0.3333333333333333,0.3611111111111111,0.1944444444444444,0.4722222222222222,0.3888888888888889,0.5277777777777778,0.5277777777777778,0.2777777777777778,0.7222222222222222,0.5277777777777778,0.5277777777777778,0.7777777777777778,0.2777777777777778,0.0,0.0,0.6111111111111112,0.1666666666666666,0.0555555555555555,0.6111111111111112,0.3333333333333333,0.7222222222222222,0.5,"8a755824048ffff,8a755824049ffff,8a75582404d7fff,8a7558242b2ffff,8a7558242b0ffff,8a7558242b07fff,8a7558242b1ffff,8a7558242a37fff,8a7558242b8ffff,8a7558242aa7fff,8a7558242ab7fff,8a7558242a97fff,8a755824206ffff,8a7558242047fff,8a75582423b7fff,8a7558242397fff,8a755824274ffff,8a7558242297fff,8a755824266ffff,8a755825c937fff,8a755825c90ffff,8a755825c977fff,8a755825c957fff,8a755825c877fff,8a755825c80ffff",4
18,-297823021,-101754276#1,0.6666666666666667,0.6111111111111112,0.6388888888888888,0.4166666666666666,0.4722222222222222,0.6666666666666666,0.5277777777777778,0.5277777777777778,0.7777777777777778,0.8888888888888888,0.5277777777777778,0.5277777777777778,0.2777777777777778,0.6666666666666667,0.6111111111111112,0.6111111111111112,0.3333333333333333,0.3333333333333333,0.2222222222222222,0.3333333333333333,0.6111111111111112,0.8888888888888888,0.2222222222222222,"8a755824048ffff,8a755824049ffff,8a75582404d7fff,8a7558242b2ffff,8a7558242b0ffff,8a7558242b1ffff,8a7558242a37fff,8a7558242b8ffff,8a7558242aa7fff,8a7558242ab7fff,8a7558242a97fff,8a755824206ffff,8a7558242047fff,8a75582423b7fff,8a7558242397fff,8a755824239ffff,8a755824274ffff,8a7558242297fff,8a755824266ffff,8a755825c937fff,8a755825c90ffff,8a755825c977fff,8a755825c957fff,8a755825c877fff,8a755825c80ffff",0
19,-282689985#1,-101608959,0.625,0.75,0.375,0.5,0.4375,0.5,0.5625,0.5625,0.3125,0.375,0.5625,0.5625,0.75,0.625,0.625,0.125,0.4375,0.5,0.625,0.125,0.75,0.625,0.25,"8a75582426f7fff,8a755824261ffff,8a755824260ffff,8a755824262ffff,8a755824270ffff,8a75582420dffff,8a75582420cffff,8a75582420effff,8a7558242047fff,8a7558242067fff,8a7558242a97fff,8a7558242ab7fff,8a7558242b9ffff,8a7558242b87fff,8a7558242bb7fff,8a755824285ffff,8a7558242847fff,8a7558242877fff,8a75582428e7fff,8a75582428f7fff,8a755824281ffff,8a75582428affff",0
19,-282689985#1,-101608959,0.5,0.25,0.875,0.125,0.4375,1.0,0.5625,0.5625,0.875,0.875,0.5625,0.5625,0.25,0.125,0.125,0.625,0.4375,0.0,0.125,0.625,0.25,0.125,0.75,"8a75582426f7fff,8a755824261ffff,8a755824260ffff,8a755824274ffff,8a755824239ffff,8a7558242397fff,8a75582423a7fff,8a75582423b7fff,8a75582420effff,8a7558242047fff,8a7558242067fff,8a7558242a97fff,8a7558242ab7fff,8a7558242b9ffff,8a7558242b87fff,8a7558242bb7fff,8a755824285ffff,8a7558242847fff,8a7558242877fff,8a75582428e7fff,8a75582428f7fff,8a755824281ffff,8a75582428affff",2
19,-282689985#1,-101608959,0.875,0.875,0.5,0.625,0.4375,0.375,0.5625,0.5625,0.3125,0.5,0.5625,0.5625,0.625,0.5,0.375,0.0,0.4375,0.625,0.5,0.0,0.875,0.875,0.0,"8a75582426f7fff,8a755824261ffff,8a755824260ffff,8a755824262ffff,8a755824270ffff,8a75582420dffff,8a75582420cffff,8a75582420effff,8a7558242047fff,8a7558242067fff,8a7558242a97fff,8a7558242ab7fff,8a7558242b9ffff,8a7558242b87fff,8a7558242bb7fff,8a755824285ffff,8a7558242847fff,8a755824295ffff,8a755824282ffff,8a755824280ffff,8a755824281ffff,8a75582428affff",0
19,-282689985#1,-101608959,0.125,0.375,0.1875,0.8125,0.4375,0.125,0.5625,0.5625,0.3125,0.125,0.5625,0.5625,1.0,0.875,0.875,0.5,0.4375,0.875,0.875,0.5,0.375,0.5,0.375,"8a75582426f7fff,8a755824261ffff,8a755824260ffff,8a755824262ffff,8a755824270ffff,8a75582420dffff,8a75582420cffff,8a75582420effff,8a7558242047fff,8a7558242067fff,8a7558242a97fff,8a7558242ab7fff,8a7558242b9ffff,8a7558242b87fff,8a7558242bb7fff,8a755824285ffff,8a7558242847fff,8a755824295ffff,8a755824282ffff,8a7558242817fff,8a75582428b7fff,8a75582428affff",0
19,-282689985#1,-101608959,0.75,0.5,1.0,0.0,0.4375,0.875,0.5625,0.5625,1.0,1.0,0.5625,0.5625,0.125,0.0,0.0,0.375,0.4375,0.125,0.0,0.375,0.5,0.375,0.5,"8a75582426f7fff,8a755824261ffff,8a755824260ffff,8a755824274ffff,8a755824239ffff,8a7558242397fff,8a75582423a7fff,8a75582423b7fff,8a75582420effff,8a7558242047fff,8a7558242067fff,8a7558242a97fff,8a7558242ab7fff,8a7558242b9ffff,8a7558242b87fff,8a7558242bb7fff,8a755824285ffff,8a7558242847fff,8a755824295ffff,8a755824282ffff,8a755824280ffff,8a755824281ffff,8a75582428affff",2
19,-282689985#1,-101608959,0.25,0.125,0.6875,0.3125,0.4375,0.75,0.5625,0.5625,0.75,0.75,0.5625,0.5625,0.375,0.25,0.25,0.75,0.4375,0.25,0.25,0.75,0.125,0.25,0.625,"8a75582426f7fff,8a755824261ffff,8a755824260ffff,8a755824274ffff,8a755824239ffff,8a7558242397fff,8a75582423a7fff,8a75582423b7fff,8a75582420effff,8a7558242047fff,8a7558242067fff,8a7558242a97fff,8a7558242ab7fff,8a7558242b9ffff,8a7558242b87fff,8a7558242bb7fff,8a755824285ffff,8a7558242847fff,8a755824295ffff,8a755824282ffff,8a7558242817fff,8a755824281ffff,8a75582428affff",1
19,-282689985#1,-101608959,0.0,0.0,0.6875,0.3125,0.4375,0.625,0.5625,0.5625,0.625,0.625,0.5625,0.5625,0.5,0.375,0.5,0.875,0.4375,0.375,0.375,0.875,0.0,0.0,0.875,"8a75582426f7fff,8a755824261ffff,8a755824260ffff,8a755824274ffff,8a755824239ffff,8a7558242397fff,8a75582423a7fff,8a75582423b7fff,8a75582420effff,8a7558242047fff,8a7558242067fff,8a7558242a97fff,8a7558242ab7fff,8a7558242b9ffff,8a7558242b87fff,8a7558242bb7fff,8a755824285ffff,8a7558242847fff,8a755824295ffff,8a755824282ffff,8a7558242817fff,8a75582428b7fff,8a75582428affff",1
19,-282689985#1,-101608959,0.375,0.625,0.1875,0.8125,0.4375,0.25,0.5625,0.5625,0.3125,0.25,0.5625,0.5625,0.875,0.75,0.75,0.25,0.4375,0.75,0.75,0.25,0.625,0.75,0.125,"8a75582426f7fff,8a755824261ffff,8a755824260ffff,8a755824262ffff,8a755824270ffff,8a75582420dffff,8a75582420cffff,8a75582420effff,8a7558242047fff,8a7558242067fff,8a7558242a97fff,8a7558242ab7fff,8a7558242b9ffff,8a7558242b87fff,8a7558242bb7fff,8a755824285ffff,8a7558242847fff,8a755824295ffff,8a755824282ffff,8a7558242817fff,8a755824281ffff,8a75582428affff",0
20,526438862#2,-1323419243,0.4,0.8,0.2,0.0,0.1999999999999999,0.6,0.6,0.6,0.4,0.6,0.6,0.6,0.3,0.4,0.4,0.4,0.6,0.8,0.4,0.6,0.8,0.6,0.0,"8a75582423a7fff,8a755824204ffff,8a7558242317fff,8a75582423affff,8a7558242387fff,8a7558242397fff,8a755824239ffff,8a755824274ffff",0
20,526438862#2,-1323419243,0.8,0.1999999999999999,0.9,0.7,0.7,0.6,0.6,0.6,1.0,0.6,0.6,0.6,0.3,0.8,0.8,0.8,0.0,0.4,0.7,0.6,0.1999999999999999,0.1999999999999999,0.6,"8a75582423a7fff,8a755824204ffff,8a755824206ffff,8a7558242047fff,8a75582423b7fff,8a7558242397fff,8a755824239ffff,8a755824274ffff",1
20,526438862#2,-1323419243,0.0,0.4,0.4,0.1999999999999999,0.1999999999999999,0.6,0.6,0.6,0.2,0.6,0.6,0.6,1.0,0.1999999999999999,0.1999999999999999,0.1999999999999999,0.6,0.1999999999999999,0.1999999999999999,0.1999999999999999,0.4,0.4,0.4,"8a75582423a7fff,8a755824204ffff,8a7558242317fff,8a75582423affff,8a7558242387fff,8a7558242397fff,8a755824274ffff",4
20,526438862#2,-1323419243,0.6,0.0,0.9,0.7,0.7,0.6,0.6,0.6,0.8,0.6,0.6,0.6,0.8,0.6,0.6,0.6,0.1999999999999999,0.0,0.7,0.6,0.0,0.0,0.8,"8a75582423a7fff,8a755824204ffff,8a755824206ffff,8a7558242047fff,8a75582423b7fff,8a7558242397fff,8a755824274ffff",1
20,526438862#2,-1323419243,0.1999999999999999,0.6,0.6,0.4,0.1999999999999999,0.6,0.6,0.6,0.6,0.6,0.6,0.6,0.6,0.0,0.0,0.0,0.6,0.6,0.0,0.0,0.6,0.8,0.1999999999999999,"8a75582423a7fff,8a755824204ffff,8a7558242317fff,8a75582423affff,8a7558242387fff,8a7558242397fff,8a755824239ffff,8a755824274ffff",4
21,71324347#0,-101746498#2,0.5,0.5,0.5,0.5,0.5,0.5,0.75,0.75,0.75,0.75,0.75,0.75,0.5,0.25,0.0,0.25,0.25,0.0,0.0,0.25,0.5,0.5,0.0,"8a7558242307fff,8a7558242317fff,8a75582423affff,8a7558242387fff,8a7558242217fff,8a7558242237fff,8a7558242207fff,8a755824220ffff,8a755824225ffff",2
21,71324347#0,-101746498#2,0.0,0.0,1.0,0.0,0.0,1.0,0.75,0.75,0.75,0.75,0.75,0.75,1.0,0.25,0.5,0.25,0.25,0.5,0.5,0.25,0.0,0.0,0.5,"8a7558242307fff,8a7558242317fff,8a75582423affff,8a7558242387fff,8a7558242217fff,8a75582422a7fff,8a755825c927fff,8a755824225ffff,8a755824220ffff",3
22,297823019#4,-101787498,0.0,0.0,1.0,0.0,0.25,0.5,0.75,0.75,0.5,0.5,0.75,0.75,1.0,0.0,0.0,0.0,0.5,0.5,0.5,0.5,0.0,0.0,0.5,"8a7558240487fff,8a7558240497fff,8a7558242847fff,8a755824285ffff,8a7558242bb7fff,8a7558242b87fff,8a7558242b9ffff,8a7558242147fff,8a755824214ffff,8a7558242a97fff,8a755824206ffff,8a7558242047fff,8a75582423b7fff,8a7558242397fff,8a755824274ffff,8a7558242297fff,8a755824266ffff,8a755825c937fff,8a755825c9affff,8a755825c98ffff",3
22,297823019#4,-101787498,0.5,0.5,0.5,0.5,0.25,1.0,0.75,0.75,1.0,1.0,0.75,0.75,0.5,0.5,0.5,0.5,0.0,0.0,0.0,0.0,0.5,0.5,0.0,"8a7558240487fff,8a7558240497fff,8a7558242847fff,8a755824285ffff,8a7558242bb7fff,8a7558242b87fff,8a7558242b9ffff,8a7558242147fff,8a755824214ffff,8a7558242a97fff,8a755824206ffff,8a7558242047fff,8a75582423b7fff,8a7558242397fff,8a755824239ffff,8a755824274ffff,8a7558242297fff,8a755824266ffff,8a755825c937fff,8a755825c9affff,8a755825c98ffff",2
23,-47374665#1,-100468681#0,0.8,0.8,1.0,0.0,0.4,1.0,0.6,0.6,1.0,1.0,0.6,0.6,0.2,0.0,0.4,0.4,0.4,0.0,0.6,0.4,0.8,0.4,0.1999999999999999,"8a7558242387fff,8a7558242217fff,8a7558242397fff,8a75582423a7fff,8a75582423b7fff,8a75582420effff,8a7558242047fff,8a7558242067fff,8a7558242a97fff,8a7558242ab7fff,8a7558242b9ffff,8a7558242147fff,8a7558242167fff,8a7558242177fff,8a75582428dffff,8a75582428d7fff,8a755824288ffff,8a7558242c0ffff,8a7558242c1ffff",2
23,-47374665#1,-100468681#0,0.6,0.6,0.8,0.1999999999999999,0.4,0.8,0.6,0.6,0.8,0.8,0.6,0.6,0.4,0.1999999999999999,0.6,0.6,0.4,0.1999999999999999,0.8,0.6,0.6,0.8,0.0,"8a7558242387fff,8a7558242217fff,8a7558242397fff,8a75582423a7fff,8a75582423b7fff,8a75582420effff,8a7558242047fff,8a7558242067fff,8a7558242a97fff,8a7558242ab7fff,8a7558242b9ffff,8a7558242147fff,8a7558242167fff,8a7558242177fff,8a75582428dffff,8a75582428d7fff,8a755824288ffff,8a7558242c0ffff,8a7558242c1ffff",0
23,-47374665#1,-100468681#0,0.4,0.4,0.6,0.4,0.4,0.6,0.6,0.6,0.6,0.2,0.6,0.6,1.0,0.4,0.8,0.8,0.4,0.8,0.4,0.8,0.4,0.0,0.4,"8a7558242387fff,8a7558242217fff,8a7558242397fff,8a75582423a7fff,8a75582423b7fff,8a75582420effff,8a7558242047fff,8a7558242067fff,8a7558242077fff,8a755824200ffff,8a7558242007fff,8a7558242037fff,8a75582421affff,8a755824211ffff,8a755824212ffff,8a7558242127fff,8a755824288ffff,8a7558242c0ffff,8a7558242c1ffff",1
23,-47374665#1,-100468681#0,0.0,0.0,0.2,0.8,0.4,0.2,0.6,0.6,0.2,0.4,0.6,0.6,0.8,0.8,0.1999999999999999,0.1999999999999999,0.4,0.6,0.1999999999999999,0.1999999999999999,0.0,0.6,0.6,"8a7558242387fff,8a7558242217fff,8a7558242397fff,8a75582423a7fff,8a75582423b7fff,8a75582420effff,8a7558242047fff,8a7558242067fff,8a7558242a97fff,8a7558242ab7fff,8a7558242b9ffff,8a7558242147fff,8a7558242167fff,8a7558242177fff,8a75582428dffff,8a755824212ffff,8a7558242127fff,8a755824288ffff,8a7558242c0ffff,8a7558242c1ffff",1
23,-47374665#1,-100468681#0,0.1999999999999999,0.1999999999999999,0.4,0.6,0.4,0.4,0.6,0.6,0.4,0.6,0.6,0.6,0.6,0.6,0.0,0.0,0.4,0.4,0.0,0.0,0.1999999999999999,0.1999999999999999,0.8,"8a7558242387fff,8a7558242217fff,8a7558242397fff,8a75582423a7fff,8a75582423b7fff,8a75582420effff,8a7558242047fff,8a7558242067fff,8a7558242a97fff,8a7558242ab7fff,8a7558242b9ffff,8a7558242147fff,8a7558242167fff,8a7558242177fff,8a75582428dffff,8a755824212ffff,8a7558242127fff,8a755824288ffff,8a7558242c0ffff,8a7558242c1ffff",1
24,-297823024,101767915#1,0.5,0.5,0.5,0.5,0.25,1.0,0.75,0.75,1.0,1.0,0.75,0.75,0.5,0.5,0.5,0.5,0.0,0.0,0.0,0.0,0.5,0.5,0.0,"8a7558240487fff,8a75582404affff,8a7558240497fff,8a7558242847fff,8a755824285ffff,8a7558242bb7fff,8a7558242b87fff,8a7558242b9ffff,8a7558242147fff,8a755824214ffff,8a7558242a97fff,8a755824206ffff,8a7558242047fff,8a75582423b7fff,8a7558242397fff,8a755824239ffff,8a755824274ffff,8a7558242297fff,8a755824266ffff,8a755825c937fff,8a755825c90ffff,8a755825c977fff,8a755825c957fff,8a755825c827fff",2
24,-297823024,101767915#1,0.0,0.0,1.0,0.0,0.25,0.5,0.75,0.75,0.5,0.5,0.75,0.75,1.0,0.0,0.0,0.0,0.5,0.5,0.5,0.5,0.0,0.0,0.5,"8a7558240487fff,8a75582404affff,8a7558240497fff,8a7558242847fff,8a755824285ffff,8a7558242bb7fff,8a7558242b87fff,8a7558242b9ffff,8a7558242147fff,8a755824214ffff,8a7558242a97fff,8a755824206ffff,8a7558242047fff,8a75582423b7fff,8a7558242397fff,8a755824274ffff,8a7558242297fff,8a755824266ffff,8a755825c937fff,8a755825c90ffff,8a755825c977fff,8a755825c957fff,8a755825c827fff",3
25,-101611601,-1323419243,0.5,0.5,0.5,0.5,0.25,1.0,0.75,0.75,1.0,1.0,0.75,0.75,0.5,0.5,0.5,0.5,0.0,0.5,0.0,0.25,0.5,0.5,0.0,"8a755824285ffff,8a7558242bb7fff,8a7558242b87fff,8a7558242b9ffff,8a7558242147fff,8a755824214ffff,8a7558242a97fff,8a755824206ffff,8a7558242047fff,8a75582423b7fff,8a7558242397fff,8a755824239ffff,8a755824274ffff",2
25,-101611601,-1323419243,0.0,0.0,1.0,0.0,0.25,0.5,0.75,0.75,0.5,0.5,0.75,0.75,1.0,0.0,0.0,0.0,0.5,0.0,0.5,0.25,0.0,0.0,0.5,"8a755824285ffff,8a7558242bb7fff,8a7558242b87fff,8a7558242b9ffff,8a7558242147fff,8a755824214ffff,8a7558242a97fff,8a755824206ffff,8a7558242047fff,8a75582423b7fff,8a7558242397fff,8a755824274ffff",3
26,-100488715#4,-101611601,0.0,0.0,1.0,0.0,0.0,1.0,1.0,1.0,1.0,1.0,1.0,1.0,1.0,0.0,0.0,0.0,0.0,0.0,0.0,0.0,0.0,0.0,0.0,"8a75582420dffff,8a75582420cffff,8a75582420effff,8a7558242047fff,8a7558242067fff,8a7558242a97fff,8a7558242ab7fff,8a7558242b9ffff,8a7558242b87fff,8a7558242bb7fff,8a755824285ffff",3
27,868087112,416373452,0.0,0.0,1.0,0.0,0.0,1.0,1.0,1.0,1.0,1.0,1.0,1.0,1.0,0.0,0.0,0.0,0.0,0.0,0.0,0.0,0.0,0.0,0.0,"8a755824204ffff,8a755824206ffff,8a7558242047fff,8a75582423b7fff,8a75582420effff",3
28,75421017,-100468675#0,0.0,0.0,0.75,0.25,0.25,0.5,0.75,0.75,0.75,0.75,0.75,0.75,0.75,0.25,0.25,0.25,0.25,0.25,0.25,0.25,0.0,0.0,0.5,"8a7558242047fff,8a7558242067fff,8a7558242077fff,8a755824200ffff,8a7558242007fff,8a7558242037fff,8a75582421affff,8a75582421b7fff,8a7558242ce7fff,8a7558242c1ffff",3
28,75421017,-100468675#0,0.5,0.5,0.75,0.25,0.25,1.0,0.75,0.75,0.75,0.75,0.75,0.75,0.75,0.25,0.25,0.25,0.25,0.25,0.25,0.25,0.5,0.5,0.0,"8a7558242047fff,8a7558242067fff,8a7558242077fff,8a755824200ffff,8a7558242007fff,8a7558242037fff,8a75582421affff,8a75582421b7fff,8a7558242ce7fff,8a7558242c1ffff",2
29,416409192#0,-416409191#0,0.5,0.5,0.75,0.25,0.25,0.75,0.75,0.75,0.75,0.75,0.75,0.75,0.75,0.25,0.25,0.25,0.25,0.5,0.25,0.25,0.5,0.5,0.0,"8a755825138ffff,8a75582513affff,8a755825131ffff,8a755825130ffff,8a7558251307fff,8a755825132ffff,8a7558251a8ffff,8a7558251af7fff,8a7558251a47fff",2
29,416409192#0,-416409191#0,0.0,0.0,0.75,0.25,0.25,0.75,0.75,0.75,0.75,0.75,0.75,0.75,0.75,0.25,0.25,0.25,0.25,0.0,0.25,0.25,0.0,0.0,0.5,"8a755825138ffff,8a75582513affff,8a755825131ffff,8a755825130ffff,8a7558251307fff,8a755825132ffff,8a7558251a47fff,8a7558251af7fff",3
30,-282689975#2,-101594836#0,0.0,0.0,0.75,0.25,0.25,0.5,0.75,0.75,0.5,0.75,0.75,0.75,1.0,0.25,0.5,0.5,0.5,0.0,0.5,0.5,0.0,0.0,0.5,"8a75582406affff,8a7558240687fff,8a7558240697fff,8a7558242a6ffff,8a7558242a67fff,8a7558242a77fff,8a7558242b5ffff,8a7558242b0ffff,8a7558242b07fff,8a7558242b17fff,8a755824284ffff,8a755824285ffff",3
30,-282689975#2,-101594836#0,0.5,0.5,0.75,0.25,0.25,1.0,0.75,0.75,1.0,0.75,0.75,0.75,0.5,0.25,0.0,0.0,0.0,0.5,0.0,0.0,0.5,0.5,0.0,"8a75582406affff,8a7558240687fff,8a7558240697fff,8a7558242a6ffff,8a7558242a67fff,8a7558242a77fff,8a7558242b5ffff,8a7558242b0ffff,8a7558242b07fff,8a7558242b17fff,8a755824284ffff,8a755824285ffff",2
31,120511932#0,100475365#1,0.0,0.0,1.0,0.0,0.0,1.0,1.0,1.0,1.0,1.0,1.0,1.0,1.0,0.0,0.0,0.0,0.0,0.0,0.0,0.0,0.0,0.0,0.0,"8a7558242167fff,8a7558242147fff,8a7558242077fff,8a755824200ffff,8a7558242007fff",3
32,-101604513#1,-100468675#0,0.0,0.0,0.75,0.25,0.25,0.5,0.75,0.75,0.75,0.75,0.75,0.75,0.75,0.25,0.25,0.25,0.25,0.25,0.25,0.25,0.0,0.0,0.5,"8a7558242007fff,8a7558242037fff,8a75582421affff,8a75582421b7fff,8a7558242ce7fff,8a7558242c1ffff",3
32,-101604513#1,-100468675#0,0.5,0.5,0.75,0.25,0.25,1.0,0.75,0.75,0.75,0.75,0.75,0.75,0.75,0.25,0.25,0.25,0.25,0.25,0.25,0.25,0.5,0.5,0.0,"8a7558242007fff,8a7558242037fff,8a75582421affff,8a75582421b7fff,8a7558242ce7fff,8a7558242c1ffff",2
33,-100468675#0,-101604513#1,0.5,0.0,1.0,0.0,0.0,1.0,0.75,0.75,0.75,1.0,0.75,0.75,0.5,0.0,0.0,0.0,0.25,0.0,0.0,0.25,0.0,0.0,0.5,"8a7558242c1ffff,8a7558242c0ffff,8a755824288ffff,8a7558242127fff,8a755824212ffff,8a755824211ffff,8a75582421affff,8a7558242037fff,8a7558242007fff",3
33,-100468675#0,-101604513#1,0.0,0.5,0.5,0.5,0.5,0.5,0.75,0.75,0.75,0.5,0.75,0.75,1.0,0.5,0.5,0.5,0.25,0.5,0.5,0.25,0.5,0.5,0.0,"8a7558242c1ffff,8a7558242ce7fff,8a75582421b7fff,8a75582421a7fff,8a7558242137fff,8a7558242127fff,8a755824212ffff,8a755824211ffff,8a75582421affff,8a7558242037fff,8a7558242007fff",0
34,-416409190,-100468681#0,0.25,0.5,0.375,0.125,0.375,0.5,0.625,0.625,0.625,0.75,0.625,0.625,0.5,0.375,0.25,0.25,0.375,0.125,0.25,0.25,0.5,0.5,0.25,"8a755825132ffff,8a7558251a8ffff,8a7558251a47fff,8a755824268ffff,8a75582426f7fff,8a755824261ffff,8a755824260ffff,8a755824262ffff,8a755824270ffff,8a75582420dffff,8a75582420c7fff,8a75582420e7fff,8a755824200ffff,8a7558242007fff,8a7558242037fff,8a75582421affff,8a755824211ffff,8a755824212ffff,8a7558242127fff,8a755824288ffff,8a7558242c0ffff,8a7558242c1ffff",2
34,-416409190,-100468681#0,0.5,0.25,0.875,0.625,0.375,0.75,0.625,0.625,0.625,0.5,0.625,0.625,0.75,0.375,0.5,0.5,0.375,0.625,0.5,0.5,0.25,0.25,0.5,"8a755825132ffff,8a7558251a8ffff,8a7558251af7fff,8a7558251a47fff,8a755824268ffff,8a75582426f7fff,8a755824261ffff,8a755824260ffff,8a755824262ffff,8a755824270ffff,8a75582420dffff,8a75582420c7fff,8a75582420e7fff,8a755824200ffff,8a7558242007fff,8a7558242037fff,8a75582421affff,8a755824211ffff,8a755824212ffff,8a7558242127fff,8a755824288ffff,8a7558242c0ffff,8a7558242c1ffff",1
34,-416409190,-100468681#0,0.0,0.0,0.875,0.625,0.375,1.0,0.625,0.625,0.625,0.25,0.625,0.625,1.0,0.375,0.75,0.75,0.375,0.125,0.75,0.75,0.0,0.0,0.75,"8a755825132ffff,8a7558251a8ffff,8a7558251a47fff,8a755824268ffff,8a75582426f7fff,8a755824261ffff,8a755824260ffff,8a755824262ffff,8a755824270ffff,8a75582420dffff,8a75582420c7fff,8a75582420e7fff,8a755824200ffff,8a7558242007fff,8a7558242037fff,8a75582421affff,8a755824211ffff,8a755824212ffff,8a7558242127fff,8a755824288ffff,8a7558242c0ffff,8a7558242c1ffff",1
34,-416409190,-100468681#0,0.75,0.75,0.375,0.125,0.375,0.25,0.625,0.625,0.625,1.0,0.625,0.625,0.25,0.375,0.0,0.0,0.375,0.625,0.0,0.0,0.75,0.75,0.0,"8a755825132ffff,8a7558251a8ffff,8a7558251af7fff,8a7558251a47fff,8a755824268ffff,8a75582426f7fff,8a755824261ffff,8a755824260ffff,8a755824262ffff,8a755824270ffff,8a75582420dffff,8a75582420c7fff,8a75582420e7fff,8a755824200ffff,8a7558242007fff,8a7558242037fff,8a75582421affff,8a755824211ffff,8a755824212ffff,8a7558242127fff,8a755824288ffff,8a7558242c0ffff,8a7558242c1ffff",4
35,297823019#3,-71324343#0,0.0666666666666666,0.1333333333333333,0.4,0.6,0.4666666666666667,0.3,0.5166666666666667,0.5166666666666667,0.6,0.4833333333333333,0.5166666666666667,0.5166666666666667,0.4333333333333333,0.4833333333333333,0.9,0.9,0.9,0.0666666666666666,0.9666666666666668,0.6333333333333333,0.1333333333333333,0.4666666666666667,0.8666666666666667,"8a7558240487fff,8a7558240497fff,8a7558242847fff,8a755824285ffff,8a755824284ffff,8a7558242b17fff,8a7558242b07fff,8a7558242b0ffff,8a7558242b1ffff,8a7558242a37fff,8a7558242b8ffff,8a7558242aa7fff,8a7558242a87fff,8a7558242aaffff,8a7558242a1ffff",1
35,297823019#3,-71324343#0,0.2666666666666667,0.3,0.9333333333333332,0.0333333333333333,0.4666666666666667,0.6333333333333333,0.5166666666666667,0.5166666666666667,0.8333333333333334,0.4833333333333333,0.5166666666666667,0.5166666666666667,0.2,0.4833333333333333,0.7666666666666666,0.7666666666666666,0.6666666666666667,0.5666666666666667,0.8333333333333334,0.5,0.3,0.0,0.7666666666666666,"8a7558240487fff,8a7558240497fff,8a755824049ffff,8a75582404d7fff,8a7558242b2ffff,8a7558242b0ffff,8a7558242b1ffff,8a7558242a37fff,8a7558242b8ffff,8a7558242aa7fff,8a7558242aaffff,8a7558242a1ffff",1
35,297823019#3,-71324343#0,0.0333333333333333,0.0333333333333333,0.1,0.9,0.4666666666666667,0.1,0.5166666666666667,0.5166666666666667,0.1666666666666666,1.0,0.5166666666666667,0.5166666666666667,0.5333333333333333,0.4833333333333333,0.9333333333333332,0.9333333333333332,0.9,0.0333333333333333,0.4,0.8333333333333334,0.0333333333333333,0.4333333333333333,0.9666666666666668,"8a7558240487fff,8a7558240497fff,8a7558242847fff,8a755824285ffff,8a7558242bb7fff,8a7558242b87fff,8a7558242b9ffff,8a7558242147fff,8a755824214ffff,8a7558242a97fff,8a7558242a87fff,8a7558242aa7fff,8a7558242aaffff,8a7558242a1ffff",1
35,297823019#3,-71324343#0,0.4333333333333333,0.6,0.2,0.7666666666666666,0.4666666666666667,0.3666666666666666,0.5166666666666667,0.5166666666666667,0.0666666666666666,0.4833333333333333,0.5166666666666667,0.5166666666666667,0.9666666666666668,0.4833333333333333,0.5666666666666667,0.5666666666666667,0.4333333333333333,0.1999999999999999,0.6333333333333333,0.8333333333333334,0.6,0.5333333333333333,0.5333333333333333,"8a7558240487fff,8a7558240497fff,8a7558242847fff,8a755824285ffff,8a755824284ffff,8a7558242b17fff,8a7558242b07fff,8a7558242b0ffff,8a7558242a27fff,8a7558242a2ffff,8a7558242a0ffff,8a7558242a07fff,8a7558242a1ffff,8a7558242aaffff",0
35,297823019#3,-71324343#0,0.3,0.4666666666666667,0.2833333333333333,0.7166666666666667,0.4666666666666667,0.2333333333333333,0.5166666666666667,0.5166666666666667,0.4333333333333333,0.4833333333333333,0.5166666666666667,0.5166666666666667,0.6666666666666666,0.4833333333333333,0.6666666666666667,0.6666666666666667,0.9,0.4,0.7333333333333334,0.3333333333333333,0.4666666666666667,0.5666666666666667,0.7333333333333334,"8a7558240487fff,8a7558240497fff,8a7558242847fff,8a755824285ffff,8a755824284ffff,8a7558242b17fff,8a7558242b07fff,8a7558242b0ffff,8a7558242b1ffff,8a7558242a37fff,8a7558242b8ffff,8a7558242a17fff,8a7558242a27fff,8a7558242a07fff,8a7558242a1ffff,8a7558242aaffff",1
35,297823019#3,-71324343#0,0.6,0.7333333333333334,0.1333333333333333,0.8666666666666667,0.4666666666666667,0.1333333333333333,0.5166666666666667,0.5166666666666667,0.1,0.4833333333333333,0.5166666666666667,0.5166666666666667,0.9333333333333332,0.4833333333333333,0.4666666666666667,0.4666666666666667,0.3333333333333333,0.6666666666666667,0.5333333333333333,0.8333333333333334,0.7333333333333334,0.6,0.3666666666666667,"8a7558240487fff,8a7558240497fff,8a7558242847fff,8a755824285ffff,8a755824284ffff,8a7558242b17fff,8a7558242b07fff,8a7558242b0ffff,8a7558242a27fff,8a7558242a07fff,8a7558242a1ffff,8a7558242aaffff",0
35,297823019#3,-71324343#0,0.0,0.0,0.0333333333333333,0.9666666666666668,0.9666666666666668,0.0333333333333333,0.5166666666666667,0.5166666666666667,0.2,0.9666666666666668,0.5166666666666667,0.5166666666666667,0.5,0.4833333333333333,0.9666666666666668,0.9666666666666668,0.9,0.0,0.4333333333333333,0.8333333333333334,0.0,0.3666666666666667,0.9333333333333332,"8a7558240487fff,8a7558240497fff,8a7558242847fff,8a755824285ffff,8a7558242bb7fff,8a7558242b87fff,8a7558242b9ffff,8a7558242147fff,8a755824214ffff,8a7558242a97fff,8a7558242a87fff,8a7558242aa7fff,8a7558242aaffff,8a7558242a1ffff",1
35,297823019#3,-71324343#0,0.6666666666666667,0.8333333333333334,0.0666666666666666,0.9333333333333332,0.4666666666666667,0.0666666666666666,0.5166666666666667,0.5166666666666667,0.1333333333333333,0.4833333333333333,0.5166666666666667,0.5166666666666667,0.9,0.4833333333333333,0.4,0.4,0.3,0.8,0.4666666666666667,0.8333333333333334,0.8333333333333334,0.6333333333333333,0.2333333333333332,"8a7558240487fff,8a7558240497fff,8a7558242847fff,8a755824285ffff,8a755824284ffff,8a7558242b17fff,8a7558242b07fff,8a7558242b0ffff,8a7558242a27fff,8a7558242a07fff,8a7558242a1ffff,8a7558242aaffff",0
35,297823019#3,-71324343#0,0.4666666666666667,0.3666666666666667,0.7166666666666667,0.2833333333333333,0.4666666666666667,0.8,0.5166666666666667,0.5166666666666667,0.9333333333333332,0.4833333333333333,0.5166666666666667,0.5166666666666667,0.1,0.4833333333333333,0.1666666666666666,0.1666666666666666,0.6333333333333333,0.1333333333333333,0.1666666666666666,0.4333333333333333,0.3666666666666667,0.7666666666666666,0.4333333333333333,"8a7558240487fff,8a7558240497fff,8a755824049ffff,8a755824048ffff,8a75582404d7fff,8a7558242b2ffff,8a7558242b0ffff,8a7558242b07fff,8a7558242b1ffff,8a7558242a37fff,8a7558242b8ffff,8a7558242aa7fff,8a7558242a87fff,8a7558242aaffff,8a7558242a1ffff",4
35,297823019#3,-71324343#0,0.7,0.6666666666666667,0.5333333333333333,0.4666666666666667,0.4666666666666667,0.7333333333333333,0.5166666666666667,0.5166666666666667,0.7,0.4833333333333333,0.5166666666666667,0.5166666666666667,0.3333333333333333,0.4833333333333333,0.0666666666666666,0.0666666666666666,0.4,0.5,0.0666666666666666,0.1666666666666666,0.6666666666666667,0.8666666666666667,0.1999999999999999,"8a7558240487fff,8a7558240497fff,8a755824049ffff,8a755824048ffff,8a75582404d7fff,8a7558242b2ffff,8a7558242b0ffff,8a7558242b07fff,8a7558242b1ffff,8a7558242a37fff,8a7558242b8ffff,8a7558242a17fff,8a7558242a27fff,8a7558242a07fff,8a7558242a1ffff,8a7558242aaffff",4
35,297823019#3,-71324343#0,0.1999999999999999,0.1666666666666666,1.0,0.0,0.4666666666666667,0.7666666666666667,0.5166666666666667,0.5166666666666667,0.8666666666666667,0.4833333333333333,0.5166666666666667,0.5166666666666667,0.1666666666666666,0.4833333333333333,0.8666666666666667,0.8666666666666667,0.7666666666666666,0.3,0.9333333333333332,0.6,0.1666666666666666,0.0666666666666666,0.7,"8a7558240487fff,8a7558240497fff,8a755824049ffff,8a75582404d7fff,8a7558242b2ffff,8a7558242b0ffff,8a7558242b1ffff,8a7558242a37fff,8a7558242b8ffff,8a7558242aa7fff,8a7558242a87fff,8a7558242aaffff,8a7558242a1ffff",1
35,297823019#3,-71324343#0,0.1666666666666666,0.1999999999999999,0.6666666666666666,0.3333333333333333,0.4666666666666667,0.5,0.5166666666666667,0.5166666666666667,0.7666666666666667,0.4833333333333333,0.5166666666666667,0.5166666666666667,0.2666666666666666,0.4833333333333333,0.1999999999999999,0.1999999999999999,0.7333333333333334,0.2666666666666667,0.1999999999999999,0.5666666666666667,0.1999999999999999,0.0333333333333333,0.8333333333333334,"8a7558240487fff,8a7558240497fff,8a755824049ffff,8a75582404d7fff,8a7558242b2ffff,8a7558242b0ffff,8a7558242b07fff,8a7558242b1ffff,8a7558242a37fff,8a7558242b8ffff,8a7558242aa7fff,8a7558242aaffff,8a7558242a1ffff",1
35,297823019#3,-71324343#0,0.1333333333333333,0.0666666666666666,0.7833333333333333,0.2333333333333332,0.4666666666666667,0.5666666666666667,0.5166666666666667,0.5166666666666667,0.8,0.4833333333333333,0.5166666666666667,0.5166666666666667,0.2333333333333333,0.4833333333333333,0.2666666666666667,0.2666666666666667,0.8,0.0999999999999999,0.2666666666666667,0.6666666666666667,0.0666666666666666,0.0999999999999999,0.8,"8a7558240487fff,8a7558240497fff,8a755824049ffff,8a75582404d7fff,8a7558242b2ffff,8a7558242b0ffff,8a7558242b07fff,8a7558242b1ffff,8a7558242a37fff,8a7558242b8ffff,8a7558242aa7fff,8a7558242a87fff,8a7558242aaffff,8a7558242a1ffff",1
35,297823019#3,-71324343#0,0.5333333333333333,0.5,0.5833333333333334,0.4333333333333333,0.4666666666666667,0.7,0.5166666666666667,0.5166666666666667,0.9,0.4833333333333333,0.5166666666666667,0.5166666666666667,0.1333333333333333,0.4833333333333333,0.0999999999999999,0.0999999999999999,0.5333333333333333,0.4333333333333333,0.0999999999999999,0.3,0.5,0.7333333333333334,0.5,"8a7558240487fff,8a7558240497fff,8a755824049ffff,8a755824048ffff,8a75582404d7fff,8a7558242b2ffff,8a7558242b0ffff,8a7558242b07fff,8a7558242b1ffff,8a7558242a37fff,8a7558242b8ffff,8a7558242aa7fff,8a7558242aaffff,8a7558242a1ffff",4
35,297823019#3,-71324343#0,0.2333333333333332,0.2333333333333332,0.3666666666666666,0.6333333333333333,0.4666666666666667,0.4333333333333333,0.5166666666666667,0.5166666666666667,0.0333333333333333,0.4833333333333333,0.5166666666666667,0.5166666666666667,1.0,0.4833333333333333,0.8333333333333334,0.8333333333333334,0.7,0.3666666666666667,0.9,0.8333333333333334,0.2333333333333332,0.5,0.6666666666666667,"8a7558240487fff,8a7558240497fff,8a7558242847fff,8a755824285ffff,8a755824284ffff,8a7558242b17fff,8a7558242b07fff,8a7558242b0ffff,8a7558242a27fff,8a7558242a2ffff,8a7558242a0ffff,8a7558242a1ffff,8a7558242aaffff",1
35,297823019#3,-71324343#0,0.9,0.8666666666666667,0.4333333333333333,0.5666666666666667,0.4666666666666667,0.4666666666666667,0.5166666666666667,0.5166666666666667,0.4,0.4833333333333333,0.5166666666666667,0.5166666666666667,0.7,0.4833333333333333,0.0,0.0,0.0999999999999999,0.7,0.0,0.8333333333333334,0.8666666666666667,0.9333333333333332,0.0333333333333333,"8a7558240487fff,8a7558240497fff,8a755824049ffff,8a755824048ffff,8a75582404d7fff,8a7558242b2ffff,8a7558242b0ffff,8a7558242b07fff,8a7558242a27fff,8a7558242a07fff,8a7558242a1ffff,8a7558242aaffff",4
35,297823019#3,-71324343#0,0.4,0.3333333333333333,0.7833333333333333,0.1999999999999999,0.4666666666666667,0.9666666666666668,0.5166666666666667,0.5166666666666667,0.2666666666666666,0.4833333333333333,0.5166666666666667,0.5166666666666667,0.8333333333333334,0.4833333333333333,0.7333333333333334,0.7333333333333334,0.2333333333333332,0.7666666666666666,0.8,0.4666666666666667,0.3333333333333333,0.1333333333333333,0.6333333333333333,"8a7558240487fff,8a7558240497fff,8a755824049ffff,8a75582404d7fff,8a7558242b2ffff,8a7558242b0ffff,8a7558242a27fff,8a7558242a2ffff,8a7558242a0ffff,8a7558242a1ffff,8a7558242aaffff",1
35,297823019#3,-71324343#0,0.6333333333333333,0.5666666666666667,0.8833333333333333,0.1166666666666667,0.4666666666666667,0.8333333333333334,0.5166666666666667,0.5166666666666667,0.9666666666666668,0.4833333333333333,0.5166666666666667,0.5166666666666667,0.0666666666666666,0.4833333333333333,0.6,0.6,0.4666666666666667,0.6333333333333333,0.6666666666666667,0.2333333333333332,0.5666666666666667,0.6666666666666667,0.4,"8a7558240487fff,8a7558240497fff,8a755824049ffff,8a755824048ffff,8a75582404d7fff,8a7558242b2ffff,8a7558242b0ffff,8a7558242b1ffff,8a7558242a37fff,8a7558242b8ffff,8a7558242aa7fff,8a7558242aaffff,8a7558242a1ffff",0
35,297823019#3,-71324343#0,0.0999999999999999,0.2666666666666667,0.3333333333333333,0.6666666666666667,0.4666666666666667,0.2666666666666666,0.5166666666666667,0.5166666666666667,0.5666666666666667,0.4833333333333333,0.5166666666666667,0.5166666666666667,0.4666666666666667,0.4833333333333333,0.8,0.8,0.9,0.1666666666666666,0.8666666666666667,0.5333333333333333,0.2666666666666667,0.4,0.9,"8a7558240487fff,8a7558240497fff,8a7558242847fff,8a755824285ffff,8a755824284ffff,8a7558242b17fff,8a7558242b07fff,8a7558242b0ffff,8a7558242b1ffff,8a7558242a37fff,8a7558242b8ffff,8a7558242aa7fff,8a7558242aaffff,8a7558242a1ffff",1
35,297823019#3,-71324343#0,0.3333333333333333,0.0999999999999999,0.6333333333333333,0.3666666666666667,0.4666666666666667,0.9333333333333332,0.5166666666666667,0.5166666666666667,0.2333333333333333,0.4833333333333333,0.5166666666666667,0.5166666666666667,0.8666666666666667,0.4833333333333333,0.2333333333333332,0.2333333333333332,0.2666666666666667,0.3333333333333333,0.2333333333333332,0.8333333333333334,0.0999999999999999,0.2666666666666667,0.5666666666666667,"8a7558240487fff,8a7558240497fff,8a755824049ffff,8a75582404d7fff,8a7558242b2ffff,8a7558242b0ffff,8a7558242b07fff,8a7558242a27fff,8a7558242a2ffff,8a7558242a0ffff,8a7558242a1ffff,8a7558242aaffff",1
35,297823019#3,-71324343#0,0.9666666666666668,0.9666666666666668,0.2333333333333333,0.8,0.4666666666666667,0.3333333333333333,0.5166666666666667,0.5166666666666667,0.5333333333333333,0.4833333333333333,0.5166666666666667,0.5166666666666667,0.5666666666666667,0.4833333333333333,0.3,0.3,0.0,0.9666666666666668,0.3,0.0,0.9666666666666668,0.9666666666666668,0.0,"8a7558240487fff,8a7558240497fff,8a755824049ffff,8a755824048ffff,8a75582404d7fff,8a7558242b2ffff,8a7558242b0ffff,8a7558242a27fff,8a7558242a07fff,8a7558242a1ffff,8a7558242aaffff",0
35,297823019#3,-71324343#0,0.7333333333333334,0.8,0.1666666666666666,0.8333333333333334,0.4666666666666667,0.1666666666666666,0.5166666666666667,0.5166666666666667,0.3666666666666666,0.4833333333333333,0.5166666666666667,0.5166666666666667,0.7333333333333333,0.4833333333333333,0.0333333333333333,0.0333333333333333,0.1333333333333333,0.7333333333333334,0.0333333333333333,0.8333333333333334,0.8,0.3333333333333333,0.0999999999999999,"8a7558240487fff,8a7558240497fff,8a755824049ffff,8a75582404d7fff,8a7558242b2ffff,8a7558242b0ffff,8a7558242b07fff,8a7558242a27fff,8a7558242a07fff,8a7558242a1ffff,8a7558242aaffff",4
35,297823019#3,-71324343#0,0.8333333333333334,0.7,0.8333333333333334,0.1666666666666666,0.4666666666666667,0.8666666666666667,0.5166666666666667,0.5166666666666667,0.7333333333333333,0.4833333333333333,0.5166666666666667,0.5166666666666667,0.3,0.4833333333333333,0.5,0.5,0.3666666666666667,0.6,0.5666666666666667,0.1333333333333333,0.7,0.8333333333333334,0.1333333333333333,"8a7558240487fff,8a7558240497fff,8a755824049ffff,8a755824048ffff,8a75582404d7fff,8a7558242b2ffff,8a7558242b0ffff,8a7558242b1ffff,8a7558242a37fff,8a7558242b8ffff,8a7558242a17fff,8a7558242a27fff,8a7558242a07fff,8a7558242a1ffff,8a7558242aaffff",0
35,297823019#3,-71324343#0,0.8666666666666667,0.9,0.2833333333333333,0.7166666666666667,0.4666666666666667,0.2,0.5166666666666667,0.5166666666666667,0.4666666666666667,0.4833333333333333,0.5166666666666667,0.5166666666666667,0.6333333333333333,0.4833333333333333,0.3666666666666667,0.3666666666666667,0.0666666666666666,0.9333333333333332,0.3666666666666667,0.0666666666666666,0.9,0.1999999999999999,0.1666666666666666,"8a7558240487fff,8a7558240497fff,8a755824049ffff,8a75582404d7fff,8a7558242b2ffff,8a7558242b0ffff,8a7558242a27fff,8a7558242a07fff,8a7558242a1ffff,8a7558242aaffff",0
35,297823019#3,-71324343#0,0.9333333333333332,0.9333333333333332,0.4666666666666667,0.5333333333333333,0.4666666666666667,0.6,0.5166666666666667,0.5166666666666667,0.5,0.4833333333333333,0.5166666666666667,0.5166666666666667,0.6,0.4833333333333333,0.3333333333333333,0.3333333333333333,0.0333333333333333,0.9,0.3333333333333333,0.0333333333333333,0.9333333333333332,0.9,0.0666666666666666,"8a7558240487fff,8a7558240497fff,8a755824049ffff,8a755824048ffff,8a75582404d7fff,8a7558242b2ffff,8a7558242b0ffff,8a7558242a27fff,8a7558242a07fff,8a7558242a1ffff,8a7558242aaffff",0
35,297823019#3,-71324343#0,0.5,0.5333333333333333,0.8833333333333333,0.1166666666666667,0.4666666666666667,0.6666666666666666,0.5166666666666667,0.5166666666666667,0.6666666666666666,0.4833333333333333,0.5166666666666667,0.5166666666666667,0.3666666666666666,0.4833333333333333,0.6333333333333333,0.6333333333333333,0.5,0.5333333333333333,0.7,0.2666666666666667,0.5333333333333333,0.2333333333333332,0.4666666666666667,"8a7558240487fff,8a7558240497fff,8a755824049ffff,8a75582404d7fff,8a7558242b2ffff,8a7558242b0ffff,8a7558242b1ffff,8a7558242a37fff,8a7558242b8ffff,8a7558242a17fff,8a7558242a27fff,8a7558242a07fff,8a7558242a1ffff,8a7558242aaffff",2
35,297823019#3,-71324343#0,0.5666666666666667,0.4333333333333333,0.9666666666666668,0.0666666666666666,0.4666666666666667,0.9,0.5166666666666667,0.5166666666666667,1.0,0.4833333333333333,0.5166666666666667,0.5166666666666667,0.0333333333333333,0.4833333333333333,0.7,0.7,0.5666666666666667,0.4666666666666667,0.7666666666666666,0.3666666666666667,0.4333333333333333,0.7,0.3333333333333333,"8a7558240487fff,8a7558240497fff,8a755824049ffff,8a755824048ffff,8a75582404d7fff,8a7558242b2ffff,8a7558242b0ffff,8a7558242b1ffff,8a7558242a37fff,8a7558242b8ffff,8a7558242aa7fff,8a7558242a87fff,8a7558242aaffff,8a7558242a1ffff",0
35,297823019#3,-71324343#0,0.8,0.6333333333333333,0.7166666666666667,0.2833333333333333,0.4666666666666667,1.0,0.5166666666666667,0.5166666666666667,0.3,0.4833333333333333,0.5166666666666667,0.5166666666666667,0.8,0.4833333333333333,0.5333333333333333,0.5333333333333333,0.1999999999999999,0.8333333333333334,0.6,0.1999999999999999,0.6333333333333333,0.8,0.2666666666666667,"8a7558240487fff,8a7558240497fff,8a755824049ffff,8a755824048ffff,8a75582404d7fff,8a7558242b2ffff,8a7558242b0ffff,8a7558242a27fff,8a7558242a2ffff,8a7558242a0ffff,8a7558242a1ffff,8a7558242aaffff",2
35,297823019#3,-71324343#0,0.3666666666666667,0.4,0.5833333333333334,0.4,0.4666666666666667,0.5333333333333333,0.5166666666666667,0.5166666666666667,0.6333333333333333,0.4833333333333333,0.5166666666666667,0.5166666666666667,0.4,0.4833333333333333,0.1333333333333333,0.1333333333333333,0.6,0.2333333333333332,0.1333333333333333,0.4,0.4,0.3,0.6,"8a7558240487fff,8a7558240497fff,8a755824049ffff,8a75582404d7fff,8a7558242b2ffff,8a7558242b0ffff,8a7558242b07fff,8a7558242b1ffff,8a7558242a37fff,8a7558242b8ffff,8a7558242a17fff,8a7558242a27fff,8a7558242a07fff,8a7558242a1ffff,8a7558242aaffff",1
35,297823019#3,-71324343#0,0.7666666666666666,0.7666666666666666,0.5,0.5,0.4666666666666667,0.4,0.5166666666666667,0.5166666666666667,0.3333333333333333,0.4833333333333333,0.5166666666666667,0.5166666666666667,0.7666666666666667,0.4833333333333333,0.4333333333333333,0.4333333333333333,0.1666666666666666,0.8666666666666667,0.5,0.0999999999999999,0.7666666666666666,0.1666666666666666,0.3,"8a7558240487fff,8a7558240497fff,8a755824049ffff,8a75582404d7fff,8a7558242b2ffff,8a7558242b0ffff,8a7558242a27fff,8a7558242a07fff,8a7558242a1ffff,8a7558242aaffff",0
36,-297823021,100475365#1,0.0,0.0,0.5,0.5,0.25,0.5,0.75,0.75,0.75,0.5,0.75,0.75,1.0,0.25,0.5,0.5,0.25,0.0,0.5,0.0,0.0,0.0,0.5,"8a755824048ffff,8a755824049ffff,8a7558240487fff,8a7558240497fff,8a7558242847fff,8a7558242877fff,8a75582428e7fff,8a75582428f7fff,8a75582428d7fff,8a755824288ffff,8a7558242127fff,8a755824212ffff,8a755824211ffff,8a75582421affff,8a7558242037fff,8a7558242007fff,8a755824200ffff",3
36,-297823021,100475365#1,0.5,0.5,1.0,0.0,0.25,1.0,0.75,0.75,0.75,1.0,0.75,0.75,0.5,0.25,0.0,0.0,0.25,0.5,0.0,0.5,0.5,0.5,0.0,"8a755824048ffff,8a755824049ffff,8a7558240487fff,8a7558240497fff,8a7558242847fff,8a7558242877fff,8a75582428e7fff,8a75582428f7fff,8a75582428d7fff,8a75582428dffff,8a755824212ffff,8a755824211ffff,8a75582421affff,8a7558242037fff,8a7558242007fff,8a755824200ffff",2
37,-297823017,-659283000#3,0.75,0.75,0.75,0.25,0.375,1.0,0.625,0.625,1.0,0.625,0.625,0.625,0.25,0.375,0.5,0.625,0.0,0.75,0.5,0.375,0.75,0.5,0.0,"8a7558242847fff,8a7558240497fff,8a755824049ffff,8a755824048ffff,8a75582404d7fff,8a7558242b2ffff,8a7558242b0ffff,8a7558242b1ffff,8a7558242a37fff",0
37,-297823017,-659283000#3,0.25,0.25,1.0,0.75,0.375,0.5,0.625,0.625,0.5,0.625,0.625,0.625,0.75,0.375,0.75,0.625,0.5,0.5,0.75,0.375,0.25,0.0,0.5,"8a7558242847fff,8a7558240497fff,8a755824049ffff,8a75582404d7fff,8a7558242b2ffff,8a7558242b0ffff,8a7558242b1ffff,8a7558242a37fff",1
37,-297823017,-659283000#3,0.5,0.5,0.25,0.5,0.375,0.75,0.625,0.625,0.75,0.625,0.625,0.625,0.5,0.375,0.0,0.0,0.25,0.25,0.0,0.375,0.5,0.75,0.25,"8a7558242847fff,8a7558240497fff,8a755824049ffff,8a755824048ffff,8a75582404d7fff,8a7558242b2ffff,8a7558242b0ffff,8a7558242b07fff,8a7558242b1ffff,8a7558242a37fff",4
37,-297823017,-659283000#3,0.0,0.0,0.5,0.0,0.375,0.25,0.625,0.625,0.25,0.625,0.625,0.625,1.0,0.375,0.25,0.25,0.75,0.0,0.25,0.375,0.0,0.25,0.75,"8a7558242847fff,8a7558240497fff,8a755824049ffff,8a75582404d7fff,8a7558242b2ffff,8a7558242b0ffff,8a7558242b07fff,8a7558242b1ffff,8a7558242a37fff",1
38,75421017,101606547#1,0.5,0.5,1.0,0.0,0.25,0.5,0.75,0.75,0.5,0.5,0.75,0.75,1.0,0.5,0.5,0.5,0.0,0.5,0.0,0.25,0.5,0.5,0.0,"8a7558242047fff,8a7558242067fff,8a7558242a97fff,8a755824206ffff,8a75582423b7fff,8a75582420effff,8a75582420cffff,8a75582420dffff,8a755824270ffff,8a7558242707fff,8a755824271ffff",2
38,75421017,101606547#1,0.0,0.0,0.5,0.5,0.25,1.0,0.75,0.75,1.0,1.0,0.75,0.75,0.5,0.0,0.0,0.0,0.5,0.0,0.5,0.25,0.0,0.0,0.5,"8a7558242047fff,8a7558242067fff,8a7558242a97fff,8a755824206ffff,8a75582423b7fff,8a7558242397fff,8a755824274ffff,8a755824260ffff,8a755824262ffff,8a755824270ffff,8a7558242707fff,8a755824271ffff",3
39,-100468681#0,-336863927#1,0.0,0.0,0.75,0.25,0.25,0.5,0.75,0.75,0.75,0.5,0.75,0.75,1.0,0.25,0.5,0.5,0.25,0.25,0.5,0.5,0.0,0.5,0.5,"8a7558242c0ffff,8a7558242c1ffff,8a755824288ffff,8a75582428d7fff,8a75582428c7fff,8a75582428effff,8a7558242857fff,8a7558242847fff,8a755824295ffff,8a755824282ffff,8a7558242817fff",3
39,-100468681#0,-336863927#1,0.5,0.5,0.75,0.25,0.25,1.0,0.75,0.75,0.75,1.0,0.75,0.75,0.5,0.25,0.0,0.0,0.25,0.25,0.0,0.0,0.5,0.0,0.0,"8a7558242c0ffff,8a7558242c1ffff,8a755824288ffff,8a75582428d7fff,8a75582428c7fff,8a75582428effff,8a7558242857fff,8a7558242847fff,8a755824295ffff,8a755824282ffff,8a7558242817fff",2
40,-101600741#2,-659283000#3,0.5,0.5,0.75,0.25,0.25,1.0,0.75,0.75,1.0,1.0,0.75,0.75,0.5,0.25,0.0,0.0,0.25,0.25,0.0,0.0,0.5,0.0,0.0,"8a7558242137fff,8a75582421a7fff,8a7558242127fff,8a755824288ffff,8a75582428d7fff,8a75582428c7fff,8a75582428effff,8a7558242857fff,8a7558242847fff,8a755824285ffff,8a755824284ffff,8a7558242b17fff,8a7558242b07fff,8a7558242b0ffff,8a7558242b1ffff,8a7558242a37fff",2
40,-101600741#2,-659283000#3,0.0,0.0,0.75,0.25,0.25,0.5,0.75,0.75,0.5,0.5,0.75,0.75,1.0,0.25,0.5,0.5,0.25,0.25,0.5,0.5,0.0,0.5,0.5,"8a7558242137fff,8a75582421a7fff,8a7558242127fff,8a755824288ffff,8a75582428d7fff,8a75582428c7fff,8a75582428effff,8a7558242857fff,8a7558242847fff,8a755824285ffff,8a755824284ffff,8a7558242b17fff,8a7558242b07fff,8a7558242b0ffff,8a7558242b1ffff,8a7558242a37fff",3
41,-297823021,416373452,0.0,0.2222222222222222,0.1111111111111111,0.8888888888888888,0.4444444444444444,0.1111111111111111,0.5555555555555556,0.5555555555555556,0.1111111111111111,1.0,0.5555555555555556,0.5555555555555556,1.0,0.6666666666666667,0.8888888888888888,0.8888888888888888,0.8888888888888888,0.0,0.6666666666666667,0.4444444444444444,0.2222222222222222,0.4444444444444444,0.6666666666666667,"8a755824048ffff,8a755824049ffff,8a7558240487fff,8a7558240497fff,8a7558242847fff,8a755824285ffff,8a7558242bb7fff,8a7558242b87fff,8a7558242b9ffff,8a7558242147fff,8a755824214ffff,8a7558242a97fff,8a755824206ffff,8a7558242047fff,8a75582423b7fff,8a75582420effff",1
41,-297823021,416373452,0.7777777777777778,0.7777777777777778,0.2777777777777778,0.7222222222222222,0.4444444444444444,0.8888888888888888,0.5555555555555556,0.5555555555555556,0.8888888888888888,0.2777777777777778,0.5555555555555556,0.5555555555555556,0.2222222222222222,0.1111111111111111,0.2222222222222222,0.2222222222222222,0.1111111111111111,0.5555555555555556,0.4444444444444444,0.4444444444444444,0.7777777777777778,0.7777777777777778,0.1111111111111111,"8a755824048ffff,8a755824049ffff,8a75582404d7fff,8a7558242b2ffff,8a7558242b0ffff,8a7558242b07fff,8a7558242b1ffff,8a7558242a37fff,8a7558242b8ffff,8a7558242aa7fff,8a7558242a87fff,8a7558242a97fff,8a755824206ffff,8a7558242047fff,8a75582423b7fff,8a75582420effff",0
41,-297823021,416373452,0.8888888888888888,0.8888888888888888,0.7222222222222222,0.0555555555555555,0.4444444444444444,1.0,0.5555555555555556,0.5555555555555556,1.0,0.2777777777777778,0.5555555555555556,0.5555555555555556,0.1111111111111111,0.0,0.6666666666666667,0.6666666666666667,0.0,0.7777777777777778,0.7777777777777778,0.4444444444444444,0.8888888888888888,0.5555555555555556,0.0,"8a755824048ffff,8a755824049ffff,8a75582404d7fff,8a7558242b2ffff,8a7558242b0ffff,8a7558242b1ffff,8a7558242a37fff,8a7558242b8ffff,8a7558242aa7fff,8a7558242a87fff,8a7558242a97fff,8a755824206ffff,8a7558242047fff,8a75582423b7fff,8a75582420effff",0
41,-297823021,416373452,0.5555555555555556,0.5555555555555556,0.7222222222222222,0.0555555555555555,0.4444444444444444,0.6666666666666666,0.5555555555555556,0.5555555555555556,0.5555555555555556,0.8888888888888888,0.5555555555555556,0.5555555555555556,0.5555555555555556,0.3333333333333333,0.3333333333333333,0.3333333333333333,0.3333333333333333,0.3333333333333333,0.2222222222222222,0.4444444444444444,0.5555555555555556,0.6666666666666667,0.2222222222222222,"8a755824048ffff,8a755824049ffff,8a75582404d7fff,8a7558242b2ffff,8a7558242b0ffff,8a7558242b1ffff,8a7558242a37fff,8a7558242b8ffff,8a7558242aa7fff,8a7558242ab7fff,8a7558242a97fff,8a755824206ffff,8a7558242047fff,8a75582423b7fff,8a75582420effff",4
41,-297823021,416373452,0.2222222222222222,0.1111111111111111,0.9444444444444444,0.3888888888888888,0.4444444444444444,0.3333333333333333,0.5555555555555556,0.5555555555555556,0.3333333333333333,0.6666666666666666,0.5555555555555556,0.5555555555555556,0.7777777777777778,0.7777777777777778,0.5555555555555556,0.5555555555555556,0.6666666666666667,0.4444444444444444,0.3333333333333333,0.4444444444444444,0.1111111111111111,0.1111111111111111,0.7777777777777778,"8a755824048ffff,8a755824049ffff,8a75582404d7fff,8a7558242b2ffff,8a7558242b0ffff,8a7558242b1ffff,8a7558242a37fff,8a7558242b8ffff,8a7558242aa7fff,8a7558242ab7fff,8a7558242a97fff,8a755824206ffff,8a7558242047fff,8a75582423b7fff,8a75582420effff",1
41,-297823021,416373452,0.6666666666666667,0.6666666666666667,0.9444444444444444,0.3888888888888888,0.4444444444444444,0.7777777777777778,0.5555555555555556,0.5555555555555556,0.7777777777777778,0.2777777777777778,0.5555555555555556,0.5555555555555556,0.3333333333333333,0.2222222222222222,0.7777777777777778,0.7777777777777778,0.2222222222222222,0.8888888888888888,0.8888888888888888,0.4444444444444444,0.6666666666666667,0.0,0.4444444444444444,"8a755824048ffff,8a755824049ffff,8a75582404d7fff,8a7558242b2ffff,8a7558242b0ffff,8a7558242b1ffff,8a7558242a37fff,8a7558242b8ffff,8a7558242aa7fff,8a7558242a87fff,8a7558242a97fff,8a755824206ffff,8a7558242047fff,8a75582423b7fff,8a75582420effff",2
41,-297823021,416373452,0.4444444444444444,0.4444444444444444,0.5,0.3888888888888888,0.4444444444444444,0.5555555555555556,0.5555555555555556,0.5555555555555556,0.6666666666666666,0.2777777777777778,0.5555555555555556,0.5555555555555556,0.4444444444444444,0.4444444444444444,0.4444444444444444,0.4444444444444444,0.4444444444444444,0.6666666666666667,0.5555555555555556,0.4444444444444444,0.4444444444444444,0.2222222222222222,0.5555555555555556,"8a755824048ffff,8a755824049ffff,8a75582404d7fff,8a7558242b2ffff,8a7558242b0ffff,8a7558242b07fff,8a7558242b1ffff,8a7558242a37fff,8a7558242b8ffff,8a7558242aa7fff,8a7558242a87fff,8a7558242a97fff,8a755824206ffff,8a7558242047fff,8a75582423b7fff,8a75582420effff",2
41,-297823021,416373452,0.1111111111111111,0.0,0.5,0.3888888888888888,0.4444444444444444,0.2222222222222222,0.5555555555555556,0.5555555555555556,0.2222222222222222,0.5555555555555556,0.5555555555555556,0.5555555555555556,0.8888888888888888,0.8888888888888888,0.1111111111111111,0.1111111111111111,0.7777777777777778,0.2222222222222222,0.1111111111111111,0.4444444444444444,0.0,0.3333333333333333,0.8888888888888888,"8a755824048ffff,8a755824049ffff,8a75582404d7fff,8a7558242b2ffff,8a7558242b0ffff,8a7558242b07fff,8a7558242b1ffff,8a7558242a37fff,8a7558242b8ffff,8a7558242aa7fff,8a7558242ab7fff,8a7558242a97fff,8a755824206ffff,8a7558242047fff,8a75582423b7fff,8a75582420effff",1
41,-297823021,416373452,0.3333333333333333,0.3333333333333333,0.2777777777777778,0.7222222222222222,0.4444444444444444,0.4444444444444444,0.5555555555555556,0.5555555555555556,0.4444444444444444,0.7777777777777778,0.5555555555555556,0.5555555555555556,0.6666666666666666,0.5555555555555556,0.0,0.0,0.5555555555555556,0.1111111111111111,0.0,0.4444444444444444,0.3333333333333333,0.8888888888888888,0.3333333333333333,"8a755824048ffff,8a755824049ffff,8a75582404d7fff,8a7558242b2ffff,8a7558242b0ffff,8a7558242b07fff,8a7558242b1ffff,8a7558242a37fff,8a7558242b8ffff,8a7558242aa7fff,8a7558242ab7fff,8a7558242a97fff,8a755824206ffff,8a7558242047fff,8a75582423b7fff,8a75582420effff",4
42,-101608828,-619184994,0.0,0.0,1.0,0.0,0.0,1.0,1.0,1.0,1.0,1.0,1.0,1.0,1.0,0.0,0.0,0.0,0.0,0.0,0.0,0.0,0.0,0.0,0.0,"8a755824281ffff,8a75582428f7fff,8a75582428d7fff,8a75582428dffff,8a7558242177fff,8a7558242167fff,8a7558242147fff,8a755824214ffff,8a7558242a97fff,8a7558242ab7fff",3
43,-297823024,100475365#1,0.0,0.0,0.5,0.5,0.25,0.5,0.75,0.75,0.75,0.5,0.75,0.75,1.0,0.25,0.5,0.5,0.25,0.0,0.5,0.0,0.0,0.0,0.5,"8a7558240487fff,8a75582404affff,8a7558240497fff,8a7558242847fff,8a7558242877fff,8a75582428e7fff,8a75582428f7fff,8a75582428d7fff,8a755824288ffff,8a7558242127fff,8a755824212ffff,8a755824211ffff,8a75582421affff,8a7558242037fff,8a7558242007fff,8a755824200ffff",3
43,-297823024,100475365#1,0.5,0.5,1.0,0.0,0.25,1.0,0.75,0.75,0.75,1.0,0.75,0.75,0.5,0.25,0.0,0.0,0.25,0.5,0.0,0.5,0.5,0.5,0.0,"8a7558240487fff,8a75582404affff,8a7558240497fff,8a7558242847fff,8a7558242877fff,8a75582428e7fff,8a75582428f7fff,8a75582428d7fff,8a75582428dffff,8a755824212ffff,8a755824211ffff,8a75582421affff,8a7558242037fff,8a7558242007fff,8a755824200ffff",2
44,-297823017,-101746498#2,0.5,0.4444444444444444,0.9027777777777778,0.125,0.4861111111111111,1.0,0.5138888888888888,0.5138888888888888,0.6944444444444444,0.4305555555555556,0.5138888888888888,0.5138888888888888,0.3611111111111111,0.5416666666666667,0.6944444444444444,0.6944444444444444,0.5277777777777778,0.5555555555555556,0.8055555555555556,0.5277777777777778,0.4444444444444444,0.6111111111111112,0.5277777777777778,"8a7558242847fff,8a7558240497fff,8a755824049ffff,8a755824048ffff,8a75582404d7fff,8a7558242b2ffff,8a7558242b0ffff,8a7558242b1ffff,8a7558242a37fff,8a7558242b8ffff,8a7558242aa7fff,8a7558242aaffff,8a7558242327fff,8a7558242af7fff,8a7558242ac7fff,8a7558242acffff,8a755824230ffff,8a7558242227fff,8a7558242237fff,8a7558242207fff,8a755824220ffff,8a755824225ffff",2
44,-297823017,-101746498#2,0.1111111111111111,0.3611111111111111,0.1111111111111111,0.9027777777777778,0.4861111111111111,0.0277777777777777,0.5138888888888888,0.5138888888888888,0.0555555555555555,1.0,0.5138888888888888,0.5138888888888888,0.6111111111111112,0.5416666666666667,0.7222222222222222,0.7222222222222222,0.9027777777777778,0.0277777777777777,0.2222222222222222,0.9583333333333334,0.3611111111111111,0.7222222222222222,0.6388888888888888,"8a7558242847fff,8a7558240497fff,8a7558240487fff,8a755824285ffff,8a7558242bb7fff,8a7558242b87fff,8a7558242b9ffff,8a7558242147fff,8a755824214ffff,8a7558242a97fff,8a7558242a87fff,8a7558242aa7fff,8a7558242aaffff,8a7558242af7fff,8a7558242ac7fff,8a7558242acffff,8a755824230ffff,8a7558242227fff,8a7558242237fff,8a7558242207fff,8a755824220ffff,8a755824225ffff",1
44,-297823017,-101746498#2,0.3055555555555556,0.2777777777777778,0.7361111111111112,0.2638888888888888,0.4861111111111111,0.7777777777777778,0.5138888888888888,0.5138888888888888,0.5,0.4305555555555556,0.5138888888888888,0.5138888888888888,0.5277777777777778,0.5416666666666667,0.1666666666666666,0.1666666666666666,0.6388888888888888,0.3888888888888888,0.1666666666666666,0.6666666666666667,0.2777777777777778,0.1944444444444444,0.8333333333333334,"8a7558242847fff,8a7558240497fff,8a755824049ffff,8a75582404d7fff,8a7558242b2ffff,8a7558242b0ffff,8a7558242b07fff,8a7558242b1ffff,8a7558242a37fff,8a7558242b8ffff,8a7558242aa7fff,8a7558242aaffff,8a7558242327fff,8a7558242af7fff,8a7558242ac7fff,8a7558242acffff,8a755824230ffff,8a7558242227fff,8a7558242237fff,8a7558242207fff,8a755824220ffff,8a755824225ffff",1
44,-297823017,-101746498#2,0.7222222222222222,0.6666666666666667,0.8611111111111112,0.0833333333333333,0.4861111111111111,0.6111111111111112,0.5138888888888888,0.5138888888888888,0.8055555555555556,0.4305555555555556,0.5138888888888888,0.5138888888888888,0.25,0.5416666666666667,0.5277777777777778,0.5277777777777778,0.4166666666666666,0.75,0.6388888888888888,0.3055555555555556,0.6666666666666667,0.3055555555555556,0.5,"8a7558242847fff,8a7558240497fff,8a755824049ffff,8a75582404d7fff,8a7558242b2ffff,8a7558242b0ffff,8a7558242b1ffff,8a7558242a37fff,8a7558242b8ffff,8a7558242aa7fff,8a7558242aaffff,8a7558242af7fff,8a7558242ac7fff,8a7558242acffff,8a755824230ffff,8a7558242227fff,8a7558242237fff,8a7558242207fff,8a755824220ffff,8a755824225ffff",2
44,-297823017,-101746498#2,0.2222222222222222,0.2222222222222222,0.2638888888888889,0.7361111111111112,0.4861111111111111,0.3888888888888889,0.5138888888888888,0.5138888888888888,0.3888888888888889,0.4305555555555556,0.5138888888888888,0.5138888888888888,0.6666666666666666,0.5416666666666667,0.8333333333333334,0.8333333333333334,0.9027777777777778,0.1388888888888888,0.9166666666666666,0.7222222222222222,0.2222222222222222,0.3611111111111111,0.6666666666666667,"8a7558242847fff,8a7558240497fff,8a7558240487fff,8a755824285ffff,8a755824284ffff,8a7558242b17fff,8a7558242b07fff,8a7558242b0ffff,8a7558242b1ffff,8a7558242a37fff,8a7558242b8ffff,8a7558242aa7fff,8a7558242aaffff,8a7558242327fff,8a7558242af7fff,8a7558242ac7fff,8a7558242acffff,8a755824230ffff,8a7558242227fff,8a7558242237fff,8a7558242207fff,8a755824220ffff,8a755824225ffff",1
44,-297823017,-101746498#2,0.8055555555555556,0.7777777777777778,0.5,0.5138888888888888,0.4861111111111111,0.6388888888888888,0.5138888888888888,0.5138888888888888,0.25,0.4305555555555556,0.5138888888888888,0.5138888888888888,0.8333333333333334,0.5416666666666667,0.4444444444444444,0.4444444444444444,0.1111111111111111,0.8055555555555556,0.5555555555555556,0.1944444444444444,0.7777777777777778,0.8055555555555556,0.1111111111111111,"8a7558242847fff,8a7558240497fff,8a755824049ffff,8a755824048ffff,8a75582404d7fff,8a7558242b2ffff,8a7558242b0ffff,8a7558242a27fff,8a7558242a07fff,8a7558242a1ffff,8a7558242a0ffff,8a7558242af7fff,8a7558242ac7fff,8a7558242acffff,8a755824230ffff,8a7558242227fff,8a7558242237fff,8a7558242207fff,8a755824220ffff,8a755824225ffff",0
44,-297823017,-101746498#2,0.4722222222222222,0.5555555555555556,0.1944444444444444,0.8055555555555556,0.4861111111111111,0.1944444444444444,0.5138888888888888,0.5138888888888888,0.4444444444444444,0.4305555555555556,0.5138888888888888,0.5138888888888888,0.5833333333333334,0.5416666666666667,0.6111111111111112,0.6111111111111112,0.9027777777777778,0.2222222222222222,0.7222222222222222,0.4166666666666666,0.5555555555555556,0.6388888888888888,0.3611111111111111,"8a7558242847fff,8a7558240497fff,8a7558240487fff,8a755824285ffff,8a755824284ffff,8a7558242b17fff,8a7558242b07fff,8a7558242b0ffff,8a7558242b1ffff,8a7558242a37fff,8a7558242b8ffff,8a7558242aa7fff,8a7558242aaffff,8a7558242af7fff,8a7558242ac7fff,8a7558242acffff,8a755824230ffff,8a7558242227fff,8a7558242237fff,8a7558242207fff,8a755824220ffff,8a755824225ffff",1
44,-297823017,-101746498#2,0.4166666666666666,0.5,0.2638888888888889,0.7361111111111112,0.4861111111111111,0.2222222222222222,0.5138888888888888,0.5138888888888888,0.4722222222222222,0.4305555555555556,0.5138888888888888,0.5138888888888888,0.5555555555555556,0.5416666666666667,0.6388888888888888,0.6388888888888888,0.9027777777777778,0.1666666666666666,0.75,0.4722222222222222,0.5,0.6944444444444444,0.2777777777777778,"8a7558242847fff,8a7558240497fff,8a7558240487fff,8a755824285ffff,8a755824284ffff,8a7558242b17fff,8a7558242b07fff,8a7558242b0ffff,8a7558242b1ffff,8a7558242a37fff,8a7558242b8ffff,8a7558242aa7fff,8a7558242a87fff,8a7558242aaffff,8a7558242af7fff,8a7558242ac7fff,8a7558242acffff,8a755824230ffff,8a7558242227fff,8a7558242237fff,8a7558242207fff,8a755824220ffff,8a755824225ffff",1
44,-297823017,-101746498#2,0.8333333333333334,0.8333333333333334,0.5555555555555556,0.4444444444444444,0.4861111111111111,0.5833333333333334,0.5138888888888888,0.5138888888888888,0.7777777777777778,0.4305555555555556,0.5138888888888888,0.5138888888888888,0.2777777777777778,0.5416666666666667,0.0,0.0,0.3333333333333333,0.6944444444444444,0.0,0.1388888888888888,0.8333333333333334,0.9166666666666666,0.25,"8a7558242847fff,8a7558240497fff,8a755824049ffff,8a755824048ffff,8a75582404d7fff,8a7558242b2ffff,8a7558242b0ffff,8a7558242b07fff,8a7558242b1ffff,8a7558242a37fff,8a7558242b8ffff,8a7558242aa7fff,8a7558242aaffff,8a7558242af7fff,8a7558242ac7fff,8a7558242acffff,8a755824230ffff,8a7558242227fff,8a7558242237fff,8a7558242207fff,8a755824220ffff,8a755824225ffff",4
44,-297823017,-101746498#2,0.0,0.0,0.0555555555555555,0.9444444444444444,0.4861111111111111,0.1388888888888889,0.5138888888888888,0.5138888888888888,0.6111111111111112,0.8611111111111112,0.5138888888888888,0.5138888888888888,0.1111111111111111,0.0277777777777777,0.25,0.25,0.8055555555555556,0.0555555555555555,0.3611111111111111,0.9166666666666666,0.0,0.0,0.9722222222222222,"8a7558242847fff,8a7558240497fff,8a7558240487fff,8a755824285ffff,8a7558242bb7fff,8a7558242b87fff,8a7558242b9ffff,8a7558242147fff,8a755824214ffff,8a7558242a97fff,8a755824206ffff,8a7558242047fff,8a75582423b7fff,8a7558242397fff,8a755824274ffff,8a7558242297fff,8a75582422a7fff,8a755825c927fff,8a755824225ffff,8a755824220ffff",1
44,-297823017,-101746498#2,0.5833333333333333,0.6388888888888888,0.6111111111111112,0.3888888888888888,0.4861111111111111,0.5,0.5138888888888888,0.5138888888888888,0.7222222222222222,0.4305555555555556,0.5138888888888888,0.5138888888888888,0.3333333333333333,0.5416666666666667,0.0555555555555555,0.0555555555555555,0.4444444444444444,0.6666666666666667,0.0555555555555555,0.3333333333333333,0.6388888888888888,0.4166666666666666,0.5555555555555556,"8a7558242847fff,8a7558240497fff,8a755824049ffff,8a75582404d7fff,8a7558242b2ffff,8a7558242b0ffff,8a7558242b07fff,8a7558242b1ffff,8a7558242a37fff,8a7558242b8ffff,8a7558242aa7fff,8a7558242aaffff,8a7558242af7fff,8a7558242ac7fff,8a7558242acffff,8a755824230ffff,8a7558242227fff,8a7558242237fff,8a7558242207fff,8a755824220ffff,8a755824225ffff",4
44,-297823017,-101746498#2,0.1944444444444444,0.1388888888888888,0.3611111111111111,0.6388888888888888,0.4861111111111111,0.4444444444444444,0.5138888888888888,0.5138888888888888,0.4166666666666667,0.4305555555555556,0.5138888888888888,0.5138888888888888,0.6388888888888888,0.5416666666666667,0.8888888888888888,0.8888888888888888,0.9027777777777778,0.0833333333333333,0.9722222222222222,0.8055555555555556,0.1388888888888888,0.5,0.6111111111111112,"8a7558242847fff,8a7558240497fff,8a7558240487fff,8a755824285ffff,8a755824284ffff,8a7558242b17fff,8a7558242b07fff,8a7558242b0ffff,8a7558242b1ffff,8a7558242a37fff,8a7558242b8ffff,8a7558242aa7fff,8a7558242a87fff,8a7558242aaffff,8a7558242327fff,8a7558242af7fff,8a7558242ac7fff,8a7558242acffff,8a755824230ffff,8a7558242227fff,8a7558242237fff,8a7558242207fff,8a755824220ffff,8a755824225ffff",1
44,-297823017,-101746498#2,0.8888888888888888,0.8055555555555556,0.9027777777777778,0.125,0.4861111111111111,0.75,0.5138888888888888,0.5138888888888888,0.9444444444444444,0.4305555555555556,0.5138888888888888,0.5138888888888888,0.1388888888888889,0.5416666666666667,0.4166666666666666,0.4166666666666666,0.3611111111111111,0.6111111111111112,0.5277777777777778,0.1666666666666666,0.8055555555555556,0.8888888888888888,0.0833333333333333,"8a7558242847fff,8a7558240497fff,8a755824049ffff,8a755824048ffff,8a75582404d7fff,8a7558242b2ffff,8a7558242b0ffff,8a7558242b1ffff,8a7558242a37fff,8a7558242b8ffff,8a7558242aa7fff,8a7558242a87fff,8a7558242aaffff,8a7558242af7fff,8a7558242ac7fff,8a7558242acffff,8a755824230ffff,8a7558242227fff,8a7558242237fff,8a7558242207fff,8a755824220ffff,8a755824225ffff",0
44,-297823017,-101746498#2,0.9722222222222222,0.8888888888888888,0.8333333333333334,0.1666666666666666,0.4861111111111111,0.7222222222222222,0.5138888888888888,0.5138888888888888,0.9166666666666666,0.4305555555555556,0.5138888888888888,0.5138888888888888,0.1666666666666666,0.5416666666666667,0.3611111111111111,0.3611111111111111,0.3055555555555556,0.7222222222222222,0.4722222222222222,0.0833333333333333,0.8888888888888888,0.8333333333333334,0.1666666666666666,"8a7558242847fff,8a7558240497fff,8a755824049ffff,8a755824048ffff,8a75582404d7fff,8a7558242b2ffff,8a7558242b0ffff,8a7558242b1ffff,8a7558242a37fff,8a7558242b8ffff,8a7558242aa7fff,8a7558242aaffff,8a7558242af7fff,8a7558242ac7fff,8a7558242acffff,8a755824230ffff,8a7558242227fff,8a7558242237fff,8a7558242207fff,8a755824220ffff,8a755824225ffff",0
44,-297823017,-101746498#2,0.1666666666666666,0.1111111111111111,0.0833333333333333,0.9027777777777778,0.4861111111111111,0.4722222222222222,0.5138888888888888,0.5138888888888888,1.0,0.9722222222222222,0.5138888888888888,0.5138888888888888,0.0277777777777777,0.0555555555555555,0.9166666666666666,0.9166666666666666,0.7222222222222222,0.25,0.25,0.8333333333333334,0.1111111111111111,0.1111111111111111,0.8611111111111112,"8a7558242847fff,8a7558240497fff,8a7558240487fff,8a755824285ffff,8a7558242bb7fff,8a7558242b87fff,8a7558242b9ffff,8a7558242147fff,8a755824214ffff,8a7558242a97fff,8a755824206ffff,8a7558242047fff,8a75582423b7fff,8a7558242397fff,8a755824239ffff,8a755824274ffff,8a7558242297fff,8a755824229ffff,8a755825c927fff,8a755824225ffff,8a755824220ffff",1
44,-297823017,-101746498#2,0.9444444444444444,0.9444444444444444,0.3888888888888889,0.6111111111111112,0.4861111111111111,0.3055555555555556,0.5138888888888888,0.5138888888888888,0.3333333333333333,0.4305555555555556,0.5138888888888888,0.5138888888888888,0.75,0.5416666666666667,0.3055555555555556,0.3055555555555556,0.0277777777777777,0.8611111111111112,0.4166666666666666,0.0277777777777777,0.9444444444444444,0.9444444444444444,0.0,"8a7558242847fff,8a7558240497fff,8a755824049ffff,8a755824048ffff,8a75582404d7fff,8a7558242b2ffff,8a7558242b0ffff,8a7558242a27fff,8a7558242a07fff,8a7558242a0ffff,8a7558242af7fff,8a7558242ac7fff,8a7558242acffff,8a755824230ffff,8a7558242227fff,8a7558242237fff,8a7558242207fff,8a755824220ffff,8a755824225ffff",0
44,-297823017,-101746498#2,0.1388888888888888,0.0833333333333333,0.1388888888888889,0.8611111111111112,0.4861111111111111,0.4166666666666667,0.5138888888888888,0.5138888888888888,0.8333333333333334,0.9444444444444444,0.5138888888888888,0.5138888888888888,0.0833333333333333,0.0,0.2222222222222222,0.2222222222222222,0.75,0.1944444444444444,0.2777777777777778,0.8611111111111112,0.0833333333333333,0.0833333333333333,0.9166666666666666,"8a7558242847fff,8a7558240497fff,8a7558240487fff,8a755824285ffff,8a7558242bb7fff,8a7558242b87fff,8a7558242b9ffff,8a7558242147fff,8a755824214ffff,8a7558242a97fff,8a755824206ffff,8a7558242047fff,8a75582423b7fff,8a7558242397fff,8a755824274ffff,8a7558242297fff,8a755824229ffff,8a755825c927fff,8a755824225ffff,8a755824220ffff",1
44,-297823017,-101746498#2,0.2777777777777778,0.1944444444444444,0.8055555555555556,0.1944444444444444,0.4861111111111111,0.8055555555555556,0.5138888888888888,0.5138888888888888,0.5277777777777778,0.4305555555555556,0.5138888888888888,0.5138888888888888,0.5,0.5416666666666667,0.1944444444444444,0.1944444444444444,0.6944444444444444,0.2777777777777778,0.1944444444444444,0.75,0.1944444444444444,0.2222222222222222,0.7777777777777778,"8a7558242847fff,8a7558240497fff,8a755824049ffff,8a75582404d7fff,8a7558242b2ffff,8a7558242b0ffff,8a7558242b07fff,8a7558242b1ffff,8a7558242a37fff,8a7558242b8ffff,8a7558242aa7fff,8a7558242a87fff,8a7558242aaffff,8a7558242327fff,8a7558242af7fff,8a7558242ac7fff,8a7558242acffff,8a755824230ffff,8a7558242227fff,8a7558242237fff,8a7558242207fff,8a755824220ffff,8a755824225ffff",1
44,-297823017,-101746498#2,0.6388888888888888,0.6111111111111112,0.9444444444444444,0.0416666666666666,0.4861111111111111,0.6666666666666666,0.5138888888888888,0.5138888888888888,0.8888888888888888,0.4305555555555556,0.5138888888888888,0.5138888888888888,0.1944444444444444,0.5416666666666667,0.5555555555555556,0.5555555555555556,0.4722222222222222,0.5833333333333333,0.6666666666666667,0.3611111111111111,0.6111111111111112,0.3888888888888888,0.3888888888888888,"8a7558242847fff,8a7558240497fff,8a755824049ffff,8a75582404d7fff,8a7558242b2ffff,8a7558242b0ffff,8a7558242b1ffff,8a7558242a37fff,8a7558242b8ffff,8a7558242aa7fff,8a7558242a87fff,8a7558242aaffff,8a7558242af7fff,8a7558242ac7fff,8a7558242acffff,8a755824230ffff,8a7558242227fff,8a7558242237fff,8a7558242207fff,8a755824220ffff,8a755824225ffff",2
44,-297823017,-101746498#2,0.7777777777777778,0.75,0.6666666666666666,0.3333333333333333,0.4861111111111111,0.6944444444444444,0.5138888888888888,0.5138888888888888,0.8611111111111112,0.4305555555555556,0.5138888888888888,0.5138888888888888,0.2222222222222222,0.5416666666666667,0.0277777777777777,0.0277777777777777,0.3888888888888888,0.5,0.0277777777777777,0.2222222222222222,0.75,0.9722222222222222,0.1388888888888888,"8a7558242847fff,8a7558240497fff,8a755824049ffff,8a755824048ffff,8a75582404d7fff,8a7558242b2ffff,8a7558242b0ffff,8a7558242b07fff,8a7558242b1ffff,8a7558242a37fff,8a7558242b8ffff,8a7558242aa7fff,8a7558242a87fff,8a7558242aaffff,8a7558242af7fff,8a7558242ac7fff,8a7558242acffff,8a755824230ffff,8a7558242227fff,8a7558242237fff,8a7558242207fff,8a755824220ffff,8a755824225ffff",4
44,-297823017,-101746498#2,0.3333333333333333,0.25,1.0,0.0,0.4861111111111111,0.9444444444444444,0.5138888888888888,0.5138888888888888,0.6666666666666666,0.4305555555555556,0.5138888888888888,0.5138888888888888,0.3888888888888889,0.5416666666666667,0.8055555555555556,0.8055555555555556,0.6666666666666667,0.3611111111111111,0.8888888888888888,0.6944444444444444,0.25,0.1666666666666666,0.75,"8a7558242847fff,8a7558240497fff,8a755824049ffff,8a75582404d7fff,8a7558242b2ffff,8a7558242b0ffff,8a7558242b1ffff,8a7558242a37fff,8a7558242b8ffff,8a7558242aa7fff,8a7558242a87fff,8a7558242aaffff,8a7558242327fff,8a7558242af7fff,8a7558242ac7fff,8a7558242acffff,8a755824230ffff,8a7558242227fff,8a7558242237fff,8a7558242207fff,8a755824220ffff,8a755824225ffff",1
44,-297823017,-101746498#2,0.3611111111111111,0.3333333333333333,0.9722222222222222,0.0416666666666666,0.4861111111111111,0.8888888888888888,0.5138888888888888,0.5138888888888888,0.5833333333333334,0.4305555555555556,0.5138888888888888,0.5138888888888888,0.4444444444444444,0.5416666666666667,0.75,0.75,0.6111111111111112,0.5277777777777778,0.8333333333333334,0.6111111111111112,0.3333333333333333,0.1388888888888888,0.8055555555555556,"8a7558242847fff,8a7558240497fff,8a755824049ffff,8a75582404d7fff,8a7558242b2ffff,8a7558242b0ffff,8a7558242b1ffff,8a7558242a37fff,8a7558242b8ffff,8a7558242aa7fff,8a7558242aaffff,8a7558242327fff,8a7558242af7fff,8a7558242ac7fff,8a7558242acffff,8a755824230ffff,8a7558242227fff,8a7558242237fff,8a7558242207fff,8a755824220ffff,8a755824225ffff",1
44,-297823017,-101746498#2,0.3888888888888888,0.3888888888888888,0.7777777777777778,0.2222222222222222,0.4861111111111111,0.9722222222222222,0.5138888888888888,0.5138888888888888,0.6388888888888888,0.4305555555555556,0.5138888888888888,0.5138888888888888,0.4166666666666667,0.5416666666666667,0.1388888888888888,0.1388888888888888,0.5833333333333333,0.3333333333333333,0.1388888888888888,0.5833333333333333,0.3888888888888888,0.75,0.4722222222222222,"8a7558242847fff,8a7558240497fff,8a755824049ffff,8a755824048ffff,8a75582404d7fff,8a7558242b2ffff,8a7558242b0ffff,8a7558242b07fff,8a7558242b1ffff,8a7558242a37fff,8a7558242b8ffff,8a7558242aa7fff,8a7558242a87fff,8a7558242aaffff,8a7558242327fff,8a7558242af7fff,8a7558242ac7fff,8a7558242acffff,8a755824230ffff,8a7558242227fff,8a7558242237fff,8a7558242207fff,8a755824220ffff,8a755824225ffff",4
44,-297823017,-101746498#2,0.5277777777777778,0.4722222222222222,0.6666666666666666,0.3333333333333333,0.4861111111111111,0.8611111111111112,0.5138888888888888,0.5138888888888888,0.1388888888888889,0.4305555555555556,0.5138888888888888,0.5138888888888888,0.9444444444444444,0.5416666666666667,0.6666666666666667,0.6666666666666667,0.2222222222222222,0.6388888888888888,0.7777777777777778,0.5,0.4722222222222222,0.4444444444444444,0.4444444444444444,"8a7558242847fff,8a7558240497fff,8a755824049ffff,8a75582404d7fff,8a7558242b2ffff,8a7558242b0ffff,8a7558242a27fff,8a7558242a2ffff,8a7558242a0ffff,8a7558242a07fff,8a7558242a1ffff,8a7558242af7fff,8a7558242ac7fff,8a7558242acffff,8a755824230ffff,8a7558242227fff,8a7558242237fff,8a7558242207fff,8a755824220ffff,8a755824225ffff",1
44,-297823017,-101746498#2,0.5555555555555556,0.5277777777777778,0.7361111111111112,0.2638888888888888,0.4861111111111111,0.5555555555555556,0.5138888888888888,0.5138888888888888,0.75,0.4305555555555556,0.5138888888888888,0.5138888888888888,0.3055555555555556,0.5416666666666667,0.0833333333333333,0.0833333333333333,0.5,0.4444444444444444,0.0833333333333333,0.4444444444444444,0.5277777777777778,0.5277777777777778,0.4166666666666666,"8a7558242847fff,8a7558240497fff,8a755824049ffff,8a75582404d7fff,8a7558242b2ffff,8a7558242b0ffff,8a7558242b07fff,8a7558242b1ffff,8a7558242a37fff,8a7558242b8ffff,8a7558242aa7fff,8a7558242a87fff,8a7558242aaffff,8a7558242af7fff,8a7558242ac7fff,8a7558242acffff,8a755824230ffff,8a7558242227fff,8a7558242237fff,8a7558242207fff,8a755824220ffff,8a755824225ffff",4
44,-297823017,-101746498#2,0.4444444444444444,0.4166666666666666,0.6666666666666666,0.3333333333333333,0.4861111111111111,0.9166666666666666,0.5138888888888888,0.5138888888888888,0.5555555555555556,0.4305555555555556,0.5138888888888888,0.5138888888888888,0.4722222222222222,0.5416666666666667,0.1111111111111111,0.1111111111111111,0.5555555555555556,0.4166666666666666,0.1111111111111111,0.5555555555555556,0.4166666666666666,0.6666666666666667,0.5833333333333333,"8a7558242847fff,8a7558240497fff,8a755824049ffff,8a755824048ffff,8a75582404d7fff,8a7558242b2ffff,8a7558242b0ffff,8a7558242b07fff,8a7558242b1ffff,8a7558242a37fff,8a7558242b8ffff,8a7558242aa7fff,8a7558242aaffff,8a7558242327fff,8a7558242af7fff,8a7558242ac7fff,8a7558242acffff,8a755824230ffff,8a7558242227fff,8a7558242237fff,8a7558242207fff,8a755824220ffff,8a755824225ffff",4
44,-297823017,-101746498#2,0.8611111111111112,0.9166666666666666,0.4722222222222222,0.5138888888888888,0.4861111111111111,0.3611111111111111,0.5138888888888888,0.5138888888888888,0.3055555555555556,0.4305555555555556,0.5138888888888888,0.5138888888888888,0.7777777777777778,0.5416666666666667,0.3333333333333333,0.3333333333333333,0.0555555555555555,0.8333333333333334,0.4444444444444444,0.0555555555555555,0.9166666666666666,0.8611111111111112,0.0555555555555555,"8a7558242847fff,8a7558240497fff,8a755824049ffff,8a755824048ffff,8a75582404d7fff,8a7558242b2ffff,8a7558242b0ffff,8a7558242a27fff,8a7558242a2ffff,8a7558242a0ffff,8a7558242af7fff,8a7558242ac7fff,8a7558242acffff,8a755824230ffff,8a7558242227fff,8a7558242237fff,8a7558242207fff,8a755824220ffff,8a755824225ffff",0
44,-297823017,-101746498#2,0.9166666666666666,0.9722222222222222,0.3055555555555556,0.6944444444444444,0.4861111111111111,0.3333333333333333,0.5138888888888888,0.5138888888888888,0.3611111111111111,0.4305555555555556,0.5138888888888888,0.5138888888888888,0.7222222222222222,0.5416666666666667,0.2777777777777778,0.2777777777777778,0.0,0.9166666666666666,0.3888888888888888,0.0,0.9722222222222222,0.7777777777777778,0.0277777777777777,"8a7558242847fff,8a7558240497fff,8a755824049ffff,8a755824048ffff,8a75582404d7fff,8a7558242b2ffff,8a7558242b0ffff,8a7558242a27fff,8a7558242a07fff,8a7558242a1ffff,8a7558242a0ffff,8a7558242af7fff,8a7558242ac7fff,8a7558242acffff,8a755824230ffff,8a7558242227fff,8a7558242237fff,8a7558242207fff,8a755824220ffff,8a755824225ffff",0
44,-297823017,-101746498#2,0.6944444444444444,0.6944444444444444,0.4305555555555556,0.5694444444444444,0.4861111111111111,0.25,0.5138888888888888,0.5138888888888888,0.1944444444444444,0.4305555555555556,0.5138888888888888,0.5138888888888888,0.8888888888888888,0.5416666666666667,0.5,0.5,0.1666666666666666,0.8888888888888888,0.6111111111111112,0.2777777777777778,0.6944444444444444,0.4722222222222222,0.1944444444444444,"8a7558242847fff,8a7558240497fff,8a755824049ffff,8a75582404d7fff,8a7558242b2ffff,8a7558242b0ffff,8a7558242a27fff,8a7558242a07fff,8a7558242a0ffff,8a7558242af7fff,8a7558242ac7fff,8a7558242acffff,8a755824230ffff,8a7558242227fff,8a7558242237fff,8a7558242207fff,8a755824220ffff,8a755824225ffff",0
44,-297823017,-101746498#2,0.0555555555555555,0.0555555555555555,0.1666666666666666,0.8333333333333334,0.4861111111111111,0.0833333333333333,0.5138888888888888,0.5138888888888888,0.0277777777777777,0.9166666666666666,0.5138888888888888,0.5138888888888888,0.6944444444444444,0.5416666666666667,0.9444444444444444,0.9444444444444444,0.9027777777777778,0.0,0.3055555555555556,0.9583333333333334,0.0555555555555555,0.5833333333333333,0.8888888888888888,"8a7558242847fff,8a7558240497fff,8a7558240487fff,8a755824285ffff,8a7558242bb7fff,8a7558242b87fff,8a7558242b9ffff,8a7558242147fff,8a755824214ffff,8a7558242a97fff,8a7558242a87fff,8a7558242aa7fff,8a7558242aaffff,8a7558242327fff,8a7558242af7fff,8a7558242ac7fff,8a7558242acffff,8a755824230ffff,8a7558242227fff,8a7558242237fff,8a7558242207fff,8a755824220ffff,8a755824225ffff",1
44,-297823017,-101746498#2,0.6111111111111112,0.5833333333333333,0.5277777777777778,0.4722222222222222,0.4861111111111111,0.5277777777777778,0.5138888888888888,0.5138888888888888,0.1666666666666666,0.4305555555555556,0.5138888888888888,0.5138888888888888,0.9166666666666666,0.5416666666666667,0.5833333333333333,0.5833333333333333,0.1944444444444444,0.7777777777777778,0.6944444444444444,0.3888888888888888,0.5833333333333333,0.5555555555555556,0.3333333333333333,"8a7558242847fff,8a7558240497fff,8a755824049ffff,8a75582404d7fff,8a7558242b2ffff,8a7558242b0ffff,8a7558242a27fff,8a7558242a07fff,8a7558242a0ffff,8a7558242af7fff,8a7558242ac7fff,8a7558242acffff,8a755824230ffff,8a7558242227fff,8a7558242237fff,8a7558242207fff,8a755824220ffff,8a755824225ffff",0
44,-297823017,-101746498#2,0.6666666666666667,0.7222222222222222,0.3333333333333333,0.6666666666666667,0.4861111111111111,0.2777777777777778,0.5138888888888888,0.5138888888888888,0.2222222222222222,0.4305555555555556,0.5138888888888888,0.5138888888888888,0.8611111111111112,0.5416666666666667,0.4722222222222222,0.4722222222222222,0.1388888888888888,0.9444444444444444,0.5833333333333333,0.25,0.7222222222222222,0.2777777777777778,0.3055555555555556,"8a7558242847fff,8a7558240497fff,8a755824049ffff,8a75582404d7fff,8a7558242b2ffff,8a7558242b0ffff,8a7558242a27fff,8a7558242a07fff,8a7558242a1ffff,8a7558242a0ffff,8a7558242af7fff,8a7558242ac7fff,8a7558242acffff,8a755824230ffff,8a7558242227fff,8a7558242237fff,8a7558242207fff,8a755824220ffff,8a755824225ffff",0
44,-297823017,-101746498#2,0.0277777777777777,0.0277777777777777,0.0277777777777777,0.9722222222222222,0.4861111111111111,0.1666666666666666,0.5138888888888888,0.5138888888888888,0.9722222222222222,0.8888888888888888,0.5138888888888888,0.5138888888888888,0.0555555555555555,0.0833333333333333,0.9722222222222222,0.9722222222222222,0.7777777777777778,0.1111111111111111,0.3333333333333333,0.8888888888888888,0.0277777777777777,0.0277777777777777,0.9444444444444444,"8a7558242847fff,8a7558240497fff,8a7558240487fff,8a755824285ffff,8a7558242bb7fff,8a7558242b87fff,8a7558242b9ffff,8a7558242147fff,8a755824214ffff,8a7558242a97fff,8a755824206ffff,8a7558242047fff,8a75582423b7fff,8a7558242397fff,8a755824239ffff,8a755824274ffff,8a7558242297fff,8a75582422a7fff,8a755825c927fff,8a755824225ffff,8a755824220ffff",1
44,-297823017,-101746498#2,0.75,0.8611111111111112,0.2222222222222222,0.7777777777777778,0.4861111111111111,0.1111111111111111,0.5138888888888888,0.5138888888888888,0.2777777777777778,0.4305555555555556,0.5138888888888888,0.5138888888888888,0.8055555555555556,0.5416666666666667,0.3888888888888888,0.3888888888888888,0.0833333333333333,0.9722222222222222,0.5,0.1111111111111111,0.8611111111111112,0.3333333333333333,0.2222222222222222,"8a7558242847fff,8a7558240497fff,8a755824049ffff,8a75582404d7fff,8a7558242b2ffff,8a7558242b0ffff,8a7558242a27fff,8a7558242a07fff,8a7558242a1ffff,8a7558242aaffff,8a7558242af7fff,8a7558242ac7fff,8a7558242acffff,8a755824230ffff,8a7558242227fff,8a7558242237fff,8a7558242207fff,8a755824220ffff,8a755824225ffff",0
44,-297823017,-101746498#2,0.0833333333333333,0.3055555555555556,0.4305555555555556,0.5694444444444444,0.4861111111111111,0.0555555555555555,0.5138888888888888,0.5138888888888888,0.1111111111111111,0.4305555555555556,0.5138888888888888,0.5138888888888888,0.9722222222222222,0.5416666666666667,0.7777777777777778,0.7777777777777778,0.25,0.3055555555555556,0.8611111111111112,0.6388888888888888,0.3055555555555556,0.0555555555555555,0.7222222222222222,"8a7558242847fff,8a7558240497fff,8a755824049ffff,8a75582404d7fff,8a7558242b2ffff,8a7558242b0ffff,8a7558242a27fff,8a7558242a2ffff,8a7558242b5ffff,8a7558242a77fff,8a7558242a67fff,8a7558242a6ffff,8a7558240697fff,8a7558242acffff,8a755824230ffff,8a7558242227fff,8a7558242237fff,8a7558242207fff,8a755824220ffff,8a755824225ffff",1
44,-297823017,-101746498#2,0.25,0.1666666666666666,0.5833333333333334,0.4166666666666666,0.4861111111111111,0.8333333333333334,0.5138888888888888,0.5138888888888888,0.0833333333333333,0.4305555555555556,0.5138888888888888,0.5138888888888888,1.0,0.5416666666666667,0.8611111111111112,0.8611111111111112,0.2777777777777778,0.4722222222222222,0.9444444444444444,0.7777777777777778,0.1666666666666666,0.25,0.6944444444444444,"8a7558242847fff,8a7558240497fff,8a755824049ffff,8a75582404d7fff,8a7558242b2ffff,8a7558242b0ffff,8a7558242a27fff,8a7558242a2ffff,8a7558242a0ffff,8a7558242a07fff,8a7558242a1ffff,8a7558242aaffff,8a7558242327fff,8a7558242af7fff,8a7558242ac7fff,8a7558242acffff,8a755824230ffff,8a7558242227fff,8a7558242237fff,8a7558242207fff,8a755824220ffff,8a755824225ffff",1
45,-101594843,-619184994,0.0,0.0,1.0,0.0,0.0,1.0,1.0,1.0,1.0,1.0,1.0,1.0,1.0,0.0,0.0,0.0,0.0,0.0,0.0,0.0,0.0,0.0,0.0,"8a7558242b07fff,8a7558242b17fff,8a7558242b0ffff,8a7558242b1ffff,8a7558242a37fff,8a7558242b8ffff,8a7558242aa7fff,8a7558242ab7fff,8a7558242a97fff",3
46,-101787489,-1323419243,0.0,0.0,1.0,0.0,0.0,1.0,1.0,1.0,1.0,1.0,1.0,1.0,1.0,0.0,0.0,0.0,0.0,0.0,0.0,0.0,0.0,0.0,0.0,"8a755825c9b7fff,8a755825c9a7fff,8a755824266ffff,8a7558242297fff,8a755824274ffff",3
47,-1323419243,-101787489,0.0,0.0,1.0,0.0,0.0,1.0,1.0,1.0,1.0,1.0,1.0,1.0,1.0,0.0,0.0,0.0,0.0,0.0,0.0,0.0,0.0,0.0,0.0,"8a755824274ffff,8a7558242297fff,8a755824266ffff,8a755825c9b7fff,8a755825c9a7fff",3
48,659281081#1,100475365#1,0.0,0.0,1.0,0.0,0.0,1.0,1.0,1.0,1.0,1.0,1.0,1.0,1.0,0.0,0.0,0.0,0.0,0.0,0.0,0.0,0.0,0.0,0.0,"8a7558242397fff,8a75582423a7fff,8a75582423b7fff,8a75582420effff,8a7558242047fff,8a7558242067fff,8a7558242077fff,8a755824200ffff,8a7558242007fff",3
49,-101601559,-101746516#0,0.625,0.75,0.75,0.1875,0.46875,0.25,0.53125,0.53125,0.4375,0.8125,0.53125,0.53125,0.5,0.59375,0.3125,0.3125,0.71875,0.375,0.1875,0.71875,0.75,0.9375,0.4375,"8a75582421b7fff,8a7558242197fff,8a75582421a7fff,8a7558242137fff,8a7558242127fff,8a755824212ffff,8a75582428dffff,8a7558242177fff,8a7558242167fff,8a7558242147fff,8a755824214ffff,8a7558242a97fff,8a7558242a87fff,8a7558242aa7fff,8a7558242aaffff,8a7558242af7fff,8a7558242ac7fff,8a7558242acffff,8a755824230ffff,8a7558242227fff,8a7558242237fff,8a7558242207fff,8a755824220ffff,8a7558242277fff,8a755824235ffff,8a7558242347fff",4
49,-101601559,-101746516#0,0.375,0.375,0.25,0.75,0.46875,0.375,0.53125,0.53125,0.625,0.4375,0.53125,0.53125,0.5625,0.59375,0.6875,0.6875,0.71875,0.6875,0.5625,0.71875,0.375,0.25,0.5,"8a75582421b7fff,8a7558242197fff,8a75582421a7fff,8a7558242137fff,8a7558242127fff,8a755824212ffff,8a75582428dffff,8a7558242177fff,8a7558242167fff,8a7558242147fff,8a755824214ffff,8a7558242a97fff,8a7558242a87fff,8a7558242aa7fff,8a7558242aaffff,8a7558242327fff,8a7558242af7fff,8a7558242ac7fff,8a7558242acffff,8a755824230ffff,8a7558242227fff,8a7558242237fff,8a7558242207fff,8a755824222ffff,8a755824235ffff,8a7558242347fff",1
49,-101601559,-101746516#0,0.6875,0.625,0.875,0.125,0.46875,0.5625,0.53125,0.53125,0.1875,0.6875,0.53125,0.53125,0.875,0.59375,0.4375,0.4375,0.0625,0.5625,0.3125,0.0625,0.625,0.6875,0.1875,"8a75582421b7fff,8a7558242197fff,8a75582421a7fff,8a7558242137fff,8a7558242127fff,8a755824212ffff,8a75582428dffff,8a7558242177fff,8a7558242167fff,8a7558242147fff,8a755824214ffff,8a7558242a97fff,8a755824206ffff,8a7558242a9ffff,8a7558242327fff,8a7558242af7fff,8a7558242ac7fff,8a7558242acffff,8a755824230ffff,8a7558242227fff,8a7558242237fff,8a7558242207fff,8a755824220ffff,8a7558242277fff,8a755824235ffff,8a7558242347fff",2
49,-101601559,-101746516#0,0.0625,0.0625,0.0625,0.9375,0.46875,0.6875,0.53125,0.53125,0.9375,0.125,0.53125,0.53125,0.125,0.1875,0.9375,0.9375,0.375,0.0625,0.875,0.375,0.0625,0.0625,0.875,"8a75582421b7fff,8a7558242197fff,8a75582421a7fff,8a7558242137fff,8a7558242127fff,8a755824212ffff,8a75582428dffff,8a7558242177fff,8a7558242167fff,8a7558242147fff,8a755824214ffff,8a7558242a97fff,8a755824206ffff,8a7558242047fff,8a75582423b7fff,8a7558242397fff,8a755824239ffff,8a755824274ffff,8a7558242297fff,8a75582422a7fff,8a755825c927fff,8a755824225ffff,8a755824220ffff,8a7558242277fff,8a755824235ffff,8a7558242347fff",1
49,-101601559,-101746516#0,0.1875,0.1875,0.46875,0.46875,0.46875,1.0,0.53125,0.53125,1.0,0.25,0.53125,0.53125,0.0625,0.125,0.875,0.875,0.25,0.1875,0.75,0.25,0.1875,0.1875,0.75,"8a75582421b7fff,8a7558242197fff,8a75582421a7fff,8a7558242137fff,8a7558242127fff,8a755824212ffff,8a75582428dffff,8a7558242177fff,8a7558242167fff,8a7558242147fff,8a755824214ffff,8a7558242a97fff,8a755824206ffff,8a7558242047fff,8a75582423b7fff,8a7558242397fff,8a755824239ffff,8a755824274ffff,8a7558242297fff,8a755824229ffff,8a755825c927fff,8a755824225ffff,8a755824220ffff,8a7558242277fff,8a755824235ffff,8a7558242347fff",1
49,-101601559,-101746516#0,0.125,0.125,0.625,0.34375,0.46875,0.9375,0.53125,0.53125,0.875,0.1875,0.53125,0.53125,0.1875,0.0,0.0,0.0,0.3125,0.125,0.8125,0.3125,0.125,0.125,0.8125,"8a75582421b7fff,8a7558242197fff,8a75582421a7fff,8a7558242137fff,8a7558242127fff,8a755824212ffff,8a75582428dffff,8a7558242177fff,8a7558242167fff,8a7558242147fff,8a755824214ffff,8a7558242a97fff,8a755824206ffff,8a7558242047fff,8a75582423b7fff,8a7558242397fff,8a755824274ffff,8a7558242297fff,8a755824229ffff,8a755825c927fff,8a755824225ffff,8a755824220ffff,8a7558242277fff,8a755824235ffff,8a7558242347fff",1
49,-101601559,-101746516#0,0.8125,0.875,0.15625,0.84375,0.46875,0.0625,0.53125,0.53125,0.75,0.9375,0.53125,0.53125,0.3125,0.59375,0.1875,0.1875,0.71875,0.75,0.0625,0.71875,0.875,0.75,0.125,"8a75582421b7fff,8a7558242197fff,8a75582421a7fff,8a7558242137fff,8a7558242127fff,8a755824212ffff,8a75582428dffff,8a7558242177fff,8a7558242167fff,8a7558242147fff,8a755824214ffff,8a7558242a97fff,8a7558242a87fff,8a7558242aa7fff,8a7558242aaffff,8a7558242af7fff,8a7558242ac7fff,8a7558242acffff,8a755824230ffff,8a7558242227fff,8a7558242237fff,8a7558242207fff,8a755824222ffff,8a755824235ffff,8a7558242347fff",4
49,-101601559,-101746516#0,0.4375,0.4375,0.6875,0.34375,0.46875,0.4375,0.53125,0.53125,0.375,0.5,0.53125,0.53125,0.6875,0.59375,0.625,0.625,0.71875,0.625,0.5,0.71875,0.4375,0.3125,0.5625,"8a75582421b7fff,8a7558242197fff,8a75582421a7fff,8a7558242137fff,8a7558242127fff,8a755824212ffff,8a75582428dffff,8a7558242177fff,8a7558242167fff,8a7558242147fff,8a755824214ffff,8a7558242a97fff,8a7558242a87fff,8a7558242aa7fff,8a7558242aaffff,8a7558242327fff,8a7558242af7fff,8a7558242ac7fff,8a7558242acffff,8a755824230ffff,8a7558242227fff,8a7558242237fff,8a7558242207fff,8a755824222ffff,8a755824235ffff,8a7558242347fff",1
49,-101601559,-101746516#0,0.9375,0.8125,0.5625,0.5625,0.46875,0.3125,0.53125,0.53125,0.25,0.875,0.53125,0.53125,0.75,0.59375,0.25,0.25,0.0,0.9375,0.125,0.0,0.8125,0.5625,0.0,"8a75582421b7fff,8a7558242197fff,8a75582421a7fff,8a7558242137fff,8a7558242127fff,8a755824212ffff,8a75582428dffff,8a7558242177fff,8a7558242167fff,8a7558242147fff,8a755824214ffff,8a7558242a97fff,8a755824206ffff,8a7558242a9ffff,8a7558242327fff,8a7558242af7fff,8a7558242ac7fff,8a7558242acffff,8a755824230ffff,8a7558242227fff,8a7558242237fff,8a7558242207fff,8a755824222ffff,8a755824235ffff,8a7558242347fff",0
49,-101601559,-101746516#0,0.0,0.0,0.15625,0.84375,0.46875,0.625,0.53125,0.53125,0.8125,0.0625,0.53125,0.53125,0.25,0.0625,0.0625,0.0625,0.4375,0.0,0.9375,0.4375,0.0,0.0,0.9375,"8a75582421b7fff,8a7558242197fff,8a75582421a7fff,8a7558242137fff,8a7558242127fff,8a755824212ffff,8a75582428dffff,8a7558242177fff,8a7558242167fff,8a7558242147fff,8a755824214ffff,8a7558242a97fff,8a755824206ffff,8a7558242047fff,8a75582423b7fff,8a7558242397fff,8a755824274ffff,8a7558242297fff,8a75582422a7fff,8a755825c927fff,8a755824225ffff,8a755824220ffff,8a7558242277fff,8a755824235ffff,8a7558242347fff",1
49,-101601559,-101746516#0,0.25,0.25,0.46875,0.46875,0.46875,0.5,0.53125,0.53125,0.5625,0.3125,0.53125,0.53125,0.625,0.59375,0.8125,0.8125,0.71875,0.3125,0.6875,0.71875,0.25,0.375,0.625,"8a75582421b7fff,8a7558242197fff,8a75582421a7fff,8a7558242137fff,8a7558242127fff,8a755824212ffff,8a75582428dffff,8a7558242177fff,8a7558242167fff,8a7558242147fff,8a755824214ffff,8a7558242a97fff,8a7558242a87fff,8a7558242aa7fff,8a7558242aaffff,8a7558242327fff,8a7558242af7fff,8a7558242ac7fff,8a7558242acffff,8a755824230ffff,8a7558242227fff,8a7558242237fff,8a7558242207fff,8a755824220ffff,8a7558242277fff,8a755824235ffff,8a7558242347fff",1
49,-101601559,-101746516#0,0.75,0.5625,0.8125,0.25,0.46875,0.8125,0.53125,0.53125,0.125,0.625,0.53125,0.53125,0.9375,0.59375,0.5,0.5,0.125,0.875,0.375,0.125,0.5625,0.5,0.0625,"8a75582421b7fff,8a7558242197fff,8a75582421a7fff,8a7558242137fff,8a7558242127fff,8a755824212ffff,8a75582428dffff,8a7558242177fff,8a7558242167fff,8a7558242147fff,8a755824214ffff,8a7558242a97fff,8a755824206ffff,8a7558242a9ffff,8a7558242327fff,8a7558242aaffff,8a7558242af7fff,8a7558242ac7fff,8a7558242acffff,8a755824230ffff,8a7558242227fff,8a7558242237fff,8a7558242207fff,8a755824222ffff,8a755824235ffff,8a7558242347fff",2
49,-101601559,-101746516#0,0.875,0.9375,0.375,0.625,0.46875,0.125,0.53125,0.53125,0.5,1.0,0.53125,0.53125,0.375,0.59375,0.125,0.125,0.71875,0.8125,0.0,0.71875,0.9375,0.8125,0.25,"8a75582421b7fff,8a7558242197fff,8a75582421a7fff,8a7558242137fff,8a7558242127fff,8a755824212ffff,8a75582428dffff,8a7558242177fff,8a7558242167fff,8a7558242147fff,8a755824214ffff,8a7558242a97fff,8a7558242a87fff,8a7558242aa7fff,8a7558242aaffff,8a7558242af7fff,8a7558242ac7fff,8a7558242acffff,8a755824230ffff,8a7558242227fff,8a7558242237fff,8a7558242207fff,8a755824222ffff,8a755824235ffff,8a7558242347fff",4
49,-101601559,-101746516#0,0.5625,0.6875,0.3125,0.6875,0.46875,0.1875,0.53125,0.53125,0.6875,0.75,0.53125,0.53125,0.4375,0.59375,0.375,0.375,0.71875,0.4375,0.25,0.71875,0.6875,0.875,0.375,"8a75582421b7fff,8a7558242197fff,8a75582421a7fff,8a7558242137fff,8a7558242127fff,8a755824212ffff,8a75582428dffff,8a7558242177fff,8a7558242167fff,8a7558242147fff,8a755824214ffff,8a7558242a97fff,8a7558242a87fff,8a7558242aa7fff,8a7558242aaffff,8a7558242af7fff,8a7558242ac7fff,8a7558242acffff,8a755824230ffff,8a7558242227fff,8a7558242237fff,8a7558242207fff,8a755824220ffff,8a7558242277fff,8a755824235ffff,8a7558242347fff",4
49,-101601559,-101746516#0,0.3125,0.3125,0.9375,0.0625,0.46875,0.75,0.53125,0.53125,0.3125,0.375,0.53125,0.53125,0.8125,0.59375,0.75,0.75,0.71875,0.25,0.625,0.71875,0.3125,0.4375,0.6875,"8a75582421b7fff,8a7558242197fff,8a75582421a7fff,8a7558242137fff,8a7558242127fff,8a755824212ffff,8a75582428dffff,8a7558242177fff,8a7558242167fff,8a7558242147fff,8a755824214ffff,8a7558242a97fff,8a7558242a87fff,8a7558242aa7fff,8a7558242aaffff,8a7558242327fff,8a7558242af7fff,8a7558242ac7fff,8a7558242acffff,8a755824230ffff,8a7558242227fff,8a7558242237fff,8a7558242207fff,8a755824220ffff,8a7558242277fff,8a755824235ffff,8a7558242347fff",1
49,-101601559,-101746516#0,0.5,0.5,1.0,0.0,0.46875,0.875,0.53125,0.53125,0.0625,0.5625,0.53125,0.53125,1.0,0.59375,0.5625,0.5625,0.1875,0.5,0.4375,0.1875,0.5,0.625,0.3125,"8a75582421b7fff,8a7558242197fff,8a75582421a7fff,8a7558242137fff,8a7558242127fff,8a755824212ffff,8a75582428dffff,8a7558242177fff,8a7558242167fff,8a7558242147fff,8a755824214ffff,8a7558242a97fff,8a755824206ffff,8a7558242a9ffff,8a7558242327fff,8a7558242aaffff,8a7558242af7fff,8a7558242ac7fff,8a7558242acffff,8a755824230ffff,8a7558242227fff,8a7558242237fff,8a7558242207fff,8a755824220ffff,8a7558242277fff,8a755824235ffff,8a7558242347fff",2
50,100475365#1,-101601832#0,0.0,0.0,1.0,0.0,0.0,1.0,1.0,1.0,1.0,1.0,1.0,1.0,1.0,0.0,0.0,0.0,0.0,0.0,0.0,0.0,0.0,0.0,0.0,"8a755824200ffff,8a7558242007fff,8a7558242017fff,8a75582420affff,8a7558242087fff",3
51,120511930,-372606529#4,0.0,0.0,1.0,0.0,0.0,1.0,1.0,1.0,1.0,1.0,1.0,1.0,1.0,0.0,0.0,0.0,0.0,0.0,0.0,0.0,0.0,0.0,0.0,"8a7558242a97fff,8a7558242a87fff,8a7558242aa7fff,8a7558242b9ffff,8a7558242b87fff,8a7558242bb7fff",3
52,659283000#1,100525438#0,0.6666666666666667,0.6666666666666667,0.6666666666666666,0.3333333333333333,0.3333333333333333,1.0,0.6666666666666666,0.6666666666666666,1.0,1.0,0.6666666666666666,0.6666666666666666,0.3333333333333333,0.3333333333333333,0.0,0.0,0.3333333333333333,0.3333333333333333,0.0,0.0,0.6666666666666667,0.3333333333333333,0.3333333333333333,"8a7558242b8ffff,8a7558242a37fff,8a7558242b1ffff,8a7558242aa7fff,8a7558242ab7fff,8a7558242b9ffff,8a7558242147fff,8a7558242167fff,8a7558242177fff,8a75582428dffff,8a755824212ffff",2
52,659283000#1,100525438#0,0.0,0.0,1.0,0.6666666666666667,0.3333333333333333,0.3333333333333333,0.6666666666666666,0.6666666666666666,0.3333333333333333,0.3333333333333333,0.6666666666666666,0.6666666666666666,1.0,0.3333333333333333,0.6666666666666667,0.6666666666666667,0.3333333333333333,0.6666666666666667,0.6666666666666667,0.6666666666666667,0.0,0.0,0.6666666666666667,"8a7558242b8ffff,8a7558242a37fff,8a7558242b1ffff,8a7558242aa7fff,8a7558242b9ffff,8a7558242147fff,8a7558242167fff,8a7558242177fff,8a75582428dffff,8a755824212ffff",3
52,659283000#1,100525438#0,0.3333333333333333,0.3333333333333333,0.3333333333333333,0.0,0.3333333333333333,0.6666666666666666,0.6666666666666666,0.6666666666666666,0.6666666666666666,0.6666666666666666,0.6666666666666666,0.6666666666666666,0.6666666666666666,0.3333333333333333,0.3333333333333333,0.3333333333333333,0.3333333333333333,0.0,0.3333333333333333,0.3333333333333333,0.3333333333333333,0.6666666666666667,0.0,"8a7558242b8ffff,8a7558242a37fff,8a7558242b1ffff,8a7558242aa7fff,8a7558242ab7fff,8a7558242b9ffff,8a7558242147fff,8a7558242167fff,8a7558242177fff,8a75582428dffff,8a755824212ffff",2
53,-297823021,-372606529#4,0.0,0.0,1.0,0.0,0.0,1.0,1.0,1.0,1.0,1.0,1.0,1.0,1.0,0.0,0.0,0.0,0.0,0.0,0.0,0.0,0.0,0.0,0.0,"8a755824048ffff,8a755824049ffff,8a7558240487fff,8a7558240497fff,8a7558242847fff,8a755824285ffff,8a7558242bb7fff,8a7558242b87fff",3
54,526439431#0,-100468681#0,0.4,0.4,0.6,0.4,0.4,0.6,0.6,0.6,0.6,0.2,0.6,0.6,1.0,0.4,0.8,0.8,0.4,0.8,0.4,0.8,0.4,0.1999999999999999,0.4,"8a755824204ffff,8a755824206ffff,8a7558242067fff,8a7558242077fff,8a755824200ffff,8a7558242007fff,8a7558242037fff,8a75582421affff,8a755824211ffff,8a755824212ffff,8a7558242127fff,8a755824288ffff,8a7558242c0ffff,8a7558242c1ffff",1
54,526439431#0,-100468681#0,0.8,0.8,1.0,0.1999999999999999,0.4,1.0,0.6,0.6,1.0,1.0,0.6,0.6,0.2,0.0,0.4,0.4,0.0,0.0,0.6,0.4,0.8,0.4,0.1999999999999999,"8a755824204ffff,8a755824206ffff,8a7558242067fff,8a7558242a97fff,8a7558242ab7fff,8a7558242b9ffff,8a7558242147fff,8a7558242167fff,8a7558242177fff,8a75582428dffff,8a75582428d7fff,8a755824288ffff,8a7558242c0ffff,8a7558242c1ffff",2
54,526439431#0,-100468681#0,0.6,0.6,0.8,0.0,0.4,0.8,0.6,0.6,0.8,0.8,0.6,0.6,0.4,0.1999999999999999,0.6,0.6,0.1999999999999999,0.1999999999999999,0.8,0.6,0.6,0.8,0.0,"8a755824204ffff,8a755824206ffff,8a7558242067fff,8a7558242a97fff,8a7558242ab7fff,8a7558242b9ffff,8a7558242147fff,8a7558242167fff,8a7558242177fff,8a75582428dffff,8a75582428d7fff,8a755824288ffff,8a7558242c0ffff,8a7558242c1ffff",0
54,526439431#0,-100468681#0,0.1999999999999999,0.1999999999999999,0.4,0.6,0.4,0.4,0.6,0.6,0.4,0.6,0.6,0.6,0.6,0.6,0.0,0.0,0.6,0.4,0.0,0.0,0.1999999999999999,0.0,0.8,"8a755824204ffff,8a755824206ffff,8a7558242067fff,8a7558242a97fff,8a7558242ab7fff,8a7558242b9ffff,8a7558242147fff,8a7558242167fff,8a7558242177fff,8a75582428dffff,8a755824212ffff,8a7558242127fff,8a755824288ffff,8a7558242c0ffff,8a7558242c1ffff",1
54,526439431#0,-100468681#0,0.0,0.0,0.2,0.8,0.4,0.2,0.6,0.6,0.2,0.4,0.6,0.6,0.8,0.8,0.1999999999999999,0.1999999999999999,0.8,0.6,0.1999999999999999,0.1999999999999999,0.0,0.6,0.6,"8a755824204ffff,8a755824206ffff,8a7558242067fff,8a7558242a97fff,8a7558242ab7fff,8a7558242b9ffff,8a7558242147fff,8a7558242167fff,8a7558242177fff,8a75582428dffff,8a755824212ffff,8a7558242127fff,8a755824288ffff,8a7558242c0ffff,8a7558242c1ffff",1
55,-71324343#4,-619184994,0.0,0.0,1.0,0.0,0.0,1.0,1.0,1.0,1.0,1.0,1.0,1.0,1.0,0.0,0.0,0.0,0.0,0.0,0.0,0.0,0.0,0.0,0.0,"8a7558242a27fff,8a7558242a17fff,8a7558242b8ffff,8a7558242aa7fff,8a7558242ab7fff,8a7558242a97fff",3
56,-101607098#1,100475365#1,0.0,0.0,0.5,0.5,0.25,0.5,0.75,0.75,0.75,0.5,0.75,0.75,1.0,0.25,0.5,0.5,0.25,0.0,0.5,0.0,0.0,0.0,0.5,"8a7558242857fff,8a7558242847fff,8a7558242877fff,8a75582428e7fff,8a75582428f7fff,8a75582428d7fff,8a755824288ffff,8a7558242127fff,8a755824212ffff,8a755824211ffff,8a75582421affff,8a7558242037fff,8a7558242007fff,8a755824200ffff",3
56,-101607098#1,100475365#1,0.5,0.5,1.0,0.0,0.25,1.0,0.75,0.75,0.75,1.0,0.75,0.75,0.5,0.25,0.0,0.0,0.25,0.5,0.0,0.5,0.5,0.5,0.0,"8a7558242857fff,8a7558242847fff,8a7558242877fff,8a75582428e7fff,8a75582428f7fff,8a75582428d7fff,8a75582428dffff,8a755824212ffff,8a755824211ffff,8a75582421affff,8a7558242037fff,8a7558242007fff,8a755824200ffff",2
57,101611600,-1200809291,0.0,0.0,1.0,0.0,0.0,1.0,1.0,1.0,1.0,1.0,1.0,1.0,1.0,0.0,0.0,0.0,0.0,0.0,0.0,0.0,0.0,0.0,0.0,"8a7558242b97fff,8a7558242b87fff,8a7558242b9ffff,8a7558242147fff,8a755824214ffff,8a7558242a97fff,8a755824206ffff,8a7558242047fff,8a75582423b7fff,8a75582423a7fff,8a755824204ffff",3
58,-42762428#0,-101599076#0,0.0,0.0,0.75,0.25,0.25,0.5,0.75,0.75,0.5,0.75,0.75,0.75,1.0,0.25,0.5,0.5,0.5,0.25,0.5,0.25,0.0,0.0,0.5,"8a7558242a97fff,8a755824206ffff,8a7558242067fff,8a7558242077fff,8a755824200ffff,8a7558242007fff,8a7558242037fff,8a75582421affff,8a75582421b7fff,8a7558242ce7fff,8a7558242c57fff,8a7558242c47fff",3
58,-42762428#0,-101599076#0,0.5,0.5,0.75,0.25,0.25,1.0,0.75,0.75,1.0,0.75,0.75,0.75,0.5,0.25,0.0,0.0,0.0,0.25,0.0,0.25,0.5,0.5,0.0,"8a7558242a97fff,8a755824206ffff,8a7558242067fff,8a7558242077fff,8a755824200ffff,8a7558242007fff,8a7558242037fff,8a75582421affff,8a75582421b7fff,8a7558242ce7fff,8a7558242c57fff,8a7558242c47fff",2
59,526438862#0,-100468681#0,0.8,0.8,1.0,0.0,0.4,1.0,0.6,0.6,1.0,1.0,0.6,0.6,0.2,0.0,0.4,0.4,0.0,0.0,0.6,0.4,0.8,0.6,0.1999999999999999,"8a75582423a7fff,8a755824204ffff,8a755824206ffff,8a7558242067fff,8a7558242a97fff,8a7558242ab7fff,8a7558242b9ffff,8a7558242147fff,8a7558242167fff,8a7558242177fff,8a75582428dffff,8a75582428d7fff,8a755824288ffff,8a7558242c0ffff,8a7558242c1ffff",2
59,526438862#0,-100468681#0,0.6,0.6,0.8,0.1999999999999999,0.4,0.8,0.6,0.6,0.8,0.8,0.6,0.6,0.4,0.1999999999999999,0.6,0.6,0.1999999999999999,0.1999999999999999,0.8,0.6,0.6,0.8,0.0,"8a75582423a7fff,8a755824204ffff,8a755824206ffff,8a7558242067fff,8a7558242a97fff,8a7558242ab7fff,8a7558242b9ffff,8a7558242147fff,8a7558242167fff,8a7558242177fff,8a75582428dffff,8a75582428d7fff,8a755824288ffff,8a7558242c0ffff,8a7558242c1ffff",0
59,526438862#0,-100468681#0,0.0,0.0,0.2,0.8,0.4,0.2,0.6,0.6,0.2,0.4,0.6,0.6,0.8,0.8,0.1999999999999999,0.1999999999999999,0.8,0.6,0.1999999999999999,0.1999999999999999,0.0,0.4,0.6,"8a75582423a7fff,8a755824204ffff,8a755824206ffff,8a7558242067fff,8a7558242a97fff,8a7558242ab7fff,8a7558242b9ffff,8a7558242147fff,8a7558242167fff,8a7558242177fff,8a75582428dffff,8a755824212ffff,8a7558242127fff,8a755824288ffff,8a7558242c0ffff,8a7558242c1ffff",1
59,526438862#0,-100468681#0,0.1999999999999999,0.1999999999999999,0.4,0.6,0.4,0.4,0.6,0.6,0.4,0.6,0.6,0.6,0.6,0.6,0.0,0.0,0.6,0.4,0.0,0.0,0.1999999999999999,0.0,0.8,"8a75582423a7fff,8a755824204ffff,8a755824206ffff,8a7558242067fff,8a7558242a97fff,8a7558242ab7fff,8a7558242b9ffff,8a7558242147fff,8a7558242167fff,8a7558242177fff,8a75582428dffff,8a755824212ffff,8a7558242127fff,8a755824288ffff,8a7558242c0ffff,8a7558242c1ffff",1
59,526438862#0,-100468681#0,0.4,0.4,0.6,0.4,0.4,0.6,0.6,0.6,0.6,0.2,0.6,0.6,1.0,0.4,0.8,0.8,0.4,0.8,0.4,0.8,0.4,0.1999999999999999,0.4,"8a75582423a7fff,8a755824204ffff,8a755824206ffff,8a7558242067fff,8a7558242077fff,8a755824200ffff,8a7558242007fff,8a7558242037fff,8a75582421affff,8a755824211ffff,8a755824212ffff,8a7558242127fff,8a755824288ffff,8a7558242c0ffff,8a7558242c1ffff",1
60,100475365#1,71324347#3,0.5,0.5,0.5,0.5,0.25,0.5,0.75,0.75,1.0,0.75,0.75,0.75,0.5,0.0,0.0,0.0,0.25,0.25,0.0,0.25,0.5,0.5,0.0,"8a755824200ffff,8a75582420e7fff,8a75582420c7fff,8a75582420dffff,8a75582420cffff,8a75582420effff,8a75582423b7fff,8a75582423a7fff,8a755824204ffff,8a7558242317fff,8a75582423affff",2
60,100475365#1,71324347#3,0.0,0.0,1.0,0.0,0.25,1.0,0.75,0.75,0.5,0.75,0.75,0.75,1.0,0.5,0.5,0.5,0.25,0.25,0.5,0.25,0.0,0.0,0.5,"8a755824200ffff,8a75582420e7fff,8a75582420c7fff,8a75582420dffff,8a75582420cffff,8a75582420effff,8a75582423b7fff,8a75582423a7fff,8a755824204ffff,8a7558242317fff,8a75582423affff",3
61,-100468681#0,-1200809291,0.5,0.5,1.0,0.0,0.25,1.0,0.75,0.75,1.0,1.0,0.75,0.75,0.5,0.0,0.5,0.5,0.0,0.5,0.5,0.0,0.5,0.5,0.0,"8a7558242c0ffff,8a7558242c1ffff,8a755824288ffff,8a75582428d7fff,8a75582428dffff,8a7558242177fff,8a7558242167fff,8a7558242147fff,8a755824214ffff,8a7558242a97fff,8a755824206ffff,8a7558242047fff,8a75582423b7fff,8a75582423a7fff,8a755824204ffff",2
61,-100468681#0,-1200809291,0.0,0.0,0.5,0.5,0.25,0.5,0.75,0.75,0.5,0.5,0.75,0.75,1.0,0.5,0.0,0.0,0.5,0.0,0.0,0.5,0.0,0.0,0.5,"8a7558242c0ffff,8a7558242c1ffff,8a755824288ffff,8a7558242127fff,8a755824212ffff,8a75582428dffff,8a7558242177fff,8a7558242167fff,8a7558242147fff,8a755824214ffff,8a7558242a97fff,8a755824206ffff,8a7558242047fff,8a75582423b7fff,8a75582423a7fff,8a755824204ffff",3
62,-100468681#0,-101749458#0,0.75,0.75,0.75,0.0,0.375,1.0,0.625,0.625,1.0,1.0,0.625,0.625,0.25,0.5,0.75,0.75,0.0,0.75,0.5,0.0,0.75,0.75,0.0,"8a7558242c0ffff,8a7558242c1ffff,8a755824288ffff,8a75582428d7fff,8a75582428dffff,8a7558242177fff,8a7558242167fff,8a7558242147fff,8a755824214ffff,8a7558242a97fff,8a755824206ffff,8a7558242047fff,8a75582423b7fff,8a7558242397fff,8a755824239ffff,8a755824274ffff,8a7558242297fff,8a755824229ffff",0
62,-100468681#0,-101749458#0,0.5,0.5,1.0,0.25,0.375,0.75,0.625,0.625,0.5,0.75,0.625,0.625,0.5,0.0,0.25,0.25,0.25,0.5,0.75,0.25,0.5,0.0,0.25,"8a7558242c0ffff,8a7558242c1ffff,8a755824288ffff,8a75582428d7fff,8a75582428dffff,8a7558242177fff,8a7558242167fff,8a7558242147fff,8a755824214ffff,8a7558242a97fff,8a755824206ffff,8a7558242047fff,8a75582423b7fff,8a7558242397fff,8a755824274ffff,8a7558242297fff,8a755824229ffff",2
62,-100468681#0,-101749458#0,0.25,0.25,0.25,0.75,0.375,0.5,0.625,0.625,0.75,0.5,0.625,0.625,0.75,0.75,0.5,0.5,0.5,0.25,0.0,0.5,0.25,0.5,0.5,"8a7558242c0ffff,8a7558242c1ffff,8a755824288ffff,8a7558242127fff,8a755824212ffff,8a75582428dffff,8a7558242177fff,8a7558242167fff,8a7558242147fff,8a755824214ffff,8a7558242a97fff,8a755824206ffff,8a7558242047fff,8a75582423b7fff,8a7558242397fff,8a755824239ffff,8a755824274ffff,8a7558242297fff,8a755824229ffff",1
62,-100468681#0,-101749458#0,0.0,0.0,0.5,0.5,0.375,0.25,0.625,0.625,0.25,0.25,0.625,0.625,1.0,0.25,0.0,0.0,0.75,0.0,0.25,0.75,0.0,0.25,0.75,"8a7558242c0ffff,8a7558242c1ffff,8a755824288ffff,8a7558242127fff,8a755824212ffff,8a75582428dffff,8a7558242177fff,8a7558242167fff,8a7558242147fff,8a755824214ffff,8a7558242a97fff,8a755824206ffff,8a7558242047fff,8a75582423b7fff,8a7558242397fff,8a755824274ffff,8a7558242297fff,8a755824229ffff",1
63,101417074,463830226#1,0.75,0.75,0.25,0.75,0.375,0.25,0.625,0.625,0.625,0.625,0.625,0.625,0.625,0.375,0.375,0.375,0.375,0.75,0.375,0.375,0.75,0.0,0.0,"8a7558242b5ffff,8a7558242b0ffff,8a7558242a27fff,8a7558242a07fff,8a7558242a1ffff,8a7558242aaffff,8a7558242af7fff",0
63,101417074,463830226#1,0.5,0.5,0.5,0.5,0.375,0.5,0.625,0.625,0.625,0.625,0.625,0.625,0.625,0.375,0.375,0.375,0.375,0.5,0.375,0.375,0.5,0.5,0.25,"8a7558242b5ffff,8a7558242b0ffff,8a7558242a27fff,8a7558242a07fff,8a7558242a1ffff,8a7558242aaffff,8a7558242af7fff",4
63,101417074,463830226#1,0.0,0.0,1.0,0.25,0.375,1.0,0.625,0.625,0.625,0.625,0.625,0.625,0.625,0.375,0.375,0.375,0.375,0.0,0.375,0.375,0.0,0.25,0.75,"8a7558242b5ffff,8a7558242b0ffff,8a7558242a27fff,8a7558242a2ffff,8a7558242a0ffff,8a7558242a1ffff,8a7558242aaffff,8a7558242af7fff",3
63,101417074,463830226#1,0.25,0.25,0.75,0.0,0.375,0.75,0.625,0.625,0.625,0.625,0.625,0.625,0.625,0.375,0.375,0.375,0.375,0.25,0.375,0.375,0.25,0.75,0.5,"8a7558242b5ffff,8a7558242b0ffff,8a7558242a27fff,8a7558242a2ffff,8a7558242a0ffff,8a7558242a07fff,8a7558242a1ffff,8a7558242aaffff,8a7558242af7fff",1
64,71324343#3,526438862#2,0.25,0.5,0.75,0.25,0.375,1.0,0.625,0.625,0.75,0.625,0.625,0.625,0.5,0.25,0.25,0.25,0.375,0.25,0.25,0.25,0.5,0.25,0.5,"8a7558242a07fff,8a7558242a27fff,8a7558242a1ffff,8a7558242a0ffff,8a7558242af7fff,8a7558242ac7fff,8a7558242acffff,8a755824230ffff,8a7558242307fff,8a7558242317fff,8a75582423affff,8a75582423a7fff,8a755824204ffff",2
64,71324343#3,526438862#2,0.5,0.25,1.0,0.0,0.375,0.75,0.625,0.625,0.5,0.625,0.625,0.625,0.75,0.5,0.5,0.5,0.375,0.75,0.5,0.5,0.25,0.75,0.0,"8a7558242a07fff,8a7558242a27fff,8a7558242a0ffff,8a7558242af7fff,8a7558242ac7fff,8a7558242acffff,8a755824230ffff,8a7558242307fff,8a7558242317fff,8a75582423affff,8a75582423a7fff,8a755824204ffff",2
64,71324343#3,526438862#2,0.0,0.0,0.5,0.5,0.375,0.5,0.625,0.625,0.25,0.625,0.625,0.625,1.0,0.75,0.75,0.75,0.375,0.0,0.75,0.75,0.0,0.0,0.75,"8a7558242a07fff,8a7558242a27fff,8a7558242a1ffff,8a7558242aaffff,8a7558242327fff,8a7558242af7fff,8a7558242ac7fff,8a7558242acffff,8a755824230ffff,8a7558242307fff,8a7558242317fff,8a75582423affff,8a75582423a7fff,8a755824204ffff",1
64,71324343#3,526438862#2,0.75,0.75,0.25,0.75,0.375,0.25,0.625,0.625,1.0,0.625,0.625,0.625,0.25,0.0,0.0,0.0,0.375,0.5,0.0,0.0,0.75,0.5,0.25,"8a7558242a07fff,8a7558242a27fff,8a7558242a1ffff,8a7558242aaffff,8a7558242af7fff,8a7558242ac7fff,8a7558242acffff,8a755824230ffff,8a7558242307fff,8a7558242317fff,8a75582423affff,8a75582423a7fff,8a755824204ffff",4
65,-101411571#0,-416409191#0,0.8888888888888888,0.7777777777777778,0.7777777777777778,0.6666666666666667,0.7777777777777778,0.8888888888888888,0.5555555555555556,0.5555555555555556,0.3333333333333333,0.8888888888888888,0.5555555555555556,0.5555555555555556,1.0,0.8888888888888888,0.7777777777777778,0.7777777777777778,0.5555555555555556,0.2222222222222222,0.6666666666666667,0.3333333333333333,0.7777777777777778,0.0,0.4444444444444444,"8a755824230ffff,8a7558242227fff,8a7558242237fff,8a7558242217fff,8a75582422a7fff,8a7558242297fff,8a755824274ffff,8a755824260ffff,8a755824261ffff,8a75582426f7fff,8a755824268ffff,8a7558251a47fff,8a7558251af7fff",2
65,-101411571#0,-416409191#0,0.2222222222222222,0.0,1.0,0.8888888888888888,0.7777777777777778,0.3333333333333333,0.5555555555555556,0.5555555555555556,0.8888888888888888,0.1111111111111111,0.5555555555555556,0.5555555555555556,0.6666666666666666,0.4444444444444444,0.4444444444444444,0.6666666666666667,0.1111111111111111,0.0,0.8888888888888888,0.7777777777777778,0.0,0.1111111111111111,0.8888888888888888,"8a755824230ffff,8a7558242307fff,8a7558242337fff,8a755824206ffff,8a7558242047fff,8a75582423b7fff,8a7558242397fff,8a755824274ffff,8a755824260ffff,8a755824261ffff,8a75582426f7fff,8a755824268ffff,8a7558251a47fff,8a7558251af7fff",1
65,-101411571#0,-416409191#0,0.4444444444444444,0.1111111111111111,0.8888888888888888,0.7777777777777778,0.7777777777777778,0.4444444444444444,0.5555555555555556,0.5555555555555556,1.0,0.2222222222222222,0.5555555555555556,0.5555555555555556,0.1111111111111111,0.7777777777777778,0.8888888888888888,0.8888888888888888,0.0,0.1111111111111111,0.7777777777777778,0.7777777777777778,0.1111111111111111,0.6666666666666667,0.7777777777777778,"8a755824230ffff,8a7558242307fff,8a7558242337fff,8a755824206ffff,8a7558242047fff,8a75582423b7fff,8a7558242397fff,8a755824239ffff,8a755824274ffff,8a755824260ffff,8a755824261ffff,8a75582426f7fff,8a755824268ffff,8a7558251a47fff,8a7558251af7fff",1
65,-101411571#0,-416409191#0,0.7777777777777778,0.8888888888888888,0.3333333333333333,0.0,0.4444444444444444,1.0,0.5555555555555556,0.5555555555555556,0.5555555555555556,1.0,0.5555555555555556,0.5555555555555556,0.3333333333333333,0.5555555555555556,0.5555555555555556,0.4444444444444444,0.5555555555555556,0.8888888888888888,0.4444444444444444,0.2222222222222222,0.8888888888888888,0.4444444444444444,0.2222222222222222,"8a755824230ffff,8a7558242307fff,8a7558242317fff,8a75582423affff,8a7558242387fff,8a7558242397fff,8a755824239ffff,8a755824274ffff,8a755824260ffff,8a755824261ffff,8a75582426f7fff,8a755824268ffff,8a7558251a47fff,8a7558251af7fff",0
65,-101411571#0,-416409191#0,0.0,0.2222222222222222,0.5555555555555556,0.4444444444444444,0.1111111111111111,0.1111111111111111,0.5555555555555556,0.5555555555555556,0.1111111111111111,0.3333333333333333,0.5555555555555556,0.5555555555555556,0.8888888888888888,0.3333333333333333,0.3333333333333333,0.3333333333333333,0.5555555555555556,0.4444444444444444,0.3333333333333333,0.5555555555555556,0.2222222222222222,0.3333333333333333,0.6666666666666667,"8a755824230ffff,8a7558242227fff,8a7558242237fff,8a7558242217fff,8a7558242387fff,8a7558242397fff,8a755824274ffff,8a755824260ffff,8a755824261ffff,8a75582426f7fff,8a755824268ffff,8a7558251a47fff,8a7558251af7fff",1
65,-101411571#0,-416409191#0,0.3333333333333333,0.6666666666666667,0.6666666666666666,0.3333333333333333,0.1111111111111111,0.5555555555555556,0.5555555555555556,0.5555555555555556,0.4444444444444444,0.7777777777777778,0.5555555555555556,0.5555555555555556,0.5555555555555556,0.6666666666666667,0.6666666666666667,0.5555555555555556,0.5555555555555556,0.7777777777777778,0.5555555555555556,0.7777777777777778,0.6666666666666667,0.2222222222222222,0.5555555555555556,"8a755824230ffff,8a7558242227fff,8a7558242237fff,8a7558242217fff,8a7558242387fff,8a7558242397fff,8a755824239ffff,8a755824274ffff,8a755824260ffff,8a755824261ffff,8a75582426f7fff,8a755824268ffff,8a7558251a47fff,8a7558251af7fff",2
65,-101411571#0,-416409191#0,0.5555555555555556,0.4444444444444444,0.2222222222222222,0.1111111111111111,0.4444444444444444,0.6666666666666666,0.5555555555555556,0.5555555555555556,0.2222222222222222,0.5555555555555556,0.5555555555555556,0.5555555555555556,0.7777777777777778,0.1111111111111111,0.1111111111111111,0.1111111111111111,0.5555555555555556,0.6666666666666667,0.2222222222222222,0.1111111111111111,0.4444444444444444,0.5555555555555556,0.3333333333333333,"8a755824230ffff,8a7558242307fff,8a7558242317fff,8a75582423affff,8a7558242387fff,8a7558242397fff,8a755824274ffff,8a755824260ffff,8a755824261ffff,8a75582426f7fff,8a755824268ffff,8a7558251a47fff,8a7558251af7fff",4
65,-101411571#0,-416409191#0,0.1111111111111111,0.3333333333333333,0.4444444444444444,0.5555555555555556,0.1111111111111111,0.2222222222222222,0.5555555555555556,0.5555555555555556,0.6666666666666666,0.4444444444444444,0.5555555555555556,0.5555555555555556,0.4444444444444444,0.2222222222222222,0.2222222222222222,0.2222222222222222,0.5555555555555556,0.3333333333333333,0.1111111111111111,0.4444444444444444,0.3333333333333333,0.7777777777777778,0.1111111111111111,"8a755824230ffff,8a7558242227fff,8a7558242237fff,8a7558242217fff,8a7558242387fff,8a7558242397fff,8a755824239ffff,8a755824274ffff,8a755824260ffff,8a755824261ffff,8a75582426f7fff,8a755824268ffff,8a7558251a47fff,8a7558251af7fff",4
65,-101411571#0,-416409191#0,0.6666666666666667,0.5555555555555556,0.1111111111111111,0.2222222222222222,0.4444444444444444,0.7777777777777778,0.5555555555555556,0.5555555555555556,0.7777777777777778,0.6666666666666666,0.5555555555555556,0.5555555555555556,0.2222222222222222,0.0,0.0,0.0,0.5555555555555556,0.5555555555555556,0.0,0.0,0.5555555555555556,0.8888888888888888,0.0,"8a755824230ffff,8a7558242307fff,8a7558242317fff,8a75582423affff,8a7558242387fff,8a7558242397fff,8a755824239ffff,8a755824274ffff,8a755824260ffff,8a755824261ffff,8a75582426f7fff,8a755824268ffff,8a7558251a47fff,8a7558251af7fff",4
66,-101749462,100475365#1,0.0,0.0,1.0,0.0,0.0,1.0,1.0,1.0,1.0,1.0,1.0,1.0,1.0,0.0,0.0,0.0,0.0,0.0,0.0,0.0,0.0,0.0,0.0,"8a7558242ac7fff,8a7558242ae7fff,8a7558242acffff,8a755824230ffff,8a7558242307fff,8a7558242337fff,8a755824206ffff,8a7558242067fff,8a7558242077fff,8a755824200ffff,8a7558242007fff",3
67,-42762428#3,-47374664,0.0,0.25,0.25,0.75,0.4375,0.125,0.5625,0.5625,0.875,0.5625,0.5625,0.5625,0.25,0.0,0.0,0.0,0.375,0.0,0.625,0.375,0.25,0.0,0.75,"8a7558242a87fff,8a7558242a97fff,8a755824206ffff,8a7558242047fff,8a75582423b7fff,8a7558242397fff,8a755824274ffff,8a7558242297fff,8a75582422a7fff,8a7558242217fff,8a7558242237fff,8a755824221ffff",1
67,-42762428#3,-47374664,0.75,0.875,0.625,0.375,0.4375,0.5,0.5625,0.5625,0.625,0.5625,0.5625,0.5625,0.5,0.5625,0.125,0.125,0.6875,0.625,0.0,0.6875,0.875,0.875,0.5,"8a7558242a87fff,8a7558242a97fff,8a7558242aa7fff,8a7558242aaffff,8a7558242af7fff,8a7558242ac7fff,8a7558242acffff,8a755824230ffff,8a7558242227fff,8a7558242237fff,8a755824221ffff",4
67,-42762428#3,-47374664,0.375,0.375,0.125,0.875,0.4375,0.25,0.5625,0.5625,1.0,0.5625,0.5625,0.5625,0.125,0.125,0.625,0.625,0.25,0.125,0.5,0.25,0.375,0.125,0.375,"8a7558242a87fff,8a7558242a97fff,8a755824206ffff,8a7558242047fff,8a75582423b7fff,8a7558242397fff,8a755824239ffff,8a755824274ffff,8a7558242297fff,8a75582422a7fff,8a7558242217fff,8a7558242237fff,8a755824221ffff",1
67,-42762428#3,-47374664,0.125,0.0,0.5,0.5,0.4375,0.75,0.5625,0.5625,0.5,0.5625,0.5625,0.5625,0.625,0.5625,0.875,0.875,0.6875,0.375,0.875,0.6875,0.0,0.375,0.625,"8a7558242a87fff,8a7558242a97fff,8a7558242aa7fff,8a7558242aaffff,8a7558242327fff,8a7558242af7fff,8a7558242ac7fff,8a7558242acffff,8a755824230ffff,8a7558242227fff,8a7558242237fff,8a755824221ffff",1
67,-42762428#3,-47374664,0.25,0.125,0.875,0.125,0.4375,0.875,0.5625,0.5625,0.375,0.5625,0.5625,0.5625,0.75,0.5625,0.75,0.75,0.6875,0.25,0.75,0.6875,0.125,0.625,0.875,"8a7558242a87fff,8a7558242a97fff,8a7558242aa7fff,8a7558242aaffff,8a7558242327fff,8a7558242af7fff,8a7558242ac7fff,8a7558242acffff,8a755824230ffff,8a7558242227fff,8a7558242237fff,8a755824221ffff",1
67,-42762428#3,-47374664,0.5,0.5,1.0,0.0,0.4375,1.0,0.5625,0.5625,0.125,0.5625,0.5625,0.5625,1.0,0.5625,0.5,0.5,0.125,0.75,0.375,0.125,0.5,0.5,0.125,"8a7558242a87fff,8a7558242a97fff,8a755824206ffff,8a7558242a9ffff,8a7558242327fff,8a7558242aaffff,8a7558242af7fff,8a7558242ac7fff,8a7558242acffff,8a755824230ffff,8a7558242227fff,8a7558242237fff,8a755824221ffff",2
67,-42762428#3,-47374664,0.625,0.75,0.375,0.625,0.4375,0.375,0.5625,0.5625,0.75,0.5625,0.5625,0.5625,0.375,0.5625,0.25,0.25,0.6875,0.5,0.125,0.6875,0.75,0.75,0.25,"8a7558242a87fff,8a7558242a97fff,8a7558242aa7fff,8a7558242aaffff,8a7558242af7fff,8a7558242ac7fff,8a7558242acffff,8a755824230ffff,8a7558242227fff,8a7558242237fff,8a755824221ffff",4
67,-42762428#3,-47374664,0.875,0.625,0.75,0.25,0.4375,0.625,0.5625,0.5625,0.25,0.5625,0.5625,0.5625,0.875,0.5625,0.375,0.375,0.0,0.875,0.25,0.0,0.625,0.25,0.0,"8a7558242a87fff,8a7558242a97fff,8a755824206ffff,8a7558242a9ffff,8a7558242327fff,8a7558242af7fff,8a7558242ac7fff,8a7558242acffff,8a755824230ffff,8a7558242227fff,8a7558242237fff,8a755824221ffff",2
68,71324347#5,-1047412913,0.0,0.0,0.5,0.5,0.25,0.5,0.75,0.75,0.5,0.75,0.75,0.75,1.0,0.5,0.5,0.25,0.5,0.0,0.5,0.25,0.0,0.0,0.5,"8a75582423affff,8a7558242387fff,8a7558242217fff,8a7558242237fff,8a7558242227fff,8a755824230ffff,8a7558242acffff,8a7558240697fff,8a7558242a6ffff,8a7558242a67fff,8a7558242a77fff,8a7558242b5ffff,8a7558242b0ffff,8a7558242b2ffff,8a75582404dffff,8a75582404d7fff,8a75582404c7fff",3
68,71324347#5,-1047412913,0.5,0.5,1.0,0.0,0.25,1.0,0.75,0.75,1.0,0.75,0.75,0.75,0.5,0.0,0.0,0.25,0.0,0.5,0.0,0.25,0.5,0.5,0.0,"8a75582423affff,8a7558242387fff,8a7558242217fff,8a7558242237fff,8a7558242227fff,8a755824230ffff,8a7558242acffff,8a7558242ac7fff,8a7558242af7fff,8a7558242a0ffff,8a7558242a2ffff,8a7558242b5ffff,8a7558242b0ffff,8a7558242b2ffff,8a75582404dffff,8a75582404d7fff,8a75582404c7fff",2
69,101611060,-1200809291,0.0,0.0,1.0,0.0,0.0,1.0,1.0,1.0,1.0,1.0,1.0,1.0,1.0,0.0,0.0,0.0,0.0,0.0,0.0,0.0,0.0,0.0,0.0,"8a7558242aa7fff,8a7558242b9ffff,8a7558242147fff,8a755824214ffff,8a7558242a97fff,8a755824206ffff,8a7558242047fff,8a75582423b7fff,8a75582423a7fff,8a755824204ffff",3
70,-101415865#0,-100525438#2,0.6666666666666667,0.6666666666666667,0.3333333333333333,0.0,0.0,0.3333333333333333,0.6666666666666666,0.6666666666666666,1.0,0.3333333333333333,0.6666666666666666,0.6666666666666666,0.3333333333333333,0.0,0.0,0.0,0.3333333333333333,0.6666666666666667,0.0,0.0,0.6666666666666667,0.6666666666666667,0.0,"8a755825c927fff,8a75582422a7fff,8a7558242217fff,8a7558242387fff,8a7558242397fff,8a75582423a7fff,8a75582423b7fff,8a75582420effff,8a7558242047fff,8a7558242067fff,8a7558242077fff,8a755824200ffff,8a7558242007fff,8a7558242037fff,8a75582421affff,8a755824211ffff",4
70,-101415865#0,-100525438#2,0.0,0.0,1.0,0.3333333333333333,0.5,1.0,0.6666666666666666,0.6666666666666666,0.3333333333333333,0.6666666666666666,0.6666666666666666,0.6666666666666666,1.0,0.5,0.6666666666666667,0.6666666666666667,0.3333333333333333,0.1666666666666666,0.6666666666666667,0.6666666666666667,0.0,0.0,0.6666666666666667,"8a755825c927fff,8a75582422a7fff,8a7558242297fff,8a755824274ffff,8a755824260ffff,8a755824262ffff,8a755824270ffff,8a75582420dffff,8a75582420c7fff,8a75582420e7fff,8a755824200ffff,8a7558242007fff,8a7558242037fff,8a75582421affff,8a755824211ffff",3
70,-101415865#0,-100525438#2,0.3333333333333333,0.3333333333333333,0.6666666666666666,0.6666666666666667,0.5,0.6666666666666666,0.6666666666666666,0.6666666666666666,0.6666666666666666,1.0,0.6666666666666666,0.6666666666666666,0.6666666666666666,0.5,0.3333333333333333,0.3333333333333333,0.3333333333333333,0.1666666666666666,0.3333333333333333,0.3333333333333333,0.3333333333333333,0.3333333333333333,0.3333333333333333,"8a755825c927fff,8a75582422a7fff,8a7558242297fff,8a755824274ffff,8a755824260ffff,8a755824262ffff,8a755824270ffff,8a75582420dffff,8a75582420c7fff,8a75582420e7fff,8a755824200ffff,8a7558242007fff,8a7558242037fff,8a75582421affff,8a755824211ffff",2
71,-100525438#2,-101415865#0,0.5,0.5,1.0,0.0,0.375,0.75,0.625,0.625,0.5,0.75,0.625,0.625,0.75,0.0,0.0,0.0,0.25,0.5,0.25,0.25,0.5,0.5,0.25,"8a75582421affff,8a755824211ffff,8a755824212ffff,8a75582428dffff,8a7558242177fff,8a7558242167fff,8a7558242147fff,8a755824214ffff,8a7558242a97fff,8a755824206ffff,8a7558242047fff,8a75582423b7fff,8a7558242397fff,8a755824274ffff,8a7558242297fff,8a755824229ffff,8a755825c927fff,8a75582422a7fff",2
71,-100525438#2,-101415865#0,0.0,0.0,0.5,0.5,0.375,0.25,0.625,0.625,0.25,0.25,0.625,0.625,1.0,0.25,0.25,0.25,0.75,0.0,0.75,0.75,0.0,0.0,0.75,"8a75582421affff,8a755824211ffff,8a755824212ffff,8a75582428dffff,8a7558242177fff,8a7558242167fff,8a7558242147fff,8a755824214ffff,8a7558242a97fff,8a755824206ffff,8a7558242047fff,8a75582423b7fff,8a7558242397fff,8a755824274ffff,8a7558242297fff,8a75582422a7fff,8a755825c927fff",1
71,-100525438#2,-101415865#0,0.75,0.75,0.75,0.25,0.375,1.0,0.625,0.625,1.0,1.0,0.625,0.625,0.25,0.5,0.5,0.5,0.0,0.75,0.0,0.0,0.75,0.75,0.0,"8a75582421affff,8a755824211ffff,8a755824212ffff,8a75582428dffff,8a7558242177fff,8a7558242167fff,8a7558242147fff,8a755824214ffff,8a7558242a97fff,8a755824206ffff,8a7558242047fff,8a75582423b7fff,8a7558242397fff,8a755824239ffff,8a755824274ffff,8a7558242297fff,8a755824229ffff,8a755825c927fff,8a75582422a7fff",0
71,-100525438#2,-101415865#0,0.25,0.25,0.25,0.75,0.375,0.5,0.625,0.625,0.75,0.5,0.625,0.625,0.5,0.75,0.75,0.75,0.5,0.25,0.5,0.5,0.25,0.25,0.5,"8a75582421affff,8a755824211ffff,8a755824212ffff,8a75582428dffff,8a7558242177fff,8a7558242167fff,8a7558242147fff,8a755824214ffff,8a7558242a97fff,8a755824206ffff,8a7558242047fff,8a75582423b7fff,8a7558242397fff,8a755824239ffff,8a755824274ffff,8a7558242297fff,8a75582422a7fff,8a755825c927fff",1
72,-101418584#1,-100468681#0,0.0,0.0,1.0,0.0,0.25,1.0,0.75,0.75,0.75,0.5,0.75,0.75,1.0,0.25,0.5,0.25,0.25,0.25,0.5,0.25,0.0,0.0,0.5,"8a75582420cffff,8a7558242747fff,8a755824262ffff,8a75582420dffff,8a75582420c7fff,8a75582420e7fff,8a755824200ffff,8a7558242007fff,8a7558242037fff,8a75582421affff,8a755824211ffff,8a755824212ffff,8a7558242127fff,8a755824288ffff,8a7558242c0ffff,8a7558242c1ffff",3
72,-101418584#1,-100468681#0,0.5,0.5,0.5,0.5,0.25,0.5,0.75,0.75,0.75,1.0,0.75,0.75,0.5,0.25,0.0,0.25,0.25,0.25,0.0,0.25,0.5,0.5,0.0,"8a75582420cffff,8a7558242747fff,8a755824262ffff,8a75582420dffff,8a75582420c7fff,8a75582420e7fff,8a755824200ffff,8a7558242007fff,8a7558242037fff,8a75582421affff,8a755824211ffff,8a755824212ffff,8a7558242127fff,8a755824288ffff,8a7558242c0ffff,8a7558242c1ffff",2
73,100475365#1,101607963,0.0,0.0,0.8333333333333334,0.1666666666666666,0.3333333333333333,0.3333333333333333,0.6666666666666666,0.6666666666666666,0.6666666666666666,0.6666666666666666,0.6666666666666666,0.6666666666666666,0.6666666666666666,0.3333333333333333,0.3333333333333333,0.3333333333333333,0.3333333333333333,0.1666666666666666,0.3333333333333333,0.3333333333333333,0.0,0.3333333333333333,0.6666666666666667,"8a755824200ffff,8a7558242007fff,8a7558242037fff,8a75582421affff,8a755824211ffff,8a755824212ffff,8a75582428dffff,8a75582428d7fff,8a75582428c7fff,8a75582428effff,8a7558242857fff,8a7558242847fff,8a7558242877fff,8a75582428e7fff,8a75582428f7fff,8a755824281ffff,8a755824280ffff",3
73,100475365#1,101607963,0.3333333333333333,0.3333333333333333,0.8333333333333334,0.1666666666666666,0.3333333333333333,0.6666666666666666,0.6666666666666666,0.6666666666666666,0.6666666666666666,1.0,0.6666666666666666,0.6666666666666666,0.3333333333333333,0.3333333333333333,0.0,0.0,0.3333333333333333,0.1666666666666666,0.0,0.3333333333333333,0.3333333333333333,0.0,0.3333333333333333,"8a755824200ffff,8a7558242007fff,8a7558242037fff,8a75582421affff,8a755824211ffff,8a755824212ffff,8a75582428dffff,8a75582428d7fff,8a75582428c7fff,8a75582428effff,8a7558242857fff,8a7558242847fff,8a7558242877fff,8a75582428e7fff,8a75582428f7fff,8a755824281ffff,8a755824280ffff",2
73,100475365#1,101607963,0.6666666666666667,0.6666666666666667,0.3333333333333333,0.6666666666666667,0.3333333333333333,1.0,0.6666666666666666,0.6666666666666666,0.6666666666666666,0.3333333333333333,0.6666666666666666,0.6666666666666666,1.0,0.3333333333333333,0.6666666666666667,0.6666666666666667,0.3333333333333333,0.6666666666666667,0.6666666666666667,0.3333333333333333,0.6666666666666667,0.6666666666666667,0.0,"8a755824200ffff,8a7558242077fff,8a7558242067fff,8a7558242a97fff,8a7558242ab7fff,8a7558242b9ffff,8a7558242b87fff,8a7558242bb7fff,8a755824285ffff,8a7558242847fff,8a7558242877fff,8a75582428e7fff,8a75582428f7fff,8a755824281ffff,8a755824280ffff",0
74,71223791#0,-372606529#4,0.6666666666666667,0.6666666666666667,0.6666666666666666,0.3333333333333333,0.3333333333333333,1.0,0.6666666666666666,0.6666666666666666,1.0,0.6666666666666666,0.6666666666666666,0.6666666666666666,0.3333333333333333,0.3333333333333333,0.0,0.0,0.3333333333333333,0.6666666666666667,0.0,0.3333333333333333,0.6666666666666667,0.0,0.0,"8a7558242327fff,8a7558242aaffff,8a7558242a1ffff,8a7558242a07fff,8a7558242a27fff,8a7558242a17fff,8a7558242b8ffff,8a7558242aa7fff,8a7558242b9ffff,8a7558242b87fff,8a7558242bb7fff",2
74,71223791#0,-372606529#4,0.0,0.3333333333333333,0.3333333333333333,0.6666666666666667,0.3333333333333333,0.6666666666666666,0.6666666666666666,0.6666666666666666,0.6666666666666666,0.6666666666666666,0.6666666666666666,0.6666666666666666,0.6666666666666666,0.3333333333333333,0.3333333333333333,0.3333333333333333,0.3333333333333333,0.3333333333333333,0.3333333333333333,0.3333333333333333,0.3333333333333333,0.3333333333333333,0.6666666666666667,"8a7558242327fff,8a7558242af7fff,8a7558242a0ffff,8a7558242a1ffff,8a7558242a07fff,8a7558242a27fff,8a7558242a17fff,8a7558242b8ffff,8a7558242aa7fff,8a7558242b9ffff,8a7558242b87fff,8a7558242bb7fff",1
74,71223791#0,-372606529#4,0.3333333333333333,0.0,1.0,0.0,0.3333333333333333,0.3333333333333333,0.6666666666666666,0.6666666666666666,0.3333333333333333,0.6666666666666666,0.6666666666666666,0.6666666666666666,1.0,0.3333333333333333,0.6666666666666667,0.6666666666666667,0.3333333333333333,0.0,0.6666666666666667,0.3333333333333333,0.0,0.6666666666666667,0.3333333333333333,"8a7558242327fff,8a7558242af7fff,8a7558242a0ffff,8a7558242a07fff,8a7558242a27fff,8a7558242a17fff,8a7558242b8ffff,8a7558242aa7fff,8a7558242b9ffff,8a7558242b87fff,8a7558242bb7fff",1
75,-71223800#7,416428068,0.0,0.0,0.25,0.75,0.375,0.25,0.625,0.625,0.75,0.625,0.625,0.625,0.5,0.25,0.25,0.25,0.25,0.25,0.25,0.375,0.0,0.25,0.75,"8a7558242b5ffff,8a7558242b57fff,8a7558242b47fff,8a7558242a77fff,8a7558242a67fff,8a7558242a6ffff,8a7558240697fff,8a7558242acffff,8a755824230ffff,8a7558242307fff,8a7558242337fff,8a755824206ffff,8a7558242a9ffff",1
75,-71223800#7,416428068,0.5,0.5,0.5,0.5,0.375,0.75,0.625,0.625,1.0,0.625,0.625,0.625,0.25,0.0,0.0,0.0,0.0,0.75,0.0,0.375,0.5,0.75,0.25,"8a7558242b5ffff,8a7558242b57fff,8a7558242b47fff,8a7558242a2ffff,8a7558242a0ffff,8a7558242af7fff,8a7558242ac7fff,8a7558242acffff,8a755824230ffff,8a7558242307fff,8a7558242337fff,8a755824206ffff,8a7558242a9ffff",4
75,-71223800#7,416428068,0.25,0.25,0.75,0.25,0.375,0.5,0.625,0.625,0.375,0.625,0.625,0.625,0.875,0.625,0.625,0.625,0.625,0.0,0.625,0.375,0.25,0.0,0.5,"8a7558242b5ffff,8a7558242b57fff,8a7558242b47fff,8a7558242a77fff,8a7558242a67fff,8a7558242a6ffff,8a7558240697fff,8a7558242acffff,8a755824230ffff,8a7558242307fff,8a7558242337fff,8a7558242327fff,8a7558242a9ffff,8a755824206ffff",1
75,-71223800#7,416428068,0.75,0.75,1.0,0.0,0.375,1.0,0.625,0.625,0.375,0.625,0.625,0.625,0.875,0.625,0.625,0.625,0.625,0.5,0.625,0.375,0.75,0.5,0.0,"8a7558242b5ffff,8a7558242b57fff,8a7558242b47fff,8a7558242a2ffff,8a7558242a0ffff,8a7558242af7fff,8a7558242ac7fff,8a7558242acffff,8a755824230ffff,8a7558242307fff,8a7558242337fff,8a7558242327fff,8a7558242a9ffff,8a755824206ffff",2
76,120509991,-100468681#0,0.4,0.4,0.6,0.0,0.4,0.6,0.6,0.6,0.6,0.2,0.6,0.6,1.0,0.4,0.8,0.8,0.4,0.8,0.4,0.8,0.4,0.1999999999999999,0.4,"8a7558242307fff,8a7558242337fff,8a755824206ffff,8a7558242067fff,8a7558242077fff,8a755824200ffff,8a7558242007fff,8a7558242037fff,8a75582421affff,8a755824211ffff,8a755824212ffff,8a7558242127fff,8a755824288ffff,8a7558242c0ffff,8a7558242c1ffff",1
76,120509991,-100468681#0,0.1999999999999999,0.1999999999999999,0.4,0.5,0.4,0.4,0.6,0.6,0.4,0.6,0.6,0.6,0.6,0.6,0.0,0.0,0.6,0.4,0.0,0.0,0.1999999999999999,0.0,0.8,"8a7558242307fff,8a7558242337fff,8a755824206ffff,8a7558242067fff,8a7558242a97fff,8a7558242ab7fff,8a7558242b9ffff,8a7558242147fff,8a7558242167fff,8a7558242177fff,8a75582428dffff,8a755824212ffff,8a7558242127fff,8a755824288ffff,8a7558242c0ffff,8a7558242c1ffff",1
76,120509991,-100468681#0,0.8,0.8,1.0,0.5,0.4,1.0,0.6,0.6,1.0,1.0,0.6,0.6,0.2,0.0,0.4,0.4,0.0,0.0,0.6,0.4,0.8,0.4,0.1999999999999999,"8a7558242307fff,8a7558242337fff,8a755824206ffff,8a7558242067fff,8a7558242a97fff,8a7558242ab7fff,8a7558242b9ffff,8a7558242147fff,8a7558242167fff,8a7558242177fff,8a75582428dffff,8a75582428d7fff,8a755824288ffff,8a7558242c0ffff,8a7558242c1ffff",2
76,120509991,-100468681#0,0.6,0.6,0.8,0.1999999999999999,0.4,0.8,0.6,0.6,0.8,0.8,0.6,0.6,0.4,0.1999999999999999,0.6,0.6,0.1999999999999999,0.1999999999999999,0.8,0.6,0.6,0.8,0.0,"8a7558242307fff,8a7558242337fff,8a755824206ffff,8a7558242067fff,8a7558242a97fff,8a7558242ab7fff,8a7558242b9ffff,8a7558242147fff,8a7558242167fff,8a7558242177fff,8a75582428dffff,8a75582428d7fff,8a755824288ffff,8a7558242c0ffff,8a7558242c1ffff",0
76,120509991,-100468681#0,0.0,0.0,0.2,0.8,0.4,0.2,0.6,0.6,0.2,0.4,0.6,0.6,0.8,0.8,0.1999999999999999,0.1999999999999999,0.8,0.6,0.1999999999999999,0.1999999999999999,0.0,0.6,0.6,"8a7558242307fff,8a7558242337fff,8a755824206ffff,8a7558242067fff,8a7558242a97fff,8a7558242ab7fff,8a7558242b9ffff,8a7558242147fff,8a7558242167fff,8a7558242177fff,8a75582428dffff,8a755824212ffff,8a7558242127fff,8a755824288ffff,8a7558242c0ffff,8a7558242c1ffff",1
77,-1006827381,416428068,0.5,0.5,0.5,0.5,0.375,0.75,0.625,0.625,1.0,0.625,0.625,0.625,0.25,0.0,0.0,0.0,0.0,0.75,0.0,0.375,0.5,0.75,0.25,"8a7558242b5ffff,8a7558242a2ffff,8a7558242a0ffff,8a7558242af7fff,8a7558242ac7fff,8a7558242acffff,8a755824230ffff,8a7558242307fff,8a7558242337fff,8a755824206ffff,8a7558242a9ffff",4
77,-1006827381,416428068,0.25,0.25,0.75,0.0,0.375,0.5,0.625,0.625,0.375,0.625,0.625,0.625,0.875,0.625,0.625,0.625,0.625,0.0,0.625,0.375,0.25,0.0,0.5,"8a7558242b5ffff,8a7558242a77fff,8a7558242a67fff,8a7558242a6ffff,8a7558240697fff,8a7558242acffff,8a755824230ffff,8a7558242307fff,8a7558242337fff,8a7558242327fff,8a7558242a9ffff,8a755824206ffff",1
77,-1006827381,416428068,0.75,0.75,1.0,0.25,0.375,1.0,0.625,0.625,0.375,0.625,0.625,0.625,0.875,0.625,0.625,0.625,0.625,0.5,0.625,0.375,0.75,0.5,0.0,"8a7558242b5ffff,8a7558242a2ffff,8a7558242a0ffff,8a7558242af7fff,8a7558242ac7fff,8a7558242acffff,8a755824230ffff,8a7558242307fff,8a7558242337fff,8a7558242327fff,8a7558242a9ffff,8a755824206ffff",2
77,-1006827381,416428068,0.0,0.0,0.25,0.75,0.375,0.25,0.625,0.625,0.75,0.625,0.625,0.625,0.5,0.25,0.25,0.25,0.25,0.25,0.25,0.375,0.0,0.25,0.75,"8a7558242b5ffff,8a7558242a77fff,8a7558242a67fff,8a7558242a6ffff,8a7558240697fff,8a7558242acffff,8a755824230ffff,8a7558242307fff,8a7558242337fff,8a755824206ffff,8a7558242a9ffff",1
78,-416375813,-619184994,0.0,0.5,0.5,0.5,0.25,0.5,0.75,0.75,0.5,0.75,0.75,0.75,1.0,0.25,0.0,0.0,0.5,0.5,0.0,0.25,0.5,0.5,0.0,"8a7558242b77fff,8a7558242b47fff,8a7558242b57fff,8a7558242b5ffff,8a7558242b0ffff,8a7558242a27fff,8a7558242a17fff,8a7558242b8ffff,8a7558242aa7fff,8a7558242ab7fff,8a7558242a97fff",4
78,-416375813,-619184994,0.5,0.0,1.0,0.0,0.25,1.0,0.75,0.75,1.0,0.75,0.75,0.75,0.5,0.25,0.5,0.5,0.0,0.0,0.5,0.25,0.0,0.0,0.5,"8a7558242b77fff,8a7558242b47fff,8a7558242b57fff,8a7558242b5ffff,8a7558242b0ffff,8a7558242b1ffff,8a7558242a37fff,8a7558242b8ffff,8a7558242aa7fff,8a7558242ab7fff,8a7558242a97fff",3
79,-71324343#5,416428068,0.9473684210526316,0.9473684210526316,0.0789473684210526,0.9210526315789472,0.4736842105263158,0.1052631578947368,0.5263157894736842,0.5263157894736842,1.0,0.4736842105263157,0.5263157894736842,0.5263157894736842,0.0526315789473684,0.6842105263157895,0.1052631578947368,0.1052631578947368,0.0,0.9473684210526316,0.1052631578947368,0.0,0.9473684210526316,0.9473684210526316,0.0,"8a7558242b0ffff,8a7558242a27fff,8a7558242a17fff,8a7558242b8ffff,8a7558242aa7fff,8a7558242a87fff,8a7558242a97fff,8a755824206ffff,8a7558242a9ffff",4
79,-71324343#5,416428068,0.0,0.0,0.5789473684210527,0.2894736842105263,0.4736842105263158,0.5789473684210527,0.5263157894736842,0.5263157894736842,0.4210526315789473,0.4736842105263157,0.5263157894736842,0.5263157894736842,0.631578947368421,0.368421052631579,0.5789473684210527,0.5789473684210527,0.5789473684210527,0.2105263157894736,0.5789473684210527,0.5789473684210527,0.0,0.1052631578947368,0.9473684210526316,"8a7558242b0ffff,8a7558242a27fff,8a7558242a07fff,8a7558242a1ffff,8a7558242aaffff,8a7558242327fff,8a7558242af7fff,8a7558242ac7fff,8a7558242acffff,8a755824230ffff,8a7558242307fff,8a7558242337fff,8a755824206ffff,8a7558242a9ffff",1
79,-71324343#5,416428068,0.2105263157894736,0.1578947368421053,0.7894736842105263,0.5263157894736843,0.4736842105263158,0.631578947368421,0.5263157894736842,0.5263157894736842,0.5263157894736842,0.4736842105263157,0.5263157894736842,0.5263157894736842,0.5263157894736842,0.2631578947368421,0.4736842105263158,0.4736842105263158,0.4736842105263158,0.631578947368421,0.4736842105263158,0.5789473684210527,0.1578947368421053,0.736842105263158,0.631578947368421,"8a7558242b0ffff,8a7558242a27fff,8a7558242a07fff,8a7558242a0ffff,8a7558242af7fff,8a7558242ac7fff,8a7558242acffff,8a755824230ffff,8a7558242307fff,8a7558242337fff,8a755824206ffff,8a7558242a9ffff",1
79,-71324343#5,416428068,0.4210526315789473,0.5263157894736843,0.2631578947368421,0.4736842105263158,0.4736842105263158,0.2631578947368421,0.5263157894736842,0.5263157894736842,0.7894736842105263,0.4736842105263157,0.5263157894736842,0.5263157894736842,0.2631578947368421,0.0,0.2105263157894736,0.2105263157894736,0.2105263157894736,0.6842105263157895,0.2105263157894736,0.5789473684210527,0.5263157894736843,0.4736842105263158,0.368421052631579,"8a7558242b0ffff,8a7558242a27fff,8a7558242a07fff,8a7558242a1ffff,8a7558242aaffff,8a7558242af7fff,8a7558242ac7fff,8a7558242acffff,8a755824230ffff,8a7558242307fff,8a7558242337fff,8a755824206ffff,8a7558242a9ffff",2
79,-71324343#5,416428068,0.736842105263158,0.736842105263158,0.4210526315789473,0.0,0.4736842105263158,0.4210526315789473,0.5263157894736842,0.5263157894736842,0.2105263157894736,0.4736842105263157,0.5263157894736842,0.5263157894736842,0.8421052631578947,0.6842105263157895,0.7894736842105263,0.7894736842105263,0.7894736842105263,0.368421052631579,0.7894736842105263,0.5789473684210527,0.736842105263158,0.3157894736842105,0.2631578947368421,"8a7558242b0ffff,8a7558242a27fff,8a7558242a07fff,8a7558242a1ffff,8a7558242aaffff,8a7558242af7fff,8a7558242ac7fff,8a7558242acffff,8a755824230ffff,8a7558242307fff,8a7558242337fff,8a7558242327fff,8a7558242a9ffff,8a755824206ffff",2
79,-71324343#5,416428068,0.8421052631578947,0.8421052631578947,0.0789473684210526,0.9210526315789472,0.4736842105263158,0.0526315789473684,0.5263157894736842,0.5263157894736842,0.8947368421052632,1.0,0.5263157894736842,0.5263157894736842,0.1578947368421052,0.6842105263157895,0.0,0.0,0.1052631578947368,0.8947368421052632,0.0,0.1052631578947368,0.8421052631578947,0.7894736842105263,0.1052631578947368,"8a7558242b0ffff,8a7558242a27fff,8a7558242a17fff,8a7558242b8ffff,8a7558242aa7fff,8a7558242ab7fff,8a7558242a97fff,8a755824206ffff,8a7558242a9ffff",4
79,-71324343#5,416428068,0.7894736842105263,0.7894736842105263,0.1842105263157894,0.6842105263157895,0.4736842105263158,0.1578947368421052,0.5263157894736842,0.5263157894736842,0.8421052631578947,0.9473684210526316,0.5263157894736842,0.5263157894736842,0.2105263157894736,0.6842105263157895,0.0526315789473684,0.0526315789473684,0.1578947368421053,0.7894736842105263,0.0526315789473684,0.1578947368421053,0.7894736842105263,0.8421052631578947,0.1578947368421053,"8a7558242b0ffff,8a7558242a27fff,8a7558242a07fff,8a7558242a17fff,8a7558242b8ffff,8a7558242aa7fff,8a7558242ab7fff,8a7558242a97fff,8a755824206ffff,8a7558242a9ffff",4
79,-71324343#5,416428068,0.5263157894736843,0.4210526315789473,1.0,0.8421052631578947,0.4736842105263158,0.9473684210526316,0.5263157894736842,0.5263157894736842,0.2105263157894736,0.4736842105263157,0.5263157894736842,0.5263157894736842,0.8421052631578947,0.6842105263157895,0.7894736842105263,0.7894736842105263,0.7894736842105263,0.3157894736842105,0.7894736842105263,0.5789473684210527,0.4210526315789473,0.631578947368421,0.4736842105263158,"8a7558242b0ffff,8a7558242a27fff,8a7558242a07fff,8a7558242a0ffff,8a7558242af7fff,8a7558242ac7fff,8a7558242acffff,8a755824230ffff,8a7558242307fff,8a7558242337fff,8a7558242327fff,8a7558242a9ffff,8a755824206ffff",2
79,-71324343#5,416428068,0.8947368421052632,0.8947368421052632,0.1842105263157894,0.6842105263157895,0.4736842105263158,0.2105263157894736,0.5263157894736842,0.5263157894736842,0.9473684210526316,0.4736842105263157,0.5263157894736842,0.5263157894736842,0.1052631578947368,0.6842105263157895,0.1578947368421053,0.1578947368421053,0.0526315789473684,0.8421052631578947,0.1578947368421053,0.0526315789473684,0.8947368421052632,0.8947368421052632,0.0526315789473684,"8a7558242b0ffff,8a7558242a27fff,8a7558242a07fff,8a7558242a17fff,8a7558242b8ffff,8a7558242aa7fff,8a7558242a87fff,8a7558242a97fff,8a755824206ffff,8a7558242a9ffff",4
79,-71324343#5,416428068,0.6842105263157895,0.631578947368421,0.7105263157894737,0.3947368421052631,0.4736842105263158,0.7368421052631579,0.5263157894736842,0.5263157894736842,0.2105263157894736,0.4736842105263157,0.5263157894736842,0.5263157894736842,0.8421052631578947,0.6842105263157895,0.7894736842105263,0.7894736842105263,0.7894736842105263,0.5789473684210527,0.7894736842105263,0.5789473684210527,0.631578947368421,0.368421052631579,0.2105263157894736,"8a7558242b0ffff,8a7558242a27fff,8a7558242a07fff,8a7558242a0ffff,8a7558242af7fff,8a7558242ac7fff,8a7558242acffff,8a755824230ffff,8a7558242307fff,8a7558242337fff,8a7558242327fff,8a7558242a9ffff,8a755824206ffff",2
79,-71324343#5,416428068,0.4736842105263158,0.4736842105263158,0.9473684210526316,0.7894736842105263,0.4736842105263158,1.0,0.5263157894736842,0.5263157894736842,0.2105263157894736,0.4736842105263157,0.5263157894736842,0.5263157894736842,0.8421052631578947,0.6842105263157895,0.7894736842105263,0.7894736842105263,0.7894736842105263,0.0526315789473684,0.7894736842105263,0.5789473684210527,0.4736842105263158,0.2631578947368421,0.736842105263158,"8a7558242b0ffff,8a7558242a27fff,8a7558242a07fff,8a7558242a1ffff,8a7558242a0ffff,8a7558242af7fff,8a7558242ac7fff,8a7558242acffff,8a755824230ffff,8a7558242307fff,8a7558242337fff,8a7558242327fff,8a7558242a9ffff,8a755824206ffff",2
79,-71324343#5,416428068,0.1052631578947368,0.1052631578947368,0.8947368421052632,0.6842105263157895,0.4736842105263158,0.8947368421052632,0.5263157894736842,0.5263157894736842,0.2105263157894736,0.4736842105263157,0.5263157894736842,0.5263157894736842,0.8421052631578947,0.6842105263157895,0.7894736842105263,0.7894736842105263,0.7894736842105263,0.0,0.7894736842105263,0.5789473684210527,0.1052631578947368,0.0526315789473684,0.8947368421052632,"8a7558242b0ffff,8a7558242a27fff,8a7558242a07fff,8a7558242a1ffff,8a7558242aaffff,8a7558242327fff,8a7558242af7fff,8a7558242ac7fff,8a7558242acffff,8a755824230ffff,8a7558242307fff,8a7558242337fff,8a7558242a9ffff,8a755824206ffff",1
79,-71324343#5,416428068,0.0526315789473684,0.0526315789473684,0.3157894736842105,0.2894736842105263,0.4736842105263158,0.3157894736842105,0.5263157894736842,0.5263157894736842,0.4736842105263157,0.4736842105263157,0.5263157894736842,0.5263157894736842,0.5789473684210527,0.3157894736842105,0.5263157894736843,0.5263157894736843,0.5263157894736843,0.4736842105263158,0.5263157894736843,0.5789473684210527,0.0526315789473684,0.0,0.8421052631578947,"8a7558242b0ffff,8a7558242a27fff,8a7558242a07fff,8a7558242a1ffff,8a7558242aaffff,8a7558242327fff,8a7558242af7fff,8a7558242ac7fff,8a7558242acffff,8a755824230ffff,8a7558242307fff,8a7558242337fff,8a755824206ffff,8a7558242a9ffff",1
79,-71324343#5,416428068,0.631578947368421,0.6842105263157895,0.631578947368421,0.2105263157894736,0.4736842105263158,0.7894736842105263,0.5263157894736842,0.5263157894736842,0.2105263157894736,0.4736842105263157,0.5263157894736842,0.5263157894736842,0.8421052631578947,0.6842105263157895,0.7894736842105263,0.7894736842105263,0.7894736842105263,0.1578947368421053,0.7894736842105263,0.5789473684210527,0.6842105263157895,0.1578947368421053,0.4210526315789473,"8a7558242b0ffff,8a7558242a27fff,8a7558242a07fff,8a7558242a1ffff,8a7558242a0ffff,8a7558242af7fff,8a7558242ac7fff,8a7558242acffff,8a755824230ffff,8a7558242307fff,8a7558242337fff,8a7558242327fff,8a7558242a9ffff,8a755824206ffff",2
79,-71324343#5,416428068,0.3157894736842105,0.368421052631579,0.3684210526315789,0.0526315789473684,0.4736842105263158,0.4736842105263157,0.5263157894736842,0.5263157894736842,0.7368421052631579,0.4736842105263157,0.5263157894736842,0.5263157894736842,0.3157894736842105,0.0526315789473684,0.2631578947368421,0.2631578947368421,0.2631578947368421,0.5263157894736843,0.2631578947368421,0.5789473684210527,0.368421052631579,0.2105263157894736,0.5789473684210527,"8a7558242b0ffff,8a7558242a27fff,8a7558242a07fff,8a7558242a1ffff,8a7558242a0ffff,8a7558242af7fff,8a7558242ac7fff,8a7558242acffff,8a755824230ffff,8a7558242307fff,8a7558242337fff,8a755824206ffff,8a7558242a9ffff",2
79,-71324343#5,416428068,0.1578947368421053,0.2105263157894736,0.7105263157894737,0.3947368421052631,0.4736842105263158,0.6842105263157895,0.5263157894736842,0.5263157894736842,0.5789473684210527,0.4736842105263157,0.5263157894736842,0.5263157894736842,0.4736842105263157,0.2105263157894736,0.4210526315789473,0.4210526315789473,0.4210526315789473,0.2631578947368421,0.4210526315789473,0.5789473684210527,0.2105263157894736,0.4210526315789473,0.7894736842105263,"8a7558242b0ffff,8a7558242a27fff,8a7558242a07fff,8a7558242a1ffff,8a7558242a0ffff,8a7558242af7fff,8a7558242ac7fff,8a7558242acffff,8a755824230ffff,8a7558242307fff,8a7558242337fff,8a755824206ffff,8a7558242a9ffff",1
79,-71324343#5,416428068,0.368421052631579,0.3157894736842105,0.4736842105263157,0.131578947368421,0.4736842105263158,0.3684210526315789,0.5263157894736842,0.5263157894736842,0.6842105263157895,0.4736842105263157,0.5263157894736842,0.5263157894736842,0.3684210526315789,0.1052631578947368,0.3157894736842105,0.3157894736842105,0.3157894736842105,0.736842105263158,0.3157894736842105,0.5789473684210527,0.3157894736842105,0.5263157894736843,0.3157894736842105,"8a7558242b0ffff,8a7558242a27fff,8a7558242a07fff,8a7558242a0ffff,8a7558242af7fff,8a7558242ac7fff,8a7558242acffff,8a755824230ffff,8a7558242307fff,8a7558242337fff,8a755824206ffff,8a7558242a9ffff",2
79,-71324343#5,416428068,0.5789473684210527,0.5789473684210527,0.8421052631578947,0.5789473684210527,0.4736842105263158,0.8421052631578947,0.5263157894736842,0.5263157894736842,0.2105263157894736,0.4736842105263157,0.5263157894736842,0.5263157894736842,0.8421052631578947,0.6842105263157895,0.7894736842105263,0.7894736842105263,0.7894736842105263,0.1052631578947368,0.7894736842105263,0.5789473684210527,0.5789473684210527,0.5789473684210527,0.5263157894736843,"8a7558242b0ffff,8a7558242a27fff,8a7558242a07fff,8a7558242a1ffff,8a7558242aaffff,8a7558242af7fff,8a7558242ac7fff,8a7558242acffff,8a755824230ffff,8a7558242307fff,8a7558242337fff,8a7558242327fff,8a7558242a9ffff,8a755824206ffff",2
79,-71324343#5,416428068,0.2631578947368421,0.2631578947368421,0.5263157894736842,0.131578947368421,0.4736842105263158,0.5263157894736842,0.5263157894736842,0.5263157894736842,0.631578947368421,0.4736842105263157,0.5263157894736842,0.5263157894736842,0.4210526315789473,0.1578947368421053,0.368421052631579,0.368421052631579,0.368421052631579,0.4210526315789473,0.368421052631579,0.5789473684210527,0.2631578947368421,0.6842105263157895,0.6842105263157895,"8a7558242b0ffff,8a7558242a27fff,8a7558242a07fff,8a7558242a1ffff,8a7558242aaffff,8a7558242af7fff,8a7558242ac7fff,8a7558242acffff,8a755824230ffff,8a7558242307fff,8a7558242337fff,8a755824206ffff,8a7558242a9ffff",1
80,-101601551,-101746508#0,0.8,0.9,0.7,0.3,0.4499999999999999,0.2,0.55,0.55,0.4,1.0,0.55,0.55,0.6,0.65,0.1999999999999999,0.1999999999999999,0.75,0.7,0.0,0.75,0.9,0.9,0.3,"8a7558242137fff,8a7558242c6ffff,8a7558242127fff,8a755824212ffff,8a75582428dffff,8a7558242177fff,8a7558242167fff,8a7558242147fff,8a755824214ffff,8a7558242a97fff,8a7558242a87fff,8a7558242aa7fff,8a7558242aaffff,8a7558242af7fff,8a7558242ac7fff,8a7558242acffff,8a755824230ffff,8a7558242227fff,8a7558242237fff,8a7558242207fff,8a755824220ffff,8a7558242277fff,8a755824234ffff",4
80,-101601551,-101746508#0,0.1999999999999999,0.1999999999999999,0.6,0.4,0.4499999999999999,0.8,0.55,0.55,0.8,0.3,0.55,0.55,0.3,0.0,0.0,0.0,0.3,0.1999999999999999,0.7,0.3,0.1999999999999999,0.1999999999999999,0.7,"8a7558242137fff,8a7558242c6ffff,8a7558242127fff,8a755824212ffff,8a75582428dffff,8a7558242177fff,8a7558242167fff,8a7558242147fff,8a755824214ffff,8a7558242a97fff,8a755824206ffff,8a7558242047fff,8a75582423b7fff,8a7558242397fff,8a755824274ffff,8a7558242297fff,8a755824229ffff,8a755825c927fff,8a755824225ffff,8a755824220ffff,8a7558242277fff,8a755824234ffff",1
80,-101601551,-101746508#0,0.5,0.5,0.9,0.0999999999999999,0.4499999999999999,0.7,0.55,0.55,0.3,0.6,0.55,0.55,0.9,0.65,0.6,0.6,0.75,0.5,0.4,0.75,0.5,0.5,0.5,"8a7558242137fff,8a7558242c6ffff,8a7558242127fff,8a755824212ffff,8a75582428dffff,8a7558242177fff,8a7558242167fff,8a7558242147fff,8a755824214ffff,8a7558242a97fff,8a7558242a87fff,8a7558242aa7fff,8a7558242aaffff,8a7558242327fff,8a7558242af7fff,8a7558242ac7fff,8a7558242acffff,8a755824230ffff,8a7558242227fff,8a7558242237fff,8a7558242207fff,8a755824220ffff,8a7558242277fff,8a755824234ffff",2
80,-101601551,-101746508#0,0.9,0.7,0.8,0.1999999999999999,0.4499999999999999,0.6,0.55,0.55,0.2,0.8,0.55,0.55,0.8,0.65,0.4,0.4,0.0,0.9,0.1999999999999999,0.0,0.7,0.7,0.0,"8a7558242137fff,8a7558242c6ffff,8a7558242127fff,8a755824212ffff,8a75582428dffff,8a7558242177fff,8a7558242167fff,8a7558242147fff,8a755824214ffff,8a7558242a97fff,8a755824206ffff,8a7558242a9ffff,8a7558242327fff,8a7558242af7fff,8a7558242ac7fff,8a7558242acffff,8a755824230ffff,8a7558242227fff,8a7558242237fff,8a7558242207fff,8a755824220ffff,8a7558242277fff,8a755824234ffff",2
80,-101601551,-101746508#0,0.6,0.6,1.0,0.0,0.4499999999999999,1.0,0.55,0.55,0.1,0.7,0.55,0.55,1.0,0.65,0.5,0.5,0.0999999999999999,0.8,0.3,0.0999999999999999,0.6,0.6,0.0999999999999999,"8a7558242137fff,8a7558242c6ffff,8a7558242127fff,8a755824212ffff,8a75582428dffff,8a7558242177fff,8a7558242167fff,8a7558242147fff,8a755824214ffff,8a7558242a97fff,8a755824206ffff,8a7558242a9ffff,8a7558242327fff,8a7558242aaffff,8a7558242af7fff,8a7558242ac7fff,8a7558242acffff,8a755824230ffff,8a7558242227fff,8a7558242237fff,8a7558242207fff,8a755824220ffff,8a7558242277fff,8a755824234ffff",2
80,-101601551,-101746508#0,0.7,0.8,0.3,0.7,0.4499999999999999,0.1,0.55,0.55,0.6,0.9,0.55,0.55,0.5,0.65,0.3,0.3,0.75,0.6,0.0999999999999999,0.75,0.8,0.8,0.1999999999999999,"8a7558242137fff,8a7558242c6ffff,8a7558242127fff,8a755824212ffff,8a75582428dffff,8a7558242177fff,8a7558242167fff,8a7558242147fff,8a755824214ffff,8a7558242a97fff,8a7558242a87fff,8a7558242aa7fff,8a7558242aaffff,8a7558242af7fff,8a7558242ac7fff,8a7558242acffff,8a755824230ffff,8a7558242227fff,8a7558242237fff,8a7558242207fff,8a755824220ffff,8a7558242277fff,8a755824234ffff",4
80,-101601551,-101746508#0,0.0,0.0,0.2,0.8,0.4499999999999999,0.3,0.55,0.55,0.7,0.1,0.55,0.55,0.4,0.0999999999999999,0.0999999999999999,0.0999999999999999,0.5,0.0,0.9,0.5,0.0,0.0,0.9,"8a7558242137fff,8a7558242c6ffff,8a7558242127fff,8a755824212ffff,8a75582428dffff,8a7558242177fff,8a7558242167fff,8a7558242147fff,8a755824214ffff,8a7558242a97fff,8a755824206ffff,8a7558242047fff,8a75582423b7fff,8a7558242397fff,8a755824274ffff,8a7558242297fff,8a75582422a7fff,8a755825c927fff,8a755824225ffff,8a755824220ffff,8a7558242277fff,8a755824234ffff",1
80,-101601551,-101746508#0,0.3,0.3,0.4,0.6,0.4499999999999999,0.9,0.55,0.55,1.0,0.4,0.55,0.55,0.1,0.1999999999999999,0.8,0.8,0.1999999999999999,0.4,0.6,0.1999999999999999,0.3,0.3,0.6,"8a7558242137fff,8a7558242c6ffff,8a7558242127fff,8a755824212ffff,8a75582428dffff,8a7558242177fff,8a7558242167fff,8a7558242147fff,8a755824214ffff,8a7558242a97fff,8a755824206ffff,8a7558242047fff,8a75582423b7fff,8a7558242397fff,8a755824239ffff,8a755824274ffff,8a7558242297fff,8a755824229ffff,8a755825c927fff,8a755824225ffff,8a755824220ffff,8a7558242277fff,8a755824234ffff",1
80,-101601551,-101746508#0,0.4,0.4,0.5,0.5,0.4499999999999999,0.5,0.55,0.55,0.5,0.5,0.55,0.55,0.7,0.65,0.7,0.7,0.75,0.3,0.5,0.75,0.4,0.4,0.4,"8a7558242137fff,8a7558242c6ffff,8a7558242127fff,8a755824212ffff,8a75582428dffff,8a7558242177fff,8a7558242167fff,8a7558242147fff,8a755824214ffff,8a7558242a97fff,8a7558242a87fff,8a7558242aa7fff,8a7558242aaffff,8a7558242327fff,8a7558242af7fff,8a7558242ac7fff,8a7558242acffff,8a755824230ffff,8a7558242227fff,8a7558242237fff,8a7558242207fff,8a755824220ffff,8a7558242277fff,8a755824234ffff",1
80,-101601551,-101746508#0,0.0999999999999999,0.0999999999999999,0.1,0.9,0.4499999999999999,0.4,0.55,0.55,0.9,0.2,0.55,0.55,0.2,0.3,0.9,0.9,0.4,0.0999999999999999,0.8,0.4,0.0999999999999999,0.0999999999999999,0.8,"8a7558242137fff,8a7558242c6ffff,8a7558242127fff,8a755824212ffff,8a75582428dffff,8a7558242177fff,8a7558242167fff,8a7558242147fff,8a755824214ffff,8a7558242a97fff,8a755824206ffff,8a7558242047fff,8a75582423b7fff,8a7558242397fff,8a755824239ffff,8a755824274ffff,8a7558242297fff,8a75582422a7fff,8a755825c927fff,8a755824225ffff,8a755824220ffff,8a7558242277fff,8a755824234ffff",1
81,-416409191#0,100475365#1,0.0,0.0,1.0,0.5,0.25,1.0,0.75,0.75,0.75,0.5,0.75,0.75,1.0,0.25,0.5,0.5,0.25,0.25,0.5,0.5,0.0,0.0,0.5,"8a7558251af7fff,8a7558251a47fff,8a755824268ffff,8a75582426f7fff,8a755824261ffff,8a755824260ffff,8a755824262ffff,8a755824270ffff,8a75582420dffff,8a75582420c7fff,8a75582420e7fff,8a755824200ffff,8a7558242007fff",3
81,-416409191#0,100475365#1,0.5,0.5,0.5,0.0,0.25,0.5,0.75,0.75,0.75,1.0,0.75,0.75,0.5,0.25,0.0,0.0,0.25,0.25,0.0,0.0,0.5,0.5,0.0,"8a7558251af7fff,8a7558251a47fff,8a755824268ffff,8a75582426f7fff,8a755824261ffff,8a755824260ffff,8a755824262ffff,8a755824270ffff,8a75582420dffff,8a75582420c7fff,8a75582420e7fff,8a755824200ffff,8a7558242007fff",2
82,-42762428#3,-416409191#0,0.5,0.5,0.5,0.5,0.25,1.0,0.75,0.75,1.0,1.0,0.75,0.75,0.5,0.5,0.5,0.5,0.0,0.0,0.0,0.25,0.5,0.5,0.0,"8a7558242a87fff,8a7558242a97fff,8a755824206ffff,8a7558242047fff,8a75582423b7fff,8a7558242397fff,8a755824239ffff,8a755824274ffff,8a755824260ffff,8a755824261ffff,8a75582426f7fff,8a755824268ffff,8a7558251a47fff,8a7558251af7fff",2
82,-42762428#3,-416409191#0,0.0,0.0,1.0,0.0,0.25,0.5,0.75,0.75,0.5,0.5,0.75,0.75,1.0,0.0,0.0,0.0,0.5,0.5,0.5,0.25,0.0,0.0,0.5,"8a7558242a87fff,8a7558242a97fff,8a755824206ffff,8a7558242047fff,8a75582423b7fff,8a7558242397fff,8a755824274ffff,8a755824260ffff,8a755824261ffff,8a75582426f7fff,8a755824268ffff,8a7558251a47fff,8a7558251af7fff",3
83,-101601551,101606547#1,0.25,0.5,0.5,0.25,0.125,0.5,0.625,0.625,0.625,0.625,0.625,0.625,0.25,0.375,0.0,0.0,0.375,0.625,0.0,0.375,0.5,0.5,0.25,"8a7558242137fff,8a7558242c6ffff,8a7558242127fff,8a755824212ffff,8a755824211ffff,8a75582421affff,8a7558242037fff,8a7558242007fff,8a755824200ffff,8a75582420e7fff,8a75582420c7fff,8a75582420dffff,8a755824208ffff,8a7558242707fff,8a755824271ffff",4
83,-101601551,101606547#1,0.5,0.25,0.75,0.5,0.625,0.75,0.625,0.625,0.625,0.625,0.625,0.625,0.875,0.375,0.625,0.625,0.375,0.125,0.625,0.375,0.25,0.25,0.5,"8a7558242137fff,8a7558242c6ffff,8a7558242127fff,8a755824212ffff,8a755824211ffff,8a75582421affff,8a7558242037fff,8a7558242007fff,8a755824200ffff,8a75582420e7fff,8a75582420c7fff,8a75582420dffff,8a755824270ffff,8a7558242707fff,8a755824271ffff",1
83,-101601551,101606547#1,0.0,0.0,1.0,0.0,0.125,1.0,0.625,0.625,0.625,0.625,0.625,0.625,0.5,0.375,0.25,0.25,0.375,0.625,0.25,0.375,0.0,0.0,0.75,"8a7558242137fff,8a7558242c6ffff,8a7558242127fff,8a755824212ffff,8a755824211ffff,8a75582421affff,8a7558242037fff,8a7558242007fff,8a755824200ffff,8a75582420e7fff,8a75582420c7fff,8a75582420dffff,8a755824208ffff,8a7558242707fff,8a755824271ffff",3
83,-101601551,101606547#1,0.75,0.75,0.25,0.75,0.625,0.25,0.625,0.625,0.625,0.625,0.625,0.625,0.875,0.375,0.625,0.625,0.375,0.125,0.625,0.375,0.75,0.75,0.0,"8a7558242137fff,8a7558242c6ffff,8a7558242127fff,8a755824212ffff,8a755824211ffff,8a75582421affff,8a7558242037fff,8a7558242007fff,8a755824200ffff,8a75582420e7fff,8a75582420c7fff,8a75582420dffff,8a755824270ffff,8a7558242707fff,8a755824271ffff",0
84,101606547#1,-101601551,0.5,0.25,0.75,0.5,0.625,0.75,0.625,0.625,0.625,0.625,0.625,0.625,0.875,0.375,0.625,0.625,0.375,0.625,0.625,0.375,0.25,0.25,0.5,"8a755824271ffff,8a7558242707fff,8a755824270ffff,8a75582420dffff,8a75582420c7fff,8a75582420e7fff,8a755824200ffff,8a7558242007fff,8a7558242037fff,8a75582421affff,8a755824211ffff,8a755824212ffff,8a7558242127fff,8a7558242137fff,8a7558242c6ffff",1
84,101606547#1,-101601551,0.25,0.5,0.5,0.25,0.125,0.5,0.625,0.625,0.625,0.625,0.625,0.625,0.25,0.375,0.0,0.0,0.375,0.125,0.0,0.375,0.5,0.5,0.25,"8a755824271ffff,8a7558242707fff,8a755824208ffff,8a75582420dffff,8a75582420c7fff,8a75582420e7fff,8a755824200ffff,8a7558242007fff,8a7558242037fff,8a75582421affff,8a755824211ffff,8a755824212ffff,8a7558242127fff,8a7558242137fff,8a7558242c6ffff",4
84,101606547#1,-101601551,0.0,0.0,1.0,0.0,0.125,1.0,0.625,0.625,0.625,0.625,0.625,0.625,0.5,0.375,0.25,0.25,0.375,0.125,0.25,0.375,0.0,0.0,0.75,"8a755824271ffff,8a7558242707fff,8a755824208ffff,8a75582420dffff,8a75582420c7fff,8a75582420e7fff,8a755824200ffff,8a7558242007fff,8a7558242037fff,8a75582421affff,8a755824211ffff,8a755824212ffff,8a7558242127fff,8a7558242137fff,8a7558242c6ffff",3
84,101606547#1,-101601551,0.75,0.75,0.25,0.75,0.625,0.25,0.625,0.625,0.625,0.625,0.625,0.625,0.875,0.375,0.625,0.625,0.375,0.625,0.625,0.375,0.75,0.75,0.0,"8a755824271ffff,8a7558242707fff,8a755824270ffff,8a75582420dffff,8a75582420c7fff,8a75582420e7fff,8a755824200ffff,8a7558242007fff,8a7558242037fff,8a75582421affff,8a755824211ffff,8a755824212ffff,8a7558242127fff,8a7558242137fff,8a7558242c6ffff",0
85,-101746498#2,120509990,0.0,0.0,1.0,0.0,0.0,1.0,1.0,1.0,1.0,1.0,1.0,1.0,1.0,0.0,0.0,0.0,0.0,0.0,0.0,0.0,0.0,0.0,0.0,"8a755824225ffff,8a755824220ffff,8a7558242207fff,8a7558242237fff,8a7558242227fff,8a755824230ffff,8a7558242307fff",3
86,-101601553#1,-619184994,0.0,0.0,1.0,0.0,0.0,1.0,1.0,1.0,1.0,1.0,1.0,1.0,1.0,0.0,0.0,0.0,0.0,0.0,0.0,0.0,0.0,0.0,0.0,"8a755824212ffff,8a7558242127fff,8a75582428dffff,8a7558242177fff,8a7558242167fff,8a7558242147fff,8a755824214ffff,8a7558242a97fff,8a7558242ab7fff",3
87,71324347#1,100475365#1,0.0,0.0,1.0,0.0,0.0,1.0,1.0,1.0,1.0,1.0,1.0,1.0,1.0,0.0,0.0,0.0,0.0,0.0,0.0,0.0,0.0,0.0,0.0,"8a7558242307fff,8a7558242317fff,8a75582423affff,8a75582423a7fff,8a755824204ffff,8a755824206ffff,8a7558242067fff,8a7558242077fff,8a755824200ffff,8a7558242007fff",3
88,-101746516#2,-372606529#4,0.5,0.0,0.75,0.25,0.375,0.75,0.625,0.625,0.25,0.625,0.625,0.625,1.0,0.625,0.75,0.75,0.5,0.0,0.75,0.75,0.0,0.75,0.0,"8a755824222ffff,8a7558242207fff,8a7558242237fff,8a7558242227fff,8a755824230ffff,8a7558242307fff,8a7558242337fff,8a7558242327fff,8a7558242a9ffff,8a755824206ffff,8a7558242067fff,8a7558242a97fff,8a7558242ab7fff,8a7558242b9ffff,8a7558242b87fff,8a7558242bb7fff",1
88,-101746516#2,-372606529#4,0.75,0.75,1.0,0.0,0.375,1.0,0.625,0.625,0.75,0.625,0.625,0.625,0.5,0.625,0.0,0.0,0.75,0.5,0.0,0.0,0.75,0.25,0.25,"8a755824222ffff,8a7558242207fff,8a7558242237fff,8a7558242227fff,8a755824230ffff,8a7558242307fff,8a7558242337fff,8a7558242327fff,8a7558242a9ffff,8a755824206ffff,8a7558242a97fff,8a7558242a87fff,8a7558242aa7fff,8a7558242b9ffff,8a7558242b87fff,8a7558242bb7fff",2
88,-101746516#2,-372606529#4,0.0,0.25,0.5,0.5,0.375,0.25,0.625,0.625,0.5,0.625,0.625,0.625,0.75,0.25,0.5,0.5,0.25,0.25,0.5,0.5,0.25,0.5,0.75,"8a755824222ffff,8a7558242207fff,8a7558242237fff,8a7558242227fff,8a755824230ffff,8a7558242307fff,8a7558242337fff,8a755824206ffff,8a7558242067fff,8a7558242a97fff,8a7558242ab7fff,8a7558242b9ffff,8a7558242b87fff,8a7558242bb7fff",1
88,-101746516#2,-372606529#4,0.25,0.5,0.25,0.75,0.375,0.5,0.625,0.625,1.0,0.625,0.625,0.625,0.25,0.0,0.25,0.25,0.0,0.75,0.25,0.25,0.5,0.0,0.5,"8a755824222ffff,8a7558242207fff,8a7558242237fff,8a7558242227fff,8a755824230ffff,8a7558242307fff,8a7558242337fff,8a755824206ffff,8a7558242a97fff,8a7558242a87fff,8a7558242aa7fff,8a7558242b9ffff,8a7558242b87fff,8a7558242bb7fff",1
89,526438862#2,-100468681#1,0.8,0.8,1.0,0.0,0.4,1.0,0.6,0.6,1.0,1.0,0.6,0.6,0.2,0.0,0.4,0.4,0.0,0.0,0.6,0.4,0.8,0.6,0.1999999999999999,"8a75582423a7fff,8a755824204ffff,8a755824206ffff,8a7558242067fff,8a7558242a97fff,8a7558242ab7fff,8a7558242b9ffff,8a7558242147fff,8a7558242167fff,8a7558242177fff,8a75582428dffff,8a75582428d7fff,8a755824288ffff,8a7558242c0ffff",2
89,526438862#2,-100468681#1,0.1999999999999999,0.1999999999999999,0.4,0.6,0.4,0.4,0.6,0.6,0.4,0.6,0.6,0.6,0.6,0.6,0.0,0.0,0.6,0.4,0.0,0.0,0.1999999999999999,0.0,0.8,"8a75582423a7fff,8a755824204ffff,8a755824206ffff,8a7558242067fff,8a7558242a97fff,8a7558242ab7fff,8a7558242b9ffff,8a7558242147fff,8a7558242167fff,8a7558242177fff,8a75582428dffff,8a755824212ffff,8a7558242127fff,8a755824288ffff,8a7558242c0ffff",1
89,526438862#2,-100468681#1,0.4,0.4,0.6,0.4,0.4,0.6,0.6,0.6,0.6,0.2,0.6,0.6,1.0,0.4,0.8,0.8,0.4,0.8,0.4,0.8,0.4,0.1999999999999999,0.4,"8a75582423a7fff,8a755824204ffff,8a755824206ffff,8a7558242067fff,8a7558242077fff,8a755824200ffff,8a7558242007fff,8a7558242037fff,8a75582421affff,8a755824211ffff,8a755824212ffff,8a7558242127fff,8a755824288ffff,8a7558242c0ffff",1
89,526438862#2,-100468681#1,0.6,0.6,0.8,0.1999999999999999,0.4,0.8,0.6,0.6,0.8,0.8,0.6,0.6,0.4,0.1999999999999999,0.6,0.6,0.1999999999999999,0.1999999999999999,0.8,0.6,0.6,0.8,0.0,"8a75582423a7fff,8a755824204ffff,8a755824206ffff,8a7558242067fff,8a7558242a97fff,8a7558242ab7fff,8a7558242b9ffff,8a7558242147fff,8a7558242167fff,8a7558242177fff,8a75582428dffff,8a75582428d7fff,8a755824288ffff,8a7558242c0ffff",0
89,526438862#2,-100468681#1,0.0,0.0,0.2,0.8,0.4,0.2,0.6,0.6,0.2,0.4,0.6,0.6,0.8,0.8,0.1999999999999999,0.1999999999999999,0.8,0.6,0.1999999999999999,0.1999999999999999,0.0,0.4,0.6,"8a75582423a7fff,8a755824204ffff,8a755824206ffff,8a7558242067fff,8a7558242a97fff,8a7558242ab7fff,8a7558242b9ffff,8a7558242147fff,8a7558242167fff,8a7558242177fff,8a75582428dffff,8a755824212ffff,8a7558242127fff,8a755824288ffff,8a7558242c0ffff",1
90,1164653913,526438862#1,0.0,0.0,1.0,0.0,0.25,1.0,0.75,0.75,0.5,0.75,0.75,0.75,1.0,0.5,0.5,0.5,0.5,0.0,0.5,0.5,0.0,0.0,0.5,"8a7558242a87fff,8a7558242aa7fff,8a7558242aaffff,8a7558242327fff,8a7558242af7fff,8a7558242ac7fff,8a7558242acffff,8a755824230ffff,8a7558242307fff,8a7558242337fff,8a755824206ffff,8a7558242047fff,8a75582423b7fff,8a75582423a7fff",3
90,1164653913,526438862#1,0.5,0.5,0.5,0.5,0.25,0.5,0.75,0.75,1.0,0.75,0.75,0.75,0.5,0.0,0.0,0.0,0.0,0.5,0.0,0.0,0.5,0.5,0.0,"8a7558242a87fff,8a7558242aa7fff,8a7558242aaffff,8a7558242af7fff,8a7558242ac7fff,8a7558242acffff,8a755824230ffff,8a7558242307fff,8a7558242337fff,8a755824206ffff,8a7558242047fff,8a75582423b7fff,8a75582423a7fff",2
91,71324347#3,-101418584#0,0.0,0.0,1.0,0.0,0.0,1.0,1.0,1.0,1.0,1.0,1.0,1.0,1.0,0.0,0.0,0.0,0.0,0.0,0.0,0.0,0.0,0.0,0.0,"8a7558242317fff,8a75582423affff,8a7558242387fff,8a7558242397fff,8a75582423a7fff,8a75582423b7fff,8a75582420effff,8a75582420cffff,8a7558242747fff,8a755824262ffff",3
92,-1323419243,868087112,0.0,0.0,1.0,0.0,0.0,1.0,1.0,1.0,1.0,1.0,1.0,1.0,1.0,0.0,0.0,0.0,0.0,0.0,0.0,0.0,0.0,0.0,0.0,"8a755824274ffff,8a755824239ffff,8a7558242397fff,8a75582423a7fff,8a755824204ffff",3
93,75421017,-1323419243,0.5,0.5,0.75,0.25,0.25,0.75,0.75,0.75,1.0,1.0,0.75,0.75,0.5,0.5,0.5,0.5,0.0,0.5,0.0,0.25,0.5,0.5,0.0,"8a7558242047fff,8a7558242067fff,8a7558242a97fff,8a755824206ffff,8a75582423b7fff,8a7558242397fff,8a755824239ffff,8a755824274ffff",2
93,75421017,-1323419243,0.0,0.0,0.75,0.25,0.25,0.75,0.75,0.75,0.5,0.5,0.75,0.75,1.0,0.0,0.0,0.0,0.5,0.0,0.5,0.25,0.0,0.0,0.5,"8a7558242047fff,8a7558242067fff,8a7558242a97fff,8a755824206ffff,8a75582423b7fff,8a7558242397fff,8a755824274ffff",3
94,-101415864#1,-1323419247,0.25,0.25,1.0,0.125,0.375,1.0,0.625,0.625,0.5,0.625,0.625,0.625,0.75,0.5,0.5,0.5,0.5,0.0,0.5,0.5,0.25,0.5,0.5,"8a7558242a0ffff,8a7558242a07fff,8a7558242a1ffff,8a7558242af7fff,8a7558242ac7fff,8a7558242acffff,8a755824230ffff,8a7558242307fff,8a7558242337fff,8a755824206ffff,8a7558242047fff,8a755824204ffff",1
94,-101415864#1,-1323419247,0.75,0.75,0.5,0.125,0.375,0.5,0.625,0.625,1.0,0.625,0.625,0.625,0.25,0.0,0.0,0.0,0.0,0.75,0.0,0.0,0.75,0.25,0.25,"8a7558242a0ffff,8a7558242af7fff,8a7558242ac7fff,8a7558242acffff,8a755824230ffff,8a7558242307fff,8a7558242337fff,8a755824206ffff,8a7558242047fff,8a755824204ffff",4
94,-101415864#1,-1323419247,0.5,0.5,0.25,0.75,0.375,0.25,0.625,0.625,0.75,0.625,0.625,0.625,0.5,0.25,0.25,0.25,0.25,0.5,0.25,0.25,0.5,0.75,0.0,"8a7558242a0ffff,8a7558242a07fff,8a7558242a1ffff,8a7558242aaffff,8a7558242af7fff,8a7558242ac7fff,8a7558242acffff,8a755824230ffff,8a7558242307fff,8a7558242337fff,8a755824206ffff,8a7558242047fff,8a755824204ffff",4
94,-101415864#1,-1323419247,0.0,0.0,0.75,0.5,0.375,0.75,0.625,0.625,0.25,0.625,0.625,0.625,1.0,0.75,0.75,0.75,0.75,0.25,0.75,0.75,0.0,0.0,0.75,"8a7558242a0ffff,8a7558242a07fff,8a7558242a1ffff,8a7558242aaffff,8a7558242327fff,8a7558242af7fff,8a7558242ac7fff,8a7558242acffff,8a755824230ffff,8a7558242307fff,8a7558242337fff,8a755824206ffff,8a7558242047fff,8a755824204ffff",1
95,71223791#1,100475365#1,0.0,0.0,1.0,0.0,0.0,1.0,1.0,1.0,1.0,1.0,1.0,1.0,1.0,0.0,0.0,0.0,0.0,0.0,0.0,0.0,0.0,0.0,0.0,"8a7558242327fff,8a7558242af7fff,8a7558242ac7fff,8a7558242acffff,8a755824230ffff,8a7558242307fff,8a7558242337fff,8a755824206ffff,8a7558242067fff,8a7558242077fff,8a755824200ffff,8a7558242007fff",3
96,-679068326#3,-1200809291,0.0,0.0,1.0,0.0,0.0,1.0,1.0,1.0,1.0,1.0,1.0,1.0,1.0,0.0,0.0,0.0,0.0,0.0,0.0,0.0,0.0,0.0,0.0,"8a7558242af7fff,8a7558242a0ffff,8a7558242ac7fff,8a7558242acffff,8a755824230ffff,8a7558242307fff,8a7558242317fff,8a75582423affff,8a75582423a7fff,8a755824204ffff",3
97,-101746498#0,416428068,0.0,0.0,0.5,0.0,0.25,0.5,0.75,0.75,1.0,0.75,0.75,0.75,0.5,0.0,0.0,0.0,0.0,0.5,0.0,0.25,0.0,0.5,0.5,"8a7558242207fff,8a7558242237fff,8a7558242227fff,8a755824230ffff,8a7558242307fff,8a7558242337fff,8a755824206ffff,8a7558242a9ffff",4
97,-101746498#0,416428068,0.5,0.5,1.0,0.5,0.25,1.0,0.75,0.75,0.5,0.75,0.75,0.75,1.0,0.5,0.5,0.5,0.5,0.0,0.5,0.25,0.5,0.0,0.0,"8a7558242207fff,8a7558242237fff,8a7558242227fff,8a755824230ffff,8a7558242307fff,8a7558242337fff,8a7558242327fff,8a7558242a9ffff,8a755824206ffff",2
98,-659278038#3,-1200809291,0.5,0.5,0.5,0.5,0.25,0.5,0.75,0.75,1.0,0.75,0.75,0.75,0.5,0.0,0.0,0.0,0.25,0.25,0.0,0.25,0.5,0.5,0.0,"8a755824200ffff,8a7558242007fff,8a75582420e7fff,8a75582420c7fff,8a75582420dffff,8a75582420cffff,8a75582420effff,8a75582423b7fff,8a75582423a7fff,8a755824204ffff",2
98,-659278038#3,-1200809291,0.0,0.0,1.0,0.0,0.25,1.0,0.75,0.75,0.5,0.75,0.75,0.75,1.0,0.5,0.5,0.5,0.25,0.25,0.5,0.25,0.0,0.0,0.5,"8a755824200ffff,8a7558242007fff,8a75582420e7fff,8a75582420c7fff,8a75582420dffff,8a75582420cffff,8a75582420effff,8a75582423b7fff,8a75582423a7fff,8a755824204ffff",3
99,463830226#1,464265154,0.0,0.0,1.0,0.0,0.0,1.0,1.0,1.0,1.0,1.0,1.0,1.0,1.0,0.0,0.0,0.0,0.0,0.0,0.0,0.0,0.0,0.0,0.0,"8a7558242aaffff,8a7558242af7fff,8a7558242ac7fff,8a7558242acffff,8a755824230ffff,8a7558242307fff,8a7558242337fff,8a755824206ffff,8a7558242047fff,8a75582423b7fff,8a75582420effff",3
100,-101765339#0,71324343#3,0.25,0.0,1.0,0.0,0.375,0.75,0.625,0.625,0.625,0.25,0.625,0.625,1.0,0.375,0.75,0.75,0.375,0.0,0.75,0.375,0.0,0.25,0.5,"8a755825c81ffff,8a755825c807fff,8a755825c877fff,8a755825c957fff,8a755825c977fff,8a755825c90ffff,8a755825c927fff,8a755824225ffff,8a755824220ffff,8a7558242207fff,8a7558242237fff,8a7558242227fff,8a755824230ffff,8a7558242acffff,8a7558242ac7fff,8a7558242af7fff,8a7558242a0ffff,8a7558242a07fff,8a7558242a27fff",1
100,-101765339#0,71324343#3,0.0,0.25,0.75,0.25,0.375,1.0,0.625,0.625,0.625,0.5,0.625,0.625,0.75,0.375,0.5,0.5,0.375,0.25,0.5,0.375,0.25,0.0,0.75,"8a755825c81ffff,8a755825c807fff,8a755825c877fff,8a755825c957fff,8a755825c977fff,8a755825c90ffff,8a755825c927fff,8a755824225ffff,8a755824220ffff,8a7558242207fff,8a7558242237fff,8a7558242227fff,8a755824230ffff,8a7558242acffff,8a7558242ac7fff,8a7558242af7fff,8a7558242a0ffff,8a7558242a1ffff,8a7558242a07fff,8a7558242a27fff",3
100,-101765339#0,71324343#3,0.5,0.75,0.25,0.75,0.375,0.5,0.625,0.625,0.625,1.0,0.625,0.625,0.25,0.375,0.0,0.0,0.375,0.75,0.0,0.375,0.75,0.5,0.25,"8a755825c81ffff,8a755825c807fff,8a755825c877fff,8a755825c957fff,8a755825c977fff,8a755825c90ffff,8a755825c927fff,8a75582422a7fff,8a7558242217fff,8a7558242237fff,8a7558242227fff,8a755824230ffff,8a7558242acffff,8a7558242ac7fff,8a7558242af7fff,8a7558242a0ffff,8a7558242a1ffff,8a7558242a07fff,8a7558242a27fff",4
100,-101765339#0,71324343#3,0.75,0.5,0.5,0.5,0.375,0.25,0.625,0.625,0.625,0.75,0.625,0.625,0.5,0.375,0.25,0.25,0.375,0.5,0.25,0.375,0.5,0.75,0.0,"8a755825c81ffff,8a755825c807fff,8a755825c877fff,8a755825c957fff,8a755825c977fff,8a755825c90ffff,8a755825c927fff,8a75582422a7fff,8a7558242217fff,8a7558242237fff,8a7558242227fff,8a755824230ffff,8a7558242acffff,8a7558242ac7fff,8a7558242af7fff,8a7558242a0ffff,8a7558242a07fff,8a7558242a27fff",4
101,-101415864#1,-416412034,0.0,0.0,1.0,0.0,0.3333333333333333,0.3333333333333333,0.6666666666666666,0.6666666666666666,0.3333333333333333,0.3333333333333333,0.6666666666666666,0.6666666666666666,1.0,0.3333333333333333,0.6666666666666667,0.6666666666666667,0.3333333333333333,0.3333333333333333,0.6666666666666667,0.6666666666666667,0.0,0.0,0.6666666666666667,"8a7558242a0ffff,8a7558242a07fff,8a7558242a27fff,8a7558242a17fff,8a7558242b8ffff,8a7558242aa7fff,8a7558242b9ffff,8a7558242147fff,8a7558242167fff,8a7558242177fff,8a75582428dffff,8a755824212ffff,8a755824211ffff,8a75582421affff",3
101,-101415864#1,-416412034,0.3333333333333333,0.3333333333333333,0.3333333333333333,0.6666666666666667,0.3333333333333333,0.6666666666666666,0.6666666666666666,0.6666666666666666,0.6666666666666666,0.6666666666666666,0.6666666666666666,0.6666666666666666,0.6666666666666666,0.3333333333333333,0.3333333333333333,0.3333333333333333,0.3333333333333333,0.0,0.3333333333333333,0.3333333333333333,0.3333333333333333,0.6666666666666667,0.0,"8a7558242a0ffff,8a7558242a07fff,8a7558242a27fff,8a7558242a17fff,8a7558242b8ffff,8a7558242aa7fff,8a7558242ab7fff,8a7558242b9ffff,8a7558242147fff,8a7558242167fff,8a7558242177fff,8a75582428dffff,8a755824212ffff,8a755824211ffff,8a75582421affff",2
101,-101415864#1,-416412034,0.6666666666666667,0.6666666666666667,0.6666666666666666,0.3333333333333333,0.3333333333333333,1.0,0.6666666666666666,0.6666666666666666,1.0,1.0,0.6666666666666666,0.6666666666666666,0.3333333333333333,0.3333333333333333,0.0,0.0,0.3333333333333333,0.6666666666666667,0.0,0.0,0.6666666666666667,0.3333333333333333,0.3333333333333333,"8a7558242a0ffff,8a7558242a07fff,8a7558242a27fff,8a7558242a17fff,8a7558242b8ffff,8a7558242aa7fff,8a7558242ab7fff,8a7558242b9ffff,8a7558242147fff,8a7558242167fff,8a7558242177fff,8a75582428dffff,8a755824212ffff,8a755824211ffff,8a75582421affff",2
102,-101787498,-71223800#1,0.75,0.75,1.0,0.0,0.4375,0.875,0.5625,0.5625,1.0,0.1875,0.5625,0.5625,0.125,0.4375,0.125,0.125,0.4375,0.5,0.125,0.6875,0.75,0.75,0.125,"8a755825c9affff,8a755825c98ffff,8a755825c9b7fff,8a755824266ffff,8a7558242297fff,8a75582422a7fff,8a7558242217fff,8a7558242237fff,8a7558242227fff,8a755824230ffff,8a7558242acffff,8a7558242ac7fff,8a7558242af7fff,8a7558242a0ffff,8a7558242a2ffff,8a7558242b5ffff,8a7558242b57fff,8a7558242b47fff,8a7558242b67fff,8a75582404cffff",4
102,-101787498,-71223800#1,0.0,0.0,0.5,0.5625,0.4375,0.75,0.5625,0.5625,0.3125,0.625,0.5625,0.5625,1.0,0.4375,0.875,0.875,0.4375,0.125,0.875,0.375,0.0,0.0,0.875,"8a755825c9affff,8a755825c98ffff,8a755825c937fff,8a755825c90ffff,8a755825c927fff,8a755824225ffff,8a755824220ffff,8a7558242207fff,8a7558242237fff,8a7558242227fff,8a755824230ffff,8a7558242acffff,8a7558240697fff,8a7558242a6ffff,8a7558242a67fff,8a7558242a77fff,8a7558242b5ffff,8a7558242b57fff,8a7558242b47fff,8a7558242b67fff,8a75582404cffff",1
102,-101787498,-71223800#1,0.375,0.375,0.875,0.125,0.4375,0.375,0.5625,0.5625,0.875,0.1875,0.5625,0.5625,0.25,0.4375,0.375,0.5,0.4375,0.0,0.5,0.6875,0.375,0.375,0.5,"8a755825c9affff,8a755825c98ffff,8a755825c9b7fff,8a755824266ffff,8a7558242297fff,8a75582422a7fff,8a7558242217fff,8a7558242237fff,8a7558242227fff,8a755824230ffff,8a7558242acffff,8a7558240697fff,8a7558242a6ffff,8a7558242a67fff,8a7558242a77fff,8a7558242b5ffff,8a7558242b57fff,8a7558242b47fff,8a7558242b67fff,8a75582404cffff",1
102,-101787498,-71223800#1,0.625,0.5,0.25,0.75,0.4375,0.5,0.5625,0.5625,0.3125,1.0,0.5625,0.5625,0.375,0.4375,0.5,0.375,0.4375,0.75,0.375,0.0,0.5,0.625,0.25,"8a755825c9affff,8a755825c98ffff,8a755825c937fff,8a755825c90ffff,8a755825c927fff,8a75582422a7fff,8a7558242217fff,8a7558242237fff,8a7558242227fff,8a755824230ffff,8a7558242acffff,8a7558242ac7fff,8a7558242af7fff,8a7558242a0ffff,8a7558242a2ffff,8a7558242b5ffff,8a7558242b57fff,8a7558242b47fff,8a7558242b67fff,8a75582404cffff",0
102,-101787498,-71223800#1,0.125,0.25,0.125,0.875,0.4375,0.25,0.5625,0.5625,0.3125,0.875,0.5625,0.5625,0.625,0.4375,0.625,0.625,0.4375,0.25,0.625,0.125,0.25,0.125,0.625,"8a755825c9affff,8a755825c98ffff,8a755825c937fff,8a755825c90ffff,8a755825c927fff,8a75582422a7fff,8a7558242217fff,8a7558242237fff,8a7558242227fff,8a755824230ffff,8a7558242acffff,8a7558240697fff,8a7558242a6ffff,8a7558242a67fff,8a7558242a77fff,8a7558242b5ffff,8a7558242b57fff,8a7558242b47fff,8a7558242b67fff,8a75582404cffff",1
102,-101787498,-71223800#1,0.25,0.125,0.6875,0.3125,0.4375,1.0,0.5625,0.5625,0.3125,0.75,0.5625,0.5625,0.875,0.4375,0.75,0.75,0.4375,0.625,0.75,0.25,0.125,0.25,0.75,"8a755825c9affff,8a755825c98ffff,8a755825c937fff,8a755825c90ffff,8a755825c927fff,8a755824225ffff,8a755824220ffff,8a7558242207fff,8a7558242237fff,8a7558242227fff,8a755824230ffff,8a7558242acffff,8a7558242ac7fff,8a7558242af7fff,8a7558242a0ffff,8a7558242a2ffff,8a7558242b5ffff,8a7558242b57fff,8a7558242b47fff,8a7558242b67fff,8a75582404cffff",1
102,-101787498,-71223800#1,0.875,0.875,0.6875,0.3125,0.4375,0.625,0.5625,0.5625,0.75,0.5,0.5625,0.5625,0.5,0.4375,0.0,0.0,0.4375,0.875,0.0,0.6875,0.875,0.875,0.0,"8a755825c9affff,8a755825c98ffff,8a755825c937fff,8a755824266ffff,8a7558242297fff,8a75582422a7fff,8a7558242217fff,8a7558242237fff,8a7558242227fff,8a755824230ffff,8a7558242acffff,8a7558242ac7fff,8a7558242af7fff,8a7558242a0ffff,8a7558242a2ffff,8a7558242b5ffff,8a7558242b57fff,8a7558242b47fff,8a7558242b67fff,8a75582404cffff",4
102,-101787498,-71223800#1,0.5,0.625,0.375,0.5625,0.4375,0.125,0.5625,0.5625,0.625,0.375,0.5625,0.5625,0.75,0.4375,0.25,0.25,0.4375,0.375,0.25,0.6875,0.625,0.5,0.375,"8a755825c9affff,8a755825c98ffff,8a755825c937fff,8a755824266ffff,8a7558242297fff,8a75582422a7fff,8a7558242217fff,8a7558242237fff,8a7558242227fff,8a755824230ffff,8a7558242acffff,8a7558240697fff,8a7558242a6ffff,8a7558242a67fff,8a7558242a77fff,8a7558242b5ffff,8a7558242b57fff,8a7558242b47fff,8a7558242b67fff,8a75582404cffff",4
103,101784499#1,1047412912#0,0.375,0.375,0.875,0.125,0.4375,0.375,0.5625,0.5625,0.875,0.1875,0.5625,0.5625,0.25,0.5,0.375,0.5,0.5,0.125,0.5,0.6875,0.375,0.375,0.5,"8a755825cd6ffff,8a755825c98ffff,8a755825c9b7fff,8a755824266ffff,8a7558242297fff,8a75582422a7fff,8a7558242217fff,8a7558242237fff,8a7558242227fff,8a755824230ffff,8a7558242acffff,8a7558240697fff,8a7558242a6ffff,8a7558242a67fff,8a7558242a77fff,8a7558242b5ffff,8a7558242b0ffff,8a7558242b2ffff,8a75582404dffff,8a75582404d7fff,8a75582404c7fff",1
103,101784499#1,1047412912#0,0.0,0.0,0.4375,0.5625,0.4375,0.625,0.5625,0.5625,0.125,0.625,0.5625,0.5625,1.0,0.875,0.875,0.875,0.875,0.0,0.875,0.375,0.0,0.0,0.875,"8a755825cd6ffff,8a755825c98ffff,8a755825c9affff,8a755825c937fff,8a755825c90ffff,8a755825c927fff,8a755824225ffff,8a755824220ffff,8a7558242207fff,8a7558242237fff,8a7558242227fff,8a755824230ffff,8a7558242acffff,8a7558240697fff,8a7558242a6ffff,8a7558242a67fff,8a7558242a77fff,8a7558242b5ffff,8a7558242b0ffff,8a7558242b2ffff,8a75582404dffff,8a75582404d7fff,8a75582404c7fff",1
103,101784499#1,1047412912#0,0.25,0.125,0.6875,0.3125,0.4375,1.0,0.5625,0.5625,0.25,0.75,0.5625,0.5625,0.875,0.75,0.75,0.75,0.75,0.625,0.75,0.25,0.125,0.25,0.75,"8a755825cd6ffff,8a755825c98ffff,8a755825c9affff,8a755825c937fff,8a755825c90ffff,8a755825c927fff,8a755824225ffff,8a755824220ffff,8a7558242207fff,8a7558242237fff,8a7558242227fff,8a755824230ffff,8a7558242acffff,8a7558242ac7fff,8a7558242af7fff,8a7558242a0ffff,8a7558242a2ffff,8a7558242b5ffff,8a7558242b0ffff,8a7558242b2ffff,8a75582404dffff,8a75582404d7fff,8a75582404c7fff",1
103,101784499#1,1047412912#0,0.75,0.75,1.0,0.0,0.4375,0.875,0.5625,0.5625,1.0,0.1875,0.5625,0.5625,0.125,0.125,0.125,0.125,0.125,0.5,0.125,0.6875,0.75,0.75,0.125,"8a755825cd6ffff,8a755825c98ffff,8a755825c9b7fff,8a755824266ffff,8a7558242297fff,8a75582422a7fff,8a7558242217fff,8a7558242237fff,8a7558242227fff,8a755824230ffff,8a7558242acffff,8a7558242ac7fff,8a7558242af7fff,8a7558242a0ffff,8a7558242a2ffff,8a7558242b5ffff,8a7558242b0ffff,8a7558242b2ffff,8a75582404dffff,8a75582404d7fff,8a75582404c7fff",4
103,101784499#1,1047412912#0,0.875,0.875,0.6875,0.3125,0.4375,0.75,0.5625,0.5625,0.75,0.5,0.5625,0.5625,0.375,0.0,0.0,0.0,0.0,0.875,0.0,0.6875,0.875,0.875,0.0,"8a755825cd6ffff,8a755825c98ffff,8a755825c9affff,8a755825c937fff,8a755824266ffff,8a7558242297fff,8a75582422a7fff,8a7558242217fff,8a7558242237fff,8a7558242227fff,8a755824230ffff,8a7558242acffff,8a7558242ac7fff,8a7558242af7fff,8a7558242a0ffff,8a7558242a2ffff,8a7558242b5ffff,8a7558242b0ffff,8a7558242b2ffff,8a75582404dffff,8a75582404d7fff,8a75582404c7fff",4
103,101784499#1,1047412912#0,0.5,0.625,0.4375,0.5625,0.4375,0.25,0.5625,0.5625,0.625,0.375,0.5625,0.5625,0.625,0.25,0.25,0.25,0.25,0.375,0.25,0.6875,0.625,0.5,0.375,"8a755825cd6ffff,8a755825c98ffff,8a755825c9affff,8a755825c937fff,8a755824266ffff,8a7558242297fff,8a75582422a7fff,8a7558242217fff,8a7558242237fff,8a7558242227fff,8a755824230ffff,8a7558242acffff,8a7558240697fff,8a7558242a6ffff,8a7558242a67fff,8a7558242a77fff,8a7558242b5ffff,8a7558242b0ffff,8a7558242b2ffff,8a75582404dffff,8a75582404d7fff,8a75582404c7fff",4
103,101784499#1,1047412912#0,0.625,0.5,0.25,0.75,0.4375,0.5,0.5625,0.5625,0.5,1.0,0.5625,0.5625,0.5,0.375,0.5,0.375,0.375,0.75,0.375,0.0,0.5,0.625,0.25,"8a755825cd6ffff,8a755825c98ffff,8a755825c9affff,8a755825c937fff,8a755825c90ffff,8a755825c927fff,8a75582422a7fff,8a7558242217fff,8a7558242237fff,8a7558242227fff,8a755824230ffff,8a7558242acffff,8a7558242ac7fff,8a7558242af7fff,8a7558242a0ffff,8a7558242a2ffff,8a7558242b5ffff,8a7558242b0ffff,8a7558242b2ffff,8a75582404dffff,8a75582404d7fff,8a75582404c7fff",0
103,101784499#1,1047412912#0,0.125,0.25,0.125,0.875,0.4375,0.125,0.5625,0.5625,0.375,0.875,0.5625,0.5625,0.75,0.625,0.625,0.625,0.625,0.25,0.625,0.125,0.25,0.125,0.625,"8a755825cd6ffff,8a755825c98ffff,8a755825c9affff,8a755825c937fff,8a755825c90ffff,8a755825c927fff,8a75582422a7fff,8a7558242217fff,8a7558242237fff,8a7558242227fff,8a755824230ffff,8a7558242acffff,8a7558240697fff,8a7558242a6ffff,8a7558242a67fff,8a7558242a77fff,8a7558242b5ffff,8a7558242b0ffff,8a7558242b2ffff,8a75582404dffff,8a75582404d7fff,8a75582404c7fff",1
104,101418583,-47374664,0.0,0.0,1.0,0.0,0.0,1.0,1.0,1.0,1.0,1.0,1.0,1.0,1.0,0.0,0.0,0.0,0.0,0.0,0.0,0.0,0.0,0.0,0.0,"8a75582423affff,8a75582423a7fff,8a755824204ffff,8a7558242317fff,8a7558242387fff,8a7558242217fff,8a7558242237fff,8a755824221ffff",3
105,-47374664,101418583,0.0,0.0,1.0,0.0,0.0,1.0,1.0,1.0,1.0,1.0,1.0,1.0,1.0,0.0,0.0,0.0,0.0,0.0,0.0,0.0,0.0,0.0,0.0,"8a755824221ffff,8a7558242237fff,8a7558242227fff,8a755824230ffff,8a7558242307fff,8a7558242317fff,8a75582423affff,8a75582423a7fff",3
106,-101749451,-619184994,0.0,0.0,1.0,0.0,0.0,1.0,1.0,1.0,1.0,1.0,1.0,1.0,1.0,0.0,0.0,0.0,0.0,0.0,0.0,0.0,0.0,0.0,0.0,"8a755824230ffff,8a7558242357fff,8a7558242307fff,8a7558242337fff,8a755824206ffff,8a7558242067fff,8a7558242a97fff,8a7558242ab7fff",3
107,-297823017,101767915#1,0.5,0.7,0.1,0.9,0.4499999999999999,0.2,0.55,0.55,0.2,1.0,0.55,0.55,0.9,0.6,0.9,0.9,0.8,0.0999999999999999,0.6,0.1999999999999999,0.7,0.9,0.3,"8a7558242847fff,8a7558240497fff,8a7558240487fff,8a755824285ffff,8a7558242bb7fff,8a7558242b87fff,8a7558242b9ffff,8a7558242147fff,8a755824214ffff,8a7558242a97fff,8a755824206ffff,8a7558242047fff,8a75582423b7fff,8a7558242397fff,8a755824239ffff,8a755824274ffff,8a7558242297fff,8a755824266ffff,8a755825c937fff,8a755825c90ffff,8a755825c977fff,8a755825c957fff,8a755825c827fff",1
107,-297823017,101767915#1,0.3,0.6,0.2,0.8,0.4499999999999999,0.1,0.55,0.55,0.1,0.9,0.55,0.55,1.0,0.0999999999999999,0.5,0.5,0.9,0.0,0.7,0.3,0.6,0.4,0.7,"8a7558242847fff,8a7558240497fff,8a7558240487fff,8a755824285ffff,8a7558242bb7fff,8a7558242b87fff,8a7558242b9ffff,8a7558242147fff,8a755824214ffff,8a7558242a97fff,8a755824206ffff,8a7558242047fff,8a75582423b7fff,8a7558242397fff,8a755824274ffff,8a7558242297fff,8a755824266ffff,8a755825c937fff,8a755825c90ffff,8a755825c977fff,8a755825c957fff,8a755825c827fff",1
107,-297823017,101767915#1,0.8,0.8,0.95,0.05,0.4499999999999999,0.9,0.55,0.55,0.7,0.3,0.55,0.55,0.5,0.0,0.4,0.4,0.0999999999999999,0.9,0.9,0.0999999999999999,0.8,0.0,0.1999999999999999,"8a7558242847fff,8a7558240497fff,8a755824049ffff,8a75582404d7fff,8a7558242b2ffff,8a7558242b0ffff,8a7558242b1ffff,8a7558242a37fff,8a7558242b8ffff,8a7558242aa7fff,8a7558242a87fff,8a7558242a97fff,8a755824206ffff,8a7558242047fff,8a75582423b7fff,8a7558242397fff,8a755824274ffff,8a7558242297fff,8a755824266ffff,8a755825c937fff,8a755825c90ffff,8a755825c977fff,8a755825c957fff,8a755825c827fff",2
107,-297823017,101767915#1,0.6,0.4,0.55,0.4499999999999999,0.4499999999999999,0.7,0.55,0.55,0.5,0.1,0.55,0.55,0.6,0.1999999999999999,0.0999999999999999,0.0999999999999999,0.3,0.7,0.5,0.5,0.4,0.0999999999999999,0.4,"8a7558242847fff,8a7558240497fff,8a755824049ffff,8a75582404d7fff,8a7558242b2ffff,8a7558242b0ffff,8a7558242b07fff,8a7558242b1ffff,8a7558242a37fff,8a7558242b8ffff,8a7558242aa7fff,8a7558242a87fff,8a7558242a97fff,8a755824206ffff,8a7558242047fff,8a75582423b7fff,8a7558242397fff,8a755824274ffff,8a7558242297fff,8a755824266ffff,8a755825c937fff,8a755825c90ffff,8a755825c977fff,8a755825c957fff,8a755825c827fff",2
107,-297823017,101767915#1,0.7,0.5,0.35,0.65,0.4499999999999999,0.8,0.55,0.55,0.9,0.2,0.55,0.55,0.2,0.7,0.6,0.6,0.1999999999999999,0.6,0.4,0.4,0.5,0.6,0.0999999999999999,"8a7558242847fff,8a7558240497fff,8a755824049ffff,8a75582404d7fff,8a7558242b2ffff,8a7558242b0ffff,8a7558242b07fff,8a7558242b1ffff,8a7558242a37fff,8a7558242b8ffff,8a7558242aa7fff,8a7558242a87fff,8a7558242a97fff,8a755824206ffff,8a7558242047fff,8a75582423b7fff,8a7558242397fff,8a755824239ffff,8a755824274ffff,8a7558242297fff,8a755824266ffff,8a755825c937fff,8a755825c90ffff,8a755825c977fff,8a755825c957fff,8a755825c827fff",0
107,-297823017,101767915#1,0.4,0.3,0.75,0.25,0.4499999999999999,0.6,0.55,0.55,0.8,0.8,0.55,0.55,0.3,0.8,0.7,0.7,0.4,0.4,0.1999999999999999,0.6,0.3,0.7,0.5,"8a7558242847fff,8a7558240497fff,8a755824049ffff,8a75582404d7fff,8a7558242b2ffff,8a7558242b0ffff,8a7558242b1ffff,8a7558242a37fff,8a7558242b8ffff,8a7558242aa7fff,8a7558242ab7fff,8a7558242a97fff,8a755824206ffff,8a7558242047fff,8a75582423b7fff,8a7558242397fff,8a755824239ffff,8a755824274ffff,8a7558242297fff,8a755824266ffff,8a755825c937fff,8a755825c90ffff,8a755825c977fff,8a755825c957fff,8a755825c827fff",1
107,-297823017,101767915#1,0.1999999999999999,0.1999999999999999,0.95,0.05,0.4499999999999999,0.5,0.55,0.55,0.4,0.7,0.55,0.55,0.7,0.3,0.1999999999999999,0.1999999999999999,0.5,0.5,0.3,0.7,0.1999999999999999,0.1999999999999999,0.8,"8a7558242847fff,8a7558240497fff,8a755824049ffff,8a75582404d7fff,8a7558242b2ffff,8a7558242b0ffff,8a7558242b1ffff,8a7558242a37fff,8a7558242b8ffff,8a7558242aa7fff,8a7558242ab7fff,8a7558242a97fff,8a755824206ffff,8a7558242047fff,8a75582423b7fff,8a7558242397fff,8a755824274ffff,8a7558242297fff,8a755824266ffff,8a755825c937fff,8a755825c90ffff,8a755825c977fff,8a755825c957fff,8a755825c827fff",1
107,-297823017,101767915#1,0.9,0.9,0.75,0.25,0.4499999999999999,1.0,0.55,0.55,1.0,0.4,0.55,0.55,0.1,0.5,0.8,0.8,0.0,0.8,0.8,0.0,0.9,0.5,0.0,"8a7558242847fff,8a7558240497fff,8a755824049ffff,8a75582404d7fff,8a7558242b2ffff,8a7558242b0ffff,8a7558242b1ffff,8a7558242a37fff,8a7558242b8ffff,8a7558242aa7fff,8a7558242a87fff,8a7558242a97fff,8a755824206ffff,8a7558242047fff,8a75582423b7fff,8a7558242397fff,8a755824239ffff,8a755824274ffff,8a7558242297fff,8a755824266ffff,8a755825c937fff,8a755825c90ffff,8a755825c977fff,8a755825c957fff,8a755825c827fff",0
107,-297823017,101767915#1,0.0999999999999999,0.0999999999999999,0.35,0.65,0.4499999999999999,0.4,0.55,0.55,0.6,0.6,0.55,0.55,0.4,0.9,0.3,0.3,0.6,0.1999999999999999,0.0,0.8,0.0999999999999999,0.8,0.6,"8a7558242847fff,8a7558240497fff,8a755824049ffff,8a75582404d7fff,8a7558242b2ffff,8a7558242b0ffff,8a7558242b07fff,8a7558242b1ffff,8a7558242a37fff,8a7558242b8ffff,8a7558242aa7fff,8a7558242ab7fff,8a7558242a97fff,8a755824206ffff,8a7558242047fff,8a75582423b7fff,8a7558242397fff,8a755824239ffff,8a755824274ffff,8a7558242297fff,8a755824266ffff,8a755825c937fff,8a755825c90ffff,8a755825c977fff,8a755825c957fff,8a755825c827fff",1
107,-297823017,101767915#1,0.0,0.0,0.55,0.4499999999999999,0.4499999999999999,0.3,0.55,0.55,0.3,0.5,0.55,0.55,0.8,0.4,0.0,0.0,0.7,0.3,0.0999999999999999,0.9,0.0,0.3,0.9,"8a7558242847fff,8a7558240497fff,8a755824049ffff,8a75582404d7fff,8a7558242b2ffff,8a7558242b0ffff,8a7558242b07fff,8a7558242b1ffff,8a7558242a37fff,8a7558242b8ffff,8a7558242aa7fff,8a7558242ab7fff,8a7558242a97fff,8a755824206ffff,8a7558242047fff,8a75582423b7fff,8a7558242397fff,8a755824274ffff,8a7558242297fff,8a755824266ffff,8a755825c937fff,8a755825c90ffff,8a755825c977fff,8a755825c957fff,8a755825c827fff",1
108,47374680#2,-372606529#4,0.0,0.0,1.0,0.0,0.0,1.0,1.0,1.0,1.0,1.0,1.0,1.0,1.0,0.0,0.0,0.0,0.0,0.0,0.0,0.0,0.0,0.0,0.0,"8a75582422a7fff,8a7558242217fff,8a7558242387fff,8a7558242397fff,8a75582423a7fff,8a75582423b7fff,8a75582420effff,8a7558242047fff,8a7558242067fff,8a7558242a97fff,8a7558242ab7fff,8a7558242b9ffff,8a7558242b87fff,8a7558242bb7fff",3
109,619185406,-1200809291,0.0,0.0,1.0,0.0,0.0,1.0,1.0,1.0,1.0,1.0,1.0,1.0,1.0,0.0,0.0,0.0,0.0,0.0,0.0,0.0,0.0,0.0,0.0,"8a7558242067fff,8a7558242a97fff,8a755824206ffff,8a7558242047fff,8a75582423b7fff,8a75582423a7fff,8a755824204ffff",3
110,-101746498#1,71223791#1,0.0,0.0,1.0,0.0,0.0,1.0,1.0,1.0,1.0,1.0,1.0,1.0,1.0,0.0,0.0,0.0,0.0,0.0,0.0,0.0,0.0,0.0,0.0,"8a755824220ffff,8a7558242207fff,8a7558242237fff,8a7558242227fff,8a755824230ffff,8a7558242307fff,8a7558242337fff,8a7558242327fff,8a7558242af7fff",3
111,75421017,-372606529#4,0.0,0.0,1.0,0.0,0.0,1.0,1.0,1.0,1.0,1.0,1.0,1.0,1.0,0.0,0.0,0.0,0.0,0.0,0.0,0.0,0.0,0.0,0.0,"8a7558242047fff,8a7558242067fff,8a7558242a97fff,8a7558242ab7fff,8a7558242b9ffff,8a7558242b87fff,8a7558242bb7fff",3
112,526439431#0,100475365#1,0.0,0.0,1.0,0.0,0.0,1.0,1.0,1.0,1.0,1.0,1.0,1.0,1.0,0.0,0.0,0.0,0.0,0.0,0.0,0.0,0.0,0.0,0.0,"8a755824204ffff,8a755824206ffff,8a7558242067fff,8a7558242077fff,8a755824200ffff,8a7558242007fff",3
113,-1200809291,120509991,0.3333333333333333,0.0,1.0,0.0,0.3333333333333333,1.0,0.6666666666666666,0.6666666666666666,0.6666666666666666,0.6666666666666666,0.6666666666666666,0.6666666666666666,1.0,0.3333333333333333,0.3333333333333333,0.3333333333333333,0.3333333333333333,0.6666666666666667,0.3333333333333333,0.3333333333333333,0.0,0.0,0.6666666666666667,"8a755824204ffff,8a755824206ffff,8a7558242a9ffff,8a7558242327fff,8a7558242aaffff,8a7558242af7fff,8a7558242ac7fff,8a7558242acffff,8a755824230ffff,8a7558242307fff,8a7558242337fff",3
113,-1200809291,120509991,0.0,0.6666666666666667,0.3333333333333333,0.6666666666666667,0.3333333333333333,0.3333333333333333,0.6666666666666666,0.6666666666666666,0.3333333333333333,0.6666666666666666,0.6666666666666666,0.6666666666666666,0.3333333333333333,0.6666666666666667,0.6666666666666667,0.6666666666666667,0.6666666666666667,0.0,0.6666666666666667,0.3333333333333333,0.6666666666666667,0.6666666666666667,0.0,"8a755824204ffff,8a7558242317fff,8a75582423affff,8a7558242387fff,8a7558242217fff,8a7558242237fff,8a7558242227fff,8a755824230ffff,8a7558242307fff,8a7558242337fff",1
113,-1200809291,120509991,0.6666666666666667,0.3333333333333333,0.6666666666666666,0.3333333333333333,0.3333333333333333,0.6666666666666666,0.6666666666666666,0.6666666666666666,1.0,0.6666666666666666,0.6666666666666666,0.6666666666666666,0.6666666666666666,0.0,0.0,0.0,0.0,0.3333333333333333,0.0,0.3333333333333333,0.3333333333333333,0.3333333333333333,0.3333333333333333,"8a755824204ffff,8a755824206ffff,8a7558242a9ffff,8a7558242327fff,8a7558242af7fff,8a7558242ac7fff,8a7558242acffff,8a755824230ffff,8a7558242307fff,8a7558242337fff",2
114,120509991,-120511144#2,0.5,0.5,0.5,0.25,0.25,1.0,0.75,0.75,1.0,0.75,0.75,0.75,0.5,0.5,0.5,0.5,0.0,0.5,0.0,0.25,0.5,0.5,0.0,"8a7558242307fff,8a7558242337fff,8a755824206ffff,8a7558242047fff,8a75582423b7fff,8a7558242397fff,8a755824239ffff,8a755824274ffff,8a7558242297fff,8a755824266ffff,8a755825c9b7fff,8a755825cd67fff",2
114,120509991,-120511144#2,0.0,0.0,1.0,0.25,0.25,0.5,0.75,0.75,0.5,0.75,0.75,0.75,1.0,0.0,0.0,0.0,0.5,0.0,0.5,0.25,0.0,0.0,0.5,"8a7558242307fff,8a7558242337fff,8a755824206ffff,8a7558242047fff,8a75582423b7fff,8a7558242397fff,8a755824274ffff,8a7558242297fff,8a755824266ffff,8a755825c9b7fff,8a755825cd67fff",3
115,-282689975#2,-101752970#2,0.6666666666666667,0.6666666666666667,0.3333333333333333,0.6666666666666667,0.3333333333333333,0.3333333333333333,0.6666666666666666,0.6666666666666666,0.3333333333333333,0.6666666666666666,0.6666666666666666,0.6666666666666666,1.0,0.6666666666666667,0.3333333333333333,0.3333333333333333,0.6666666666666667,0.6666666666666667,0.0,0.3333333333333333,0.6666666666666667,0.0,0.0,"8a75582406affff,8a7558240687fff,8a7558240697fff,8a7558242acffff,8a755824230ffff,8a7558242227fff,8a7558242237fff,8a7558242217fff,8a75582422a7fff,8a7558242297fff,8a755824266ffff,8a755825c9b7fff,8a75582426cffff",0
115,-282689975#2,-101752970#2,0.0,0.0,1.0,0.0,0.3333333333333333,0.6666666666666666,0.6666666666666666,0.6666666666666666,0.6666666666666666,0.6666666666666666,0.6666666666666666,0.6666666666666666,0.6666666666666666,0.0,0.0,0.0,0.3333333333333333,0.0,0.6666666666666667,0.3333333333333333,0.0,0.3333333333333333,0.6666666666666667,"8a75582406affff,8a7558240687fff,8a7558240697fff,8a7558242acffff,8a755824230ffff,8a7558242307fff,8a7558242337fff,8a755824206ffff,8a7558242047fff,8a75582423b7fff,8a7558242397fff,8a755824274ffff,8a7558242297fff,8a755824266ffff,8a755825c9b7fff,8a75582426cffff",3
115,-282689975#2,-101752970#2,0.3333333333333333,0.3333333333333333,0.6666666666666666,0.3333333333333333,0.3333333333333333,1.0,0.6666666666666666,0.6666666666666666,1.0,0.6666666666666666,0.6666666666666666,0.6666666666666666,0.3333333333333333,0.3333333333333333,0.6666666666666667,0.6666666666666667,0.0,0.3333333333333333,0.3333333333333333,0.3333333333333333,0.3333333333333333,0.6666666666666667,0.3333333333333333,"8a75582406affff,8a7558240687fff,8a7558240697fff,8a7558242acffff,8a755824230ffff,8a7558242307fff,8a7558242337fff,8a755824206ffff,8a7558242047fff,8a75582423b7fff,8a7558242397fff,8a755824239ffff,8a755824274ffff,8a7558242297fff,8a755824266ffff,8a755825c9b7fff,8a75582426cffff",2
116,-282689986,-282690560#0,0.0,0.0,1.0,0.0,0.0,1.0,1.0,1.0,1.0,1.0,1.0,1.0,1.0,0.0,0.0,0.0,0.0,0.0,0.0,0.0,0.0,0.0,0.0,"8a7558240697fff,8a7558242a6ffff,8a7558240687fff,8a75582406affff,8a7558240617fff,8a755824078ffff,8a7558240787fff",3
117,-619184994,-101746498#2,0.8333333333333334,0.6666666666666667,0.5833333333333334,0.4166666666666666,0.4166666666666666,1.0,0.5833333333333334,0.5833333333333334,1.0,0.8333333333333334,0.5833333333333334,0.5833333333333334,0.1666666666666666,0.3333333333333333,0.5,0.5,0.0,0.8333333333333334,0.1666666666666666,0.0,0.6666666666666667,0.5,0.3333333333333333,"8a7558242ab7fff,8a7558242a97fff,8a755824206ffff,8a7558242047fff,8a75582423b7fff,8a7558242397fff,8a755824239ffff,8a755824274ffff,8a7558242297fff,8a755824229ffff,8a755825c927fff,8a755824225ffff,8a755824220ffff",0
117,-619184994,-101746498#2,0.5,0.8333333333333334,0.5833333333333334,0.4166666666666666,0.4166666666666666,0.1666666666666666,0.5833333333333334,0.5833333333333334,0.3333333333333333,1.0,0.5833333333333334,0.5833333333333334,0.8333333333333334,0.75,0.3333333333333333,0.3333333333333333,0.75,0.1666666666666666,0.0,0.75,0.8333333333333334,0.8333333333333334,0.0,"8a7558242ab7fff,8a7558242a97fff,8a7558242a87fff,8a7558242aa7fff,8a7558242aaffff,8a7558242af7fff,8a7558242ac7fff,8a7558242acffff,8a755824230ffff,8a7558242227fff,8a7558242237fff,8a7558242207fff,8a755824220ffff,8a755824225ffff",4
117,-619184994,-101746498#2,0.1666666666666666,0.1666666666666666,0.1666666666666666,0.8333333333333334,0.4166666666666666,0.6666666666666666,0.5833333333333334,0.5833333333333334,0.8333333333333334,0.3333333333333333,0.5833333333333334,0.5833333333333334,0.3333333333333333,0.5,0.8333333333333334,0.8333333333333334,0.3333333333333333,0.5,0.6666666666666667,0.3333333333333333,0.1666666666666666,0.3333333333333333,0.6666666666666667,"8a7558242ab7fff,8a7558242a97fff,8a755824206ffff,8a7558242047fff,8a75582423b7fff,8a7558242397fff,8a755824239ffff,8a755824274ffff,8a7558242297fff,8a75582422a7fff,8a755825c927fff,8a755824225ffff,8a755824220ffff",1
117,-619184994,-101746498#2,0.6666666666666667,0.5,0.8333333333333334,0.1666666666666666,0.4166666666666666,0.8333333333333334,0.5833333333333334,0.5833333333333334,0.6666666666666666,0.6666666666666666,0.5833333333333334,0.5833333333333334,0.5,0.0,0.0,0.0,0.1666666666666666,0.6666666666666667,0.3333333333333333,0.1666666666666666,0.5,0.1666666666666666,0.5,"8a7558242ab7fff,8a7558242a97fff,8a755824206ffff,8a7558242047fff,8a75582423b7fff,8a7558242397fff,8a755824274ffff,8a7558242297fff,8a755824229ffff,8a755825c927fff,8a755824225ffff,8a755824220ffff",2
117,-619184994,-101746498#2,0.0,0.0,0.3333333333333333,0.6666666666666667,0.4166666666666666,0.5,0.5833333333333334,0.5833333333333334,0.5,0.1666666666666666,0.5833333333333334,0.5833333333333334,0.6666666666666666,0.1666666666666666,0.1666666666666666,0.1666666666666666,0.5,0.3333333333333333,0.8333333333333334,0.5,0.0,0.0,0.8333333333333334,"8a7558242ab7fff,8a7558242a97fff,8a755824206ffff,8a7558242047fff,8a75582423b7fff,8a7558242397fff,8a755824274ffff,8a7558242297fff,8a75582422a7fff,8a755825c927fff,8a755824225ffff,8a755824220ffff",1
117,-619184994,-101746498#2,0.3333333333333333,0.3333333333333333,1.0,0.0,0.4166666666666666,0.3333333333333333,0.5833333333333334,0.5833333333333334,0.1666666666666666,0.5,0.5833333333333334,0.5833333333333334,1.0,0.75,0.6666666666666667,0.6666666666666667,0.75,0.0,0.5,0.75,0.3333333333333333,0.6666666666666667,0.1666666666666666,"8a7558242ab7fff,8a7558242a97fff,8a7558242a87fff,8a7558242aa7fff,8a7558242aaffff,8a7558242327fff,8a7558242af7fff,8a7558242ac7fff,8a7558242acffff,8a755824230ffff,8a7558242227fff,8a7558242237fff,8a7558242207fff,8a755824220ffff,8a755824225ffff",1
118,-1323419247,282479125#1,0.5,0.5,0.75,0.25,0.25,0.75,0.75,0.75,0.75,1.0,0.75,0.75,0.5,0.25,0.0,0.25,0.25,0.5,0.0,0.25,0.5,0.5,0.5,"8a755824204ffff,8a7558242047fff,8a7558242067fff,8a7558242a97fff,8a7558242ab7fff,8a7558242b9ffff,8a7558242147fff,8a755824214ffff",2
118,-1323419247,282479125#1,0.0,0.0,0.75,0.25,0.25,0.75,0.75,0.75,0.75,0.5,0.75,0.75,1.0,0.25,0.5,0.25,0.25,0.0,0.5,0.25,0.0,0.0,0.0,"8a755824204ffff,8a7558242047fff,8a7558242067fff,8a7558242a97fff,8a7558242ab7fff,8a7558242b9ffff,8a7558242147fff,8a755824214ffff",3
119,101611600,100475365#1,0.0,0.0,1.0,0.0,0.0,1.0,1.0,1.0,1.0,1.0,1.0,1.0,1.0,0.0,0.0,0.0,0.0,0.0,0.0,0.0,0.0,0.0,0.0,"8a7558242b97fff,8a7558242b87fff,8a7558242b9ffff,8a7558242147fff,8a7558242167fff,8a7558242177fff,8a75582428dffff,8a755824212ffff,8a755824211ffff,8a75582421affff,8a7558242037fff,8a7558242007fff,8a755824200ffff",3
120,-101746498#0,-101600741#2,0.3333333333333333,0.3333333333333333,0.6666666666666666,0.3333333333333333,0.3333333333333333,0.6666666666666666,0.6666666666666666,0.6666666666666666,0.6666666666666666,1.0,0.6666666666666666,0.6666666666666666,0.3333333333333333,0.3333333333333333,0.0,0.0,0.3333333333333333,0.0,0.0,0.0,0.3333333333333333,0.6666666666666667,0.6666666666666667,"8a7558242207fff,8a7558242237fff,8a7558242227fff,8a755824230ffff,8a7558242307fff,8a7558242337fff,8a755824206ffff,8a7558242067fff,8a7558242a97fff,8a7558242ab7fff,8a7558242b9ffff,8a7558242147fff,8a7558242167fff,8a7558242177fff,8a75582428dffff,8a755824212ffff,8a7558242127fff,8a7558242137fff",2
120,-101746498#0,-101600741#2,0.0,0.0,0.3333333333333333,0.6666666666666667,0.3333333333333333,0.3333333333333333,0.6666666666666666,0.6666666666666666,0.3333333333333333,0.6666666666666666,0.6666666666666666,0.6666666666666666,0.6666666666666666,0.6666666666666667,0.3333333333333333,0.3333333333333333,0.6666666666666667,0.3333333333333333,0.3333333333333333,0.3333333333333333,0.0,0.3333333333333333,0.3333333333333333,"8a7558242207fff,8a7558242237fff,8a7558242227fff,8a755824230ffff,8a7558242307fff,8a7558242337fff,8a755824206ffff,8a7558242067fff,8a7558242a97fff,8a7558242ab7fff,8a7558242b9ffff,8a7558242147fff,8a7558242167fff,8a7558242177fff,8a75582428dffff,8a755824212ffff,8a7558242127fff,8a7558242137fff",1
120,-101746498#0,-101600741#2,0.6666666666666667,0.6666666666666667,1.0,0.0,0.3333333333333333,1.0,0.6666666666666666,0.6666666666666666,1.0,0.3333333333333333,0.6666666666666666,0.6666666666666666,1.0,0.0,0.6666666666666667,0.6666666666666667,0.0,0.6666666666666667,0.6666666666666667,0.6666666666666667,0.6666666666666667,0.0,0.0,"8a7558242207fff,8a7558242237fff,8a7558242227fff,8a755824230ffff,8a7558242307fff,8a7558242337fff,8a755824206ffff,8a7558242067fff,8a7558242077fff,8a755824200ffff,8a7558242007fff,8a7558242037fff,8a75582421affff,8a755824211ffff,8a755824212ffff,8a7558242127fff,8a7558242137fff",2
121,659281081#1,-352797377,0.1666666666666666,0.1666666666666666,1.0,0.0,0.4166666666666666,0.8333333333333334,0.5833333333333334,0.5833333333333334,0.1666666666666666,0.6666666666666666,0.5833333333333334,0.5833333333333334,1.0,0.3333333333333333,0.3333333333333333,0.3333333333333333,0.5833333333333333,0.0,0.3333333333333333,0.3333333333333333,0.1666666666666666,0.6666666666666667,0.8333333333333334,"8a7558242397fff,8a75582423a7fff,8a75582423b7fff,8a75582420effff,8a7558242047fff,8a7558242067fff,8a7558242a97fff,8a7558242a87fff,8a7558242aa7fff,8a7558242aaffff,8a7558242327fff,8a7558242af7fff,8a7558242ac7fff,8a7558242acffff,8a7558240697fff",1
121,659281081#1,-352797377,0.8333333333333334,0.8333333333333334,0.3333333333333333,0.6666666666666667,0.4166666666666666,0.5,0.5833333333333334,0.5833333333333334,1.0,0.25,0.5833333333333334,0.5833333333333334,0.1666666666666666,0.6666666666666667,0.6666666666666667,0.6666666666666667,0.0,0.8333333333333334,0.6666666666666667,0.75,0.8333333333333334,0.0,0.1666666666666666,"8a7558242397fff,8a75582423a7fff,8a755824204ffff,8a755824206ffff,8a7558242a9ffff,8a7558242327fff,8a7558242af7fff,8a7558242ac7fff,8a7558242acffff,8a7558240697fff",0
121,659281081#1,-352797377,0.0,0.0,0.5,0.5,0.4166666666666666,0.6666666666666666,0.5833333333333334,0.5833333333333334,0.3333333333333333,0.5,0.5833333333333334,0.5833333333333334,0.8333333333333334,0.5,0.5,0.5,0.5833333333333333,0.3333333333333333,0.5,0.5,0.0,0.8333333333333334,0.6666666666666667,"8a7558242397fff,8a75582423a7fff,8a75582423b7fff,8a75582420effff,8a7558242047fff,8a7558242067fff,8a7558242a97fff,8a7558242a87fff,8a7558242aa7fff,8a7558242aaffff,8a7558242327fff,8a7558242af7fff,8a7558242ac7fff,8a7558242acffff,8a7558240697fff",1
121,659281081#1,-352797377,0.5,0.5,0.75,0.25,0.4166666666666666,0.3333333333333333,0.5833333333333334,0.5833333333333334,0.5,1.0,0.5833333333333334,0.5833333333333334,0.6666666666666666,0.0,0.0,0.0,0.5833333333333333,0.1666666666666666,0.0,0.0,0.5,0.3333333333333333,0.5,"8a7558242397fff,8a75582423a7fff,8a75582423b7fff,8a75582420effff,8a7558242047fff,8a7558242067fff,8a7558242a97fff,8a7558242a87fff,8a7558242aa7fff,8a7558242aaffff,8a7558242af7fff,8a7558242ac7fff,8a7558242acffff,8a7558240697fff",2
121,659281081#1,-352797377,0.3333333333333333,0.3333333333333333,0.1666666666666666,0.8333333333333334,0.4166666666666666,0.1666666666666666,0.5833333333333334,0.5833333333333334,0.6666666666666666,0.8333333333333334,0.5833333333333334,0.5833333333333334,0.5,0.1666666666666666,0.1666666666666666,0.1666666666666666,0.5833333333333333,0.5,0.1666666666666666,0.1666666666666666,0.3333333333333333,0.5,0.3333333333333333,"8a7558242397fff,8a75582423a7fff,8a75582423b7fff,8a75582420effff,8a7558242047fff,8a7558242067fff,8a7558242a97fff,8a7558242a87fff,8a7558242aa7fff,8a7558242aaffff,8a7558242af7fff,8a7558242ac7fff,8a7558242acffff,8a7558240697fff",4
121,659281081#1,-352797377,0.6666666666666667,0.6666666666666667,0.75,0.25,0.4166666666666666,1.0,0.5833333333333334,0.5833333333333334,0.8333333333333334,0.25,0.5833333333333334,0.5833333333333334,0.3333333333333333,0.8333333333333334,0.8333333333333334,0.8333333333333334,0.1666666666666666,0.6666666666666667,0.8333333333333334,0.75,0.6666666666666667,0.1666666666666666,0.0,"8a7558242397fff,8a75582423a7fff,8a755824204ffff,8a755824206ffff,8a7558242a9ffff,8a7558242327fff,8a7558242aaffff,8a7558242af7fff,8a7558242ac7fff,8a7558242acffff,8a7558240697fff",0
122,-101608960,-101752975#2,0.75,0.8333333333333334,0.7916666666666666,0.5416666666666667,0.4583333333333333,0.4166666666666667,0.5416666666666666,0.5416666666666666,0.5,0.5833333333333334,0.5416666666666666,0.5833333333333334,0.5,0.0,0.0,0.0,0.0833333333333333,0.75,0.75,0.0833333333333333,0.8333333333333334,0.5833333333333333,0.5,"8a75582428b7fff,8a75582428affff,8a755824281ffff,8a75582428f7fff,8a75582428d7fff,8a75582428dffff,8a7558242177fff,8a7558242167fff,8a7558242147fff,8a755824214ffff,8a7558242a97fff,8a755824206ffff,8a7558242047fff,8a75582423b7fff,8a7558242397fff,8a755824274ffff,8a7558242297fff,8a755824266ffff,8a755825c937fff,8a755825c90ffff,8a755825c977fff,8a755825c947fff,8a755825c96ffff,8a755825c95ffff",2
122,-101608960,-101752975#2,0.3333333333333333,0.3333333333333333,0.9583333333333334,0.875,0.4583333333333333,0.25,0.5416666666666666,0.5416666666666666,0.25,0.75,0.5416666666666666,0.0833333333333333,0.5833333333333334,0.25,0.25,0.25,0.5833333333333333,0.3333333333333333,0.5833333333333333,0.5833333333333333,0.3333333333333333,0.3333333333333333,0.4166666666666666,"8a75582428b7fff,8a7558242817fff,8a755824281ffff,8a75582428f7fff,8a75582428d7fff,8a75582428dffff,8a7558242177fff,8a7558242167fff,8a7558242147fff,8a755824214ffff,8a7558242a97fff,8a755824206ffff,8a7558242047fff,8a75582423b7fff,8a7558242397fff,8a755824274ffff,8a7558242297fff,8a755824266ffff,8a755825c937fff,8a755825c90ffff,8a755825c977fff,8a755825c947fff,8a755825c96ffff,8a755825c95ffff",2
122,-101608960,-101752975#2,0.0833333333333333,0.0833333333333333,0.125,0.2083333333333333,0.4583333333333333,0.8333333333333334,0.5416666666666666,0.5416666666666666,0.5833333333333334,0.1666666666666666,0.5416666666666666,0.8333333333333334,0.8333333333333334,0.9166666666666666,0.9166666666666666,0.9166666666666666,0.8333333333333334,0.1666666666666666,0.1666666666666666,0.8333333333333334,0.0833333333333333,0.1666666666666666,0.75,"8a75582428b7fff,8a7558242817fff,8a755824281ffff,8a75582428f7fff,8a75582428d7fff,8a75582428dffff,8a7558242177fff,8a7558242167fff,8a7558242147fff,8a755824214ffff,8a7558242a97fff,8a755824206ffff,8a7558242047fff,8a75582423b7fff,8a7558242397fff,8a755824239ffff,8a755824274ffff,8a7558242297fff,8a755824266ffff,8a755825c937fff,8a755825c90ffff,8a755825c977fff,8a755825c957fff,8a755825c877fff,8a755825c95ffff,8a755825c96ffff",1
122,-101608960,-101752975#2,0.0,0.0,0.375,0.2083333333333333,0.4583333333333333,0.75,0.5416666666666666,0.5416666666666666,0.0833333333333333,0.0833333333333333,0.5416666666666666,0.75,1.0,0.4166666666666666,0.4166666666666666,0.4166666666666666,0.9166666666666666,0.0,0.25,0.9166666666666666,0.0,0.0,0.9166666666666666,"8a75582428b7fff,8a7558242817fff,8a755824281ffff,8a75582428f7fff,8a75582428d7fff,8a75582428dffff,8a7558242177fff,8a7558242167fff,8a7558242147fff,8a755824214ffff,8a7558242a97fff,8a755824206ffff,8a7558242047fff,8a75582423b7fff,8a7558242397fff,8a755824274ffff,8a7558242297fff,8a755824266ffff,8a755825c937fff,8a755825c90ffff,8a755825c977fff,8a755825c957fff,8a755825c877fff,8a755825c95ffff,8a755825c96ffff",1
122,-101608960,-101752975#2,0.25,0.25,0.125,0.2083333333333333,0.4583333333333333,1.0,0.5416666666666666,0.5416666666666666,0.6666666666666666,0.3333333333333333,0.5416666666666666,1.0,0.75,0.8333333333333334,0.8333333333333334,0.8333333333333334,0.6666666666666667,0.25,0.0,0.6666666666666667,0.25,0.25,0.6666666666666667,"8a75582428b7fff,8a75582428affff,8a755824281ffff,8a75582428f7fff,8a75582428d7fff,8a75582428dffff,8a7558242177fff,8a7558242167fff,8a7558242147fff,8a755824214ffff,8a7558242a97fff,8a755824206ffff,8a7558242047fff,8a75582423b7fff,8a7558242397fff,8a755824239ffff,8a755824274ffff,8a7558242297fff,8a755824266ffff,8a755825c937fff,8a755825c90ffff,8a755825c977fff,8a755825c957fff,8a755825c877fff,8a755825c95ffff,8a755825c96ffff",1
122,-101608960,-101752975#2,0.4166666666666666,0.5,0.7916666666666666,0.5416666666666667,0.4583333333333333,0.0833333333333333,0.5416666666666666,0.5416666666666666,0.3333333333333333,0.4166666666666667,0.5416666666666666,0.4166666666666667,0.6666666666666666,0.1666666666666666,0.1666666666666666,0.1666666666666666,0.4166666666666666,0.6666666666666667,0.9166666666666666,0.4166666666666666,0.5,0.4166666666666666,0.5833333333333333,"8a75582428b7fff,8a7558242817fff,8a755824281ffff,8a75582428f7fff,8a75582428d7fff,8a75582428dffff,8a7558242177fff,8a7558242167fff,8a7558242147fff,8a755824214ffff,8a7558242a97fff,8a755824206ffff,8a7558242047fff,8a75582423b7fff,8a7558242397fff,8a755824274ffff,8a7558242297fff,8a755824266ffff,8a755825c937fff,8a755825c90ffff,8a755825c977fff,8a755825c947fff,8a755825c96ffff,8a755825c95ffff",2
122,-101608960,-101752975#2,0.5833333333333333,0.6666666666666667,0.9583333333333334,0.875,0.4583333333333333,0.5833333333333334,0.5416666666666666,0.5416666666666666,0.4166666666666667,0.9166666666666666,0.5416666666666666,0.25,0.4166666666666667,0.0833333333333333,0.0833333333333333,0.0833333333333333,0.25,0.4166666666666666,0.4166666666666666,0.25,0.6666666666666667,0.5,0.25,"8a75582428b7fff,8a75582428affff,8a755824281ffff,8a75582428f7fff,8a75582428d7fff,8a75582428dffff,8a7558242177fff,8a7558242167fff,8a7558242147fff,8a755824214ffff,8a7558242a97fff,8a755824206ffff,8a7558242047fff,8a75582423b7fff,8a7558242397fff,8a755824274ffff,8a7558242297fff,8a755824266ffff,8a755825c937fff,8a755825c90ffff,8a755825c977fff,8a755825c947fff,8a755825c96ffff,8a755825c95ffff",2
122,-101608960,-101752975#2,0.1666666666666666,0.1666666666666666,0.375,0.2083333333333333,0.4583333333333333,0.9166666666666666,0.5416666666666666,0.5416666666666666,0.1666666666666666,0.25,0.5416666666666666,0.9166666666666666,0.9166666666666666,0.3333333333333333,0.3333333333333333,0.3333333333333333,0.75,0.0833333333333333,0.0833333333333333,0.75,0.1666666666666666,0.0833333333333333,0.8333333333333334,"8a75582428b7fff,8a75582428affff,8a755824281ffff,8a75582428f7fff,8a75582428d7fff,8a75582428dffff,8a7558242177fff,8a7558242167fff,8a7558242147fff,8a755824214ffff,8a7558242a97fff,8a755824206ffff,8a7558242047fff,8a75582423b7fff,8a7558242397fff,8a755824274ffff,8a7558242297fff,8a755824266ffff,8a755825c937fff,8a755825c90ffff,8a755825c977fff,8a755825c957fff,8a755825c877fff,8a755825c95ffff,8a755825c96ffff",1
122,-101608960,-101752975#2,0.5,0.4166666666666666,0.625,0.7083333333333333,0.4583333333333333,0.3333333333333333,0.5416666666666666,0.5416666666666666,0.75,0.8333333333333334,0.5416666666666666,0.1666666666666666,0.25,0.75,0.75,0.75,0.5,0.5,0.5,0.5,0.4166666666666666,0.6666666666666667,0.0833333333333333,"8a75582428b7fff,8a7558242817fff,8a755824281ffff,8a75582428f7fff,8a75582428d7fff,8a75582428dffff,8a7558242177fff,8a7558242167fff,8a7558242147fff,8a755824214ffff,8a7558242a97fff,8a755824206ffff,8a7558242047fff,8a75582423b7fff,8a7558242397fff,8a755824239ffff,8a755824274ffff,8a7558242297fff,8a755824266ffff,8a755825c937fff,8a755825c90ffff,8a755825c977fff,8a755825c947fff,8a755825c96ffff,8a755825c95ffff",0
122,-101608960,-101752975#2,0.6666666666666667,0.5833333333333333,0.375,0.2083333333333333,0.4583333333333333,0.1666666666666666,0.5416666666666666,0.5416666666666666,0.8333333333333334,0.5,0.5416666666666666,0.5,0.3333333333333333,0.6666666666666667,0.6666666666666667,0.6666666666666667,0.3333333333333333,0.8333333333333334,0.8333333333333334,0.3333333333333333,0.5833333333333333,0.75,0.3333333333333333,"8a75582428b7fff,8a7558242817fff,8a755824281ffff,8a75582428f7fff,8a75582428d7fff,8a75582428dffff,8a7558242177fff,8a7558242167fff,8a7558242147fff,8a755824214ffff,8a7558242a97fff,8a755824206ffff,8a7558242047fff,8a75582423b7fff,8a7558242397fff,8a755824239ffff,8a755824274ffff,8a7558242297fff,8a755824266ffff,8a755825c937fff,8a755825c90ffff,8a755825c977fff,8a755825c947fff,8a755825c96ffff,8a755825c95ffff",2
122,-101608960,-101752975#2,0.9166666666666666,0.9166666666666666,0.375,0.2083333333333333,0.4583333333333333,0.5,0.5416666666666666,0.5416666666666666,1.0,0.6666666666666666,0.5416666666666666,0.6666666666666666,0.1666666666666666,0.5,0.5,0.5,0.0,0.9166666666666666,0.6666666666666667,0.0,0.9166666666666666,0.9166666666666666,0.1666666666666666,"8a75582428b7fff,8a75582428affff,8a755824281ffff,8a75582428f7fff,8a75582428d7fff,8a75582428dffff,8a7558242177fff,8a7558242167fff,8a7558242147fff,8a755824214ffff,8a7558242a97fff,8a755824206ffff,8a7558242047fff,8a75582423b7fff,8a7558242397fff,8a755824239ffff,8a755824274ffff,8a7558242297fff,8a755824266ffff,8a755825c937fff,8a755825c90ffff,8a755825c977fff,8a755825c947fff,8a755825c96ffff,8a755825c95ffff",0
122,-101608960,-101752975#2,0.8333333333333334,0.75,0.625,0.7083333333333333,0.4583333333333333,0.6666666666666666,0.5416666666666666,0.5416666666666666,0.9166666666666666,1.0,0.5416666666666666,0.3333333333333333,0.0833333333333333,0.5833333333333333,0.5833333333333333,0.5833333333333333,0.1666666666666666,0.5833333333333333,0.3333333333333333,0.1666666666666666,0.75,0.8333333333333334,0.0,"8a75582428b7fff,8a75582428affff,8a755824281ffff,8a75582428f7fff,8a75582428d7fff,8a75582428dffff,8a7558242177fff,8a7558242167fff,8a7558242147fff,8a755824214ffff,8a7558242a97fff,8a755824206ffff,8a7558242047fff,8a75582423b7fff,8a7558242397fff,8a755824239ffff,8a755824274ffff,8a7558242297fff,8a755824266ffff,8a755825c937fff,8a755825c90ffff,8a755825c977fff,8a755825c947fff,8a755825c96ffff,8a755825c95ffff",0
123,100475365#1,71324347#5,0.0,0.0,1.0,0.0,0.25,1.0,0.75,0.75,0.5,0.75,0.75,0.75,1.0,0.5,0.5,0.5,0.25,0.25,0.5,0.25,0.0,0.0,0.5,"8a755824200ffff,8a75582420e7fff,8a75582420c7fff,8a75582420dffff,8a75582420cffff,8a75582420effff,8a75582423b7fff,8a75582423a7fff,8a755824204ffff,8a7558242317fff,8a75582423affff,8a7558242387fff",3
123,100475365#1,71324347#5,0.5,0.5,0.5,0.5,0.25,0.5,0.75,0.75,1.0,0.75,0.75,0.75,0.5,0.0,0.0,0.0,0.25,0.25,0.0,0.25,0.5,0.5,0.0,"8a755824200ffff,8a75582420e7fff,8a75582420c7fff,8a75582420dffff,8a75582420cffff,8a75582420effff,8a75582423b7fff,8a75582423a7fff,8a755824204ffff,8a7558242317fff,8a75582423affff,8a7558242387fff",2
124,-100468681#2,659281081#1,0.75,0.75,1.0,0.0,0.375,1.0,0.625,0.625,1.0,1.0,0.625,0.625,0.25,0.5,0.75,0.75,0.0,0.75,0.75,0.375,0.75,0.75,0.0,"8a755824288ffff,8a75582428d7fff,8a75582428dffff,8a7558242177fff,8a7558242167fff,8a7558242147fff,8a755824214ffff,8a7558242a97fff,8a755824206ffff,8a7558242047fff,8a75582423b7fff,8a7558242397fff,8a755824239ffff,8a75582423a7fff",0
124,-100468681#2,659281081#1,0.25,0.25,0.75,0.25,0.375,0.75,0.625,0.625,0.75,0.75,0.625,0.625,0.5,0.0,0.25,0.5,0.5,0.5,0.5,0.375,0.25,0.25,0.5,"8a755824288ffff,8a75582428d7fff,8a75582428dffff,8a7558242177fff,8a7558242167fff,8a7558242147fff,8a755824214ffff,8a7558242a97fff,8a755824206ffff,8a7558242047fff,8a75582423b7fff,8a7558242397fff,8a755824274ffff,8a755824239ffff,8a75582423a7fff",2
124,-100468681#2,659281081#1,0.5,0.5,0.5,0.5,0.375,0.5,0.625,0.625,0.5,0.5,0.625,0.625,0.75,0.75,0.5,0.25,0.25,0.25,0.25,0.375,0.5,0.5,0.25,"8a755824288ffff,8a7558242127fff,8a755824212ffff,8a75582428dffff,8a7558242177fff,8a7558242167fff,8a7558242147fff,8a755824214ffff,8a7558242a97fff,8a755824206ffff,8a7558242047fff,8a75582423b7fff,8a7558242397fff,8a755824239ffff,8a75582423a7fff",4
124,-100468681#2,659281081#1,0.0,0.0,0.25,0.75,0.375,0.25,0.625,0.625,0.25,0.25,0.625,0.625,1.0,0.25,0.0,0.0,0.75,0.0,0.0,0.375,0.0,0.0,0.75,"8a755824288ffff,8a7558242127fff,8a755824212ffff,8a75582428dffff,8a7558242177fff,8a7558242167fff,8a7558242147fff,8a755824214ffff,8a7558242a97fff,8a755824206ffff,8a7558242047fff,8a75582423b7fff,8a7558242397fff,8a755824274ffff,8a755824239ffff,8a75582423a7fff",1
125,-100488715#4,-619184994,0.0,0.0,1.0,0.0,0.0,1.0,1.0,1.0,1.0,1.0,1.0,1.0,1.0,0.0,0.0,0.0,0.0,0.0,0.0,0.0,0.0,0.0,0.0,"8a75582420dffff,8a75582420cffff,8a75582420effff,8a7558242047fff,8a7558242067fff,8a7558242a97fff,8a7558242ab7fff",3
126,-100488715#6,-372606529#4,0.5,0.5,0.5,0.5,0.25,0.5,0.75,0.75,0.75,0.75,0.75,0.75,0.75,0.25,0.25,0.25,0.25,0.25,0.25,0.25,0.5,0.5,0.0,"8a75582420e7fff,8a75582420c7fff,8a755824200ffff,8a7558242077fff,8a7558242067fff,8a7558242a97fff,8a7558242ab7fff,8a7558242b9ffff,8a7558242b87fff,8a7558242bb7fff",2
126,-100488715#6,-372606529#4,0.0,0.0,1.0,0.0,0.25,1.0,0.75,0.75,0.75,0.75,0.75,0.75,0.75,0.25,0.25,0.25,0.25,0.25,0.25,0.25,0.0,0.0,0.5,"8a75582420e7fff,8a75582420c7fff,8a755824200ffff,8a7558242077fff,8a7558242067fff,8a7558242a97fff,8a7558242ab7fff,8a7558242b9ffff,8a7558242b87fff,8a7558242bb7fff",3
127,-659278038#0,100475365#1,0.0,0.0,1.0,0.0,0.0,1.0,1.0,1.0,1.0,1.0,1.0,1.0,1.0,0.0,0.0,0.0,0.0,0.0,0.0,0.0,0.0,0.0,0.0,"8a7558242037fff,8a75582421affff,8a7558242007fff,8a755824200ffff",3
128,-100488715#3,-101609498#0,0.5,0.5,0.875,0.25,0.375,1.0,0.625,0.625,0.625,0.625,0.625,0.625,0.625,0.25,0.375,0.375,0.375,0.0,0.375,0.375,0.5,0.25,0.5,"8a75582420dffff,8a755824270ffff,8a75582420cffff,8a75582420effff,8a7558242047fff,8a7558242067fff,8a7558242a97fff,8a7558242ab7fff,8a7558242b9ffff,8a7558242b87fff,8a7558242bb7fff,8a755824285ffff,8a7558242847fff,8a7558242877fff,8a75582428e7fff,8a75582428f7fff,8a755824281ffff,8a75582428affff,8a75582428b7fff",2
128,-100488715#3,-101609498#0,0.75,0.75,0.875,0.0,0.375,0.75,0.625,0.625,0.625,0.625,0.625,0.625,0.625,0.0,0.375,0.375,0.375,0.25,0.375,0.375,0.75,0.75,0.0,"8a75582420dffff,8a755824270ffff,8a75582420cffff,8a75582420effff,8a7558242047fff,8a7558242067fff,8a7558242a97fff,8a7558242ab7fff,8a7558242b9ffff,8a7558242b87fff,8a7558242bb7fff,8a755824285ffff,8a7558242847fff,8a755824295ffff,8a755824282ffff,8a755824280ffff,8a755824281ffff,8a75582428affff,8a75582428b7fff",0
128,-100488715#3,-101609498#0,0.0,0.0,0.375,0.625,0.375,0.25,0.625,0.625,0.625,0.625,0.625,0.625,0.625,0.75,0.375,0.375,0.375,0.75,0.375,0.375,0.0,0.0,0.75,"8a75582420dffff,8a755824270ffff,8a75582420cffff,8a75582420effff,8a7558242047fff,8a7558242067fff,8a7558242a97fff,8a7558242ab7fff,8a7558242b9ffff,8a7558242b87fff,8a7558242bb7fff,8a755824285ffff,8a7558242847fff,8a755824295ffff,8a755824282ffff,8a7558242817fff,8a75582428b7fff,8a75582428affff",1
128,-100488715#3,-101609498#0,0.25,0.25,0.375,0.625,0.375,0.5,0.625,0.625,0.625,0.625,0.625,0.625,0.625,0.5,0.375,0.375,0.375,0.5,0.375,0.375,0.25,0.5,0.25,"8a75582420dffff,8a755824270ffff,8a75582420cffff,8a75582420effff,8a7558242047fff,8a7558242067fff,8a7558242a97fff,8a7558242ab7fff,8a7558242b9ffff,8a7558242b87fff,8a7558242bb7fff,8a755824285ffff,8a7558242847fff,8a755824295ffff,8a755824282ffff,8a7558242817fff,8a755824281ffff,8a75582428affff,8a75582428b7fff",1
129,100525438#0,-100468681#0,0.0,0.0,1.0,0.0,0.0,1.0,1.0,1.0,1.0,1.0,1.0,1.0,1.0,0.0,0.0,0.0,0.0,0.0,0.0,0.0,0.0,0.0,0.0,"8a75582428dffff,8a755824212ffff,8a7558242127fff,8a755824288ffff,8a7558242c0ffff,8a7558242c1ffff",3
130,100475365#1,-101604513#1,0.0,0.0,1.0,0.0,0.0,1.0,1.0,1.0,1.0,1.0,1.0,1.0,1.0,0.0,0.0,0.0,0.0,0.0,0.0,0.0,0.0,0.0,0.0,"8a755824200ffff,8a7558242007fff,8a7558242037fff",3
131,-100488715#3,1164659926,0.0,0.0,1.0,0.0,0.0,1.0,1.0,1.0,1.0,1.0,1.0,1.0,1.0,0.0,0.0,0.0,0.0,0.0,0.0,0.0,0.0,0.0,0.0,"8a75582420dffff,8a755824270ffff,8a75582420cffff,8a75582420effff,8a7558242047fff,8a7558242067fff,8a7558242a97fff,8a7558242ab7fff,8a7558242b9ffff",3
132,101607969#1,-100468681#0,0.0,0.0,1.0,0.0,0.0,1.0,1.0,1.0,1.0,1.0,1.0,1.0,1.0,0.0,0.0,0.0,0.0,0.0,0.0,0.0,0.0,0.0,0.0,"8a75582428f7fff,8a75582428d7fff,8a755824288ffff,8a7558242c0ffff,8a7558242c1ffff",3
133,-100468681#0,-101608828,0.0,0.0,0.75,0.25,0.25,0.5,0.75,0.75,0.75,0.5,0.75,0.75,1.0,0.25,0.5,0.5,0.25,0.25,0.5,0.5,0.0,0.5,0.5,"8a7558242c0ffff,8a7558242c1ffff,8a755824288ffff,8a75582428d7fff,8a75582428c7fff,8a75582428effff,8a7558242857fff,8a7558242847fff,8a7558242877fff,8a75582428e7fff,8a75582428f7fff,8a755824281ffff",3
133,-100468681#0,-101608828,0.5,0.5,0.75,0.25,0.25,1.0,0.75,0.75,0.75,1.0,0.75,0.75,0.5,0.25,0.0,0.0,0.25,0.25,0.0,0.0,0.5,0.0,0.0,"8a7558242c0ffff,8a7558242c1ffff,8a755824288ffff,8a75582428d7fff,8a75582428c7fff,8a75582428effff,8a7558242857fff,8a7558242847fff,8a7558242877fff,8a75582428e7fff,8a75582428f7fff,8a755824281ffff",2
134,-101604497,-1323419243,0.0,0.0,1.0,0.0,0.25,0.5,0.75,0.75,0.5,0.5,0.75,0.75,1.0,0.0,0.0,0.0,0.5,0.0,0.5,0.25,0.0,0.0,0.5,"8a7558242027fff,8a755824211ffff,8a755824212ffff,8a75582428dffff,8a7558242177fff,8a7558242167fff,8a7558242147fff,8a755824214ffff,8a7558242a97fff,8a755824206ffff,8a7558242047fff,8a75582423b7fff,8a7558242397fff,8a755824274ffff",3
134,-101604497,-1323419243,0.5,0.5,0.5,0.5,0.25,1.0,0.75,0.75,1.0,1.0,0.75,0.75,0.5,0.5,0.5,0.5,0.0,0.5,0.0,0.25,0.5,0.5,0.0,"8a7558242027fff,8a755824211ffff,8a755824212ffff,8a75582428dffff,8a7558242177fff,8a7558242167fff,8a7558242147fff,8a755824214ffff,8a7558242a97fff,8a755824206ffff,8a7558242047fff,8a75582423b7fff,8a7558242397fff,8a755824239ffff,8a755824274ffff",2
135,101606547#1,-101604518,0.25,0.5,0.5,0.0,0.125,0.5,0.625,0.625,0.625,0.625,0.625,0.625,0.25,0.375,0.0,0.0,0.375,0.125,0.0,0.375,0.5,0.5,0.25,"8a755824271ffff,8a7558242707fff,8a755824208ffff,8a75582420dffff,8a75582420c7fff,8a75582420e7fff,8a755824200ffff,8a7558242007fff,8a7558242037fff,8a75582421affff,8a755824211ffff,8a755824210ffff",2
135,101606547#1,-101604518,0.0,0.0,1.0,0.25,0.125,1.0,0.625,0.625,0.625,0.625,0.625,0.625,0.5,0.375,0.25,0.25,0.375,0.125,0.25,0.375,0.0,0.0,0.75,"8a755824271ffff,8a7558242707fff,8a755824208ffff,8a75582420dffff,8a75582420c7fff,8a75582420e7fff,8a755824200ffff,8a7558242007fff,8a7558242037fff,8a75582421affff,8a755824211ffff,8a755824210ffff",3
135,101606547#1,-101604518,0.75,0.75,0.25,0.5,0.625,0.25,0.625,0.625,0.625,0.625,0.625,0.625,0.875,0.375,0.625,0.625,0.375,0.625,0.625,0.375,0.75,0.75,0.0,"8a755824271ffff,8a7558242707fff,8a755824270ffff,8a75582420dffff,8a75582420c7fff,8a75582420e7fff,8a755824200ffff,8a7558242007fff,8a7558242037fff,8a75582421affff,8a755824211ffff,8a755824210ffff",0
135,101606547#1,-101604518,0.5,0.25,0.75,0.75,0.625,0.75,0.625,0.625,0.625,0.625,0.625,0.625,0.875,0.375,0.625,0.625,0.375,0.625,0.625,0.375,0.25,0.25,0.5,"8a755824271ffff,8a7558242707fff,8a755824270ffff,8a75582420dffff,8a75582420c7fff,8a75582420e7fff,8a755824200ffff,8a7558242007fff,8a7558242037fff,8a75582421affff,8a755824211ffff,8a755824210ffff",1
136,-1323419243,-1323419242#1,0.0,0.0,1.0,0.0,0.0,1.0,1.0,1.0,1.0,1.0,1.0,1.0,1.0,0.0,0.0,0.0,0.0,0.0,0.0,0.0,0.0,0.0,0.0,"8a755824274ffff,8a755824260ffff,8a755824261ffff,8a75582426f7fff",3
137,-336860316#0,101608824,0.5,0.5,0.5,0.5,0.25,0.5,0.75,0.75,0.5,1.0,0.75,0.75,1.0,0.0,0.0,0.0,0.25,0.5,0.0,0.0,0.5,0.5,0.0,"8a755825c9b7fff,8a755825c98ffff,8a755825c9affff,8a755825c937fff,8a755824266ffff,8a7558242297fff,8a755824274ffff,8a755824239ffff,8a7558242397fff,8a75582423a7fff,8a75582423b7fff,8a75582420effff,8a7558242047fff,8a7558242067fff,8a7558242a97fff,8a7558242ab7fff,8a7558242b9ffff,8a7558242b87fff,8a7558242bb7fff,8a755824285ffff,8a7558242847fff,8a755824295ffff,8a755824282ffff,8a755824280ffff",2
137,-336860316#0,101608824,0.0,0.0,1.0,0.0,0.25,1.0,0.75,0.75,1.0,0.5,0.75,0.75,0.5,0.5,0.5,0.5,0.25,0.0,0.5,0.5,0.0,0.0,0.5,"8a755825c9b7fff,8a755825c98ffff,8a755824266ffff,8a7558242297fff,8a755824274ffff,8a755824239ffff,8a7558242397fff,8a75582423a7fff,8a75582423b7fff,8a75582420effff,8a7558242047fff,8a7558242067fff,8a7558242a97fff,8a7558242ab7fff,8a7558242b9ffff,8a7558242b87fff,8a7558242bb7fff,8a755824285ffff,8a7558242847fff,8a755824295ffff,8a755824282ffff,8a755824280ffff",3
138,526439431#0,101754278#1,0.75,0.75,0.25,0.0,0.375,0.5,0.625,0.625,1.0,0.5,0.625,1.0,0.375,0.5,0.5,0.5,0.0,0.75,0.5,0.0,0.75,0.75,0.25,"8a755824204ffff,8a755824206ffff,8a7558242047fff,8a75582423b7fff,8a7558242397fff,8a755824239ffff,8a755824274ffff,8a7558242297fff,8a755824266ffff,8a755825c937fff,8a755825c90ffff,8a755825c977fff,8a755825c947fff,8a755825c96ffff",0
138,526439431#0,101754278#1,0.0,0.0,1.0,0.75,0.375,0.75,0.625,0.625,0.25,0.75,0.625,0.25,0.75,0.25,0.25,0.25,0.75,0.0,0.25,0.75,0.0,0.0,0.5,"8a755824204ffff,8a755824206ffff,8a7558242047fff,8a75582423b7fff,8a7558242397fff,8a755824274ffff,8a7558242297fff,8a755824266ffff,8a755825c937fff,8a755825c90ffff,8a755825c977fff,8a755825c947fff,8a755825c96ffff",3
138,526439431#0,101754278#1,0.5,0.25,0.5,0.5,0.375,1.0,0.625,0.625,0.75,1.0,0.625,0.5,0.375,0.75,0.75,0.75,0.5,0.5,0.0,0.5,0.25,0.5,0.0,"8a755824204ffff,8a755824206ffff,8a7558242047fff,8a75582423b7fff,8a7558242397fff,8a755824239ffff,8a755824274ffff,8a7558242297fff,8a755824266ffff,8a755825c937fff,8a755825c90ffff,8a755825c977fff,8a755825c947fff,8a755825c96ffff",2
138,526439431#0,101754278#1,0.25,0.5,0.75,0.25,0.375,0.25,0.625,0.625,0.5,0.25,0.625,0.75,1.0,0.0,0.0,0.0,0.25,0.25,0.75,0.25,0.5,0.25,0.75,"8a755824204ffff,8a755824206ffff,8a7558242047fff,8a75582423b7fff,8a7558242397fff,8a755824274ffff,8a7558242297fff,8a755824266ffff,8a755825c937fff,8a755825c90ffff,8a755825c977fff,8a755825c947fff,8a755825c96ffff",2
139,-100468681#0,-23887076#2,0.0,0.0,1.0,0.0,0.0,1.0,1.0,1.0,1.0,1.0,1.0,1.0,1.0,0.0,0.0,0.0,0.0,0.0,0.0,0.0,0.0,0.0,0.0,"8a7558242c0ffff,8a7558242c1ffff,8a7558242caffff,8a7558255acffff,8a7558255adffff",3
140,120829754,526438862#0,0.0,0.0,1.0,0.0,0.0,1.0,1.0,1.0,1.0,1.0,1.0,1.0,1.0,0.0,0.0,0.0,0.0,0.0,0.0,0.0,0.0,0.0,0.0,"8a75582420dffff,8a755824208ffff,8a75582420cffff,8a75582420effff,8a75582423b7fff,8a75582423a7fff",3
141,526438862#0,120829754,0.0,0.0,1.0,0.0,0.0,1.0,1.0,1.0,1.0,1.0,1.0,1.0,1.0,0.0,0.0,0.0,0.0,0.0,0.0,0.0,0.0,0.0,0.0,"8a75582423a7fff,8a755824204ffff,8a755824206ffff,8a7558242047fff,8a75582423b7fff,8a75582420effff,8a75582420cffff,8a75582420dffff,8a755824208ffff",3
142,-1323419243,-101746498#2,0.5,0.5,1.0,0.0,0.25,1.0,0.75,0.75,1.0,0.75,0.75,0.75,0.5,0.0,0.0,0.0,0.25,0.5,0.0,0.0,0.5,0.5,0.0,"8a755824274ffff,8a7558242297fff,8a755824229ffff,8a755825c927fff,8a755824225ffff,8a755824220ffff",2
142,-1323419243,-101746498#2,0.0,0.0,0.5,0.5,0.25,0.5,0.75,0.75,0.5,0.75,0.75,0.75,1.0,0.5,0.5,0.5,0.25,0.0,0.5,0.5,0.0,0.0,0.5,"8a755824274ffff,8a7558242297fff,8a75582422a7fff,8a755825c927fff,8a755824225ffff,8a755824220ffff",3
143,1200809292,101606547#1,0.5,0.5,1.0,0.0,0.25,1.0,0.75,0.75,1.0,0.5,0.75,0.75,1.0,0.5,0.5,0.5,0.0,0.5,0.5,0.25,0.5,0.5,0.0,"8a755824204ffff,8a755824206ffff,8a7558242047fff,8a75582423b7fff,8a75582420effff,8a75582420cffff,8a75582420dffff,8a755824270ffff,8a7558242707fff,8a755824271ffff",2
143,1200809292,101606547#1,0.0,0.0,0.5,0.5,0.25,0.5,0.75,0.75,0.5,1.0,0.75,0.75,0.5,0.0,0.0,0.0,0.5,0.0,0.0,0.25,0.0,0.0,0.5,"8a755824204ffff,8a755824206ffff,8a7558242047fff,8a75582423b7fff,8a7558242397fff,8a755824274ffff,8a755824260ffff,8a755824262ffff,8a755824270ffff,8a7558242707fff,8a755824271ffff",3
144,659278036#2,-100468681#0,0.0,0.0,1.0,0.0,0.0,1.0,1.0,1.0,1.0,1.0,1.0,1.0,1.0,0.0,0.0,0.0,0.0,0.0,0.0,0.0,0.0,0.0,0.0,"8a75582421affff,8a75582421b7fff,8a75582421a7fff,8a7558242137fff,8a7558242127fff,8a755824288ffff,8a7558242c0ffff,8a7558242c1ffff",3
145,-100488715#4,-101605951#5,0.0,0.0,1.0,0.0,0.0,1.0,1.0,1.0,1.0,1.0,1.0,1.0,1.0,0.0,0.0,0.0,0.0,0.0,0.0,0.0,0.0,0.0,0.0,"8a75582420dffff,8a755824208ffff",3
146,71223800#6,-416409192#7,0.2352941176470588,0.2941176470588235,0.1176470588235294,0.1764705882352941,0.6176470588235294,0.2941176470588235,0.5294117647058824,0.5294117647058824,0.1176470588235294,0.3529411764705882,0.5294117647058824,0.5294117647058824,0.7647058823529411,0.2941176470588235,0.2941176470588235,0.2941176470588235,0.5882352941176471,0.4117647058823529,0.2941176470588235,0.1764705882352941,0.2941176470588235,0.2941176470588235,0.5294117647058824,"8a7558242b47fff,8a7558242b57fff,8a7558242b5ffff,8a7558242a77fff,8a7558242a67fff,8a7558242a6ffff,8a7558240697fff,8a7558242acffff,8a755824230ffff,8a7558242307fff,8a7558242317fff,8a75582423affff,8a7558242387fff,8a7558242397fff,8a755824274ffff,8a755824260ffff,8a755824261ffff,8a75582426f7fff,8a755824268ffff,8a7558251a47fff,8a755825132ffff",1
146,71223800#6,-416409192#7,0.5294117647058824,0.1764705882352941,1.0,0.7058823529411764,0.6176470588235294,0.6470588235294118,0.5294117647058824,0.5294117647058824,0.8823529411764706,0.2352941176470588,0.5294117647058824,0.5294117647058824,0.4705882352941176,0.3529411764705882,0.4117647058823529,0.6470588235294117,0.0588235294117647,0.1176470588235294,0.8235294117647058,0.7941176470588236,0.1764705882352941,0.4705882352941176,0.8235294117647058,"8a7558242b47fff,8a7558242b57fff,8a7558242b5ffff,8a7558242a2ffff,8a7558242a0ffff,8a7558242af7fff,8a7558242ac7fff,8a7558242acffff,8a755824230ffff,8a7558242307fff,8a7558242337fff,8a755824206ffff,8a7558242047fff,8a75582423b7fff,8a7558242397fff,8a755824274ffff,8a755824260ffff,8a755824261ffff,8a75582426f7fff,8a755824268ffff,8a7558251a47fff,8a755825132ffff",1
146,71223800#6,-416409192#7,0.1176470588235294,0.4117647058823529,0.4705882352941176,0.3529411764705882,0.1176470588235294,0.1176470588235294,0.5294117647058824,0.5294117647058824,0.4117647058823529,0.4705882352941176,0.5294117647058824,0.5294117647058824,0.7058823529411765,0.7058823529411764,0.7058823529411764,0.5882352941176471,0.5882352941176471,0.7647058823529411,0.5882352941176471,0.7941176470588236,0.4117647058823529,0.1176470588235294,0.7058823529411764,"8a7558242b47fff,8a7558242b57fff,8a7558242b5ffff,8a7558242a77fff,8a7558242a67fff,8a7558242a6ffff,8a7558240697fff,8a7558242acffff,8a755824230ffff,8a7558242227fff,8a7558242237fff,8a7558242217fff,8a7558242387fff,8a7558242397fff,8a755824239ffff,8a755824274ffff,8a755824260ffff,8a755824261ffff,8a75582426f7fff,8a755824268ffff,8a7558251a47fff,8a755825132ffff",1
146,71223800#6,-416409192#7,0.8823529411764706,0.9411764705882352,0.3529411764705882,0.0,0.6176470588235294,1.0,0.5294117647058824,0.5294117647058824,0.5882352941176471,1.0,0.5294117647058824,0.5294117647058824,0.1764705882352941,0.5294117647058824,0.5294117647058824,0.4117647058823529,0.5882352941176471,0.9411764705882352,0.4117647058823529,0.2352941176470588,0.9411764705882352,0.8235294117647058,0.1176470588235294,"8a7558242b47fff,8a7558242b57fff,8a7558242b5ffff,8a7558242a2ffff,8a7558242a0ffff,8a7558242af7fff,8a7558242ac7fff,8a7558242acffff,8a755824230ffff,8a7558242307fff,8a7558242317fff,8a75582423affff,8a7558242387fff,8a7558242397fff,8a755824239ffff,8a755824274ffff,8a755824260ffff,8a755824261ffff,8a75582426f7fff,8a755824268ffff,8a7558251a47fff,8a755825132ffff",0
146,71223800#6,-416409192#7,0.9411764705882352,0.8823529411764706,0.7647058823529411,0.9411764705882352,0.6176470588235294,0.9411764705882352,0.5294117647058824,0.5294117647058824,0.3529411764705882,0.9411764705882352,0.5294117647058824,0.5294117647058824,0.9411764705882352,0.9117647058823528,0.7647058823529411,0.7647058823529411,0.5882352941176471,0.5882352941176471,0.6470588235294117,0.2941176470588235,0.8823529411764706,0.5294117647058824,0.1764705882352941,"8a7558242b47fff,8a7558242b57fff,8a7558242b5ffff,8a7558242a2ffff,8a7558242a0ffff,8a7558242af7fff,8a7558242ac7fff,8a7558242acffff,8a755824230ffff,8a7558242227fff,8a7558242237fff,8a7558242217fff,8a75582422a7fff,8a7558242297fff,8a755824274ffff,8a755824260ffff,8a755824261ffff,8a75582426f7fff,8a755824268ffff,8a7558251a47fff,8a755825132ffff",2
146,71223800#6,-416409192#7,0.7058823529411764,0.4705882352941176,0.7058823529411765,0.8823529411764706,0.6176470588235294,0.4117647058823529,0.5294117647058824,0.5294117647058824,0.2941176470588235,0.5294117647058824,0.5294117647058824,0.5294117647058824,1.0,0.9117647058823528,0.8235294117647058,0.8235294117647058,0.5882352941176471,0.2352941176470588,0.7058823529411764,0.5294117647058824,0.4705882352941176,0.0588235294117647,0.5882352941176471,"8a7558242b47fff,8a7558242b57fff,8a7558242b5ffff,8a7558242a77fff,8a7558242a67fff,8a7558242a6ffff,8a7558240697fff,8a7558242acffff,8a755824230ffff,8a7558242227fff,8a7558242237fff,8a7558242217fff,8a75582422a7fff,8a7558242297fff,8a755824274ffff,8a755824260ffff,8a755824261ffff,8a75582426f7fff,8a755824268ffff,8a7558251a47fff,8a755825132ffff",2
146,71223800#6,-416409192#7,0.2941176470588235,0.3529411764705882,0.0588235294117647,0.2941176470588235,0.6176470588235294,0.3529411764705882,0.5294117647058824,0.5294117647058824,0.6470588235294118,0.4117647058823529,0.5294117647058824,0.5294117647058824,0.2941176470588235,0.2352941176470588,0.2352941176470588,0.2352941176470588,0.5882352941176471,0.3529411764705882,0.1176470588235294,0.1176470588235294,0.3529411764705882,0.4117647058823529,0.4117647058823529,"8a7558242b47fff,8a7558242b57fff,8a7558242b5ffff,8a7558242a77fff,8a7558242a67fff,8a7558242a6ffff,8a7558240697fff,8a7558242acffff,8a755824230ffff,8a7558242307fff,8a7558242317fff,8a75582423affff,8a7558242387fff,8a7558242397fff,8a755824239ffff,8a755824274ffff,8a755824260ffff,8a755824261ffff,8a75582426f7fff,8a755824268ffff,8a7558251a47fff,8a755825132ffff",4
146,71223800#6,-416409192#7,0.1764705882352941,0.0588235294117647,0.8235294117647058,0.7647058823529411,0.6176470588235294,0.2352941176470588,0.5294117647058824,0.5294117647058824,0.9411764705882352,0.1176470588235294,0.5294117647058824,0.5294117647058824,0.2352941176470588,0.8235294117647058,0.9411764705882352,0.9411764705882352,0.1176470588235294,0.0588235294117647,0.8823529411764706,0.7941176470588236,0.0588235294117647,0.3529411764705882,0.8823529411764706,"8a7558242b47fff,8a7558242b57fff,8a7558242b5ffff,8a7558242a77fff,8a7558242a67fff,8a7558242a6ffff,8a7558240697fff,8a7558242acffff,8a755824230ffff,8a7558242307fff,8a7558242337fff,8a755824206ffff,8a7558242047fff,8a75582423b7fff,8a7558242397fff,8a755824239ffff,8a755824274ffff,8a755824260ffff,8a755824261ffff,8a75582426f7fff,8a755824268ffff,8a7558251a47fff,8a755825132ffff",1
146,71223800#6,-416409192#7,0.0588235294117647,0.0,0.8823529411764706,0.6470588235294117,0.6176470588235294,0.1764705882352941,0.5294117647058824,0.5294117647058824,0.8235294117647058,0.0588235294117647,0.5294117647058824,0.5294117647058824,0.6470588235294118,0.4705882352941176,0.4705882352941176,0.7058823529411764,0.1764705882352941,0.0,0.9411764705882352,0.7941176470588236,0.0,0.0,0.9411764705882352,"8a7558242b47fff,8a7558242b57fff,8a7558242b5ffff,8a7558242a77fff,8a7558242a67fff,8a7558242a6ffff,8a7558240697fff,8a7558242acffff,8a755824230ffff,8a7558242307fff,8a7558242337fff,8a755824206ffff,8a7558242047fff,8a75582423b7fff,8a7558242397fff,8a755824274ffff,8a755824260ffff,8a755824261ffff,8a75582426f7fff,8a755824268ffff,8a7558251a47fff,8a755825132ffff",1
146,71223800#6,-416409192#7,0.5882352941176471,0.8235294117647058,0.6470588235294118,0.4117647058823529,0.1176470588235294,0.7647058823529411,0.5294117647058824,0.5294117647058824,0.5294117647058824,0.8823529411764706,0.5294117647058824,0.5294117647058824,0.5294117647058824,0.5882352941176471,0.5882352941176471,0.4705882352941176,0.5882352941176471,0.8823529411764706,0.4705882352941176,0.7941176470588236,0.8235294117647058,0.7058823529411764,0.2941176470588235,"8a7558242b47fff,8a7558242b57fff,8a7558242b5ffff,8a7558242a2ffff,8a7558242a0ffff,8a7558242af7fff,8a7558242ac7fff,8a7558242acffff,8a755824230ffff,8a7558242227fff,8a7558242237fff,8a7558242217fff,8a7558242387fff,8a7558242397fff,8a755824239ffff,8a755824274ffff,8a755824260ffff,8a755824261ffff,8a75582426f7fff,8a755824268ffff,8a7558251a47fff,8a755825132ffff",0
146,71223800#6,-416409192#7,0.0,0.1176470588235294,0.4117647058823529,0.5294117647058824,0.1176470588235294,0.0588235294117647,0.5294117647058824,0.5294117647058824,0.0588235294117647,0.1764705882352941,0.5294117647058824,0.5294117647058824,0.8823529411764706,0.4117647058823529,0.3529411764705882,0.3529411764705882,0.5882352941176471,0.2941176470588235,0.3529411764705882,0.5882352941176471,0.1176470588235294,0.1764705882352941,0.7647058823529411,"8a7558242b47fff,8a7558242b57fff,8a7558242b5ffff,8a7558242a77fff,8a7558242a67fff,8a7558242a6ffff,8a7558240697fff,8a7558242acffff,8a755824230ffff,8a7558242227fff,8a7558242237fff,8a7558242217fff,8a7558242387fff,8a7558242397fff,8a755824274ffff,8a755824260ffff,8a755824261ffff,8a75582426f7fff,8a755824268ffff,8a7558251a47fff,8a755825132ffff",1
146,71223800#6,-416409192#7,0.6470588235294117,0.2352941176470588,0.9411764705882352,0.8235294117647058,0.6176470588235294,0.7058823529411765,0.5294117647058824,0.5294117647058824,1.0,0.2941176470588235,0.5294117647058824,0.5294117647058824,0.0588235294117647,0.7647058823529411,0.8823529411764706,0.8823529411764706,0.0,0.1764705882352941,0.7647058823529411,0.7941176470588236,0.2352941176470588,0.6470588235294117,0.6470588235294117,"8a7558242b47fff,8a7558242b57fff,8a7558242b5ffff,8a7558242a2ffff,8a7558242a0ffff,8a7558242af7fff,8a7558242ac7fff,8a7558242acffff,8a755824230ffff,8a7558242307fff,8a7558242337fff,8a755824206ffff,8a7558242047fff,8a75582423b7fff,8a7558242397fff,8a755824239ffff,8a755824274ffff,8a755824260ffff,8a755824261ffff,8a75582426f7fff,8a755824268ffff,8a7558251a47fff,8a755825132ffff",1
146,71223800#6,-416409192#7,0.3529411764705882,0.5294117647058824,0.1764705882352941,0.0588235294117647,0.6176470588235294,0.4705882352941176,0.5294117647058824,0.5294117647058824,0.4705882352941176,0.5882352941176471,0.5294117647058824,0.5294117647058824,0.3529411764705882,0.6470588235294117,0.6470588235294117,0.5294117647058824,0.5882352941176471,0.8235294117647058,0.5294117647058824,0.4705882352941176,0.5294117647058824,0.2352941176470588,0.4705882352941176,"8a7558242b47fff,8a7558242b57fff,8a7558242b5ffff,8a7558242a77fff,8a7558242a67fff,8a7558242a6ffff,8a7558240697fff,8a7558242acffff,8a755824230ffff,8a7558242307fff,8a7558242317fff,8a75582423affff,8a7558242387fff,8a7558242397fff,8a755824239ffff,8a755824274ffff,8a755824260ffff,8a755824261ffff,8a75582426f7fff,8a755824268ffff,8a7558251a47fff,8a755825132ffff",2
146,71223800#6,-416409192#7,0.8235294117647058,0.7647058823529411,0.2352941176470588,0.2352941176470588,0.6176470588235294,0.8823529411764706,0.5294117647058824,0.5294117647058824,0.7647058823529411,0.8235294117647058,0.5294117647058824,0.5294117647058824,0.1176470588235294,0.0,0.0,0.0,0.5882352941176471,0.6470588235294117,0.0,0.0,0.7647058823529411,0.9411764705882352,0.0,"8a7558242b47fff,8a7558242b57fff,8a7558242b5ffff,8a7558242a2ffff,8a7558242a0ffff,8a7558242af7fff,8a7558242ac7fff,8a7558242acffff,8a755824230ffff,8a7558242307fff,8a7558242317fff,8a75582423affff,8a7558242387fff,8a7558242397fff,8a755824239ffff,8a755824274ffff,8a755824260ffff,8a755824261ffff,8a75582426f7fff,8a755824268ffff,8a7558251a47fff,8a755825132ffff",4
146,71223800#6,-416409192#7,0.4117647058823529,0.5882352941176471,0.5882352941176471,0.4705882352941176,0.1176470588235294,0.5294117647058824,0.5294117647058824,0.5294117647058824,0.1764705882352941,0.6470588235294118,0.5294117647058824,0.5294117647058824,0.8235294117647058,0.1764705882352941,0.1764705882352941,0.1764705882352941,0.5882352941176471,0.5294117647058824,0.2352941176470588,0.4117647058823529,0.5882352941176471,0.5882352941176471,0.3529411764705882,"8a7558242b47fff,8a7558242b57fff,8a7558242b5ffff,8a7558242a2ffff,8a7558242a0ffff,8a7558242af7fff,8a7558242ac7fff,8a7558242acffff,8a755824230ffff,8a7558242227fff,8a7558242237fff,8a7558242217fff,8a7558242387fff,8a7558242397fff,8a755824274ffff,8a755824260ffff,8a755824261ffff,8a75582426f7fff,8a755824268ffff,8a7558251a47fff,8a755825132ffff",4
146,71223800#6,-416409192#7,0.7647058823529411,0.7058823529411764,0.2941176470588235,0.1176470588235294,0.6176470588235294,0.8235294117647058,0.5294117647058824,0.5294117647058824,0.2352941176470588,0.7647058823529411,0.5294117647058824,0.5294117647058824,0.5882352941176471,0.0588235294117647,0.0588235294117647,0.0588235294117647,0.5882352941176471,0.7058823529411764,0.1764705882352941,0.0588235294117647,0.7058823529411764,0.7647058823529411,0.2352941176470588,"8a7558242b47fff,8a7558242b57fff,8a7558242b5ffff,8a7558242a2ffff,8a7558242a0ffff,8a7558242af7fff,8a7558242ac7fff,8a7558242acffff,8a755824230ffff,8a7558242307fff,8a7558242317fff,8a75582423affff,8a7558242387fff,8a7558242397fff,8a755824274ffff,8a755824260ffff,8a755824261ffff,8a75582426f7fff,8a755824268ffff,8a7558251a47fff,8a755825132ffff",4
146,71223800#6,-416409192#7,0.4705882352941176,0.6470588235294117,0.5294117647058824,0.5882352941176471,0.1176470588235294,0.5882352941176471,0.5294117647058824,0.5294117647058824,0.7058823529411765,0.7058823529411765,0.5294117647058824,0.5294117647058824,0.4117647058823529,0.1176470588235294,0.1176470588235294,0.1176470588235294,0.5882352941176471,0.4705882352941176,0.0588235294117647,0.3529411764705882,0.6470588235294117,0.8823529411764706,0.0588235294117647,"8a7558242b47fff,8a7558242b57fff,8a7558242b5ffff,8a7558242a2ffff,8a7558242a0ffff,8a7558242af7fff,8a7558242ac7fff,8a7558242acffff,8a755824230ffff,8a7558242227fff,8a7558242237fff,8a7558242217fff,8a7558242387fff,8a7558242397fff,8a755824239ffff,8a755824274ffff,8a755824260ffff,8a755824261ffff,8a75582426f7fff,8a755824268ffff,8a7558251a47fff,8a755825132ffff",4
147,526438862#1,-101752975#1,0.0,0.6666666666666667,0.1111111111111111,0.2222222222222222,0.1111111111111111,0.3333333333333333,0.5555555555555556,0.5555555555555556,0.1111111111111111,0.1111111111111111,0.5555555555555556,1.0,1.0,0.5555555555555556,0.2222222222222222,0.5555555555555556,0.7777777777777778,0.6666666666666667,0.1111111111111111,0.7777777777777778,0.6666666666666667,0.0,0.5555555555555556,"8a75582423a7fff,8a755824204ffff,8a7558242317fff,8a75582423affff,8a7558242387fff,8a7558242217fff,8a75582422a7fff,8a755825c927fff,8a755825c90ffff,8a755825c977fff,8a755825c957fff,8a755825c877fff,8a755825c95ffff,8a755825c96ffff",1
147,526438862#1,-101752975#1,0.4444444444444444,0.1111111111111111,0.4444444444444444,0.8888888888888888,0.6111111111111112,1.0,0.5555555555555556,0.5555555555555556,0.7777777777777778,0.5555555555555556,0.5555555555555556,0.8888888888888888,0.5555555555555556,0.8888888888888888,0.6666666666666667,0.8888888888888888,0.4444444444444444,0.1111111111111111,0.3333333333333333,0.4444444444444444,0.1111111111111111,0.2222222222222222,0.7777777777777778,"8a75582423a7fff,8a755824204ffff,8a755824206ffff,8a7558242047fff,8a75582423b7fff,8a7558242397fff,8a755824239ffff,8a755824274ffff,8a7558242297fff,8a755824266ffff,8a755825c937fff,8a755825c90ffff,8a755825c977fff,8a755825c957fff,8a755825c877fff,8a755825c95ffff,8a755825c96ffff",1
147,526438862#1,-101752975#1,0.2222222222222222,0.8888888888888888,0.2222222222222222,0.1111111111111111,0.1111111111111111,0.1111111111111111,0.5555555555555556,0.5555555555555556,0.3333333333333333,0.2222222222222222,0.5555555555555556,0.6666666666666666,0.8888888888888888,0.3333333333333333,0.0,0.2222222222222222,0.7777777777777778,0.8888888888888888,0.2222222222222222,0.7777777777777778,0.8888888888888888,0.5555555555555556,0.1111111111111111,"8a75582423a7fff,8a755824204ffff,8a7558242317fff,8a75582423affff,8a7558242387fff,8a7558242217fff,8a75582422a7fff,8a755825c927fff,8a755825c90ffff,8a755825c977fff,8a755825c947fff,8a755825c96ffff,8a755825c95ffff,8a755825c877fff",4
147,526438862#1,-101752975#1,0.3333333333333333,0.0,0.5555555555555556,0.7222222222222222,0.6111111111111112,0.8888888888888888,0.5555555555555556,0.5555555555555556,0.4444444444444444,0.4444444444444444,0.5555555555555556,0.7777777777777778,0.6666666666666666,0.2222222222222222,0.5555555555555556,0.4444444444444444,0.5555555555555556,0.0,0.4444444444444444,0.5555555555555556,0.0,0.1111111111111111,0.8888888888888888,"8a75582423a7fff,8a755824204ffff,8a755824206ffff,8a7558242047fff,8a75582423b7fff,8a7558242397fff,8a755824274ffff,8a7558242297fff,8a755824266ffff,8a755825c937fff,8a755825c90ffff,8a755825c977fff,8a755825c957fff,8a755825c877fff,8a755825c95ffff,8a755825c96ffff",1
147,526438862#1,-101752975#1,0.1111111111111111,0.7777777777777778,0.3333333333333333,0.0,0.1111111111111111,0.2222222222222222,0.5555555555555556,0.5555555555555556,0.2222222222222222,0.3333333333333333,0.5555555555555556,0.5555555555555556,0.7777777777777778,0.4444444444444444,0.1111111111111111,0.3333333333333333,0.7777777777777778,0.7777777777777778,0.0,0.7777777777777778,0.7777777777777778,0.6666666666666667,0.0,"8a75582423a7fff,8a755824204ffff,8a7558242317fff,8a75582423affff,8a7558242387fff,8a7558242217fff,8a75582422a7fff,8a755825c927fff,8a755825c90ffff,8a755825c977fff,8a755825c947fff,8a755825c96ffff,8a755825c95ffff,8a755825c877fff",4
147,526438862#1,-101752975#1,0.7777777777777778,0.3333333333333333,0.7777777777777778,0.5,0.6111111111111112,0.7777777777777778,0.5555555555555556,0.5555555555555556,0.8888888888888888,1.0,0.5555555555555556,0.2222222222222222,0.1666666666666666,0.7777777777777778,0.8888888888888888,0.7777777777777778,0.2222222222222222,0.4444444444444444,0.5555555555555556,0.2222222222222222,0.3333333333333333,0.7777777777777778,0.2222222222222222,"8a75582423a7fff,8a755824204ffff,8a755824206ffff,8a7558242047fff,8a75582423b7fff,8a7558242397fff,8a755824239ffff,8a755824274ffff,8a7558242297fff,8a755824266ffff,8a755825c937fff,8a755825c90ffff,8a755825c977fff,8a755825c947fff,8a755825c96ffff,8a755825c95ffff,8a755825c877fff",0
147,526438862#1,-101752975#1,0.6666666666666667,0.4444444444444444,0.8888888888888888,0.3333333333333333,0.6111111111111112,0.4444444444444444,0.5555555555555556,0.5555555555555556,0.6666666666666666,0.6666666666666666,0.5555555555555556,0.3333333333333333,0.4444444444444444,0.0,0.3333333333333333,0.0,0.1111111111111111,0.2222222222222222,0.8888888888888888,0.1111111111111111,0.4444444444444444,0.4444444444444444,0.6666666666666667,"8a75582423a7fff,8a755824204ffff,8a755824206ffff,8a7558242047fff,8a75582423b7fff,8a7558242397fff,8a755824274ffff,8a7558242297fff,8a755824266ffff,8a755825c937fff,8a755825c90ffff,8a755825c977fff,8a755825c947fff,8a755825c96ffff,8a755825c95ffff,8a755825c877fff",2
147,526438862#1,-101752975#1,0.8888888888888888,0.5555555555555556,0.6666666666666666,0.7222222222222222,0.6111111111111112,0.5555555555555556,0.5555555555555556,0.5555555555555556,1.0,0.7777777777777778,0.5555555555555556,0.4444444444444444,0.1666666666666666,0.6666666666666667,0.7777777777777778,0.6666666666666667,0.0,0.5555555555555556,0.7777777777777778,0.0,0.5555555555555556,0.8888888888888888,0.3333333333333333,"8a75582423a7fff,8a755824204ffff,8a755824206ffff,8a7558242047fff,8a75582423b7fff,8a7558242397fff,8a755824239ffff,8a755824274ffff,8a7558242297fff,8a755824266ffff,8a755825c937fff,8a755825c90ffff,8a755825c977fff,8a755825c947fff,8a755825c96ffff,8a755825c95ffff,8a755825c877fff",0
147,526438862#1,-101752975#1,0.5555555555555556,0.2222222222222222,1.0,0.5,0.6111111111111112,0.6666666666666666,0.5555555555555556,0.5555555555555556,0.5555555555555556,0.8888888888888888,0.5555555555555556,0.1111111111111111,0.3333333333333333,0.1111111111111111,0.4444444444444444,0.1111111111111111,0.3333333333333333,0.3333333333333333,0.6666666666666667,0.3333333333333333,0.2222222222222222,0.3333333333333333,0.4444444444444444,"8a75582423a7fff,8a755824204ffff,8a755824206ffff,8a7558242047fff,8a75582423b7fff,8a7558242397fff,8a755824274ffff,8a7558242297fff,8a755824266ffff,8a755825c937fff,8a755825c90ffff,8a755825c977fff,8a755825c947fff,8a755825c96ffff,8a755825c95ffff,8a755825c877fff",2
148,-101752975#1,101606547#1,0.0,0.0,1.0,0.0,0.0,1.0,1.0,1.0,1.0,1.0,1.0,1.0,1.0,0.0,0.0,0.0,0.0,0.0,0.0,0.0,0.0,0.0,0.0,"8a755825c95ffff,8a755825c877fff,8a755825c957fff,8a755825c977fff,8a755825c90ffff,8a755825c937fff,8a755824266ffff,8a7558242297fff,8a755824274ffff,8a755824260ffff,8a755824262ffff,8a755824270ffff,8a7558242707fff,8a755824271ffff",3
149,-100468681#0,101417074,0.736842105263158,0.6842105263157895,0.8947368421052632,0.4736842105263158,0.4736842105263158,0.8421052631578947,0.5263157894736842,0.5263157894736842,0.3684210526315789,0.7368421052631579,0.5263157894736842,0.5263157894736842,0.4210526315789473,0.4736842105263158,0.736842105263158,0.736842105263158,0.4736842105263158,0.5789473684210527,0.736842105263158,0.4736842105263158,0.6842105263157895,0.2631578947368421,0.4210526315789473,"8a7558242c0ffff,8a7558242c1ffff,8a755824288ffff,8a75582428d7fff,8a75582428dffff,8a7558242177fff,8a7558242167fff,8a7558242147fff,8a755824214ffff,8a7558242a97fff,8a7558242a87fff,8a7558242aa7fff,8a7558242aaffff,8a7558242a1ffff,8a7558242a0ffff,8a7558242a2ffff,8a7558242b5ffff,8a7558242b0ffff",2
149,-100468681#0,101417074,0.631578947368421,0.8947368421052632,0.7368421052631579,0.2105263157894736,0.4736842105263158,0.5789473684210527,0.5263157894736842,0.5263157894736842,0.4736842105263157,0.9473684210526316,0.5263157894736842,0.5263157894736842,0.2631578947368421,0.4736842105263158,0.5263157894736843,0.5263157894736843,0.4736842105263158,0.6842105263157895,0.5263157894736843,0.4736842105263158,0.8947368421052632,0.4210526315789473,0.3157894736842105,"8a7558242c0ffff,8a7558242c1ffff,8a755824288ffff,8a75582428d7fff,8a75582428dffff,8a7558242177fff,8a7558242167fff,8a7558242147fff,8a755824214ffff,8a7558242a97fff,8a7558242a87fff,8a7558242aa7fff,8a7558242aaffff,8a7558242af7fff,8a7558242a0ffff,8a7558242a2ffff,8a7558242b5ffff,8a7558242b0ffff",0
149,-100468681#0,101417074,0.5789473684210527,0.7894736842105263,0.5,0.0789473684210526,0.4736842105263158,0.5263157894736842,0.5263157894736842,0.5263157894736842,0.9473684210526316,0.8421052631578947,0.5263157894736842,0.5263157894736842,0.1052631578947368,0.4736842105263158,0.631578947368421,0.631578947368421,0.4736842105263158,0.736842105263158,0.631578947368421,0.4736842105263158,0.7894736842105263,0.5789473684210527,0.1578947368421053,"8a7558242c0ffff,8a7558242c1ffff,8a755824288ffff,8a75582428d7fff,8a75582428dffff,8a7558242177fff,8a7558242167fff,8a7558242147fff,8a755824214ffff,8a7558242a97fff,8a7558242a87fff,8a7558242aa7fff,8a7558242aaffff,8a7558242af7fff,8a7558242a0ffff,8a7558242a2ffff,8a7558242b5ffff,8a7558242b0ffff",0
149,-100468681#0,101417074,0.1578947368421053,0.4736842105263158,0.2105263157894736,0.736842105263158,0.4736842105263158,0.1052631578947368,0.5263157894736842,0.5263157894736842,0.2105263157894736,0.4210526315789473,0.5263157894736842,0.5263157894736842,0.8421052631578947,0.4736842105263158,0.0526315789473684,0.0526315789473684,0.4736842105263158,0.2105263157894736,0.0526315789473684,0.4736842105263158,0.4736842105263158,0.3157894736842105,0.736842105263158,"8a7558242c0ffff,8a7558242c1ffff,8a755824288ffff,8a7558242127fff,8a755824212ffff,8a75582428dffff,8a7558242177fff,8a7558242167fff,8a7558242147fff,8a755824214ffff,8a7558242a97fff,8a7558242a87fff,8a7558242aa7fff,8a7558242aaffff,8a7558242af7fff,8a7558242a0ffff,8a7558242a2ffff,8a7558242b5ffff,8a7558242b0ffff",1
149,-100468681#0,101417074,0.6842105263157895,0.5789473684210527,0.631578947368421,0.0789473684210526,0.4736842105263158,0.7368421052631579,0.5263157894736842,0.5263157894736842,0.8421052631578947,0.631578947368421,0.5263157894736842,0.5263157894736842,0.3157894736842105,0.4736842105263158,0.8421052631578947,0.8421052631578947,0.4736842105263158,0.631578947368421,0.8421052631578947,0.4736842105263158,0.5789473684210527,0.5263157894736843,0.2631578947368421,"8a7558242c0ffff,8a7558242c1ffff,8a755824288ffff,8a75582428d7fff,8a75582428dffff,8a7558242177fff,8a7558242167fff,8a7558242147fff,8a755824214ffff,8a7558242a97fff,8a7558242a87fff,8a7558242aa7fff,8a7558242aaffff,8a7558242a1ffff,8a7558242a0ffff,8a7558242a2ffff,8a7558242b5ffff,8a7558242b0ffff",0
149,-100468681#0,101417074,0.3157894736842105,0.2105263157894736,0.1578947368421052,0.8421052631578947,0.4736842105263158,0.2631578947368421,0.5263157894736842,0.5263157894736842,0.631578947368421,0.1578947368421052,0.5263157894736842,0.5263157894736842,0.7894736842105263,0.4736842105263158,0.3157894736842105,0.3157894736842105,0.4736842105263158,0.1578947368421053,0.3157894736842105,0.4736842105263158,0.2105263157894736,0.368421052631579,0.6842105263157895,"8a7558242c0ffff,8a7558242c1ffff,8a755824288ffff,8a7558242127fff,8a755824212ffff,8a75582428dffff,8a7558242177fff,8a7558242167fff,8a7558242147fff,8a755824214ffff,8a7558242a97fff,8a7558242a87fff,8a7558242aa7fff,8a7558242aaffff,8a7558242a1ffff,8a7558242a0ffff,8a7558242a2ffff,8a7558242b5ffff,8a7558242b0ffff",1
149,-100468681#0,101417074,0.0526315789473684,0.0526315789473684,0.3157894736842105,0.5789473684210527,0.4736842105263158,0.2105263157894736,0.5263157894736842,0.5263157894736842,0.0526315789473684,0.1052631578947368,0.5263157894736842,0.5263157894736842,1.0,0.4736842105263158,0.368421052631579,0.368421052631579,0.4736842105263158,0.0,0.368421052631579,0.4736842105263158,0.0526315789473684,0.1052631578947368,0.9473684210526316,"8a7558242c0ffff,8a7558242c1ffff,8a755824288ffff,8a7558242127fff,8a755824212ffff,8a75582428dffff,8a7558242177fff,8a7558242167fff,8a7558242147fff,8a755824214ffff,8a7558242a97fff,8a7558242a87fff,8a7558242aa7fff,8a7558242aaffff,8a7558242327fff,8a7558242af7fff,8a7558242a0ffff,8a7558242a2ffff,8a7558242b5ffff,8a7558242b0ffff",1
149,-100468681#0,101417074,0.2105263157894736,0.1052631578947368,0.5789473684210527,0.0789473684210526,0.4736842105263158,0.631578947368421,0.5263157894736842,0.5263157894736842,0.5789473684210527,0.5263157894736842,0.5263157894736842,0.5263157894736842,0.4736842105263157,0.4736842105263158,0.9473684210526316,0.9473684210526316,0.4736842105263158,0.5263157894736843,0.9473684210526316,0.4736842105263158,0.1052631578947368,0.0526315789473684,0.631578947368421,"8a7558242c0ffff,8a7558242c1ffff,8a755824288ffff,8a75582428d7fff,8a75582428dffff,8a7558242177fff,8a7558242167fff,8a7558242147fff,8a755824214ffff,8a7558242a97fff,8a7558242a87fff,8a7558242aa7fff,8a7558242aaffff,8a7558242327fff,8a7558242af7fff,8a7558242a0ffff,8a7558242a2ffff,8a7558242b5ffff,8a7558242b0ffff",1
149,-100468681#0,101417074,0.368421052631579,0.3157894736842105,0.3684210526315789,0.5263157894736843,0.4736842105263158,0.3684210526315789,0.5263157894736842,0.5263157894736842,0.1578947368421052,0.2631578947368421,0.5263157894736842,0.5263157894736842,0.8947368421052632,0.4736842105263158,0.2105263157894736,0.2105263157894736,0.4736842105263158,0.1052631578947368,0.2105263157894736,0.4736842105263158,0.3157894736842105,0.2105263157894736,0.8421052631578947,"8a7558242c0ffff,8a7558242c1ffff,8a755824288ffff,8a7558242127fff,8a755824212ffff,8a75582428dffff,8a7558242177fff,8a7558242167fff,8a7558242147fff,8a755824214ffff,8a7558242a97fff,8a7558242a87fff,8a7558242aa7fff,8a7558242aaffff,8a7558242a1ffff,8a7558242a0ffff,8a7558242a2ffff,8a7558242b5ffff,8a7558242b0ffff",1
149,-100468681#0,101417074,0.2631578947368421,0.1578947368421053,0.7894736842105263,0.3157894736842105,0.4736842105263158,0.6842105263157895,0.5263157894736842,0.5263157894736842,0.1052631578947368,0.5789473684210527,0.5263157894736842,0.5263157894736842,0.5263157894736842,0.4736842105263158,0.8947368421052632,0.8947368421052632,0.4736842105263158,0.4736842105263158,0.8947368421052632,0.4736842105263158,0.1578947368421053,0.0,0.7894736842105263,"8a7558242c0ffff,8a7558242c1ffff,8a755824288ffff,8a75582428d7fff,8a75582428dffff,8a7558242177fff,8a7558242167fff,8a7558242147fff,8a755824214ffff,8a7558242a97fff,8a7558242a87fff,8a7558242aa7fff,8a7558242aaffff,8a7558242327fff,8a7558242af7fff,8a7558242a0ffff,8a7558242a2ffff,8a7558242b5ffff,8a7558242b0ffff",1
149,-100468681#0,101417074,0.5263157894736843,0.5263157894736843,0.5,0.0789473684210526,0.4736842105263158,0.4736842105263157,0.5263157894736842,0.5263157894736842,0.2631578947368421,0.4736842105263157,0.5263157894736842,0.5263157894736842,0.7368421052631579,0.4736842105263158,0.0,0.0,0.4736842105263158,0.368421052631579,0.0,0.4736842105263158,0.5263157894736843,0.631578947368421,0.5263157894736843,"8a7558242c0ffff,8a7558242c1ffff,8a755824288ffff,8a7558242127fff,8a755824212ffff,8a75582428dffff,8a7558242177fff,8a7558242167fff,8a7558242147fff,8a755824214ffff,8a7558242a97fff,8a7558242a87fff,8a7558242aa7fff,8a7558242aaffff,8a7558242a1ffff,8a7558242a07fff,8a7558242a0ffff,8a7558242a2ffff,8a7558242b5ffff,8a7558242b0ffff",4
149,-100468681#0,101417074,0.0,0.0,0.1052631578947368,0.8947368421052632,0.4736842105263158,0.1578947368421052,0.5263157894736842,0.5263157894736842,0.3157894736842105,0.0526315789473684,0.5263157894736842,0.5263157894736842,0.9473684210526316,0.4736842105263158,0.4210526315789473,0.4210526315789473,0.4736842105263158,0.0526315789473684,0.4210526315789473,0.4736842105263158,0.0,0.1578947368421053,0.8947368421052632,"8a7558242c0ffff,8a7558242c1ffff,8a755824288ffff,8a7558242127fff,8a755824212ffff,8a75582428dffff,8a7558242177fff,8a7558242167fff,8a7558242147fff,8a755824214ffff,8a7558242a97fff,8a7558242a87fff,8a7558242aa7fff,8a7558242aaffff,8a7558242327fff,8a7558242af7fff,8a7558242a0ffff,8a7558242a2ffff,8a7558242b5ffff,8a7558242b0ffff",1
149,-100468681#0,101417074,0.8421052631578947,0.736842105263158,0.9473684210526316,0.631578947368421,0.4736842105263158,0.8947368421052632,0.5263157894736842,0.5263157894736842,0.4210526315789473,0.7894736842105263,0.5263157894736842,0.5263157894736842,0.3684210526315789,0.4736842105263158,0.6842105263157895,0.6842105263157895,0.4736842105263158,0.7894736842105263,0.6842105263157895,0.4736842105263158,0.736842105263158,0.8947368421052632,0.2105263157894736,"8a7558242c0ffff,8a7558242c1ffff,8a755824288ffff,8a75582428d7fff,8a75582428dffff,8a7558242177fff,8a7558242167fff,8a7558242147fff,8a755824214ffff,8a7558242a97fff,8a7558242a87fff,8a7558242aa7fff,8a7558242aaffff,8a7558242a1ffff,8a7558242a07fff,8a7558242a0ffff,8a7558242a2ffff,8a7558242b5ffff,8a7558242b0ffff",0
149,-100468681#0,101417074,0.1052631578947368,0.368421052631579,0.0526315789473684,0.9473684210526316,0.4736842105263158,0.0526315789473684,0.5263157894736842,0.5263157894736842,0.7368421052631579,0.3157894736842105,0.5263157894736842,0.5263157894736842,0.631578947368421,0.4736842105263158,0.1578947368421053,0.1578947368421053,0.4736842105263158,0.2631578947368421,0.1578947368421053,0.4736842105263158,0.368421052631579,0.4736842105263158,0.5789473684210527,"8a7558242c0ffff,8a7558242c1ffff,8a755824288ffff,8a7558242127fff,8a755824212ffff,8a75582428dffff,8a7558242177fff,8a7558242167fff,8a7558242147fff,8a755824214ffff,8a7558242a97fff,8a7558242a87fff,8a7558242aa7fff,8a7558242aaffff,8a7558242af7fff,8a7558242a0ffff,8a7558242a2ffff,8a7558242b5ffff,8a7558242b0ffff",1
149,-100468681#0,101417074,0.7894736842105263,0.631578947368421,0.6842105263157895,0.2631578947368421,0.4736842105263158,0.7894736842105263,0.5263157894736842,0.5263157894736842,0.8947368421052632,0.6842105263157895,0.5263157894736842,0.5263157894736842,0.2105263157894736,0.4736842105263158,0.7894736842105263,0.7894736842105263,0.4736842105263158,0.8421052631578947,0.7894736842105263,0.4736842105263158,0.631578947368421,0.9473684210526316,0.0526315789473684,"8a7558242c0ffff,8a7558242c1ffff,8a755824288ffff,8a75582428d7fff,8a75582428dffff,8a7558242177fff,8a7558242167fff,8a7558242147fff,8a755824214ffff,8a7558242a97fff,8a7558242a87fff,8a7558242aa7fff,8a7558242aaffff,8a7558242a1ffff,8a7558242a07fff,8a7558242a0ffff,8a7558242a2ffff,8a7558242b5ffff,8a7558242b0ffff",0
149,-100468681#0,101417074,0.4210526315789473,0.2631578947368421,0.2631578947368421,0.6842105263157895,0.4736842105263158,0.3157894736842105,0.5263157894736842,0.5263157894736842,0.6842105263157895,0.2105263157894736,0.5263157894736842,0.5263157894736842,0.6842105263157895,0.4736842105263158,0.2631578947368421,0.2631578947368421,0.4736842105263158,0.3157894736842105,0.2631578947368421,0.4736842105263158,0.2631578947368421,0.8421052631578947,0.4736842105263158,"8a7558242c0ffff,8a7558242c1ffff,8a755824288ffff,8a7558242127fff,8a755824212ffff,8a75582428dffff,8a7558242177fff,8a7558242167fff,8a7558242147fff,8a755824214ffff,8a7558242a97fff,8a7558242a87fff,8a7558242aa7fff,8a7558242aaffff,8a7558242a1ffff,8a7558242a07fff,8a7558242a0ffff,8a7558242a2ffff,8a7558242b5ffff,8a7558242b0ffff",4
149,-100468681#0,101417074,0.4736842105263158,0.4210526315789473,0.4210526315789473,0.3947368421052631,0.4736842105263158,0.4210526315789473,0.5263157894736842,0.5263157894736842,0.7894736842105263,0.3684210526315789,0.5263157894736842,0.5263157894736842,0.5789473684210527,0.4736842105263158,0.1052631578947368,0.1052631578947368,0.4736842105263158,0.4210526315789473,0.1052631578947368,0.4736842105263158,0.4210526315789473,0.6842105263157895,0.368421052631579,"8a7558242c0ffff,8a7558242c1ffff,8a755824288ffff,8a7558242127fff,8a755824212ffff,8a75582428dffff,8a7558242177fff,8a7558242167fff,8a7558242147fff,8a755824214ffff,8a7558242a97fff,8a7558242a87fff,8a7558242aa7fff,8a7558242aaffff,8a7558242a1ffff,8a7558242a07fff,8a7558242a0ffff,8a7558242a2ffff,8a7558242b5ffff,8a7558242b0ffff",4
149,-100468681#0,101417074,0.9473684210526316,0.9473684210526316,1.0,0.7894736842105263,0.4736842105263158,1.0,0.5263157894736842,0.5263157894736842,0.5263157894736842,1.0,0.5263157894736842,0.5263157894736842,0.1578947368421052,0.4736842105263158,0.4736842105263158,0.4736842105263158,0.4736842105263158,0.8947368421052632,0.4736842105263158,0.4736842105263158,0.9473684210526316,0.736842105263158,0.1052631578947368,"8a7558242c0ffff,8a7558242c1ffff,8a755824288ffff,8a75582428d7fff,8a75582428dffff,8a7558242177fff,8a7558242167fff,8a7558242147fff,8a755824214ffff,8a7558242a97fff,8a7558242a87fff,8a7558242aa7fff,8a7558242aaffff,8a7558242a1ffff,8a7558242a07fff,8a7558242a0ffff,8a7558242a2ffff,8a7558242b5ffff,8a7558242b0ffff",0
149,-100468681#0,101417074,0.8947368421052632,0.8421052631578947,0.8421052631578947,0.3947368421052631,0.4736842105263158,0.9473684210526316,0.5263157894736842,0.5263157894736842,1.0,0.8947368421052632,0.5263157894736842,0.5263157894736842,0.0526315789473684,0.4736842105263158,0.5789473684210527,0.5789473684210527,0.4736842105263158,0.9473684210526316,0.5789473684210527,0.4736842105263158,0.8421052631578947,0.7894736842105263,0.0,"8a7558242c0ffff,8a7558242c1ffff,8a755824288ffff,8a75582428d7fff,8a75582428dffff,8a7558242177fff,8a7558242167fff,8a7558242147fff,8a755824214ffff,8a7558242a97fff,8a7558242a87fff,8a7558242aa7fff,8a7558242aaffff,8a7558242a1ffff,8a7558242a07fff,8a7558242a0ffff,8a7558242a2ffff,8a7558242b5ffff,8a7558242b0ffff",0
150,-101601559,-100468681#0,0.0,0.0,1.0,0.0,0.0,1.0,1.0,1.0,1.0,1.0,1.0,1.0,1.0,0.0,0.0,0.0,0.0,0.0,0.0,0.0,0.0,0.0,0.0,"8a75582421b7fff,8a7558242197fff,8a75582421a7fff,8a7558242137fff,8a7558242127fff,8a755824288ffff,8a7558242c0ffff,8a7558242c1ffff",3
151,416409192#0,101606547#1,0.0,0.0,1.0,0.0,0.0,1.0,1.0,1.0,1.0,1.0,1.0,1.0,1.0,0.0,0.0,0.0,0.0,0.0,0.0,0.0,0.0,0.0,0.0,"8a755825138ffff,8a75582513affff,8a755825131ffff,8a755825130ffff,8a7558251307fff,8a755825132ffff,8a7558251a47fff,8a755824268ffff,8a75582426f7fff,8a755824261ffff,8a755824260ffff,8a755824262ffff,8a755824270ffff,8a7558242707fff,8a755824271ffff",3
152,336863927#3,-619184994,0.0,0.0,0.75,0.25,0.25,0.5,0.75,0.75,0.75,0.5,0.75,0.75,1.0,0.25,0.5,0.5,0.25,0.0,0.5,0.5,0.0,0.0,0.5,"8a7558242817fff,8a75582428b7fff,8a755824281ffff,8a75582428f7fff,8a75582428d7fff,8a75582428dffff,8a7558242177fff,8a7558242167fff,8a7558242147fff,8a755824214ffff,8a7558242a97fff,8a7558242ab7fff",3
152,336863927#3,-619184994,0.5,0.5,0.75,0.25,0.25,1.0,0.75,0.75,0.75,1.0,0.75,0.75,0.5,0.25,0.0,0.0,0.25,0.5,0.0,0.0,0.5,0.5,0.0,"8a7558242817fff,8a75582428b7fff,8a75582428affff,8a755824281ffff,8a75582428f7fff,8a75582428d7fff,8a75582428dffff,8a7558242177fff,8a7558242167fff,8a7558242147fff,8a755824214ffff,8a7558242a97fff,8a7558242ab7fff",2
153,101607964#0,-101600741#2,0.0,0.0,1.0,0.0,0.0,1.0,1.0,1.0,1.0,1.0,1.0,1.0,1.0,0.0,0.0,0.0,0.0,0.0,0.0,0.0,0.0,0.0,0.0,"8a7558242877fff,8a75582428e7fff,8a75582428f7fff,8a75582428d7fff,8a755824288ffff,8a7558242127fff,8a7558242137fff",3
154,-101604513#1,101606547#1,0.75,0.75,0.25,0.5,0.625,0.25,0.625,0.625,0.625,0.625,0.625,0.625,0.875,0.375,0.625,0.625,0.375,0.125,0.625,0.375,0.75,0.75,0.0,"8a7558242007fff,8a7558242037fff,8a755824200ffff,8a75582420e7fff,8a75582420c7fff,8a75582420dffff,8a755824270ffff,8a7558242707fff,8a755824271ffff",0
154,-101604513#1,101606547#1,0.5,0.25,0.75,0.75,0.625,0.75,0.625,0.625,0.625,0.625,0.625,0.625,0.875,0.375,0.625,0.625,0.375,0.125,0.625,0.375,0.25,0.25,0.5,"8a7558242007fff,8a7558242037fff,8a755824200ffff,8a75582420e7fff,8a75582420c7fff,8a75582420dffff,8a755824270ffff,8a7558242707fff,8a755824271ffff",1
154,-101604513#1,101606547#1,0.0,0.0,1.0,0.25,0.125,1.0,0.625,0.625,0.625,0.625,0.625,0.625,0.5,0.375,0.25,0.25,0.375,0.625,0.25,0.375,0.0,0.0,0.75,"8a7558242007fff,8a7558242037fff,8a755824200ffff,8a75582420e7fff,8a75582420c7fff,8a75582420dffff,8a755824208ffff,8a7558242707fff,8a755824271ffff",3
154,-101604513#1,101606547#1,0.25,0.5,0.5,0.0,0.125,0.5,0.625,0.625,0.625,0.625,0.625,0.625,0.25,0.375,0.0,0.0,0.375,0.625,0.0,0.375,0.5,0.5,0.25,"8a7558242007fff,8a7558242037fff,8a755824200ffff,8a75582420e7fff,8a75582420c7fff,8a75582420dffff,8a755824208ffff,8a7558242707fff,8a755824271ffff",4
155,-101605951#3,526438862#2,0.0,0.0,0.5,0.0,0.0,1.0,0.75,0.75,0.5,0.75,0.75,0.75,0.5,0.5,0.0,0.0,0.25,0.0,0.0,0.25,0.0,0.0,0.5,"8a755824208ffff,8a7558242707fff,8a75582420dffff,8a75582420cffff,8a75582420effff,8a75582423b7fff,8a75582423a7fff,8a755824204ffff",3
155,-101605951#3,526438862#2,0.5,0.5,1.0,0.5,0.5,0.5,0.75,0.75,1.0,0.75,0.75,0.75,1.0,0.0,0.5,0.5,0.25,0.5,0.5,0.25,0.5,0.5,0.0,"8a755824208ffff,8a7558242707fff,8a755824270ffff,8a75582420dffff,8a75582420cffff,8a75582420effff,8a75582423b7fff,8a75582423a7fff,8a755824204ffff",2
156,101594822,-120511144#0,0.5,0.5,0.875,0.125,0.375,0.75,0.625,0.625,0.75,0.375,0.625,0.625,0.75,0.0,0.25,0.25,0.25,0.75,0.75,0.375,0.5,0.0,0.25,"8a7558242b0ffff,8a7558242b07fff,8a7558242b1ffff,8a7558242a37fff,8a7558242b8ffff,8a7558242aa7fff,8a7558242a87fff,8a7558242a97fff,8a755824206ffff,8a7558242047fff,8a75582423b7fff,8a7558242397fff,8a755824274ffff,8a7558242297fff,8a755824266ffff,8a755825c9b7fff",2
156,101594822,-120511144#0,0.0,0.0,0.875,0.125,0.375,0.25,0.625,0.625,0.25,0.75,0.625,0.625,1.0,0.25,0.0,0.0,0.75,0.25,0.25,0.375,0.0,0.25,0.75,"8a7558242b0ffff,8a7558242b07fff,8a7558242b1ffff,8a7558242a37fff,8a7558242b8ffff,8a7558242aa7fff,8a7558242ab7fff,8a7558242a97fff,8a755824206ffff,8a7558242047fff,8a75582423b7fff,8a7558242397fff,8a755824274ffff,8a7558242297fff,8a755824266ffff,8a755825c9b7fff",3
156,101594822,-120511144#0,0.25,0.25,0.375,0.625,0.375,0.5,0.625,0.625,0.5,1.0,0.625,0.625,0.5,0.75,0.5,0.5,0.5,0.0,0.0,0.375,0.25,0.75,0.5,"8a7558242b0ffff,8a7558242b07fff,8a7558242b1ffff,8a7558242a37fff,8a7558242b8ffff,8a7558242aa7fff,8a7558242ab7fff,8a7558242a97fff,8a755824206ffff,8a7558242047fff,8a75582423b7fff,8a7558242397fff,8a755824239ffff,8a755824274ffff,8a7558242297fff,8a755824266ffff,8a755825c9b7fff",1
156,101594822,-120511144#0,0.75,0.75,0.375,0.625,0.375,1.0,0.625,0.625,1.0,0.375,0.625,0.625,0.25,0.5,0.75,0.75,0.0,0.5,0.5,0.375,0.75,0.5,0.0,"8a7558242b0ffff,8a7558242b07fff,8a7558242b1ffff,8a7558242a37fff,8a7558242b8ffff,8a7558242aa7fff,8a7558242a87fff,8a7558242a97fff,8a755824206ffff,8a7558242047fff,8a75582423b7fff,8a7558242397fff,8a755824239ffff,8a755824274ffff,8a7558242297fff,8a755824266ffff,8a755825c9b7fff",0
157,-101608960,-100488715#7,0.1666666666666666,0.1666666666666666,0.25,0.75,0.4166666666666666,0.3333333333333333,0.5833333333333334,0.5833333333333334,0.5833333333333334,0.3333333333333333,0.5833333333333334,0.5833333333333334,0.8333333333333334,0.4166666666666666,0.6666666666666667,0.6666666666666667,0.4166666666666666,0.1666666666666666,0.6666666666666667,0.0,0.1666666666666666,0.1666666666666666,0.6666666666666667,"8a75582428b7fff,8a75582428affff,8a755824281ffff,8a75582428f7fff,8a75582428d7fff,8a755824288ffff,8a7558242127fff,8a755824212ffff,8a755824211ffff,8a75582421affff,8a7558242037fff,8a7558242007fff,8a755824200ffff,8a75582420e7fff",1
157,-101608960,-100488715#7,0.8333333333333334,0.8333333333333334,0.9166666666666666,0.25,0.4166666666666666,1.0,0.5833333333333334,0.5833333333333334,0.5833333333333334,1.0,0.5833333333333334,0.5833333333333334,0.1666666666666666,0.4166666666666666,0.0,0.0,0.4166666666666666,0.0,0.0,0.5833333333333333,0.8333333333333334,0.8333333333333334,0.0,"8a75582428b7fff,8a75582428affff,8a755824281ffff,8a75582428f7fff,8a75582428d7fff,8a75582428dffff,8a7558242177fff,8a7558242167fff,8a7558242147fff,8a7558242077fff,8a755824200ffff,8a75582420e7fff",4
157,-101608960,-100488715#7,0.3333333333333333,0.3333333333333333,0.5833333333333334,0.25,0.4166666666666666,0.5,0.5833333333333334,0.5833333333333334,0.5833333333333334,0.5,0.5833333333333334,0.5833333333333334,0.6666666666666666,0.4166666666666666,0.5,0.5,0.4166666666666666,0.6666666666666667,0.5,0.5833333333333333,0.3333333333333333,0.3333333333333333,0.5,"8a75582428b7fff,8a7558242817fff,8a755824281ffff,8a75582428f7fff,8a75582428d7fff,8a75582428dffff,8a755824212ffff,8a755824211ffff,8a75582421affff,8a7558242037fff,8a7558242007fff,8a755824200ffff,8a75582420e7fff",2
157,-101608960,-100488715#7,0.0,0.0,0.25,0.75,0.4166666666666666,0.1666666666666666,0.5833333333333334,0.5833333333333334,0.5833333333333334,0.1666666666666666,0.5833333333333334,0.5833333333333334,1.0,0.4166666666666666,0.8333333333333334,0.8333333333333334,0.4166666666666666,0.3333333333333333,0.8333333333333334,0.1666666666666666,0.0,0.0,0.8333333333333334,"8a75582428b7fff,8a7558242817fff,8a755824281ffff,8a75582428f7fff,8a75582428d7fff,8a755824288ffff,8a7558242127fff,8a755824212ffff,8a755824211ffff,8a75582421affff,8a7558242037fff,8a7558242007fff,8a755824200ffff,8a75582420e7fff",1
157,-101608960,-100488715#7,0.5,0.5,0.5833333333333334,0.25,0.4166666666666666,0.6666666666666666,0.5833333333333334,0.5833333333333334,0.5833333333333334,0.6666666666666666,0.5833333333333334,0.5833333333333334,0.5,0.4166666666666666,0.3333333333333333,0.3333333333333333,0.4166666666666666,0.8333333333333334,0.3333333333333333,0.5833333333333333,0.5,0.5,0.3333333333333333,"8a75582428b7fff,8a75582428affff,8a755824281ffff,8a75582428f7fff,8a75582428d7fff,8a75582428dffff,8a755824212ffff,8a755824211ffff,8a75582421affff,8a7558242037fff,8a7558242007fff,8a755824200ffff,8a75582420e7fff",2
157,-101608960,-100488715#7,0.6666666666666667,0.6666666666666667,0.9166666666666666,0.25,0.4166666666666666,0.8333333333333334,0.5833333333333334,0.5833333333333334,0.5833333333333334,0.8333333333333334,0.5833333333333334,0.5833333333333334,0.3333333333333333,0.4166666666666666,0.1666666666666666,0.1666666666666666,0.4166666666666666,0.5,0.1666666666666666,0.5833333333333333,0.6666666666666667,0.6666666666666667,0.1666666666666666,"8a75582428b7fff,8a7558242817fff,8a755824281ffff,8a75582428f7fff,8a75582428d7fff,8a75582428dffff,8a7558242177fff,8a7558242167fff,8a7558242147fff,8a7558242077fff,8a755824200ffff,8a75582420e7fff",4
158,100475365#1,-101609494#0,0.0,0.0,0.8333333333333334,0.1666666666666666,0.3333333333333333,0.3333333333333333,0.6666666666666666,0.6666666666666666,0.6666666666666666,0.6666666666666666,0.6666666666666666,0.6666666666666666,0.6666666666666666,0.3333333333333333,0.3333333333333333,0.3333333333333333,0.3333333333333333,0.1666666666666666,0.3333333333333333,0.3333333333333333,0.0,0.3333333333333333,0.6666666666666667,"8a755824200ffff,8a7558242007fff,8a7558242037fff,8a75582421affff,8a755824211ffff,8a755824212ffff,8a75582428dffff,8a75582428d7fff,8a75582428c7fff,8a75582428effff,8a7558242857fff,8a7558242847fff,8a755824295ffff,8a755824282ffff,8a7558242957fff",3
158,100475365#1,-101609494#0,0.3333333333333333,0.3333333333333333,0.8333333333333334,0.1666666666666666,0.3333333333333333,0.6666666666666666,0.6666666666666666,0.6666666666666666,0.6666666666666666,1.0,0.6666666666666666,0.6666666666666666,0.3333333333333333,0.3333333333333333,0.0,0.0,0.3333333333333333,0.1666666666666666,0.0,0.3333333333333333,0.3333333333333333,0.0,0.3333333333333333,"8a755824200ffff,8a7558242007fff,8a7558242037fff,8a75582421affff,8a755824211ffff,8a755824212ffff,8a75582428dffff,8a75582428d7fff,8a75582428c7fff,8a75582428effff,8a7558242857fff,8a7558242847fff,8a755824295ffff,8a755824282ffff,8a7558242957fff",2
158,100475365#1,-101609494#0,0.6666666666666667,0.6666666666666667,0.3333333333333333,0.6666666666666667,0.3333333333333333,1.0,0.6666666666666666,0.6666666666666666,0.6666666666666666,0.3333333333333333,0.6666666666666666,0.6666666666666666,1.0,0.3333333333333333,0.6666666666666667,0.6666666666666667,0.3333333333333333,0.6666666666666667,0.6666666666666667,0.3333333333333333,0.6666666666666667,0.6666666666666667,0.0,"8a755824200ffff,8a7558242077fff,8a7558242067fff,8a7558242a97fff,8a7558242ab7fff,8a7558242b9ffff,8a7558242b87fff,8a7558242bb7fff,8a755824285ffff,8a7558242847fff,8a755824295ffff,8a755824282ffff,8a7558242957fff",0
159,-1323419242#1,-100468681#1,0.5,0.5,0.5,0.5,0.25,0.5,0.75,0.75,0.75,1.0,0.75,0.75,0.5,0.25,0.0,0.0,0.25,0.25,0.0,0.0,0.5,0.5,0.0,"8a75582426f7fff,8a755824261ffff,8a755824260ffff,8a755824262ffff,8a755824270ffff,8a75582420dffff,8a75582420c7fff,8a75582420e7fff,8a755824200ffff,8a7558242007fff,8a7558242037fff,8a75582421affff,8a755824211ffff,8a755824212ffff,8a7558242127fff,8a755824288ffff,8a7558242c0ffff",2
159,-1323419242#1,-100468681#1,0.0,0.0,1.0,0.0,0.25,1.0,0.75,0.75,0.75,0.5,0.75,0.75,1.0,0.25,0.5,0.5,0.25,0.25,0.5,0.5,0.0,0.0,0.5,"8a75582426f7fff,8a755824261ffff,8a755824260ffff,8a755824262ffff,8a755824270ffff,8a75582420dffff,8a75582420c7fff,8a75582420e7fff,8a755824200ffff,8a7558242007fff,8a7558242037fff,8a75582421affff,8a755824211ffff,8a755824212ffff,8a7558242127fff,8a755824288ffff,8a7558242c0ffff",3
160,101607969#0,-416409192#7,0.0,0.0,1.0,0.5,0.25,0.5,0.75,0.75,0.5,0.5,0.75,0.75,1.0,0.0,0.0,0.0,0.5,0.5,0.5,0.25,0.0,0.0,0.5,"8a75582428e7fff,8a75582428f7fff,8a75582428d7fff,8a75582428dffff,8a7558242177fff,8a7558242167fff,8a7558242147fff,8a755824214ffff,8a7558242a97fff,8a755824206ffff,8a7558242047fff,8a75582423b7fff,8a7558242397fff,8a755824274ffff,8a755824260ffff,8a755824261ffff,8a75582426f7fff,8a755824268ffff,8a7558251a47fff,8a755825132ffff",3
160,101607969#0,-416409192#7,0.5,0.5,0.5,0.0,0.25,1.0,0.75,0.75,1.0,1.0,0.75,0.75,0.5,0.5,0.5,0.5,0.0,0.0,0.0,0.25,0.5,0.5,0.0,"8a75582428e7fff,8a75582428f7fff,8a75582428d7fff,8a75582428dffff,8a7558242177fff,8a7558242167fff,8a7558242147fff,8a755824214ffff,8a7558242a97fff,8a755824206ffff,8a7558242047fff,8a75582423b7fff,8a7558242397fff,8a755824239ffff,8a755824274ffff,8a755824260ffff,8a755824261ffff,8a75582426f7fff,8a755824268ffff,8a7558251a47fff,8a755825132ffff",2
161,-101606549,-101605951#5,0.0,0.0,1.0,0.0,0.0,1.0,1.0,1.0,1.0,1.0,1.0,1.0,1.0,0.0,0.0,0.0,0.0,0.0,0.0,0.0,0.0,0.0,0.0,"8a755824271ffff,8a7558242707fff,8a755824208ffff",3
162,-101605951#5,-101606549,0.0,0.0,1.0,0.0,0.0,1.0,1.0,1.0,1.0,1.0,1.0,1.0,1.0,0.0,0.0,0.0,0.0,0.0,0.0,0.0,0.0,0.0,0.0,"8a755824208ffff,8a7558242707fff,8a755824271ffff",3
163,416409192#5,101606547#1,0.0,0.0,1.0,0.0,0.0,1.0,1.0,1.0,1.0,1.0,1.0,1.0,1.0,0.0,0.0,0.0,0.0,0.0,0.0,0.0,0.0,0.0,0.0,"8a755825130ffff,8a7558251307fff,8a755825132ffff,8a7558251a47fff,8a755824268ffff,8a75582426f7fff,8a755824261ffff,8a755824260ffff,8a755824262ffff,8a755824270ffff,8a7558242707fff,8a755824271ffff",3
164,-416375813,-101767922,0.0625,0.0625,0.875,0.0625,0.46875,0.5,0.53125,0.53125,0.75,0.21875,0.53125,0.53125,0.375,0.1875,0.1875,0.4375,0.4375,0.0625,0.875,0.875,0.0625,0.3125,0.875,"8a7558242b77fff,8a7558242b47fff,8a7558242b57fff,8a7558242b5ffff,8a7558242a77fff,8a7558242a67fff,8a7558242a6ffff,8a7558240697fff,8a7558242acffff,8a755824230ffff,8a7558242307fff,8a7558242337fff,8a755824206ffff,8a7558242047fff,8a75582423b7fff,8a7558242397fff,8a755824274ffff,8a7558242297fff,8a755824266ffff,8a755825c9b7fff,8a755825c98ffff,8a755825c817fff",1
164,-416375813,-101767922,0.375,0.3125,0.34375,0.6875,0.46875,1.0,0.53125,0.53125,0.15625,0.875,0.53125,0.53125,0.9375,0.71875,0.875,0.8125,0.71875,0.75,0.625,0.625,0.3125,0.125,0.6875,"8a7558242b77fff,8a7558242b47fff,8a7558242b57fff,8a7558242b5ffff,8a7558242a2ffff,8a7558242a0ffff,8a7558242af7fff,8a7558242ac7fff,8a7558242acffff,8a755824230ffff,8a7558242227fff,8a7558242237fff,8a7558242207fff,8a755824220ffff,8a755824225ffff,8a755825c927fff,8a755825c90ffff,8a755825c937fff,8a755825c9affff,8a755825c98ffff,8a755825c817fff",1
164,-416375813,-101767922,0.3125,0.625,0.0625,0.9375,0.46875,0.0625,0.53125,0.53125,0.15625,0.9375,0.53125,0.53125,0.8125,0.71875,0.75,0.6875,0.71875,0.5625,0.3125,0.3125,0.625,0.0625,0.5625,"8a7558242b77fff,8a7558242b47fff,8a7558242b57fff,8a7558242b5ffff,8a7558242a77fff,8a7558242a67fff,8a7558242a6ffff,8a7558240697fff,8a7558242acffff,8a755824230ffff,8a7558242227fff,8a7558242237fff,8a7558242217fff,8a75582422a7fff,8a755825c927fff,8a755825c90ffff,8a755825c937fff,8a755825c9affff,8a755825c98ffff,8a755825c817fff",1
164,-416375813,-101767922,0.5,0.5,0.78125,0.21875,0.46875,0.6875,0.53125,0.53125,0.625,0.5625,0.53125,0.53125,0.4375,0.0,0.0,0.0,0.0625,0.3125,0.4375,0.4375,0.5,0.6875,0.4375,"8a7558242b77fff,8a7558242b47fff,8a7558242b57fff,8a7558242b5ffff,8a7558242a2ffff,8a7558242a0ffff,8a7558242af7fff,8a7558242ac7fff,8a7558242acffff,8a755824230ffff,8a7558242307fff,8a7558242337fff,8a755824206ffff,8a7558242047fff,8a75582423b7fff,8a7558242397fff,8a755824274ffff,8a7558242297fff,8a755824266ffff,8a755825c937fff,8a755825c9affff,8a755825c98ffff,8a755825c817fff",2
164,-416375813,-101767922,0.125,0.1875,0.625,0.375,0.46875,0.25,0.53125,0.53125,0.5625,0.4375,0.53125,0.53125,0.5,0.125,0.125,0.0625,0.3125,0.0,0.75,0.75,0.1875,0.375,0.8125,"8a7558242b77fff,8a7558242b47fff,8a7558242b57fff,8a7558242b5ffff,8a7558242a77fff,8a7558242a67fff,8a7558242a6ffff,8a7558240697fff,8a7558242acffff,8a755824230ffff,8a7558242307fff,8a7558242337fff,8a755824206ffff,8a7558242047fff,8a75582423b7fff,8a7558242397fff,8a755824274ffff,8a7558242297fff,8a755824266ffff,8a755825c937fff,8a755825c9affff,8a755825c98ffff,8a755825c817fff",1
164,-416375813,-101767922,0.6875,0.6875,0.4375,0.5625,0.46875,0.1875,0.53125,0.53125,0.4375,0.21875,0.53125,0.53125,0.625,0.71875,0.4375,0.625,0.71875,0.625,0.25,0.25,0.6875,0.1875,0.25,"8a7558242b77fff,8a7558242b47fff,8a7558242b57fff,8a7558242b5ffff,8a7558242a77fff,8a7558242a67fff,8a7558242a6ffff,8a7558240697fff,8a7558242acffff,8a755824230ffff,8a7558242227fff,8a7558242237fff,8a7558242217fff,8a75582422a7fff,8a7558242297fff,8a755824266ffff,8a755825c9b7fff,8a755825c98ffff,8a755825c817fff",0
164,-416375813,-101767922,0.0,0.0,0.21875,0.78125,0.46875,0.625,0.53125,0.53125,0.15625,0.8125,0.53125,0.53125,1.0,0.71875,0.9375,0.9375,0.71875,0.5,0.9375,0.9375,0.0,0.0,0.9375,"8a7558242b77fff,8a7558242b47fff,8a7558242b57fff,8a7558242b5ffff,8a7558242a77fff,8a7558242a67fff,8a7558242a6ffff,8a7558240697fff,8a7558242acffff,8a755824230ffff,8a7558242227fff,8a7558242237fff,8a7558242207fff,8a755824220ffff,8a755824225ffff,8a755825c927fff,8a755825c90ffff,8a755825c937fff,8a755825c9affff,8a755825c98ffff,8a755825c817fff",1
164,-416375813,-101767922,0.8125,0.75,0.125,0.875,0.46875,0.375,0.53125,0.53125,0.15625,1.0,0.53125,0.53125,0.6875,0.71875,0.5625,0.5625,0.71875,0.8125,0.1875,0.1875,0.75,0.5625,0.125,"8a7558242b77fff,8a7558242b47fff,8a7558242b57fff,8a7558242b5ffff,8a7558242a2ffff,8a7558242a0ffff,8a7558242af7fff,8a7558242ac7fff,8a7558242acffff,8a755824230ffff,8a7558242227fff,8a7558242237fff,8a7558242217fff,8a75582422a7fff,8a755825c927fff,8a755825c90ffff,8a755825c937fff,8a755825c9affff,8a755825c98ffff,8a755825c817fff",0
164,-416375813,-101767922,0.25,0.25,0.5625,0.4375,0.46875,0.3125,0.53125,0.53125,0.6875,0.5,0.53125,0.53125,0.3125,0.375,0.6875,0.375,0.25,0.125,0.6875,0.6875,0.25,0.5,0.625,"8a7558242b77fff,8a7558242b47fff,8a7558242b57fff,8a7558242b5ffff,8a7558242a77fff,8a7558242a67fff,8a7558242a6ffff,8a7558240697fff,8a7558242acffff,8a755824230ffff,8a7558242307fff,8a7558242337fff,8a755824206ffff,8a7558242047fff,8a75582423b7fff,8a7558242397fff,8a755824239ffff,8a755824274ffff,8a7558242297fff,8a755824266ffff,8a755825c937fff,8a755825c9affff,8a755825c98ffff,8a755825c817fff",1
164,-416375813,-101767922,0.875,0.875,0.5,0.5,0.46875,0.8125,0.53125,0.53125,0.5,0.21875,0.53125,0.53125,0.5625,0.71875,0.3125,0.5,0.71875,0.875,0.0625,0.0625,0.875,0.75,0.0625,"8a7558242b77fff,8a7558242b47fff,8a7558242b57fff,8a7558242b5ffff,8a7558242a2ffff,8a7558242a0ffff,8a7558242af7fff,8a7558242ac7fff,8a7558242acffff,8a755824230ffff,8a7558242227fff,8a7558242237fff,8a7558242217fff,8a75582422a7fff,8a7558242297fff,8a755824266ffff,8a755825c9b7fff,8a755825c98ffff,8a755825c817fff",0
164,-416375813,-101767922,0.4375,0.375,1.0,0.0,0.46875,0.875,0.53125,0.53125,0.875,0.21875,0.53125,0.53125,0.25,0.0625,0.0625,0.3125,0.1875,0.25,0.5625,0.5625,0.375,0.625,0.5,"8a7558242b77fff,8a7558242b47fff,8a7558242b57fff,8a7558242b5ffff,8a7558242a2ffff,8a7558242a0ffff,8a7558242af7fff,8a7558242ac7fff,8a7558242acffff,8a755824230ffff,8a7558242307fff,8a7558242337fff,8a755824206ffff,8a7558242047fff,8a75582423b7fff,8a7558242397fff,8a755824274ffff,8a7558242297fff,8a755824266ffff,8a755825c9b7fff,8a755825c98ffff,8a755825c817fff",4
164,-416375813,-101767922,0.75,0.8125,0.21875,0.78125,0.46875,0.125,0.53125,0.53125,0.3125,0.6875,0.53125,0.53125,0.875,0.71875,0.375,0.1875,0.71875,0.6875,0.125,0.125,0.8125,0.25,0.1875,"8a7558242b77fff,8a7558242b47fff,8a7558242b57fff,8a7558242b5ffff,8a7558242a77fff,8a7558242a67fff,8a7558242a6ffff,8a7558240697fff,8a7558242acffff,8a755824230ffff,8a7558242227fff,8a7558242237fff,8a7558242217fff,8a75582422a7fff,8a7558242297fff,8a755824266ffff,8a755825c937fff,8a755825c9affff,8a755825c98ffff,8a755825c817fff",0
164,-416375813,-101767922,0.1875,0.125,0.78125,0.21875,0.46875,0.5625,0.53125,0.53125,0.9375,0.21875,0.53125,0.53125,0.125,0.4375,0.8125,0.875,0.375,0.1875,0.8125,0.8125,0.125,0.4375,0.75,"8a7558242b77fff,8a7558242b47fff,8a7558242b57fff,8a7558242b5ffff,8a7558242a77fff,8a7558242a67fff,8a7558242a6ffff,8a7558240697fff,8a7558242acffff,8a755824230ffff,8a7558242307fff,8a7558242337fff,8a755824206ffff,8a7558242047fff,8a75582423b7fff,8a7558242397fff,8a755824239ffff,8a755824274ffff,8a7558242297fff,8a755824266ffff,8a755825c9b7fff,8a755825c98ffff,8a755825c817fff",1
164,-416375813,-101767922,0.5625,0.4375,0.9375,0.125,0.46875,0.9375,0.53125,0.53125,1.0,0.21875,0.53125,0.53125,0.0625,0.3125,0.625,0.75,0.125,0.375,0.5,0.5,0.4375,0.8125,0.375,"8a7558242b77fff,8a7558242b47fff,8a7558242b57fff,8a7558242b5ffff,8a7558242a2ffff,8a7558242a0ffff,8a7558242af7fff,8a7558242ac7fff,8a7558242acffff,8a755824230ffff,8a7558242307fff,8a7558242337fff,8a755824206ffff,8a7558242047fff,8a75582423b7fff,8a7558242397fff,8a755824239ffff,8a755824274ffff,8a7558242297fff,8a755824266ffff,8a755825c9b7fff,8a755825c98ffff,8a755825c817fff",0
164,-416375813,-101767922,0.625,0.5625,0.6875,0.3125,0.46875,0.75,0.53125,0.53125,0.8125,0.625,0.53125,0.53125,0.1875,0.25,0.5,0.25,0.0,0.4375,0.375,0.375,0.5625,0.875,0.3125,"8a7558242b77fff,8a7558242b47fff,8a7558242b57fff,8a7558242b5ffff,8a7558242a2ffff,8a7558242a0ffff,8a7558242af7fff,8a7558242ac7fff,8a7558242acffff,8a755824230ffff,8a7558242307fff,8a7558242337fff,8a755824206ffff,8a7558242047fff,8a75582423b7fff,8a7558242397fff,8a755824239ffff,8a755824274ffff,8a7558242297fff,8a755824266ffff,8a755825c937fff,8a755825c9affff,8a755825c98ffff,8a755825c817fff",0
164,-416375813,-101767922,0.9375,0.9375,0.34375,0.625,0.46875,0.4375,0.53125,0.53125,0.375,0.75,0.53125,0.53125,0.75,0.71875,0.25,0.125,0.71875,0.9375,0.0,0.0,0.9375,0.9375,0.0,"8a7558242b77fff,8a7558242b47fff,8a7558242b57fff,8a7558242b5ffff,8a7558242a2ffff,8a7558242a0ffff,8a7558242af7fff,8a7558242ac7fff,8a7558242acffff,8a755824230ffff,8a7558242227fff,8a7558242237fff,8a7558242217fff,8a75582422a7fff,8a7558242297fff,8a755824266ffff,8a755825c937fff,8a755825c9affff,8a755825c98ffff,8a755825c817fff",0
165,-101746498#2,-101746516#0,0.0,0.0,1.0,0.0,0.0,1.0,1.0,1.0,1.0,1.0,1.0,1.0,1.0,0.0,0.0,0.0,0.0,0.0,0.0,0.0,0.0,0.0,0.0,"8a755824225ffff,8a755824220ffff,8a7558242277fff,8a755824235ffff,8a7558242347fff",3
166,76867740,-101746498#2,0.5,0.5,1.0,0.0,0.25,1.0,0.75,0.75,1.0,0.75,0.75,0.75,0.5,0.0,0.0,0.0,0.25,0.5,0.0,0.0,0.5,0.0,0.0,"8a7558242397fff,8a755824274ffff,8a7558242297fff,8a755824229ffff,8a755825c927fff,8a755824225ffff,8a755824220ffff",2
166,76867740,-101746498#2,0.0,0.0,0.5,0.5,0.25,0.5,0.75,0.75,0.5,0.75,0.75,0.75,1.0,0.5,0.5,0.5,0.25,0.0,0.5,0.5,0.0,0.5,0.5,"8a7558242397fff,8a755824274ffff,8a7558242297fff,8a75582422a7fff,8a755825c927fff,8a755824225ffff,8a755824220ffff",3
167,-336860316#0,-837309289#1,0.5,0.5,0.25,0.0,0.375,0.25,0.625,0.625,0.25,0.25,0.625,0.625,1.0,0.375,0.25,0.25,0.375,0.25,0.25,0.625,0.5,0.75,0.25,"8a755825c9b7fff,8a755825c98ffff,8a755825cd67fff,8a755825cd77fff,8a75582426d7fff,8a75582426f7fff,8a755824268ffff,8a7558251367fff",4
167,-336860316#0,-837309289#1,0.75,0.75,0.5,0.25,0.375,0.5,0.625,0.625,0.75,0.5,0.625,0.625,0.75,0.375,0.0,0.0,0.375,0.5,0.0,0.625,0.75,0.5,0.0,"8a755825c9b7fff,8a755825c98ffff,8a755825cd67fff,8a755825cd77fff,8a75582426d7fff,8a75582426f7fff,8a755824268ffff,8a7558251367fff",4
167,-336860316#0,-837309289#1,0.25,0.25,0.75,0.5,0.375,0.75,0.625,0.625,0.5,1.0,0.625,0.625,0.5,0.375,0.5,0.5,0.375,0.0,0.5,0.0,0.25,0.0,0.5,"8a755825c9b7fff,8a755825c98ffff,8a755825c9affff,8a755825c937fff,8a755824266ffff,8a7558242297fff,8a755824274ffff,8a755824260ffff,8a755824261ffff,8a75582426f7fff,8a755824268ffff,8a7558251367fff",2
167,-336860316#0,-837309289#1,0.0,0.0,1.0,0.75,0.375,1.0,0.625,0.625,1.0,0.75,0.625,0.625,0.25,0.375,0.75,0.75,0.375,0.75,0.75,0.25,0.0,0.25,0.75,"8a755825c9b7fff,8a755825c98ffff,8a755824266ffff,8a7558242297fff,8a755824274ffff,8a755824260ffff,8a755824261ffff,8a75582426f7fff,8a755824268ffff,8a7558251367fff",1
168,-101765343,416428068,0.6666666666666667,0.7777777777777778,0.3888888888888889,0.7222222222222222,0.5555555555555556,0.8888888888888888,0.5555555555555556,0.5555555555555556,1.0,1.0,0.5555555555555556,0.5555555555555556,0.1111111111111111,0.0,0.5555555555555556,0.6666666666666667,0.0,0.8888888888888888,0.5555555555555556,0.5555555555555556,0.7777777777777778,0.8888888888888888,0.2222222222222222,"8a755825c81ffff,8a755825c807fff,8a755825c877fff,8a755825c957fff,8a755825c977fff,8a755825c90ffff,8a755825c937fff,8a755824266ffff,8a7558242297fff,8a755824274ffff,8a755824239ffff,8a7558242397fff,8a75582423a7fff,8a755824204ffff,8a755824206ffff,8a7558242a9ffff",0
168,-101765343,416428068,0.3333333333333333,0.1111111111111111,0.8888888888888888,0.5555555555555556,0.5555555555555556,0.6666666666666666,0.5555555555555556,0.5555555555555556,0.1666666666666666,0.2222222222222222,0.5555555555555556,0.5555555555555556,1.0,0.7777777777777778,0.8888888888888888,0.8888888888888888,0.7777777777777778,0.0,0.8888888888888888,0.5555555555555556,0.1111111111111111,0.0,0.7777777777777778,"8a755825c81ffff,8a755825c807fff,8a755825c877fff,8a755825c957fff,8a755825c977fff,8a755825c90ffff,8a755825c927fff,8a755824225ffff,8a755824220ffff,8a7558242207fff,8a7558242237fff,8a7558242227fff,8a755824230ffff,8a7558242307fff,8a7558242337fff,8a7558242327fff,8a7558242a9ffff,8a755824206ffff",1
168,-101765343,416428068,0.1111111111111111,0.2222222222222222,0.2222222222222222,0.0,0.0555555555555555,0.4444444444444444,0.5555555555555556,0.5555555555555556,0.8888888888888888,0.6666666666666666,0.5555555555555556,0.5555555555555556,0.2222222222222222,0.4444444444444444,0.1111111111111111,0.1111111111111111,0.4444444444444444,0.6666666666666667,0.0,0.1111111111111111,0.2222222222222222,0.7777777777777778,0.6666666666666667,"8a755825c81ffff,8a755825c807fff,8a755825c877fff,8a755825c957fff,8a755825c977fff,8a755825c90ffff,8a755825c937fff,8a755824266ffff,8a7558242297fff,8a75582422a7fff,8a7558242217fff,8a7558242387fff,8a7558242397fff,8a75582423a7fff,8a755824204ffff,8a755824206ffff,8a7558242a9ffff",4
168,-101765343,416428068,0.2222222222222222,0.0,0.5555555555555556,0.3333333333333333,0.5555555555555556,0.5555555555555556,0.5555555555555556,0.5555555555555556,0.3333333333333333,0.1111111111111111,0.5555555555555556,0.5555555555555556,0.7777777777777778,0.5555555555555556,0.4444444444444444,0.4444444444444444,0.5555555555555556,0.1111111111111111,0.4444444444444444,0.5555555555555556,0.0,0.1111111111111111,0.8888888888888888,"8a755825c81ffff,8a755825c807fff,8a755825c877fff,8a755825c957fff,8a755825c977fff,8a755825c90ffff,8a755825c927fff,8a755824225ffff,8a755824220ffff,8a7558242207fff,8a7558242237fff,8a7558242227fff,8a755824230ffff,8a7558242307fff,8a7558242337fff,8a755824206ffff,8a7558242a9ffff",1
168,-101765343,416428068,0.7777777777777778,0.8888888888888888,0.6666666666666666,0.2222222222222222,0.5555555555555556,0.3333333333333333,0.5555555555555556,0.5555555555555556,0.1666666666666666,0.5555555555555556,0.5555555555555556,0.5555555555555556,0.8888888888888888,0.7777777777777778,0.7777777777777778,0.5555555555555556,0.7777777777777778,0.3333333333333333,0.7777777777777778,0.5555555555555556,0.8888888888888888,0.2222222222222222,0.0,"8a755825c81ffff,8a755825c807fff,8a755825c877fff,8a755825c957fff,8a755825c977fff,8a755825c90ffff,8a755825c927fff,8a75582422a7fff,8a7558242217fff,8a7558242237fff,8a7558242227fff,8a755824230ffff,8a7558242307fff,8a7558242337fff,8a7558242327fff,8a7558242a9ffff,8a755824206ffff",2
168,-101765343,416428068,0.8888888888888888,0.4444444444444444,1.0,0.8888888888888888,0.5555555555555556,1.0,0.5555555555555556,0.5555555555555556,0.5555555555555556,0.8888888888888888,0.5555555555555556,0.5555555555555556,0.5555555555555556,0.7777777777777778,0.6666666666666667,0.7777777777777778,0.7777777777777778,0.2222222222222222,0.6666666666666667,0.5555555555555556,0.4444444444444444,0.4444444444444444,0.1111111111111111,"8a755825c81ffff,8a755825c807fff,8a755825c877fff,8a755825c957fff,8a755825c977fff,8a755825c90ffff,8a755825c937fff,8a755824266ffff,8a7558242297fff,8a75582422a7fff,8a7558242217fff,8a7558242237fff,8a7558242227fff,8a755824230ffff,8a7558242307fff,8a7558242337fff,8a7558242327fff,8a7558242a9ffff,8a755824206ffff",2
168,-101765343,416428068,0.0,0.5555555555555556,0.1111111111111111,0.1111111111111111,0.0555555555555555,0.1111111111111111,0.5555555555555556,0.5555555555555556,0.7777777777777778,0.3333333333333333,0.5555555555555556,0.5555555555555556,0.3333333333333333,0.2222222222222222,0.0,0.0,0.2222222222222222,0.7777777777777778,0.1111111111111111,0.0,0.5555555555555556,0.5555555555555556,0.5555555555555556,"8a755825c81ffff,8a755825c807fff,8a755825c877fff,8a755825c957fff,8a755825c977fff,8a755825c90ffff,8a755825c927fff,8a75582422a7fff,8a7558242217fff,8a7558242387fff,8a7558242397fff,8a75582423a7fff,8a755824204ffff,8a755824206ffff,8a7558242a9ffff",4
168,-101765343,416428068,0.4444444444444444,0.6666666666666667,0.3888888888888889,0.7222222222222222,0.5555555555555556,0.2222222222222222,0.5555555555555556,0.5555555555555556,0.4444444444444444,0.4444444444444444,0.5555555555555556,0.5555555555555556,0.6666666666666666,0.1111111111111111,0.2222222222222222,0.2222222222222222,0.1111111111111111,0.5555555555555556,0.3333333333333333,0.5555555555555556,0.6666666666666667,0.3333333333333333,0.3333333333333333,"8a755825c81ffff,8a755825c807fff,8a755825c877fff,8a755825c957fff,8a755825c977fff,8a755825c90ffff,8a755825c927fff,8a75582422a7fff,8a7558242217fff,8a7558242237fff,8a7558242227fff,8a755824230ffff,8a7558242307fff,8a7558242337fff,8a755824206ffff,8a7558242a9ffff",4
168,-101765343,416428068,0.5555555555555556,0.3333333333333333,0.7777777777777778,0.4444444444444444,0.5555555555555556,0.7777777777777778,0.5555555555555556,0.5555555555555556,0.6666666666666666,0.7777777777777778,0.5555555555555556,0.5555555555555556,0.4444444444444444,0.3333333333333333,0.3333333333333333,0.3333333333333333,0.3333333333333333,0.4444444444444444,0.2222222222222222,0.5555555555555556,0.3333333333333333,0.6666666666666667,0.4444444444444444,"8a755825c81ffff,8a755825c807fff,8a755825c877fff,8a755825c957fff,8a755825c977fff,8a755825c90ffff,8a755825c937fff,8a755824266ffff,8a7558242297fff,8a75582422a7fff,8a7558242217fff,8a7558242237fff,8a7558242227fff,8a755824230ffff,8a7558242307fff,8a7558242337fff,8a755824206ffff,8a7558242a9ffff",4
169,-1200809291,-101752975#2,0.0,0.0,0.6666666666666666,0.6666666666666667,0.3333333333333333,1.0,0.6666666666666666,0.6666666666666666,0.6666666666666666,0.3333333333333333,0.6666666666666666,1.0,1.0,0.3333333333333333,0.6666666666666667,0.6666666666666667,0.3333333333333333,0.0,0.0,0.3333333333333333,0.0,0.0,0.6666666666666667,"8a755824204ffff,8a7558242317fff,8a75582423affff,8a7558242387fff,8a7558242217fff,8a75582422a7fff,8a755825c927fff,8a755825c90ffff,8a755825c977fff,8a755825c957fff,8a755825c877fff,8a755825c95ffff,8a755825c96ffff",3
169,-1200809291,-101752975#2,0.6666666666666667,0.6666666666666667,0.3333333333333333,0.3333333333333333,0.3333333333333333,0.3333333333333333,0.6666666666666666,0.6666666666666666,0.6666666666666666,0.6666666666666666,0.6666666666666666,0.6666666666666666,0.6666666666666666,0.3333333333333333,0.0,0.0,0.3333333333333333,0.6666666666666667,0.6666666666666667,0.3333333333333333,0.6666666666666667,0.3333333333333333,0.3333333333333333,"8a755824204ffff,8a7558242317fff,8a75582423affff,8a7558242387fff,8a7558242217fff,8a75582422a7fff,8a755825c927fff,8a755825c90ffff,8a755825c977fff,8a755825c947fff,8a755825c96ffff,8a755825c95ffff",2
169,-1200809291,-101752975#2,0.3333333333333333,0.3333333333333333,1.0,0.0,0.3333333333333333,0.6666666666666666,0.6666666666666666,0.6666666666666666,0.6666666666666666,1.0,0.6666666666666666,0.3333333333333333,0.3333333333333333,0.3333333333333333,0.3333333333333333,0.3333333333333333,0.3333333333333333,0.3333333333333333,0.3333333333333333,0.3333333333333333,0.3333333333333333,0.6666666666666667,0.0,"8a755824204ffff,8a7558242317fff,8a75582423affff,8a7558242387fff,8a7558242217fff,8a75582422a7fff,8a755825c927fff,8a755825c90ffff,8a755825c977fff,8a755825c947fff,8a755825c96ffff,8a755825c95ffff",2
170,-416375814,-352797377,0.0,0.0,1.0,0.0,0.0,1.0,1.0,1.0,1.0,1.0,1.0,1.0,1.0,0.0,0.0,0.0,0.0,0.0,0.0,0.0,0.0,0.0,0.0,"8a7558242a1ffff,8a7558242a0ffff,8a7558242af7fff,8a7558242ac7fff,8a7558242acffff,8a7558240697fff",3
171,-352797377,-416375814,0.0,0.0,1.0,0.0,0.0,1.0,1.0,1.0,1.0,1.0,1.0,1.0,1.0,0.0,0.0,0.0,0.0,0.0,0.0,0.0,0.0,0.0,0.0,"8a7558240697fff,8a7558242acffff,8a7558242ac7fff,8a7558242af7fff,8a7558242a0ffff,8a7558242a1ffff",3
172,-71223800#4,-336863927#1,0.5,0.5,0.75,0.25,0.25,1.0,0.75,0.75,1.0,0.75,0.75,0.75,0.5,0.25,0.0,0.0,0.0,0.0,0.0,0.0,0.5,0.5,0.0,"8a7558242b47fff,8a7558242b67fff,8a7558242b57fff,8a7558242b5ffff,8a7558242b0ffff,8a7558242b07fff,8a7558242b17fff,8a755824284ffff,8a755824285ffff,8a7558242847fff,8a755824295ffff,8a755824282ffff,8a7558242817fff",2
172,-71223800#4,-336863927#1,0.0,0.0,0.75,0.25,0.25,0.5,0.75,0.75,0.5,0.75,0.75,0.75,1.0,0.25,0.5,0.5,0.5,0.5,0.5,0.5,0.0,0.0,0.5,"8a7558242b47fff,8a7558242b67fff,8a7558242b57fff,8a7558242b5ffff,8a7558242b0ffff,8a7558242b07fff,8a7558242b17fff,8a755824284ffff,8a755824285ffff,8a7558242847fff,8a755824295ffff,8a755824282ffff,8a7558242817fff",3
173,-479315694,-1323419243,0.5,0.5,0.5,0.0,0.25,0.5,0.75,0.75,0.5,1.0,0.75,0.75,1.0,0.0,0.0,0.25,0.25,0.5,0.0,0.25,0.5,0.5,0.0,"8a755825c98ffff,8a755825c9affff,8a755825c937fff,8a755824266ffff,8a7558242297fff,8a755824274ffff",2
173,-479315694,-1323419243,0.0,0.0,1.0,0.5,0.25,1.0,0.75,0.75,1.0,0.5,0.75,0.75,0.5,0.5,0.5,0.25,0.25,0.0,0.5,0.25,0.0,0.0,0.5,"8a755825c98ffff,8a755825c9b7fff,8a755824266ffff,8a7558242297fff,8a755824274ffff",3
174,-101600741#2,-101752975#2,0.1666666666666666,0.1666666666666666,0.1666666666666666,0.8333333333333334,0.4166666666666666,1.0,0.5833333333333334,0.5833333333333334,0.6666666666666666,0.3333333333333333,0.5833333333333334,1.0,0.8333333333333334,0.8333333333333334,0.8333333333333334,0.8333333333333334,0.6666666666666667,0.1666666666666666,0.0,0.6666666666666667,0.1666666666666666,0.1666666666666666,0.6666666666666667,"8a7558242137fff,8a75582421a7fff,8a7558242127fff,8a755824212ffff,8a75582428dffff,8a7558242177fff,8a7558242167fff,8a7558242147fff,8a755824214ffff,8a7558242a97fff,8a755824206ffff,8a7558242047fff,8a75582423b7fff,8a7558242397fff,8a755824239ffff,8a755824274ffff,8a7558242297fff,8a755824266ffff,8a755825c937fff,8a755825c90ffff,8a755825c977fff,8a755825c957fff,8a755825c877fff,8a755825c95ffff,8a755825c96ffff",1
174,-101600741#2,-101752975#2,0.5,0.6666666666666667,0.6666666666666666,0.3333333333333333,0.4166666666666666,0.1666666666666666,0.5833333333333334,0.5833333333333334,0.5,0.5,0.5833333333333334,0.5,0.6666666666666666,0.0,0.0,0.0,0.1666666666666666,0.6666666666666667,0.8333333333333334,0.1666666666666666,0.6666666666666667,0.5,0.5,"8a7558242137fff,8a75582421a7fff,8a7558242127fff,8a755824212ffff,8a75582428dffff,8a7558242177fff,8a7558242167fff,8a7558242147fff,8a755824214ffff,8a7558242a97fff,8a755824206ffff,8a7558242047fff,8a75582423b7fff,8a7558242397fff,8a755824274ffff,8a7558242297fff,8a755824266ffff,8a755825c937fff,8a755825c90ffff,8a755825c977fff,8a755825c947fff,8a755825c96ffff,8a755825c95ffff",2
174,-101600741#2,-101752975#2,0.3333333333333333,0.3333333333333333,1.0,0.0,0.4166666666666666,0.5,0.5833333333333334,0.5833333333333334,0.3333333333333333,0.8333333333333334,0.5833333333333334,0.1666666666666666,0.5,0.1666666666666666,0.1666666666666666,0.1666666666666666,0.5,0.3333333333333333,0.5,0.5,0.3333333333333333,0.3333333333333333,0.3333333333333333,"8a7558242137fff,8a75582421a7fff,8a7558242127fff,8a755824212ffff,8a75582428dffff,8a7558242177fff,8a7558242167fff,8a7558242147fff,8a755824214ffff,8a7558242a97fff,8a755824206ffff,8a7558242047fff,8a75582423b7fff,8a7558242397fff,8a755824274ffff,8a7558242297fff,8a755824266ffff,8a755825c937fff,8a755825c90ffff,8a755825c977fff,8a755825c947fff,8a755825c96ffff,8a755825c95ffff",2
174,-101600741#2,-101752975#2,0.6666666666666667,0.5,0.8333333333333334,0.1666666666666666,0.4166666666666666,0.6666666666666666,0.5833333333333334,0.5833333333333334,0.8333333333333334,1.0,0.5833333333333334,0.3333333333333333,0.1666666666666666,0.6666666666666667,0.6666666666666667,0.6666666666666667,0.3333333333333333,0.5,0.3333333333333333,0.3333333333333333,0.5,0.6666666666666667,0.0,"8a7558242137fff,8a75582421a7fff,8a7558242127fff,8a755824212ffff,8a75582428dffff,8a7558242177fff,8a7558242167fff,8a7558242147fff,8a755824214ffff,8a7558242a97fff,8a755824206ffff,8a7558242047fff,8a75582423b7fff,8a7558242397fff,8a755824239ffff,8a755824274ffff,8a7558242297fff,8a755824266ffff,8a755825c937fff,8a755825c90ffff,8a755825c977fff,8a755825c947fff,8a755825c96ffff,8a755825c95ffff",0
174,-101600741#2,-101752975#2,0.8333333333333334,0.8333333333333334,0.4166666666666667,0.5833333333333333,0.4166666666666666,0.3333333333333333,0.5833333333333334,0.5833333333333334,1.0,0.6666666666666666,0.5833333333333334,0.6666666666666666,0.3333333333333333,0.5,0.5,0.5,0.0,0.8333333333333334,0.6666666666666667,0.0,0.8333333333333334,0.8333333333333334,0.1666666666666666,"8a7558242137fff,8a75582421a7fff,8a7558242127fff,8a755824212ffff,8a75582428dffff,8a7558242177fff,8a7558242167fff,8a7558242147fff,8a755824214ffff,8a7558242a97fff,8a755824206ffff,8a7558242047fff,8a75582423b7fff,8a7558242397fff,8a755824239ffff,8a755824274ffff,8a7558242297fff,8a755824266ffff,8a755825c937fff,8a755825c90ffff,8a755825c977fff,8a755825c947fff,8a755825c96ffff,8a755825c95ffff",0
174,-101600741#2,-101752975#2,0.0,0.0,0.4166666666666667,0.5833333333333333,0.4166666666666666,0.8333333333333334,0.5833333333333334,0.5833333333333334,0.1666666666666666,0.1666666666666666,0.5833333333333334,0.8333333333333334,1.0,0.3333333333333333,0.3333333333333333,0.3333333333333333,0.8333333333333334,0.0,0.1666666666666666,0.8333333333333334,0.0,0.0,0.8333333333333334,"8a7558242137fff,8a75582421a7fff,8a7558242127fff,8a755824212ffff,8a75582428dffff,8a7558242177fff,8a7558242167fff,8a7558242147fff,8a755824214ffff,8a7558242a97fff,8a755824206ffff,8a7558242047fff,8a75582423b7fff,8a7558242397fff,8a755824274ffff,8a7558242297fff,8a755824266ffff,8a755825c937fff,8a755825c90ffff,8a755825c977fff,8a755825c957fff,8a755825c877fff,8a755825c95ffff,8a755825c96ffff",1
175,-619184994,-101752975#1,0.1666666666666666,0.1666666666666666,0.1666666666666666,0.3333333333333333,0.4166666666666666,1.0,0.5833333333333334,0.5833333333333334,0.6666666666666666,0.3333333333333333,0.5833333333333334,1.0,0.8333333333333334,0.8333333333333334,0.8333333333333334,0.8333333333333334,0.6666666666666667,0.1666666666666666,0.0,0.6666666666666667,0.1666666666666666,0.1666666666666666,0.6666666666666667,"8a7558242ab7fff,8a7558242a97fff,8a755824206ffff,8a7558242047fff,8a75582423b7fff,8a7558242397fff,8a755824239ffff,8a755824274ffff,8a7558242297fff,8a755824266ffff,8a755825c937fff,8a755825c90ffff,8a755825c977fff,8a755825c957fff,8a755825c877fff,8a755825c95ffff,8a755825c96ffff",1
175,-619184994,-101752975#1,0.0,0.0,0.4166666666666667,0.0833333333333333,0.4166666666666666,0.8333333333333334,0.5833333333333334,0.5833333333333334,0.1666666666666666,0.1666666666666666,0.5833333333333334,0.8333333333333334,1.0,0.3333333333333333,0.3333333333333333,0.3333333333333333,0.8333333333333334,0.0,0.1666666666666666,0.8333333333333334,0.0,0.0,0.8333333333333334,"8a7558242ab7fff,8a7558242a97fff,8a755824206ffff,8a7558242047fff,8a75582423b7fff,8a7558242397fff,8a755824274ffff,8a7558242297fff,8a755824266ffff,8a755825c937fff,8a755825c90ffff,8a755825c977fff,8a755825c957fff,8a755825c877fff,8a755825c95ffff,8a755825c96ffff",1
175,-619184994,-101752975#1,0.5,0.6666666666666667,0.8333333333333334,0.5,0.4166666666666666,0.1666666666666666,0.5833333333333334,0.5833333333333334,0.5,0.5,0.5833333333333334,0.5,0.6666666666666666,0.0,0.0,0.0,0.1666666666666666,0.8333333333333334,0.8333333333333334,0.1666666666666666,0.6666666666666667,0.5,0.5,"8a7558242ab7fff,8a7558242a97fff,8a755824206ffff,8a7558242047fff,8a75582423b7fff,8a7558242397fff,8a755824274ffff,8a7558242297fff,8a755824266ffff,8a755825c937fff,8a755825c90ffff,8a755825c977fff,8a755825c947fff,8a755825c96ffff,8a755825c95ffff,8a755825c877fff",2
175,-619184994,-101752975#1,0.8333333333333334,0.8333333333333334,0.4166666666666667,0.0833333333333333,0.4166666666666666,0.3333333333333333,0.5833333333333334,0.5833333333333334,1.0,0.6666666666666666,0.5833333333333334,0.6666666666666666,0.3333333333333333,0.5,0.5,0.5,0.0,0.6666666666666667,0.6666666666666667,0.0,0.8333333333333334,0.8333333333333334,0.1666666666666666,"8a7558242ab7fff,8a7558242a97fff,8a755824206ffff,8a7558242047fff,8a75582423b7fff,8a7558242397fff,8a755824239ffff,8a755824274ffff,8a7558242297fff,8a755824266ffff,8a755825c937fff,8a755825c90ffff,8a755825c977fff,8a755825c947fff,8a755825c96ffff,8a755825c95ffff,8a755825c877fff",0
175,-619184994,-101752975#1,0.3333333333333333,0.3333333333333333,1.0,0.8333333333333334,0.4166666666666666,0.5,0.5833333333333334,0.5833333333333334,0.3333333333333333,0.8333333333333334,0.5833333333333334,0.1666666666666666,0.5,0.1666666666666666,0.1666666666666666,0.1666666666666666,0.5,0.3333333333333333,0.5,0.5,0.3333333333333333,0.3333333333333333,0.3333333333333333,"8a7558242ab7fff,8a7558242a97fff,8a755824206ffff,8a7558242047fff,8a75582423b7fff,8a7558242397fff,8a755824274ffff,8a7558242297fff,8a755824266ffff,8a755825c937fff,8a755825c90ffff,8a755825c977fff,8a755825c947fff,8a755825c96ffff,8a755825c95ffff,8a755825c877fff",2
175,-619184994,-101752975#1,0.6666666666666667,0.5,0.6666666666666666,0.6666666666666667,0.4166666666666666,0.6666666666666666,0.5833333333333334,0.5833333333333334,0.8333333333333334,1.0,0.5833333333333334,0.3333333333333333,0.1666666666666666,0.6666666666666667,0.6666666666666667,0.6666666666666667,0.3333333333333333,0.5,0.3333333333333333,0.3333333333333333,0.5,0.6666666666666667,0.0,"8a7558242ab7fff,8a7558242a97fff,8a755824206ffff,8a7558242047fff,8a75582423b7fff,8a7558242397fff,8a755824239ffff,8a755824274ffff,8a7558242297fff,8a755824266ffff,8a755825c937fff,8a755825c90ffff,8a755825c977fff,8a755825c947fff,8a755825c96ffff,8a755825c95ffff,8a755825c877fff",0
176,-336860317#0,-101606546,0.3333333333333333,0.0,1.0,0.6666666666666667,0.3333333333333333,1.0,0.6666666666666666,0.6666666666666666,1.0,0.6666666666666666,0.6666666666666666,0.6666666666666666,0.3333333333333333,0.3333333333333333,0.6666666666666667,0.6666666666666667,0.3333333333333333,0.3333333333333333,0.6666666666666667,0.6666666666666667,0.0,0.3333333333333333,0.6666666666666667,"8a755825cd6ffff,8a755825cd67fff,8a755825c9b7fff,8a755824266ffff,8a7558242297fff,8a755824274ffff,8a755824260ffff,8a755824262ffff,8a755824270ffff,8a7558242707fff,8a755824271ffff",1
176,-336860317#0,-101606546,0.0,0.3333333333333333,0.6666666666666666,0.3333333333333333,0.3333333333333333,0.6666666666666666,0.6666666666666666,0.6666666666666666,0.6666666666666666,1.0,0.6666666666666666,0.6666666666666666,0.6666666666666666,0.3333333333333333,0.3333333333333333,0.3333333333333333,0.3333333333333333,0.6666666666666667,0.3333333333333333,0.3333333333333333,0.3333333333333333,0.0,0.3333333333333333,"8a755825cd6ffff,8a755825cd67fff,8a755825c9b7fff,8a755824266ffff,8a7558242297fff,8a755824274ffff,8a755824260ffff,8a755824262ffff,8a755824270ffff,8a7558242707fff,8a755824271ffff",2
176,-336860317#0,-101606546,0.6666666666666667,0.6666666666666667,0.3333333333333333,0.0,0.3333333333333333,0.3333333333333333,0.6666666666666666,0.6666666666666666,0.3333333333333333,0.3333333333333333,0.6666666666666666,0.6666666666666666,1.0,0.3333333333333333,0.0,0.0,0.3333333333333333,0.0,0.0,0.0,0.6666666666666667,0.6666666666666667,0.0,"8a755825cd6ffff,8a755825cd67fff,8a755825cd77fff,8a75582426d7fff,8a75582426f7fff,8a755824261ffff,8a755824260ffff,8a755824262ffff,8a755824270ffff,8a7558242707fff,8a755824271ffff",4
177,-101606546,-336860317#0,0.0,0.0,1.0,0.0,0.0,1.0,1.0,1.0,1.0,1.0,1.0,1.0,1.0,0.0,0.0,0.0,0.0,0.0,0.0,0.0,0.0,0.0,0.0,"8a7558242707fff,8a755824271ffff,8a755824270ffff,8a755824262ffff,8a755824260ffff,8a755824274ffff,8a7558242297fff,8a755824266ffff,8a755825c9b7fff,8a755825cd67fff,8a755825cd6ffff",3
178,76867740,416428068,0.0,0.0,1.0,0.0,0.0,1.0,1.0,1.0,1.0,1.0,1.0,1.0,1.0,0.0,0.0,0.0,0.0,0.0,0.0,0.0,0.0,0.0,0.0,"8a7558242397fff,8a755824274ffff,8a755824239ffff,8a75582423a7fff,8a755824204ffff,8a755824206ffff,8a7558242a9ffff",3
179,-100488715#3,-101411571#1,0.0,0.0,1.0,0.0,0.0,1.0,1.0,1.0,1.0,1.0,1.0,1.0,1.0,0.0,0.0,0.0,0.0,0.0,0.0,0.0,0.0,0.0,0.0,"8a75582420dffff,8a755824270ffff,8a755824262ffff,8a755824260ffff,8a755824274ffff,8a7558242297fff,8a75582422a7fff,8a7558242217fff,8a7558242237fff,8a7558242227fff,8a755824230ffff",3
180,101416508#1,71223791#1,0.75,0.75,0.75,0.0,0.375,0.75,0.625,0.625,0.625,0.625,0.625,0.625,0.625,0.375,0.375,0.375,0.375,0.25,0.375,0.375,0.75,0.0,0.5,"8a7558242a27fff,8a7558242a2ffff,8a7558242a0ffff,8a7558242a07fff,8a7558242a1ffff,8a7558242aaffff,8a7558242327fff,8a7558242af7fff",2
180,101416508#1,71223791#1,0.0,0.25,0.25,0.25,0.375,0.25,0.625,0.625,0.625,0.625,0.625,0.625,0.625,0.375,0.375,0.375,0.375,0.75,0.375,0.375,0.25,0.25,0.25,"8a7558242a27fff,8a7558242a2ffff,8a7558242a0ffff,8a7558242a1ffff,8a7558242aaffff,8a7558242327fff,8a7558242af7fff",1
180,101416508#1,71223791#1,0.5,0.0,1.0,0.75,0.375,1.0,0.625,0.625,0.625,0.625,0.625,0.625,0.625,0.375,0.375,0.375,0.375,0.5,0.375,0.375,0.0,0.75,0.75,"8a7558242a27fff,8a7558242a2ffff,8a7558242a0ffff,8a7558242a1ffff,8a7558242aaffff,8a7558242327fff,8a7558242af7fff",1
180,101416508#1,71223791#1,0.25,0.5,0.5,0.5,0.375,0.5,0.625,0.625,0.625,0.625,0.625,0.625,0.625,0.375,0.375,0.375,0.375,0.0,0.375,0.375,0.5,0.5,0.0,"8a7558242a27fff,8a7558242a2ffff,8a7558242a0ffff,8a7558242a07fff,8a7558242a1ffff,8a7558242aaffff,8a7558242327fff,8a7558242af7fff",4
181,-101749465,-1323419247,0.0,0.0,1.0,0.0,0.0,1.0,1.0,1.0,1.0,1.0,1.0,1.0,1.0,0.0,0.0,0.0,0.0,0.0,0.0,0.0,0.0,0.0,0.0,"8a7558242a6ffff,8a7558240697fff,8a7558242acffff,8a755824230ffff,8a7558242307fff,8a7558242337fff,8a755824206ffff,8a7558242047fff,8a755824204ffff",3
182,-101765339#0,100475365#1,0.0,0.0,1.0,0.5,0.25,1.0,0.75,0.75,0.5,0.5,0.75,0.75,1.0,0.25,0.5,0.5,0.25,0.25,0.5,0.5,0.0,0.0,0.5,"8a755825c81ffff,8a755825c807fff,8a755825c877fff,8a755825c957fff,8a755825c977fff,8a755825c90ffff,8a755825c937fff,8a755824266ffff,8a7558242297fff,8a755824274ffff,8a755824260ffff,8a755824262ffff,8a755824270ffff,8a75582420dffff,8a75582420c7fff,8a75582420e7fff,8a755824200ffff,8a7558242007fff",3
182,-101765339#0,100475365#1,0.5,0.5,0.5,0.0,0.25,0.5,0.75,0.75,1.0,1.0,0.75,0.75,0.5,0.25,0.0,0.0,0.25,0.25,0.0,0.0,0.5,0.5,0.0,"8a755825c81ffff,8a755825c807fff,8a755825c877fff,8a755825c957fff,8a755825c977fff,8a755825c90ffff,8a755825c937fff,8a755824266ffff,8a7558242297fff,8a755824274ffff,8a755824260ffff,8a755824262ffff,8a755824270ffff,8a75582420dffff,8a75582420c7fff,8a75582420e7fff,8a755824200ffff,8a7558242007fff",2
183,-282689981#1,-619184994,0.0,0.0,1.0,0.0,0.0,1.0,1.0,1.0,1.0,1.0,1.0,1.0,1.0,0.0,0.0,0.0,0.0,0.0,0.0,0.0,0.0,0.0,0.0,"8a7558242acffff,8a7558242ac7fff,8a755824230ffff,8a7558242307fff,8a7558242337fff,8a755824206ffff,8a7558242067fff,8a7558242a97fff,8a7558242ab7fff",3
184,-282689975#3,-1200809291,0.0,0.0,1.0,0.0,0.0,1.0,1.0,1.0,1.0,1.0,1.0,1.0,1.0,0.0,0.0,0.0,0.0,0.0,0.0,0.0,0.0,0.0,0.0,"8a7558240617fff,8a75582406affff,8a7558240687fff,8a7558240697fff,8a7558242acffff,8a755824230ffff,8a7558242307fff,8a7558242317fff,8a75582423affff,8a75582423a7fff,8a755824204ffff",3
185,-336860317#1,-1047412913,0.5,0.75,0.5,0.5,0.375,0.75,0.625,0.625,0.5,0.625,0.625,0.625,0.75,0.0,0.0,0.0,0.0,0.75,0.0,0.375,0.75,0.5,0.0,"8a755825cd6ffff,8a755825cd67fff,8a755825c9b7fff,8a755824266ffff,8a7558242297fff,8a75582422a7fff,8a7558242217fff,8a7558242237fff,8a7558242227fff,8a755824230ffff,8a7558242acffff,8a7558242ac7fff,8a7558242af7fff,8a7558242a0ffff,8a7558242a2ffff,8a7558242b5ffff,8a7558242b0ffff,8a7558242b2ffff,8a75582404dffff,8a75582404d7fff,8a75582404c7fff",4
185,-336860317#1,-1047412913,0.25,0.0,0.75,0.25,0.375,0.5,0.625,0.625,0.75,0.625,0.625,0.625,0.5,0.75,0.75,0.75,0.75,0.0,0.75,0.375,0.0,0.25,0.75,"8a755825cd6ffff,8a755825cd67fff,8a755825c9b7fff,8a755824266ffff,8a7558242297fff,8a75582422a7fff,8a7558242217fff,8a7558242237fff,8a7558242227fff,8a755824230ffff,8a7558242acffff,8a7558240697fff,8a7558242a6ffff,8a7558242a67fff,8a7558242a77fff,8a7558242b5ffff,8a7558242b0ffff,8a7558242b2ffff,8a75582404dffff,8a75582404d7fff,8a75582404c7fff",1
185,-336860317#1,-1047412913,0.0,0.25,0.25,0.75,0.375,0.25,0.625,0.625,0.25,0.625,0.625,0.625,1.0,0.5,0.5,0.5,0.5,0.25,0.5,0.375,0.25,0.0,0.5,"8a755825cd6ffff,8a755825cd67fff,8a755825c9b7fff,8a755824266ffff,8a7558242297fff,8a75582422a7fff,8a7558242217fff,8a7558242237fff,8a7558242227fff,8a755824230ffff,8a7558242acffff,8a7558240697fff,8a7558242a6ffff,8a7558242a67fff,8a7558242a77fff,8a7558242b5ffff,8a7558242b0ffff,8a7558242b2ffff,8a75582404dffff,8a75582404d7fff,8a75582404c7fff",1
185,-336860317#1,-1047412913,0.75,0.5,1.0,0.0,0.375,1.0,0.625,0.625,1.0,0.625,0.625,0.625,0.25,0.25,0.25,0.25,0.25,0.5,0.25,0.375,0.5,0.75,0.25,"8a755825cd6ffff,8a755825cd67fff,8a755825c9b7fff,8a755824266ffff,8a7558242297fff,8a75582422a7fff,8a7558242217fff,8a7558242237fff,8a7558242227fff,8a755824230ffff,8a7558242acffff,8a7558242ac7fff,8a7558242af7fff,8a7558242a0ffff,8a7558242a2ffff,8a7558242b5ffff,8a7558242b0ffff,8a7558242b2ffff,8a75582404dffff,8a75582404d7fff,8a75582404c7fff",4
186,71324347#5,416428068,0.6666666666666667,0.6666666666666667,0.3333333333333333,0.6666666666666667,0.6666666666666667,0.3333333333333333,0.6666666666666666,0.6666666666666666,1.0,0.6666666666666666,0.6666666666666666,0.6666666666666666,0.3333333333333333,0.0,0.0,0.0,0.0,0.6666666666666667,0.3333333333333333,0.3333333333333333,0.6666666666666667,0.6666666666666667,0.0,"8a75582423affff,8a7558242387fff,8a7558242397fff,8a75582423a7fff,8a755824204ffff,8a755824206ffff,8a7558242a9ffff",4
186,71324347#5,416428068,0.3333333333333333,0.3333333333333333,1.0,0.0,0.1666666666666666,1.0,0.6666666666666666,0.6666666666666666,0.3333333333333333,0.6666666666666666,0.6666666666666666,0.6666666666666666,1.0,0.6666666666666667,0.6666666666666667,0.6666666666666667,0.6666666666666667,0.0,0.6666666666666667,0.3333333333333333,0.3333333333333333,0.0,0.3333333333333333,"8a75582423affff,8a7558242387fff,8a7558242217fff,8a7558242237fff,8a7558242227fff,8a755824230ffff,8a7558242307fff,8a7558242337fff,8a7558242327fff,8a7558242a9ffff,8a755824206ffff",1
186,71324347#5,416428068,0.0,0.0,0.6666666666666666,0.3333333333333333,0.1666666666666666,0.6666666666666666,0.6666666666666666,0.6666666666666666,0.6666666666666666,0.6666666666666666,0.6666666666666666,0.6666666666666666,0.6666666666666666,0.3333333333333333,0.3333333333333333,0.3333333333333333,0.3333333333333333,0.3333333333333333,0.0,0.3333333333333333,0.0,0.3333333333333333,0.6666666666666667,"8a75582423affff,8a7558242387fff,8a7558242217fff,8a7558242237fff,8a7558242227fff,8a755824230ffff,8a7558242307fff,8a7558242337fff,8a755824206ffff,8a7558242a9ffff",3
187,-47374664,101606547#1,0.75,0.75,1.0,0.75,0.75,1.0,0.625,0.625,0.5,1.0,0.625,0.625,1.0,0.75,0.75,0.75,0.375,0.0,0.75,0.0,0.75,0.0,0.25,"8a755824221ffff,8a7558242237fff,8a7558242217fff,8a75582422a7fff,8a7558242297fff,8a755824274ffff,8a755824260ffff,8a755824262ffff,8a755824270ffff,8a7558242707fff,8a755824271ffff",2
187,-47374664,101606547#1,0.5,0.5,0.75,0.0,0.25,0.75,0.625,0.625,0.75,0.75,0.625,0.625,0.5,0.5,0.5,0.5,0.375,0.75,0.5,0.75,0.5,0.5,0.5,"8a755824221ffff,8a7558242237fff,8a7558242217fff,8a7558242387fff,8a7558242397fff,8a755824239ffff,8a755824274ffff,8a755824260ffff,8a755824262ffff,8a755824270ffff,8a7558242707fff,8a755824271ffff",2
187,-47374664,101606547#1,0.0,0.0,0.5,0.25,0.25,0.25,0.625,0.625,0.25,0.25,0.625,0.625,0.75,0.25,0.25,0.25,0.375,0.25,0.25,0.5,0.0,0.25,0.75,"8a755824221ffff,8a7558242237fff,8a7558242217fff,8a7558242387fff,8a7558242397fff,8a755824274ffff,8a755824260ffff,8a755824262ffff,8a755824270ffff,8a7558242707fff,8a755824271ffff",1
187,-47374664,101606547#1,0.25,0.25,0.25,0.5,0.25,0.5,0.625,0.625,1.0,0.5,0.625,0.625,0.25,0.0,0.0,0.0,0.375,0.5,0.0,0.25,0.25,0.75,0.0,"8a755824221ffff,8a7558242237fff,8a7558242217fff,8a7558242387fff,8a7558242397fff,8a755824239ffff,8a755824274ffff,8a755824260ffff,8a755824262ffff,8a755824270ffff,8a7558242707fff,8a755824271ffff",4
188,71324347#0,-47374664,0.0,0.0,1.0,0.0,0.0,1.0,1.0,1.0,1.0,1.0,1.0,1.0,1.0,0.0,0.0,0.0,0.0,0.0,0.0,0.0,0.0,0.0,0.0,"8a7558242307fff,8a7558242317fff,8a75582423affff,8a7558242387fff,8a7558242217fff,8a7558242237fff,8a755824221ffff",3
189,336863927#0,-101752975#1,0.6666666666666667,0.5714285714285714,0.7380952380952381,0.3333333333333333,0.4761904761904761,0.4285714285714285,0.5238095238095238,0.5238095238095238,0.4285714285714285,0.6666666666666666,0.5238095238095238,0.4285714285714285,0.4285714285714285,0.1428571428571429,0.1428571428571429,0.1428571428571429,0.3809523809523809,0.7142857142857143,0.9047619047619048,0.3809523809523809,0.5714285714285714,0.3809523809523809,0.6190476190476191,"8a755824282ffff,8a7558242817fff,8a755824281ffff,8a75582428f7fff,8a75582428d7fff,8a75582428dffff,8a7558242177fff,8a7558242167fff,8a7558242147fff,8a755824214ffff,8a7558242a97fff,8a755824206ffff,8a7558242047fff,8a75582423b7fff,8a7558242397fff,8a755824274ffff,8a7558242297fff,8a755824266ffff,8a755825c937fff,8a755825c90ffff,8a755825c977fff,8a755825c947fff,8a755825c96ffff,8a755825c95ffff,8a755825c877fff",2
189,336863927#0,-101752975#1,0.3333333333333333,0.3333333333333333,0.6428571428571429,0.4523809523809523,0.4761904761904761,0.3809523809523809,0.5238095238095238,0.5238095238095238,0.238095238095238,0.6190476190476191,0.5238095238095238,0.0476190476190476,0.5238095238095238,0.3333333333333333,0.3333333333333333,0.3333333333333333,0.6190476190476191,0.3333333333333333,0.6190476190476191,0.6190476190476191,0.3333333333333333,0.4285714285714286,0.2857142857142857,"8a755824282ffff,8a755824295ffff,8a7558242847fff,8a7558242877fff,8a75582428e7fff,8a75582428f7fff,8a75582428d7fff,8a75582428dffff,8a7558242177fff,8a7558242167fff,8a7558242147fff,8a755824214ffff,8a7558242a97fff,8a755824206ffff,8a7558242047fff,8a75582423b7fff,8a7558242397fff,8a755824274ffff,8a7558242297fff,8a755824266ffff,8a755825c937fff,8a755825c90ffff,8a755825c977fff,8a755825c947fff,8a755825c96ffff,8a755825c95ffff,8a755825c877fff",2
189,336863927#0,-101752975#1,0.9523809523809524,0.9523809523809524,0.7380952380952381,0.3333333333333333,0.4761904761904761,0.7142857142857143,0.5238095238095238,0.5238095238095238,1.0,0.9047619047619048,0.5238095238095238,0.6666666666666666,0.0952380952380952,0.5714285714285714,0.5714285714285714,0.5714285714285714,0.0,0.9523809523809524,0.6666666666666667,0.0,0.9523809523809524,0.8571428571428572,0.1904761904761904,"8a755824282ffff,8a755824280ffff,8a755824281ffff,8a75582428f7fff,8a75582428d7fff,8a75582428dffff,8a7558242177fff,8a7558242167fff,8a7558242147fff,8a755824214ffff,8a7558242a97fff,8a755824206ffff,8a7558242047fff,8a75582423b7fff,8a7558242397fff,8a755824239ffff,8a755824274ffff,8a7558242297fff,8a755824266ffff,8a755825c937fff,8a755825c90ffff,8a755825c977fff,8a755825c947fff,8a755825c96ffff,8a755825c95ffff,8a755825c877fff",0
189,336863927#0,-101752975#1,0.2380952380952381,0.2380952380952381,0.8095238095238095,0.3333333333333333,0.4761904761904761,0.9523809523809524,0.5238095238095238,0.5238095238095238,0.1904761904761904,0.4761904761904761,0.5238095238095238,0.9523809523809524,0.7142857142857143,0.3809523809523809,0.3809523809523809,0.3809523809523809,0.7142857142857143,0.2380952380952381,0.0476190476190476,0.7142857142857143,0.2380952380952381,0.0476190476190476,0.9523809523809524,"8a755824282ffff,8a755824280ffff,8a755824281ffff,8a75582428f7fff,8a75582428d7fff,8a75582428dffff,8a7558242177fff,8a7558242167fff,8a7558242147fff,8a755824214ffff,8a7558242a97fff,8a755824206ffff,8a7558242047fff,8a75582423b7fff,8a7558242397fff,8a755824274ffff,8a7558242297fff,8a755824266ffff,8a755825c937fff,8a755825c90ffff,8a755825c977fff,8a755825c957fff,8a755825c877fff,8a755825c95ffff,8a755825c96ffff",1
189,336863927#0,-101752975#1,0.1428571428571429,0.0476190476190476,0.5,0.1666666666666666,0.4761904761904761,0.8571428571428571,0.5238095238095238,0.5238095238095238,0.0952380952380952,0.3809523809523809,0.5238095238095238,0.7619047619047619,0.7619047619047619,0.4761904761904761,0.4761904761904761,0.4761904761904761,0.9047619047619048,0.1428571428571429,0.2380952380952381,0.9047619047619048,0.0476190476190476,0.0,0.9047619047619048,"8a755824282ffff,8a7558242817fff,8a755824281ffff,8a75582428f7fff,8a75582428d7fff,8a75582428dffff,8a7558242177fff,8a7558242167fff,8a7558242147fff,8a755824214ffff,8a7558242a97fff,8a755824206ffff,8a7558242047fff,8a75582423b7fff,8a7558242397fff,8a755824274ffff,8a7558242297fff,8a755824266ffff,8a755825c937fff,8a755825c90ffff,8a755825c977fff,8a755825c957fff,8a755825c877fff,8a755825c95ffff,8a755825c96ffff",1
189,336863927#0,-101752975#1,0.4285714285714286,0.5238095238095238,0.2857142857142857,0.7142857142857143,0.4761904761904761,0.1428571428571428,0.5238095238095238,0.5238095238095238,0.3809523809523809,0.2857142857142857,0.5238095238095238,0.1904761904761904,0.8571428571428571,0.1904761904761904,0.1904761904761904,0.1904761904761904,0.4285714285714286,0.4285714285714286,0.4761904761904761,0.4285714285714286,0.5238095238095238,0.6190476190476191,0.3333333333333333,"8a755824282ffff,8a755824295ffff,8a7558242847fff,8a755824285ffff,8a7558242bb7fff,8a7558242b87fff,8a7558242b9ffff,8a7558242147fff,8a755824214ffff,8a7558242a97fff,8a755824206ffff,8a7558242047fff,8a75582423b7fff,8a7558242397fff,8a755824274ffff,8a7558242297fff,8a755824266ffff,8a755825c937fff,8a755825c90ffff,8a755825c977fff,8a755825c947fff,8a755825c96ffff,8a755825c95ffff,8a755825c877fff",0
189,336863927#0,-101752975#1,0.0476190476190476,0.1428571428571429,0.119047619047619,0.8809523809523809,0.4761904761904761,0.238095238095238,0.5238095238095238,0.5238095238095238,0.1428571428571428,0.0476190476190476,0.5238095238095238,0.8571428571428571,1.0,0.4285714285714286,0.4285714285714286,0.4285714285714286,0.8095238095238095,0.0476190476190476,0.1428571428571429,0.8095238095238095,0.1428571428571429,0.1428571428571429,0.8571428571428572,"8a755824282ffff,8a755824295ffff,8a7558242847fff,8a755824285ffff,8a7558242bb7fff,8a7558242b87fff,8a7558242b9ffff,8a7558242147fff,8a755824214ffff,8a7558242a97fff,8a755824206ffff,8a7558242047fff,8a75582423b7fff,8a7558242397fff,8a755824274ffff,8a7558242297fff,8a755824266ffff,8a755825c937fff,8a755825c90ffff,8a755825c977fff,8a755825c957fff,8a755825c877fff,8a755825c95ffff,8a755825c96ffff",1
189,336863927#0,-101752975#1,0.8571428571428572,0.9047619047619048,0.9523809523809524,0.5238095238095238,0.4761904761904761,0.6666666666666666,0.5238095238095238,0.5238095238095238,0.5714285714285714,0.8571428571428571,0.5238095238095238,0.6190476190476191,0.2857142857142857,0.0,0.0,0.0,0.0476190476190476,0.9047619047619048,0.7142857142857143,0.0476190476190476,0.9047619047619048,0.5714285714285714,0.5714285714285714,"8a755824282ffff,8a755824280ffff,8a755824281ffff,8a75582428f7fff,8a75582428d7fff,8a75582428dffff,8a7558242177fff,8a7558242167fff,8a7558242147fff,8a755824214ffff,8a7558242a97fff,8a755824206ffff,8a7558242047fff,8a75582423b7fff,8a7558242397fff,8a755824274ffff,8a7558242297fff,8a755824266ffff,8a755825c937fff,8a755825c90ffff,8a755825c977fff,8a755825c947fff,8a755825c96ffff,8a755825c95ffff,8a755825c877fff",2
189,336863927#0,-101752975#1,0.6190476190476191,0.4285714285714286,0.8809523809523809,0.5952380952380952,0.4761904761904761,0.5238095238095238,0.5238095238095238,0.5238095238095238,0.3333333333333333,0.7619047619047619,0.5238095238095238,0.0952380952380952,0.3809523809523809,0.2380952380952381,0.2380952380952381,0.2380952380952381,0.5238095238095238,0.5238095238095238,0.5714285714285714,0.5238095238095238,0.4285714285714286,0.3333333333333333,0.4285714285714286,"8a755824282ffff,8a7558242817fff,8a755824281ffff,8a75582428f7fff,8a75582428d7fff,8a75582428dffff,8a7558242177fff,8a7558242167fff,8a7558242147fff,8a755824214ffff,8a7558242a97fff,8a755824206ffff,8a7558242047fff,8a75582423b7fff,8a7558242397fff,8a755824274ffff,8a7558242297fff,8a755824266ffff,8a755825c937fff,8a755825c90ffff,8a755825c977fff,8a755825c947fff,8a755825c96ffff,8a755825c95ffff,8a755825c877fff",2
189,336863927#0,-101752975#1,0.3809523809523809,0.3809523809523809,0.5,0.1666666666666666,0.4761904761904761,0.3333333333333333,0.5238095238095238,0.5238095238095238,0.2857142857142857,0.5714285714285714,0.5238095238095238,0.2857142857142857,0.5714285714285714,0.2857142857142857,0.2857142857142857,0.2857142857142857,0.5714285714285714,0.3809523809523809,0.9523809523809524,0.5714285714285714,0.3809523809523809,0.5238095238095238,0.4761904761904761,"8a755824282ffff,8a755824295ffff,8a7558242847fff,8a7558242877fff,8a75582428e7fff,8a75582428f7fff,8a75582428d7fff,8a75582428dffff,8a7558242177fff,8a7558242167fff,8a7558242147fff,8a755824214ffff,8a7558242a97fff,8a755824206ffff,8a7558242047fff,8a75582423b7fff,8a7558242397fff,8a755824274ffff,8a7558242297fff,8a755824266ffff,8a755825c937fff,8a755825c90ffff,8a755825c977fff,8a755825c947fff,8a755825c96ffff,8a755825c95ffff,8a755825c877fff",2
189,336863927#0,-101752975#1,0.1904761904761904,0.0952380952380952,0.3571428571428571,0.0238095238095238,0.4761904761904761,0.9047619047619048,0.5238095238095238,0.5238095238095238,0.6190476190476191,0.4285714285714285,0.5238095238095238,0.8095238095238095,0.4761904761904761,0.9523809523809524,0.9523809523809524,0.9523809523809524,0.8571428571428572,0.1904761904761904,0.1904761904761904,0.8571428571428572,0.0952380952380952,0.1904761904761904,0.7142857142857143,"8a755824282ffff,8a7558242817fff,8a755824281ffff,8a75582428f7fff,8a75582428d7fff,8a75582428dffff,8a7558242177fff,8a7558242167fff,8a7558242147fff,8a755824214ffff,8a7558242a97fff,8a755824206ffff,8a7558242047fff,8a75582423b7fff,8a7558242397fff,8a755824239ffff,8a755824274ffff,8a7558242297fff,8a755824266ffff,8a755825c937fff,8a755825c90ffff,8a755825c977fff,8a755825c957fff,8a755825c877fff,8a755825c95ffff,8a755825c96ffff",1
189,336863927#0,-101752975#1,0.0,0.0,0.3571428571428571,0.0238095238095238,0.4761904761904761,0.6190476190476191,0.5238095238095238,0.5238095238095238,0.0476190476190476,0.238095238095238,0.5238095238095238,0.7142857142857143,0.8095238095238095,0.5238095238095238,0.5238095238095238,0.5238095238095238,0.9523809523809524,0.0,0.2857142857142857,0.9523809523809524,0.0,0.0952380952380952,0.8095238095238095,"8a755824282ffff,8a755824295ffff,8a7558242847fff,8a7558242877fff,8a75582428e7fff,8a75582428f7fff,8a75582428d7fff,8a75582428dffff,8a7558242177fff,8a7558242167fff,8a7558242147fff,8a755824214ffff,8a7558242a97fff,8a755824206ffff,8a7558242047fff,8a75582423b7fff,8a7558242397fff,8a755824274ffff,8a7558242297fff,8a755824266ffff,8a755825c937fff,8a755825c90ffff,8a755825c977fff,8a755825c957fff,8a755825c877fff,8a755825c95ffff,8a755825c96ffff",1
189,336863927#0,-101752975#1,0.2857142857142857,0.2857142857142857,0.5,0.1666666666666666,0.4761904761904761,1.0,0.5238095238095238,0.5238095238095238,0.7142857142857143,0.5238095238095238,0.5238095238095238,1.0,0.3333333333333333,0.8571428571428572,0.6666666666666667,0.8571428571428572,0.6666666666666667,0.2857142857142857,0.0,0.6666666666666667,0.2857142857142857,0.2380952380952381,0.7619047619047619,"8a755824282ffff,8a755824280ffff,8a755824281ffff,8a75582428f7fff,8a75582428d7fff,8a75582428dffff,8a7558242177fff,8a7558242167fff,8a7558242147fff,8a755824214ffff,8a7558242a97fff,8a755824206ffff,8a7558242047fff,8a75582423b7fff,8a7558242397fff,8a755824239ffff,8a755824274ffff,8a7558242297fff,8a755824266ffff,8a755825c937fff,8a755825c90ffff,8a755825c977fff,8a755825c957fff,8a755825c877fff,8a755825c95ffff,8a755825c96ffff",1
189,336863927#0,-101752975#1,0.9047619047619048,0.8571428571428572,0.8809523809523809,0.5952380952380952,0.4761904761904761,0.8095238095238095,0.5238095238095238,0.5238095238095238,0.9523809523809524,1.0,0.5238095238095238,0.3809523809523809,0.0476190476190476,0.6190476190476191,0.6190476190476191,0.6190476190476191,0.0952380952380952,0.8571428571428572,0.3333333333333333,0.0952380952380952,0.8571428571428572,0.8095238095238095,0.0476190476190476,"8a755824282ffff,8a755824280ffff,8a755824281ffff,8a75582428f7fff,8a75582428d7fff,8a75582428dffff,8a7558242177fff,8a7558242167fff,8a7558242147fff,8a755824214ffff,8a7558242a97fff,8a755824206ffff,8a7558242047fff,8a75582423b7fff,8a7558242397fff,8a755824239ffff,8a755824274ffff,8a7558242297fff,8a755824266ffff,8a755825c937fff,8a755825c90ffff,8a755825c977fff,8a755825c947fff,8a755825c96ffff,8a755825c95ffff,8a755825c877fff",0
189,336863927#0,-101752975#1,0.0952380952380952,0.1904761904761904,0.0476190476190476,0.9523809523809524,0.4761904761904761,0.2857142857142857,0.5238095238095238,0.5238095238095238,0.6666666666666666,0.0952380952380952,0.5238095238095238,0.9047619047619048,0.9523809523809524,0.9047619047619048,0.9047619047619048,0.9047619047619048,0.7619047619047619,0.0952380952380952,0.0952380952380952,0.7619047619047619,0.1904761904761904,0.2857142857142857,0.6666666666666667,"8a755824282ffff,8a755824295ffff,8a7558242847fff,8a755824285ffff,8a7558242bb7fff,8a7558242b87fff,8a7558242b9ffff,8a7558242147fff,8a755824214ffff,8a7558242a97fff,8a755824206ffff,8a7558242047fff,8a75582423b7fff,8a7558242397fff,8a755824239ffff,8a755824274ffff,8a7558242297fff,8a755824266ffff,8a755825c937fff,8a755825c90ffff,8a755825c977fff,8a755825c957fff,8a755825c877fff,8a755825c95ffff,8a755825c96ffff",1
189,336863927#0,-101752975#1,0.8095238095238095,0.8095238095238095,1.0,0.6666666666666667,0.4761904761904761,0.7619047619047619,0.5238095238095238,0.5238095238095238,0.5238095238095238,0.9523809523809524,0.5238095238095238,0.3333333333333333,0.238095238095238,0.0476190476190476,0.0476190476190476,0.0476190476190476,0.1428571428571429,0.8095238095238095,0.3809523809523809,0.1428571428571429,0.8095238095238095,0.4761904761904761,0.3809523809523809,"8a755824282ffff,8a755824280ffff,8a755824281ffff,8a75582428f7fff,8a75582428d7fff,8a75582428dffff,8a7558242177fff,8a7558242167fff,8a7558242147fff,8a755824214ffff,8a7558242a97fff,8a755824206ffff,8a7558242047fff,8a75582423b7fff,8a7558242397fff,8a755824274ffff,8a7558242297fff,8a755824266ffff,8a755825c937fff,8a755825c90ffff,8a755825c977fff,8a755825c947fff,8a755825c96ffff,8a755825c95ffff,8a755825c877fff",2
189,336863927#0,-101752975#1,0.7142857142857143,0.4761904761904761,0.6428571428571429,0.4523809523809523,0.4761904761904761,0.5714285714285714,0.5238095238095238,0.5238095238095238,0.7619047619047619,0.8095238095238095,0.5238095238095238,0.1428571428571428,0.1428571428571428,0.8095238095238095,0.8571428571428572,0.8095238095238095,0.4761904761904761,0.6190476190476191,0.5238095238095238,0.4761904761904761,0.4761904761904761,0.7142857142857143,0.0952380952380952,"8a755824282ffff,8a7558242817fff,8a755824281ffff,8a75582428f7fff,8a75582428d7fff,8a75582428dffff,8a7558242177fff,8a7558242167fff,8a7558242147fff,8a755824214ffff,8a7558242a97fff,8a755824206ffff,8a7558242047fff,8a75582423b7fff,8a7558242397fff,8a755824239ffff,8a755824274ffff,8a7558242297fff,8a755824266ffff,8a755825c937fff,8a755825c90ffff,8a755825c977fff,8a755825c947fff,8a755825c96ffff,8a755825c95ffff,8a755825c877fff",0
189,336863927#0,-101752975#1,0.4761904761904761,0.7142857142857143,0.1904761904761904,0.8095238095238095,0.4761904761904761,0.0476190476190476,0.5238095238095238,0.5238095238095238,0.4761904761904761,0.1428571428571428,0.5238095238095238,0.5238095238095238,0.9047619047619048,0.0952380952380952,0.0952380952380952,0.0952380952380952,0.2380952380952381,0.5714285714285714,0.8095238095238095,0.2380952380952381,0.7142857142857143,0.6666666666666667,0.5238095238095238,"8a755824282ffff,8a755824295ffff,8a7558242847fff,8a755824285ffff,8a7558242bb7fff,8a7558242b87fff,8a7558242b9ffff,8a7558242147fff,8a755824214ffff,8a7558242a97fff,8a755824206ffff,8a7558242047fff,8a75582423b7fff,8a7558242397fff,8a755824274ffff,8a7558242297fff,8a755824266ffff,8a755825c937fff,8a755825c90ffff,8a755825c977fff,8a755825c947fff,8a755825c96ffff,8a755825c95ffff,8a755825c877fff",0
189,336863927#0,-101752975#1,0.7619047619047619,0.6666666666666667,0.5,0.1666666666666666,0.4761904761904761,0.4761904761904761,0.5238095238095238,0.5238095238095238,0.8571428571428571,0.7142857142857143,0.5238095238095238,0.4761904761904761,0.1904761904761904,0.7142857142857143,0.7619047619047619,0.7142857142857143,0.2857142857142857,0.7619047619047619,0.8571428571428572,0.2857142857142857,0.6666666666666667,0.7619047619047619,0.2380952380952381,"8a755824282ffff,8a7558242817fff,8a755824281ffff,8a75582428f7fff,8a75582428d7fff,8a75582428dffff,8a7558242177fff,8a7558242167fff,8a7558242147fff,8a755824214ffff,8a7558242a97fff,8a755824206ffff,8a7558242047fff,8a75582423b7fff,8a7558242397fff,8a755824239ffff,8a755824274ffff,8a7558242297fff,8a755824266ffff,8a755825c937fff,8a755825c90ffff,8a755825c977fff,8a755825c947fff,8a755825c96ffff,8a755825c95ffff,8a755825c877fff",0
189,336863927#0,-101752975#1,0.5238095238095238,0.6190476190476191,0.238095238095238,0.7619047619047619,0.4761904761904761,0.1904761904761904,0.5238095238095238,0.5238095238095238,0.8095238095238095,0.3333333333333333,0.5238095238095238,0.238095238095238,0.6190476190476191,0.7619047619047619,0.8095238095238095,0.7619047619047619,0.3333333333333333,0.4761904761904761,0.4285714285714286,0.3333333333333333,0.6190476190476191,0.9047619047619048,0.0,"8a755824282ffff,8a755824295ffff,8a7558242847fff,8a755824285ffff,8a7558242bb7fff,8a7558242b87fff,8a7558242b9ffff,8a7558242147fff,8a755824214ffff,8a7558242a97fff,8a755824206ffff,8a7558242047fff,8a75582423b7fff,8a7558242397fff,8a755824239ffff,8a755824274ffff,8a7558242297fff,8a755824266ffff,8a755825c937fff,8a755825c90ffff,8a755825c977fff,8a755825c947fff,8a755825c96ffff,8a755825c95ffff,8a755825c877fff",0
189,336863927#0,-101752975#1,0.5714285714285714,0.7619047619047619,0.119047619047619,0.8809523809523809,0.4761904761904761,0.0952380952380952,0.5238095238095238,0.5238095238095238,0.9047619047619048,0.1904761904761904,0.5238095238095238,0.5714285714285714,0.6666666666666666,0.6666666666666667,0.7142857142857143,0.6666666666666667,0.1904761904761904,0.6666666666666667,0.7619047619047619,0.1904761904761904,0.7619047619047619,0.9523809523809524,0.1428571428571429,"8a755824282ffff,8a755824295ffff,8a7558242847fff,8a755824285ffff,8a7558242bb7fff,8a7558242b87fff,8a7558242b9ffff,8a7558242147fff,8a755824214ffff,8a7558242a97fff,8a755824206ffff,8a7558242047fff,8a75582423b7fff,8a7558242397fff,8a755824239ffff,8a755824274ffff,8a7558242297fff,8a755824266ffff,8a755825c937fff,8a755825c90ffff,8a755825c977fff,8a755825c947fff,8a755825c96ffff,8a755825c95ffff,8a755825c877fff",0
190,-101604496#1,-101746498#2,0.3333333333333333,0.3333333333333333,1.0,0.0,0.4166666666666666,0.3333333333333333,0.5833333333333334,0.5833333333333334,0.1666666666666666,0.5,0.5833333333333334,0.5833333333333334,1.0,0.75,0.6666666666666667,0.6666666666666667,0.75,0.0,0.5,0.75,0.3333333333333333,0.6666666666666667,0.3333333333333333,"8a755824211ffff,8a755824212ffff,8a75582428dffff,8a7558242177fff,8a7558242167fff,8a7558242147fff,8a755824214ffff,8a7558242a97fff,8a7558242a87fff,8a7558242aa7fff,8a7558242aaffff,8a7558242327fff,8a7558242af7fff,8a7558242ac7fff,8a7558242acffff,8a755824230ffff,8a7558242227fff,8a7558242237fff,8a7558242207fff,8a755824220ffff,8a755824225ffff",1
190,-101604496#1,-101746498#2,0.0,0.0,0.3333333333333333,0.6666666666666667,0.4166666666666666,0.5,0.5833333333333334,0.5833333333333334,0.5,0.1666666666666666,0.5833333333333334,0.5833333333333334,0.6666666666666666,0.1666666666666666,0.1666666666666666,0.1666666666666666,0.5,0.1666666666666666,0.8333333333333334,0.5,0.0,0.0,0.8333333333333334,"8a755824211ffff,8a755824212ffff,8a75582428dffff,8a7558242177fff,8a7558242167fff,8a7558242147fff,8a755824214ffff,8a7558242a97fff,8a755824206ffff,8a7558242047fff,8a75582423b7fff,8a7558242397fff,8a755824274ffff,8a7558242297fff,8a75582422a7fff,8a755825c927fff,8a755824225ffff,8a755824220ffff",1
190,-101604496#1,-101746498#2,0.5,0.8333333333333334,0.6666666666666666,0.5,0.4166666666666666,0.1666666666666666,0.5833333333333334,0.5833333333333334,0.3333333333333333,1.0,0.5833333333333334,0.5833333333333334,0.8333333333333334,0.75,0.3333333333333333,0.3333333333333333,0.75,0.3333333333333333,0.0,0.75,0.8333333333333334,0.8333333333333334,0.0,"8a755824211ffff,8a755824212ffff,8a75582428dffff,8a7558242177fff,8a7558242167fff,8a7558242147fff,8a755824214ffff,8a7558242a97fff,8a7558242a87fff,8a7558242aa7fff,8a7558242aaffff,8a7558242af7fff,8a7558242ac7fff,8a7558242acffff,8a755824230ffff,8a7558242227fff,8a7558242237fff,8a7558242207fff,8a755824220ffff,8a755824225ffff",4
190,-101604496#1,-101746498#2,0.1666666666666666,0.1666666666666666,0.1666666666666666,0.8333333333333334,0.4166666666666666,0.6666666666666666,0.5833333333333334,0.5833333333333334,0.8333333333333334,0.3333333333333333,0.5833333333333334,0.5833333333333334,0.3333333333333333,0.5,0.8333333333333334,0.8333333333333334,0.3333333333333333,0.5,0.6666666666666667,0.3333333333333333,0.1666666666666666,0.1666666666666666,0.6666666666666667,"8a755824211ffff,8a755824212ffff,8a75582428dffff,8a7558242177fff,8a7558242167fff,8a7558242147fff,8a755824214ffff,8a7558242a97fff,8a755824206ffff,8a7558242047fff,8a75582423b7fff,8a7558242397fff,8a755824239ffff,8a755824274ffff,8a7558242297fff,8a75582422a7fff,8a755825c927fff,8a755824225ffff,8a755824220ffff",1
190,-101604496#1,-101746498#2,0.8333333333333334,0.6666666666666667,0.5,0.3333333333333333,0.4166666666666666,1.0,0.5833333333333334,0.5833333333333334,1.0,0.8333333333333334,0.5833333333333334,0.5833333333333334,0.1666666666666666,0.3333333333333333,0.5,0.5,0.0,0.8333333333333334,0.1666666666666666,0.0,0.6666666666666667,0.5,0.1666666666666666,"8a755824211ffff,8a755824212ffff,8a75582428dffff,8a7558242177fff,8a7558242167fff,8a7558242147fff,8a755824214ffff,8a7558242a97fff,8a755824206ffff,8a7558242047fff,8a75582423b7fff,8a7558242397fff,8a755824239ffff,8a755824274ffff,8a7558242297fff,8a755824229ffff,8a755825c927fff,8a755824225ffff,8a755824220ffff",0
190,-101604496#1,-101746498#2,0.6666666666666667,0.5,0.8333333333333334,0.1666666666666666,0.4166666666666666,0.8333333333333334,0.5833333333333334,0.5833333333333334,0.6666666666666666,0.6666666666666666,0.5833333333333334,0.5833333333333334,0.5,0.0,0.0,0.0,0.1666666666666666,0.6666666666666667,0.3333333333333333,0.1666666666666666,0.5,0.3333333333333333,0.5,"8a755824211ffff,8a755824212ffff,8a75582428dffff,8a7558242177fff,8a7558242167fff,8a7558242147fff,8a755824214ffff,8a7558242a97fff,8a755824206ffff,8a7558242047fff,8a75582423b7fff,8a7558242397fff,8a755824274ffff,8a7558242297fff,8a755824229ffff,8a755825c927fff,8a755824225ffff,8a755824220ffff",2
191,1323419244,-1323419243,0.0,0.0,0.75,0.25,0.25,0.75,0.75,0.75,0.5,0.75,0.75,0.75,1.0,0.5,0.5,0.25,0.25,0.0,0.5,0.25,0.0,0.0,0.5,"8a7558242397fff,8a755824274ffff",3
191,1323419244,-1323419243,0.5,0.5,0.75,0.25,0.25,0.75,0.75,0.75,1.0,0.75,0.75,0.75,0.5,0.0,0.0,0.25,0.25,0.5,0.0,0.25,0.5,0.5,0.0,"8a7558242397fff,8a755824239ffff,8a755824274ffff",2
192,120509990,1323419244,0.0,0.0,1.0,0.0,0.0,1.0,1.0,1.0,1.0,1.0,1.0,1.0,1.0,0.0,0.0,0.0,0.0,0.0,0.0,0.0,0.0,0.0,0.0,"8a755824230ffff,8a7558242307fff,8a7558242317fff,8a75582423affff,8a7558242387fff,8a7558242397fff",3
193,1323419244,120509990,0.5,0.5,0.5,0.5,0.25,1.0,0.75,0.75,1.0,0.75,0.75,0.75,0.5,0.0,0.0,0.0,0.25,0.5,0.0,0.0,0.5,0.5,0.0,"8a7558242397fff,8a755824239ffff,8a755824274ffff,8a7558242297fff,8a75582422a7fff,8a7558242217fff,8a7558242237fff,8a7558242227fff,8a755824230ffff,8a7558242307fff",2
193,1323419244,120509990,0.0,0.0,1.0,0.0,0.25,0.5,0.75,0.75,0.5,0.75,0.75,0.75,1.0,0.5,0.5,0.5,0.25,0.0,0.5,0.5,0.0,0.0,0.5,"8a7558242397fff,8a755824274ffff,8a7558242297fff,8a75582422a7fff,8a7558242217fff,8a7558242237fff,8a7558242227fff,8a755824230ffff,8a7558242307fff",3
194,120511301,416373452,0.0,0.0,1.0,0.0,0.0,1.0,1.0,1.0,1.0,1.0,1.0,1.0,1.0,0.0,0.0,0.0,0.0,0.0,0.0,0.0,0.0,0.0,0.0,"8a755824230ffff,8a7558242acffff,8a7558242307fff,8a7558242337fff,8a755824206ffff,8a7558242047fff,8a75582423b7fff,8a75582420effff",3
195,-101746516#0,-101605951#5,0.0,0.0,0.5,0.5,0.25,0.5,0.75,0.75,0.5,0.5,0.75,0.75,1.0,0.25,0.5,0.5,0.25,0.5,0.5,0.5,0.0,0.0,0.5,"8a755824235ffff,8a7558242347fff,8a7558242277fff,8a755824220ffff,8a755824225ffff,8a755825c927fff,8a75582422a7fff,8a7558242297fff,8a755824274ffff,8a755824260ffff,8a755824262ffff,8a755824270ffff,8a75582420dffff,8a755824208ffff",3
195,-101746516#0,-101605951#5,0.5,0.5,1.0,0.0,0.25,1.0,0.75,0.75,1.0,1.0,0.75,0.75,0.5,0.25,0.0,0.0,0.25,0.0,0.0,0.0,0.5,0.5,0.0,"8a755824235ffff,8a7558242347fff,8a7558242277fff,8a755824220ffff,8a755824225ffff,8a755825c927fff,8a755824229ffff,8a7558242297fff,8a755824274ffff,8a755824260ffff,8a755824262ffff,8a755824270ffff,8a75582420dffff,8a755824208ffff",2
196,-336860316#0,416428068,0.0,0.1538461538461538,0.0769230769230769,0.9230769230769232,0.0769230769230768,0.0769230769230769,0.5384615384615384,0.5384615384615384,0.5384615384615384,0.8461538461538461,0.5384615384615384,0.5384615384615384,0.3846153846153846,0.5384615384615384,0.3076923076923077,0.1538461538461538,0.5384615384615384,0.7692307692307692,0.1538461538461538,0.0,0.1538461538461538,0.3076923076923077,0.7692307692307692,"8a755825c9b7fff,8a755825c98ffff,8a755825c9affff,8a755825c937fff,8a755825c90ffff,8a755825c927fff,8a75582422a7fff,8a7558242217fff,8a7558242387fff,8a7558242397fff,8a75582423a7fff,8a755824204ffff,8a755824206ffff,8a7558242a9ffff",1
196,-336860316#0,416428068,0.6923076923076923,0.8461538461538461,0.3846153846153846,0.7692307692307692,0.5769230769230769,0.7692307692307693,0.5384615384615384,0.5384615384615384,1.0,0.1923076923076923,0.5384615384615384,0.5384615384615384,0.0769230769230769,0.0769230769230768,0.6153846153846154,0.6153846153846154,0.0769230769230768,0.6923076923076923,0.6153846153846154,0.7307692307692308,0.8461538461538461,0.8461538461538461,0.3846153846153846,"8a755825c9b7fff,8a755825c98ffff,8a755824266ffff,8a7558242297fff,8a755824274ffff,8a755824239ffff,8a7558242397fff,8a75582423a7fff,8a755824204ffff,8a755824206ffff,8a7558242a9ffff",0
196,-336860316#0,416428068,0.3076923076923077,0.5384615384615384,0.1538461538461538,0.6153846153846154,0.0769230769230768,0.1538461538461538,0.5384615384615384,0.5384615384615384,0.7692307692307693,0.3846153846153846,0.5384615384615384,0.5384615384615384,0.3076923076923077,0.2307692307692307,0.0,0.0,0.2307692307692307,0.8461538461538461,0.0,0.0769230769230768,0.5384615384615384,0.7692307692307692,0.2307692307692307,"8a755825c9b7fff,8a755825c98ffff,8a755825c9affff,8a755825c937fff,8a755824266ffff,8a7558242297fff,8a75582422a7fff,8a7558242217fff,8a7558242387fff,8a7558242397fff,8a75582423a7fff,8a755824204ffff,8a755824206ffff,8a7558242a9ffff",4
196,-336860316#0,416428068,0.7692307692307692,0.9230769230769232,0.3076923076923077,0.8461538461538461,0.5769230769230769,0.3846153846153846,0.5384615384615384,0.5384615384615384,0.9230769230769232,0.6153846153846154,0.5384615384615384,0.5384615384615384,0.1538461538461538,0.0,0.5384615384615384,0.5384615384615384,0.0,0.9230769230769232,0.5384615384615384,0.7307692307692308,0.9230769230769232,0.9230769230769232,0.0769230769230768,"8a755825c9b7fff,8a755825c98ffff,8a755825c9affff,8a755825c937fff,8a755824266ffff,8a7558242297fff,8a755824274ffff,8a755824239ffff,8a7558242397fff,8a75582423a7fff,8a755824204ffff,8a755824206ffff,8a7558242a9ffff",0
196,-336860316#0,416428068,0.3846153846153846,0.2307692307692307,0.4615384615384615,0.6923076923076923,0.5769230769230769,0.2307692307692307,0.5384615384615384,0.5384615384615384,0.3076923076923077,0.9230769230769232,0.5384615384615384,0.5384615384615384,0.6923076923076923,0.4615384615384615,0.3846153846153846,0.3846153846153846,0.4615384615384615,0.5384615384615384,0.3846153846153846,0.3076923076923077,0.2307692307692307,0.2307692307692307,0.6923076923076923,"8a755825c9b7fff,8a755825c98ffff,8a755825c9affff,8a755825c937fff,8a755825c90ffff,8a755825c927fff,8a75582422a7fff,8a7558242217fff,8a7558242237fff,8a7558242227fff,8a755824230ffff,8a7558242307fff,8a7558242337fff,8a755824206ffff,8a7558242a9ffff",1
196,-336860316#0,416428068,0.1538461538461538,0.0769230769230768,0.8846153846153846,0.1923076923076923,0.5769230769230769,1.0,0.5384615384615384,0.5384615384615384,0.1153846153846153,0.7692307692307693,0.5384615384615384,0.5384615384615384,1.0,0.8076923076923077,0.9230769230769232,0.9230769230769232,0.8076923076923077,0.0,0.9230769230769232,0.3846153846153846,0.0769230769230768,0.0,0.8461538461538461,"8a755825c9b7fff,8a755825c98ffff,8a755825c9affff,8a755825c937fff,8a755825c90ffff,8a755825c927fff,8a755824225ffff,8a755824220ffff,8a7558242207fff,8a7558242237fff,8a7558242227fff,8a755824230ffff,8a7558242307fff,8a7558242337fff,8a7558242327fff,8a7558242a9ffff,8a755824206ffff",1
196,-336860316#0,416428068,0.0769230769230768,0.0,0.5769230769230769,0.5,0.5769230769230769,0.8461538461538461,0.5384615384615384,0.5384615384615384,0.2307692307692307,0.6923076923076923,0.5384615384615384,0.5384615384615384,0.9230769230769232,0.6153846153846154,0.4615384615384615,0.4615384615384615,0.6153846153846154,0.1538461538461538,0.4615384615384615,0.4615384615384615,0.0,0.0769230769230768,0.9230769230769232,"8a755825c9b7fff,8a755825c98ffff,8a755825c9affff,8a755825c937fff,8a755825c90ffff,8a755825c927fff,8a755824225ffff,8a755824220ffff,8a7558242207fff,8a7558242237fff,8a7558242227fff,8a755824230ffff,8a7558242307fff,8a7558242337fff,8a755824206ffff,8a7558242a9ffff",1
196,-336860316#0,416428068,0.2307692307692307,0.3846153846153846,0.2307692307692307,0.0769230769230768,0.0769230769230768,0.3076923076923077,0.5384615384615384,0.5384615384615384,0.8461538461538461,0.1923076923076923,0.5384615384615384,0.5384615384615384,0.2307692307692307,0.3846153846153846,0.0769230769230768,0.0769230769230768,0.3846153846153846,0.4615384615384615,0.0769230769230768,0.1538461538461538,0.3846153846153846,0.6153846153846154,0.5384615384615384,"8a755825c9b7fff,8a755825c98ffff,8a755824266ffff,8a7558242297fff,8a75582422a7fff,8a7558242217fff,8a7558242387fff,8a7558242397fff,8a75582423a7fff,8a755824204ffff,8a755824206ffff,8a7558242a9ffff",4
196,-336860316#0,416428068,0.9230769230769232,0.7692307692307692,0.8846153846153846,0.1923076923076923,0.5769230769230769,0.6153846153846154,0.5384615384615384,0.5384615384615384,0.3846153846153846,0.5384615384615384,0.5384615384615384,0.5384615384615384,0.7692307692307693,0.8076923076923077,0.6923076923076923,0.6923076923076923,0.8076923076923077,0.3846153846153846,0.6923076923076923,0.7307692307692308,0.7692307692307692,0.5384615384615384,0.0,"8a755825c9b7fff,8a755825c98ffff,8a755825c9affff,8a755825c937fff,8a755824266ffff,8a7558242297fff,8a75582422a7fff,8a7558242217fff,8a7558242237fff,8a7558242227fff,8a755824230ffff,8a7558242307fff,8a7558242337fff,8a7558242327fff,8a7558242a9ffff,8a755824206ffff",2
196,-336860316#0,416428068,0.4615384615384615,0.3076923076923077,0.6923076923076923,0.3846153846153846,0.5769230769230769,0.5384615384615384,0.5384615384615384,0.5384615384615384,0.1153846153846153,1.0,0.5384615384615384,0.5384615384615384,0.8461538461538461,0.8076923076923077,0.8461538461538461,0.8461538461538461,0.8076923076923077,0.3076923076923077,0.8461538461538461,0.2307692307692307,0.3076923076923077,0.1538461538461538,0.6153846153846154,"8a755825c9b7fff,8a755825c98ffff,8a755825c9affff,8a755825c937fff,8a755825c90ffff,8a755825c927fff,8a75582422a7fff,8a7558242217fff,8a7558242237fff,8a7558242227fff,8a755824230ffff,8a7558242307fff,8a7558242337fff,8a7558242327fff,8a7558242a9ffff,8a755824206ffff",1
196,-336860316#0,416428068,0.8461538461538461,0.6923076923076923,1.0,0.0,0.5769230769230769,0.9230769230769232,0.5384615384615384,0.5384615384615384,0.6153846153846154,0.1923076923076923,0.5384615384615384,0.5384615384615384,0.5384615384615384,0.8076923076923077,0.7692307692307692,0.7692307692307692,0.8076923076923077,0.0769230769230768,0.7692307692307692,0.7307692307692308,0.6923076923076923,0.3846153846153846,0.3076923076923077,"8a755825c9b7fff,8a755825c98ffff,8a755824266ffff,8a7558242297fff,8a75582422a7fff,8a7558242217fff,8a7558242237fff,8a7558242227fff,8a755824230ffff,8a7558242307fff,8a7558242337fff,8a7558242327fff,8a7558242a9ffff,8a755824206ffff",2
196,-336860316#0,416428068,0.6153846153846154,0.6153846153846154,0.5769230769230769,0.5,0.5769230769230769,0.4615384615384615,0.5384615384615384,0.5384615384615384,0.4615384615384615,0.4615384615384615,0.5384615384615384,0.5384615384615384,0.6153846153846154,0.1538461538461538,0.1538461538461538,0.2307692307692307,0.1538461538461538,0.6153846153846154,0.2307692307692307,0.7307692307692308,0.6153846153846154,0.6923076923076923,0.1538461538461538,"8a755825c9b7fff,8a755825c98ffff,8a755825c9affff,8a755825c937fff,8a755824266ffff,8a7558242297fff,8a75582422a7fff,8a7558242217fff,8a7558242237fff,8a7558242227fff,8a755824230ffff,8a7558242307fff,8a7558242337fff,8a755824206ffff,8a7558242a9ffff",4
196,-336860316#0,416428068,0.5384615384615384,0.4615384615384615,0.7692307692307693,0.3076923076923077,0.5769230769230769,0.6923076923076923,0.5384615384615384,0.5384615384615384,0.6923076923076923,0.1923076923076923,0.5384615384615384,0.5384615384615384,0.4615384615384615,0.3076923076923077,0.2307692307692307,0.3076923076923077,0.3076923076923077,0.2307692307692307,0.3076923076923077,0.7307692307692308,0.4615384615384615,0.4615384615384615,0.4615384615384615,"8a755825c9b7fff,8a755825c98ffff,8a755824266ffff,8a7558242297fff,8a75582422a7fff,8a7558242217fff,8a7558242237fff,8a7558242227fff,8a755824230ffff,8a7558242307fff,8a7558242337fff,8a755824206ffff,8a7558242a9ffff",4
197,101605951#0,-101746498#2,0.0,0.0,0.5,0.5,0.25,0.5,0.75,0.75,0.5,0.5,0.75,0.75,1.0,0.25,0.5,0.5,0.25,0.0,0.5,0.5,0.0,0.0,0.5,"8a755824270ffff,8a755824262ffff,8a755824260ffff,8a755824274ffff,8a7558242297fff,8a75582422a7fff,8a755825c927fff,8a755824225ffff,8a755824220ffff",3
197,101605951#0,-101746498#2,0.5,0.5,1.0,0.0,0.25,1.0,0.75,0.75,1.0,1.0,0.75,0.75,0.5,0.25,0.0,0.0,0.25,0.5,0.0,0.0,0.5,0.5,0.0,"8a755824270ffff,8a755824262ffff,8a755824260ffff,8a755824274ffff,8a7558242297fff,8a755824229ffff,8a755825c927fff,8a755824225ffff,8a755824220ffff",2
198,-101746498#2,-101604518,0.6666666666666667,0.6666666666666667,1.0,0.0,0.3333333333333333,1.0,0.6666666666666666,0.6666666666666666,1.0,0.3333333333333333,0.6666666666666666,0.6666666666666666,1.0,0.0,0.6666666666666667,0.6666666666666667,0.0,0.6666666666666667,0.6666666666666667,0.6666666666666667,0.6666666666666667,0.6666666666666667,0.0,"8a755824225ffff,8a755824220ffff,8a7558242207fff,8a7558242237fff,8a7558242227fff,8a755824230ffff,8a7558242307fff,8a7558242337fff,8a755824206ffff,8a7558242067fff,8a7558242077fff,8a755824200ffff,8a7558242007fff,8a7558242037fff,8a75582421affff,8a755824211ffff,8a755824210ffff",2
198,-101746498#2,-101604518,0.3333333333333333,0.3333333333333333,0.6666666666666666,0.3333333333333333,0.3333333333333333,0.6666666666666666,0.6666666666666666,0.6666666666666666,0.6666666666666666,1.0,0.6666666666666666,0.6666666666666666,0.3333333333333333,0.3333333333333333,0.0,0.0,0.3333333333333333,0.0,0.0,0.0,0.3333333333333333,0.3333333333333333,0.6666666666666667,"8a755824225ffff,8a755824220ffff,8a7558242207fff,8a7558242237fff,8a7558242227fff,8a755824230ffff,8a7558242307fff,8a7558242337fff,8a755824206ffff,8a7558242067fff,8a7558242a97fff,8a7558242ab7fff,8a7558242b9ffff,8a7558242147fff,8a7558242167fff,8a7558242177fff,8a75582428dffff,8a755824212ffff,8a755824211ffff,8a755824210ffff",2
198,-101746498#2,-101604518,0.0,0.0,0.3333333333333333,0.6666666666666667,0.3333333333333333,0.3333333333333333,0.6666666666666666,0.6666666666666666,0.3333333333333333,0.6666666666666666,0.6666666666666666,0.6666666666666666,0.6666666666666666,0.6666666666666667,0.3333333333333333,0.3333333333333333,0.6666666666666667,0.3333333333333333,0.3333333333333333,0.3333333333333333,0.0,0.0,0.3333333333333333,"8a755824225ffff,8a755824220ffff,8a7558242207fff,8a7558242237fff,8a7558242227fff,8a755824230ffff,8a7558242307fff,8a7558242337fff,8a755824206ffff,8a7558242067fff,8a7558242a97fff,8a7558242ab7fff,8a7558242b9ffff,8a7558242147fff,8a7558242167fff,8a7558242177fff,8a75582428dffff,8a755824212ffff,8a755824211ffff,8a755824210ffff",1
199,-101787489,526438862#0,0.0,0.0,1.0,0.0,0.0,1.0,1.0,1.0,1.0,1.0,1.0,1.0,1.0,0.0,0.0,0.0,0.0,0.0,0.0,0.0,0.0,0.0,0.0,"8a755825c9b7fff,8a755825c9a7fff,8a755824266ffff,8a7558242297fff,8a755824274ffff,8a755824239ffff,8a7558242397fff,8a75582423a7fff",3
200,101784499#1,-1323419243,0.5,0.5,0.5,0.25,0.25,0.5,0.75,0.75,0.5,1.0,0.75,0.75,1.0,0.0,0.0,0.25,0.25,0.5,0.0,0.25,0.5,0.5,0.0,"8a755825cd6ffff,8a755825c98ffff,8a755825c9affff,8a755825c937fff,8a755824266ffff,8a7558242297fff,8a755824274ffff",2
200,101784499#1,-1323419243,0.0,0.0,1.0,0.25,0.25,1.0,0.75,0.75,1.0,0.5,0.75,0.75,0.5,0.5,0.5,0.25,0.25,0.0,0.5,0.25,0.0,0.0,0.5,"8a755825cd6ffff,8a755825c98ffff,8a755825c9b7fff,8a755824266ffff,8a7558242297fff,8a755824274ffff",3
201,-101411571#0,-101746498#2,0.0,0.0,1.0,0.0,0.0,1.0,1.0,1.0,1.0,1.0,1.0,1.0,1.0,0.0,0.0,0.0,0.0,0.0,0.0,0.0,0.0,0.0,0.0,"8a755824230ffff,8a7558242227fff,8a7558242237fff,8a7558242207fff,8a755824220ffff,8a755824225ffff",3
202,416405090,-1323419243,0.0,0.0,1.0,0.0,0.0,1.0,1.0,1.0,1.0,1.0,1.0,1.0,1.0,0.0,0.0,0.0,0.0,0.0,0.0,0.0,0.0,0.0,0.0,"8a755824261ffff,8a75582424dffff,8a755824260ffff,8a755824274ffff",3
203,-101767911,416428068,0.2222222222222222,0.0,0.5555555555555556,0.5555555555555556,0.5555555555555556,0.5555555555555556,0.5555555555555556,0.5555555555555556,0.3333333333333333,0.1111111111111111,0.5555555555555556,0.5555555555555556,0.7777777777777778,0.5555555555555556,0.4444444444444444,0.4444444444444444,0.5555555555555556,0.1111111111111111,0.4444444444444444,0.5555555555555556,0.0,0.1111111111111111,0.8888888888888888,"8a755825c957fff,8a755825c827fff,8a755825c977fff,8a755825c90ffff,8a755825c927fff,8a755824225ffff,8a755824220ffff,8a7558242207fff,8a7558242237fff,8a7558242227fff,8a755824230ffff,8a7558242307fff,8a7558242337fff,8a755824206ffff,8a7558242a9ffff",1
203,-101767911,416428068,0.6666666666666667,0.7777777777777778,0.3888888888888889,0.7222222222222222,0.5555555555555556,0.7777777777777778,0.5555555555555556,0.5555555555555556,1.0,1.0,0.5555555555555556,0.5555555555555556,0.1111111111111111,0.0,0.5555555555555556,0.6666666666666667,0.0,0.8888888888888888,0.5555555555555556,0.5555555555555556,0.7777777777777778,0.8888888888888888,0.2222222222222222,"8a755825c957fff,8a755825c827fff,8a755825c977fff,8a755825c90ffff,8a755825c937fff,8a755824266ffff,8a7558242297fff,8a755824274ffff,8a755824239ffff,8a7558242397fff,8a75582423a7fff,8a755824204ffff,8a755824206ffff,8a7558242a9ffff",0
203,-101767911,416428068,0.3333333333333333,0.1111111111111111,0.8888888888888888,0.2222222222222222,0.5555555555555556,0.8888888888888888,0.5555555555555556,0.5555555555555556,0.1666666666666666,0.2222222222222222,0.5555555555555556,0.5555555555555556,1.0,0.7777777777777778,0.8888888888888888,0.8888888888888888,0.7777777777777778,0.0,0.8888888888888888,0.5555555555555556,0.1111111111111111,0.0,0.7777777777777778,"8a755825c957fff,8a755825c827fff,8a755825c977fff,8a755825c90ffff,8a755825c927fff,8a755824225ffff,8a755824220ffff,8a7558242207fff,8a7558242237fff,8a7558242227fff,8a755824230ffff,8a7558242307fff,8a7558242337fff,8a7558242327fff,8a7558242a9ffff,8a755824206ffff",1
203,-101767911,416428068,0.7777777777777778,0.8888888888888888,0.6666666666666666,0.4444444444444444,0.5555555555555556,0.3333333333333333,0.5555555555555556,0.5555555555555556,0.1666666666666666,0.5555555555555556,0.5555555555555556,0.5555555555555556,0.8888888888888888,0.7777777777777778,0.7777777777777778,0.5555555555555556,0.7777777777777778,0.2222222222222222,0.7777777777777778,0.5555555555555556,0.8888888888888888,0.2222222222222222,0.0,"8a755825c957fff,8a755825c827fff,8a755825c977fff,8a755825c90ffff,8a755825c927fff,8a75582422a7fff,8a7558242217fff,8a7558242237fff,8a7558242227fff,8a755824230ffff,8a7558242307fff,8a7558242337fff,8a7558242327fff,8a7558242a9ffff,8a755824206ffff",2
203,-101767911,416428068,0.0,0.5555555555555556,0.1111111111111111,0.8888888888888888,0.0555555555555555,0.1111111111111111,0.5555555555555556,0.5555555555555556,0.7777777777777778,0.3333333333333333,0.5555555555555556,0.5555555555555556,0.3333333333333333,0.2222222222222222,0.0,0.0,0.2222222222222222,0.7777777777777778,0.1111111111111111,0.0,0.5555555555555556,0.5555555555555556,0.4444444444444444,"8a755825c957fff,8a755825c827fff,8a755825c977fff,8a755825c90ffff,8a755825c927fff,8a75582422a7fff,8a7558242217fff,8a7558242387fff,8a7558242397fff,8a75582423a7fff,8a755824204ffff,8a755824206ffff,8a7558242a9ffff",4
203,-101767911,416428068,0.1111111111111111,0.2222222222222222,0.2222222222222222,0.0,0.0555555555555555,0.4444444444444444,0.5555555555555556,0.5555555555555556,0.8888888888888888,0.6666666666666666,0.5555555555555556,0.5555555555555556,0.2222222222222222,0.4444444444444444,0.1111111111111111,0.1111111111111111,0.4444444444444444,0.6666666666666667,0.0,0.1111111111111111,0.2222222222222222,0.7777777777777778,0.6666666666666667,"8a755825c957fff,8a755825c827fff,8a755825c977fff,8a755825c90ffff,8a755825c937fff,8a755824266ffff,8a7558242297fff,8a75582422a7fff,8a7558242217fff,8a7558242387fff,8a7558242397fff,8a75582423a7fff,8a755824204ffff,8a755824206ffff,8a7558242a9ffff",4
203,-101767911,416428068,0.4444444444444444,0.6666666666666667,0.3888888888888889,0.7222222222222222,0.5555555555555556,0.2222222222222222,0.5555555555555556,0.5555555555555556,0.4444444444444444,0.4444444444444444,0.5555555555555556,0.5555555555555556,0.6666666666666666,0.1111111111111111,0.2222222222222222,0.2222222222222222,0.1111111111111111,0.5555555555555556,0.3333333333333333,0.5555555555555556,0.6666666666666667,0.3333333333333333,0.3333333333333333,"8a755825c957fff,8a755825c827fff,8a755825c977fff,8a755825c90ffff,8a755825c927fff,8a75582422a7fff,8a7558242217fff,8a7558242237fff,8a7558242227fff,8a755824230ffff,8a7558242307fff,8a7558242337fff,8a755824206ffff,8a7558242a9ffff",4
203,-101767911,416428068,0.8888888888888888,0.4444444444444444,1.0,0.1111111111111111,0.5555555555555556,1.0,0.5555555555555556,0.5555555555555556,0.5555555555555556,0.8888888888888888,0.5555555555555556,0.5555555555555556,0.5555555555555556,0.7777777777777778,0.6666666666666667,0.7777777777777778,0.7777777777777778,0.3333333333333333,0.6666666666666667,0.5555555555555556,0.4444444444444444,0.4444444444444444,0.1111111111111111,"8a755825c957fff,8a755825c827fff,8a755825c977fff,8a755825c90ffff,8a755825c937fff,8a755824266ffff,8a7558242297fff,8a75582422a7fff,8a7558242217fff,8a7558242237fff,8a7558242227fff,8a755824230ffff,8a7558242307fff,8a7558242337fff,8a7558242327fff,8a7558242a9ffff,8a755824206ffff",2
203,-101767911,416428068,0.5555555555555556,0.3333333333333333,0.7777777777777778,0.3333333333333333,0.5555555555555556,0.6666666666666666,0.5555555555555556,0.5555555555555556,0.6666666666666666,0.7777777777777778,0.5555555555555556,0.5555555555555556,0.4444444444444444,0.3333333333333333,0.3333333333333333,0.3333333333333333,0.3333333333333333,0.4444444444444444,0.2222222222222222,0.5555555555555556,0.3333333333333333,0.6666666666666667,0.5555555555555556,"8a755825c957fff,8a755825c827fff,8a755825c977fff,8a755825c90ffff,8a755825c937fff,8a755824266ffff,8a7558242297fff,8a75582422a7fff,8a7558242217fff,8a7558242237fff,8a7558242227fff,8a755824230ffff,8a7558242307fff,8a7558242337fff,8a755824206ffff,8a7558242a9ffff",4
204,-101752970#1,-1323419243,0.0,0.0,1.0,0.0,0.0,1.0,1.0,1.0,1.0,1.0,1.0,1.0,1.0,0.0,0.0,0.0,0.0,0.0,0.0,0.0,0.0,0.0,0.0,"8a75582426cffff,8a755825c9b7fff,8a755824266ffff,8a7558242297fff,8a755824274ffff",3
205,-101754276#1,-101746498#2,0.0,0.0,1.0,0.0,0.0,1.0,1.0,1.0,1.0,1.0,1.0,1.0,1.0,0.0,0.0,0.0,0.0,0.0,0.0,0.0,0.0,0.0,0.0,"8a755825c80ffff,8a755825c877fff,8a755825c957fff,8a755825c977fff,8a755825c90ffff,8a755825c927fff,8a755824225ffff,8a755824220ffff",3
206,101765339#2,-71223800#4,0.0,0.0,0.875,0.125,0.4375,0.875,0.5625,0.5625,0.5625,0.125,0.5625,0.5625,1.0,0.4375,0.875,0.875,0.4375,0.0,0.875,0.4375,0.0,0.0,0.875,"8a755825c807fff,8a755825c877fff,8a755825c957fff,8a755825c977fff,8a755825c90ffff,8a755825c927fff,8a755824225ffff,8a755824220ffff,8a7558242207fff,8a7558242237fff,8a7558242227fff,8a755824230ffff,8a7558242acffff,8a7558240697fff,8a7558242a6ffff,8a7558242a67fff,8a7558242a77fff,8a7558242b5ffff,8a7558242b57fff,8a7558242b47fff,8a7558242b67fff",1
206,101765339#2,-71223800#4,0.625,0.375,0.5,0.5,0.4375,0.75,0.5625,0.5625,0.5625,0.5,0.5625,0.5625,0.625,0.4375,0.5,0.5,0.4375,0.625,0.5,0.4375,0.375,0.625,0.375,"8a755825c807fff,8a755825c82ffff,8a755825c957fff,8a755825c977fff,8a755825c90ffff,8a755825c927fff,8a755824225ffff,8a755824220ffff,8a7558242207fff,8a7558242237fff,8a7558242227fff,8a755824230ffff,8a7558242acffff,8a7558242ac7fff,8a7558242af7fff,8a7558242a0ffff,8a7558242a2ffff,8a7558242b5ffff,8a7558242b57fff,8a7558242b47fff,8a7558242b67fff",2
206,101765339#2,-71223800#4,0.25,0.5,0.625,0.375,0.4375,0.375,0.5625,0.5625,0.5625,0.625,0.5625,0.5625,0.5,0.4375,0.375,0.375,0.4375,0.25,0.375,0.4375,0.5,0.25,0.5,"8a755825c807fff,8a755825c877fff,8a755825c957fff,8a755825c977fff,8a755825c90ffff,8a755825c927fff,8a75582422a7fff,8a7558242217fff,8a7558242237fff,8a7558242227fff,8a755824230ffff,8a7558242acffff,8a7558240697fff,8a7558242a6ffff,8a7558242a67fff,8a7558242a77fff,8a7558242b5ffff,8a7558242b57fff,8a7558242b47fff,8a7558242b67fff",1
206,101765339#2,-71223800#4,0.125,0.125,0.375,0.625,0.4375,0.5,0.5625,0.5625,0.5625,0.25,0.5625,0.5625,0.875,0.4375,0.75,0.75,0.4375,0.125,0.75,0.4375,0.125,0.125,0.75,"8a755825c807fff,8a755825c82ffff,8a755825c957fff,8a755825c977fff,8a755825c90ffff,8a755825c927fff,8a755824225ffff,8a755824220ffff,8a7558242207fff,8a7558242237fff,8a7558242227fff,8a755824230ffff,8a7558242acffff,8a7558240697fff,8a7558242a6ffff,8a7558242a67fff,8a7558242a77fff,8a7558242b5ffff,8a7558242b57fff,8a7558242b47fff,8a7558242b67fff",1
206,101765339#2,-71223800#4,0.875,0.875,0.25,0.75,0.4375,0.25,0.5625,0.5625,0.5625,1.0,0.5625,0.5625,0.125,0.4375,0.0,0.0,0.4375,0.875,0.0,0.4375,0.875,0.875,0.0,"8a755825c807fff,8a755825c82ffff,8a755825c957fff,8a755825c977fff,8a755825c90ffff,8a755825c927fff,8a75582422a7fff,8a7558242217fff,8a7558242237fff,8a7558242227fff,8a755824230ffff,8a7558242acffff,8a7558242ac7fff,8a7558242af7fff,8a7558242a0ffff,8a7558242a2ffff,8a7558242b5ffff,8a7558242b57fff,8a7558242b47fff,8a7558242b67fff",4
206,101765339#2,-71223800#4,0.75,0.75,0.75,0.25,0.4375,0.625,0.5625,0.5625,0.5625,0.875,0.5625,0.5625,0.25,0.4375,0.125,0.125,0.4375,0.75,0.125,0.4375,0.75,0.75,0.125,"8a755825c807fff,8a755825c877fff,8a755825c957fff,8a755825c977fff,8a755825c90ffff,8a755825c927fff,8a75582422a7fff,8a7558242217fff,8a7558242237fff,8a7558242227fff,8a755824230ffff,8a7558242acffff,8a7558242ac7fff,8a7558242af7fff,8a7558242a0ffff,8a7558242a2ffff,8a7558242b5ffff,8a7558242b57fff,8a7558242b47fff,8a7558242b67fff",4
206,101765339#2,-71223800#4,0.5,0.625,0.125,0.875,0.4375,0.125,0.5625,0.5625,0.5625,0.75,0.5625,0.5625,0.375,0.4375,0.25,0.25,0.4375,0.375,0.25,0.4375,0.625,0.5,0.25,"8a755825c807fff,8a755825c82ffff,8a755825c957fff,8a755825c977fff,8a755825c90ffff,8a755825c927fff,8a75582422a7fff,8a7558242217fff,8a7558242237fff,8a7558242227fff,8a755824230ffff,8a7558242acffff,8a7558240697fff,8a7558242a6ffff,8a7558242a67fff,8a7558242a77fff,8a7558242b5ffff,8a7558242b57fff,8a7558242b47fff,8a7558242b67fff",4
206,101765339#2,-71223800#4,0.375,0.25,1.0,0.0,0.4375,1.0,0.5625,0.5625,0.5625,0.375,0.5625,0.5625,0.75,0.4375,0.625,0.625,0.4375,0.5,0.625,0.4375,0.25,0.375,0.625,"8a755825c807fff,8a755825c877fff,8a755825c957fff,8a755825c977fff,8a755825c90ffff,8a755825c927fff,8a755824225ffff,8a755824220ffff,8a7558242207fff,8a7558242237fff,8a7558242227fff,8a755824230ffff,8a7558242acffff,8a7558242ac7fff,8a7558242af7fff,8a7558242a0ffff,8a7558242a2ffff,8a7558242b5ffff,8a7558242b57fff,8a7558242b47fff,8a7558242b67fff",1
207,-416409191#1,416428068,0.0,0.0,1.0,0.0,0.0,1.0,1.0,1.0,1.0,1.0,1.0,1.0,1.0,0.0,0.0,0.0,0.0,0.0,0.0,0.0,0.0,0.0,0.0,"8a7558251a8ffff,8a7558251af7fff,8a7558251a47fff,8a755824268ffff,8a75582426f7fff,8a755824261ffff,8a755824260ffff,8a755824274ffff,8a755824239ffff,8a7558242397fff,8a75582423a7fff,8a755824204ffff,8a755824206ffff,8a7558242a9ffff",3
208,-101784793,-1323419243,0.0,0.0,1.0,0.0,0.0,1.0,1.0,1.0,1.0,1.0,1.0,1.0,1.0,0.0,0.0,0.0,0.0,0.0,0.0,0.0,0.0,0.0,0.0,"8a755825cd67fff,8a755825c9b7fff,8a755824266ffff,8a7558242297fff,8a755824274ffff",3
209,101784499#1,-101746514,0.0,0.0,1.0,0.0,0.0,1.0,1.0,1.0,1.0,1.0,1.0,1.0,1.0,0.0,0.0,0.0,0.0,0.0,0.0,0.0,0.0,0.0,0.0,"8a755825cd6ffff,8a755825c98ffff,8a755825c9affff,8a755825c937fff,8a755825c90ffff,8a755825c927fff,8a755824225ffff",3
210,659281081#0,-416409191#0,0.0,0.0,1.0,0.5,0.25,0.5,0.75,0.75,0.5,0.5,0.75,0.75,1.0,0.5,0.5,0.5,0.25,0.0,0.5,0.5,0.0,0.0,0.5,"8a7558242397fff,8a755824274ffff,8a755824260ffff,8a755824261ffff,8a75582426f7fff,8a755824268ffff,8a7558251a47fff,8a7558251af7fff",3
210,659281081#0,-416409191#0,0.5,0.5,0.5,0.0,0.25,1.0,0.75,0.75,1.0,1.0,0.75,0.75,0.5,0.0,0.0,0.0,0.25,0.5,0.0,0.0,0.5,0.5,0.0,"8a7558242397fff,8a755824239ffff,8a755824274ffff,8a755824260ffff,8a755824261ffff,8a75582426f7fff,8a755824268ffff,8a7558251a47fff,8a7558251af7fff",2
211,-101765343,-101418589,0.0,0.0,0.5,0.5,0.25,0.5,0.75,0.75,0.5,0.5,0.75,0.75,1.0,0.5,0.0,0.0,0.25,0.0,0.0,0.0,0.0,0.0,0.5,"8a755825c81ffff,8a755825c807fff,8a755825c877fff,8a755825c957fff,8a755825c977fff,8a755825c90ffff,8a755825c927fff,8a75582422a7fff,8a7558242217fff,8a7558242387fff,8a7558242397fff,8a75582423a7fff,8a755824204ffff",3
211,-101765343,-101418589,0.5,0.5,1.0,0.0,0.25,1.0,0.75,0.75,1.0,1.0,0.75,0.75,0.5,0.0,0.5,0.5,0.25,0.5,0.5,0.5,0.5,0.5,0.0,"8a755825c81ffff,8a755825c807fff,8a755825c877fff,8a755825c957fff,8a755825c977fff,8a755825c90ffff,8a755825c937fff,8a755824266ffff,8a7558242297fff,8a755824274ffff,8a755824239ffff,8a7558242397fff,8a75582423a7fff,8a755824204ffff",2
212,-101749449#0,-1323419243,0.0,0.0,0.5,0.5,0.25,0.5,0.75,0.75,0.5,0.75,0.75,0.75,1.0,0.5,0.5,0.25,0.25,0.5,0.5,0.25,0.0,0.0,0.5,"8a755825c927fff,8a755824228ffff,8a75582422a7fff,8a7558242297fff,8a755824274ffff",3
212,-101749449#0,-1323419243,0.5,0.5,1.0,0.0,0.25,1.0,0.75,0.75,1.0,0.75,0.75,0.75,0.5,0.0,0.0,0.25,0.25,0.0,0.0,0.25,0.5,0.5,0.0,"8a755825c927fff,8a755824228ffff,8a755824229ffff,8a7558242297fff,8a755824274ffff",2
213,-101765343,-101746498#2,0.0,0.0,1.0,0.0,0.0,1.0,1.0,1.0,1.0,1.0,1.0,1.0,1.0,0.0,0.0,0.0,0.0,0.0,0.0,0.0,0.0,0.0,0.0,"8a755825c81ffff,8a755825c807fff,8a755825c877fff,8a755825c957fff,8a755825c977fff,8a755825c90ffff,8a755825c927fff,8a755824225ffff,8a755824220ffff",3
214,-173532317#1,-1323419243,0.0,0.0,1.0,0.0,0.0,1.0,1.0,1.0,1.0,1.0,1.0,1.0,1.0,0.0,0.0,0.0,0.0,0.0,0.0,0.0,0.0,0.0,0.0,"8a755825c90ffff,8a755825c977fff,8a755825c937fff,8a755824266ffff,8a7558242297fff,8a755824274ffff",3
