origins,destinations,path,free_flow_time,total_length,mean_speed,speed_std,speed_range,pct_high_speed,pct_motorway,pct_trunk,pct_primary,pct_secondary,pct_tertiary,pct_unclassified,pct_residential,lane_changes_per_km,priority_changes_per_km,yield_priority_changes_per_km,traffic_lights_per_km,bearing_std,turns_per_km,left_yield_turns_per_km,mean_circuity,edge_length_std,edges_per_km,h3_sequence,cluster,cluster_id
-1020078548,-1163710302,"-1020078548,-41231515#5,-1020092139#1,-1020092139#0,1020092140,-41231515#3,-41231515#2,1020092135,41231756#0,41231756#1,41231756#2,41231756#3,-41231755,79119286#1,79119286#2,79119286#3,79119284#4,79119284#5,-79116549#6,-79116549#5,-79116549#4,-79116549#3,-79116549#2,-79116549#1,-79116549#0,79116530#2,79116530#3,79116530#0,-561134628#1,-561134628#0,-1034110351#0,-23881168#1,-23881168#0,1259750653,145622122#0,145622122#1,145622122#2,563298888,979838980#0,979838980#1,979838980#2,979838980#3,979838980#4,979838980#5,979838980#6,57680170#0,57680170#1,57680132#0,57680132#1,174375406,1238123693,1238123694,563272697,563271328,1238123691,-22561498,-22561652#6,-22561652#5,-22561652#4,-22561652#3,-22561652#2,-22561652#1,-22561652#0,-174907151#4,-174907151#1,-57392486,1163710302",6.127037752493569,4473.953061898481,40.43928358208955,16.08976703110808,59.97600000000001,0.4562622047207297,0.0,0.0,0.0977574779068004,0.3927622786926926,0.0,0.0064479801402844,0.5030322632602224,0.4470319586123057,4.470319586123057,0.4470319586123057,0.4470319586123057,71.7523385943039,0.8940639172246114,0.2235159793061528,1.828156308050708,66.96857024651057,14.97557061351224,"8a7558244737fff,8a755824409ffff,8a7558244097fff,8a7558244467fff,8a755824446ffff,8a75582447a7fff,8a75582447affff,8a7558244637fff,8a755824471ffff,8a7558244627fff,8a755824460ffff,8a755824461ffff,8a75582446c7fff,8a7558240d67fff,8a7558240d77fff,8a7558240d57fff,8a7558240d47fff,8a7558240c67fff,8a7558240c07fff,8a7558240c37fff,8a7558240c17fff,8a7558240cb7fff,8a755824634ffff,8a7558246277fff,8a75582462e7fff,8a75582462c7fff,8a75582462d7fff,8a7558242927fff,8a7558242937fff,8a755824664ffff,8a755824665ffff,8a75582466effff,8a75582466c7fff,8a75582466f7fff,8a75582466affff,8a7558246687fff",0,0
-1020078548,-1163710302,"-1020078548,-41231515#5,-1020092139#1,-1020092139#0,-1020092142,-1020092143,41273131,-1020092138,-1020092137#1,1157449879,-1157449878#1,-1157449878#0,1020078539,1020078540,-41231514#8,-41231514#7,-41231514#6,-41231514#5,-41231514#4,-41231514#3,-41231514#2,-41231514#1,-41231514#0,870315480,-979842178#0,-226068307,213840997,1157449881,979838980#0,979838980#1,979838980#2,979838980#3,979838980#4,979838980#5,979838980#6,57680170#0,57680170#1,57680132#0,57680132#1,174375406,1238123693,1238123694,563272697,563271328,1238123691,-22561498,-22561652#6,-22561652#5,-22561652#4,-22561652#3,-22561652#2,-22561652#1,-22561652#0,-174907151#4,-174907151#1,-57392486,1163710302",6.34938202304183,4244.953097660517,38.061473684210526,15.052223388334726,59.97600000000001,0.3308839322733083,0.0,0.0,0.1030311425220792,0.3167277431147238,0.0,0.0,0.5802411143631969,0.4711477262498476,4.240329536248628,0.2355738631249238,0.4711477262498476,67.97195461404488,0.2355738631249238,0.2355738631249238,1.7345818508820918,71.64675571752908,13.427710198120655,"8a7558244737fff,8a755824409ffff,8a7558244097fff,8a7558244467fff,8a7558244477fff,8a75582447b7fff,8a75582447a7fff,8a7558244797fff,8a7558244787fff,8a75582446b7fff,8a755824469ffff,8a7558246a6ffff,8a7558246a4ffff,8a7558246a5ffff,8a7558240da7fff,8a7558240daffff,8a7558240d1ffff,8a7558240c27fff,8a7558240c37fff,8a7558240c17fff,8a7558240cb7fff,8a755824634ffff,8a7558246277fff,8a75582462e7fff,8a75582462c7fff,8a75582462d7fff,8a7558242927fff,8a7558242937fff,8a755824664ffff,8a755824665ffff,8a75582466effff,8a75582466c7fff,8a75582466f7fff,8a75582466affff,8a7558246687fff",2,2
-1020078548,-1163710302,"-1020078548,-41231515#5,-1020092139#1,-1020092139#0,1020092140,-41231515#3,-41231515#2,1020092135,41231756#0,41231756#1,41231756#2,41231756#3,-41231755,79119286#1,79119286#2,79119286#3,79119284#4,79119284#5,79119284#1,-561133140#1,-561133140#0,-227385933,-23030922#0,-154901400#5,-154901400#4,-154901400#3,-154901400#2,-154901400#1,-154901400#0,-227218424,-227218423,-57680175,-57680125#0,-57680135,-57680114#3,-57680114#2,-57680114#1,-57680114#0,-1264978471,-57680145#1,-57680145#0,-1116499324#2,-1116499324#1,-1116499324#0,57680087#0,57680087#1,57680087#2,1116499328#0,1116499328#1,1116499329,1116499330#0,1116499330#1,57680180#0,57680171#0,57680171#1,57680171#2,22561499#2,174907152#0,174907152#1,174907152#2,-57392486,1163710302",10.690373814598528,8426.267383551343,38.863161290322566,17.285091525807037,69.98400000000001,0.6169136819923438,0.0,0.0,0.0202315711118302,0.0,0.2201475235986308,0.3804202864655047,0.3792006188240339,0.2373530187167023,4.035001318183939,0.4747060374334046,0.0,72.12948334389294,0.5933825467917557,0.3560295280750534,3.443159473833316,246.4754452984476,7.357943580217771,"8a7558244737fff,8a755824409ffff,8a7558244097fff,8a7558244467fff,8a755824446ffff,8a75582447a7fff,8a75582447affff,8a7558244637fff,8a755824471ffff,8a7558244627fff,8a7558244767fff,8a75582440c7fff,8a7558244c27fff,8a7558244c87fff,8a7558271257fff,8a75582712e7fff,8a7558246d27fff,8a7558273a0ffff,8a7558273aaffff,8a7558273a87fff,8a7558273337fff,8a75582733affff,8a755827338ffff,8a75582732f7fff,8a7558255967fff,8a75582464affff,8a75582464f7fff,8a75582464c7fff,8a75582464cffff,8a7558246797fff,8a755824679ffff,8a7558255b6ffff,8a7558255b4ffff,8a7558246697fff,8a7558246687fff",3,3
-1020078548,-1163710302,"1020078548,-41273134,-41231515#3,-41231515#2,-41231515#1,-41231515#0,-1157449878#1,-1157449878#0,1020078539,-79116557#4,-79116557#3,-79116557#2,-79116557#1,-79116557#0,79116530#3,79116530#0,79116530#1,79116549#0,-41231508#0,79119287#0,79119287#1,41231357#0,79119291#0,79119291#1,79116549#4,79116549#5,79116549#6,79119284#1,-561133140#1,-561133140#0,-227385933,-23030922#0,-154901400#5,-154901400#4,-154901400#3,-154901400#2,-154901400#1,-154901400#0,-227218424,-227218423,-57680175,-57680125#0,-57680135,-57680114#3,-57680114#2,-57680114#1,-57680114#0,-1264978471,-57680145#1,-57680145#0,-1116499324#2,-1116499324#1,-1116499324#0,-57680112#1,-57680112#0,1116499322,1116499321#0,22561654#0,22561654#3,22561654#4,22561654#5,22561499#0,22561499#1,22561499#2,174907152#0,174907152#1,174907152#2,-57392486,1163710302",13.776964015833808,10106.092461683778,37.67269565217391,16.55360275634382,69.98400000000001,0.5122883366200991,0.0,0.0,0.0675895406197274,0.0,0.1835548115853748,0.320025804898673,0.4288298428962247,0.1979004256672692,3.5622076620108456,0.494751064168173,0.0989502128336346,85.04202789265781,0.6926514898354422,0.2968506385009038,3.994509421198909,232.4279807167493,6.827564685520787,"8a755824409ffff,8a7558244737fff,8a755824446ffff,8a75582447a7fff,8a7558244787fff,8a75582446b7fff,8a755824469ffff,8a7558240d27fff,8a7558240d77fff,8a7558240d57fff,8a7558240d67fff,8a7558240d47fff,8a7558240997fff,8a75582446cffff,8a75582446c7fff,8a75582446e7fff,8a755824461ffff,8a755824460ffff,8a7558244627fff,8a755824471ffff,8a7558244767fff,8a75582440c7fff,8a7558244c27fff,8a7558244c87fff,8a7558271257fff,8a75582712e7fff,8a7558246d27fff,8a7558273a0ffff,8a7558273aaffff,8a7558273a87fff,8a7558273337fff,8a75582733affff,8a755827338ffff,8a75582732f7fff,8a7558255967fff,8a75582464affff,8a75582464f7fff,8a755824648ffff,8a7558255b07fff,8a7558255b2ffff,8a7558255b77fff,8a7558255b47fff,8a7558255b5ffff,8a7558255b4ffff,8a7558246697fff,8a7558246687fff",4,4
-1020092137#1,-22561653,"1020092137#1,41273126,1020092139#0,1020092139#1,-41231515#4,41273134,-1020078548,41231515#6,-41231513#4,-41231513#3,-41231513#2,-41231513#1,-41231513#0,79119284#3,79119284#4,79119284#5,79119284#1,-561133140#1,-561133140#0,-227385933,-23030922#0,-154901400#5,-154901400#4,-154901400#3,-154901400#2,-154901400#1,-154901400#0,-227218424,-227218423,-57680175,-57680125#0,-125835961,-125835958,-55682704#2,-55682704#1,-55682704#0,-849128758#0,-55682703,55682343#1,55682342#1,55682342#2,1116499323#0,1116499323#1,1264978470#0,1264978470#1,57680111,57680112#1,57680087#0,57680087#1,57680087#2,1116499328#0,1116499328#1,1116499329,1116499330#0,1116499330#1,57680180#0,57680180#1,57680180#2,57680180#3,-22561653",12.45276782612246,9697.086508796145,38.32379999999999,15.534144304768,50.004000000000005,0.5940850633037617,0.0,0.0,0.1798374324626199,0.0,0.1912968287934802,0.3155330459696098,0.3133326927742899,0.3093712732457038,4.228074067691286,0.3093712732457038,0.0,80.68463626163366,0.6187425464914077,0.3093712732457038,4.5967518042950175,247.8319691142025,6.187425464914077,"8a7558244797fff,8a75582447a7fff,8a7558244467fff,8a7558244097fff,8a755824409ffff,8a755824446ffff,8a7558244737fff,8a7558244707fff,8a7558244717fff,8a755824471ffff,8a7558244627fff,8a7558244767fff,8a75582440c7fff,8a7558244c27fff,8a7558244c87fff,8a7558271257fff,8a75582712e7fff,8a7558246d27fff,8a7558273a0ffff,8a7558273aaffff,8a7558273a87fff,8a7558273337fff,8a755827305ffff,8a75582733b7fff,8a75582730d7fff,8a7558273767fff,8a7558273667fff,8a7558255937fff,8a755825595ffff,8a7558255867fff,8a7558255b07fff,8a755824648ffff,8a75582464f7fff,8a75582464c7fff,8a75582464cffff,8a7558246797fff,8a755824679ffff,8a75582466b7fff,8a7558246697fff,8a7558255b4ffff",1,1
-1020092137#1,-22561653,"1020092137#1,1020092138,41273128#1,1020092142,1020092139#0,1020092139#1,41231515#5,41231515#6,-41231513#4,-41231513#3,-41231513#2,-41231513#1,-41231513#0,79119284#3,-79119286#3,-79119286#2,-79119286#1,-79119286#0,-41231753#2,-41231753#1,-41231753#0,1020078542,-1157449878#0,1020078539,-79116557#4,-79116557#3,-79116557#2,-79116557#1,-79116557#0,79116530#3,79116530#0,-561134628#1,-561134628#0,-1034110351#0,-23881168#1,-23881168#0,1259750653,145622122#0,145622122#1,145622122#2,563298888,979838980#0,979838980#1,979838980#2,979838980#3,979838980#4,979838980#5,979838980#6,57680170#0,57680170#1,57680132#0,57680132#1,174375406,1238123693,1238123694,563272697,563271328,1238123691,-22561498,-22561652#6,-22561652#5,-22561652#4,-22561652#3,-22561652#2,-22561652#1,-22561652#0,-174907151#4,-174907151#1,-174907152#2,-174907152#1,-174907152#0,-22561653",6.974565697587113,5157.1230802314,40.2685,15.010090051432496,39.99600000000001,0.413927864339496,0.0,0.0,0.117863969101731,0.3407326084752957,0.0,0.0037485429639097,0.5376548794590634,0.1939065607786754,2.1329721685654297,0.1939065607786754,0.3878131215573508,67.9886778026241,0.5817196823360263,0.0,2.444653329896732,71.55021552553404,13.961272376064631,"8a7558244797fff,8a75582447a7fff,8a75582447b7fff,8a7558244467fff,8a7558244097fff,8a755824409ffff,8a7558244707fff,8a7558244717fff,8a755824471ffff,8a7558244637fff,8a75582447affff,8a755824478ffff,8a75582446a7fff,8a7558244687fff,8a75582446b7fff,8a755824469ffff,8a7558240d27fff,8a7558240d77fff,8a7558240d57fff,8a7558240d47fff,8a7558240c67fff,8a7558240c07fff,8a7558240c37fff,8a7558240c17fff,8a7558240cb7fff,8a755824634ffff,8a7558246277fff,8a75582462e7fff,8a75582462c7fff,8a75582462d7fff,8a7558242927fff,8a7558242937fff,8a755824664ffff,8a755824665ffff,8a75582466effff,8a75582466c7fff,8a75582466f7fff,8a75582466affff,8a7558246687fff,8a7558246697fff,8a7558255b4ffff",2,2
-1020092137#1,-22561653,"1020092137#1,1020092138,41273128#1,1020092142,1020092139#0,1020092139#1,41231515#5,1020078548,-41273134,-41231515#3,-41231515#2,1020092135,41231756#0,41231756#1,41231756#2,41231756#3,-41231755,79119286#1,79119286#2,79119286#3,79119284#4,79119284#5,79119284#1,-561133140#1,-561133140#0,-227385933,-23030922#0,-154901400#5,-154901400#4,-154901400#3,-154901400#2,-227218688,-57680127,-57680164,-57680125#1,-57680125#0,-57680135,-57680114#3,-57680114#2,-57680114#1,-57680114#0,-1264978471,-57680145#1,-57680145#0,-1116499324#2,-1116499324#1,-1116499324#0,-57680112#1,-57680112#0,1116499322,1116499321#0,22561654#0,22561654#3,22561654#4,22561654#5,22561499#0,22561499#1,22561499#2",11.551650291701868,8718.22030290541,39.12889655172414,16.89093757298197,50.004000000000005,0.5161228025397733,0.0,0.0,0.062165446644812,0.0,0.2127752950967002,0.2935612364965937,0.4314980217618939,0.1147023091016342,2.8675577275408566,0.3441069273049028,0.1147023091016342,74.66894478062432,0.458809236406537,0.3441069273049028,4.1781533372006745,259.6651327303788,6.652733927894787,"8a7558244797fff,8a75582447a7fff,8a75582447b7fff,8a7558244467fff,8a7558244097fff,8a755824409ffff,8a7558244737fff,8a755824446ffff,8a75582447affff,8a7558244637fff,8a755824471ffff,8a7558244627fff,8a7558244767fff,8a75582440c7fff,8a7558244c27fff,8a7558244c87fff,8a7558271257fff,8a75582712e7fff,8a7558246d27fff,8a7558246d37fff,8a7558273327fff,8a7558273337fff,8a75582733affff,8a755827338ffff,8a75582732f7fff,8a7558255967fff,8a75582464affff,8a75582464f7fff,8a755824648ffff,8a7558255b07fff,8a7558255b2ffff,8a7558255b77fff,8a7558255b47fff,8a7558255b5ffff,8a7558255b4ffff,8a7558246697fff",3,3
-1020092137#1,-22561653,"1020092137#1,41273126,1020092139#0,1020092139#1,41231515#5,41231515#6,-41231513#4,-41231513#3,-41231513#2,-41231513#1,-41231513#0,79119284#3,-79119286#3,-79119286#2,-41231511#3,-41231511#2,-41231511#1,-41231511#0,79119293#0,79119288,41231358#0,41231358#1,79119291#0,79119291#1,79116549#4,79116549#5,79116549#6,79119284#1,-561133140#1,-561133140#0,-227385933,-23030922#0,-154901400#5,-154901400#4,-154901400#3,-154901400#2,-227218688,-57680127,-57680164,-57680125#1,-57680125#0,-125835961,-125835958,-55682704#2,-55682704#1,-55682704#0,-849128758#0,-55682703,55682343#1,55682342#1,55682342#2,1116499323#0,1116499323#1,1264978470#0,1264978470#1,1116499322,1116499321#0,22561654#0,22561654#3,22561654#4,22561654#5,22561499#0,22561499#1,22561499#2",13.73944367160625,10103.21605714556,36.864562500000005,15.001643556385988,50.004000000000005,0.5010569785564386,0.0,0.0,0.2233436013359307,0.0,0.1836070699840935,0.2388902414622056,0.35415908721777,0.0989783841445956,2.276502835325699,0.1979567682891912,0.0989783841445956,87.04800942848296,0.3959135365783824,0.1979567682891912,4.841904014693737,246.69048682953377,6.334616585254119,"8a7558244797fff,8a75582447a7fff,8a7558244467fff,8a7558244097fff,8a755824409ffff,8a7558244707fff,8a7558244717fff,8a755824471ffff,8a7558244637fff,8a7558244617fff,8a755824461ffff,8a755824468ffff,8a75582446dffff,8a75582446c7fff,8a75582446e7fff,8a755824460ffff,8a7558244627fff,8a7558244767fff,8a75582440c7fff,8a7558244c27fff,8a7558244c87fff,8a7558271257fff,8a75582712e7fff,8a7558246d27fff,8a7558246d37fff,8a7558273327fff,8a7558273337fff,8a755827305ffff,8a75582733b7fff,8a75582730d7fff,8a7558273767fff,8a7558273667fff,8a7558255937fff,8a755825595ffff,8a7558255867fff,8a7558255b07fff,8a7558255b2ffff,8a7558255b77fff,8a7558255b47fff,8a7558255b5ffff,8a7558255b4ffff,8a7558246697fff",4,4
-1020092138,-174907152#1,"-1020092138,-1020092137#1,1157449879,41231515#0,41231515#1,1020092135,41231756#0,41231756#1,41231756#2,41231756#3,-41231755,79119286#1,79119286#2,79119286#3,79119284#4,79119284#5,79119284#1,-561133140#1,-561133140#0,-227385933,-23030922#0,-154901400#5,-154901400#4,-154901400#3,-154901400#2,-227218688,-57680127,-57680164,-57680125#1,-57680125#0,-57680135,-57680114#3,-57680114#2,-57680114#1,-57680114#0,-1264978471,-57680145#1,-57680145#0,-1116499324#2,-1116499324#1,-1116499324#0,57680087#0,57680087#1,57680087#2,1116499328#0,1116499328#1,1116499329,1116499330#0,1116499330#1,57680180#0,57680171#0,57680171#1,57680171#2,22561499#2,174907152#0,174907152#1",10.177720719873134,7987.851163841071,39.455357142857146,17.103553455805155,50.004000000000005,0.5633144889158102,0.0,0.0,0.0126429135864774,0.0,0.2322304033487685,0.3204030069758998,0.434723676088854,0.1251901142733781,3.129752856834453,0.3755703428201343,0.0,67.9752452209501,0.5007604570935125,0.3755703428201343,3.6320671794112136,264.2619551257735,7.010646399309175,"8a75582447b7fff,8a75582447a7fff,8a7558244797fff,8a7558244787fff,8a75582447affff,8a7558244637fff,8a755824471ffff,8a7558244627fff,8a7558244767fff,8a75582440c7fff,8a7558244c27fff,8a7558244c87fff,8a7558271257fff,8a75582712e7fff,8a7558246d27fff,8a7558246d37fff,8a7558273327fff,8a7558273337fff,8a75582733affff,8a755827338ffff,8a75582732f7fff,8a7558255967fff,8a75582464affff,8a75582464f7fff,8a75582464c7fff,8a75582464cffff,8a7558246797fff,8a755824679ffff,8a7558255b6ffff,8a7558255b4ffff,8a7558246697fff,8a7558246687fff",0,0
-1020092138,-174907152#1,"-1020092138,-1020092137#1,1157449879,-1157449878#1,-1157449878#0,1020078539,-79116557#4,-79116557#3,-79116557#2,-79116557#1,-79116557#0,79116530#3,79116530#0,79116530#1,79116549#0,79116549#1,79116549#2,79116549#3,79116549#4,79116549#5,79116549#6,79119284#1,-561133140#1,-561133140#0,-227385933,-23030922#0,-154901400#5,-154901400#4,-154901400#3,-154901400#2,-154901400#1,-154901400#0,-227218424,-227218423,-57680175,-57680125#0,-57680135,-57680114#3,-57680114#2,-57680114#1,-57680114#0,-1264978471,-57680145#1,-57680145#0,-1116499324#2,-1116499324#1,-1116499324#0,-57680112#1,-57680112#0,1116499322,1116499321#0,22561654#0,22561654#3,22561654#4,22561654#5,22561499#0,22561499#1,22561499#2,174907152#0,174907152#1",12.517711106036796,9489.7742028601,39.49139999999999,16.718489832456942,50.004000000000005,0.545559165713822,0.0,0.0,0.064656884142643,0.0,0.1954758730834356,0.3408100451384831,0.3990571976354383,0.1053765852193419,2.8451678009222325,0.4215063408773677,0.1053765852193419,80.98451371549507,0.6322595113160516,0.3161297556580258,4.314989941006512,247.675739478878,6.322595113160516,"8a75582447b7fff,8a75582447a7fff,8a7558244797fff,8a7558244787fff,8a75582446b7fff,8a755824469ffff,8a7558240d27fff,8a7558240d77fff,8a7558240d57fff,8a7558240d67fff,8a75582446c7fff,8a755824461ffff,8a755824460ffff,8a7558244627fff,8a755824471ffff,8a7558244767fff,8a75582440c7fff,8a7558244c27fff,8a7558244c87fff,8a7558271257fff,8a75582712e7fff,8a7558246d27fff,8a7558273a0ffff,8a7558273aaffff,8a7558273a87fff,8a7558273337fff,8a75582733affff,8a755827338ffff,8a75582732f7fff,8a7558255967fff,8a75582464affff,8a75582464f7fff,8a755824648ffff,8a7558255b07fff,8a7558255b2ffff,8a7558255b77fff,8a7558255b47fff,8a7558255b5ffff,8a7558255b4ffff,8a7558246697fff,8a7558246687fff",1,1
-1020092138,-174907152#1,"1020092138,41273128#1,1020092142,1020092140,41231515#4,41231515#5,41231515#6,-41231513#4,-41231513#3,-41231513#2,-41231513#1,-41231513#0,79119284#3,79119284#4,79119284#5,-79116549#6,-79116549#5,-79116549#4,-79116549#3,-79116549#2,-79116549#1,-79116549#0,79116530#2,79116530#3,-979842178#5,-979842178#4,-979842178#3,-979842178#2,-979842178#1,-979842178#0,-226068307,213840997,1157449881,979838980#0,979838980#1,979838980#2,979838980#3,979838980#4,979838980#5,979838980#6,57680170#0,57680170#1,57680132#0,57680132#1,174375406,1238123693,1238123694,563272697,563271328,1238123691,-22561498,-22561652#6,-22561652#5,-22561652#4,-22561652#3,-22561652#2,-22561652#1,-22561652#0,-174907151#4,-174907151#1,-174907152#2,-174907152#1",5.883726552220407,4185.2582465449705,38.054903225806434,13.772244250498876,39.99600000000001,0.3356033703366316,0.0,0.0,0.1279480894435101,0.3212452697177727,0.0,0.0046459035141056,0.5461607373246117,0.2389338819953401,2.6282727019487413,0.2389338819953401,0.4778677639906802,61.636295370188016,0.4778677639906802,0.0,1.875736350428604,64.94429141803795,14.813900683711086,"8a75582447a7fff,8a75582447b7fff,8a7558244467fff,8a755824446ffff,8a755824409ffff,8a7558244707fff,8a7558244717fff,8a755824471ffff,8a7558244627fff,8a755824460ffff,8a755824461ffff,8a75582446c7fff,8a7558240d67fff,8a7558240d77fff,8a7558240d57fff,8a7558240c27fff,8a7558240c37fff,8a7558240c17fff,8a7558240cb7fff,8a755824634ffff,8a7558246277fff,8a75582462e7fff,8a75582462c7fff,8a75582462d7fff,8a7558242927fff,8a7558242937fff,8a755824664ffff,8a755824665ffff,8a75582466effff,8a75582466c7fff,8a75582466f7fff,8a75582466affff,8a7558246687fff,8a7558246697fff",2,2
-1020092138,-174907152#1,"1020092138,41273128#1,1020092142,1020092139#0,1020092139#1,-41231515#4,41273134,-1020078548,41231515#6,-41231513#4,-41231513#3,-41231513#2,-41231513#1,-41231513#0,79119284#3,79119284#4,79119284#5,79119284#1,-561133140#1,-561133140#0,-227385933,-23030922#0,-154901400#5,-154901400#4,-154901400#3,-154901400#2,-154901400#1,-154901400#0,-227218424,-227218423,-57680175,-57680125#0,-57680135,-57680114#3,-57680114#2,-57680114#1,-57680114#0,-1264978471,-57680145#1,-57680145#0,-1116499324#2,-1116499324#1,-1116499324#0,57680087#0,57680087#1,57680087#2,1116499328#0,1116499328#1,1116499329,1116499330#0,1116499330#1,57680180#0,57680180#1,57680180#2,57680180#3,174907152#0,174907152#1",10.998983615040398,8679.514274505693,39.99157894736842,17.01142588605352,50.004000000000005,0.5964888279672487,0.0,0.0,0.0082501358752892,0.0,0.2137241600163608,0.3693205576377831,0.4087051464705669,0.1152138205403148,2.8803455135078715,0.3456414616209446,0.0,71.89648548667107,0.4608552821612595,0.3456414616209446,3.91358450960966,253.9732772712393,6.567187770797948,"8a75582447a7fff,8a75582447b7fff,8a7558244467fff,8a7558244097fff,8a755824409ffff,8a755824446ffff,8a7558244737fff,8a7558244707fff,8a7558244717fff,8a755824471ffff,8a7558244627fff,8a7558244767fff,8a75582440c7fff,8a7558244c27fff,8a7558244c87fff,8a7558271257fff,8a75582712e7fff,8a7558246d27fff,8a7558273a0ffff,8a7558273aaffff,8a7558273a87fff,8a7558273337fff,8a75582733affff,8a755827338ffff,8a75582732f7fff,8a7558255967fff,8a75582464affff,8a75582464f7fff,8a75582464c7fff,8a75582464cffff,8a7558246797fff,8a755824679ffff,8a75582466b7fff,8a7558246697fff,8a7558246687fff",3,3
-1020092138,-174907152#1,"-1020092138,-1020092137#1,1157449879,41231515#0,41231515#1,1020092135,41231756#0,41231756#1,41231756#2,41231756#3,-41231755,79119286#1,79119286#2,79119286#3,79119284#4,79119284#5,79119284#1,-561133140#1,-561133140#0,-227385933,-23030922#0,-154901400#5,-154901400#4,-154901400#3,-154901400#2,-227218688,-57680127,-57680164,-57680125#1,-57680125#0,-125835961,-125835958,-55682704#2,-55682704#1,-55682704#0,-849128758#0,-55682703,55682343#1,55682342#1,55682342#2,1116499323#0,1116499323#1,1264978470#0,1264978470#1,1116499322,1116499321#0,22561654#0,22561654#3,22561654#4,22561654#5,22561499#0,22561499#1,22561499#2,174907152#0,174907152#1",10.855574558806335,8572.470991980574,38.353745454545454,15.960546593511028,50.004000000000005,0.592983429884497,0.0,0.0,0.2715781521514599,0.0,0.2163929046133943,0.2815477271015775,0.2304812161335684,0.116652479890044,2.6830070374710138,0.2333049597800881,0.116652479890044,75.94005543402935,0.4666099195601763,0.2333049597800881,3.897893175247302,266.79049166982225,6.415886393952424,"8a75582447b7fff,8a75582447a7fff,8a7558244797fff,8a7558244787fff,8a75582447affff,8a7558244637fff,8a755824471ffff,8a7558244627fff,8a7558244767fff,8a75582440c7fff,8a7558244c27fff,8a7558244c87fff,8a7558271257fff,8a75582712e7fff,8a7558246d27fff,8a7558246d37fff,8a7558273327fff,8a7558273337fff,8a755827305ffff,8a75582733b7fff,8a75582730d7fff,8a7558273767fff,8a7558273667fff,8a7558255937fff,8a755825595ffff,8a7558255867fff,8a7558255b07fff,8a7558255b2ffff,8a7558255b77fff,8a7558255b47fff,8a7558255b5ffff,8a7558255b4ffff,8a7558246697fff,8a7558246687fff",4,4
-1020092139#0,-1157449877,"1020092139#0,1020092139#1,41231515#5,1020078548,-41273134,-1020092140,-1020092142,-1020092143,41273131,-1020092138,-41273130,41231515#1,1020092135,41231756#0,41231756#1,41231756#2,41231756#3,-41231755,79119286#1,-41231511#3,-41231511#2,-41231511#1,-41231511#0,79119293#0,79119293#1,79119293#2,-41231509,-41231508#2,-41231508#1,-79116549#0,79116530#2,79116557#0,79116557#1,23881170,41231753#0,41231753#1,41231753#2,1157449877",5.354166101285726,3119.9260616061933,30.514736842105275,3.247023965353343,20.016000000000005,0.0067457816942341,0.0,0.0,0.0,0.0,0.0,0.0030501565958165,0.9969498434041836,0.0,0.6410408325415137,0.3205204162707568,0.0,95.30362826209772,0.6410408325415137,0.0,7.386040516868904,78.57689841523126,12.17977581828876,"8a7558244467fff,8a7558244097fff,8a755824409ffff,8a7558244737fff,8a755824446ffff,8a7558244477fff,8a75582447b7fff,8a75582447a7fff,8a75582447affff,8a7558244637fff,8a7558244617fff,8a755824461ffff,8a755824468ffff,8a75582446d7fff,8a7558240d27fff,8a7558240d77fff,8a7558240d67fff,8a7558244687fff,8a75582446a7fff,8a755824478ffff,8a7558244787fff",1,1
-1020092139#0,-1157449877,"1020092139#0,1020092139#1,-41231515#4,41273134,-1020078548,41231515#6,-41231513#4,-41231513#3,-41231513#2,-41231513#1,-41231513#0,79119284#3,79119284#4,79119284#5,-79116549#6,-79116549#5,-79116549#4,79119291#2,41231511#0,41231511#1,41231511#2,41231511#3,-79119286#1,-79119286#0,1157449877",2.8923369347739096,1742.7347769163612,29.988000000000003,3.625973214694716e-15,0.0,0.0,0.0,0.0,0.0,0.0,0.0,0.0,1.0,0.0,0.0,0.0,0.0,99.6574927520751,0.0,0.0,4.125709846416696,46.6519214754835,14.345269475964454,"8a7558244467fff,8a7558244097fff,8a755824409ffff,8a755824446ffff,8a7558244737fff,8a7558244707fff,8a7558244717fff,8a755824471ffff,8a7558244627fff,8a755824460ffff,8a755824461ffff,8a7558244617fff,8a7558244637fff,8a75582447affff,8a755824478ffff,8a7558244787fff",2,2
-1020092139#0,-1157449877,"-1020092139#0,-1020092142,-1020092143,41273131,-1020092138,-1020092137#1,1157449879,41231515#0,41231515#1,1020092135,1020092136,41231515#3,41273134,-1020078548,41231515#6,-41231513#4,-41231513#3,-41231513#2,-41231513#1,-41231513#0,79119284#3,-79119286#3,-79119286#2,-79119286#1,-79119286#0,1157449877",3.9299164014057753,2290.703051476128,30.75784615384616,3.925460560925893,20.016000000000005,0.0091877208179318,0.0,0.0,0.0,0.0,0.0,0.0,1.0,0.0,0.0,0.0,0.0,98.5381959732616,0.0,0.0,4.8332108143472965,80.897969234274,11.350227164208658,"8a7558244097fff,8a7558244467fff,8a7558244477fff,8a75582447b7fff,8a75582447a7fff,8a7558244797fff,8a7558244787fff,8a755824446ffff,8a7558244737fff,8a755824409ffff,8a7558244707fff,8a7558244717fff,8a755824471ffff,8a7558244637fff,8a75582447affff,8a755824478ffff",3,3
-1020092139#0,-1157449877,"1020092139#0,1020092139#1,41231515#5,41231515#6,-41231513#4,-41231513#3,-41231513#2,-41231513#1,-41231513#0,79119284#3,-79119286#3,-79119286#2,-79119286#1,41231755,-41231756#3,-41231756#2,-41231756#1,-41231756#0,1020092136,-41231515#2,-41231515#1,-41231515#0,-1157449878#1,-1157449878#0,1020078539,-79116557#4,-79116557#3,-79116557#2,23881170,41231753#0,41231753#1,41231753#2,1157449877",3.93655462184874,2335.2761560385457,29.988,0.0,0.0,0.0,0.0,0.0,0.0,0.0,0.0,0.0,1.0,0.0,0.0,0.0,0.0,97.96470019121617,0.0,0.0,5.528478549167527,71.75578196603918,14.131091055192236,"8a7558244467fff,8a7558244097fff,8a755824409ffff,8a7558244707fff,8a7558244717fff,8a755824471ffff,8a7558244637fff,8a75582447affff,8a75582447a7fff,8a7558244787fff,8a75582446b7fff,8a755824469ffff,8a7558240d27fff,8a7558244687fff,8a75582446a7fff,8a755824478ffff",4,4
-1020092139#1,-41231515#0,"1020092139#1,41231515#5,1020078548,-41273134,-41231515#3,-41231515#2,1020092135,41231756#0,41231756#1,41231756#2,41231756#3,-41231755,79119286#1,-41231511#3,-41231511#2,-41231511#1,-41231511#0,79119293#0,79119288,41231358#0,-79116549#2,-79116549#1,-79116549#0,79116530#2,79116557#0,79116557#1,79116557#2,1020078538,1020078537#1,1157449878#0,1157449878#1,41231515#0",4.509055400417906,2771.5745567046088,31.8645,5.927629934903266,20.016000000000005,0.0276388827122163,0.0,0.0,0.0,0.0,0.0,0.0034335223031427,0.9965664776968572,0.0,0.7216114735798383,0.3608057367899192,0.0,96.09480903050188,0.7216114735798383,0.0,8.065888161645654,74.56432394293316,11.545783577277414,"8a7558244097fff,8a755824409ffff,8a7558244737fff,8a755824446ffff,8a75582447a7fff,8a75582447affff,8a7558244637fff,8a7558244617fff,8a755824461ffff,8a755824468ffff,8a75582446dffff,8a75582446c7fff,8a7558240d67fff,8a7558240d77fff,8a7558240d27fff,8a755824469ffff,8a75582446b7fff,8a7558244787fff",1,1
-1020092139#1,-41231515#0,"1020092139#1,41231515#5,1020078548,-41273134,-41231515#3,-41231515#2,-41231515#1,-41231515#0",0.9005402160864345,708.23671604287,29.988,0.0,0.0,0.0,0.0,0.0,0.0,0.0,0.0,0.0,1.0,0.0,0.0,0.0,0.0,54.09921887912544,0.0,0.0,1.3818028727801557,77.30258303449101,11.29565838481008,"8a7558244097fff,8a755824409ffff,8a7558244737fff,8a755824446ffff,8a75582447a7fff,8a7558244787fff",2,2
-1020092139#1,-41231515#0,"-1020092139#1,-1020092139#0,1020092140,41273134,-1020078548,41231515#6,-41231513#4,-41231513#3,-41231513#2,-41231513#1,-41231513#0,79119284#3,-79119286#3,-79119286#2,-79119286#1,-79119286#0,-41231753#2,-41231753#1,-41231753#0,1020078542,1157449878#1,41231515#0",2.6173495172006884,1770.2654243424888,30.89781818181818,4.2674255385739,20.016000000000005,0.0646386657263523,0.0,0.0,0.0,0.0,0.0,0.0,1.0,0.0,0.0,0.0,0.0,90.57879581149686,0.0,0.0,6.122663555083043,48.59582312452629,12.42751493503932,"8a755824409ffff,8a7558244097fff,8a7558244467fff,8a755824446ffff,8a7558244737fff,8a7558244707fff,8a7558244717fff,8a755824471ffff,8a7558244637fff,8a75582447affff,8a755824478ffff,8a75582446a7fff,8a7558244687fff,8a75582446b7fff,8a7558244787fff,8a75582447a7fff",3,3
-1020092142,-174375407#2,"1020092142,1020092140,-41231515#3,-41231515#2,-41231515#1,-41231515#0,-1157449878#1,-1157449878#0,1020078539,-79116557#4,-79116557#3,-79116557#2,-79116557#1,-79116557#0,79116530#3,-979842178#5,-979842178#4,-979842178#3,-979842178#2,-979842178#1,-979842178#0,-226068307,213840997,1157449881,979838980#0,979838980#1,979838980#2,979838980#3,979838980#4,979838980#5,979838980#6,57680170#0,57680170#1,57680132#0,57680132#1,174375408#0,174375408#1,-174375409,57680120#0,57680120#1,1238123694,563272697,563271328,174375401,1238123690,174375405,561133138,-174375407#4,-174375407#3,-174375407#2",4.698646717550755,3526.07210421407,41.59224,14.620676338469632,39.99600000000001,0.4002420970815906,0.0,0.0,0.0089327147703473,0.3730853599202458,0.1058247260725798,0.0028156097341088,0.5093415895027182,0.5672033755661903,8.22444894570976,1.1344067511323803,0.0,69.3700587475658,1.7016101266985708,0.2836016877830951,1.517289872691921,74.17461315252812,14.180084389154755,"8a7558244467fff,8a755824446ffff,8a75582447a7fff,8a7558244787fff,8a75582446b7fff,8a755824469ffff,8a7558240d27fff,8a7558240d77fff,8a7558240d57fff,8a7558240c27fff,8a7558240c37fff,8a7558240c17fff,8a7558240cb7fff,8a755824634ffff,8a7558246277fff,8a75582462e7fff,8a75582462c7fff,8a75582462d7fff,8a7558242927fff,8a7558242937fff,8a755824664ffff,8a7558246647fff,8a755824665ffff,8a75582429a7fff,8a75582429affff,8a755824291ffff",0,0
-1020092142,-174375407#2,"1020092142,1020092139#0,1020092139#1,-41231515#4,41273134,-1020078548,41231515#6,-41231513#4,-41231513#3,-41231513#2,-41231513#1,-41231513#0,79119284#3,79119284#4,79119284#5,-79116549#6,-79116549#5,-79116549#4,-79116549#3,-79116549#2,-79116549#1,-79116549#0,79116530#2,79116530#3,79116530#0,-561134628#1,-561134628#0,-1034110351#0,-23881168#1,-23881168#0,1259750653,145622122#0,145622122#1,145622122#2,563298888,979838980#0,979838980#1,979838980#2,979838980#3,979838980#4,979838980#5,979838980#6,57680170#0,57680170#1,57680132#0,57680132#1,174375408#0,174375408#1,-174375409,57680120#0,57680120#1,1238123694,563272697,563271328,174375401,1238123690,174375405,561133138,-174375407#4,-174375407#3,-174375407#2",5.865493688653947,4488.372699302725,43.10675409836065,15.443337576072237,39.99600000000001,0.4515990992062367,0.0,0.0,0.0070175536829898,0.3850463366109176,0.0831360583310267,0.0064272649408476,0.5183727864342181,0.445595794732176,6.4611390236165525,0.8911915894643521,0.0,73.89600534602343,1.559585281562616,0.222797897366088,1.931373562491812,70.88431476160089,13.59067173933137,"8a7558244467fff,8a7558244097fff,8a755824409ffff,8a755824446ffff,8a7558244737fff,8a7558244707fff,8a7558244717fff,8a755824471ffff,8a7558244627fff,8a755824460ffff,8a755824461ffff,8a75582446c7fff,8a7558240d67fff,8a7558240d77fff,8a7558240d57fff,8a7558240d47fff,8a7558240c67fff,8a7558240c07fff,8a7558240c37fff,8a7558240c17fff,8a7558240cb7fff,8a755824634ffff,8a7558246277fff,8a75582462e7fff,8a75582462c7fff,8a75582462d7fff,8a7558242927fff,8a7558242937fff,8a755824664ffff,8a7558246647fff,8a755824665ffff,8a75582429a7fff,8a75582429affff,8a755824291ffff",1,1
-1020092142,-174375407#2,"1020092142,1020092140,-41231515#3,-41231515#2,1020092135,41231756#0,41231756#1,41231756#2,41231756#3,-41231755,-79119286#0,-41231753#2,-41231753#1,-41231753#0,1020078542,-1157449878#0,1020078539,1020078540,-41231514#8,-41231514#7,-41231514#6,-41231514#5,-41231514#4,-41231514#3,-41231514#2,-41231514#1,-41231514#0,870315480,-979842178#0,-226068307,213840997,1157449881,979838980#0,979838980#1,979838980#2,979838980#3,979838980#4,979838980#5,979838980#6,57680170#0,57680170#1,57680132#0,57680132#1,174375406,1238123693,1238123694,563272697,563271328,174375401,1238123690,174375405,561133138,-174375407#4,-174375407#3,-174375407#2",4.929404189726092,3755.990863348539,40.1733818181818,14.33779875079093,39.99600000000001,0.4087366555055834,0.0,0.0,0.0083859086756516,0.3642819862675157,0.0993467844082966,0.0,0.527985320648536,0.5324826584420818,2.9286546214314497,0.5324826584420818,0.0,55.19578440867728,0.7987239876631227,0.2662413292210409,1.6162252870754503,64.23293546758187,14.643273107157247,"8a7558244467fff,8a755824446ffff,8a75582447a7fff,8a75582447affff,8a755824478ffff,8a75582446a7fff,8a7558244687fff,8a75582446b7fff,8a755824469ffff,8a7558246a6ffff,8a7558246a4ffff,8a7558246a5ffff,8a7558240da7fff,8a7558240daffff,8a7558240d1ffff,8a7558240c27fff,8a7558240c37fff,8a7558240c17fff,8a7558240cb7fff,8a755824634ffff,8a7558246277fff,8a75582462e7fff,8a75582462c7fff,8a75582462d7fff,8a7558242927fff,8a7558242937fff,8a755824664ffff,8a755824665ffff,8a75582429a7fff,8a75582429affff,8a755824291ffff",2,2
-1020092142,-174375407#2,"-1020092142,-1020092143,41273131,-1020092138,-1020092137#1,1157449879,-1157449878#1,-1157449878#0,1020078539,-79116557#4,-79116557#3,-79116557#2,-79116557#1,-79116557#0,79116530#3,79116530#0,-561134628#1,-561134628#0,-1034110351#0,-23881168#1,-23881168#0,1259750653,145622122#0,145622122#1,145622122#2,563298888,979838980#0,979838980#1,979838980#2,979838980#3,979838980#4,979838980#5,979838980#6,57680170#0,57680170#1,57680132#0,57680132#1,174375406,1238123693,1238123694,563272697,561133136,561133138,-174375407#4,-174375407#3,-174375407#2",5.449201152921149,4115.71540044317,44.773826086956525,16.56476394613894,39.99600000000001,0.4756564859537124,0.0,0.0,0.0,0.4167264597503467,0.100280947885749,0.0046970442694692,0.478295548094435,0.0,2.672682372259157,0.4859422495016649,0.0,59.86477715537365,0.9718844990033298,0.2429711247508324,1.783575173718034,89.29798158214386,11.176671738538293,"8a7558244467fff,8a7558244477fff,8a75582447b7fff,8a75582447a7fff,8a7558244797fff,8a7558244787fff,8a75582446b7fff,8a755824469ffff,8a7558240d27fff,8a7558240d77fff,8a7558240d57fff,8a7558240d47fff,8a7558240c67fff,8a7558240c07fff,8a7558240c37fff,8a7558240c17fff,8a7558240cb7fff,8a755824634ffff,8a7558246277fff,8a75582462e7fff,8a75582462c7fff,8a75582462d7fff,8a7558242927fff,8a7558242937fff,8a755824664ffff,8a755824665ffff,8a75582429a7fff,8a75582429affff,8a755824291ffff",3,3
-1020092142,-174375407#2,"1020092142,1020092140,-41231515#3,-41231515#2,-41231515#1,-41231515#0,-1157449878#1,-1157449878#0,1020078539,-79116557#4,-79116557#3,-79116557#2,23881170,41231753#0,41231753#1,41231753#2,79119286#0,79119286#1,-41231511#3,-41231511#2,-41231511#1,-41231511#0,79119293#0,79119288,41231358#0,-79116549#2,-79116549#1,-79116549#0,79116530#2,79116530#3,-979842178#5,-979842178#4,-979842178#3,-979842178#2,870315479#0,870315479#1,870315480,-979842178#0,-226068307,213840997,1157449881,979838980#0,979838980#1,979838980#2,979838980#3,979838980#4,979838980#5,979838980#6,57680170#0,57680170#1,57680132#0,57680132#1,174375406,1238123693,1238123694,563272697,561133136,561133138,-174375407#4,-174375407#3,-174375407#2",7.0390768708935925,4847.290096359012,37.53088524590162,13.74343493466167,39.99600000000001,0.2768565782998972,0.0,0.0,0.0,0.2686907317635966,0.0851460988263178,0.0040113765853767,0.6421517928247087,0.0,2.269309197785073,0.4126016723245588,0.0,76.18473424635317,0.6189025084868383,0.2063008361622794,2.085817860733929,72.960559012207,12.584351005899045,"8a7558244467fff,8a755824446ffff,8a75582447a7fff,8a7558244787fff,8a75582446b7fff,8a755824469ffff,8a7558240d27fff,8a7558244687fff,8a75582446a7fff,8a755824478ffff,8a75582447affff,8a7558244637fff,8a7558244617fff,8a755824461ffff,8a755824468ffff,8a75582446dffff,8a75582446c7fff,8a7558240d67fff,8a7558240d77fff,8a7558240d57fff,8a7558240c27fff,8a7558240c37fff,8a7558240c17fff,8a7558240cb7fff,8a755824634ffff,8a7558246277fff,8a75582462e7fff,8a75582462c7fff,8a75582462d7fff,8a7558242927fff,8a7558242937fff,8a755824664ffff,8a755824665ffff,8a75582429a7fff,8a75582429affff,8a755824291ffff",4,4
-1076634450,-174375407#2,"-1076634450,41273140#0,41273141#1,41273141#2,-174897323#0,-41231515#6,1020078548,-41273134,-41231515#3,-41231515#2,1020092135,41231756#0,41231756#1,41231756#2,41231756#3,-41231755,79119286#1,-41231511#3,-41231511#2,-41231511#1,-41231511#0,79119293#0,79119288,41231358#0,-79116549#2,-79116549#1,-79116549#0,79116530#2,79116530#3,-979842178#5,-979842178#4,-979842178#3,870315481#0,870315481#1,870315479#1,870315480,-979842178#0,-226068307,213840997,1157449881,979838980#0,979838980#1,979838980#2,979838980#3,979838980#4,979838980#5,979838980#6,57680170#0,57680170#1,57680132#0,57680132#1,174375406,1238123693,1238123694,563272697,563271328,174375401,1238123690,174375405,561133138,-174375407#4,-174375407#3,-174375407#2",5.829481643313719,4251.232036443855,38.5622857142857,13.780787106398876,39.99600000000001,0.3342051283966374,0.0,0.0,0.0074090042831372,0.3218454792337743,0.0877735233790613,0.0045738049178158,0.5783981881862111,0.4704518555691434,3.0579370611994325,0.7056777833537151,0.0,65.61876781443672,1.1761296389228586,0.2352259277845717,1.7511775715902198,61.66049864295015,14.81923345042802,"8a75582440f7fff,8a755824408ffff,8a75582440affff,8a7558244087fff,8a755824409ffff,8a7558244737fff,8a755824446ffff,8a75582447a7fff,8a75582447affff,8a7558244637fff,8a7558244617fff,8a755824461ffff,8a755824468ffff,8a75582446dffff,8a75582446c7fff,8a7558240d67fff,8a7558240d77fff,8a7558240d57fff,8a7558240c27fff,8a7558240c37fff,8a7558240c17fff,8a7558240cb7fff,8a755824634ffff,8a7558246277fff,8a75582462e7fff,8a75582462c7fff,8a75582462d7fff,8a7558242927fff,8a7558242937fff,8a755824664ffff,8a755824665ffff,8a75582429a7fff,8a75582429affff,8a755824291ffff",0,0
-1076634450,-174375407#2,"-1076634450,41273140#0,41273140#1,57680129,41273142#0,41273142#1,-41273141#3,-174897323#0,-41231515#6,1020078548,-41273134,-41231515#3,-41231515#2,1020092135,41231756#0,41231756#1,41231756#2,41231756#3,-41231755,79119286#1,79119286#2,79119286#3,79119284#4,79119284#5,-79116549#6,-79116549#5,-79116549#4,79119291#2,79119293#0,79119293#1,-41231508#3,-41231508#2,-41231508#1,-79116549#0,79116530#2,79116530#3,79116530#0,-561134628#1,-561134628#0,-1034110351#0,-23881168#1,-23881168#0,1259750653,145622122#0,145622122#1,145622122#2,563298888,979838980#0,979838980#1,979838980#2,979838980#3,979838980#4,979838980#5,979838980#6,57680170#0,57680170#1,57680132#0,57680132#1,174375406,1238123693,1238123694,563272697,563271328,174375401,1238123690,174375405,561133138,-174375407#4,-174375407#3,-174375407#2",6.821698762476134,5102.357312560219,40.84817142857142,15.108636377502034,39.99600000000001,0.3991186814819963,0.0,0.0,0.0061731067499109,0.3490436455370751,0.0731320038332214,0.0056538495296424,0.5659973943501502,0.3919756844697449,2.5478419490533417,0.5879635267046174,0.0,72.72465285101818,1.1759270534092348,0.1959878422348724,2.10177511163776,68.50377513925903,13.719148956441073,"8a75582440f7fff,8a755824408ffff,8a75582440affff,8a7558244017fff,8a755824418ffff,8a7558244087fff,8a755824409ffff,8a7558244737fff,8a755824446ffff,8a75582447a7fff,8a75582447affff,8a7558244637fff,8a755824471ffff,8a7558244627fff,8a755824460ffff,8a755824461ffff,8a755824468ffff,8a75582446d7fff,8a7558240d77fff,8a7558240d67fff,8a7558240d57fff,8a7558240d47fff,8a7558240c67fff,8a7558240c07fff,8a7558240c37fff,8a7558240c17fff,8a7558240cb7fff,8a755824634ffff,8a7558246277fff,8a75582462e7fff,8a75582462c7fff,8a75582462d7fff,8a7558242927fff,8a7558242937fff,8a755824664ffff,8a755824665ffff,8a75582429a7fff,8a75582429affff,8a755824291ffff",1,1
-1076634450,-174375407#2,"-1076634450,41273140#0,41273141#1,41273141#2,-174897323#0,-41231515#6,-41231515#5,-1020092139#1,-1020092139#0,1020092140,-41231515#3,-41231515#2,-41231515#1,-41231515#0,-1157449878#1,-1157449878#0,1020078539,-79116557#4,-79116557#3,-79116557#2,-79116557#1,-79116557#0,79116530#3,-979842178#5,-979842178#4,-979842178#3,-979842178#2,870315479#0,870315479#1,870315480,-979842178#0,-226068307,213840997,1157449881,979838980#0,979838980#1,979838980#2,979838980#3,979838980#4,979838980#5,979838980#6,57680170#0,57680170#1,57680132#0,57680132#1,174375406,1238123693,1238123694,563272697,561133136,561133138,-174375407#4,-174375407#3,-174375407#2",5.71014529826454,4076.950297157357,38.50866666666666,14.32969429949506,39.99600000000001,0.3291686315235788,0.0,0.0,0.0,0.3194598482030178,0.1012344550465061,0.0024351640849575,0.5768705326655186,0.0,2.698095193279576,0.4905627624144682,0.0,71.0615755914075,0.7358441436217024,0.2452813812072341,1.6793870246711329,71.71780443407583,13.245194585190642,"8a75582440f7fff,8a755824408ffff,8a75582440affff,8a7558244087fff,8a755824409ffff,8a7558244097fff,8a7558244467fff,8a755824446ffff,8a75582447a7fff,8a7558244787fff,8a75582446b7fff,8a755824469ffff,8a7558240d27fff,8a7558240d77fff,8a7558240d57fff,8a7558240c27fff,8a7558240c37fff,8a7558240c17fff,8a7558240cb7fff,8a755824634ffff,8a7558246277fff,8a75582462e7fff,8a75582462c7fff,8a75582462d7fff,8a7558242927fff,8a7558242937fff,8a755824664ffff,8a755824665ffff,8a75582429a7fff,8a75582429affff,8a755824291ffff",2,2
-1076634450,-174375407#2,"-1076634450,41273140#0,41273140#1,1020078544,-174897323#3,-174897323#2,-174897323#1,-174897323#0,-41231515#6,-41231515#5,-41231515#4,-41231515#3,-41231515#2,-41231515#1,-41231515#0,-1157449878#1,-1157449878#0,1020078539,1020078540,1020078536,-79116557#3,-79116557#2,-79116557#1,-79116557#0,79116530#3,79116530#0,-561134628#1,-561134628#0,-1034110351#0,-23881168#1,-23881168#0,1259750653,145622122#0,145622122#1,145622122#2,563298888,979838980#0,979838980#1,979838980#2,979838980#3,979838980#4,979838980#5,979838980#6,57680170#0,57680170#1,57680132#0,57680132#1,174375406,1238123693,1238123694,563272697,561133136,561133138,-174375407#4,-174375407#3,-174375407#2",6.77466073920347,4913.816495101084,42.490928571428576,15.983345322675609,39.99600000000001,0.4049165140077796,0.0,0.0,0.0,0.3490418313090425,0.0839933363396644,0.0039341512764449,0.5630306810748482,0.0,2.2385858346494305,0.4070156062998964,0.0,72.85061356558377,0.8140312125997929,0.2035078031499482,2.024110931458146,79.90708854562857,11.3964369763971,"8a75582440f7fff,8a755824408ffff,8a75582440affff,8a7558244017fff,8a75582441affff,8a755824418ffff,8a75582440a7fff,8a7558244087fff,8a755824409ffff,8a755824446ffff,8a75582447a7fff,8a7558244787fff,8a75582446b7fff,8a755824469ffff,8a7558240d27fff,8a7558240d77fff,8a7558240d57fff,8a7558240d47fff,8a7558240c67fff,8a7558240c07fff,8a7558240c37fff,8a7558240c17fff,8a7558240cb7fff,8a755824634ffff,8a7558246277fff,8a75582462e7fff,8a75582462c7fff,8a75582462d7fff,8a7558242927fff,8a7558242937fff,8a755824664ffff,8a755824665ffff,8a75582429a7fff,8a75582429affff,8a755824291ffff",3,3
-1076634450,-174375407#2,"-1076634450,41273140#0,41273140#1,1020078544,-174897323#3,-174897323#2,1020078543,41273142#1,-41273141#3,-174897323#0,-41231515#6,1020078548,-41273134,41231515#4,-1020092139#1,-1020092139#0,-1020092142,-1020092143,41273131,-1020092138,-1020092137#1,1157449879,-1157449878#1,-1157449878#0,1020078539,1020078540,1020078536,-79116557#3,-79116557#2,-79116557#1,-79116557#0,79116530#3,-979842178#5,-979842178#4,-979842178#3,-979842178#2,-979842178#1,-979842178#0,-226068307,213840997,1157449881,979838980#0,979838980#1,979838980#2,979838980#3,979838980#4,979838980#5,979838980#6,57680170#0,57680170#1,57680132#0,57680132#1,174375406,1238123693,1238123694,563272697,563271328,174375401,1238123690,174375405,561133138,-174375407#4,-174375407#3,-174375407#2",8.159369811684018,5481.216873448016,38.7410625,13.74558693726827,39.99600000000001,0.2639343702836957,0.0,0.0,0.0057464240320797,0.2496233671634564,0.0680771484062604,0.001811284459093,0.6747417759391104,0.36488247886858,2.3717361126457703,0.5473237183028701,0.0,80.57355919509466,0.91220619717145,0.18244123943429,2.2578358394742493,77.44269122236574,11.676239323794562,"8a75582440f7fff,8a755824408ffff,8a75582440affff,8a7558244017fff,8a75582441affff,8a755824418ffff,8a75582440a7fff,8a7558244087fff,8a755824409ffff,8a7558244737fff,8a755824446ffff,8a7558244097fff,8a7558244467fff,8a7558244477fff,8a75582447b7fff,8a75582447a7fff,8a7558244797fff,8a7558244787fff,8a75582446b7fff,8a755824469ffff,8a7558240d27fff,8a7558240d77fff,8a7558240d57fff,8a7558240c27fff,8a7558240c37fff,8a7558240c17fff,8a7558240cb7fff,8a755824634ffff,8a7558246277fff,8a75582462e7fff,8a75582462c7fff,8a75582462d7fff,8a7558242927fff,8a7558242937fff,8a755824664ffff,8a755824665ffff,8a75582429a7fff,8a75582429affff,8a755824291ffff",4,4
-1116499322,-561133140#1,"-1116499322,57680111,57680112#1,1116499324#0,1116499324#1,1116499324#2,57680145#0,57680145#1,1264978471,561133118,57680114#1,57680114#2,57680114#3,57680135,57680125#0,57680175,227218423,227218424,154901400#0,154901400#1,154901400#2,154901400#3,154901400#4,154901400#5,23030923#2,23030922#1,41231752,561133140#1",7.795547817533939,6803.065532684013,50.35242857142857,19.529620711699888,50.004000000000005,0.7610147619557521,0.0,0.0,0.0087607319452351,0.0,0.2726744125507315,0.4711880308201098,0.2473768246839234,0.1469925572810806,3.674813932027015,0.4409776718432418,0.0,111.75313875134684,0.5879702291243224,0.0,2.7735823553386565,336.20521010957674,4.115791603870257,"8a7558255b2ffff,8a7558255b07fff,8a755824648ffff,8a75582464f7fff,8a75582464affff,8a7558255967fff,8a75582732f7fff,8a755827338ffff,8a75582733affff,8a7558273337fff,8a7558273a87fff,8a7558273aaffff,8a7558273a0ffff,8a7558246d27fff,8a75582712e7fff,8a7558271257fff,8a7558244c87fff,8a7558244c27fff,8a75582440c7fff,8a7558244767fff,8a7558244627fff,8a755824471ffff",0,0
-1116499322,-561133140#1,"1116499322,1116499321#0,22561654#0,22561654#3,22561654#4,22561654#5,22561499#0,22561499#1,22561499#2,-57680180#3,-57680180#2,-57680180#1,-57680180#0,-563282223,-1116499330#0,-1116499329,-1116499328#1,-1116499328#0,-57680087#2,-57680087#1,-57680087#0,-57680112#1,-57680112#0,-1264978470#1,-1264978470#0,-1116499323#1,-1116499323#0,-561133121,-55682342#1,-55682342#0,55682703,849128758#0,849128758#1,55682704#1,55682704#2,55682704#3,125835961,57680125#0,57680125#1,57680125#2,57680127,227218689,154901400#2,154901400#3,154901400#4,154901400#5,23030923#2,23030922#1,41231752,561133140#1",10.876486414416132,8568.560867037928,38.790000000000006,16.494106212677973,50.004000000000005,0.5907978002198911,0.0,0.0,0.2633451164428664,0.0,0.2164916520351458,0.2816762068786798,0.2384870246433076,0.3501171371193249,4.784934207297441,0.4668228494924333,0.1167057123731083,113.9360688445758,0.7002342742386499,0.2334114247462166,3.4361293189411413,275.0932141731565,5.835285618655416,"8a7558255b07fff,8a7558255b2ffff,8a7558255b77fff,8a7558255b47fff,8a7558255b5ffff,8a7558255b4ffff,8a7558246697fff,8a75582466b7fff,8a755824679ffff,8a7558246797fff,8a75582464cffff,8a75582464c7fff,8a75582464f7fff,8a755824648ffff,8a7558255867fff,8a755825595ffff,8a7558255937fff,8a7558273667fff,8a7558273767fff,8a75582730d7fff,8a75582733b7fff,8a755827305ffff,8a7558273337fff,8a7558273327fff,8a7558246d37fff,8a7558246d27fff,8a75582712e7fff,8a7558271257fff,8a7558244c87fff,8a7558244c27fff,8a75582440c7fff,8a7558244767fff,8a7558244627fff,8a755824471ffff",1,1
-1116499322,-561133140#1,"-1116499322,-1264978470#1,-1264978470#0,-1116499323#1,-1116499323#0,-561133121,-55682342#1,-55682342#0,55682703,849128758#0,849128758#1,55682704#1,55682704#2,55682704#3,125835961,57680125#0,57680175,227218423,227218424,154901400#0,154901400#1,154901400#2,154901400#3,154901400#4,154901400#5,23030923#2,23030922#1,41231752,561133140#1",8.376939914024685,7339.859858122016,47.234482758620686,18.68976855054408,50.004000000000005,0.784877962767289,0.0,0.0,0.2417098511457886,0.0,0.2527326043720092,0.4168678016059734,0.0886897428762287,0.1362423832783997,3.133574815403193,0.408727149835199,0.0,114.2596953538128,0.5449695331135987,0.1362423832783997,2.9924312349103586,328.5908351656085,3.951029115073591,"8a7558255b2ffff,8a7558255b07fff,8a7558255867fff,8a755825595ffff,8a7558255937fff,8a7558273667fff,8a7558273767fff,8a75582730d7fff,8a75582733b7fff,8a755827305ffff,8a7558273337fff,8a7558273a87fff,8a7558273aaffff,8a7558273a0ffff,8a7558246d27fff,8a75582712e7fff,8a7558271257fff,8a7558244c87fff,8a7558244c27fff,8a75582440c7fff,8a7558244767fff,8a7558244627fff,8a755824471ffff",3,3
-1116499322,-561133140#1,"1116499322,1116499321#0,22561654#0,22561654#3,22561654#4,22561654#5,22561499#0,22561499#1,22561499#2,-57680180#3,-57680180#2,-57680180#1,-57680180#0,-563282223,-1116499330#0,-1116499329,-1116499328#1,-1116499328#0,-57680087#2,-57680087#1,-57680087#0,1116499324#0,1116499324#1,1116499324#2,57680145#0,57680145#1,1264978471,561133118,57680114#1,57680114#2,57680114#3,57680135,57680125#0,57680125#1,57680125#2,57680127,227218689,154901400#2,154901400#3,154901400#4,154901400#5,23030923#2,23030922#1,41231752,561133140#1",9.533669748097456,7582.932270641191,41.3248,18.41712741592851,50.004000000000005,0.5906192744356723,0.0,0.0,0.0714726229556783,0.0,0.2446312101257746,0.3375121181128802,0.3463840488056667,0.1318751063980481,3.296877659951204,0.3956253191941444,0.1318751063980481,116.69736724404235,0.5275004255921926,0.1318751063980481,3.04087656060526,288.6057859885102,5.934379787912167,"8a7558255b07fff,8a7558255b2ffff,8a7558255b77fff,8a7558255b47fff,8a7558255b5ffff,8a7558255b4ffff,8a7558246697fff,8a75582466b7fff,8a755824679ffff,8a7558246797fff,8a75582464cffff,8a75582464c7fff,8a75582464f7fff,8a75582464affff,8a7558255967fff,8a75582732f7fff,8a755827338ffff,8a75582733affff,8a7558273337fff,8a7558273327fff,8a7558246d37fff,8a7558246d27fff,8a75582712e7fff,8a7558271257fff,8a7558244c87fff,8a7558244c27fff,8a75582440c7fff,8a7558244767fff,8a7558244627fff,8a755824471ffff",4,4
-1116499322,57680145#0,"-1116499322,57680111,57680112#1,1116499324#0,1116499324#1,1116499324#2,57680145#0",0.4893750012604033,395.95120619644354,38.56628571428572,10.699002036238175,20.016000000000005,0.0999923854010197,0.0,0.0,0.1505231771112322,0.0,0.0,0.0,0.8494768228887676,2.525563716817848,22.73007345136063,2.525563716817848,0.0,128.9356814177873,2.525563716817848,0.0,1.345886866516323,51.518704707225496,17.678946017724936,"8a7558255b2ffff,8a7558255b07fff,8a755824648ffff,8a75582464f7fff,8a75582464affff",0,0
-1116499322,57680145#0,"1116499322,1116499321#0,22561654#0,22561654#3,22561654#4,22561654#5,22561499#0,22561499#1,22561499#2,-57680180#3,-57680180#2,-57680180#1,-57680180#0,-563282223,-1116499330#0,-1116499329,-1116499328#1,-1116499328#0,-57680087#2,-57680087#1,-57680087#0,-57680112#1,-57680112#0,-1264978470#1,-1264978470#0,-1116499323#1,-1116499323#0,-561133121,-55682342#1,-55682342#0,55682703,849128758#0,849128758#1,55682704#1,55682704#2,55682704#3,125835961,-57680135,-57680114#3,-57680114#2,-57680114#1,-57680114#0,-1264978471,-57680145#1,-57680145#0",7.199626660671963,5190.47755789236,39.5448,18.086284177394056,50.004000000000005,0.3916177252110918,0.0,0.0,0.4347362326703055,0.0,0.0,0.2434570095000209,0.3218067578296733,0.577981499108567,5.5871544913828135,0.7706419988114226,0.1926604997028556,110.89333187716036,0.7706419988114226,0.3853209994057113,19.91272637029605,122.4351903479985,8.669722486628505,"8a7558255b07fff,8a7558255b2ffff,8a7558255b77fff,8a7558255b47fff,8a7558255b5ffff,8a7558255b4ffff,8a7558246697fff,8a75582466b7fff,8a755824679ffff,8a7558246797fff,8a75582464cffff,8a75582464c7fff,8a75582464f7fff,8a755824648ffff,8a7558255867fff,8a755825595ffff,8a7558255937fff,8a7558273667fff,8a7558273767fff,8a75582730d7fff,8a75582733b7fff,8a755827305ffff,8a7558273337fff,8a75582733affff,8a755827338ffff,8a75582732f7fff,8a7558255967fff,8a75582464affff",1,1
-1116499322,57680145#0,"1116499322,1116499321#0,22561654#0,22561654#3,22561654#4,22561654#5,22561499#0,22561499#1,22561499#2,-57680180#3,-57680180#2,-57680180#1,-57680180#0,-563282223,-1116499330#0,-1116499329,-1116499328#1,-1116499328#0,-57680087#2,-57680087#1,-57680087#0,1116499324#0,1116499324#1,1116499324#2,57680145#0",1.9997991709282708,1331.8786903327411,32.389920000000004,6.63855618037537,20.016000000000005,0.0297265103026028,0.0,0.0,0.4069229900679496,0.0,0.0,0.0,0.5930770099320503,0.7508191303444998,6.757372173100498,0.7508191303444998,0.7508191303444998,120.71584693585464,0.7508191303444998,0.7508191303444998,4.731967861027383,46.65035610800782,18.770478258612496,"8a7558255b07fff,8a7558255b2ffff,8a7558255b77fff,8a7558255b47fff,8a7558255b5ffff,8a7558255b4ffff,8a7558246697fff,8a75582466b7fff,8a755824679ffff,8a7558246797fff,8a75582464cffff,8a75582464c7fff,8a75582464f7fff,8a75582464affff",2,2
-1116499322,57680145#0,"-1116499322,-1264978470#1,-1264978470#0,-1116499323#1,-1116499323#0,-561133121,-55682342#1,-55682342#0,55682703,849128758#0,849128758#1,55682704#1,55682704#2,55682704#3,125835961,-57680135,-57680114#3,-57680114#2,-57680114#1,-57680114#0,-1264978471,-57680145#1,-57680145#0",4.9277779211761645,3805.715802797328,48.68608695652174,21.80672999935621,50.004000000000005,0.5341131916594873,0.0,0.0,0.4661715497603858,0.0,0.0,0.3320421727740718,0.2017862774655423,0.262762658016914,2.8903892381860548,0.7882879740507422,0.0,108.737694681499,0.5255253160338281,0.262762658016914,14.695612672588698,148.62005623682722,6.043541134389024,"8a7558255b2ffff,8a7558255b07fff,8a7558255867fff,8a755825595ffff,8a7558255937fff,8a7558273667fff,8a7558273767fff,8a75582730d7fff,8a75582733b7fff,8a755827305ffff,8a7558273337fff,8a75582733affff,8a755827338ffff,8a75582732f7fff,8a7558255967fff,8a75582464affff,8a75582464f7fff",3,3
-1157449878#1,41273139,"-1157449878#1,-1157449878#0,1020078539,1020078540,-41231514#8,-41231514#7,-41231514#6,41231719,1020092132,-41231514#4,1162803895,-41231514#2,-41231514#1,-41231514#0,870315480,979842178#1,979842178#2,979842178#3,41231717,979842178#5,79116530#0,79116530#1,79116549#0,79116549#1,79116549#2,79116549#3,79116549#4,79116549#5,79116549#6,79119284#1,79119284#2,41231513#0,41231513#1,41273135,41273137#1,41273137#2,41273139",4.893947715875408,2932.357982405781,30.528972972972984,3.290610129904033,20.016000000000005,0.0181161474725181,0.0,0.0,0.0,0.0,0.0,0.006397336109023,0.9936026638909772,0.0,0.6820449658602559,0.3410224829301279,0.0,97.79547828917732,0.6820449658602559,0.0,5.421577172473063,70.86568545956723,12.617831868414736,"8a7558244787fff,8a75582446b7fff,8a755824469ffff,8a7558246a6ffff,8a7558246a4ffff,8a7558246a5ffff,8a7558240da7fff,8a7558240daffff,8a7558240d1ffff,8a7558240c27fff,8a7558240d57fff,8a7558240d77fff,8a7558240d67fff,8a75582446c7fff,8a755824461ffff,8a755824460ffff,8a7558244627fff,8a755824471ffff,8a7558244707fff,8a755824408ffff",1,1
-1157449878#1,41273139,"1157449878#1,-1157449879,1020092137#1,1020092138,41273128#1,1020092142,1020092139#0,1020092139#1,41231515#5,41231515#6,-41231513#4,-41231513#3,-41231513#2,41273135,41273137#1,41273137#2,41273139",3.085354141656662,1806.951746789461,29.988,0.0,0.0,0.0,0.0,0.0,0.0,0.0,0.0,0.0,1.0,0.0,0.0,0.0,0.0,91.7952387318028,0.0,0.0,2.698733112073315,74.37874495109571,9.408109558102536,"8a75582446b7fff,8a7558244787fff,8a7558244797fff,8a75582447a7fff,8a75582447b7fff,8a7558244467fff,8a7558244097fff,8a755824409ffff,8a7558244707fff,8a7558244717fff,8a755824471ffff,8a755824408ffff",2,2
-1157449878#1,41273139,"-1157449878#1,-1157449878#0,1020078539,1020078540,1020078536,-79116557#3,-79116557#2,23881170,41231753#0,41231753#1,41231753#2,79119286#0,41231755,-41231756#3,-41231756#2,41273133,-41273134,41231515#4,41231515#5,41231515#6,-41231513#4,-41231513#3,-41231513#2,41273135,41273137#1,41273137#2,41273139",4.292286316974594,2541.5156602078546,30.729333333333344,3.8520809960331848,20.016000000000005,0.0125982781106544,0.0,0.0,0.0,0.0,0.0,0.0,1.0,0.0,0.0,0.0,0.0,91.8073666088524,0.0,0.0,4.6989567336389975,77.46787964522484,10.62358199193305,"8a7558244787fff,8a75582446b7fff,8a755824469ffff,8a7558240d27fff,8a7558244687fff,8a75582446a7fff,8a755824478ffff,8a75582447affff,8a7558244737fff,8a755824446ffff,8a755824409ffff,8a7558244707fff,8a7558244717fff,8a755824471ffff,8a755824408ffff",3,3
-1157449878#1,41273139,"1157449878#1,-1157449879,1020092137#1,41273126,1020092139#0,1020092139#1,41231515#5,1020078548,-41273134,-41231515#3,-41231515#2,1020092135,41231756#0,41231756#1,41231756#2,41231756#3,-41231755,79119286#1,-41231511#3,-41231511#2,-41231511#1,-41231511#0,79119293#0,79119288,41231358#0,41231358#1,79119291#0,79119291#1,79116549#4,79116549#5,79116549#6,79119284#1,79119284#2,41231513#0,41231513#1,41273135,41273137#1,41273137#2,41273139",5.741841171313739,3357.042447185469,30.50123076923078,3.205125126562624,20.016000000000005,0.0062693100980573,0.0,0.0,0.0,0.0,0.0,0.0,1.0,0.0,0.0,0.0,0.0,98.42875396575688,0.0,0.0,5.013837047365642,66.78630285202604,11.617368744532094,"8a75582446b7fff,8a7558244787fff,8a7558244797fff,8a75582447a7fff,8a7558244467fff,8a7558244097fff,8a755824409ffff,8a7558244737fff,8a755824446ffff,8a75582447affff,8a7558244637fff,8a7558244617fff,8a755824461ffff,8a755824468ffff,8a75582446dffff,8a75582446c7fff,8a75582446e7fff,8a755824460ffff,8a7558244627fff,8a755824471ffff,8a7558244707fff,8a755824408ffff",4,4
-1163710302,-561133140#1,"1163710302,57392474,57392457#1,22561652#1,22561652#2,22561652#3,22561652#4,22561652#5,22561652#6,125835948,563369678,1238123690,174375405,563272699,561133137,563273548,-57680132#1,-57680132#0,57680179#0,57680179#1,57680179#2,57680179#3,-979838980#6,-979838980#5,-979838980#4,-979838980#3,-979838980#2,-979838980#1,-979838980#0,-563298888,-145622122#2,213840998,979842179,226068307,979842178#0,979842178#1,979842178#2,979842178#3,41231717,979842178#5,79116530#0,79116530#1,79116549#0,41231508#1,79119292,41231358#0,79116549#3,79119291#2,41231511#0,41231511#1,41231511#2,41231511#3,79119286#2,79119286#3,79119284#4,79119284#5,79119284#1,-561133140#1",4.887606530952148,3440.765614285777,39.64717241379311,16.432566719392803,59.97600000000001,0.4341185938305084,0.0,0.0,0.0984307745927493,0.4026224481983565,0.0,0.0054520655308631,0.4934947116780311,0.5812659809480087,5.812659809480087,0.8718989714220131,0.0,61.95705952688186,1.453164952370022,0.5812659809480087,1.441487696528006,60.90228503390371,16.856713447492254,"8a7558246687fff,8a755824668ffff,8a75582466f7fff,8a75582466c7fff,8a75582466effff,8a755824665ffff,8a755824664ffff,8a7558242937fff,8a7558242927fff,8a75582462d7fff,8a75582462c7fff,8a75582462e7fff,8a7558246277fff,8a755824634ffff,8a7558240cb7fff,8a7558240c17fff,8a7558240c37fff,8a7558240c27fff,8a7558240d57fff,8a7558240d77fff,8a7558240d67fff,8a75582446dffff,8a75582446c7fff,8a755824461ffff,8a7558244617fff,8a7558244637fff,8a755824471ffff,8a7558244627fff",0,0
-1163710302,-561133140#1,"-1163710302,1004094803#0,1004094803#1,1004094802,57392452,24580169#2,-57099575#2,-57099587#1,32898141,-24580169#0,-22561654#5,-22561654#4,-22561654#3,-22561654#2,-1116499321#1,-1116499322,-1264978470#1,-1264978470#0,-1116499323#1,-1116499323#0,-561133121,-55682342#1,-55682342#0,55682703,849128758#0,849128758#1,55682704#1,55682704#2,55682704#3,125835961,57680125#0,57680175,227218423,227218424,154901400#0,154901400#1,154901400#2,154901400#3,154901400#4,154901400#5,23030923#2,23030922#1,41231752,561133140#1",11.088735479814847,8308.674620262318,39.54027272727273,20.22436080039009,69.98400000000001,0.7046879167120277,0.0,0.0,0.2616545142944592,0.0121377182738122,0.2232632739215604,0.3682598468460251,0.1346846466641428,0.2407122786012839,5.777094686430814,0.4814245572025679,0.1203561393006419,124.55230781737612,0.9628491144051358,0.1203561393006419,3.5834152581275527,281.1619825651478,5.295670129228246,"8a7558246687fff,8a7558246697fff,8a7558255a67fff,8a7558255a77fff,8a7558255b5ffff,8a7558255b4ffff,8a7558255b47fff,8a7558255b77fff,8a7558255b2ffff,8a7558255b07fff,8a7558255867fff,8a755825595ffff,8a7558255937fff,8a7558273667fff,8a7558273767fff,8a75582730d7fff,8a75582733b7fff,8a755827305ffff,8a7558273337fff,8a7558273a87fff,8a7558273aaffff,8a7558273a0ffff,8a7558246d27fff,8a75582712e7fff,8a7558271257fff,8a7558244c87fff,8a7558244c27fff,8a75582440c7fff,8a7558244767fff,8a7558244627fff,8a755824471ffff",1,1
-1163710302,-561133140#1,"1163710302,57392474,57392457#1,22561652#1,22561652#2,22561652#3,22561652#4,22561652#5,22561652#6,125835948,563369678,1238123690,174375405,563272699,561133137,563273548,-57680132#1,-57680132#0,57680179#0,57680179#1,57680179#2,57680179#3,-979838980#6,-979838980#5,-979838980#4,-979838980#3,-979838980#2,-979838980#1,-979838980#0,-563298888,213840999,979842179,226068307,979842178#0,979842178#1,979842178#2,979842178#3,41231717,979842178#5,79116530#0,79116530#1,79116530#2,79116557#0,79116557#1,23881170,41231753#0,41231753#1,41231753#2,79119286#0,41231755,-41231756#3,-41231756#2,-41231756#1,-41231756#0,1020092136,41231515#3,-1020092140,1020092139#0,1020092139#1,41231515#5,41231515#6,-41231513#4,-41231513#3,-41231513#2,-41231513#1,-41231513#0,79119284#3,79119284#4,79119284#5,79119284#1,-561133140#1",6.640676071525578,4418.12260391079,37.315267605633785,14.828281985986637,59.97600000000001,0.3303928747875305,0.0,0.0,0.07665636628247,0.3058641632534236,0.0,0.0063998999565258,0.6110795705075803,0.4526809641338744,4.526809641338745,0.6790214462008117,0.0,68.17752777643472,1.1317024103346862,0.4526809641338744,1.850945425880649,65.08220619277675,16.070174226752542,"8a7558246687fff,8a755824668ffff,8a75582466f7fff,8a75582466c7fff,8a75582466effff,8a755824665ffff,8a755824664ffff,8a7558242937fff,8a7558242927fff,8a75582462d7fff,8a75582462c7fff,8a75582462e7fff,8a7558246277fff,8a755824634ffff,8a7558240cb7fff,8a7558240c17fff,8a7558240c37fff,8a7558240c27fff,8a7558240d57fff,8a7558240d77fff,8a7558240d27fff,8a7558244687fff,8a75582446a7fff,8a755824478ffff,8a75582447affff,8a75582447a7fff,8a755824446ffff,8a7558244467fff,8a7558244097fff,8a755824409ffff,8a7558244707fff,8a7558244717fff,8a755824471ffff,8a7558244627fff",2,2
-1163710302,-561133140#1,"-1163710302,1004094803#0,1004094803#1,1004094802,57392452,24580169#2,-57099575#2,-57099575#1,-57099591#1,-57099591#0,32898139#0,32898139#1,32898141,-24580169#0,-22561654#5,-22561654#4,-22561654#3,-22561654#2,-1116499321#1,-1116499322,57680111,57680112#1,1116499324#0,1116499324#1,1116499324#2,57680145#0,57680145#1,1264978471,561133118,57680114#1,57680114#2,57680114#3,57680135,57680125#0,57680125#1,57680125#2,57680127,227218689,154901400#2,154901400#3,154901400#4,154901400#5,23030923#2,23030922#1,41231752,561133140#1",12.04582828124879,8775.029229123753,41.08304347826087,20.999664847014976,69.98400000000001,0.6532130939901631,0.0,0.0,0.052362859427354,0.0114926513788477,0.2113978027004223,0.2916607415592833,0.4330859449340925,0.2279194687308994,5.697986718272486,0.4558389374617989,0.1139597343654497,124.03983576410197,0.911677874923598,0.0,3.784547484080506,283.95963665724287,5.242147780810687,"8a7558246687fff,8a7558246697fff,8a7558255a67fff,8a7558255a77fff,8a7558255aa7fff,8a755825516ffff,8a7558255a37fff,8a7558255b57fff,8a7558255b5ffff,8a7558255b4ffff,8a7558255b47fff,8a7558255b77fff,8a7558255b2ffff,8a7558255b07fff,8a755824648ffff,8a75582464f7fff,8a75582464affff,8a7558255967fff,8a75582732f7fff,8a755827338ffff,8a75582733affff,8a7558273337fff,8a7558273327fff,8a7558246d37fff,8a7558246d27fff,8a75582712e7fff,8a7558271257fff,8a7558244c87fff,8a7558244c27fff,8a75582440c7fff,8a7558244767fff,8a7558244627fff,8a755824471ffff",3,3
-1163710302,-561133140#1,"1163710302,57392474,57392457#1,-22561652#0,-174907151#4,-174907151#1,-174907152#2,-174907152#1,-174907152#0,-57680180#3,-57680180#2,-57680180#1,-57680180#0,-563282223,-1116499330#0,-1116499329,-1116499328#1,-1116499328#0,-57680087#2,-57680087#1,-57680087#0,-57680112#1,-57680112#0,-1264978470#1,-1264978470#0,-1116499323#1,-1116499323#0,-561133121,-55682342#1,-55682342#0,55682703,849128758#0,849128758#1,55682704#1,55682704#2,55682704#3,125835961,57680125#0,57680175,227218423,227218424,154901400#0,154901400#1,154901400#2,154901400#3,154901400#4,154901400#5,23030923#2,23030922#1,41231752,561133140#1",11.130370710803827,8661.631492340255,38.61952941176471,17.7788274735461,69.98400000000001,0.6651049813807879,0.0,0.0,0.231200591792754,0.0,0.2141654143690129,0.3532534541393372,0.2013805396988957,0.4618067627948986,5.772584534936232,0.4618067627948986,0.2309033813974493,124.48736106528447,0.8081618348910725,0.1154516906987246,3.707945135125516,265.67439375029056,5.888036225634957,"8a7558246687fff,8a755824668ffff,8a75582466f7fff,8a75582466affff,8a7558246697fff,8a75582466b7fff,8a755824679ffff,8a7558246797fff,8a75582464cffff,8a75582464c7fff,8a75582464f7fff,8a755824648ffff,8a7558255b07fff,8a7558255867fff,8a755825595ffff,8a7558255937fff,8a7558273667fff,8a7558273767fff,8a75582730d7fff,8a75582733b7fff,8a755827305ffff,8a7558273337fff,8a7558273a87fff,8a7558273aaffff,8a7558273a0ffff,8a7558246d27fff,8a75582712e7fff,8a7558271257fff,8a7558244c87fff,8a7558244c27fff,8a75582440c7fff,8a7558244767fff,8a7558244627fff,8a755824471ffff",4,4
-1238123695#1,-23881168#0,"-1238123695#1,-1238123695#0,-174375409,57680120#0,57680120#1,1238123694,563272697,561133136,563272699,561133137,563273548,-57680132#1,-57680132#0,57680179#0,57680179#1,57680179#2,57680179#3,-979838980#6,-979838980#5,-979838980#4,-979838980#3,-979838980#2,-979838980#1,-979838980#0,-563298888,-145622122#2,213840998,979842179,226068307,979842178#0,979842178#1,979842178#2,870315481#0,870315481#1,870315479#1,41231514#0,41231514#1,41231514#2,41231514#3,41231514#4,41231514#5,41231514#6,41231514#7,41231514#8,1020078536,-79116557#3,-79116557#2,-79116557#1,-79116557#0,79116530#3,79116530#0,-561134628#1,-561134628#0,-1034110351#0,-23881168#1,-23881168#0",3.569351201048017,3060.3979274144785,42.84964285714285,14.98181974676893,39.99600000000001,0.5564152360364312,0.0,0.0,0.0,0.456400292143107,0.0129336863971926,0.0063167267443387,0.5243492947153615,0.0,6.535097877581114,0.9802646816371672,0.0,93.46323619325614,1.6337744693952785,0.6535097877581114,2.2833082294336267,54.56166557869478,18.29827405722712,"8a7558242937fff,8a755824666ffff,8a755824664ffff,8a7558246647fff,8a755824665ffff,8a7558242927fff,8a75582462d7fff,8a75582462c7fff,8a75582462e7fff,8a7558246277fff,8a755824634ffff,8a7558240cb7fff,8a7558240c17fff,8a7558240c37fff,8a7558240c27fff,8a7558240d1ffff,8a7558240daffff,8a7558240da7fff,8a7558246a5ffff,8a7558246a4ffff,8a7558246a6ffff,8a755824469ffff,8a7558240d27fff,8a7558240d77fff,8a7558240d57fff,8a7558240d47fff,8a7558240c67fff",0,0
-1238123695#1,-23881168#0,"-1238123695#1,-1238123695#0,-174375409,57680120#0,57680120#1,1238123694,563272697,561133136,561133138,174375402,174375403,561133137,563273548,-57680132#1,-57680132#0,57680179#0,57680179#1,57680179#2,57680179#3,-979838980#6,-979838980#5,-979838980#4,-979838980#3,-979838980#2,-979838980#1,-979838980#0,-563298888,213840999,979842179,226068307,979842178#0,979842178#1,870315479#0,870315479#1,41231514#0,41231514#1,41231514#2,41231514#3,41231514#4,41231514#5,41231514#6,41231514#7,41231514#8,1020078536,-79116557#3,-79116557#2,-79116557#1,-79116557#0,79116530#3,79116530#0,-561134628#1,-561134628#0,-1034110351#0,-23881168#1,-23881168#0",3.5981884713195185,3061.2468863779595,42.72021818181816,14.589182383471044,39.99600000000001,0.5567914089565488,0.0,0.0,0.0,0.4370958509370198,0.0472391834651596,0.0063149749608373,0.5093499906369832,0.0,6.533285534399947,0.979992830159992,0.0,93.33818818706428,1.633321383599987,0.6533285534399946,2.283941622552346,54.72498090504464,17.96653521959985,"8a7558242937fff,8a755824666ffff,8a755824664ffff,8a7558246647fff,8a755824665ffff,8a7558242927fff,8a75582462d7fff,8a75582462c7fff,8a75582462e7fff,8a7558246277fff,8a755824634ffff,8a7558240cb7fff,8a7558240c17fff,8a7558240c37fff,8a7558240c27fff,8a7558240d1ffff,8a7558240daffff,8a7558240da7fff,8a7558246a5ffff,8a7558246a4ffff,8a7558246a6ffff,8a755824469ffff,8a7558240d27fff,8a7558240d77fff,8a7558240d57fff,8a7558240d47fff,8a7558240c67fff",2,2
-1238123695#1,-23881168#0,"-1238123695#1,-1238123695#0,-174375409,57680120#0,57680120#1,1238123694,563272697,561133136,563272699,561133137,563273548,-57680132#1,-57680132#0,57680179#0,57680179#1,57680179#2,57680179#3,-979838980#6,-979838980#5,-979838980#4,-979838980#3,-979838980#2,-979838980#1,-979838980#0,-563298888,213840999,979842179,226068307,979842178#0,979842178#1,870315479#0,870315479#1,41231514#0,41231514#1,41231514#2,41231514#3,41231514#4,41231514#5,41231711#0,41231710,79119289#2,1020078536,-79116557#3,-79116557#2,-79116557#1,-79116557#0,79116530#3,79116530#0,-561134628#1,-561134628#0,-1034110351#0,-23881168#1,-23881168#0",3.6602158596686674,3066.6396098425485,42.82301886792452,14.72691553492157,39.99600000000001,0.5442008666056348,0.0,0.0,0.0,0.4443894880467699,0.0129073618291356,0.0063038699997129,0.5363992801243813,0.0,6.521796671447437,0.9782695007171156,0.0,92.03114620166896,1.6304491678618591,0.6521796671447437,2.2879650372055376,55.884827867141645,17.282761179335708,"8a7558242937fff,8a755824666ffff,8a755824664ffff,8a7558246647fff,8a755824665ffff,8a7558242927fff,8a75582462d7fff,8a75582462c7fff,8a75582462e7fff,8a7558246277fff,8a755824634ffff,8a7558240cb7fff,8a7558240c17fff,8a7558240c37fff,8a7558240c27fff,8a7558240d1ffff,8a7558240daffff,8a7558240da7fff,8a7558246a5ffff,8a7558246a4ffff,8a7558240d37fff,8a755824469ffff,8a7558240d27fff,8a7558240d77fff,8a7558240d57fff,8a7558240d47fff,8a7558240c67fff",3,3
-1238123695#1,-23881168#0,"-1238123695#1,-1238123695#0,-174375409,57680120#0,57680120#1,1238123694,563272697,561133136,563272699,561133137,563273548,-57680132#1,-57680132#0,57680179#0,57680179#1,57680179#2,57680179#3,-979838980#6,-979838980#5,-979838980#4,-979838980#3,-979838980#2,-979838980#1,-979838980#0,-563298888,213840999,979842179,226068307,979842178#0,979842178#1,979842178#2,870315481#0,870315481#1,870315479#1,41231514#0,41231514#1,41231514#2,41231514#3,41231514#4,41231514#5,41231711#0,41231709#0,41231709#1,-41231711#3,-41231711#2,41231712,79119289#1,79119289#2,1020078536,-79116557#3,-79116557#2,-79116557#1,-79116557#0,79116530#3,79116530#0,-561134628#1,-561134628#0,-1034110351#0,-23881168#1,-23881168#0",4.568038988920368,3601.557049466237,41.3256,14.43659093426803,39.99600000000001,0.4633740102744763,0.0,0.0,0.0,0.3783870108190692,0.0109903096078023,0.00536759439623,0.6052550851768981,0.0,5.55315374025911,0.8329730610388665,0.0,98.96351583509718,1.3882884350647775,0.555315374025911,2.6870573843213896,59.55285879377866,16.65946122077733,"8a7558242937fff,8a755824666ffff,8a755824664ffff,8a7558246647fff,8a755824665ffff,8a7558242927fff,8a75582462d7fff,8a75582462c7fff,8a75582462e7fff,8a7558246277fff,8a755824634ffff,8a7558240cb7fff,8a7558240c17fff,8a7558240c37fff,8a7558240c27fff,8a7558240d1ffff,8a7558240daffff,8a7558240da7fff,8a7558246a5ffff,8a7558246a4ffff,8a7558240d07fff,8a7558240d17fff,8a7558240d37fff,8a755824469ffff,8a7558240d27fff,8a7558240d77fff,8a7558240d57fff,8a7558240d47fff,8a7558240c67fff",4,4
-1238123695#1,-561133134,"-1238123695#1,-1238123695#0,-174375409,57680120#0,57680120#1,1238123694,563272697,563271328,1238123691,-22561498,-22561652#6,-22561652#5,-22561652#4,-22561652#3,-22561652#2,-22561652#1,-22561652#0,-174907151#4,-174907151#1,-174907152#2,-174907152#1,-174907152#0,-22561653,-22561499#1,-22561499#0,24580169#0,-32898141,57099587#1,57099575#2,561133134",1.8024246624962068,1686.6169014372272,36.6612,10.939166060379184,39.99600000000001,0.4917533645771211,0.0,0.0,0.3918749373325723,0.4011197253485088,0.0,0.0,0.2070053373189188,1.1858057382774525,15.41547459760688,1.1858057382774525,1.1858057382774525,37.65039945515784,1.7787086074161782,0.5929028691387261,1.1765388792124316,96.01385436149066,17.78708607416178,"8a7558242937fff,8a755824666ffff,8a755824664ffff,8a7558246647fff,8a755824665ffff,8a75582466effff,8a75582466c7fff,8a75582466f7fff,8a75582466affff,8a7558246687fff,8a7558246697fff,8a7558255b4ffff,8a7558255a67fff,8a7558255b5ffff,8a7558255a77fff,8a7558255a97fff",0,0
-1238123695#1,-561133134,"-1238123695#1,-1238123695#0,-174375409,57680120#0,57680120#1,1238123694,563272697,563271328,1238123691,-22561498,-22561652#6,-22561652#5,-22561652#4,-22561652#3,-22561652#2,-22561652#1,-22561652#0,-174907151#4,-174907151#1,-57392486,1004094803#0,1004094803#1,1004094802,57392452,-24580169#1,-32898141,57099587#1,57099575#2,561133134",3.1549671902986947,1772.9877728986476,33.4464827586207,15.183841539659122,39.99600000000001,0.4677976626304729,0.0,0.0,0.2466809835296052,0.3616360267906746,0.0,0.0,0.3916829896797202,1.1280393641577189,23.68882664731209,1.1280393641577189,1.1280393641577189,56.61415486055815,2.2560787283154373,1.1280393641577189,1.2367888910670666,97.65746829882764,16.35657078028692,"8a7558242937fff,8a755824666ffff,8a755824664ffff,8a7558246647fff,8a755824665ffff,8a75582466effff,8a75582466c7fff,8a75582466f7fff,8a75582466affff,8a7558246687fff,8a7558246697fff,8a7558255a67fff,8a7558255b5ffff,8a7558255a77fff,8a7558255a97fff",1,1
-1238123695#1,-561133134,"-1238123695#1,-1238123695#0,-174375409,57680120#0,57680120#1,1238123694,563272697,563271328,1238123691,-22561498,-22561652#6,-22561652#5,-22561652#4,-22561652#3,-22561652#2,-22561652#1,-22561652#0,-174907151#4,-174907151#1,-174907152#2,-174907152#1,-174907152#0,-22561653,-22561499#1,-22561499#0,57392420,1004094802,57392452,24580169#2,561133134",2.3590467644397286,1723.6500388331217,33.994800000000005,12.207586839395384,39.99600000000001,0.42657799618165,0.0,0.0,0.3834553869196189,0.394160206192634,0.0,0.0,0.222384406887747,1.1603283467878214,15.084268508241678,0.5801641733939107,1.1603283467878214,33.06937599824595,1.1603283467878214,0.5801641733939107,1.202372206228399,96.1662957943756,17.40492520181732,"8a7558242937fff,8a755824666ffff,8a755824664ffff,8a7558246647fff,8a755824665ffff,8a75582466effff,8a75582466c7fff,8a75582466f7fff,8a75582466affff,8a7558246687fff,8a7558246697fff,8a7558255b4ffff,8a7558255a67fff,8a7558255a77fff,8a7558255a97fff",2,2
-1238123695#1,-561133134,"-1238123695#1,-1238123695#0,-174375409,57680120#0,57680120#1,1238123694,563272697,563271328,1238123691,-22561498,-22561652#6,-22561652#5,-22561652#4,-22561652#3,-22561652#2,-22561652#1,-22561652#0,-174907151#4,-174907151#1,-174907152#2,-174907152#1,-174907152#0,-22561653,-22561499#1,-22561499#0,24580169#0,-32898141,-57099587#0,-32898139#0,-561133132,57099591#1,57099575#1,57099575#2,561133134",3.1171954808307403,2845.826581915785,38.23094117647059,11.144556418001155,39.99600000000001,0.6987808846645319,0.0,0.0,0.2322498836558866,0.2377289299958734,0.0,0.0,0.5300211863482399,0.7027835120766978,9.136185656997071,0.7027835120766978,0.7027835120766978,67.98245601509693,1.0541752681150467,0.3513917560383489,1.985172574914315,120.7654833956965,11.947319705303862,"8a7558242937fff,8a755824666ffff,8a755824664ffff,8a7558246647fff,8a755824665ffff,8a75582466effff,8a75582466c7fff,8a75582466f7fff,8a75582466affff,8a7558246687fff,8a7558246697fff,8a7558255b4ffff,8a7558255a67fff,8a7558255b5ffff,8a7558255b57fff,8a7558255a37fff,8a755825516ffff,8a7558255aa7fff,8a7558255a77fff,8a7558255a97fff",3,3
-1238123695#1,-561133134,"-1238123695#1,-1238123695#0,-174375409,57680120#0,57680120#1,1238123694,563272697,563271328,1238123691,-22561498,-22561652#6,-22561652#5,-22561652#4,-22561652#3,-22561652#2,-22561652#1,-22561652#0,-174907151#4,-174907151#1,-174907152#2,-174907152#1,-174907152#0,-57680180#3,-57680180#2,-57680180#1,-57680180#0,-563282223,-1116499330#0,-1116499329,-1116499328#1,-1116499328#0,-57680087#2,-57680087#1,-57680087#0,-57680112#1,-57680112#0,1116499322,1116499321#0,22561654#0,22561654#3,22561654#4,22561654#5,24580169#0,24580169#1,24580169#2,561133134",3.5868473091180326,2855.030605290949,33.904173913043486,8.028127041303245,20.016000000000005,0.25753530568858,0.0,0.0,0.3635484942067974,0.2599007534749051,0.0,0.0,0.3765507523182973,1.4010357691392838,9.807250383974988,0.7005178845696419,1.0507768268544628,96.2467613120596,1.0507768268544628,0.0,1.9915930556629853,84.0019232648599,16.111911345101763,"8a7558242937fff,8a755824666ffff,8a755824664ffff,8a7558246647fff,8a755824665ffff,8a75582466effff,8a75582466c7fff,8a75582466f7fff,8a75582466affff,8a7558246687fff,8a7558246697fff,8a75582466b7fff,8a755824679ffff,8a7558246797fff,8a75582464cffff,8a75582464c7fff,8a75582464f7fff,8a755824648ffff,8a7558255b07fff,8a7558255b2ffff,8a7558255b77fff,8a7558255b47fff,8a7558255b5ffff,8a7558255b4ffff,8a7558255a67fff,8a7558255a77fff,8a7558255a97fff",4,4
-1264978470#1,-22561653,"1264978470#1,57680111,57680112#1,57680087#0,57680087#1,57680087#2,1116499328#0,1116499328#1,1116499329,1116499330#0,1116499330#1,57680180#0,57680180#1,57680180#2,57680180#3,-22561653",2.0281112444978,1214.6975292158988,29.988,0.0,0.0,0.0,0.0,0.0,0.2571076273306796,0.0,0.0,0.0,0.7428923726693203,1.6465004265638237,14.818503839074411,0.8232502132819118,0.0,61.75907188040284,1.6465004265638237,0.8232502132819118,1.6386226104214707,71.65757240725881,13.17200341251059,"8a7558255867fff,8a7558255b07fff,8a755824648ffff,8a75582464f7fff,8a75582464c7fff,8a75582464cffff,8a7558246797fff,8a755824679ffff,8a75582466b7fff,8a7558246697fff,8a7558255b4ffff",0,0
-1264978470#1,-22561653,"1264978470#1,57680111,57680112#1,57680087#0,57680087#1,57680087#2,1116499328#0,1116499328#1,1116499329,1116499330#0,1116499330#1,57680180#0,57680171#0,57680171#1,57680171#2,22561499#2",2.031312525010004,1225.9062870864518,29.988,0.0,0.0,0.0,0.0,0.0,0.2547568300700903,0.0,0.0,0.0,0.7452431699299095,1.6314460746859345,14.683014672173408,0.8157230373429671,0.0,55.58274092548197,1.6314460746859345,0.8157230373429671,1.6107137427083111,72.28554500168151,13.051568597487474,"8a7558255867fff,8a7558255b07fff,8a755824648ffff,8a75582464f7fff,8a75582464c7fff,8a75582464cffff,8a7558246797fff,8a755824679ffff,8a7558255b6ffff,8a7558255b4ffff,8a7558246697fff",1,1
-1264978470#1,-22561653,"1264978470#1,1116499322,1116499321#0,22561654#0,22561654#3,22561654#4,22561654#5,22561499#0,22561499#1,22561499#2",1.3702280912364944,824.8975188292212,29.988,0.0,0.0,0.0,0.0,0.0,1.0,0.0,0.0,0.0,0.0,0.0,0.0,0.0,1.2122718000404489,32.55889242017063,0.0,0.0,1.0838298032241964,88.09054337779835,12.122718000404488,"8a7558255867fff,8a7558255b07fff,8a7558255b2ffff,8a7558255b77fff,8a7558255b47fff,8a7558255b5ffff,8a7558255b4ffff,8a7558246697fff",2,2
-1264978470#1,-22561653,"-1264978470#1,-1264978470#0,-1116499323#1,-1116499323#0,-561133121,-55682342#1,-55682342#0,55682703,849128758#0,849128758#1,55682704#1,55682704#2,55682704#3,125835961,-57680135,-57680114#3,-57680114#2,-57680114#1,-57680114#0,-1264978471,-57680145#1,-57680145#0,-1116499324#2,-1116499324#1,-1116499324#0,57680087#0,57680087#1,57680087#2,1116499328#0,1116499328#1,1116499329,1116499330#0,1116499330#1,57680180#0,57680180#1,57680180#2,57680180#3,-22561653",6.08357949306482,4493.063008854903,42.88547368421054,19.01903614054889,50.004000000000005,0.4612165721929549,0.0,0.0,0.3881314677032,0.0,0.0,0.2812464774322184,0.3306220548645817,0.4451306371752213,4.451306371752214,0.667695955762832,0.0,86.66874591419926,0.667695955762832,0.2225653185876106,9.776783989376552,131.7063842100069,8.457482106329206,"8a7558255b07fff,8a7558255867fff,8a755825595ffff,8a7558255937fff,8a7558273667fff,8a7558273767fff,8a75582730d7fff,8a75582733b7fff,8a755827305ffff,8a7558273337fff,8a75582733affff,8a755827338ffff,8a75582732f7fff,8a7558255967fff,8a75582464affff,8a75582464f7fff,8a75582464c7fff,8a75582464cffff,8a7558246797fff,8a755824679ffff,8a75582466b7fff,8a7558246697fff,8a7558255b4ffff",3,3
-1264978470#1,41273128#1,"1264978470#1,57680111,57680112#1,1116499324#0,1116499324#1,1116499324#2,57680145#0,57680145#1,1264978471,561133118,57680114#1,57680114#2,57680114#3,57680135,57680125#0,57680175,227218423,227218424,154901400#0,154901400#1,154901400#2,154901400#3,154901400#4,154901400#5,23030923#2,23030922#1,41231752,561133140#1,79119284#2,79119284#3,-79119286#3,-79119286#2,-79119286#1,41231755,-41231756#3,-41231756#2,-41231756#1,-41231756#0,1020092136,-41231515#2,-41231515#1,-41231515#0,-1157449879,1020092137#1,1020092138,41273128#1",9.69416726531305,8179.397247234526,42.38373913043479,18.160850991361475,50.004000000000005,0.6329602463892241,0.0,0.0,0.0345900133224236,0.0,0.2267920045448251,0.3919021114874127,0.3467158706453386,0.1222583975045474,3.0564599376136865,0.3667751925136424,0.0,116.68905899045552,0.4890335900181898,0.1222583975045474,3.198114929694044,279.070663836271,5.623886285209183,"8a7558255867fff,8a7558255b07fff,8a755824648ffff,8a75582464f7fff,8a75582464affff,8a7558255967fff,8a75582732f7fff,8a755827338ffff,8a75582733affff,8a7558273337fff,8a7558273a87fff,8a7558273aaffff,8a7558273a0ffff,8a7558246d27fff,8a75582712e7fff,8a7558271257fff,8a7558244c87fff,8a7558244c27fff,8a75582440c7fff,8a7558244767fff,8a7558244627fff,8a755824471ffff,8a7558244637fff,8a75582447affff,8a75582447a7fff,8a7558244787fff,8a7558244797fff,8a75582447b7fff,8a7558244467fff",0,0
-1264978470#1,41273128#1,"1264978470#1,57680111,57680112#1,1116499324#0,1116499324#1,1116499324#2,57680145#0,57680145#1,1264978471,561133118,57680114#1,57680114#2,57680114#3,57680135,57680125#0,57680175,227218423,227218424,154901400#0,154901400#1,154901400#2,154901400#3,154901400#4,154901400#5,23030923#2,23030922#1,41231752,561133140#1,79119284#2,41231513#0,41231513#1,41231513#2,41231513#3,41231513#4,-41231515#6,-41231515#5,-41231515#4,-41231515#3,-41231515#2,-41231515#1,41273130,41273126,-1020092142,-1020092143,41273131,41273128#1",11.309053219694803,8996.437560254686,42.38373913043479,18.160850991361475,50.004000000000005,0.575475932806712,0.0,0.0,0.0314486103923148,0.0,0.2061951617231285,0.3563102650817258,0.406045962802831,0.1111551092643486,2.7788777316087168,0.333465327793046,0.0,119.39172287137389,0.4446204370573947,0.1111551092643486,3.517574755919641,276.44797981286945,5.113135026160039,"8a7558255867fff,8a7558255b07fff,8a755824648ffff,8a75582464f7fff,8a75582464affff,8a7558255967fff,8a75582732f7fff,8a755827338ffff,8a75582733affff,8a7558273337fff,8a7558273a87fff,8a7558273aaffff,8a7558273a0ffff,8a7558246d27fff,8a75582712e7fff,8a7558271257fff,8a7558244c87fff,8a7558244c27fff,8a75582440c7fff,8a7558244767fff,8a7558244627fff,8a755824471ffff,8a7558244717fff,8a7558244707fff,8a755824409ffff,8a755824446ffff,8a75582447a7fff,8a7558244467fff,8a7558244477fff,8a75582447b7fff",1,1
-1264978470#1,41273128#1,"-1264978470#1,-1264978470#0,-1116499323#1,-1116499323#0,-561133121,-55682342#1,-55682342#0,55682703,849128758#0,849128758#1,55682704#1,55682704#2,55682704#3,125835961,57680125#0,57680175,227218423,227218424,154901400#0,154901400#1,154901400#2,154901400#3,154901400#4,154901400#5,23030923#2,23030922#1,41231752,561133140#1,79119284#2,79119284#3,-79119286#3,-79119286#2,-79119286#1,41231755,-41231756#3,-41231756#2,-41231756#1,-41231756#0,1020092136,41231515#3,41273134,-1020078548,-41231515#5,-1020092139#1,-1020092139#0,-1020092142,-1020092143,41273131,41273128#1",10.972958321387624,9067.548895898492,40.19510204081633,16.646659289785568,50.004000000000005,0.635330927748956,0.0,0.0,0.1890826969761841,0.0,0.2045780970100774,0.3374397291130427,0.2688994769006956,0.110283386555801,2.5365178907834234,0.330850159667403,0.0,121.00904241206744,0.441133546223204,0.110283386555801,3.6332184020977047,271.552201805717,5.4038859412342495,"8a7558255b07fff,8a7558255867fff,8a755825595ffff,8a7558255937fff,8a7558273667fff,8a7558273767fff,8a75582730d7fff,8a75582733b7fff,8a755827305ffff,8a7558273337fff,8a7558273a87fff,8a7558273aaffff,8a7558273a0ffff,8a7558246d27fff,8a75582712e7fff,8a7558271257fff,8a7558244c87fff,8a7558244c27fff,8a75582440c7fff,8a7558244767fff,8a7558244627fff,8a755824471ffff,8a7558244637fff,8a75582447affff,8a75582447a7fff,8a755824446ffff,8a7558244737fff,8a755824409ffff,8a7558244097fff,8a7558244467fff,8a7558244477fff,8a75582447b7fff",2,2
-1264978470#1,41273128#1,"1264978470#1,57680111,57680112#1,1116499324#0,1116499324#1,1116499324#2,57680145#0,57680145#1,1264978471,561133118,57680114#1,57680114#2,57680114#3,57680135,57680125#0,57680125#1,57680125#2,57680127,227218689,154901400#2,154901400#3,154901400#4,154901400#5,23030923#2,23030922#1,41231752,561133140#1,79119284#2,41231513#0,41231513#1,41273135,41273137#1,41273137#2,41273137#3,41273141#2,-174897323#0,-41231515#6,1020078548,-41273134,41231515#4,-1020092139#1,-1020092139#0,-1020092142,-1020092143,41273131,41273128#1",11.833069508001412,9013.314035377294,41.07834782608696,18.28789197160836,50.004000000000005,0.4968900382481205,0.0,0.0,0.0313897262028987,0.0,0.2058090831394284,0.2839501122589575,0.4788510783987155,0.11094698310466,2.773674577616501,0.3328409493139802,0.0,118.24900385886517,0.4437879324186403,0.11094698310466,3.524173397044263,280.7465121861616,5.103561222814363,"8a7558255867fff,8a7558255b07fff,8a755824648ffff,8a75582464f7fff,8a75582464affff,8a7558255967fff,8a75582732f7fff,8a755827338ffff,8a75582733affff,8a7558273337fff,8a7558273327fff,8a7558246d37fff,8a7558246d27fff,8a75582712e7fff,8a7558271257fff,8a7558244c87fff,8a7558244c27fff,8a75582440c7fff,8a7558244767fff,8a7558244627fff,8a755824471ffff,8a7558244707fff,8a755824408ffff,8a75582440affff,8a7558244087fff,8a755824409ffff,8a7558244737fff,8a755824446ffff,8a7558244097fff,8a7558244467fff,8a7558244477fff,8a75582447b7fff",3,3
-1264978470#1,41273128#1,"1264978470#1,57680111,57680112#1,1116499324#0,1116499324#1,1116499324#2,57680145#0,57680145#1,1264978471,561133118,57680114#1,57680114#2,57680114#3,57680135,57680125#0,57680125#1,57680125#2,57680127,227218689,154901400#2,154901400#3,154901400#4,154901400#5,23030923#2,23030922#1,41231752,561133140#1,79119284#2,41231513#0,41231513#1,41273135,41273136,41231513#3,41231513#4,-41231515#6,1020078548,-41273134,-41231515#3,-41231515#2,1020092135,41231756#0,41231756#1,41231756#2,41231756#3,-41231755,-79119286#0,-41231753#2,-41231753#1,-41231753#0,1020078542,1157449878#1,-1157449879,1020092137#1,1020092138,41273128#1",12.026273801958018,9255.203994737947,39.99141818181817,17.21618641331993,50.004000000000005,0.4985411335643205,0.0,0.0,0.0305693380623587,0.0,0.2004301470527733,0.2765289164480577,0.49247159843681,0.108047321330632,2.7011830332658,0.324141963991896,0.0,112.74876877147818,0.432189285322528,0.108047321330632,3.61875150188395,262.03363792009816,5.942602673184759,"8a7558255867fff,8a7558255b07fff,8a755824648ffff,8a75582464f7fff,8a75582464affff,8a7558255967fff,8a75582732f7fff,8a755827338ffff,8a75582733affff,8a7558273337fff,8a7558273327fff,8a7558246d37fff,8a7558246d27fff,8a75582712e7fff,8a7558271257fff,8a7558244c87fff,8a7558244c27fff,8a75582440c7fff,8a7558244767fff,8a7558244627fff,8a755824471ffff,8a7558244707fff,8a7558244717fff,8a755824409ffff,8a7558244737fff,8a755824446ffff,8a75582447a7fff,8a75582447affff,8a755824478ffff,8a75582446a7fff,8a7558244687fff,8a75582446b7fff,8a7558244787fff,8a7558244797fff,8a75582447b7fff,8a7558244467fff",4,4
-1264978470#1,57680171#0,"1264978470#1,1116499322,1116499321#0,22561654#0,22561654#3,22561654#4,22561654#5,22561499#0,22561499#1,22561499#2,174907152#0,174907152#1,174907152#2,1116499317#0,1116499317#1,1116499317#2,1116499317#3,1116499316#0,1116499316#1,1116499315#1,1116499315#2,628868117#0,628868117#1,563371197#1,563371197#2,57680180#0,57680171#0",2.2682359634501283,1345.1731841711348,27.033333333333328,4.640187264125647,9.972,0.0,0.0,0.0,0.7181169072234792,0.0,0.0,0.0511998482616298,0.0515398315833151,0.7433987026853924,8.177385729539317,1.4867974053707849,0.7433987026853924,92.57715625583336,1.4867974053707849,0.7433987026853924,1.9148262776025564,59.67857777713526,20.0717649725056,"8a7558255867fff,8a7558255b07fff,8a7558255b2ffff,8a7558255b77fff,8a7558255b47fff,8a7558255b5ffff,8a7558255b4ffff,8a7558246697fff,8a7558246687fff,8a75582466a7fff,8a755824678ffff,8a755824679ffff,8a7558255b6ffff",0,0
-1264978470#1,57680171#0,"1264978470#1,57680111,57680112#1,57680087#0,57680087#1,57680087#2,1116499328#0,1116499328#1,1116499329,1116499330#0,1116499330#1,57680180#0,57680171#0",1.784913965586235,1074.0958045271666,29.988,0.0,0.0,0.0,0.0,0.0,0.2634080298598553,0.0,0.0,0.0,0.7365919701401445,0.9310156466351855,8.379140819716671,0.9310156466351855,0.0,55.54421688443715,0.9310156466351855,0.9310156466351855,1.52895321983286,76.03076465673752,12.103203406257412,"8a7558255867fff,8a7558255b07fff,8a755824648ffff,8a75582464f7fff,8a75582464c7fff,8a75582464cffff,8a7558246797fff,8a755824679ffff,8a7558255b6ffff",2,2
-1264978470#1,57680171#0,"-1264978470#1,-1264978470#0,-1116499323#1,-1116499323#0,-561133121,-55682342#1,-55682342#0,55682703,849128758#0,849128758#1,55682704#1,55682704#2,55682704#3,125835961,-57680135,-57680114#3,-57680114#2,-57680114#1,-57680114#0,-1264978471,-57680145#1,-57680145#0,-1116499324#2,-1116499324#1,-1116499324#0,-57680112#1,-57680112#0,1116499322,1116499321#0,22561654#0,22561654#3,22561654#4,22561654#5,22561499#0,22561499#1,22561499#2,-57680180#3,-57680180#2,-57680180#1,57680171#0",6.4590496811400495,4758.905163189391,42.2406,18.74240591074361,50.004000000000005,0.4354520732247994,0.0,0.0,0.4741613001099619,0.0,0.0,0.2655354752382898,0.2603032246517481,0.6303970970477204,6.093838604794631,0.8405294627302939,0.2101323656825734,92.93683079425293,0.8405294627302939,0.4202647313651469,11.183960337250715,128.91321660835064,8.40529462730294,"8a7558255b07fff,8a7558255867fff,8a755825595ffff,8a7558255937fff,8a7558273667fff,8a7558273767fff,8a75582730d7fff,8a75582733b7fff,8a755827305ffff,8a7558273337fff,8a75582733affff,8a755827338ffff,8a75582732f7fff,8a7558255967fff,8a75582464affff,8a75582464f7fff,8a755824648ffff,8a7558255b2ffff,8a7558255b77fff,8a7558255b47fff,8a7558255b5ffff,8a7558255b4ffff,8a7558246697fff,8a75582466b7fff,8a755824679ffff,8a7558255b6ffff",3,3
-174375407#2,-1163710302,"174375407#2,174375407#3,174375407#4,174375402,174375403,561133137,563273548,174375408#0,174375408#1,-174375409,57680120#0,57680120#1,1238123694,563272697,563271328,1238123691,-22561498,-22561652#6,-22561652#5,-22561652#4,-22561652#3,-22561652#2,-22561652#1,-22561652#0,-174907151#4,-174907151#1,-57392486,1163710302",1.85415677487076,1147.5442941505428,38.56885714285715,12.686670350073287,39.99600000000001,0.2811634941206651,0.0,0.0,0.3811289636783523,0.1202253026803678,0.3387941492684182,0.0,0.1598515843728615,1.7428521148985177,23.528503551129987,1.7428521148985177,1.7428521148985177,115.94941360857274,2.6142781723477766,1.7428521148985177,1.5102135229085678,47.99184541410486,24.39992960857925,"8a755824291ffff,8a75582429affff,8a75582429a7fff,8a755824665ffff,8a755824664ffff,8a7558246647fff,8a75582466effff,8a75582466c7fff,8a75582466f7fff,8a75582466affff,8a7558246687fff",1,1
-174375407#2,-1163710302,"174375407#2,174375407#3,174375407#4,174375402,174375403,563272698,563272697,563271328,1238123691,-22561498,-22561652#6,-22561652#5,-22561652#4,-22561652#3,-22561652#2,-22561652#1,-22561652#0,-174907151#4,-174907151#1,-57392486,1163710302",1.802392915979471,1040.075449083745,34.757142857142874,12.500486783664527,39.99600000000001,0.2068876046678758,0.0,0.0,0.4205102312432211,0.0671238453888703,0.3977804318215767,0.0,0.1145854915463319,1.9229374193592403,10.576155806475825,0.9614687096796202,1.9229374193592403,112.83940721156706,1.9229374193592403,0.9614687096796202,1.3687802867898826,52.51138754646395,20.190842903272024,"8a755824291ffff,8a75582429affff,8a75582429a7fff,8a755824665ffff,8a75582466effff,8a75582466c7fff,8a75582466f7fff,8a75582466affff,8a7558246687fff",2,2
-174375407#2,-1163710302,"174375407#2,174375407#3,174375407#4,174375402,174375403,561133137,563273548,174375406,1238123693,1238123694,563272697,563271328,1238123691,-22561498,-22561652#6,-22561652#5,-22561652#4,-22561652#3,-22561652#2,-22561652#1,-22561652#0,-174907151#4,-174907151#1,-57392486,1163710302",1.8579964676953336,1135.9990091688762,37.19664000000001,12.757891919905893,39.99600000000001,0.2738578783158819,0.0,0.0,0.385002419962133,0.1678503155039585,0.3422373520985746,0.0,0.1049099124353339,1.760564915864889,9.683107037256889,0.8802824579324445,1.760564915864889,101.16731459278904,1.760564915864889,0.8802824579324445,1.495019472801724,49.21208882762111,22.00706144831112,"8a755824291ffff,8a75582429affff,8a75582429a7fff,8a755824665ffff,8a755824664ffff,8a75582466effff,8a75582466c7fff,8a75582466f7fff,8a75582466affff,8a7558246687fff",3,3
-174375407#2,-39353757#4,"-174375407#2,-174375407#1,-174375407#0,-563297843,-174907149,-39353757#19,174375411#0,174375411#1,39353757#0,39353757#1,39353757#2,1123308755,1123308756,39353757#4",2.672609043617447,1532.331558200955,29.988,0.0,0.0,0.0,0.0,0.0,0.0,0.0,0.5789243725939166,0.0,0.4210756274060832,0.0,4.568201942025133,0.6526002774321619,0.0,115.68672085762005,0.6526002774321619,0.6526002774321619,3.2199432649709783,136.30896161408285,9.136403884050264,"8a75582429affff,8a755824291ffff,8a755824296ffff,8a75582404f7fff,8a75582404affff,8a7558240597fff,8a75582405b7fff",0,0
-174375407#2,-39353757#4,"-174375407#2,-174375407#1,-174375407#0,-563297843,57680093,39353757#0,39353757#1,39353757#2,1123308755,-39389916#1,-39389916#0,-39353757#16,-57680150#1,-57680150#0,-39353757#4",2.867747098839536,1639.7564944970006,29.988,0.0,0.0,0.0,0.0,0.0,0.0,0.0,0.2859792706870985,0.0,0.7140207293129012,0.0,4.268926528720514,0.6098466469600734,0.0,99.45713278397857,0.6098466469600734,0.6098466469600734,3.4519056907122336,131.95756568775917,9.147699704401102,"8a75582429affff,8a755824291ffff,8a755824296ffff,8a7558240597fff,8a7558240417fff,8a755824040ffff,8a7558240407fff,8a75582405b7fff",2,2
-174375407#2,-39353757#4,"-174375407#2,-174375407#1,-174375407#0,-563297843,-174907149,-39353757#19,-39353757#18,-39353757#17,-39353757#16,-39353757#15,-39353757#14,-39353757#13,-39353757#12,57680155,-39353757#10,-39353757#9,-39353757#8,-39353757#7,-39353757#6,-39353757#5,-39353757#4",3.319347739095638,1966.0470626263448,29.988000000000003,3.640448215221994e-15,0.0,0.0,0.0,0.0,0.0,0.0,0.4512120298647928,0.0,0.548787970135207,0.0,3.560443762037439,0.5086348231482056,0.0,107.0573560522718,0.5086348231482056,0.5086348231482056,4.138790769522007,109.66487048737945,10.681331286112318,"8a75582429affff,8a755824291ffff,8a755824296ffff,8a75582404f7fff,8a75582404e7fff,8a755824040ffff,8a7558240407fff,8a7558240437fff,8a755824051ffff,8a7558240517fff,8a755824624ffff,8a755824625ffff,8a75582405b7fff,8a7558240597fff",3,3
-174375407#2,-39353757#4,"-174375407#2,-174375407#1,-174375407#0,-563297843,-174907149,-39353757#19,-39353757#18,-39353757#17,-39353757#16,-39353757#15,-39353757#14,49188792#0,49188792#1,-39353757#7,-39353757#6,-39353757#5,-39353757#4",3.155762304921968,1823.668069682156,29.988,0.0,0.0,0.0,0.0,0.0,0.0,0.0,0.4864394462375811,0.0,0.5135605537624188,0.0,3.838417810989045,0.5483454015698637,0.0,103.61501842008596,0.5483454015698637,0.5483454015698637,3.8390640371496594,119.51218303348044,9.321871826687682,"8a75582429affff,8a755824291ffff,8a755824296ffff,8a75582404f7fff,8a75582404e7fff,8a755824040ffff,8a7558240407fff,8a7558240437fff,8a755824051ffff,8a755824625ffff,8a75582405b7fff,8a7558240597fff",4,4
-174375407#2,-41231513#3,"174375407#2,174375407#3,174375407#4,174375402,174375403,561133137,563273548,-57680132#1,-57680132#0,57680179#0,57680179#1,57680179#2,57680179#3,-979838980#6,-979838980#5,-979838980#4,-979838980#3,-979838980#2,-979838980#1,-979838980#0,-563298888,-145622122#2,213840998,979842179,226068307,979842178#0,979842178#1,979842178#2,979842178#3,41231717,979842178#5,79116530#0,79116530#1,79116530#2,79116557#0,79116557#1,23881170,41231753#0,41231753#1,41231753#2,79119286#0,41231755,-41231756#3,-41231756#2,-41231756#1,-41231756#0,1020092136,41231515#3,-1020092140,1020092139#0,1020092139#1,41231515#5,41231515#6,-41231513#4,-41231513#3",5.616690784829695,4030.259011624528,40.17207272727272,15.335252990769638,39.99600000000001,0.3455486946783087,0.0,0.0,0.0,0.3305789056089377,0.0964655849073704,0.0070158127750944,0.5659396967085975,0.0,2.7293531180682327,0.4962460214669514,0.0,94.48952541131531,0.9924920429339028,0.2481230107334757,1.8885520280747607,73.95293873523664,13.646765590341165,"8a755824291ffff,8a75582429affff,8a75582429a7fff,8a755824665ffff,8a755824664ffff,8a7558242937fff,8a7558242927fff,8a75582462d7fff,8a75582462c7fff,8a75582462e7fff,8a7558246277fff,8a755824634ffff,8a7558240cb7fff,8a7558240c17fff,8a7558240c37fff,8a7558240c27fff,8a7558240d57fff,8a7558240d77fff,8a7558240d27fff,8a7558244687fff,8a75582446a7fff,8a755824478ffff,8a75582447affff,8a75582447a7fff,8a755824446ffff,8a7558244467fff,8a7558244097fff,8a755824409ffff,8a7558244707fff,8a7558244717fff",0,0
-174375407#2,-41231513#3,"174375407#2,174375407#3,174375407#4,174375402,174375403,561133137,563273548,-57680132#1,-57680132#0,57680179#0,57680179#1,57680179#2,57680179#3,-979838980#6,-979838980#5,-979838980#4,-979838980#3,-979838980#2,-979838980#1,-979838980#0,-563298888,-145622122#2,213840998,979842179,226068307,979842178#0,979842178#1,979842178#2,979842178#3,41231717,979842178#5,79116530#0,79116530#1,79116549#0,-41231508#0,79119287#0,79119287#1,79119287#2,-79116549#4,79119291#2,41231511#0,41231511#1,41231511#2,41231511#3,-79119286#1,41231755,-41231756#3,-41231756#2,41273133,-1020078548,41231515#6,-41231513#4,-41231513#3",5.709707991712447,4085.04124544986,40.556377358490565,15.494366783083082,39.99600000000001,0.3409147318239579,0.0,0.0,0.0,0.3261456943347645,0.0951719381824127,0.0045921885430952,0.5740901789397275,0.0,2.6927512695869096,0.4895911399248926,0.0,95.21344831350564,0.9791822798497852,0.2447955699624463,1.9142226111551257,74.24746298868114,12.974165208009657,"8a755824291ffff,8a75582429affff,8a75582429a7fff,8a755824665ffff,8a755824664ffff,8a7558242937fff,8a7558242927fff,8a75582462d7fff,8a75582462c7fff,8a75582462e7fff,8a7558246277fff,8a755824634ffff,8a7558240cb7fff,8a7558240c17fff,8a7558240c37fff,8a7558240c27fff,8a7558240d57fff,8a7558240d77fff,8a7558240d67fff,8a7558240d47fff,8a7558240997fff,8a75582446cffff,8a755824460ffff,8a755824461ffff,8a7558244617fff,8a7558244637fff,8a75582447affff,8a7558244737fff,8a755824409ffff,8a7558244707fff,8a7558244717fff",1,1
-174375407#2,-41231513#3,"174375407#2,174375407#3,174375407#4,174375402,174375403,561133137,563273548,-57680132#1,-57680132#0,57680179#0,57680179#1,57680179#2,57680179#3,-979838980#6,-979838980#5,-979838980#4,-979838980#3,-979838980#2,-979838980#1,-979838980#0,-563298888,213840999,979842179,226068307,979842178#0,979842178#1,870315479#0,870315479#1,41231514#0,41231514#1,41231514#2,41231514#3,41231514#4,41231514#5,41231711#0,41231709#0,41231709#1,-41231711#3,-41231711#2,41231712,79119289#1,79119289#2,1020078536,-79116557#3,-79116557#2,23881170,41231753#0,41231753#1,41231753#2,79119286#0,79119286#1,79119286#2,79119286#3,79119284#4,79119284#5,79119284#1,79119284#2,41231513#0,41231513#1,41231513#2,41231513#3",5.483575253822297,4027.743081070617,38.842819672131135,14.38842429815046,39.99600000000001,0.3452765809278774,0.0,0.0,0.0,0.322347896910553,0.0965258421550608,0.0,0.581126260934386,0.0,2.2345020074139645,0.2482780008237738,0.0,104.49631757714933,0.4965560016475476,0.2482780008237738,1.8401649365508832,65.36794080007189,15.144958050250205,"8a755824291ffff,8a75582429affff,8a75582429a7fff,8a755824665ffff,8a755824664ffff,8a7558242937fff,8a7558242927fff,8a75582462d7fff,8a75582462c7fff,8a75582462e7fff,8a7558246277fff,8a755824634ffff,8a7558240cb7fff,8a7558240c17fff,8a7558240c37fff,8a7558240c27fff,8a7558240d1ffff,8a7558240daffff,8a7558240da7fff,8a7558246a5ffff,8a7558246a4ffff,8a7558240d07fff,8a7558240d17fff,8a7558240d37fff,8a755824469ffff,8a7558240d27fff,8a7558244687fff,8a75582446a7fff,8a755824478ffff,8a75582447affff,8a7558244637fff,8a755824471ffff,8a7558244627fff,8a7558244717fff,8a7558244707fff",2,2
-174375407#2,-41231513#3,"174375407#2,174375407#3,174375407#4,174375402,174375403,561133137,563273548,-57680132#1,-57680132#0,57680179#0,57680179#1,57680179#2,57680179#3,-979838980#6,-979838980#5,-979838980#4,-979838980#3,-979838980#2,-979838980#1,-979838980#0,-563298888,-145622122#2,213840998,979842179,226068307,979842178#0,979842178#1,979842178#2,870315481#0,870315481#1,870315479#1,41231514#0,41231514#1,41231514#2,41231514#3,41231514#4,41231514#5,41231514#6,41231514#7,41231514#8,1020078536,1020078537#0,1020078537#1,1157449878#0,1157449878#1,-1157449879,1020092137#1,1020092138,41273128#1,1020092142,1020092140,41231515#4,41231515#5,41231515#6,-41231513#4,-41231513#3",5.633716371162141,4097.634612857288,41.0625,15.218020811465005,39.99600000000001,0.3584023517606022,0.0,0.0,0.0,0.3251433422596866,0.0948794437807286,0.0,0.5799772139595848,0.0,2.196389100131181,0.244043233347909,0.0,106.076987690626,0.488086466695818,0.244043233347909,1.92012377767792,72.60305987126708,13.666421067482906,"8a755824291ffff,8a75582429affff,8a75582429a7fff,8a755824665ffff,8a755824664ffff,8a7558242937fff,8a7558242927fff,8a75582462d7fff,8a75582462c7fff,8a75582462e7fff,8a7558246277fff,8a755824634ffff,8a7558240cb7fff,8a7558240c17fff,8a7558240c37fff,8a7558240c27fff,8a7558240d1ffff,8a7558240daffff,8a7558240da7fff,8a7558246a5ffff,8a7558246a4ffff,8a7558246a6ffff,8a755824469ffff,8a75582446b7fff,8a7558244787fff,8a7558244797fff,8a75582447a7fff,8a75582447b7fff,8a7558244467fff,8a755824446ffff,8a755824409ffff,8a7558244707fff,8a7558244717fff",3,3
-174375407#2,-41231513#3,"174375407#2,174375407#3,174375407#4,174375402,174375403,561133137,563273548,-57680132#1,-57680132#0,57680179#0,57680179#1,57680179#2,57680179#3,-979838980#6,-979838980#5,-979838980#4,-979838980#3,-979838980#2,-979838980#1,-979838980#0,-563298888,213840999,979842179,226068307,979842178#0,979842178#1,870315479#0,870315479#1,41231514#0,41231514#1,41231514#2,41231514#3,41231514#4,41231514#5,41231719,41231718#0,41231718#1,41231718#2,41231721,41231514#8,1020078536,-79116557#3,-79116557#2,23881170,1020078542,1157449878#1,41231515#0,41273130,1020092138,41273128#1,1020092142,1020092139#0,1020092139#1,-41231515#4,41273134,-1020078548,41231515#6,-41231513#4,-41231513#3",6.780236495712861,4726.976383659029,39.48223728813559,14.554790206070429,39.99600000000001,0.3184092393823008,0.0,0.0,0.0,0.2746649033338596,0.0822473524996998,0.0,0.6430877441664403,0.0,1.9039655097733603,0.2115517233081511,0.0,107.75144059929865,0.4231034466163023,0.2115517233081511,2.215029061475228,71.57546342513089,12.48155167518092,"8a755824291ffff,8a75582429affff,8a75582429a7fff,8a755824665ffff,8a755824664ffff,8a7558242937fff,8a7558242927fff,8a75582462d7fff,8a75582462c7fff,8a75582462e7fff,8a7558246277fff,8a755824634ffff,8a7558240cb7fff,8a7558240c17fff,8a7558240c37fff,8a7558240c27fff,8a7558240d1ffff,8a7558240daffff,8a7558240da7fff,8a7558246a5ffff,8a7558246a4ffff,8a7558246a67fff,8a755824469ffff,8a7558240d27fff,8a7558244687fff,8a75582446b7fff,8a7558244787fff,8a75582447a7fff,8a75582447b7fff,8a7558244467fff,8a7558244097fff,8a755824409ffff,8a755824446ffff,8a7558244737fff,8a7558244707fff,8a7558244717fff",4,4
-174375407#2,-41231514#2,"174375407#2,174375407#3,174375407#4,174375402,174375403,561133137,563273548,-57680132#1,-57680132#0,57680179#0,57680179#1,57680179#2,57680179#3,-979838980#6,-979838980#5,-979838980#4,-979838980#3,-979838980#2,-979838980#1,-979838980#0,-563298888,213840999,979842179,226068307,979842178#0,979842178#1,870315479#0,870315479#1,41231514#0,41231514#1,41231514#2",2.156895179344702,2098.383053330197,46.76632258064518,16.408298023433343,39.99600000000001,0.6474826589081769,0.0,0.0,0.0,0.6187309363839211,0.1852766072750887,0.0,0.19599245634099,0.0,4.289016719667425,0.4765574132963805,0.0,110.78808049013448,0.9531148265927613,0.4765574132963805,1.6832285975083705,67.01387556733181,14.773279812187797,"8a755824291ffff,8a75582429affff,8a75582429a7fff,8a755824665ffff,8a755824664ffff,8a7558242937fff,8a7558242927fff,8a75582462d7fff,8a75582462c7fff,8a75582462e7fff,8a7558246277fff,8a755824634ffff,8a7558240cb7fff,8a7558240c17fff,8a7558240c37fff,8a7558240c27fff,8a7558240d1ffff,8a7558240daffff,8a7558240da7fff",0,0
-174375407#2,-41231514#2,"174375407#2,174375407#3,174375407#4,174375402,174375403,561133137,563273548,-57680132#1,-57680132#0,57680179#0,57680179#1,57680179#2,57680179#3,-979838980#6,-979838980#5,-979838980#4,-979838980#3,-979838980#2,-979838980#1,-979838980#0,-563298888,213840999,979842179,226068307,979842178#0,979842178#1,979842178#2,979842178#3,41231717,979842178#5,79116530#0,79116530#1,79116530#2,79116557#0,79116557#1,79116557#2,79116557#3,1020078537#0,1020078537#1,1020078539,1020078540,-41231514#8,-41231514#7,-41231514#6,-41231514#5,-41231514#4,-41231514#3,-41231514#2",3.728873344260777,3066.255534537586,41.658,15.345701456482514,39.99600000000001,0.4574305836845676,0.0,0.0,0.0,0.4234267160238303,0.1267935070986155,0.0092215219319478,0.4405582549456062,0.0,3.587437470914792,0.652261358348144,0.0,97.9346314350904,1.304522716696288,0.326130679174072,2.4471062228997784,67.20458746391873,15.654272600355457,"8a755824291ffff,8a75582429affff,8a75582429a7fff,8a755824665ffff,8a755824664ffff,8a7558242937fff,8a7558242927fff,8a75582462d7fff,8a75582462c7fff,8a75582462e7fff,8a7558246277fff,8a755824634ffff,8a7558240cb7fff,8a7558240c17fff,8a7558240c37fff,8a7558240c27fff,8a7558240d57fff,8a7558240d77fff,8a7558240d27fff,8a755824469ffff,8a7558246a6ffff,8a7558246a4ffff,8a7558246a5ffff,8a7558240da7fff,8a7558240daffff",1,1
-174375407#2,-41231514#2,"174375407#2,174375407#3,174375407#4,174375402,174375403,561133137,563273548,-57680132#1,-57680132#0,57680179#0,57680179#1,57680179#2,57680179#3,-979838980#6,-979838980#5,-979838980#4,-979838980#3,-979838980#2,-979838980#1,-979838980#0,-563298888,-145622122#2,213840998,979842179,226068307,979842178#0,979842178#1,979842178#2,870315481#0,870315481#1,870315479#1,41231514#0,41231514#1,41231514#2",2.2211125535371776,2177.838577108477,46.46223529411765,16.67506588430731,39.99600000000001,0.6394646303544559,0.0,0.0,0.0,0.6117618759202619,0.1785170383935189,0.0,0.2097210856862192,0.0,4.13253768878928,0.45917085430992,0.0,114.64578787661918,0.91834170861984,0.45917085430992,1.746964248461781,65.07248987153041,15.611809046537282,"8a755824291ffff,8a75582429affff,8a75582429a7fff,8a755824665ffff,8a755824664ffff,8a7558242937fff,8a7558242927fff,8a75582462d7fff,8a75582462c7fff,8a75582462e7fff,8a7558246277fff,8a755824634ffff,8a7558240cb7fff,8a7558240c17fff,8a7558240c37fff,8a7558240c27fff,8a7558240d1ffff,8a7558240daffff,8a7558240da7fff",3,3
-174375407#2,-41231514#2,"174375407#2,174375407#3,174375407#4,174375402,174375403,561133137,563273548,-57680132#1,-57680132#0,57680179#0,57680179#1,57680179#2,57680179#3,-979838980#6,-979838980#5,-979838980#4,-979838980#3,-979838980#2,-979838980#1,-979838980#0,-563298888,-145622122#2,213840998,979842179,226068307,979842178#0,979842178#1,979842178#2,979842178#3,41231717,979842178#5,79116530#0,79116530#1,79116530#2,79116557#0,79116557#1,79116557#2,79116557#3,79116557#4,1020078540,-41231514#8,-41231514#7,-41231514#6,41231719,1020092132,-41231514#4,-41231514#3,-41231514#2",3.739639964501563,3075.338222998927,41.657250000000005,15.89011181688762,39.99600000000001,0.4528447408702571,0.0,0.0,0.0,0.4332266946834161,0.1264190357915947,0.0091942871353908,0.4311599823895984,0.0,3.576842351106771,0.6503349729285038,0.0,106.95470334912191,1.3006699458570077,0.3251674864642519,2.454354902340893,67.1327926643595,15.608039350284091,"8a755824291ffff,8a75582429affff,8a75582429a7fff,8a755824665ffff,8a755824664ffff,8a7558242937fff,8a7558242927fff,8a75582462d7fff,8a75582462c7fff,8a75582462e7fff,8a7558246277fff,8a755824634ffff,8a7558240cb7fff,8a7558240c17fff,8a7558240c37fff,8a7558240c27fff,8a7558240d57fff,8a7558240d77fff,8a7558240d27fff,8a755824469ffff,8a7558246a6ffff,8a7558246a4ffff,8a7558246a5ffff,8a7558240da7fff,8a7558240daffff",4,4
-174375407#2,-57099630#2,"174375407#2,174375407#3,174375407#4,174375402,174375403,561133137,563273548,174375408#0,174375408#1,-174375409,57680120#0,57680120#1,1238123694,563272697,563271328,1238123691,-22561498,-22561652#6,-22561652#5,-22561652#4,-22561652#3,-22561652#2,-22561652#1,-22561652#0,-174907151#4,-174907151#1,-174907152#2,-174907152#1,-174907152#0,-22561653,-22561499#1,-22561499#0,57392420,1004094802,57392452,24580169#2,561133134,57099630#0,57099630#1,57099630#2",3.906599584463827,2693.149178464936,38.9952,14.98807989139267,59.97600000000001,0.5574727695878485,0.0,0.0,0.2454163690002128,0.508151307837149,0.1443593604072691,0.0,0.1020729627553689,0.742625033916605,12.995938093540587,0.742625033916605,0.742625033916605,99.72153000433926,1.48525006783321,0.742625033916605,1.327174207695483,100.90264280618231,14.8525006783321,"8a755824291ffff,8a75582429affff,8a75582429a7fff,8a755824665ffff,8a755824664ffff,8a7558246647fff,8a75582466effff,8a75582466c7fff,8a75582466f7fff,8a75582466affff,8a7558246687fff,8a7558246697fff,8a7558255b4ffff,8a7558255a67fff,8a7558255a77fff,8a7558255a97fff,8a7558255047fff,8a75582550d7fff,8a755825572ffff",0,0
-174375407#2,-57099630#2,"174375407#2,174375407#3,174375407#4,174375402,174375403,561133137,563273548,174375406,1238123693,1238123694,563272697,563271328,1238123691,-22561498,-22561652#6,-22561652#5,-22561652#4,-22561652#3,-22561652#2,-22561652#1,-22561652#0,-174907151#4,-174907151#1,-57392486,1004094803#0,1004094803#1,1004094802,57392452,-24580169#1,-32898141,57099587#1,57099575#2,561133134,57099630#0,57099630#1,57099630#2",4.706359703147366,2730.9416275487965,37.775,17.419415069726902,59.97600000000001,0.5799978977297483,0.0,0.0,0.1601507564982869,0.5064272316599342,0.1423616268332758,0.0,0.1910603850085029,0.732348132169758,12.816092312970763,0.732348132169758,0.732348132169758,92.05305049861444,1.830870330424395,0.732348132169758,1.3457981903811855,104.19288397122428,13.182266379055644,"8a755824291ffff,8a75582429affff,8a75582429a7fff,8a755824665ffff,8a755824664ffff,8a75582466effff,8a75582466c7fff,8a75582466f7fff,8a75582466affff,8a7558246687fff,8a7558246697fff,8a7558255a67fff,8a7558255b5ffff,8a7558255a77fff,8a7558255a97fff,8a7558255047fff,8a75582550d7fff,8a755825572ffff",1,1
-174375407#2,-57099630#2,"174375407#2,174375407#3,174375407#4,174375402,174375403,561133137,563273548,174375406,1238123693,1238123694,563272697,563271328,1238123691,-22561498,-22561652#6,-22561652#5,-22561652#4,-22561652#3,-22561652#2,-22561652#1,-22561652#0,-174907151#4,-174907151#1,-174907152#2,-174907152#1,-174907152#0,-57680180#3,-57680180#2,-57680180#1,57680171#0,57680171#1,57680171#2,-22561499#1,-22561499#0,24580169#0,24580169#1,24580169#2,561133134,57099630#0,57099630#1,57099630#2",3.405926896796636,2833.4490419751755,38.77287804878049,12.691124599883029,39.99600000000001,0.525794543815718,0.0,0.0,0.2228945512302608,0.5236979871709763,0.1372113234171821,0.0,0.1161961381815807,1.4117070541037966,7.411462034044932,0.7058535270518983,0.7058535270518983,97.10435210917367,1.4117070541037966,0.3529267635259491,1.3963134747226889,99.61235747760988,14.469997304563917,"8a755824291ffff,8a75582429affff,8a75582429a7fff,8a755824665ffff,8a755824664ffff,8a75582466effff,8a75582466c7fff,8a75582466f7fff,8a75582466affff,8a7558246687fff,8a7558246697fff,8a75582466b7fff,8a755824679ffff,8a7558255b6ffff,8a7558255b4ffff,8a7558255a67fff,8a7558255a77fff,8a7558255a97fff,8a7558255047fff,8a75582550d7fff,8a755825572ffff",2,2
-174375407#2,-57099630#2,"174375407#2,174375407#3,174375407#4,174375402,174375403,561133137,563273548,174375406,1238123693,1238123694,563272697,563271328,1238123691,-22561498,-22561652#6,-22561652#5,-22561652#4,-22561652#3,-22561652#2,-22561652#1,-22561652#0,-174907151#4,-174907151#1,-174907152#2,-174907152#1,-174907152#0,-22561653,-22561499#1,-22561499#0,24580169#0,-32898141,-57099587#0,-32898139#0,-561133132,57099591#1,57099575#1,57099575#2,561133134,57099630#0,57099630#1,57099630#2",4.668587993679412,3803.7804365659335,41.21473170731708,13.45561718953165,59.97600000000001,0.7211641494628549,0.0,0.0,0.1737594752318229,0.3728875224139046,0.1022091835656933,0.0,0.3511438187885791,0.5257927036939091,4.995030685092137,0.5257927036939091,0.5257927036939091,94.09522638201932,1.051585407387818,0.2628963518469545,1.874489288419008,120.23783187175204,10.778750425725136,"8a755824291ffff,8a75582429affff,8a75582429a7fff,8a755824665ffff,8a755824664ffff,8a75582466effff,8a75582466c7fff,8a75582466f7fff,8a75582466affff,8a7558246687fff,8a7558246697fff,8a7558255b4ffff,8a7558255a67fff,8a7558255b5ffff,8a7558255b57fff,8a7558255a37fff,8a755825516ffff,8a7558255aa7fff,8a7558255a77fff,8a7558255a97fff,8a7558255047fff,8a75582550d7fff,8a755825572ffff",3,3
-174375407#2,-57099630#2,"174375407#2,174375407#3,174375407#4,174375402,174375403,563272698,563272697,563271328,1238123691,-22561498,-22561652#6,-22561652#5,-22561652#4,-22561652#3,-22561652#2,-22561652#1,-22561652#0,-174907151#4,-174907151#1,-57392486,1004094803#0,1004094803#1,1004094802,57392452,-24580169#1,-32898141,-57099587#0,-32898139#0,-561133132,57099591#1,57099575#1,57099575#2,561133134,57099630#0,57099630#1,57099630#2",5.965526969766038,3794.2277479422232,37.775,17.419415069726902,59.97600000000001,0.6976983721206759,0.0,0.0,0.1152704572997241,0.3326524825729857,0.1090397542656557,0.0,0.4430373058616343,0.527116486638075,9.224538516166312,0.527116486638075,0.527116486638075,105.93571000117838,1.3177912165951873,0.527116486638075,1.869781757897894,124.38115967238711,9.48809675948535,"8a755824291ffff,8a75582429affff,8a75582429a7fff,8a755824665ffff,8a75582466effff,8a75582466c7fff,8a75582466f7fff,8a75582466affff,8a7558246687fff,8a7558246697fff,8a7558255a67fff,8a7558255b5ffff,8a7558255b57fff,8a7558255a37fff,8a755825516ffff,8a7558255aa7fff,8a7558255a77fff,8a7558255a97fff,8a7558255047fff,8a75582550d7fff,8a755825572ffff",4,4
-174375407#2,-57680180#1,"174375407#2,174375407#3,174375407#4,174375402,174375403,561133137,563273548,174375408#0,174375408#1,-174375409,57680120#0,57680120#1,1238123694,563272697,563271328,1238123691,-22561498,-22561652#6,-22561652#5,-22561652#4,-22561652#3,-22561652#2,-22561652#1,-22561652#0,-174907151#4,-174907151#1,-174907152#2,-174907152#1,-174907152#0,-57680180#3,-57680180#2,-57680180#1",1.8373008238572608,1328.4743647103548,38.745000000000005,10.088386833544096,20.016000000000005,0.2428707485612229,0.0,0.0,0.4354291440154634,0.1038513529265264,0.292652461509354,0.0,0.1680670415486559,1.5054863331412924,20.32406549740745,1.5054863331412924,1.5054863331412924,124.21029299039682,2.2582294997119385,0.7527431665706462,1.403835399786398,45.989464162889504,24.08778133026068,"8a755824291ffff,8a75582429affff,8a75582429a7fff,8a755824665ffff,8a755824664ffff,8a7558246647fff,8a75582466effff,8a75582466c7fff,8a75582466f7fff,8a75582466affff,8a7558246687fff,8a7558246697fff,8a75582466b7fff,8a755824679ffff",0,0
-174375407#2,-57680180#1,"174375407#2,174375407#3,174375407#4,174375402,174375403,561133137,563273548,174375406,1238123693,1238123694,563272697,563271328,1238123691,-22561498,-22561652#6,-22561652#5,-22561652#4,-22561652#3,-22561652#2,-22561652#1,-22561652#0,-174907151#4,-174907151#1,-57392486,1004094803#0,1004094803#1,1004094802,57392452,-24580169#1,-24580169#0,22561499#0,22561499#1,22561499#2,-57680180#3,-57680180#2,-57680180#1",3.4948435086699967,1666.2622306867847,33.32900000000001,13.094385601688776,39.99600000000001,0.1867066735898498,0.0,0.0,0.311984989585217,0.1520217755853478,0.2333253948415528,0.0,0.3026678399878822,2.4005825291684832,17.404223336471503,1.2002912645842416,1.2002912645842416,115.7872204096203,3.000728161460604,1.2002912645842416,1.7607851283416829,43.86427192152845,21.605242762516347,"8a755824291ffff,8a75582429affff,8a75582429a7fff,8a755824665ffff,8a755824664ffff,8a75582466effff,8a75582466c7fff,8a75582466f7fff,8a75582466affff,8a7558246687fff,8a7558246697fff,8a7558255a67fff,8a7558255b4ffff,8a75582466b7fff,8a755824679ffff",1,1
-174375407#2,-57680180#1,"174375407#2,174375407#3,174375407#4,174375402,174375403,561133137,563273548,174375406,1238123693,1238123694,563272697,563271328,1238123691,-22561498,-22561652#6,-22561652#5,-22561652#4,-22561652#3,-22561652#2,-22561652#1,-22561652#0,-174907151#4,-174907151#1,-174907152#2,-174907152#1,-174907152#0,-57680180#3,-57680180#2,-57680180#1",1.8411405166818344,1316.9290797286883,37.58027586206897,9.883980339405465,20.016000000000005,0.2362331299450273,0.0,0.0,0.4392464745265471,0.1447897195348312,0.2952180940257289,0.0,0.1207457119128926,1.5186846663087104,8.352765664697907,0.7593423331543552,1.5186846663087104,114.9431666452209,1.5186846663087104,0.0,1.391635179602684,46.843191361134295,22.0209276614763,"8a755824291ffff,8a75582429affff,8a75582429a7fff,8a755824665ffff,8a755824664ffff,8a75582466effff,8a75582466c7fff,8a75582466f7fff,8a75582466affff,8a7558246687fff,8a7558246697fff,8a75582466b7fff,8a755824679ffff",2,2
-174375407#2,-57680180#1,"174375407#2,174375407#3,174375407#4,174375402,174375403,561133137,563273548,174375406,1238123693,1238123694,563272697,563271328,1238123691,-22561498,-22561652#6,-22561652#5,-22561652#4,-22561652#3,-22561652#2,-22561652#1,-22561652#0,-174907151#4,-174907151#1,-57392486,1004094803#0,1004094803#1,1004094802,57392452,24580169#2,-57099575#2,-57099575#1,-57099591#1,-57099591#0,32898139#0,32898139#1,32898141,-24580169#0,22561499#0,22561499#1,22561499#2,-57680180#3,-57680180#2,-57680180#1",5.357132381727079,3040.1542199867254,35.11339534883722,13.867133651945895,39.99600000000001,0.5145924193463647,0.0,0.0,0.1709942216975186,0.0958918932316438,0.1278820956939014,0.0,0.6052317893769362,1.315722726729786,14.801880675710091,0.9867920450473394,0.657861363364893,109.3586817497476,2.3025147717771253,0.657861363364893,3.2126145812063807,84.60846167336885,14.1440193123452,"8a755824291ffff,8a75582429affff,8a75582429a7fff,8a755824665ffff,8a755824664ffff,8a75582466effff,8a75582466c7fff,8a75582466f7fff,8a75582466affff,8a7558246687fff,8a7558246697fff,8a7558255a67fff,8a7558255a77fff,8a7558255aa7fff,8a755825516ffff,8a7558255a37fff,8a7558255b57fff,8a7558255b5ffff,8a7558255b4ffff,8a75582466b7fff,8a755824679ffff",3,3
-174375407#2,-57680180#1,"174375407#2,174375407#3,174375407#4,174375402,174375403,563272698,563272697,563271328,1238123691,-22561498,-22561652#6,-22561652#5,-22561652#4,-22561652#3,-22561652#2,-22561652#1,-22561652#0,-174907151#4,-174907151#1,-174907152#2,-174907152#1,-174907152#0,-22561653,-22561499#1,-22561499#0,-22561654#5,-22561654#4,-22561654#3,-22561654#2,-1116499321#1,-1116499322,57680111,57680112#1,57680087#0,57680087#1,57680087#2,1116499328#0,1116499328#1,1116499329,1116499330#0,1116499330#1,57680180#0,57680180#1",3.723432123029197,2404.115049344908,33.24641860465117,7.4768503753173885,20.016000000000005,0.0895043348251719,0.0,0.0,0.4660461298870049,0.0290393189194837,0.1720889611236727,0.0,0.3328255900698386,0.8319069424506017,4.575488183478309,0.4159534712253008,1.2478604136759026,119.9120503920025,0.8319069424506017,0.0,2.590979173413446,50.7193137910083,17.885999262687935,"8a755824291ffff,8a75582429affff,8a75582429a7fff,8a755824665ffff,8a75582466effff,8a75582466c7fff,8a75582466f7fff,8a75582466affff,8a7558246687fff,8a7558246697fff,8a7558255b4ffff,8a7558255b5ffff,8a7558255b47fff,8a7558255b77fff,8a7558255b2ffff,8a7558255b07fff,8a755824648ffff,8a75582464f7fff,8a75582464c7fff,8a75582464cffff,8a7558246797fff,8a755824679ffff,8a75582466b7fff",4,4
-174375407#2,174375405,"174375407#2,174375407#3,174375407#4,174375402,174375403,561133137,563273548,174375408#0,174375408#1,-174375409,57680120#0,57680120#1,1238123694,563272697,563271328,174375401,1238123690,174375405",0.7802494936059378,646.2471641874055,46.668000000000006,7.675785608384485,20.016000000000005,0.4917592156886233,0.0,0.0,0.0487389316535383,0.2502281896433348,0.6015984509168659,0.0,0.0994344277862608,3.094791143129905,29.4005158597341,3.094791143129905,0.0,126.65550017536152,6.18958228625981,3.094791143129905,1.991800968176387,53.67914640508517,27.853120288169144,"8a755824291ffff,8a75582429affff,8a75582429a7fff,8a755824665ffff,8a755824664ffff,8a7558246647fff",1,1
-174375407#2,174375405,"174375407#2,174375407#3,174375407#4,174375402,174375403,561133137,563273548,174375406,1238123693,1238123694,563272697,563271328,174375401,1238123690,174375405",0.7840891864305118,634.7018792057389,46.00080000000001,8.287411341477942,20.016000000000005,0.4825142695392228,0.0,0.0,0.0496254972587106,0.3378329212178843,0.6125415815234052,0.0,0.0,3.1510856758495573,4.726628513774336,1.575542837924779,0.0,119.26437569323132,4.726628513774336,1.575542837924779,1.95621719918102,57.23158188060221,23.63314256887168,"8a755824291ffff,8a75582429affff,8a75582429a7fff,8a755824665ffff,8a755824664ffff",3,3
-174375407#2,57680152#2,"174375407#2,174375407#3,174375407#4,174375402,174375403,561133137,563273548,174375408#0,174375408#1,-174375409,57680120#0,57680120#1,1238123694,563272697,563271328,1238123691,-22561498,-22561652#6,-22561652#5,-22561652#4,-22561652#3,-22561652#2,-22561652#1,-22561652#0,-174907151#4,-174907151#1,-174907152#2,-174907152#1,-174907152#0,-57680180#3,-57680180#2,-57680180#1,-57680180#0,-563282223,-1116499330#0,1116499332#0,1116499332#1,1116499332#2,1116499331#0,1116499331#1,57680152#1,57680152#2",3.211910667794836,2317.0989411523506,36.66,9.55000837185178,20.016000000000005,0.1392463470900117,0.0,0.0,0.249646851586163,0.059541635297958,0.1677879550068803,0.0,0.5230235581089985,0.8631482948265259,11.6525019801581,0.8631482948265259,0.8631482948265259,126.82276715752792,1.294722442239789,0.4315741474132629,5.032121774650323,72.49428940398082,18.126114191357043,"8a755824291ffff,8a75582429affff,8a75582429a7fff,8a755824665ffff,8a755824664ffff,8a7558246647fff,8a75582466effff,8a75582466c7fff,8a75582466f7fff,8a75582466affff,8a7558246687fff,8a7558246697fff,8a75582466b7fff,8a755824679ffff,8a7558246797fff,8a75582467b7fff,8a7558246787fff,8a75582467affff,8a755824662ffff,8a7558246297fff",0,0
-174375407#2,57680152#2,"174375407#2,174375407#3,174375407#4,174375402,174375403,563272698,563272697,563271328,1238123691,-22561498,-22561652#6,-22561652#5,-22561652#4,-22561652#3,-22561652#2,-22561652#1,-22561652#0,-174907151#4,-174907151#1,-57392486,1004094803#0,1004094803#1,1004094802,57392452,-24580169#1,-24580169#0,22561499#0,22561499#1,22561499#2,-57680180#3,-57680180#2,-57680180#1,-57680180#0,-563282223,-1116499330#0,1116499332#0,1116499332#1,1116499332#2,1116499331#0,1116499331#1,57680152#1,57680152#2",4.81384980089171,2558.963247043649,30.94542857142857,10.77710273103404,39.99600000000001,0.0840882410419124,0.0,0.0,0.203148210623046,0.0517569818904966,0.16167549953737,0.0,0.5834193079490873,1.5631330401564656,11.332714541134376,0.7815665200782328,0.7815665200782328,124.05985872378372,1.9539163001955824,0.7815665200782328,5.557386630013383,71.23620228002223,16.41289692164289,"8a755824291ffff,8a75582429affff,8a75582429a7fff,8a755824665ffff,8a75582466effff,8a75582466c7fff,8a75582466f7fff,8a75582466affff,8a7558246687fff,8a7558246697fff,8a7558255a67fff,8a7558255b4ffff,8a75582466b7fff,8a755824679ffff,8a7558246797fff,8a75582467b7fff,8a7558246787fff,8a75582467affff,8a755824662ffff,8a7558246297fff",1,1
-174375407#2,57680152#2,"174375407#2,174375407#3,174375407#4,174375402,174375403,563272698,563272697,563271328,1238123691,-22561498,-22561652#6,-22561652#5,-22561652#4,-22561652#3,-22561652#2,-22561652#1,-22561652#0,-174907151#4,-174907151#1,-174907152#2,-174907152#1,-174907152#0,-57680180#3,-57680180#2,-57680180#1,-57680180#0,-563282223,-1116499330#0,1116499332#0,1116499332#1,1116499332#2,1116499331#0,1116499331#1,57680152#1,57680152#2",3.160146808903547,2209.630096085553,33.991200000000006,8.123287934733586,20.016000000000005,0.0973822354773312,0.0,0.0,0.2617888199916696,0.0315952718786439,0.1872357106270758,0.0,0.5193801975026104,0.905128873625988,4.978208804942933,0.4525644368129939,0.905128873625988,129.94857446352228,0.905128873625988,0.0,4.7987280659258245,76.9356162566246,15.839755288454787,"8a755824291ffff,8a75582429affff,8a75582429a7fff,8a755824665ffff,8a75582466effff,8a75582466c7fff,8a75582466f7fff,8a75582466affff,8a7558246687fff,8a7558246697fff,8a75582466b7fff,8a755824679ffff,8a7558246797fff,8a75582467b7fff,8a7558246787fff,8a75582467affff,8a755824662ffff,8a7558246297fff",2,2
-174375407#2,57680152#2,"174375407#2,174375407#3,174375407#4,174375402,174375403,561133137,563273548,174375406,1238123693,1238123694,563272697,563271328,1238123691,-22561498,-22561652#6,-22561652#5,-22561652#4,-22561652#3,-22561652#2,-22561652#1,-22561652#0,-174907151#4,-174907151#1,-174907152#2,-174907152#1,-174907152#0,-57680180#3,-57680180#2,-57680180#1,-57680180#0,-563282223,-1116499330#0,1116499332#0,1116499332#1,1116499332#2,1116499331#0,1116499331#1,57680152#1,57680152#2",3.2157503606194098,2305.553656170684,35.63353846153847,9.124909141137142,20.016000000000005,0.1349360391536691,0.0,0.0,0.2508969825638672,0.0827036888041368,0.1686281695695997,0.0,0.4977711590623961,0.8674705941660099,4.771088267913055,0.4337352970830049,0.8674705941660099,123.67675108713384,0.8674705941660099,0.0,5.007048490588532,73.90137095904657,16.915676586237193,"8a755824291ffff,8a75582429affff,8a75582429a7fff,8a755824665ffff,8a755824664ffff,8a75582466effff,8a75582466c7fff,8a75582466f7fff,8a75582466affff,8a7558246687fff,8a7558246697fff,8a75582466b7fff,8a755824679ffff,8a7558246797fff,8a75582467b7fff,8a7558246787fff,8a75582467affff,8a755824662ffff,8a7558246297fff",3,3
-174375407#2,57680152#2,"174375407#2,174375407#3,174375407#4,174375402,174375403,563272698,563272697,563271328,1238123691,-22561498,-22561652#6,-22561652#5,-22561652#4,-22561652#3,-22561652#2,-22561652#1,-22561652#0,-174907151#4,-174907151#1,-57392486,1004094803#0,1004094803#1,1004094802,57392452,-24580169#1,-24580169#0,-22561654#5,-22561654#4,-22561654#3,-22561654#2,-1116499321#1,-1116499322,57680111,57680112#1,57680087#0,57680087#1,57680087#2,1116499328#0,1116499328#1,1116499329,1116499332#0,1116499332#1,1116499332#2,1116499331#0,1116499331#1,57680152#1,57680152#2",5.910088296289869,3151.744388335371,30.84357446808512,10.178920494024982,39.99600000000001,0.0682728964731973,0.0,0.0,0.2845560677189981,0.0420225113831761,0.1312675173769609,0.0,0.5421539035208649,1.2691384538682862,9.201253790545074,0.6345692269341431,0.9518538404012148,123.3718874297098,1.586423067335358,0.3172846134670715,6.844749390281466,71.30769858104246,14.912376832952363,"8a755824291ffff,8a75582429affff,8a75582429a7fff,8a755824665ffff,8a75582466effff,8a75582466c7fff,8a75582466f7fff,8a75582466affff,8a7558246687fff,8a7558246697fff,8a7558255a67fff,8a7558255b4ffff,8a7558255b5ffff,8a7558255b47fff,8a7558255b77fff,8a7558255b2ffff,8a7558255b07fff,8a755824648ffff,8a75582464f7fff,8a75582464c7fff,8a75582464cffff,8a7558246797fff,8a75582467b7fff,8a7558246787fff,8a75582467affff,8a755824662ffff,8a7558246297fff",4,4
-174375407#2,57680159,"-174375407#2,-174375407#1,-174375407#0,-563297843,57680093,39353757#0,39353757#1,39353757#2,1123308755,1123308756,39353757#4,57680150#0,57680150#1,39353757#16,39353757#17,57680159",2.351360544217687,1378.0738811536976,29.988,0.0,0.0,0.0,0.0,0.0,0.0,0.0,0.340283908441905,0.0,0.6597160915580951,0.0,5.079553495448104,0.7256504993497291,0.0,82.25445371671657,0.7256504993497291,0.7256504993497291,1.5748312085931409,118.16457751284604,11.610407989595666,"8a75582429affff,8a755824291ffff,8a755824296ffff,8a7558240597fff,8a75582405b7fff,8a7558240407fff,8a755824040ffff,8a75582404e7fff",0,0
-174375407#2,57680159,"-174375407#2,-174375407#1,-174375407#0,-563297843,57680093,39353757#0,39353757#1,39353757#2,39353757#3,39353757#4,39353757#5,57680106,39353757#15,39353757#16,39353757#17,57680159",2.4358343337334936,1429.1185831482435,29.988,0.0,0.0,0.0,0.0,0.0,0.0,0.0,0.3281297800828068,0.0,0.6718702199171933,0.0,4.898123978333214,0.6997319969047447,0.0,73.8812648397758,0.6997319969047447,0.6997319969047447,1.6331639227049917,105.44917635322348,11.195711950475916,"8a75582429affff,8a755824291ffff,8a755824296ffff,8a7558240597fff,8a75582405b7fff,8a7558240437fff,8a7558240407fff,8a755824040ffff,8a75582404e7fff",2,2
-174375407#2,57680159,"-174375407#2,-174375407#1,-174375407#0,-563297843,57680093,39353757#0,39353757#1,39353757#2,39353757#3,39353757#4,39353757#5,39353757#6,39761731#0,39761731#1,-174375415#0,39353757#9,39353757#10,39353757#11,39353757#12,39353757#13,39353757#14,39353757#15,39353757#16,39353757#17,57680159",3.1444177671068427,1914.4245789958984,29.988000000000003,3.625973214694716e-15,0.0,0.0,0.0,0.0,0.0,0.0,0.2449489896575812,0.0,0.755051010342419,0.0,3.656451174311316,0.5223501677587594,0.0,81.57139456131402,0.5223501677587594,0.5223501677587594,2.1877604783979447,75.94480483367549,13.058754193968984,"8a75582429affff,8a755824291ffff,8a755824296ffff,8a7558240597fff,8a75582405b7fff,8a755824625ffff,8a75582462effff,8a755824624ffff,8a7558240517fff,8a755824051ffff,8a7558240437fff,8a7558240407fff,8a755824040ffff,8a75582404e7fff",3,3
-174375407#2,57680159,"-174375407#2,-174375407#1,-174375407#0,-563297843,-174907149,-39353757#19,174375411#0,174375411#1,39353757#0,39353757#1,39353757#2,1123308755,1123308756,39353757#4,39353757#5,57680106,39353757#15,39353757#16,39353757#17,57680159",4.086274509803921,2301.5214566015934,29.988,0.0,0.0,0.0,0.0,0.0,0.0,0.0,0.3854424573765376,0.0,0.6145575426234623,0.0,3.041466322167658,0.434495188881094,0.0,100.95229903664294,0.434495188881094,0.434495188881094,2.63012590737774,124.5718056805176,8.68990377762188,"8a75582429affff,8a755824291ffff,8a755824296ffff,8a75582404f7fff,8a75582404affff,8a7558240597fff,8a75582405b7fff,8a7558240437fff,8a7558240407fff,8a755824040ffff,8a75582404e7fff",4,4
-174375407#3,-1020092143,"174375407#3,174375407#4,174375402,174375403,561133137,563273548,-57680132#1,-57680132#0,57680179#0,57680179#1,57680179#2,57680179#3,-979838980#6,-979838980#5,-979838980#4,-979838980#3,-979838980#2,-979838980#1,-979838980#0,-563298888,213840999,979842179,226068307,979842178#0,979842178#1,979842178#2,979842178#3,979842178#4,979842178#5,79116530#0,79116530#1,79116549#0,41231508#1,79119292,41231358#0,41231358#1,79119291#0,79119291#1,79119291#2,41231511#0,41231511#1,41231511#2,41231511#3,-79119286#1,41231755,-41231756#3,-41231756#2,41273133,-1020078548,-41231515#5,-1020092139#1,-1020092139#0,-1020092142,-1020092143",4.95479433900857,3725.723699773276,39.61999999999999,14.917363437435196,39.99600000000001,0.3646718727051002,0.0,0.0,0.0,0.3484784745466103,0.084836780839304,0.0050350699936681,0.5616496746204175,0.0,2.9524465275482963,0.5368084595542357,0.0,104.38834978288558,1.0736169191084717,0.2684042297771178,1.6132349281459373,62.70852300748636,14.493828407964363,"8a75582429affff,8a75582429a7fff,8a755824665ffff,8a755824664ffff,8a7558242937fff,8a7558242927fff,8a75582462d7fff,8a75582462c7fff,8a75582462e7fff,8a7558246277fff,8a755824634ffff,8a7558240cb7fff,8a7558240c17fff,8a7558240c37fff,8a7558240c27fff,8a7558240d57fff,8a7558240d77fff,8a7558240d67fff,8a75582446dffff,8a75582446c7fff,8a75582446e7fff,8a755824461ffff,8a7558244617fff,8a7558244637fff,8a75582447affff,8a7558244737fff,8a755824409ffff,8a7558244097fff,8a7558244467fff,8a7558244477fff",0,0
-174375407#3,-1020092143,"174375407#3,174375407#4,174375402,174375403,561133137,563273548,-57680132#1,-57680132#0,57680179#0,57680179#1,57680179#2,57680179#3,-979838980#6,-979838980#5,-979838980#4,-979838980#3,-979838980#2,-979838980#1,-979838980#0,-563298888,-145622122#2,213840998,979842179,226068307,979842178#0,979842178#1,979842178#2,979842178#3,979842178#4,979842178#5,79116530#0,79116530#1,79116549#0,-41231508#0,79119287#0,79119290,79116549#2,79116549#3,79119291#2,41231511#0,41231511#1,41231511#2,41231511#3,79119286#2,79119286#3,79119284#4,79119284#5,79119284#1,79119284#2,41231513#0,41231513#1,41273135,41273136,41231513#3,41231513#4,-41231515#6,-41231515#5,-1020092139#1,-1020092139#0,-1020092142,-1020092143",5.478035322644821,4061.423585797003,39.170360655737696,14.866215683031994,39.99600000000001,0.3428971914066077,0.0,0.0,0.0,0.3280422702134736,0.0778245357344178,0.0046188926638995,0.5895143013882089,0.0,2.708409937458269,0.492438170446958,0.0,107.27392649490008,0.984876340893916,0.246219085223479,1.7585926693925686,63.03160351577933,15.019364198632218,"8a75582429affff,8a75582429a7fff,8a755824665ffff,8a755824664ffff,8a7558242937fff,8a7558242927fff,8a75582462d7fff,8a75582462c7fff,8a75582462e7fff,8a7558246277fff,8a755824634ffff,8a7558240cb7fff,8a7558240c17fff,8a7558240c37fff,8a7558240c27fff,8a7558240d57fff,8a7558240d77fff,8a7558240d67fff,8a7558240d47fff,8a7558240997fff,8a75582446c7fff,8a755824461ffff,8a7558244617fff,8a7558244637fff,8a755824471ffff,8a7558244627fff,8a7558244707fff,8a7558244717fff,8a755824409ffff,8a7558244097fff,8a7558244467fff,8a7558244477fff",2,2
-174375407#3,-1020092143,"174375407#3,174375407#4,174375402,174375403,561133137,563273548,-57680132#1,-57680132#0,57680179#0,57680179#1,57680179#2,57680179#3,-979838980#6,-979838980#5,-979838980#4,-979838980#3,-979838980#2,-979838980#1,-979838980#0,-563298888,213840999,979842179,226068307,979842178#0,979842178#1,870315479#0,870315479#1,41231514#0,41231514#1,41231514#2,41231514#3,41231514#4,41231514#5,41231719,41231718#0,41231720,41231514#7,41231514#8,1020078536,-79116557#3,1020078538,1020078537#1,1157449878#0,1157449878#1,-1157449879,1020092137#1,1020092138,41273128#1,-1020092143",4.955931539749194,3701.656062103086,41.82832653061225,15.23174465465102,39.99600000000001,0.3907014102907964,0.0,0.0,0.0,0.3507442316889644,0.0853883774404171,0.0,0.5638673908706184,0.0,2.431344200813372,0.2701493556459302,0.0,108.64074559116536,0.5402987112918605,0.2701493556459302,1.6028136632169585,75.51639044205764,13.23731842665058,"8a75582429affff,8a75582429a7fff,8a755824665ffff,8a755824664ffff,8a7558242937fff,8a7558242927fff,8a75582462d7fff,8a75582462c7fff,8a75582462e7fff,8a7558246277fff,8a755824634ffff,8a7558240cb7fff,8a7558240c17fff,8a7558240c37fff,8a7558240c27fff,8a7558240d1ffff,8a7558240daffff,8a7558240da7fff,8a7558246a5ffff,8a7558246a4ffff,8a7558246a67fff,8a7558246a6ffff,8a755824469ffff,8a75582446b7fff,8a7558244787fff,8a7558244797fff,8a75582447a7fff,8a75582447b7fff,8a7558244467fff,8a7558244477fff",3,3
-174375407#3,-1020092143,"174375407#3,174375407#4,174375402,174375403,561133137,563273548,-57680132#1,-57680132#0,57680179#0,57680179#1,57680179#2,57680179#3,-979838980#6,-979838980#5,-979838980#4,-979838980#3,-979838980#2,-979838980#1,-979838980#0,-563298888,213840999,979842179,226068307,979842178#0,979842178#1,870315479#0,870315479#1,41231514#0,41231514#1,41231514#2,41231514#3,41231514#4,41231514#5,41231514#6,41231514#7,41231514#8,1020078536,-79116557#3,-79116557#2,23881170,41231753#0,41231753#1,41231753#2,79119286#0,41231755,-41231756#3,-41231756#2,-41231756#1,-41231756#0,1020092136,41231515#3,41273134,-1020078548,-41231515#5,-1020092139#1,-1020092139#0,-1020092142,-1020092143",5.466528435094807,4012.946990669662,39.30082758620689,14.614469518360409,39.99600000000001,0.3465496462129708,0.0,0.0,0.0,0.323536422110197,0.0787646599171051,0.0,0.5976989179726978,0.0,2.242740813901985,0.2491934237668872,0.0,105.81897830136106,0.4983868475337745,0.2491934237668872,1.737602348381439,65.3803872608232,14.45321857847946,"8a75582429affff,8a75582429a7fff,8a755824665ffff,8a755824664ffff,8a7558242937fff,8a7558242927fff,8a75582462d7fff,8a75582462c7fff,8a75582462e7fff,8a7558246277fff,8a755824634ffff,8a7558240cb7fff,8a7558240c17fff,8a7558240c37fff,8a7558240c27fff,8a7558240d1ffff,8a7558240daffff,8a7558240da7fff,8a7558246a5ffff,8a7558246a4ffff,8a7558246a6ffff,8a755824469ffff,8a7558240d27fff,8a7558244687fff,8a75582446a7fff,8a755824478ffff,8a75582447affff,8a75582447a7fff,8a755824446ffff,8a7558244737fff,8a755824409ffff,8a7558244097fff,8a7558244467fff,8a7558244477fff",4,4
-174375407#3,-1163710302,"174375407#3,174375407#4,174375402,174375403,561133137,563273548,174375408#0,174375408#1,-174375409,57680120#0,57680120#1,1238123694,563272697,563271328,1238123691,-22561498,-22561652#6,-22561652#5,-22561652#4,-22561652#3,-22561652#2,-22561652#1,-22561652#0,-174907151#4,-174907151#1,-57392486,1163710302",1.728006314686686,1074.8414062514485,38.88666666666667,12.814257588267123,39.99600000000001,0.300181553785544,0.0,0.0,0.406908744918863,0.1283574109640346,0.2940698070869843,0.0,0.170664037030118,1.8607396294631768,25.119984997752887,1.8607396294631768,1.8607396294631768,117.38877887582402,2.791109444194765,1.8607396294631768,1.5554157757291909,48.49405064261783,25.119984997752887,"8a75582429affff,8a75582429a7fff,8a755824665ffff,8a755824664ffff,8a7558246647fff,8a75582466effff,8a75582466c7fff,8a75582466f7fff,8a75582466affff,8a7558246687fff",1,1
-174375407#3,-1163710302,"174375407#3,174375407#4,174375402,174375403,563272698,563272697,563271328,1238123691,-22561498,-22561652#6,-22561652#5,-22561652#4,-22561652#3,-22561652#2,-22561652#1,-22561652#0,-174907151#4,-174907151#1,-57392486,1163710302",1.6762424557953972,967.3725611846507,34.99560000000001,12.77613201658715,39.99600000000001,0.222436243251816,0.0,0.0,0.4521136790038843,0.0721685382016238,0.3525206182681513,0.0,0.1231971645263405,2.0674557872003176,11.371006829601749,1.0337278936001588,2.0674557872003176,115.15671603406813,2.0674557872003176,1.0337278936001588,1.399896332540576,53.59937065298407,20.674557872003177,"8a75582429affff,8a75582429a7fff,8a755824665ffff,8a75582466effff,8a75582466c7fff,8a75582466f7fff,8a75582466affff,8a7558246687fff",2,2
-174375407#3,-1163710302,"174375407#3,174375407#4,174375402,174375403,561133137,563273548,174375406,1238123693,1238123694,563272697,563271328,1238123691,-22561498,-22561652#6,-22561652#5,-22561652#4,-22561652#3,-22561652#2,-22561652#1,-22561652#0,-174907151#4,-174907151#1,-57392486,1163710302",1.73184600751126,1063.296121269782,37.497,12.941677990793597,39.99600000000001,0.2925829147654709,0.0,0.0,0.4113269660781862,0.1793270832902821,0.2972628213935431,0.0,0.1120831292379885,1.880943567829074,10.345189623059907,0.940471783914537,1.880943567829074,102.8153951721225,1.880943567829074,0.940471783914537,1.5387084565923137,49.9345988780756,22.57132281394889,"8a75582429affff,8a75582429a7fff,8a755824665ffff,8a755824664ffff,8a75582466effff,8a75582466c7fff,8a75582466f7fff,8a75582466affff,8a7558246687fff",3,3
-174375407#3,-561133140#1,"174375407#3,174375407#4,174375402,174375403,561133137,563273548,-57680132#1,-57680132#0,57680179#0,57680179#1,57680179#2,57680179#3,-979838980#6,-979838980#5,-979838980#4,-979838980#3,-979838980#2,-979838980#1,-979838980#0,-563298888,-145622122#2,213840998,979842179,226068307,979842178#0,979842178#1,979842178#2,979842178#3,41231717,979842178#5,79116530#0,79116530#1,79116549#0,-41231508#0,79119287#0,79119287#1,41231357#0,79119291#0,79119291#1,79119291#2,41231511#0,41231511#1,41231511#2,41231511#3,79119286#2,79119286#3,79119284#4,79119284#5,79119284#1,-561133140#1",4.134597947694842,3237.367224698195,41.19048,15.73294009426706,39.99600000000001,0.4301800333486037,0.0,0.0,0.0,0.4115438629325104,0.0976343995126882,0.0057946097255541,0.4850271278292472,0.0,3.39782274808984,0.6177859541981527,0.0,95.09636135923324,1.2355719083963057,0.3088929770990763,1.5308791089379084,63.187086767889845,15.44464885495382,"8a75582429affff,8a75582429a7fff,8a755824665ffff,8a755824664ffff,8a7558242937fff,8a7558242927fff,8a75582462d7fff,8a75582462c7fff,8a75582462e7fff,8a7558246277fff,8a755824634ffff,8a7558240cb7fff,8a7558240c17fff,8a7558240c37fff,8a7558240c27fff,8a7558240d57fff,8a7558240d77fff,8a7558240d67fff,8a7558240d47fff,8a7558240997fff,8a75582446cffff,8a75582446c7fff,8a75582446e7fff,8a755824461ffff,8a7558244617fff,8a7558244637fff,8a755824471ffff,8a7558244627fff",0,0
-174375407#3,-561133140#1,"174375407#3,174375407#4,174375402,174375403,561133137,563273548,-57680132#1,-57680132#0,57680179#0,57680179#1,57680179#2,57680179#3,-979838980#6,-979838980#5,-979838980#4,-979838980#3,-979838980#2,-979838980#1,-979838980#0,-563298888,213840999,979842179,226068307,979842178#0,979842178#1,870315479#0,870315479#1,41231514#0,41231514#1,41231514#2,41231514#3,41231514#4,41231514#5,41231514#6,41231514#7,41231514#8,1020078536,-79116557#3,-79116557#2,-79116557#1,-79116557#0,79116530#3,79116530#0,79116530#1,79116549#0,41231508#1,79119292,41231358#0,41231358#1,79119291#0,79119291#1,79116549#4,79116549#5,79116549#6,79119284#1,-561133140#1",5.11582815498276,3770.477604695872,39.633428571428574,14.767632033799948,39.99600000000001,0.3688353322019402,0.0,0.0,0.0,0.3443421888681047,0.083829805696714,0.007608405500007,0.5642195999351741,0.0,2.9174022904420007,0.5304367800803638,0.0,97.28352454877552,1.0608735601607275,0.2652183900401819,1.7829751755410643,62.28873254491058,14.852229842250184,"8a75582429affff,8a75582429a7fff,8a755824665ffff,8a755824664ffff,8a7558242937fff,8a7558242927fff,8a75582462d7fff,8a75582462c7fff,8a75582462e7fff,8a7558246277fff,8a755824634ffff,8a7558240cb7fff,8a7558240c17fff,8a7558240c37fff,8a7558240c27fff,8a7558240d1ffff,8a7558240daffff,8a7558240da7fff,8a7558246a5ffff,8a7558246a4ffff,8a7558246a6ffff,8a755824469ffff,8a7558240d27fff,8a7558240d77fff,8a7558240d57fff,8a7558240d67fff,8a75582446dffff,8a75582446c7fff,8a75582446e7fff,8a755824461ffff,8a755824460ffff,8a7558244627fff,8a755824471ffff",2,2
-174375407#3,-561133140#1,"174375407#3,174375407#4,174375402,174375403,561133137,563273548,-57680132#1,-57680132#0,57680179#0,57680179#1,57680179#2,57680179#3,-979838980#6,-979838980#5,-979838980#4,-979838980#3,-979838980#2,-979838980#1,-979838980#0,-563298888,-145622122#2,213840998,979842179,226068307,979842178#0,979842178#1,979842178#2,870315481#0,870315481#1,870315479#1,41231514#0,41231514#1,41231514#2,41231514#3,41231514#4,41231514#5,41231711#0,41231710,79119289#2,1020078536,-79116557#3,-79116557#2,23881170,41231753#0,41231753#1,41231753#2,79119286#0,79119286#1,79119286#2,79119286#3,79119284#4,79119284#5,79119284#1,-561133140#1",4.313258814489364,3377.781249529,40.73133333333331,15.40125304875218,39.99600000000001,0.4217767097827561,0.0,0.0,0.0,0.3944360261841038,0.0935757474020973,0.0,0.511988226413799,0.0,2.664470945611107,0.296052327290123,0.0,99.4348091996143,0.592104654580246,0.296052327290123,1.5972777848667437,63.84616979827064,15.98682567366664,"8a75582429affff,8a75582429a7fff,8a755824665ffff,8a755824664ffff,8a7558242937fff,8a7558242927fff,8a75582462d7fff,8a75582462c7fff,8a75582462e7fff,8a7558246277fff,8a755824634ffff,8a7558240cb7fff,8a7558240c17fff,8a7558240c37fff,8a7558240c27fff,8a7558240d1ffff,8a7558240daffff,8a7558240da7fff,8a7558246a5ffff,8a7558246a4ffff,8a7558240d37fff,8a755824469ffff,8a7558240d27fff,8a7558244687fff,8a75582446a7fff,8a755824478ffff,8a75582447affff,8a7558244637fff,8a755824471ffff,8a7558244627fff",3,3
-174375407#3,-561133140#1,"174375407#3,174375407#4,174375402,174375403,561133137,563273548,-57680132#1,-57680132#0,57680179#0,57680179#1,57680179#2,57680179#3,-979838980#6,-979838980#5,-979838980#4,-979838980#3,-979838980#2,-979838980#1,-979838980#0,-563298888,213840999,979842179,226068307,979842178#0,979842178#1,979842178#2,979842178#3,41231717,979842178#5,79116530#0,79116530#1,79116530#2,79116557#0,79116557#1,23881170,41231753#0,41231753#1,41231753#2,79119286#0,41231755,-41231756#3,-41231756#2,-41231756#1,-41231756#0,1020092136,41231515#3,-1020092140,1020092139#0,1020092139#1,41231515#5,41231515#6,-41231513#4,-41231513#3,-41231513#2,-41231513#1,-41231513#0,79119284#3,79119284#4,79119284#5,79119284#1,-561133140#1",5.798751922041784,4151.588710891666,38.51468852459015,14.357851068945966,39.99600000000001,0.3272642675835499,0.0,0.0,0.0,0.3127319688660325,0.0761343251936871,0.0068107764592658,0.6043229294810143,0.0,2.64958808928774,0.4817432889614073,0.0,85.59806129775814,0.9634865779228146,0.2408716444807036,1.963194159105325,72.09455812417808,14.693170313322922,"8a75582429affff,8a75582429a7fff,8a755824665ffff,8a755824664ffff,8a7558242937fff,8a7558242927fff,8a75582462d7fff,8a75582462c7fff,8a75582462e7fff,8a7558246277fff,8a755824634ffff,8a7558240cb7fff,8a7558240c17fff,8a7558240c37fff,8a7558240c27fff,8a7558240d57fff,8a7558240d77fff,8a7558240d27fff,8a7558244687fff,8a75582446a7fff,8a755824478ffff,8a75582447affff,8a75582447a7fff,8a755824446ffff,8a7558244467fff,8a7558244097fff,8a755824409ffff,8a7558244707fff,8a7558244717fff,8a755824471ffff,8a7558244627fff",4,4
-174375415#1,-79116549#5,"-174375415#1,39761731#2,39353757#10,39353757#11,39353757#12,39353757#13,39353757#14,39353757#15,39353757#16,39389916#0,39389916#1,1123308756,-39353757#3,-39353757#2,-39353757#1,-39353757#0,57680128,174375407#0,174375407#1,174375407#2,174375407#3,174375407#4,174375402,174375403,561133137,563273548,-57680132#1,-57680132#0,57680179#0,57680179#1,57680179#2,57680179#3,-979838980#6,-979838980#5,-979838980#4,-979838980#3,-979838980#2,-979838980#1,-979838980#0,-563298888,213840999,979842179,226068307,979842178#0,979842178#1,979842178#2,979842178#3,979842178#4,979842178#5,79116530#0,79116530#1,79116549#0,41231508#1,79119292,41231358#0,79116549#3,79116549#4,79116549#5",6.29290958510701,4487.463113028959,38.95572413793103,14.59360486446406,39.99600000000001,0.3027694277493501,0.0,0.0,0.0,0.2893248320436424,0.1728459597735717,0.0041803752215724,0.5336488329612133,0.0,4.011175032890759,0.4456861147656398,0.0,95.34289630003212,1.1142152869140998,0.2228430573828199,3.1673835240877186,79.05647219023923,12.924897328203556,"8a755824625ffff,8a755824624ffff,8a7558240517fff,8a755824051ffff,8a7558240437fff,8a7558240407fff,8a755824040ffff,8a7558240417fff,8a7558240597fff,8a755824296ffff,8a755824291ffff,8a75582429affff,8a75582429a7fff,8a755824665ffff,8a755824664ffff,8a7558242937fff,8a7558242927fff,8a75582462d7fff,8a75582462c7fff,8a75582462e7fff,8a7558246277fff,8a755824634ffff,8a7558240cb7fff,8a7558240c17fff,8a7558240c37fff,8a7558240c27fff,8a7558240d57fff,8a7558240d77fff,8a7558240d67fff,8a75582446dffff,8a75582446c7fff,8a755824461ffff,8a755824460ffff,8a7558244627fff",0,0
-174375415#1,-79116549#5,"-174375415#1,39761731#2,-39353757#9,-39353757#8,-39353757#7,-39353757#6,57680106,39353757#15,-57680150#1,-57680150#0,-39353757#4,-39353757#3,-39353757#2,-39353757#1,-39353757#0,57680128,174375407#0,174375407#1,174375407#2,174375407#3,174375407#4,174375402,174375403,561133137,563273548,-57680132#1,-57680132#0,57680179#0,57680179#1,57680179#2,57680179#3,-979838980#6,-979838980#5,-979838980#4,-979838980#3,-979838980#2,-979838980#1,-979838980#0,-563298888,213840999,979842179,226068307,979842178#0,979842178#1,979842178#2,979842178#3,41231717,979842178#5,79116530#0,79116530#1,79116530#2,79116557#0,79116557#1,23881170,1020078542,1157449878#1,41231515#0,41231515#1,1020092135,41231756#0,41231756#1,41231756#2,41231756#3,-41231755,79119286#1,79119286#2,79119286#3,79119284#4,79119284#5,-79116549#6,-79116549#5",7.647438408875537,5334.059944634721,37.87757746478872,13.724689685445377,39.99600000000001,0.2801131950918026,0.0,0.0,0.0,0.24340455955788,0.1454126644189985,0.0053009420505548,0.6058818339725663,0.0,3.374540253921471,0.3749489171023856,0.0,94.27243578554022,0.937372292755964,0.1874744585511928,4.079633616582199,90.03542863615658,13.31068655713469,"8a755824625ffff,8a75582405b7fff,8a7558240437fff,8a7558240407fff,8a7558240597fff,8a755824296ffff,8a755824291ffff,8a75582429affff,8a75582429a7fff,8a755824665ffff,8a755824664ffff,8a7558242937fff,8a7558242927fff,8a75582462d7fff,8a75582462c7fff,8a75582462e7fff,8a7558246277fff,8a755824634ffff,8a7558240cb7fff,8a7558240c17fff,8a7558240c37fff,8a7558240c27fff,8a7558240d57fff,8a7558240d77fff,8a7558240d27fff,8a7558244687fff,8a75582446b7fff,8a7558244787fff,8a75582447a7fff,8a75582447affff,8a7558244637fff,8a755824471ffff,8a7558244627fff,8a755824460ffff",2,2
-174375415#1,-79116549#5,"-174375415#1,-174375415#0,39353757#9,39353757#10,39353757#11,39353757#12,174375412,49188792#1,-39353757#7,-39353757#6,-39353757#5,57680150#0,57680150#1,39353757#16,39353757#17,39353757#18,39353757#19,174907149,563297843,174375407#0,174375407#1,174375407#2,174375407#3,174375407#4,174375402,174375403,561133137,563273548,-57680132#1,-57680132#0,57680179#0,57680179#1,57680179#2,57680179#3,-979838980#6,-979838980#5,-979838980#4,-979838980#3,-979838980#2,-979838980#1,-979838980#0,-563298888,-145622122#2,213840998,979842179,226068307,979842178#0,979842178#1,979842178#2,979842178#3,979842178#4,979842178#5,79116530#0,79116530#1,79116549#0,79116549#1,79116549#2,79116549#3,79116549#4,79116549#5",7.403415496312561,5107.72829183038,39.657,14.95461455906402,39.99600000000001,0.2778454444658712,0.0,0.0,0.0,0.2608436739899398,0.2355611775292077,0.0036727246504931,0.4999224238303593,0.0,3.524071558150484,0.3915635064611649,0.0,99.07357081617688,0.9789087661529124,0.1957817532305824,3.6051849407047927,95.72623944433263,11.746905193834948,"8a755824625ffff,8a755824624ffff,8a7558240517fff,8a755824051ffff,8a75582405b7fff,8a7558240407fff,8a755824040ffff,8a75582404e7fff,8a75582404f7fff,8a755824296ffff,8a755824291ffff,8a75582429affff,8a75582429a7fff,8a755824665ffff,8a755824664ffff,8a7558242937fff,8a7558242927fff,8a75582462d7fff,8a75582462c7fff,8a75582462e7fff,8a7558246277fff,8a755824634ffff,8a7558240cb7fff,8a7558240c17fff,8a7558240c37fff,8a7558240c27fff,8a7558240d57fff,8a7558240d77fff,8a7558240d67fff,8a75582446c7fff,8a755824461ffff,8a755824460ffff,8a7558244627fff",3,3
-174375415#1,-79116549#5,"-174375415#1,-174375415#0,-39353757#8,-39353757#7,-39353757#6,-39353757#5,57680150#0,57680150#1,39353757#16,39353757#17,39353757#18,174375411#0,174375411#1,57680128,174375407#0,174375407#1,174375407#2,174375407#3,174375407#4,174375402,174375403,561133137,563273548,-57680132#1,-57680132#0,57680179#0,57680179#1,57680179#2,57680179#3,-979838980#6,-979838980#5,-979838980#4,-979838980#3,-979838980#2,-979838980#1,-979838980#0,-563298888,213840999,979842179,226068307,979842178#0,979842178#1,870315479#0,870315479#1,41231514#0,41231514#1,41231514#2,41231514#3,41231514#4,41231514#5,41231711#0,41231710,79119289#2,1020078536,-79116557#3,-79116557#2,-79116557#1,-79116557#0,79116530#3,79116530#0,79116530#1,79116549#0,79116549#1,79116549#2,79116549#3,79116549#4,79116549#5",8.069489619568598,5476.105859808658,38.049850746268646,13.953343595444691,39.99600000000001,0.2539551636674477,0.0,0.0,0.0,0.2370908351148109,0.1416407733116927,0.0052386354974926,0.6160297560760035,0.0,3.287007311547652,0.3652230346164057,0.0,105.99060683844051,0.9130575865410144,0.1826115173082028,3.865196668950585,85.01544041944479,12.234971659649592,"8a755824625ffff,8a75582405b7fff,8a7558240407fff,8a755824040ffff,8a75582404e7fff,8a75582404f7fff,8a75582404affff,8a755824296ffff,8a755824291ffff,8a75582429affff,8a75582429a7fff,8a755824665ffff,8a755824664ffff,8a7558242937fff,8a7558242927fff,8a75582462d7fff,8a75582462c7fff,8a75582462e7fff,8a7558246277fff,8a755824634ffff,8a7558240cb7fff,8a7558240c17fff,8a7558240c37fff,8a7558240c27fff,8a7558240d1ffff,8a7558240daffff,8a7558240da7fff,8a7558246a5ffff,8a7558246a4ffff,8a7558240d37fff,8a755824469ffff,8a7558240d27fff,8a7558240d77fff,8a7558240d57fff,8a7558240d67fff,8a75582446c7fff,8a755824461ffff,8a755824460ffff,8a7558244627fff",4,4
-174897323#0,57680129,"-174897323#0,-41231515#6,1020078548,-41273134,41231515#4,-1020092139#1,-1020092139#0,-1020092142,-1020092143,41273131,-1020092138,-1020092137#1,1157449879,41231515#0,41231515#1,1020092135,41231756#0,41231756#1,41231756#2,41231756#3,-41231755,79119286#1,79119286#2,79119286#3,79119284#4,79119284#5,79119284#1,79119284#2,41231513#0,41231513#1,41273135,41273137#1,41273137#2,41273137#3,-41273141#1,41273140#1,57680129",4.924094072474202,2922.053194405737,30.528972972972984,3.290610129904033,20.016000000000005,0.0072025862342411,0.0,0.0,0.0,0.0,0.0,0.0,1.0,0.0,0.0,0.0,0.0,102.31067782267414,0.0,0.0,15.64415730145466,71.4522855607646,12.662329375398231,"8a7558244087fff,8a755824409ffff,8a7558244737fff,8a755824446ffff,8a7558244097fff,8a7558244467fff,8a7558244477fff,8a75582447b7fff,8a75582447a7fff,8a7558244797fff,8a7558244787fff,8a75582447affff,8a7558244637fff,8a755824471ffff,8a7558244627fff,8a7558244707fff,8a755824408ffff,8a75582440affff,8a7558244017fff,8a755824418ffff",1,1
-174897323#0,57680129,"-174897323#0,-41231513#4,-41231513#3,-41231513#2,41273135,41273137#1,41273137#2,41273137#3,-41273141#1,41273140#1,57680129",1.963905562224889,1156.577045932694,29.988,0.0,0.0,0.0,0.0,0.0,0.0,0.0,0.0,0.0,1.0,0.0,0.0,0.0,0.0,101.17409033917876,0.0,0.0,6.192109463463262,53.12884013341675,9.510823372021283,"8a7558244087fff,8a755824409ffff,8a7558244707fff,8a7558244717fff,8a755824471ffff,8a755824408ffff,8a75582440affff,8a7558244017fff,8a755824418ffff",2,2
-174897323#0,57680129,"-174897323#0,-41231515#6,1020078548,-41273134,-41231515#3,-41231515#2,1020092135,41231756#0,41231756#1,41231756#2,41231756#3,-41231755,79119286#1,79119286#2,79119286#3,79119284#4,79119284#5,79119284#1,79119284#2,41231513#0,41231513#1,41273135,41273137#1,41273137#2,41273139,41273140#0,41273140#1,57680129",3.0255946727142984,1865.316519645966,30.70285714285715,3.782668445876346,20.016000000000005,0.0112829859662325,0.0,0.0,0.0,0.0,0.0,0.0,1.0,0.0,0.0,0.0,0.0,101.1042834841683,0.0,0.0,9.986575571660012,56.840680098329045,15.010857248674531,"8a7558244087fff,8a755824409ffff,8a7558244737fff,8a755824446ffff,8a75582447a7fff,8a75582447affff,8a7558244637fff,8a755824471ffff,8a7558244627fff,8a7558244707fff,8a755824408ffff,8a75582440affff,8a7558244017fff,8a755824418ffff",3,3
-174897323#1,-1157449877,"174897323#1,1020078543,41273142#1,-41273141#3,-174897323#0,-41231515#6,1020078548,-41273134,-41231515#3,-41231515#2,1020092135,41231756#0,41231756#1,41231756#2,41231756#3,-41231755,79119286#1,-41231511#3,-41231511#2,-41231511#1,-41231511#0,79119293#0,79119293#1,79119293#2,-41231509,-41231508#2,-41231508#1,-79116549#0,79116530#2,79116557#0,79116557#1,23881170,41231753#0,41231753#1,41231753#2,1157449877",5.201656342882725,3048.060843745881,31.100000000000005,4.649930653860797,20.016000000000005,0.0118015801717584,0.0,0.0,0.0,0.0,0.0,0.003122071225971,0.9968779287740288,0.0,0.656154880931485,0.3280774404657425,0.0,96.97740463512427,0.656154880931485,0.0,5.745488910027319,72.1661566928327,11.81078785676673,"8a7558244087fff,8a75582440a7fff,8a755824418ffff,8a755824409ffff,8a7558244737fff,8a755824446ffff,8a75582447a7fff,8a75582447affff,8a7558244637fff,8a7558244617fff,8a755824461ffff,8a755824468ffff,8a75582446d7fff,8a7558240d27fff,8a7558240d77fff,8a7558240d67fff,8a7558244687fff,8a75582446a7fff,8a755824478ffff,8a7558244787fff",1,1
-174897323#1,-1157449877,"-174897323#1,-174897323#0,-41231515#6,-41231515#5,-1020092139#1,-1020092139#0,1020092140,-41231515#3,-41231515#2,-41231515#1,41273130,-1020092137#1,1157449879,-1157449878#1,-1157449878#0,1020078539,-79116557#4,-79116557#3,-79116557#2,23881170,41231753#0,41231753#1,41231753#2,1157449877",4.061344537815127,2338.910471844056,29.988,0.0,0.0,0.0,0.0,0.0,0.0,0.0,0.0,0.0,1.0,0.0,0.0,0.0,0.0,99.94517808698714,0.0,0.0,3.383669551447712,82.57523202267863,10.261187971456554,"8a75582440a7fff,8a7558244087fff,8a755824409ffff,8a7558244097fff,8a7558244467fff,8a755824446ffff,8a75582447a7fff,8a7558244797fff,8a7558244787fff,8a75582446b7fff,8a755824469ffff,8a7558240d27fff,8a7558244687fff,8a75582446a7fff,8a755824478ffff",2,2
-174897323#1,-1157449877,"174897323#1,174897323#2,41273142#0,41273142#1,-41273141#3,-174897323#0,-41231515#6,1020078548,-41273134,-1020092140,-1020092142,-1020092143,41273131,-1020092138,-41273130,41231515#1,1020092135,41231756#0,41231756#1,41231756#2,41231756#3,-41231755,-79119286#0,1157449877",3.026054856787928,1825.1593541386285,30.822000000000003,4.085748890962343,20.016000000000005,0.0115312342815566,0.0,0.0,0.0,0.0,0.0,0.0,1.0,0.0,0.0,0.0,0.0,99.05338101513888,0.0,0.0,3.440362041903641,77.29213321073136,13.149536748985208,"8a7558244087fff,8a75582440a7fff,8a755824418ffff,8a755824409ffff,8a7558244737fff,8a755824446ffff,8a7558244467fff,8a7558244477fff,8a75582447b7fff,8a75582447a7fff,8a75582447affff,8a755824478ffff,8a7558244787fff",3,3
-174897323#1,-1157449877,"174897323#1,174897323#2,41273142#0,41273142#1,-41273141#3,-174897323#0,-41231515#6,1020078548,-41273134,41231515#4,-1020092139#1,-1020092139#0,-1020092142,-1020092143,41273131,-1020092138,-41273130,-41231515#0,-1157449878#1,-1157449878#0,1020078539,1020078540,1020078536,-79116557#3,-79116557#2,23881170,41231753#0,41231753#1,41231753#2,1157449877",5.448468789963789,3145.829746402396,30.65520000000001,3.65440490367447,20.016000000000005,0.0101781481170425,0.0,0.0,0.0,0.0,0.0,0.0,1.0,0.0,0.0,0.0,0.0,104.373385629962,0.0,0.0,5.929779898545847,85.9342339043427,9.536434714659404,"8a7558244087fff,8a75582440a7fff,8a755824418ffff,8a755824409ffff,8a7558244737fff,8a755824446ffff,8a7558244097fff,8a7558244467fff,8a7558244477fff,8a75582447b7fff,8a75582447a7fff,8a7558244787fff,8a75582446b7fff,8a755824469ffff,8a7558240d27fff,8a7558244687fff,8a75582446a7fff,8a755824478ffff",4,4
-174897323#2,79119284#5,"174897323#2,41273142#0,41273142#1,-41273141#3,-174897323#0,-41231515#6,1020078548,-41273134,-41231515#3,-41231515#2,1020092135,41231756#0,41231756#1,41231756#2,41231756#3,-41231755,79119286#1,79119286#2,79119286#3,79119284#4,79119284#5",1.975034448624662,1231.7423585789988,30.941142857142864,4.367849290963624,20.016000000000005,0.017086641510021,0.0,0.0,0.0,0.0,0.0,0.0,1.0,0.0,0.0,0.0,0.0,74.54504042851661,0.0,0.0,1.8538876301376768,59.34103352535542,17.049019913731534,"8a75582440a7fff,8a755824418ffff,8a7558244087fff,8a755824409ffff,8a7558244737fff,8a755824446ffff,8a75582447a7fff,8a75582447affff,8a7558244637fff,8a755824471ffff,8a7558244627fff",0,0
-174897323#2,79119284#5,"-174897323#2,-174897323#1,-174897323#0,-41231515#6,1020078548,-41273134,-1020092140,-1020092142,-1020092143,41273131,-1020092138,-41273130,41231515#1,1020092135,41231756#0,41231756#1,41231756#2,41231756#3,-41231755,79119286#1,-41231511#3,-41231511#2,-41231511#1,-41231511#0,79119293#0,79119288,41231358#0,79116549#3,79116549#4,79116549#5,79116549#6,79119284#1,79119284#2,79119284#3,79119284#4,79119284#5",4.843201715531427,2822.1636541168755,30.544000000000008,3.336000000000001,20.016000000000005,0.0074575193692419,0.0,0.0,0.0,0.0,0.0,0.0,1.0,0.0,0.0,0.0,0.0,91.34296232313356,0.0,0.0,4.141080230180439,75.8095640829161,12.756170233956643,"8a755824418ffff,8a75582440a7fff,8a7558244087fff,8a755824409ffff,8a7558244737fff,8a755824446ffff,8a7558244467fff,8a7558244477fff,8a75582447b7fff,8a75582447a7fff,8a75582447affff,8a7558244637fff,8a7558244617fff,8a755824461ffff,8a755824468ffff,8a75582446dffff,8a75582446c7fff,8a755824460ffff,8a7558244627fff,8a755824471ffff",1,1
-174897323#2,79119284#5,"-174897323#2,-174897323#1,-174897323#0,-41231515#6,-41231515#5,-41231515#4,-41231515#3,-41231515#2,-41231515#1,-41231515#0,-1157449878#1,-1157449878#0,1020078539,-79116557#4,-79116557#3,-79116557#2,23881170,41231753#0,41231753#1,41231753#2,79119286#0,79119286#1,79119286#2,79119286#3,79119284#4,79119284#5",3.7806522609043616,2193.695551393494,29.988000000000003,3.623071274882353e-15,0.0,0.0,0.0,0.0,0.0,0.0,0.0,0.0,1.0,0.0,0.0,0.0,0.0,85.55097709216203,0.0,0.0,3.2189023714689813,82.96132640667153,11.852146020665495,"8a755824418ffff,8a75582440a7fff,8a7558244087fff,8a755824409ffff,8a755824446ffff,8a75582447a7fff,8a7558244787fff,8a75582446b7fff,8a755824469ffff,8a7558240d27fff,8a7558244687fff,8a75582446a7fff,8a755824478ffff,8a75582447affff,8a7558244637fff,8a755824471ffff,8a7558244627fff",2,2
-174897323#2,79119284#5,"-174897323#2,-174897323#1,-174897323#0,-41231515#6,-41231515#5,-1020092139#1,-1020092139#0,-1020092142,-1020092143,41273131,-1020092138,-1020092137#1,1157449879,41231515#0,41231515#1,1020092135,41231756#0,41231756#1,41231756#2,41231756#3,-41231755,79119286#1,79119286#2,79119286#3,79119284#4,79119284#5",3.32435417651582,1931.9967467218908,30.75784615384616,3.925460560925893,20.016000000000005,0.0108935691270999,0.0,0.0,0.0,0.0,0.0,0.0,1.0,0.0,0.0,0.0,0.0,84.20206262406937,0.0,0.0,2.8349006341117087,81.08217965532047,13.457579596919826,"8a755824418ffff,8a75582440a7fff,8a7558244087fff,8a755824409ffff,8a7558244097fff,8a7558244467fff,8a7558244477fff,8a75582447b7fff,8a75582447a7fff,8a7558244797fff,8a7558244787fff,8a75582447affff,8a7558244637fff,8a755824471ffff,8a7558244627fff",3,3
-174897323#2,79119284#5,"174897323#2,41273142#0,41273142#1,-41273141#3,-174897323#0,-41231515#6,-41231515#5,-1020092139#1,-1020092139#0,1020092140,-41231515#3,-41231515#2,-41231515#1,41273130,-1020092137#1,1157449879,-1157449878#1,-1157449878#0,1020078539,-79116557#4,-79116557#3,-79116557#2,23881170,41231753#0,41231753#1,41231753#2,79119286#0,79119286#1,79119286#2,79119286#3,79119284#4,79119284#5",4.3884953981592645,2577.084707479828,29.988,0.0,0.0,0.0,0.0,0.0,0.0,0.0,0.0,0.0,1.0,0.0,0.0,0.0,0.0,90.83101360957856,0.0,0.0,3.87875388691312,78.95651091602262,12.417131616637198,"8a75582440a7fff,8a755824418ffff,8a7558244087fff,8a755824409ffff,8a7558244097fff,8a7558244467fff,8a755824446ffff,8a75582447a7fff,8a7558244797fff,8a7558244787fff,8a75582446b7fff,8a755824469ffff,8a7558240d27fff,8a7558244687fff,8a75582446a7fff,8a755824478ffff,8a75582447affff,8a7558244637fff,8a755824471ffff,8a7558244627fff",4,4
-174907151#4,-41231512#0,"-174907151#4,-174907151#1,-57392486,1163710302,57392474,57392457#1,22561652#1,22561652#2,22561652#3,22561652#4,22561652#5,22561652#6,125835948,563369678,1238123690,174375405,563272699,561133137,563273548,-57680132#1,-57680132#0,57680179#0,57680179#1,57680179#2,57680179#3,-979838980#6,-979838980#5,-979838980#4,-979838980#3,-979838980#2,-979838980#1,-979838980#0,-563298888,213840999,979842179,226068307,-41231512#1,-41231512#0",3.1435464283013803,2178.8576820805274,43.15263157894737,18.756533363245552,59.97600000000001,0.6699456510055377,0.0,0.0,0.1795853937927005,0.6202081873038401,0.0,0.0,0.2002064189034592,1.3768682666485073,12.391814399836566,1.3768682666485073,0.4589560888828357,73.13827905030591,1.835824355531343,1.3768682666485073,1.4745319792360196,54.34066835900095,17.440331377547757,"8a75582466affff,8a7558246687fff,8a755824668ffff,8a75582466f7fff,8a75582466c7fff,8a75582466effff,8a755824665ffff,8a755824664ffff,8a7558242937fff,8a7558242927fff,8a75582462d7fff,8a75582462c7fff,8a75582462e7fff,8a7558246277fff,8a755824634ffff,8a7558240cb7fff,8a7558240c17fff,8a7558240c37fff,8a7558240d8ffff",1,1
-174907151#4,-41231512#0,"174907151#2,174907151#5,22561652#1,22561652#2,22561652#3,22561652#4,22561652#5,22561652#6,125835948,563369678,1238123690,174375405,563272699,561133137,563273548,-57680132#1,-57680132#0,57680179#0,57680179#1,57680179#2,57680179#3,-979838980#6,-979838980#5,-979838980#4,-979838980#3,-979838980#2,-979838980#1,-979838980#0,-563298888,213840999,979842179,226068307,-41231512#1,-41231512#0",2.027881529248236,1990.6402508045244,47.05200000000001,15.672442705705976,39.99600000000001,0.7332898185294436,0.0,0.0,0.2413462912729613,0.678849617780038,0.0,0.0,0.0798040909470003,0.5023509394004498,4.521158454604049,1.0047018788008997,0.5023509394004498,54.946514561679855,1.0047018788008997,1.0047018788008997,1.3162767330343343,55.92642239267944,17.079931939615296,"8a7558246687fff,8a75582466affff,8a75582466f7fff,8a75582466c7fff,8a75582466effff,8a755824665ffff,8a755824664ffff,8a7558242937fff,8a7558242927fff,8a75582462d7fff,8a75582462c7fff,8a75582462e7fff,8a7558246277fff,8a755824634ffff,8a7558240cb7fff,8a7558240c17fff,8a7558240c37fff,8a7558240d8ffff",3,3
-174907152#1,-1238123695#0,"174907152#1,174907152#2,174907151#0,174907151#2,174907151#5,22561652#1,22561652#2,22561652#3,22561652#4,22561652#5,22561652#6,125835948,563369678,1238123690,174375405,561133138,174375402,174375403,561133137,563273548,174375408#0,174375408#1,1238123695#0",1.0346225603272268,854.9649947859823,38.69060869565219,10.145505954223957,20.016000000000005,0.3155431179159449,0.0,0.0,0.6828049053319434,0.0987810455211902,0.1228454695741679,0.0,0.0955685795726983,1.16963853034746,12.86602383382206,3.5089155910423795,2.33927706069492,68.79084553638029,4.67855412138984,2.33927706069492,1.3200513217020922,27.587319775918623,26.901686197991577,"8a7558246697fff,8a7558246687fff,8a75582466affff,8a75582466f7fff,8a75582466c7fff,8a75582466effff,8a755824665ffff,8a755824664ffff,8a755824666ffff",0,0
-174907152#1,-1238123695#0,"174907152#1,174907152#2,-57392486,1163710302,57392474,57392457#1,22561652#1,22561652#2,22561652#3,22561652#4,22561652#5,22561652#6,125835948,563369678,1238123690,174375405,561133138,174375402,174375403,561133137,563273548,174375408#0,174375408#1,1238123695#0",2.062812469384375,985.361414145452,34.998,14.74537769873193,39.99600000000001,0.2737861624079545,0.0,0.0,0.4432999376716903,0.0857089945441194,0.1065888868248868,0.0,0.3644021809593034,3.044568172584401,29.43082566831588,4.059424230112534,0.0,71.94621667348426,6.089136345168802,2.029712115056267,1.5213811618363966,29.62966959002021,24.356545380675207,"8a7558246697fff,8a7558246687fff,8a755824668ffff,8a75582466f7fff,8a75582466c7fff,8a75582466effff,8a755824665ffff,8a755824664ffff,8a755824666ffff",1,1
-174907152#1,-1238123695#0,"174907152#1,174907152#2,174907151#0,174907151#2,174907151#5,22561652#1,22561652#2,22561652#3,22561652#4,22561652#5,22561652#6,125835948,563369678,1238123690,174375405,563272699,57680153,1238123692#0,1238123692#1,174375409,1238123695#0",0.9282489813780084,762.4807629850571,38.56628571428572,10.149964537587596,20.016000000000005,0.291142476104926,0.0,0.0,0.7656249451350534,0.0695241958754898,0.0,0.0,0.1648508589894567,1.311508497716155,11.803576479445397,2.62301699543231,2.62301699543231,34.17866428697317,1.311508497716155,1.311508497716155,1.1772572504009924,28.638540741212108,27.541678452039257,"8a7558246697fff,8a7558246687fff,8a75582466affff,8a75582466f7fff,8a75582466c7fff,8a75582466effff,8a755824665ffff,8a7558246647fff,8a755824664ffff,8a755824666ffff",2,2
-174907152#1,-1238123695#0,"174907152#1,174907152#2,-57392486,1163710302,57392474,57392457#1,22561652#1,22561652#2,22561652#3,22561652#4,22561652#5,22561652#6,125835948,563369678,1238123690,174375405,563272699,57680153,1238123692#0,1238123692#1,174375409,1238123695#0",1.956438890435156,892.8771823445269,34.54363636363637,15.03326439392531,39.99600000000001,0.2486238216267746,0.0,0.0,0.4892169517959741,0.0593708328147321,0.0,0.0,0.4514122153892939,3.359924589093616,30.239321301842544,3.359924589093616,0.0,42.78698679217965,3.359924589093616,1.1199748630312054,1.378587090535297,30.84030838839267,24.63944698668652,"8a7558246697fff,8a7558246687fff,8a755824668ffff,8a75582466f7fff,8a75582466c7fff,8a75582466effff,8a755824665ffff,8a7558246647fff,8a755824664ffff,8a755824666ffff",4,4
-174907152#1,-22561652#3,"174907152#1,174907152#2,-57392486,1163710302,57392474,57392457#1,22561652#1,22561652#2,22561652#3",1.7148845869282965,575.8150432520573,21.108,10.530384608360704,19.98,0.0,0.0,0.0,0.5183174502610923,0.0,0.0,0.0,0.4816825497389077,3.473337529885477,31.26003776896929,1.7366687649427386,0.0,46.78798266372978,3.473337529885477,0.0,1.3963422625502016,29.585881742087405,15.630018884484649,"8a7558246697fff,8a7558246687fff,8a755824668ffff,8a75582466f7fff,8a75582466c7fff,8a75582466effff",1,1
-174907152#1,-22561652#3,"174907152#1,174907152#2,174907151#0,174907151#2,174907151#5,22561652#1,22561652#2,22561652#3",0.6866946778711485,445.4186238925876,29.988,0.0,0.0,0.0,0.0,0.0,1.0,0.0,0.0,0.0,0.0,0.0,0.0,0.0,4.4901580057916455,19.008278301855693,0.0,0.0,1.0801330329189012,31.441128616961485,17.960632023166582,"8a7558246697fff,8a7558246687fff,8a75582466affff,8a75582466f7fff,8a75582466c7fff,8a75582466effff",3,3
-174907152#1,-57392457#0,"174907152#1,174907152#2,174907151#0,174907151#2,174907151#5,-57392457#1,-57392457#0",0.5966777358425385,368.605388993978,24.27942857142857,9.749241728755846,19.98,0.0,0.0,0.0,0.6649307770286732,0.0,0.0,0.0,0.3350692229713268,2.7129283235095007,24.416354911585508,2.7129283235095007,5.4258566470190015,54.21035861261544,2.7129283235095007,0.0,1.6621162826757818,30.456786081071783,18.990498264566508,"8a7558246697fff,8a7558246687fff,8a75582466affff,8a75582466f7fff,8a755824668ffff",0,0
-174907152#1,-57392457#0,"174907152#1,174907152#2,-57392486,1163710302,57392474,-57392457#0",1.2566422252354177,407.8380874991524,16.667999999999996,10.31762763429656,19.98,0.0,0.0,0.0,0.2406185981065966,0.0,0.0,0.0,0.7593814018934035,2.4519534360607707,22.06758092454693,2.4519534360607707,0.0,58.940962068173,2.4519534360607707,0.0,1.8390244585891449,32.31619646763699,14.711720616364625,"8a7558246697fff,8a7558246687fff,8a755824668ffff",1,1
-174907152#1,57392554#0,"174907152#1,174907152#2,-57392486,1163710302,57392474,57392457#1,22561652#1,22561652#2,57392554#0",1.7148845869282965,860.8460566932907,21.108,10.530384608360704,19.98,0.0,0.0,0.0,0.3060017508946999,0.0,0.0,0.0,0.3221947246608466,3.484943651276856,32.52614074525066,2.323295767517904,0.0,51.14758404276295,3.484943651276856,0.0,1.4276224330231415,88.5423212500476,10.454830953830568,"8a7558246697fff,8a7558246687fff,8a755824668ffff,8a75582466f7fff,8a75582466c7fff,8a7558242d47fff",1,1
-174907152#1,57392554#0,"174907152#1,174907152#2,174907151#0,174907151#2,174907151#5,22561652#1,22561652#2,57392554#0",0.6866946778711485,730.449637333821,29.988,0.0,0.0,0.0,0.0,0.0,0.5618238663914854,0.0,0.0,0.0,0.0,1.3690197775305246,13.690197775305249,1.3690197775305246,2.738039555061049,28.38351425625225,1.3690197775305246,0.0,1.211373718150074,97.2768593467892,10.952158220244195,"8a7558246697fff,8a7558246687fff,8a75582466affff,8a75582466f7fff,8a75582466c7fff,8a7558242d47fff",3,3
-175186741#0,-57680180#1,"-175186741#0,1020078540,1020078536,-79116557#3,-79116557#2,-79116557#1,-79116557#0,79116530#3,79116530#0,-561134628#1,-561134628#0,-1034110351#0,-23881168#1,-23881168#0,1259750653,145622122#0,145622122#1,145622122#2,563298888,979838980#0,979838980#1,979838980#2,979838980#3,979838980#4,979838980#5,979838980#6,57680170#0,57680170#1,57680132#0,57680132#1,174375406,1238123693,1238123694,563272697,563271328,1238123691,-22561498,-22561652#6,-22561652#5,-22561652#4,-22561652#3,-22561652#2,-22561652#1,-22561652#0,-174907151#4,-174907151#1,-57392486,1004094803#0,1004094803#1,1004094802,57392452,-24580169#1,-24580169#0,22561499#0,22561499#1,22561499#2,-57680180#3,-57680180#2,-57680180#1",5.57093258018551,3728.919545370986,40.84047457627118,17.93344494220317,59.97600000000001,0.5503653387702192,0.0,0.0,0.1394100350951224,0.4880315405069892,0.0,0.0051842624119943,0.3673741619858942,1.072696782896678,10.19061943751844,0.8045225871725085,0.536348391448339,83.40994643183718,1.8772193700691864,0.536348391448339,2.119474872488902,63.04380584272448,15.822277547726,"8a7558244697fff,8a755824469ffff,8a7558240d27fff,8a7558240d77fff,8a7558240d57fff,8a7558240d47fff,8a7558240c67fff,8a7558240c07fff,8a7558240c37fff,8a7558240c17fff,8a7558240cb7fff,8a755824634ffff,8a7558246277fff,8a75582462e7fff,8a75582462c7fff,8a75582462d7fff,8a7558242927fff,8a7558242937fff,8a755824664ffff,8a755824665ffff,8a75582466effff,8a75582466c7fff,8a75582466f7fff,8a75582466affff,8a7558246687fff,8a7558246697fff,8a7558255a67fff,8a7558255b4ffff,8a75582466b7fff,8a755824679ffff",0,0
-175186741#0,-57680180#1,"-175186741#0,-79116557#4,-79116557#3,-79116557#2,23881170,41231753#0,41231753#1,41231753#2,79119286#0,79119286#1,79119286#2,79119286#3,79119284#4,79119284#5,-79116549#6,-79116549#5,-79116549#4,-79116549#3,-79116549#2,-79116549#1,-79116549#0,79116530#2,79116530#3,79116530#0,-561134628#1,-561134628#0,-1034110351#0,-23881168#1,-23881168#0,1259750653,145622122#0,145622122#1,145622122#2,563298888,979838980#0,979838980#1,979838980#2,979838980#3,979838980#4,979838980#5,979838980#6,57680170#0,57680170#1,57680132#0,57680132#1,174375408#0,174375408#1,-174375409,57680120#0,57680120#1,1238123694,563272697,563271328,1238123691,-22561498,-22561652#6,-22561652#5,-22561652#4,-22561652#3,-22561652#2,-22561652#1,-22561652#0,-174907151#4,-174907151#1,-174907152#2,-174907152#1,-174907152#0,-57680180#3,-57680180#2,-57680180#1",6.212540153028033,4701.634723776486,41.13411428571428,15.08951746286514,39.99600000000001,0.432146423972891,0.0,0.0,0.1230330490259106,0.3625305170429113,0.0,0.0061357298443028,0.508300704086875,0.4253839605798945,7.656911290438101,0.6380759408698418,0.4253839605798945,94.73037482117958,1.0634599014497363,0.0,2.6723549637953243,68.99969666901647,14.888438620296307,"8a7558244697fff,8a755824469ffff,8a7558240d27fff,8a7558244687fff,8a75582446a7fff,8a755824478ffff,8a75582447affff,8a7558244637fff,8a755824471ffff,8a7558244627fff,8a755824460ffff,8a755824461ffff,8a75582446c7fff,8a7558240d67fff,8a7558240d77fff,8a7558240d57fff,8a7558240d47fff,8a7558240c67fff,8a7558240c07fff,8a7558240c37fff,8a7558240c17fff,8a7558240cb7fff,8a755824634ffff,8a7558246277fff,8a75582462e7fff,8a75582462c7fff,8a75582462d7fff,8a7558242927fff,8a7558242937fff,8a755824664ffff,8a7558246647fff,8a755824665ffff,8a75582466effff,8a75582466c7fff,8a75582466f7fff,8a75582466affff,8a7558246687fff,8a7558246697fff,8a75582466b7fff,8a755824679ffff",2,2
-175186741#0,-57680180#1,"-175186741#0,-79116557#4,-79116557#3,-79116557#2,-79116557#1,-79116557#0,79116530#3,79116530#0,79116530#1,79116549#0,-41231508#0,79119287#0,79119290,79116549#2,79116549#3,79116549#4,79116549#5,79116549#6,79119284#1,-561133140#1,-561133140#0,-227385933,-23030922#0,-154901400#5,-154901400#4,-154901400#3,-154901400#2,-154901400#1,-154901400#0,-227218424,-227218423,-57680175,-57680125#0,-57680135,-57680114#3,-57680114#2,-57680114#1,-57680114#0,-1264978471,-57680145#1,-57680145#0,-1116499324#2,-1116499324#1,-1116499324#0,57680087#0,57680087#1,57680087#2,1116499328#0,1116499328#1,1116499329,1116499330#0,1116499330#1,57680180#0,57680180#1",11.17305324289154,8731.324343307262,40.54733333333333,17.31444419585338,50.004000000000005,0.592949373240654,0.0,0.0,0.0,0.0,0.2124559602565508,0.3704146412691507,0.4171293984742982,0.0,2.0615429334952338,0.4581206518878297,0.0,84.73232379631821,0.5726508148597872,0.3435904889158723,4.855839577550355,258.9311943214027,6.184628800485702,"8a7558244697fff,8a755824469ffff,8a7558240d27fff,8a7558240d77fff,8a7558240d57fff,8a7558240d67fff,8a7558240d47fff,8a7558240997fff,8a75582446c7fff,8a755824461ffff,8a755824460ffff,8a7558244627fff,8a755824471ffff,8a7558244767fff,8a75582440c7fff,8a7558244c27fff,8a7558244c87fff,8a7558271257fff,8a75582712e7fff,8a7558246d27fff,8a7558273a0ffff,8a7558273aaffff,8a7558273a87fff,8a7558273337fff,8a75582733affff,8a755827338ffff,8a75582732f7fff,8a7558255967fff,8a75582464affff,8a75582464f7fff,8a75582464c7fff,8a75582464cffff,8a7558246797fff,8a755824679ffff,8a75582466b7fff",3,3
-175186741#0,-57680180#1,"-175186741#0,-79116557#4,1020078537#0,1020078537#1,1157449878#0,1157449878#1,41231515#0,41231515#1,41231515#2,41231515#3,41273134,-1020078548,41231515#6,-41231513#4,-41231513#3,-41231513#2,-41231513#1,-41231513#0,79119284#3,79119284#4,79119284#5,79119284#1,-561133140#1,-561133140#0,-227385933,-23030922#0,-154901400#5,-154901400#4,-154901400#3,-154901400#2,-227218688,-57680127,-57680164,-57680125#1,-57680125#0,-125835961,-125835958,-55682704#2,-55682704#1,-55682704#0,-849128758#0,-55682703,55682343#1,55682342#1,55682342#2,1116499323#0,1116499323#1,1264978470#0,1264978470#1,57680111,57680112#1,57680087#0,57680087#1,57680087#2,1116499328#0,1116499328#1,1116499329,1116499330#0,1116499330#1,57680180#0,57680180#1",12.866303789303435,9689.590702044192,37.85901639344261,15.39839565072912,50.004000000000005,0.5269798785546711,0.0,0.0,0.1769441716292722,0.0,0.1914448148235397,0.249087892115727,0.382523121431461,0.2064070672849023,3.302513076558438,0.3096106009273535,0.0,86.68072828481137,0.5160176682122559,0.3096106009273535,5.38876992438332,252.9693142695174,6.295415552189522,"8a7558244697fff,8a755824469ffff,8a75582446b7fff,8a7558244787fff,8a75582447a7fff,8a755824446ffff,8a7558244737fff,8a755824409ffff,8a7558244707fff,8a7558244717fff,8a755824471ffff,8a7558244627fff,8a7558244767fff,8a75582440c7fff,8a7558244c27fff,8a7558244c87fff,8a7558271257fff,8a75582712e7fff,8a7558246d27fff,8a7558246d37fff,8a7558273327fff,8a7558273337fff,8a755827305ffff,8a75582733b7fff,8a75582730d7fff,8a7558273767fff,8a7558273667fff,8a7558255937fff,8a755825595ffff,8a7558255867fff,8a7558255b07fff,8a755824648ffff,8a75582464f7fff,8a75582464c7fff,8a75582464cffff,8a7558246797fff,8a755824679ffff,8a75582466b7fff",4,4
-22561651#1,-174375407#2,"-22561651#1,-22561651#0,-22561497,-174907150#4,-174907150#3,-174907150#2,-174907150#1,-174907150#0,174375405,561133138,-174375407#4,-174375407#3,-174375407#2",2.0346343623486955,1994.6041269172244,46.91907692307695,13.775715555894845,39.99600000000001,0.8129224694238764,0.0,0.0,0.7987408240421509,0.0141816453817255,0.1870775305761235,0.0,0.0,0.5013526175470004,1.002705235094001,1.002705235094001,0.0,129.48280878738012,1.002705235094001,0.0,1.8918938364483588,244.5314154571983,6.517584028111005,"8a7558242a2ffff,8a755824282ffff,8a7558242817fff,8a7558242987fff,8a75582429a7fff,8a755824665ffff,8a75582429affff,8a755824291ffff",1,1
-22561651#1,-174375407#3,"-22561651#1,-22561651#0,-22561497,-174907150#4,-174907150#3,-174907150#2,-174907150#1,-174907150#0,174375405,561133138,-174375407#4,-174375407#3",1.5704887040853903,1921.90123901813,48.33000000000002,13.371252256579822,39.99600000000001,0.8436742114828873,0.0,0.0,0.828956093907128,0.0147181175757592,0.1563257885171126,0.0,0.0,0.5203180994414077,1.0406361988828154,1.0406361988828154,0.0,135.2069887095048,1.0406361988828154,0.0,1.7422480529387123,254.14513191315336,6.243817193296892,"8a7558242a2ffff,8a755824282ffff,8a7558242817fff,8a7558242987fff,8a75582429a7fff,8a755824665ffff,8a75582429affff",1,1
-22561651#1,57680095#0,"-22561651#1,-22561651#0,-22561497,-174907150#4,-174907150#3,-174907150#2,-174907150#1,-174907150#0,174375405,563272699,561133137,563273548,174375408#0,174375408#1,-174375409,57680120#0,57680120#1,1238123694,563272697,563271328,1238123691,-22561498,-22561652#6,-22561652#5,-22561652#4,-22561652#3,-22561652#2,-22561652#1,-22561652#0,-174907151#4,-174907151#1,-57392486,1004094803#0,1004094803#1,1004094802,57392452,-24580169#1,-24580169#0,-22561654#5,-22561654#4,-22561654#3,-22561654#2,-1116499321#1,57680095#0",4.774600340452832,3163.422495312799,38.633727272727285,15.188144664260175,59.97600000000001,0.6033016597748954,0.0,0.0,0.7682881131544326,0.0801679425352872,0.0,0.0,0.1515439443102801,1.58056661966855,14.22509957701695,1.26445329573484,0.94833997180113,138.1170590112821,1.89667994360226,0.63222664786742,1.3451059379727677,140.67251579778693,13.90898625308324,"8a7558242a2ffff,8a755824282ffff,8a7558242817fff,8a7558242987fff,8a75582429a7fff,8a755824665ffff,8a755824664ffff,8a7558246647fff,8a75582466effff,8a75582466c7fff,8a75582466f7fff,8a75582466affff,8a7558246687fff,8a7558246697fff,8a7558255a67fff,8a7558255b4ffff,8a7558255b5ffff,8a7558255b47fff,8a7558255b77fff,8a7558255b2ffff,8a75582464d7fff",0,0
-22561651#1,57680095#0,"-22561651#1,-22561651#0,-22561497,-174907150#4,-174907150#3,-174907150#2,-174907150#1,-174907150#0,174375405,563272699,563272698,563272697,563271328,1238123691,-22561498,-22561652#6,-22561652#5,-22561652#4,-22561652#3,-22561652#2,-22561652#1,-22561652#0,-174907151#4,-174907151#1,-57392486,1004094803#0,1004094803#1,1004094802,57392452,24580169#2,-57099575#2,-57099587#1,32898141,-24580169#0,-22561654#5,-22561654#4,-22561654#3,-22561654#2,-1116499321#1,57680095#0",5.274338217589588,3270.635959067385,36.49680000000001,15.940262821885003,59.97600000000001,0.5794461924205085,0.0,0.0,0.7431031549983895,0.0683882523530443,0.0076255409318325,0.0,0.1808830517167335,1.5287546711330535,14.370293908650703,1.5287546711330535,0.9172528026798322,140.3954607995701,2.751758408039497,0.6115018684532215,1.390693736295818,145.1959572533751,12.23003736906443,"8a7558242a2ffff,8a755824282ffff,8a7558242817fff,8a7558242987fff,8a75582429a7fff,8a755824665ffff,8a75582466effff,8a75582466c7fff,8a75582466f7fff,8a75582466affff,8a7558246687fff,8a7558246697fff,8a7558255a67fff,8a7558255a77fff,8a7558255b5ffff,8a7558255b4ffff,8a7558255b47fff,8a7558255b77fff,8a7558255b2ffff,8a75582464d7fff",1,1
-22561651#1,57680095#0,"-22561651#1,-22561651#0,-22561497,-174907150#4,-174907150#3,-174907150#2,-174907150#1,-174907150#0,174375405,563272699,563272698,563272697,563271328,1238123691,-22561498,-22561652#6,-22561652#5,-22561652#4,-22561652#3,-22561652#2,-22561652#1,-22561652#0,-174907151#4,-174907151#1,-174907152#2,-174907152#1,-174907152#0,-57680180#3,-57680180#2,-57680180#1,57680171#0,57680171#1,57680171#2,-22561499#1,-22561499#0,-22561654#5,-22561654#4,-22561654#3,-22561654#2,-1116499321#1,57680095#0",3.700566062602592,3171.4466699547274,38.28556097560976,11.81614691438961,39.99600000000001,0.5678888483249712,0.0,0.0,0.8275774932428205,0.0387282960542031,0.0078640352414779,0.0,0.1258301754614985,1.5765675795113956,9.774718992970651,1.2612540636091163,0.9459405477068372,140.0242140363051,1.8918810954136749,0.3153135159022791,1.34851786444613,144.8886475701575,12.927854151993444,"8a7558242a2ffff,8a755824282ffff,8a7558242817fff,8a7558242987fff,8a75582429a7fff,8a755824665ffff,8a75582466effff,8a75582466c7fff,8a75582466f7fff,8a75582466affff,8a7558246687fff,8a7558246697fff,8a75582466b7fff,8a755824679ffff,8a7558255b6ffff,8a7558255b4ffff,8a7558255b5ffff,8a7558255b47fff,8a7558255b77fff,8a7558255b2ffff,8a75582464d7fff",2,2
-22561651#1,57680095#0,"-22561651#1,-22561651#0,-22561497,-174907150#4,-174907150#3,-174907150#2,-174907150#1,-174907150#0,-1238123690,-563369678,-22561498,-22561652#6,-22561652#5,-22561652#4,-22561652#3,-22561652#2,-22561652#1,-22561652#0,-174907151#4,-174907151#1,-57392486,1004094803#0,1004094803#1,1004094802,57392452,24580169#2,-57099575#2,-57099575#1,-57099591#1,-57099591#0,32898139#0,32898139#1,32898141,-24580169#0,-22561654#5,-22561654#4,-22561654#3,-22561654#2,-1116499321#1,57680095#0",6.520090557402403,4330.359041466672,36.4968,15.940262821885003,59.97600000000001,0.6823638888552015,0.0,0.0,0.5724002033439882,0.0232886813319205,0.0,0.0,0.404311115324091,0.6927832014095334,9.929892553536646,0.6927832014095334,0.6927832014095334,135.54229998114567,1.3855664028190668,0.2309277338031778,1.8412942529369367,158.17222615887772,9.237109352127112,"8a7558242a2ffff,8a755824282ffff,8a7558242817fff,8a7558242987fff,8a75582429a7fff,8a755824665ffff,8a75582466effff,8a75582466c7fff,8a75582466f7fff,8a75582466affff,8a7558246687fff,8a7558246697fff,8a7558255a67fff,8a7558255a77fff,8a7558255aa7fff,8a755825516ffff,8a7558255a37fff,8a7558255b57fff,8a7558255b5ffff,8a7558255b4ffff,8a7558255b47fff,8a7558255b77fff,8a7558255b2ffff,8a75582464d7fff",3,3
-22561651#1,57680095#0,"-22561651#1,-22561651#0,-22561497,-174907150#4,-174907150#3,-174907150#2,-174907150#1,-174907150#0,-1238123690,-563369678,-22561498,-22561652#6,-22561652#5,-22561652#4,-22561652#3,-22561652#2,-22561652#1,-22561652#0,-174907151#4,-174907151#1,-57392486,1004094803#0,1004094803#1,1004094802,57392452,-24580169#1,-24580169#0,22561499#0,22561499#1,22561499#2,-57680180#3,-57680180#2,-57680180#1,-57680180#0,-563282223,-1116499330#0,-1116499329,-1116499328#1,-1116499328#0,-57680087#2,-57680087#1,-57680087#0,-57680112#1,-57680112#0,1116499322,57680095#0",5.652059387426552,3601.0570638838426,33.47139130434783,13.534285390942456,59.97600000000001,0.4725119787494348,0.0,0.0,0.616735263743655,0.0173922128107236,0.0,0.0,0.3658725234456215,1.388481190744408,12.496330716699672,0.8330887144466449,0.5553924762977632,133.2894126859623,1.6661774288932898,0.8330887144466449,1.5311907425536535,136.155698193454,12.774026954848557,"8a7558242a2ffff,8a755824282ffff,8a7558242817fff,8a7558242987fff,8a75582429a7fff,8a755824665ffff,8a75582466effff,8a75582466c7fff,8a75582466f7fff,8a75582466affff,8a7558246687fff,8a7558246697fff,8a7558255a67fff,8a7558255b4ffff,8a75582466b7fff,8a755824679ffff,8a7558246797fff,8a75582464cffff,8a75582464c7fff,8a75582464f7fff,8a755824648ffff,8a7558255b07fff,8a7558255b2ffff,8a75582464d7fff",4,4
-22561652#0,-79119286#2,"-22561652#0,-174907151#4,-174907151#1,1116499317#0,1116499317#1,1116499317#2,1116499317#3,1116499316#0,1116499316#1,1116499315#1,1116499315#2,628868117#0,628868117#1,563371197#1,563371197#2,57680180#0,57680171#0,57680171#1,57680171#2,-22561499#1,-22561499#0,-22561654#5,-22561654#4,-22561654#3,-22561654#2,-1116499321#1,-1116499322,57680111,57680112#1,1116499324#0,1116499324#1,1116499324#2,57680145#0,57680145#1,1264978471,561133118,57680114#1,57680114#2,57680114#3,57680135,57680125#0,57680175,227218423,227218424,154901400#0,154901400#1,154901400#2,154901400#3,154901400#4,154901400#5,23030923#2,23030922#1,41231752,561133140#1,79119284#2,79119284#3,-79119286#3,-79119286#2",9.812523276782386,7987.033269136692,38.44365517241379,18.04403927680461,59.976000000000006,0.6482047992626563,0.0,0.0,0.0825779905749126,0.0,0.2322541843962106,0.4099639508769245,0.2450326069146368,0.3756088022811336,5.6341320342170045,0.6260146704685561,0.3756088022811336,125.6464418368016,0.8764205386559785,0.0,3.739111408607993,254.76888375935428,7.26177017743525,"8a75582466f7fff,8a75582466affff,8a7558246687fff,8a75582466a7fff,8a755824678ffff,8a755824679ffff,8a7558255b6ffff,8a7558255b4ffff,8a7558255b5ffff,8a7558255b47fff,8a7558255b77fff,8a7558255b2ffff,8a7558255b07fff,8a755824648ffff,8a75582464f7fff,8a75582464affff,8a7558255967fff,8a75582732f7fff,8a755827338ffff,8a75582733affff,8a7558273337fff,8a7558273a87fff,8a7558273aaffff,8a7558273a0ffff,8a7558246d27fff,8a75582712e7fff,8a7558271257fff,8a7558244c87fff,8a7558244c27fff,8a75582440c7fff,8a7558244767fff,8a7558244627fff,8a755824471ffff,8a7558244637fff",0,0
-22561652#0,-79119286#2,"-22561652#0,-174907151#4,-174907151#1,-57392486,1004094803#0,1004094803#1,1004094802,57392452,24580169#2,-57099575#2,-57099587#1,32898141,-24580169#0,-22561654#5,-22561654#4,-22561654#3,-22561654#2,-1116499321#1,-1116499322,57680111,57680112#1,1116499324#0,1116499324#1,1116499324#2,57680145#0,57680145#1,1264978471,561133118,57680114#1,57680114#2,57680114#3,57680135,57680125#0,57680175,227218423,227218424,154901400#0,154901400#1,154901400#2,154901400#3,154901400#4,154901400#5,23030923#2,23030922#1,41231752,561133140#1,79119284#2,79119284#3,-79119286#3,-79119286#2",11.184466030944302,8054.942962405295,39.79512,20.352679062121386,69.98400000000001,0.6544256958588516,0.0,0.0,0.0752890819560363,0.0125200578378029,0.2302960935076333,0.3979572626208066,0.2839375040777209,0.3724421158538119,7.324694945124968,0.6207368597563532,0.3724421158538119,127.24315748386158,1.1173263475614357,0.1241473719512706,3.770903176627403,267.8189355807199,6.207368597563532,"8a75582466f7fff,8a75582466affff,8a7558246687fff,8a7558246697fff,8a7558255a67fff,8a7558255a77fff,8a7558255b5ffff,8a7558255b4ffff,8a7558255b47fff,8a7558255b77fff,8a7558255b2ffff,8a7558255b07fff,8a755824648ffff,8a75582464f7fff,8a75582464affff,8a7558255967fff,8a75582732f7fff,8a755827338ffff,8a75582733affff,8a7558273337fff,8a7558273a87fff,8a7558273aaffff,8a7558273a0ffff,8a7558246d27fff,8a75582712e7fff,8a7558271257fff,8a7558244c87fff,8a7558244c27fff,8a75582440c7fff,8a7558244767fff,8a7558244627fff,8a755824471ffff,8a7558244637fff",1,1
-22561652#0,-79119286#2,"-22561652#0,-174907151#4,-174907151#1,-174907152#2,-174907152#1,-174907152#0,-57680180#3,-57680180#2,-57680180#1,-57680180#0,-563282223,-1116499330#0,-1116499329,-1116499328#1,-1116499328#0,-57680087#2,-57680087#1,-57680087#0,1116499324#0,1116499324#1,1116499324#2,57680145#0,57680145#1,1264978471,561133118,57680114#1,57680114#2,57680114#3,57680135,57680125#0,57680125#1,57680125#2,57680127,227218689,154901400#2,154901400#3,154901400#4,154901400#5,23030923#2,23030922#1,41231752,561133140#1,79119284#2,79119284#3,-79119286#3,-79119286#2",9.25361772728913,7411.422830129649,41.07834782608697,18.28789197160836,50.004000000000005,0.6042869309215488,0.0,0.0,0.0388667241530025,0.0,0.2502922772301594,0.3453225636737622,0.3655184349430757,0.134926858569545,3.373171464238625,0.404780575708635,0.26985371713909,132.1816158135323,0.53970743427818,0.0,3.469640694404029,287.20895512274296,6.20663549419907,"8a75582466f7fff,8a75582466affff,8a7558246687fff,8a7558246697fff,8a75582466b7fff,8a755824679ffff,8a7558246797fff,8a75582464cffff,8a75582464c7fff,8a75582464f7fff,8a75582464affff,8a7558255967fff,8a75582732f7fff,8a755827338ffff,8a75582733affff,8a7558273337fff,8a7558273327fff,8a7558246d37fff,8a7558246d27fff,8a75582712e7fff,8a7558271257fff,8a7558244c87fff,8a7558244c27fff,8a75582440c7fff,8a7558244767fff,8a7558244627fff,8a755824471ffff,8a7558244637fff",3,3
-22561652#0,-79119286#2,"-22561652#0,-174907151#4,-174907151#1,1116499317#0,1116499317#1,1116499317#2,1116499317#3,1116499316#0,1116499316#1,1116499315#1,1116499315#2,628868117#0,628868117#1,563371197#1,563371197#2,-563282223,-1116499330#0,-1116499329,-1116499328#1,-1116499328#0,-57680087#2,-57680087#1,-57680087#0,-57680112#1,-57680112#0,-1264978470#1,-1264978470#0,-1116499323#1,-1116499323#0,-561133121,-55682342#1,-55682342#0,55682703,849128758#0,849128758#1,55682704#1,55682704#2,55682704#3,125835961,57680125#0,57680125#1,57680125#2,57680127,227218689,154901400#2,154901400#3,154901400#4,154901400#5,23030923#2,23030922#1,41231752,561133140#1,79119284#2,79119284#3,-79119286#3,-79119286#2",10.741200969302833,8385.259732628894,36.422357142857145,16.885472301713925,59.976000000000006,0.6037125948046399,0.0,0.0,0.2219943446484643,0.0,0.2212241429386431,0.2960471667552312,0.2319959496055093,0.3577706708745513,5.128046282535236,0.5962844514575855,0.2385137805830341,126.21962122442775,0.8347982320406196,0.119256890291517,3.925540219241237,265.4450397697603,6.678385856324957,"8a75582466f7fff,8a75582466affff,8a7558246687fff,8a75582466a7fff,8a755824678ffff,8a755824679ffff,8a7558246797fff,8a75582464cffff,8a75582464c7fff,8a75582464f7fff,8a755824648ffff,8a7558255b07fff,8a7558255867fff,8a755825595ffff,8a7558255937fff,8a7558273667fff,8a7558273767fff,8a75582730d7fff,8a75582733b7fff,8a755827305ffff,8a7558273337fff,8a7558273327fff,8a7558246d37fff,8a7558246d27fff,8a75582712e7fff,8a7558271257fff,8a7558244c87fff,8a7558244c27fff,8a75582440c7fff,8a7558244767fff,8a7558244627fff,8a755824471ffff,8a7558244637fff",4,4
-22561652#1,-174375407#3,"22561652#1,22561652#2,22561652#3,22561652#4,22561652#5,22561652#6,125835948,563369678,1238123690,174375405,561133138,-174375407#4,-174375407#3",0.5484747678769131,667.4067196526373,36.14676923076924,9.615375379687876,20.016000000000005,0.2047591360027623,0.0,0.0,0.5074525242756263,0.0423831039933019,0.4501643717310717,0.0,0.0,1.4983367271466286,2.996673454293257,2.996673454293257,0.0,31.84310498861686,2.996673454293257,1.4983367271466286,1.155579681862514,62.56944452463036,19.47837745290617,"8a75582466f7fff,8a75582466c7fff,8a75582466effff,8a755824665ffff,8a75582429a7fff,8a75582429affff",1,1
-22561652#1,-39353757#12,"22561652#1,22561652#2,22561652#3,22561652#4,22561652#5,22561652#6,125835948,563369678,1238123690,174375405,561133138,-174375407#4,-174375407#3,-174375407#2,-174375407#1,-174375407#0,-563297843,-174907149,-39353757#19,-39353757#18,57680181#0,57680181#1,39353757#1,39353757#2,39353757#3,39353757#4,39353757#5,39353757#6,39353757#7,39353757#8,39353757#9,39353757#10,39353757#11,39353757#12",4.291271886724452,2598.8973532365508,32.34282352941177,6.5459319611986295,20.016000000000005,0.052582924488466,0.0,0.0,0.1303157372431321,0.010884142218868,0.456942561082666,0.0,0.4018575594553339,0.3847785672468536,3.463007105221682,1.1543357017405609,0.0,74.66516189576699,1.1543357017405609,0.7695571344937072,2.1079022137711614,100.6568502841922,13.082471286393025,"8a75582466f7fff,8a75582466c7fff,8a75582466effff,8a755824665ffff,8a75582429a7fff,8a75582429affff,8a755824291ffff,8a755824296ffff,8a75582404f7fff,8a75582404e7fff,8a7558240417fff,8a7558240597fff,8a75582405b7fff,8a755824625ffff,8a755824624ffff,8a7558240517fff,8a755824051ffff",0,0
-22561652#1,-39353757#12,"22561652#1,22561652#2,22561652#3,22561652#4,22561652#5,22561652#6,125835948,563369678,1238123690,174375405,561133138,-174375407#4,-174375407#3,-174375407#2,-174375407#1,-174375407#0,-563297843,-174907149,-39353757#19,174375411#0,174375411#1,39353757#0,39353757#1,39353757#2,39353757#3,39353757#4,57680150#0,57680150#1,-39353757#15,-39353757#14,-39353757#13,-39353757#12",4.858958961554384,2848.4486391899227,32.49,6.7255912223627305,20.016000000000005,0.0479761584598471,0.0,0.0,0.118898834947069,0.0099305874838981,0.4169100317415591,0.0,0.4542605458274737,0.3510682924879391,3.1596146323914525,1.0532048774638174,0.0,84.36815781265031,1.0532048774638174,0.7021365849758783,2.379044990735085,114.8755048600597,11.234185359614052,"8a75582466f7fff,8a75582466c7fff,8a75582466effff,8a755824665ffff,8a75582429a7fff,8a75582429affff,8a755824291ffff,8a755824296ffff,8a75582404f7fff,8a75582404affff,8a7558240597fff,8a75582405b7fff,8a7558240407fff,8a7558240437fff,8a755824051ffff,8a7558240517fff",3,3
-22561652#1,-39353757#12,"22561652#1,22561652#2,22561652#3,22561652#4,22561652#5,22561652#6,125835948,563369678,1238123690,174375405,561133138,-174375407#4,-174375407#3,-174375407#2,-174375407#1,-174375407#0,-563297843,-174907149,-39353757#19,174375411#0,174375411#1,39353757#0,39353757#1,39353757#2,39353757#3,39353757#4,39353757#5,57680106,-39353757#14,49188792#0,49188792#1,-39353757#7,39761731#0,39761731#1,39761731#2,39353757#10,39353757#11,39353757#12",6.002216264475554,3481.224664124703,32.09494736842106,6.225211143482511,20.016000000000005,0.0392556173368581,0.0,0.0,0.0972868048696882,0.0081255222325556,0.3411290356571861,0.0,0.5534586372405699,0.2872552324201787,2.5852970917816083,0.8617656972605361,0.0,92.12789249272474,0.8617656972605361,0.5745104648403574,2.823536361297498,106.26958612532982,10.91569883196679,"8a75582466f7fff,8a75582466c7fff,8a75582466effff,8a755824665ffff,8a75582429a7fff,8a75582429affff,8a755824291ffff,8a755824296ffff,8a75582404f7fff,8a75582404affff,8a7558240597fff,8a75582405b7fff,8a7558240437fff,8a755824051ffff,8a755824625ffff,8a75582462effff,8a755824624ffff,8a7558240517fff",4,4
-22561652#2,-561133140#1,"22561652#2,22561652#3,22561652#4,22561652#5,22561652#6,125835948,563369678,1238123690,174375405,563272699,561133137,563273548,-57680132#1,-57680132#0,57680179#0,57680179#1,57680179#2,57680179#3,-979838980#6,-979838980#5,-979838980#4,-979838980#3,-979838980#2,-979838980#1,-979838980#0,-563298888,213840999,979842179,226068307,979842178#0,979842178#1,979842178#2,979842178#3,979842178#4,979842178#5,79116530#0,79116530#1,79116549#0,79116549#1,79116549#2,79116549#3,79116549#4,79116549#5,79116549#6,79119284#1,-561133140#1",3.607633430008539,2927.6727340849698,42.60052173913044,15.411598117059087,39.99600000000001,0.4985926914833544,0.0,0.0,0.0868245075261725,0.4615766501711015,0.0,0.0064075739706233,0.4451912683321025,0.3415682321174962,3.757250553292459,1.0247046963524888,0.0,36.86325187414528,1.366272928469985,0.6831364642349925,1.312272219597687,62.79311195956227,15.712138677404829,"8a75582466f7fff,8a75582466c7fff,8a75582466effff,8a755824665ffff,8a755824664ffff,8a7558242937fff,8a7558242927fff,8a75582462d7fff,8a75582462c7fff,8a75582462e7fff,8a7558246277fff,8a755824634ffff,8a7558240cb7fff,8a7558240c17fff,8a7558240c37fff,8a7558240c27fff,8a7558240d57fff,8a7558240d77fff,8a7558240d67fff,8a75582446c7fff,8a755824461ffff,8a755824460ffff,8a7558244627fff,8a755824471ffff",0,0
-22561652#2,-561133140#1,"-22561652#2,-22561652#1,-22561652#0,-174907151#4,-174907151#1,-57392486,1004094803#0,1004094803#1,1004094802,57392452,-24580169#1,-24580169#0,22561499#0,22561499#1,22561499#2,-57680180#3,-57680180#2,-57680180#1,-57680180#0,-563282223,-1116499330#0,-1116499329,-1116499328#1,-1116499328#0,-57680087#2,-57680087#1,-57680087#0,-57680112#1,-57680112#0,-1264978470#1,-1264978470#0,-1116499323#1,-1116499323#0,-561133121,-55682342#1,-55682342#0,55682703,849128758#0,849128758#1,55682704#1,55682704#2,55682704#3,125835961,57680125#0,57680125#1,57680125#2,57680127,227218689,154901400#2,154901400#3,154901400#4,154901400#5,23030923#2,23030922#1,41231752,561133140#1",12.411161795359876,8829.266657368378,36.063,17.650016043258226,69.98400000000001,0.5733530436609442,0.0,0.0,0.2388934132037715,0.007093494083833,0.2100992041191385,0.2733590248315949,0.2705548637616617,0.5662984474285074,6.682321679656387,0.5662984474285074,0.2265193789714029,123.52652345796812,1.0193372053713132,0.3397790684571044,4.069847920471525,262.2349169240351,6.342542611199283,"8a75582466c7fff,8a75582466f7fff,8a75582466affff,8a7558246687fff,8a7558246697fff,8a7558255a67fff,8a7558255b4ffff,8a75582466b7fff,8a755824679ffff,8a7558246797fff,8a75582464cffff,8a75582464c7fff,8a75582464f7fff,8a755824648ffff,8a7558255b07fff,8a7558255867fff,8a755825595ffff,8a7558255937fff,8a7558273667fff,8a7558273767fff,8a75582730d7fff,8a75582733b7fff,8a755827305ffff,8a7558273337fff,8a7558273327fff,8a7558246d37fff,8a7558246d27fff,8a75582712e7fff,8a7558271257fff,8a7558244c87fff,8a7558244c27fff,8a75582440c7fff,8a7558244767fff,8a7558244627fff,8a755824471ffff",1,1
-22561652#2,-561133140#1,"22561652#2,22561652#3,22561652#4,22561652#5,22561652#6,125835948,563369678,1238123690,174375405,563272699,561133137,563273548,-57680132#1,-57680132#0,57680179#0,57680179#1,57680179#2,57680179#3,-979838980#6,-979838980#5,-979838980#4,-979838980#3,-979838980#2,-979838980#1,-979838980#0,-563298888,-145622122#2,213840998,979842179,226068307,979842178#0,979842178#1,979842178#2,979842178#3,41231717,979842178#5,79116530#0,79116530#1,79116530#2,79116557#0,79116557#1,23881170,1020078542,1157449878#1,41231515#0,41231515#1,1020092135,41231756#0,41231756#1,41231756#2,41231756#3,-41231755,79119286#1,79119286#2,79119286#3,79119284#4,79119284#5,79119284#1,-561133140#1",4.473638531530968,3539.5740964670144,41.17789830508474,14.9822356668051,39.99600000000001,0.4602740953848062,0.0,0.0,0.0718147823458339,0.3913830979504603,0.0,0.0079884025281227,0.5288137171755831,0.282519866160773,3.107718527768504,0.8475595984823191,0.0,69.32406812864775,1.130079464643092,0.565039732321546,1.586545074496854,67.93071555268584,16.66867210348561,"8a75582466f7fff,8a75582466c7fff,8a75582466effff,8a755824665ffff,8a755824664ffff,8a7558242937fff,8a7558242927fff,8a75582462d7fff,8a75582462c7fff,8a75582462e7fff,8a7558246277fff,8a755824634ffff,8a7558240cb7fff,8a7558240c17fff,8a7558240c37fff,8a7558240c27fff,8a7558240d57fff,8a7558240d77fff,8a7558240d27fff,8a7558244687fff,8a75582446b7fff,8a7558244787fff,8a75582447a7fff,8a75582447affff,8a7558244637fff,8a755824471ffff,8a7558244627fff",2,2
-22561652#2,-561133140#1,"-22561652#2,-22561652#1,-22561652#0,-174907151#4,-174907151#1,1116499317#0,1116499317#1,1116499317#2,1116499317#3,1116499316#0,1116499316#1,1116499315#1,1116499315#2,628868117#0,628868117#1,563371197#1,563371197#2,-563282223,-1116499330#0,-1116499329,-1116499328#1,-1116499328#0,-57680087#2,-57680087#1,-57680087#0,1116499324#0,1116499324#1,1116499324#2,57680145#0,57680145#1,1264978471,561133118,57680114#1,57680114#2,57680114#3,57680135,57680125#0,57680125#1,57680125#2,57680127,227218689,154901400#2,154901400#3,154901400#4,154901400#5,23030923#2,23030922#1,41231752,561133140#1",9.559408712748064,7482.513216116056,38.77126530612245,19.21550302357395,59.976000000000006,0.5985456792959282,0.0,0.0,0.0417307128719919,0.0,0.2479142828205558,0.351246181486869,0.3269032111181641,0.1336449360151039,3.608413272407807,0.5345797440604158,0.2672898720302079,135.14257448791147,0.6682246800755197,0.0,3.4490623099594164,280.08825409740734,6.548601864740093,"8a75582466c7fff,8a75582466f7fff,8a75582466affff,8a7558246687fff,8a75582466a7fff,8a755824678ffff,8a755824679ffff,8a7558246797fff,8a75582464cffff,8a75582464c7fff,8a75582464f7fff,8a75582464affff,8a7558255967fff,8a75582732f7fff,8a755827338ffff,8a75582733affff,8a7558273337fff,8a7558273327fff,8a7558246d37fff,8a7558246d27fff,8a75582712e7fff,8a7558271257fff,8a7558244c87fff,8a7558244c27fff,8a75582440c7fff,8a7558244767fff,8a7558244627fff,8a755824471ffff",3,3
-22561652#3,-174375407#2,"22561652#3,22561652#4,22561652#5,22561652#6,125835948,563369678,1238123690,174375405,561133138,-174375407#4,-174375407#3,-174375407#2",0.7384907742794742,574.822635821308,36.66,9.8551971337693,20.016000000000005,0.2377387645551832,0.0,0.0,0.3016413099809161,0.0492095589876172,0.6491491310314665,0.0,0.0,1.7396670515091974,3.479334103018395,3.479334103018395,0.0,32.125081860634815,3.479334103018395,1.7396670515091974,1.1901959339904864,64.19229812293425,20.87600461811037,"8a75582466c7fff,8a75582466effff,8a755824665ffff,8a75582429a7fff,8a75582429affff,8a755824291ffff",1,1
-22561652#3,-41231513#2,"22561652#3,22561652#4,22561652#5,22561652#6,125835948,563369678,1238123690,174375405,563272699,561133137,563273548,-57680132#1,-57680132#0,57680179#0,57680179#1,57680179#2,57680179#3,-979838980#6,-979838980#5,-979838980#4,-979838980#3,-979838980#2,-979838980#1,-979838980#0,-563298888,-145622122#2,213840998,979842179,226068307,979842178#0,979842178#1,979842178#2,979842178#3,979842178#4,979842178#5,79116530#0,79116530#1,79116530#2,79116557#0,79116557#1,79116557#2,79116557#3,1020078537#0,1020078537#1,1157449878#0,1157449878#1,-1157449879,1020092137#1,-41273130,41231515#1,41231515#2,41231515#3,41231515#4,41231515#5,41231515#6,-41231513#4,-41231513#3,-41231513#2",4.981203919097082,3773.382501389811,41.37082758620689,15.038976075795471,39.99600000000001,0.407494535663754,0.0,0.0,0.0459508816855856,0.3671320028622111,0.0,0.0074934207306787,0.5794236947215244,0.265014214602331,2.915156360625641,0.7950426438069931,0.0,70.63723552378569,1.0600568584093242,0.5300284292046621,1.7138004732971217,68.60817827883642,15.3708244469352,"8a75582466c7fff,8a75582466effff,8a755824665ffff,8a755824664ffff,8a7558242937fff,8a7558242927fff,8a75582462d7fff,8a75582462c7fff,8a75582462e7fff,8a7558246277fff,8a755824634ffff,8a7558240cb7fff,8a7558240c17fff,8a7558240c37fff,8a7558240c27fff,8a7558240d57fff,8a7558240d77fff,8a7558240d27fff,8a755824469ffff,8a75582446b7fff,8a7558244787fff,8a7558244797fff,8a75582447a7fff,8a755824446ffff,8a755824409ffff,8a7558244707fff,8a7558244717fff,8a755824471ffff",0,0
-22561652#3,-41231513#2,"-22561652#3,-22561652#2,-22561652#1,-22561652#0,-174907151#4,-174907151#1,-57392486,1004094803#0,1004094803#1,1004094802,57392452,24580169#2,-57099575#2,-57099575#1,-57099591#1,-57099591#0,32898139#0,32898139#1,32898141,-24580169#0,22561499#0,22561499#1,22561499#2,-57680180#3,-57680180#2,-57680180#1,-57680180#0,-563282223,-1116499330#0,-1116499329,-1116499328#1,-1116499328#0,-57680087#2,-57680087#1,-57680087#0,1116499324#0,1116499324#1,1116499324#2,57680145#0,57680145#1,1264978471,561133118,57680114#1,57680114#2,57680114#3,57680135,57680125#0,57680125#1,57680125#2,57680127,227218689,154901400#2,154901400#3,154901400#4,154901400#5,23030923#2,23030922#1,41231752,561133140#1,79119284#2,41231513#0,41231513#1,41231513#2",13.234895706780152,9410.954783684048,38.089142857142846,18.56651930036634,69.98400000000001,0.6090735875755835,0.0,0.0,0.0456671657642669,0.0107160595378017,0.197113039038805,0.2719523779465801,0.4745513577125462,0.3187774321476028,6.2692894989028565,0.5312957202460048,0.2125182880984019,127.86613499866245,0.9563322964428086,0.2125182880984019,4.24967419883187,251.26187288866896,6.69432607509966,"8a75582466effff,8a75582466c7fff,8a75582466f7fff,8a75582466affff,8a7558246687fff,8a7558246697fff,8a7558255a67fff,8a7558255a77fff,8a7558255aa7fff,8a755825516ffff,8a7558255a37fff,8a7558255b57fff,8a7558255b5ffff,8a7558255b4ffff,8a75582466b7fff,8a755824679ffff,8a7558246797fff,8a75582464cffff,8a75582464c7fff,8a75582464f7fff,8a75582464affff,8a7558255967fff,8a75582732f7fff,8a755827338ffff,8a75582733affff,8a7558273337fff,8a7558273327fff,8a7558246d37fff,8a7558246d27fff,8a75582712e7fff,8a7558271257fff,8a7558244c87fff,8a7558244c27fff,8a75582440c7fff,8a7558244767fff,8a7558244627fff,8a755824471ffff,8a7558244717fff",1,1
-22561652#3,-41231513#2,"22561652#3,22561652#4,22561652#5,22561652#6,125835948,563369678,1238123690,174375405,561133138,174375402,174375403,561133137,563273548,-57680132#1,-57680132#0,57680179#0,57680179#1,57680179#2,57680179#3,-979838980#6,-979838980#5,-979838980#4,-979838980#3,-979838980#2,-979838980#1,-979838980#0,-563298888,213840999,979842179,226068307,979842178#0,979842178#1,870315479#0,870315479#1,41231514#0,41231514#1,41231514#2,41231514#3,41231514#4,41231514#5,41231711#0,41231710,79119289#2,1020078536,1020078537#0,1020078537#1,1157449878#0,1157449878#1,-1157449879,1020092137#1,41273126,1020092140,-41231515#3,-41231515#2,1020092135,41231756#0,41231756#1,41273133,-1020078548,41231515#6,-41231513#4,-41231513#3,-41231513#2",6.278102251086287,4502.180520368396,40.78571428571427,14.291749710515456,39.99600000000001,0.3536778981180016,0.0,0.0,0.0385125056828317,0.2946619474457365,0.0233283796104572,0.0,0.6434971672609743,0.2221145943561973,2.443260537918172,0.6663437830685921,0.0,87.38230106717678,0.8884583774247895,0.4442291887123947,2.044807040853808,71.7609122107683,13.993219444440436,"8a75582466c7fff,8a75582466effff,8a755824665ffff,8a755824664ffff,8a7558242937fff,8a7558242927fff,8a75582462d7fff,8a75582462c7fff,8a75582462e7fff,8a7558246277fff,8a755824634ffff,8a7558240cb7fff,8a7558240c17fff,8a7558240c37fff,8a7558240c27fff,8a7558240d1ffff,8a7558240daffff,8a7558240da7fff,8a7558246a5ffff,8a7558246a4ffff,8a7558240d37fff,8a755824469ffff,8a75582446b7fff,8a7558244787fff,8a7558244797fff,8a75582447a7fff,8a7558244467fff,8a755824446ffff,8a75582447affff,8a7558244737fff,8a755824409ffff,8a7558244707fff,8a7558244717fff,8a755824471ffff",2,2
-22561652#3,-41231513#2,"-22561652#3,-22561652#2,-22561652#1,-22561652#0,-174907151#4,-174907151#1,1116499317#0,1116499317#1,1116499317#2,1116499317#3,1116499316#0,1116499316#1,1116499315#1,1116499315#2,628868117#0,628868117#1,563371197#1,563371197#2,-563282223,-1116499330#0,-1116499329,-1116499328#1,-1116499328#0,-57680087#2,-57680087#1,-57680087#0,1116499324#0,1116499324#1,1116499324#2,57680145#0,57680145#1,1264978471,561133118,57680114#1,57680114#2,57680114#3,57680135,57680125#0,57680175,227218423,227218424,154901400#0,154901400#1,154901400#2,154901400#3,154901400#4,154901400#5,23030923#2,23030922#1,41231752,561133140#1,79119284#2,41231513#0,41231513#1,41231513#2",9.635972656534287,7831.998695707642,38.90487272727272,18.425166536314112,59.976000000000006,0.6610360264439663,0.0,0.0,0.0443418351454012,0.0,0.2368516606987428,0.4180791956203035,0.2699588004498039,0.1276813287198393,3.447395875435661,0.5107253148793572,0.2553626574396786,136.17891743585895,0.6384066435991965,0.0,3.536670141071952,259.92772730628707,7.022473079591162,"8a75582466effff,8a75582466c7fff,8a75582466f7fff,8a75582466affff,8a7558246687fff,8a75582466a7fff,8a755824678ffff,8a755824679ffff,8a7558246797fff,8a75582464cffff,8a75582464c7fff,8a75582464f7fff,8a75582464affff,8a7558255967fff,8a75582732f7fff,8a755827338ffff,8a75582733affff,8a7558273337fff,8a7558273a87fff,8a7558273aaffff,8a7558273a0ffff,8a7558246d27fff,8a75582712e7fff,8a7558271257fff,8a7558244c87fff,8a7558244c27fff,8a75582440c7fff,8a7558244767fff,8a7558244627fff,8a755824471ffff,8a7558244717fff",3,3
-22561652#3,-41231513#2,"-22561652#3,-22561652#2,-22561652#1,-22561652#0,-174907151#4,-174907151#1,-174907152#2,-174907152#1,-174907152#0,-57680180#3,-57680180#2,-57680180#1,-57680180#0,-563282223,-1116499330#0,-1116499329,-1116499328#1,-1116499328#0,-57680087#2,-57680087#1,-57680087#0,-57680112#1,-57680112#0,-1264978470#1,-1264978470#0,-1116499323#1,-1116499323#0,-561133121,-55682342#1,-55682342#0,55682703,849128758#0,849128758#1,55682704#1,55682704#2,55682704#3,125835961,57680125#0,57680125#1,57680125#2,57680127,227218689,154901400#2,154901400#3,154901400#4,154901400#5,23030923#2,23030922#1,41231752,561133140#1,79119284#2,41231513#0,41231513#1,41231513#2",11.061720508053586,8673.358239822748,38.138000000000005,16.02925782954526,50.004000000000005,0.583659382135668,0.0,0.0,0.2539841918413261,0.0,0.2138758536631888,0.278272804685358,0.2538671498101268,0.3458867853775297,4.727119400159573,0.4611823805033729,0.2305911902516864,130.6791153835073,0.6917735707550594,0.1152955951258432,3.916600129978692,266.57903399482035,6.225962136795535,"8a75582466effff,8a75582466c7fff,8a75582466f7fff,8a75582466affff,8a7558246687fff,8a7558246697fff,8a75582466b7fff,8a755824679ffff,8a7558246797fff,8a75582464cffff,8a75582464c7fff,8a75582464f7fff,8a755824648ffff,8a7558255b07fff,8a7558255867fff,8a755825595ffff,8a7558255937fff,8a7558273667fff,8a7558273767fff,8a75582730d7fff,8a75582733b7fff,8a755827305ffff,8a7558273337fff,8a7558273327fff,8a7558246d37fff,8a7558246d27fff,8a75582712e7fff,8a7558271257fff,8a7558244c87fff,8a7558244c27fff,8a75582440c7fff,8a7558244767fff,8a7558244627fff,8a755824471ffff,8a7558244717fff",4,4
-22561652#4,41231711#3,"22561652#4,22561652#5,22561652#6,125835948,563369678,1238123690,174375405,561133138,174375402,174375403,561133137,563273548,-57680132#1,-57680132#0,57680179#0,57680179#1,57680179#2,57680179#3,-979838980#6,-979838980#5,-979838980#4,-979838980#3,-979838980#2,-979838980#1,-979838980#0,-563298888,-145622122#2,213840998,979842179,226068307,979842178#0,979842178#1,870315479#0,870315479#1,41231514#0,41231514#1,41231514#2,41231514#3,41231514#4,41231514#5,41231711#0,41231711#1,41231711#2,41231711#3",2.512664552306448,2398.7745057279267,44.53772727272728,15.76832483229951,39.99600000000001,0.6375373593095519,0.0,0.0,0.0576776466916783,0.567208538584737,0.0437842640077952,0.0,0.3313295507157897,0.4168795347841761,4.585674882625937,1.2506386043525284,0.0,90.88693556581606,1.6675181391367044,0.8337590695683522,1.5425335750116826,51.45321873833974,18.342699530503747,"8a75582466effff,8a755824665ffff,8a755824664ffff,8a7558242937fff,8a7558242927fff,8a75582462d7fff,8a75582462c7fff,8a75582462e7fff,8a7558246277fff,8a755824634ffff,8a7558240cb7fff,8a7558240c17fff,8a7558240c37fff,8a7558240c27fff,8a7558240d1ffff,8a7558240daffff,8a7558240da7fff,8a7558246a5ffff,8a7558246a4ffff,8a7558240d17fff,8a7558240d07fff",0,0
-22561652#4,41231711#3,"22561652#4,22561652#5,22561652#6,125835948,563369678,1238123690,174375405,561133138,174375402,174375403,561133137,563273548,-57680132#1,-57680132#0,57680179#0,57680179#1,57680179#2,57680179#3,-979838980#6,-979838980#5,-979838980#4,-979838980#3,-979838980#2,-979838980#1,-979838980#0,-563298888,-145622122#2,213840998,979842179,226068307,979842178#0,979842178#1,979842178#2,870315481#0,870315481#1,870315479#1,41231514#0,41231514#1,41231514#2,41231514#3,41231514#4,41231514#5,41231711#0,41231709#0,41231709#1,-41231711#3",2.962504488280837,2644.1831110208013,43.90513043478262,15.703151721314065,39.99600000000001,0.578367041823537,0.0,0.0,0.0523245413139968,0.5145654913675751,0.0397206138320024,0.0,0.3933893534864259,0.3781886344527571,4.160074978980329,1.1345659033582711,0.0,100.01337770814057,1.5127545378110283,0.7563772689055143,1.730720615541378,60.296582039639546,17.396677184826828,"8a75582466effff,8a755824665ffff,8a755824664ffff,8a7558242937fff,8a7558242927fff,8a75582462d7fff,8a75582462c7fff,8a75582462e7fff,8a7558246277fff,8a755824634ffff,8a7558240cb7fff,8a7558240c17fff,8a7558240c37fff,8a7558240c27fff,8a7558240d1ffff,8a7558240daffff,8a7558240da7fff,8a7558246a5ffff,8a7558246a4ffff,8a7558240d07fff,8a7558240d17fff",1,1
-22561652#4,41231711#3,"22561652#4,22561652#5,22561652#6,125835948,563369678,1238123690,174375405,563272699,561133137,563273548,-57680132#1,-57680132#0,57680179#0,57680179#1,57680179#2,57680179#3,-979838980#6,-979838980#5,-979838980#4,-979838980#3,-979838980#2,-979838980#1,-979838980#0,-563298888,213840999,979842179,226068307,979842178#0,979842178#1,979842178#2,979842178#3,979842178#4,979842178#5,79116530#0,79116530#1,79116530#2,79116557#0,79116557#1,79116557#2,79116557#3,79116557#4,1020078540,-41231514#8,-41231514#7,-41231514#6,41231711#0,41231711#1,41231711#2,41231711#3",2.995108420004537,2659.125489663636,41.82832653061225,15.23174465465102,39.99600000000001,0.5489459726304612,0.0,0.0,0.052030514908825,0.5081916512210741,0.0,0.010633399127121,0.4291444347429796,0.3760634854906732,4.136698340397405,1.1281904564720195,0.0,78.6241779050641,1.5042539419626928,0.7521269709813464,1.7099524520462666,56.40058649503972,18.427110789042988,"8a75582466effff,8a755824665ffff,8a755824664ffff,8a7558242937fff,8a7558242927fff,8a75582462d7fff,8a75582462c7fff,8a75582462e7fff,8a7558246277fff,8a755824634ffff,8a7558240cb7fff,8a7558240c17fff,8a7558240c37fff,8a7558240c27fff,8a7558240d57fff,8a7558240d77fff,8a7558240d27fff,8a755824469ffff,8a7558246a6ffff,8a7558246a4ffff,8a7558240d17fff,8a7558240d07fff",2,2
-22561652#4,41231711#3,"22561652#4,22561652#5,22561652#6,125835948,563369678,1238123690,174375405,563272699,561133137,563273548,-57680132#1,-57680132#0,57680179#0,57680179#1,57680179#2,57680179#3,-979838980#6,-979838980#5,-979838980#4,-979838980#3,-979838980#2,-979838980#1,-979838980#0,-563298888,-145622122#2,213840998,979842179,226068307,979842178#0,979842178#1,870315479#0,870315479#1,41231514#0,41231514#1,41231514#2,41231514#3,41231514#4,41231514#5,41231711#0,41231709#0,41231709#1,-41231711#3",2.833855606121782,2525.0523811522494,44.754000000000005,15.963360273435928,39.99600000000001,0.5915522154405729,0.0,0.0,0.054793187447163,0.5486339553353339,0.0,0.0,0.396572857217503,0.3960313882849721,3.564282494564749,0.7920627765699443,0.0,92.34440070054936,0.7920627765699443,0.7920627765699443,1.6527449226823476,62.33012015073568,16.633318307968832,"8a75582466effff,8a755824665ffff,8a755824664ffff,8a7558242937fff,8a7558242927fff,8a75582462d7fff,8a75582462c7fff,8a75582462e7fff,8a7558246277fff,8a755824634ffff,8a7558240cb7fff,8a7558240c17fff,8a7558240c37fff,8a7558240c27fff,8a7558240d1ffff,8a7558240daffff,8a7558240da7fff,8a7558246a5ffff,8a7558246a4ffff,8a7558240d07fff,8a7558240d17fff",3,3
-22561652#4,41231711#3,"22561652#4,22561652#5,22561652#6,125835948,563369678,1238123690,174375405,563272699,561133137,563273548,-57680132#1,-57680132#0,57680179#0,57680179#1,57680179#2,57680179#3,-979838980#6,-979838980#5,-979838980#4,-979838980#3,-979838980#2,-979838980#1,-979838980#0,-563298888,-145622122#2,213840998,979842179,226068307,979842178#0,979842178#1,979842178#2,979842178#3,41231717,979842178#5,79116530#0,79116530#1,79116530#2,79116557#0,79116557#1,79116557#2,79116557#3,1020078537#0,1020078537#1,1020078539,1020078540,-41231514#8,-41231514#7,-41231514#6,41231711#0,41231709#0,41231709#1,-41231711#3",3.740787752630494,3096.692692142142,42.68423076923076,15.355028329655566,39.99600000000001,0.4965403103082585,0.0,0.0,0.0446785271220028,0.4473577500330385,0.0,0.0091308842922786,0.4988328385526799,0.3229251654636251,3.5521768200998767,0.9687754963908756,0.0,85.53876289477276,1.2917006618545006,0.6458503309272503,2.0269057237180776,66.84761740329986,16.79210860410851,"8a75582466effff,8a755824665ffff,8a755824664ffff,8a7558242937fff,8a7558242927fff,8a75582462d7fff,8a75582462c7fff,8a75582462e7fff,8a7558246277fff,8a755824634ffff,8a7558240cb7fff,8a7558240c17fff,8a7558240c37fff,8a7558240c27fff,8a7558240d57fff,8a7558240d77fff,8a7558240d27fff,8a755824469ffff,8a7558246a6ffff,8a7558246a4ffff,8a7558240d1ffff,8a7558240d07fff,8a7558240d17fff",4,4
-22561653,32898181#0,"22561499#2,174907152#0,174907152#1,174907152#2,1116499317#0,1116499317#1,1116499317#2,1116499317#3,1116499316#0,1116499316#1,1116499315#1,1116499315#2,628868117#0,628868117#1,563371197#1,563371197#2,57680180#0,57680171#0,57680171#1,57680171#2,-22561499#1,-22561499#0,-22561654#5,-22561654#4,-22561654#3,-22561654#2,32898181#0",1.5521495288762988,1043.1383610484372,26.293333333333337,5.636971036074113,19.98,0.0,0.0,0.0,0.4139426028172209,0.0,0.0,0.0660244752632364,0.2890195451760688,2.87593679997039,27.80072239971377,2.87593679997039,0.95864559999013,121.73446356523016,3.83458239996052,1.91729119998026,3.2229073482019865,30.60398531638493,25.88343119973351,"8a7558255b4ffff,8a7558246697fff,8a7558246687fff,8a75582466a7fff,8a755824678ffff,8a755824679ffff,8a7558255b6ffff,8a7558255b5ffff,8a7558255b47fff,8a7558255b77fff,8a7558255b0ffff",0,0
-22561653,32898181#0,"22561499#2,174907152#0,174907152#1,174907152#2,-57392486,1004094803#0,1004094803#1,1004094802,57392452,24580169#2,-57099575#2,-57099587#1,32898141,-24580169#0,-22561654#5,-22561654#4,-22561654#3,-22561654#2,32898181#0",2.9240922830382154,1111.0480543170395,24.733894736842107,13.06219415758801,39.99600000000001,0.0847203286885728,0.0,0.0,0.340845303339387,0.0907686678156415,0.0,0.0,0.5683860288449715,2.700153236705947,38.70219639278524,2.700153236705947,0.9000510789019824,125.50502385620366,5.400306473411894,0.9000510789019824,3.432722898681353,26.20837951635217,17.100970499137667,"8a7558255b4ffff,8a7558246697fff,8a7558246687fff,8a7558255a67fff,8a7558255a77fff,8a7558255b5ffff,8a7558255b47fff,8a7558255b77fff,8a7558255b0ffff",1,1
-22561653,32898181#0,"-22561653,-22561499#1,-22561499#0,-22561654#5,-22561654#4,-22561654#3,-22561654#2,32898181#0",0.4430572228891556,400.4347530571399,27.4905,7.06399674405361,19.98,0.0,0.0,0.0,0.7259742521940504,0.0,0.0,0.0,0.2740257478059495,2.4972857434711853,22.475571691240667,2.4972857434711853,2.4972857434711853,160.98801160800687,2.4972857434711853,2.4972857434711853,1.1642619050258074,36.93039234441313,19.97828594776948,"8a7558246697fff,8a7558255b4ffff,8a7558255b5ffff,8a7558255b47fff,8a7558255b77fff,8a7558255b0ffff",2,2
-22561653,32898181#0,"22561499#2,174907152#0,174907152#1,174907152#2,-57392486,1004094803#0,1004094803#1,1004094802,57392452,24580169#2,-57099575#2,-57099575#1,-57099591#1,-57099591#0,32898139#0,32898139#1,32898141,-24580169#0,-22561654#5,-22561654#4,-22561654#3,-22561654#2,32898181#0",4.234879420067254,2270.2577347955976,29.128695652173924,15.346395852964612,39.99600000000001,0.5520686121313627,0.0,0.0,0.1668072771184382,0.0444215430802609,0.0,0.0,0.7887711798013008,1.321435867839959,18.940580772372744,1.321435867839959,0.4404786226133196,118.74526645939142,2.642871735679918,0.4404786226133196,7.014247207274719,97.83099436996784,10.131008320106352,"8a7558255b4ffff,8a7558246697fff,8a7558246687fff,8a7558255a67fff,8a7558255a77fff,8a7558255aa7fff,8a755825516ffff,8a7558255a37fff,8a7558255b57fff,8a7558255b5ffff,8a7558255b47fff,8a7558255b77fff,8a7558255b0ffff",3,3
-22561653,32898181#0,"22561499#2,174907152#0,174907152#1,174907152#2,1116499317#0,1116499317#1,1116499317#2,1116499317#3,1116499316#0,1116499316#1,1116499315#1,1116499315#2,628868117#0,628868117#1,563371197#1,563371197#2,-563282223,-1116499330#0,-1116499329,-1116499328#1,-1116499328#0,-57680087#2,-57680087#1,-57680087#0,-57680112#1,-57680112#0,1116499322,1116499321#0,32898181#0",2.5184360434821413,1563.1647226313912,26.54813793103449,5.514849406855601,19.98,0.0,0.0,0.0,0.2698009751285077,0.0,0.0,0.044059760253057,0.5319783424151793,1.919183536172616,18.55210751633529,1.919183536172616,0.639727845390872,128.21252792343708,2.558911381563488,0.639727845390872,4.829594288868166,47.52330132866271,18.55210751633529,"8a7558255b4ffff,8a7558246697fff,8a7558246687fff,8a75582466a7fff,8a755824678ffff,8a755824679ffff,8a7558246797fff,8a75582464cffff,8a75582464c7fff,8a75582464f7fff,8a755824648ffff,8a7558255b07fff,8a7558255b2ffff,8a7558255b77fff,8a7558255b0ffff",4,4
-22561653,79119287#1,"22561499#2,-57680180#3,-57680180#2,-57680180#1,57680171#0,57680171#1,57680171#2,-22561499#1,-22561499#0,-22561654#5,-22561654#4,-22561654#3,-22561654#2,-1116499321#1,-1116499322,57680111,57680112#1,1116499324#0,1116499324#1,1116499324#2,57680145#0,57680145#1,1264978471,561133118,57680114#1,57680114#2,57680114#3,57680135,57680125#0,57680175,227218423,227218424,154901400#0,154901400#1,154901400#2,154901400#3,154901400#4,154901400#5,23030923#2,23030922#1,41231752,561133140#1,79119284#2,79119284#3,-79119286#3,-79119286#2,-41231511#3,-41231511#2,-41231511#1,-41231511#0,79119293#0,79119288,41231358#0,-79116549#2,-79116549#1,-41231508#0,79119287#0,79119287#1",11.151310122455904,8907.878113281262,39.81910344827586,16.912628115659153,50.004000000000005,0.581197141573578,0.0,0.0,0.0608418808818148,0.0,0.2082450920498098,0.3598525946494761,0.3710604324188994,0.3367805398602311,4.8271877379966455,0.4490407198136414,0.1122601799534103,110.78850760361614,0.6735610797204622,0.1122601799534103,3.952792177325329,250.6416949621182,6.511090437297801,"8a7558255b4ffff,8a7558246697fff,8a75582466b7fff,8a755824679ffff,8a7558255b6ffff,8a7558255b5ffff,8a7558255b47fff,8a7558255b77fff,8a7558255b2ffff,8a7558255b07fff,8a755824648ffff,8a75582464f7fff,8a75582464affff,8a7558255967fff,8a75582732f7fff,8a755827338ffff,8a75582733affff,8a7558273337fff,8a7558273a87fff,8a7558273aaffff,8a7558273a0ffff,8a7558246d27fff,8a75582712e7fff,8a7558271257fff,8a7558244c87fff,8a7558244c27fff,8a75582440c7fff,8a7558244767fff,8a7558244627fff,8a755824471ffff,8a7558244637fff,8a7558244617fff,8a755824461ffff,8a755824468ffff,8a75582446dffff,8a75582446c7fff,8a7558240d67fff,8a7558240d47fff,8a7558240997fff,8a75582446cffff",0,0
-22561653,79119287#1,"22561499#2,-57680180#3,-57680180#2,-57680180#1,-57680180#0,-563282223,-1116499330#0,-1116499329,-1116499328#1,-1116499328#0,-57680087#2,-57680087#1,-57680087#0,-57680112#1,-57680112#0,-1264978470#1,-1264978470#0,-1116499323#1,-1116499323#0,-561133121,-55682342#1,-55682342#0,55682703,849128758#0,849128758#1,55682704#1,55682704#2,55682704#3,125835961,57680125#0,57680175,227218423,227218424,154901400#0,154901400#1,154901400#2,154901400#3,154901400#4,154901400#5,23030923#2,23030922#1,41231752,561133140#1,79119284#2,79119284#3,79119284#4,79119284#5,-79116549#6,-79116549#5,-79116549#4,-79116549#3,-79116549#2,-79116549#1,-41231508#0,79119287#0,79119287#1",11.747468125309195,9388.163821911028,38.91921428571429,15.919955146938058,50.004000000000005,0.613633758605156,0.0,0.0,0.1857550819511398,0.0,0.1975915560121893,0.3259158341496029,0.2907375278870681,0.3195513049099444,4.367201167102573,0.4260684065465925,0.0,113.86864994671951,0.6391026098198888,0.2130342032732962,4.165914715354039,254.6689712251832,5.964957691652296,"8a7558255b4ffff,8a7558246697fff,8a75582466b7fff,8a755824679ffff,8a7558246797fff,8a75582464cffff,8a75582464c7fff,8a75582464f7fff,8a755824648ffff,8a7558255b07fff,8a7558255867fff,8a755825595ffff,8a7558255937fff,8a7558273667fff,8a7558273767fff,8a75582730d7fff,8a75582733b7fff,8a755827305ffff,8a7558273337fff,8a7558273a87fff,8a7558273aaffff,8a7558273a0ffff,8a7558246d27fff,8a75582712e7fff,8a7558271257fff,8a7558244c87fff,8a7558244c27fff,8a75582440c7fff,8a7558244767fff,8a7558244627fff,8a755824471ffff,8a755824460ffff,8a755824461ffff,8a75582446c7fff,8a7558240d67fff,8a7558240d47fff,8a7558240997fff,8a75582446cffff",1,1
-22561653,79119287#1,"22561499#2,-57680180#3,-57680180#2,-57680180#1,-57680180#0,-563282223,-1116499330#0,-1116499329,-1116499328#1,-1116499328#0,-57680087#2,-57680087#1,-57680087#0,1116499324#0,1116499324#1,1116499324#2,57680145#0,57680145#1,1264978471,561133118,57680114#1,57680114#2,57680114#3,57680135,57680125#0,57680125#1,57680125#2,57680127,227218689,154901400#2,154901400#3,154901400#4,154901400#5,23030923#2,23030922#1,41231752,561133140#1,79119284#2,79119284#3,-79119286#3,-79119286#2,-41231511#3,-41231511#2,-41231511#1,-41231511#0,79119293#0,79119293#1,79119293#2,-41231509,-41231508#2,-41231508#1,-41231508#0,79119287#0,79119287#1",10.548115526408775,8257.117573457632,39.43533333333333,17.314138827003635,50.004000000000005,0.5423958077304621,0.0,0.0,0.0035584499855435,0.0,0.2246573191148058,0.3099545948573567,0.4618296360422938,0.1211076372721739,3.027690931804349,0.3633229118165218,0.0,115.49176440096284,0.4844305490886957,0.1211076372721739,3.6640229397566615,266.37436594604407,6.539812412697392,"8a7558255b4ffff,8a7558246697fff,8a75582466b7fff,8a755824679ffff,8a7558246797fff,8a75582464cffff,8a75582464c7fff,8a75582464f7fff,8a75582464affff,8a7558255967fff,8a75582732f7fff,8a755827338ffff,8a75582733affff,8a7558273337fff,8a7558273327fff,8a7558246d37fff,8a7558246d27fff,8a75582712e7fff,8a7558271257fff,8a7558244c87fff,8a7558244c27fff,8a75582440c7fff,8a7558244767fff,8a7558244627fff,8a755824471ffff,8a7558244637fff,8a7558244617fff,8a755824461ffff,8a755824468ffff,8a75582446d7fff,8a7558240d27fff,8a7558240d77fff,8a7558240d67fff,8a7558240d47fff,8a7558240997fff,8a75582446cffff",2,2
-22561653,79119287#1,"22561499#2,-57680180#3,-57680180#2,-57680180#1,-57680180#0,-563282223,-1116499330#0,-1116499329,-1116499328#1,-1116499328#0,-57680087#2,-57680087#1,-57680087#0,1116499324#0,1116499324#1,1116499324#2,57680145#0,57680145#1,1264978471,561133118,57680114#1,57680114#2,57680114#3,57680135,57680125#0,57680175,227218423,227218424,154901400#0,154901400#1,154901400#2,154901400#3,154901400#4,154901400#5,23030923#2,23030922#1,41231752,561133140#1,79119284#2,79119284#3,79119284#4,79119284#5,-79116549#6,-79116549#5,-79116549#4,-79116549#3,-79116549#2,-79116549#1,-41231508#0,79119287#0,79119287#1",10.40465145899052,8402.535225514295,41.168470588235294,17.62651064544874,50.004000000000005,0.616151335040434,0.0,0.0,0.0034968660197557,0.0,0.2207693092479957,0.3814947472224778,0.3942390775097708,0.11901169982168,2.9752924955420013,0.3570350994650401,0.0,117.09971964781252,0.4760467992867201,0.11901169982168,3.728550737531261,265.43462213546536,6.069596690905683,"8a7558255b4ffff,8a7558246697fff,8a75582466b7fff,8a755824679ffff,8a7558246797fff,8a75582464cffff,8a75582464c7fff,8a75582464f7fff,8a75582464affff,8a7558255967fff,8a75582732f7fff,8a755827338ffff,8a75582733affff,8a7558273337fff,8a7558273a87fff,8a7558273aaffff,8a7558273a0ffff,8a7558246d27fff,8a75582712e7fff,8a7558271257fff,8a7558244c87fff,8a7558244c27fff,8a75582440c7fff,8a7558244767fff,8a7558244627fff,8a755824471ffff,8a755824460ffff,8a755824461ffff,8a75582446c7fff,8a7558240d67fff,8a7558240d47fff,8a7558240997fff,8a75582446cffff",3,3
-22561653,79119287#1,"-22561653,-22561499#1,-22561499#0,-22561654#5,-22561654#4,-22561654#3,-22561654#2,-1116499321#1,-1116499322,-1264978470#1,-1264978470#0,-1116499323#1,-1116499323#0,-561133121,-55682342#1,-55682342#0,55682703,849128758#0,849128758#1,55682704#1,55682704#2,55682704#3,125835961,57680125#0,57680175,227218423,227218424,154901400#0,154901400#1,154901400#2,154901400#3,154901400#4,154901400#5,23030923#2,23030922#1,41231752,561133140#1,79119284#2,41231513#0,41231513#1,41231513#2,41231513#3,41231513#4,-41231515#6,-41231515#5,-41231515#4,-41231515#3,-41231515#2,-41231515#1,-41231515#0,-1157449878#1,-1157449878#0,1020078539,-79116557#4,-79116557#3,-79116557#2,-79116557#1,-79116557#0,79116530#3,79116530#0,79116530#1,79116549#0,-41231508#0,79119287#0,79119287#1",12.908232431031488,10079.172055009298,37.68258461538461,15.082052304490416,50.004000000000005,0.5715642337484531,0.0,0.0,0.2238763905371005,0.0,0.1840450671488246,0.3064178832190427,0.2856606590950321,0.0992144984272795,2.4803624606819885,0.3968579937091182,0.0992144984272795,114.00633232682638,0.5952869905636773,0.0992144984272795,4.527106378978126,240.7196593241766,6.448942397773171,"8a7558246697fff,8a7558255b4ffff,8a7558255b5ffff,8a7558255b47fff,8a7558255b77fff,8a7558255b2ffff,8a7558255b07fff,8a7558255867fff,8a755825595ffff,8a7558255937fff,8a7558273667fff,8a7558273767fff,8a75582730d7fff,8a75582733b7fff,8a755827305ffff,8a7558273337fff,8a7558273a87fff,8a7558273aaffff,8a7558273a0ffff,8a7558246d27fff,8a75582712e7fff,8a7558271257fff,8a7558244c87fff,8a7558244c27fff,8a75582440c7fff,8a7558244767fff,8a7558244627fff,8a755824471ffff,8a7558244717fff,8a7558244707fff,8a755824409ffff,8a755824446ffff,8a75582447a7fff,8a7558244787fff,8a75582446b7fff,8a755824469ffff,8a7558240d27fff,8a7558240d77fff,8a7558240d57fff,8a7558240d67fff,8a7558240d47fff,8a7558240997fff,8a75582446cffff",4,4
-22561653,79119287#2,"22561499#2,174907152#0,174907152#1,174907152#2,174907151#0,174907151#2,174907151#5,22561652#1,22561652#2,22561652#3,22561652#4,22561652#5,22561652#6,125835948,563369678,1238123690,174375405,563272699,561133137,563273548,-57680132#1,-57680132#0,57680179#0,57680179#1,57680179#2,57680179#3,-979838980#6,-979838980#5,-979838980#4,-979838980#3,-979838980#2,-979838980#1,-979838980#0,-563298888,213840999,979842179,226068307,979842178#0,979842178#1,979842178#2,979842178#3,41231717,979842178#5,79116530#0,79116530#1,79116549#0,-41231508#0,79119287#0,79119287#1,79119287#2",3.4414669634219046,3174.230118073968,41.59151999999999,15.168226482421764,39.99600000000001,0.4598646518909505,0.0,0.0,0.2067012997892462,0.4257238206208465,0.0,0.0059098675608336,0.3616650120290733,0.3150370208845386,3.4654072297299248,0.945111062653616,0.6300740417690772,36.37132418860022,1.2601480835381544,0.6300740417690772,1.3723182815795325,68.35073564873738,15.75185104422693,"8a7558255b4ffff,8a7558246697fff,8a7558246687fff,8a75582466affff,8a75582466f7fff,8a75582466c7fff,8a75582466effff,8a755824665ffff,8a755824664ffff,8a7558242937fff,8a7558242927fff,8a75582462d7fff,8a75582462c7fff,8a75582462e7fff,8a7558246277fff,8a755824634ffff,8a7558240cb7fff,8a7558240c17fff,8a7558240c37fff,8a7558240c27fff,8a7558240d57fff,8a7558240d77fff,8a7558240d67fff,8a7558240d47fff,8a7558240997fff,8a75582446cffff,8a755824460ffff",0,0
-22561653,79119287#2,"22561499#2,-57680180#3,-57680180#2,-57680180#1,-57680180#0,-563282223,-1116499330#0,-1116499329,-1116499328#1,-1116499328#0,-57680087#2,-57680087#1,-57680087#0,-57680112#1,-57680112#0,-1264978470#1,-1264978470#0,-1116499323#1,-1116499323#0,-561133121,-55682342#1,-55682342#0,55682703,849128758#0,849128758#1,55682704#1,55682704#2,55682704#3,125835961,57680125#0,57680175,227218423,227218424,154901400#0,154901400#1,154901400#2,154901400#3,154901400#4,154901400#5,23030923#2,23030922#1,41231752,561133140#1,79119284#2,79119284#3,79119284#4,79119284#5,-79116549#6,-79116549#5,-79116549#4,-79116549#3,-79116549#2,-79116549#1,-41231508#0,79119287#0,79119287#1,79119287#2",11.991685812384024,9722.62017078613,38.76252631578947,15.82145956119778,50.004000000000005,0.5925248699676817,0.0,0.0,0.1793651412352567,0.0,0.1907944427616937,0.3147043892905526,0.3151360267124972,0.3085587986882586,4.216970248739535,0.4114117315843448,0.0,114.72223064176504,0.6171175973765173,0.2057058657921724,4.203390714886036,253.350169284938,5.862617175076914,"8a7558255b4ffff,8a7558246697fff,8a75582466b7fff,8a755824679ffff,8a7558246797fff,8a75582464cffff,8a75582464c7fff,8a75582464f7fff,8a755824648ffff,8a7558255b07fff,8a7558255867fff,8a755825595ffff,8a7558255937fff,8a7558273667fff,8a7558273767fff,8a75582730d7fff,8a75582733b7fff,8a755827305ffff,8a7558273337fff,8a7558273a87fff,8a7558273aaffff,8a7558273a0ffff,8a7558246d27fff,8a75582712e7fff,8a7558271257fff,8a7558244c87fff,8a7558244c27fff,8a75582440c7fff,8a7558244767fff,8a7558244627fff,8a755824471ffff,8a755824460ffff,8a755824461ffff,8a75582446c7fff,8a7558240d67fff,8a7558240d47fff,8a7558240997fff,8a75582446cffff",1,1
-22561653,79119287#2,"22561499#2,-57680180#3,-57680180#2,-57680180#1,-57680180#0,-563282223,-1116499330#0,-1116499329,-1116499328#1,-1116499328#0,-57680087#2,-57680087#1,-57680087#0,1116499324#0,1116499324#1,1116499324#2,57680145#0,57680145#1,1264978471,561133118,57680114#1,57680114#2,57680114#3,57680135,57680125#0,57680125#1,57680125#2,57680127,227218689,154901400#2,154901400#3,154901400#4,154901400#5,23030923#2,23030922#1,41231752,561133140#1,79119284#2,79119284#3,79119284#4,79119284#5,-79116549#6,-79116549#5,-79116549#4,79119291#2,79119293#0,79119293#1,-41231508#3,41231509,41231360,41231359#1,-41231508#1,-41231508#0,79119287#0,79119287#1,79119287#2",11.064702161062636,8742.56464400186,39.09792857142857,17.08824020925943,50.004000000000005,0.5122782773878214,0.0,0.0,0.0033608604690226,0.0,0.2121828059849056,0.2927437927412454,0.4917125408048263,0.114382911733582,2.859572793339551,0.3431487352007461,0.0,116.93223155195729,0.4575316469343282,0.114382911733582,3.77968226706084,262.67345242107587,6.4054430570805945,"8a7558255b4ffff,8a7558246697fff,8a75582466b7fff,8a755824679ffff,8a7558246797fff,8a75582464cffff,8a75582464c7fff,8a75582464f7fff,8a75582464affff,8a7558255967fff,8a75582732f7fff,8a755827338ffff,8a75582733affff,8a7558273337fff,8a7558273327fff,8a7558246d37fff,8a7558246d27fff,8a75582712e7fff,8a7558271257fff,8a7558244c87fff,8a7558244c27fff,8a75582440c7fff,8a7558244767fff,8a7558244627fff,8a755824471ffff,8a755824460ffff,8a755824461ffff,8a755824468ffff,8a75582446d7fff,8a7558240d27fff,8a7558240d77fff,8a7558240d67fff,8a7558240d47fff,8a7558240997fff,8a75582446cffff",2,2
-22561653,79119287#2,"-22561653,-22561499#1,-22561499#0,-22561654#5,-22561654#4,-22561654#3,-22561654#2,-1116499321#1,-1116499322,57680111,57680112#1,1116499324#0,1116499324#1,1116499324#2,57680145#0,57680145#1,1264978471,561133118,57680114#1,57680114#2,57680114#3,57680135,57680125#0,57680175,227218423,227218424,154901400#0,154901400#1,154901400#2,154901400#3,154901400#4,154901400#5,23030923#2,23030922#1,41231752,561133140#1,79119284#2,79119284#3,-79119286#3,-79119286#2,-41231511#3,-41231511#2,-41231511#1,-41231511#0,79119293#0,79119288,41231358#0,-79116549#2,-79116549#1,-41231508#0,79119287#0,79119287#1,79119287#2",10.912514604248624,8913.098625744547,40.746566037735846,17.417534014176013,50.004000000000005,0.5808567271959735,0.0,0.0,0.0608062450372258,0.0,0.2081231203153869,0.3596418245195589,0.3714288101278285,0.1121944277730311,2.8048606943257792,0.3365832833190935,0.1121944277730311,114.93592792657778,0.4487777110921246,0.0,3.896453843107759,260.68284254601224,5.946304671970652,"8a7558246697fff,8a7558255b4ffff,8a7558255b5ffff,8a7558255b47fff,8a7558255b77fff,8a7558255b2ffff,8a7558255b07fff,8a755824648ffff,8a75582464f7fff,8a75582464affff,8a7558255967fff,8a75582732f7fff,8a755827338ffff,8a75582733affff,8a7558273337fff,8a7558273a87fff,8a7558273aaffff,8a7558273a0ffff,8a7558246d27fff,8a75582712e7fff,8a7558271257fff,8a7558244c87fff,8a7558244c27fff,8a75582440c7fff,8a7558244767fff,8a7558244627fff,8a755824471ffff,8a7558244637fff,8a7558244617fff,8a755824461ffff,8a755824468ffff,8a75582446dffff,8a75582446c7fff,8a7558240d67fff,8a7558240d47fff,8a7558240997fff,8a75582446cffff,8a755824460ffff",3,3
-22561653,79119287#2,"-22561653,-22561499#1,-22561499#0,-22561654#5,-22561654#4,-22561654#3,-22561654#2,-1116499321#1,-1116499322,-1264978470#1,-1264978470#0,-1116499323#1,-1116499323#0,-561133121,-55682342#1,-55682342#0,55682703,849128758#0,849128758#1,55682704#1,55682704#2,55682704#3,125835961,57680125#0,57680125#1,57680125#2,57680127,227218689,154901400#2,154901400#3,154901400#4,154901400#5,23030923#2,23030922#1,41231752,561133140#1,79119284#2,79119284#3,-79119286#3,-79119286#2,-41231511#3,-41231511#2,-41231511#1,-41231511#0,79119293#0,79119288,41231358#0,-79116549#2,-79116549#1,-41231508#0,79119287#0,79119287#1,79119287#2",11.721604461635014,9293.83220500343,38.29177358490566,16.142389784283814,50.004000000000005,0.5446931685049056,0.0,0.0,0.2427942112041885,0.0,0.1995970937230901,0.2596947814634496,0.2979139136092719,0.1075982412789462,2.474759549415764,0.3227947238368387,0.1075982412789462,114.2994502426188,0.4303929651157849,0.1075982412789462,4.062895490439976,267.89735850832994,5.702706787784151,"8a7558246697fff,8a7558255b4ffff,8a7558255b5ffff,8a7558255b47fff,8a7558255b77fff,8a7558255b2ffff,8a7558255b07fff,8a7558255867fff,8a755825595ffff,8a7558255937fff,8a7558273667fff,8a7558273767fff,8a75582730d7fff,8a75582733b7fff,8a755827305ffff,8a7558273337fff,8a7558273327fff,8a7558246d37fff,8a7558246d27fff,8a75582712e7fff,8a7558271257fff,8a7558244c87fff,8a7558244c27fff,8a75582440c7fff,8a7558244767fff,8a7558244627fff,8a755824471ffff,8a7558244637fff,8a7558244617fff,8a755824461ffff,8a755824468ffff,8a75582446dffff,8a75582446c7fff,8a7558240d67fff,8a7558240d47fff,8a7558240997fff,8a75582446cffff,8a755824460ffff",4,4
-23881168#0,79119287#1,"-23881168#0,1259750653,145622122#0,145622122#1,213840998,979842179,226068307,979842178#0,979842178#1,870315479#0,870315479#1,41231514#0,41231514#1,41231514#2,41231514#3,41231514#4,41231514#5,41231514#6,41231514#7,41231514#8,1020078536,-79116557#3,-79116557#2,-79116557#1,-79116557#0,79116530#3,79116530#0,79116530#1,79116549#0,-41231508#0,79119287#0,79119287#1",2.5930563552337,1958.245943956733,34.364250000000006,11.054747556972396,39.99600000000001,0.2383559774165238,0.0,0.0,0.0,0.1781103786258883,0.0,0.0146494992795732,0.8072401220945384,0.0,9.191899544359636,1.0213221715955152,0.0,109.34321095988616,2.0426443431910304,0.0,4.958690953959833,67.03502011097333,16.341154745528243,"8a7558240c67fff,8a7558240c07fff,8a7558240c37fff,8a7558240c27fff,8a7558240d1ffff,8a7558240daffff,8a7558240da7fff,8a7558246a5ffff,8a7558246a4ffff,8a7558246a6ffff,8a755824469ffff,8a7558240d27fff,8a7558240d77fff,8a7558240d57fff,8a7558240d67fff,8a7558240d47fff,8a7558240997fff,8a75582446cffff",0,0
-23881168#0,79119287#1,"-23881168#0,1259750653,145622122#0,145622122#1,213840998,979842179,226068307,979842178#0,979842178#1,870315479#0,870315479#1,41231514#0,41231514#1,41231514#2,41231514#3,41231514#4,41231514#5,41231711#0,41231710,79119289#2,1020078536,-79116557#3,-79116557#2,-79116557#1,-79116557#0,79116530#3,79116530#0,79116530#1,79116549#0,-41231508#0,79119287#0,79119287#1",2.7481383880468253,2043.9431501630825,34.364250000000006,11.054747556972396,39.99600000000001,0.2283623328547609,0.0,0.0,0.0,0.1706426749163326,0.0,0.014035283976921,0.8153220411067463,0.0,8.806507166583284,0.9785007962870316,0.0,111.9446694135094,1.9570015925740631,0.0,5.175694319909071,67.18152894155557,15.656012740592503,"8a7558240c67fff,8a7558240c07fff,8a7558240c37fff,8a7558240c27fff,8a7558240d1ffff,8a7558240daffff,8a7558240da7fff,8a7558246a5ffff,8a7558246a4ffff,8a7558240d37fff,8a755824469ffff,8a7558240d27fff,8a7558240d77fff,8a7558240d57fff,8a7558240d67fff,8a7558240d47fff,8a7558240997fff,8a75582446cffff",1,1
-23881168#0,79119287#1,"-23881168#0,1259750653,145622122#0,145622122#1,213840998,979842179,226068307,979842178#0,979842178#1,979842178#2,870315481#0,870315481#1,870315479#1,41231514#0,41231514#1,41231514#2,41231514#3,41231514#4,41231514#5,41231719,41231718#0,41231718#1,-1020078541,41231721,41231514#8,1020078536,-79116557#3,-79116557#2,-79116557#1,-79116557#0,79116530#3,79116530#0,79116530#1,79116549#0,-41231508#0,79119287#0,79119287#1",3.0037589372024125,2241.717716305994,34.313837837837845,10.684288510376955,39.99600000000001,0.2396621856723453,0.0,0.0,0.0,0.1555877994734707,0.0,0.0127970271798956,0.8316151733466335,0.0,8.029556919263337,0.8921729910292596,0.0,112.9604706155377,1.7843459820585192,0.0,5.67650115425115,65.42821674567827,16.5052003340413,"8a7558240c67fff,8a7558240c07fff,8a7558240c37fff,8a7558240c27fff,8a7558240d1ffff,8a7558240daffff,8a7558240da7fff,8a7558246a5ffff,8a7558246a4ffff,8a7558246a67fff,8a755824469ffff,8a7558240d27fff,8a7558240d77fff,8a7558240d57fff,8a7558240d67fff,8a7558240d47fff,8a7558240997fff,8a75582446cffff",2,2
-23881168#0,79119287#1,"-23881168#0,1259750653,145622122#0,145622122#1,145622122#2,213840999,979842179,226068307,979842178#0,979842178#1,870315479#0,870315479#1,41231514#0,41231514#1,41231514#2,41231514#3,41231514#4,41231514#5,41231711#0,41231711#1,41231711#2,41231711#3,79119289#0,79119289#1,79119289#2,1020078536,-79116557#3,-79116557#2,-79116557#1,-79116557#0,79116530#3,79116530#0,79116530#1,79116549#0,-41231508#0,79119287#0,79119287#1",3.165771387748764,2325.2197070326342,34.853837837837844,11.931441697170255,39.99600000000001,0.2153532960276831,0.0,0.0,0.0,0.1646158542641418,0.0,0.0123374674911177,0.82304667824474,0.0,7.741203958300776,0.8601337731445307,0.0,107.69404971625724,1.720267546289061,0.0,5.887945772498232,63.22762871611987,15.912474803173817,"8a7558240c67fff,8a7558240c07fff,8a7558240c37fff,8a7558240c17fff,8a7558240c27fff,8a7558240d1ffff,8a7558240daffff,8a7558240da7fff,8a7558246a5ffff,8a7558246a4ffff,8a7558240d17fff,8a7558240d07fff,8a7558240d37fff,8a755824469ffff,8a7558240d27fff,8a7558240d77fff,8a7558240d57fff,8a7558240d67fff,8a7558240d47fff,8a7558240997fff,8a75582446cffff",3,3
-23881168#0,79119287#1,"-23881168#0,1259750653,145622122#0,145622122#1,213840998,979842179,226068307,979842178#0,979842178#1,979842178#2,870315481#0,870315481#1,870315479#1,41231514#0,41231514#1,41231514#2,41231514#3,41231514#4,41231514#5,41231711#0,41231709#0,41231709#1,79119289#0,79119289#1,79119289#2,1020078536,-79116557#3,-79116557#2,-79116557#1,-79116557#0,79116530#3,79116530#0,79116530#1,79116549#0,-41231508#0,79119287#0,79119287#1",3.498278444069234,2473.5013883495567,33.77286486486487,10.36989275140663,39.99600000000001,0.1887040080883867,0.0,0.0,0.0,0.1410081789982215,0.0,0.0115978598921923,0.8473939611095862,0.0,7.277133574608785,0.8085703971787538,0.0,114.4806645479787,1.6171407943575076,0.0,6.263426203877807,72.6576966440911,14.958552347806943,"8a7558240c67fff,8a7558240c07fff,8a7558240c37fff,8a7558240c27fff,8a7558240d1ffff,8a7558240daffff,8a7558240da7fff,8a7558246a5ffff,8a7558246a4ffff,8a7558240d07fff,8a7558240d37fff,8a755824469ffff,8a7558240d27fff,8a7558240d77fff,8a7558240d57fff,8a7558240d67fff,8a7558240d47fff,8a7558240997fff,8a75582446cffff",4,4
-24580169#1,-22561652#3,"24580169#1,24580169#2,-57099575#2,-57099587#1,32898141,-24580169#0,22561499#0,22561499#1,22561499#2,174907152#0,174907152#1,174907152#2,174907151#0,174907151#2,174907151#5,22561652#1,22561652#2,22561652#3",1.446879887288549,861.8140277269886,31.102,8.324814020180167,39.99600000000001,0.1092211931137857,0.0,0.0,0.6624001253261995,0.1328407245867308,0.0,0.0,0.2047591500870695,1.16034314576832,19.72583347806144,1.16034314576832,2.32068629153664,68.39246888311905,3.48102943730496,0.0,1.566645879795157,25.97909497403885,20.88617662382976,"8a7558255a67fff,8a7558255a77fff,8a7558255b5ffff,8a7558255b4ffff,8a7558246697fff,8a7558246687fff,8a75582466affff,8a75582466f7fff,8a75582466c7fff,8a75582466effff",0,0
-24580169#1,-22561652#3,"-24580169#1,-24580169#0,22561499#0,22561499#1,22561499#2,174907152#0,174907152#1,174907152#2,174907151#0,174907151#2,174907151#5,22561652#1,22561652#2,22561652#3",0.8929571828731493,633.4960707728613,29.988,0.0,0.0,0.0,0.0,0.0,0.9011353760691544,0.0988646239308457,0.0,0.0,0.0,1.5785417560364758,1.5785417560364758,0.0,3.157083512072952,29.01283157608194,1.5785417560364758,0.0,1.1392630572399105,27.82185968340329,22.099584584510666,"8a7558255a67fff,8a7558255b4ffff,8a7558246697fff,8a7558246687fff,8a75582466affff,8a75582466f7fff,8a75582466c7fff,8a75582466effff",2,2
-24580169#1,-22561652#3,"24580169#1,24580169#2,-57099575#2,-57099575#1,-57099591#1,-57099591#0,32898139#0,32898139#1,32898141,-24580169#0,22561499#0,22561499#1,22561499#2,174907152#0,174907152#1,174907152#2,174907151#0,174907151#2,174907151#5,22561652#1,22561652#2,22561652#3",2.7576670243175863,2021.0237082055469,34.538727272727286,10.57274421367472,39.99600000000001,0.6201500911347186,0.0,0.0,0.2824636433785835,0.0566465397894375,0.0,0.0,0.6608898168319788,0.4947987477533815,8.411578711807486,0.4947987477533815,0.989597495506763,74.1107420950083,1.4843962432601443,0.0,3.673911497796563,103.36973644504975,10.885572450574394,"8a7558255a67fff,8a7558255a77fff,8a7558255aa7fff,8a755825516ffff,8a7558255a37fff,8a7558255b57fff,8a7558255b5ffff,8a7558255b4ffff,8a7558246697fff,8a7558246687fff,8a75582466affff,8a75582466f7fff,8a75582466c7fff,8a75582466effff",3,3
-24580169#1,-22561652#3,"24580169#1,24580169#2,-57099575#2,-57099587#1,32898141,-24580169#0,-22561654#5,-22561654#4,-22561654#3,-22561654#2,-1116499321#1,-1116499322,57680111,57680112#1,57680087#0,57680087#1,57680087#2,1116499328#0,1116499328#1,1116499329,1116499330#0,1116499330#1,57680180#0,57680180#1,57680180#2,57680180#3,174907152#0,174907152#1,174907152#2,174907151#0,174907151#2,174907151#5,22561652#1,22561652#2,22561652#3",3.6317538368683806,2141.202742194824,30.560914285714286,5.913575694318708,39.99600000000001,0.0439605061658259,0.0,0.0,0.4426787273379387,0.0534671461259717,0.0,0.0,0.5038541265360894,1.4010817102377109,16.345953286106624,0.9340544734918071,1.4010817102377109,90.79113044318218,2.3351361837295177,0.0,3.892378571178557,42.96308346777317,16.345953286106624,"8a7558255a67fff,8a7558255a77fff,8a7558255b5ffff,8a7558255b4ffff,8a7558255b47fff,8a7558255b77fff,8a7558255b2ffff,8a7558255b07fff,8a755824648ffff,8a75582464f7fff,8a75582464c7fff,8a75582464cffff,8a7558246797fff,8a755824679ffff,8a75582466b7fff,8a7558246697fff,8a7558246687fff,8a75582466affff,8a75582466f7fff,8a75582466c7fff,8a75582466effff",4,4
-39353757#11,-41231756#3,"39353757#11,39353757#12,39353757#13,39353757#14,39353757#15,39353757#16,39353757#17,57680181#0,57680181#1,-39353757#0,57680128,174375407#0,174375407#1,174375407#2,174375407#3,174375407#4,174375402,174375403,561133137,563273548,-57680132#1,-57680132#0,57680179#0,57680179#1,57680179#2,57680179#3,-979838980#6,-979838980#5,-979838980#4,-979838980#3,-979838980#2,-979838980#1,-979838980#0,-563298888,213840999,979842179,226068307,979842178#0,979842178#1,979842178#2,979842178#3,41231717,979842178#5,79116530#0,79116530#1,79116530#2,79116557#0,79116557#1,23881170,41231753#0,41231753#1,41231753#2,79119286#0,41231755,-41231756#3",6.847031233766472,4613.644381978928,39.44487272727272,14.83555438434672,39.99600000000001,0.2944888089088745,0.0,0.0,0.0,0.2814119173446677,0.1681186941389911,0.0061286783981747,0.5443407101181663,0.0,3.90147105188876,0.4334967835431956,0.0,100.71692347999937,1.083741958857989,0.2167483917715978,3.079641270578977,84.65688943338714,11.92116154743788,"8a755824624ffff,8a7558240517fff,8a755824051ffff,8a7558240437fff,8a7558240407fff,8a755824040ffff,8a75582404e7fff,8a7558240417fff,8a7558240597fff,8a755824296ffff,8a755824291ffff,8a75582429affff,8a75582429a7fff,8a755824665ffff,8a755824664ffff,8a7558242937fff,8a7558242927fff,8a75582462d7fff,8a75582462c7fff,8a75582462e7fff,8a7558246277fff,8a755824634ffff,8a7558240cb7fff,8a7558240c17fff,8a7558240c37fff,8a7558240c27fff,8a7558240d57fff,8a7558240d77fff,8a7558240d27fff,8a7558244687fff,8a75582446a7fff,8a755824478ffff,8a75582447affff",0,0
-39353757#11,-41231756#3,"39353757#11,39353757#12,39353757#13,49188792#0,49188792#1,-39353757#7,-39353757#6,57680106,39353757#15,39353757#16,39353757#17,39353757#18,39353757#19,174907149,563297843,174375407#0,174375407#1,174375407#2,174375407#3,174375407#4,174375402,174375403,561133137,563273548,-57680132#1,-57680132#0,57680179#0,57680179#1,57680179#2,57680179#3,-979838980#6,-979838980#5,-979838980#4,-979838980#3,-979838980#2,-979838980#1,-979838980#0,-563298888,-145622122#2,213840998,979842179,226068307,979842178#0,979842178#1,979842178#2,979842178#3,41231717,979842178#5,79116530#0,79116530#1,79116549#0,79116549#1,79116549#2,79116549#3,79116549#4,79116549#5,79116549#6,79119284#1,79119284#2,79119284#3,-79119286#3,-79119286#2,-79119286#1,41231755,-41231756#3",8.176754810439942,5405.768952005617,38.6052923076923,14.564924941579555,39.99600000000001,0.2576230602985081,0.0,0.0,0.0,0.2464623673731165,0.2225737913708678,0.0034702333325708,0.5274936079234448,0.0,3.329776052178801,0.3699751169087557,0.0,107.27576014833026,0.9249377922718892,0.1849875584543778,3.60839019774433,91.93802650734222,12.02419129953456,"8a755824624ffff,8a7558240517fff,8a755824051ffff,8a755824625ffff,8a75582405b7fff,8a7558240437fff,8a7558240407fff,8a755824040ffff,8a75582404e7fff,8a75582404f7fff,8a755824296ffff,8a755824291ffff,8a75582429affff,8a75582429a7fff,8a755824665ffff,8a755824664ffff,8a7558242937fff,8a7558242927fff,8a75582462d7fff,8a75582462c7fff,8a75582462e7fff,8a7558246277fff,8a755824634ffff,8a7558240cb7fff,8a7558240c17fff,8a7558240c37fff,8a7558240c27fff,8a7558240d57fff,8a7558240d77fff,8a7558240d67fff,8a75582446c7fff,8a755824461ffff,8a755824460ffff,8a7558244627fff,8a755824471ffff,8a7558244637fff,8a75582447affff",1,1
-39353757#11,-41231756#3,"-39353757#11,-39353757#10,-39353757#9,-39353757#8,-39353757#7,-39353757#6,-39353757#5,-39353757#4,-39353757#3,-39353757#2,-39353757#1,-39353757#0,57680128,174375407#0,174375407#1,174375407#2,174375407#3,174375407#4,174375402,174375403,561133137,563273548,-57680132#1,-57680132#0,57680179#0,57680179#1,57680179#2,57680179#3,-979838980#6,-979838980#5,-979838980#4,-979838980#3,-979838980#2,-979838980#1,-979838980#0,-563298888,213840999,979842179,226068307,979842178#0,979842178#1,870315479#0,870315479#1,41231514#0,41231514#1,41231514#2,41231514#3,41231514#4,41231514#5,41231514#6,41231514#7,41231514#8,1020078536,-79116557#3,1020078538,1020078537#1,1157449878#0,1157449878#1,41231515#0,41273130,41273126,1020092139#0,1020092139#1,-41231515#4,-41231515#3,-41231515#2,1020092135,41231756#0,41231756#1,41231756#2,41231756#3",7.344071230470698,5069.517922953892,38.44140845070421,13.801001820341543,39.99600000000001,0.2894335529114656,0.0,0.0,0.0,0.2561061093403995,0.1530007153556019,0.0,0.5908931753039987,0.0,3.15611863754437,0.1972574148465231,0.0,103.84345368570725,0.5917722445395693,0.1972574148465231,3.424023918642101,76.17010580570255,14.00527645410314,"8a7558240517fff,8a755824624ffff,8a755824625ffff,8a75582405b7fff,8a7558240597fff,8a755824296ffff,8a755824291ffff,8a75582429affff,8a75582429a7fff,8a755824665ffff,8a755824664ffff,8a7558242937fff,8a7558242927fff,8a75582462d7fff,8a75582462c7fff,8a75582462e7fff,8a7558246277fff,8a755824634ffff,8a7558240cb7fff,8a7558240c17fff,8a7558240c37fff,8a7558240c27fff,8a7558240d1ffff,8a7558240daffff,8a7558240da7fff,8a7558246a5ffff,8a7558246a4ffff,8a7558246a6ffff,8a755824469ffff,8a75582446b7fff,8a7558244787fff,8a75582447a7fff,8a7558244467fff,8a7558244097fff,8a755824409ffff,8a755824446ffff,8a75582447affff",2,2
-39353757#11,-41231756#3,"39353757#11,39353757#12,39353757#13,39353757#14,39353757#15,39353757#16,39353757#17,39353757#18,174375411#0,174375411#1,57680128,174375407#0,174375407#1,174375407#2,174375407#3,174375407#4,174375402,174375403,561133137,563273548,-57680132#1,-57680132#0,57680179#0,57680179#1,57680179#2,57680179#3,-979838980#6,-979838980#5,-979838980#4,-979838980#3,-979838980#2,-979838980#1,-979838980#0,-563298888,-145622122#2,213840998,979842179,226068307,979842178#0,979842178#1,870315479#0,870315479#1,41231514#0,41231514#1,41231514#2,41231514#3,41231514#4,41231514#5,41231711#0,41231710,79119289#2,1020078536,1020078537#0,1020078537#1,1157449878#0,1157449878#1,41231515#0,41231515#1,1020092135,41231756#0,41231756#1,41231756#2,41231756#3",7.2014078826119325,4909.11508495278,40.14971428571427,14.756450849001132,39.99600000000001,0.3034453656593737,0.0,0.0,0.0,0.271396899507849,0.1579999358942409,0.0,0.5706031645979103,0.0,3.259243208423153,0.203702700526447,0.0,107.14054329485464,0.6111081015793411,0.203702700526447,3.33948684679028,76.04660389501467,12.833270133166163,"8a755824624ffff,8a7558240517fff,8a755824051ffff,8a7558240437fff,8a7558240407fff,8a755824040ffff,8a75582404e7fff,8a75582404f7fff,8a75582404affff,8a755824296ffff,8a755824291ffff,8a75582429affff,8a75582429a7fff,8a755824665ffff,8a755824664ffff,8a7558242937fff,8a7558242927fff,8a75582462d7fff,8a75582462c7fff,8a75582462e7fff,8a7558246277fff,8a755824634ffff,8a7558240cb7fff,8a7558240c17fff,8a7558240c37fff,8a7558240c27fff,8a7558240d1ffff,8a7558240daffff,8a7558240da7fff,8a7558246a5ffff,8a7558246a4ffff,8a7558240d37fff,8a755824469ffff,8a75582446b7fff,8a7558244787fff,8a75582447a7fff,8a75582447affff",3,3
-39353757#11,-41231756#3,"39353757#11,39353757#12,39353757#13,39353757#14,39353757#15,39353757#16,39353757#17,39353757#18,174375411#0,174375411#1,57680128,174375407#0,174375407#1,174375407#2,174375407#3,174375407#4,174375402,174375403,561133137,563273548,-57680132#1,-57680132#0,57680179#0,57680179#1,57680179#2,57680179#3,-979838980#6,-979838980#5,-979838980#4,-979838980#3,-979838980#2,-979838980#1,-979838980#0,-563298888,213840999,979842179,226068307,979842178#0,979842178#1,979842178#2,979842178#3,41231717,979842178#5,79116530#0,79116530#1,79116549#0,79116549#1,79116549#2,79116549#3,79119291#2,41231511#0,41231511#1,41231511#2,41231511#3,-79119286#1,-79119286#0,-41231753#2,-41231753#1,-41231753#0,1020078542,1157449878#1,-1157449879,1020092137#1,-41273130,41231515#1,1020092135,41231756#0,41231756#1,41231756#2,41231756#3",8.488754935486181,5655.266660665188,37.9902857142857,13.790651545960833,39.99600000000001,0.2642033813003419,0.0,0.0,0.0,0.2295797155790405,0.1371535446975293,0.0033171344042722,0.629949605319158,0.0,3.182873784749664,0.3536526427499626,0.0,102.35523225824032,0.8841316068749066,0.1768263213749813,3.8470657749032258,74.74915232229999,12.377842496248691,"8a755824624ffff,8a7558240517fff,8a755824051ffff,8a7558240437fff,8a7558240407fff,8a755824040ffff,8a75582404e7fff,8a75582404f7fff,8a75582404affff,8a755824296ffff,8a755824291ffff,8a75582429affff,8a75582429a7fff,8a755824665ffff,8a755824664ffff,8a7558242937fff,8a7558242927fff,8a75582462d7fff,8a75582462c7fff,8a75582462e7fff,8a7558246277fff,8a755824634ffff,8a7558240cb7fff,8a7558240c17fff,8a7558240c37fff,8a7558240c27fff,8a7558240d57fff,8a7558240d77fff,8a7558240d67fff,8a75582446c7fff,8a755824461ffff,8a7558244617fff,8a7558244637fff,8a75582447affff,8a755824478ffff,8a75582446a7fff,8a7558244687fff,8a75582446b7fff,8a7558244787fff,8a7558244797fff,8a75582447a7fff",4,4
-39353757#12,-22561652#1,"39353757#12,39353757#13,39353757#14,39353757#15,39353757#16,39389916#0,39389916#1,1123308756,-39353757#3,-39353757#2,-39353757#1,-39353757#0,57680128,174375407#0,174375407#1,174375407#2,174375407#3,174375407#4,174375402,174375403,561133137,563273548,174375406,1238123693,1238123694,563272697,563271328,1238123691,-22561498,-22561652#6,-22561652#5,-22561652#4,-22561652#3,-22561652#2,-22561652#1",3.529936034889117,2274.5324487664025,36.27874285714286,9.427700450527372,20.016000000000005,0.136776364122068,0.0,0.0,0.1276740320455311,0.0838316429403303,0.3410106851369214,0.0,0.4474836398772172,0.4396507952842581,3.956857157558323,0.0,0.0,89.3426916630698,0.8793015905685163,0.0,1.8997060203413128,81.88915805661304,15.387777834949036,"8a7558240517fff,8a755824051ffff,8a7558240437fff,8a7558240407fff,8a755824040ffff,8a7558240417fff,8a7558240597fff,8a755824296ffff,8a755824291ffff,8a75582429affff,8a75582429a7fff,8a755824665ffff,8a755824664ffff,8a75582466effff,8a75582466c7fff,8a75582466f7fff",0,0
-39353757#12,-22561652#1,"39353757#12,39353757#13,49188792#0,49188792#1,-39353757#7,-39353757#6,-39353757#5,57680150#0,57680150#1,39353757#16,39353757#17,39353757#18,39353757#19,174907149,57680093,57680128,174375407#0,174375407#1,174375407#2,174375407#3,174375407#4,174375402,174375403,561133137,563273548,174375406,1238123693,1238123694,563272697,563271328,1238123691,-22561498,-22561652#6,-22561652#5,-22561652#4,-22561652#3,-22561652#2,-22561652#1",4.6546459188427,2873.097974315389,35.78210526315791,9.199471041754505,20.016000000000005,0.1082811241388532,0.0,0.0,0.1010751221672485,0.0663666167341945,0.4155123142088865,0.0,0.4170459468896704,0.348056352042183,8.005296096970211,0.348056352042183,0.0,93.06061213680309,1.3922254081687322,0.0,2.399632294451352,107.2410398028708,13.226141377602955,"8a7558240517fff,8a755824051ffff,8a755824625ffff,8a75582405b7fff,8a7558240407fff,8a755824040ffff,8a75582404e7fff,8a75582404f7fff,8a755824296ffff,8a755824291ffff,8a75582429affff,8a75582429a7fff,8a755824665ffff,8a755824664ffff,8a75582466effff,8a75582466c7fff,8a75582466f7fff",1,1
-39353757#12,-22561652#1,"39353757#12,39353757#13,49188792#0,49188792#1,-39353757#7,-39353757#6,57680106,39353757#15,-57680150#1,-57680150#0,-39353757#4,-39353757#3,-39353757#2,-39353757#1,-39353757#0,57680128,174375407#0,174375407#1,174375407#2,174375407#3,174375407#4,174375402,174375403,563272698,563272697,563271328,1238123691,-22561498,-22561652#6,-22561652#5,-22561652#4,-22561652#3,-22561652#2,-22561652#1",4.258726240676256,2607.1237658087007,34.108941176470594,8.215079412520048,20.016000000000005,0.082534907301593,0.0,0.0,0.111386629419307,0.0267781163873521,0.3070741203767329,0.0,0.5547611338166081,0.3835644525643804,3.4520800730794234,0.0,0.0,94.20105639031524,0.7671289051287608,0.0,2.177488703829153,103.31950448614084,13.041191387188931,"8a7558240517fff,8a755824051ffff,8a755824625ffff,8a75582405b7fff,8a7558240437fff,8a7558240407fff,8a7558240597fff,8a755824296ffff,8a755824291ffff,8a75582429affff,8a75582429a7fff,8a755824665ffff,8a75582466effff,8a75582466c7fff,8a75582466f7fff",2,2
-39353757#12,-22561652#1,"39353757#12,174375412,49188792#1,-39353757#7,-39353757#6,-39353757#5,-39353757#4,-39353757#3,1123308755,-39389916#1,-39389916#0,39353757#17,39353757#18,174375411#0,174375411#1,57680128,174375407#0,174375407#1,174375407#2,174375407#3,174375407#4,174375402,174375403,563272698,563272697,563271328,1238123691,-22561498,-22561652#6,-22561652#5,-22561652#4,-22561652#3,-22561652#2,-22561652#1",4.513118018985853,2737.6187538040726,34.697647058823534,8.618119888764157,20.016000000000005,0.0882836643236515,0.0,0.0,0.1060771257315786,0.0255016749648017,0.2924367156626654,0.0,0.5759844836409542,0.365280957624375,3.287528618619376,0.0,0.0,97.30912616424058,0.7305619152487501,0.0,2.286479065542228,91.19327540878984,12.419552559228752,"8a7558240517fff,8a755824051ffff,8a755824625ffff,8a75582405b7fff,8a7558240597fff,8a7558240417fff,8a755824040ffff,8a75582404e7fff,8a75582404f7fff,8a75582404affff,8a755824296ffff,8a755824291ffff,8a75582429affff,8a75582429a7fff,8a755824665ffff,8a75582466effff,8a75582466c7fff,8a75582466f7fff",4,4
-39353757#12,-41273141#1,"39353757#12,174375412,49188792#1,-39353757#7,-39353757#6,-39353757#5,-39353757#4,-39353757#3,-39353757#2,-39353757#1,-39353757#0,57680128,174375407#0,174375407#1,174375407#2,174375407#3,174375407#4,174375402,174375403,561133137,563273548,-57680132#1,-57680132#0,57680179#0,57680179#1,57680179#2,57680179#3,-979838980#6,-979838980#5,-979838980#4,-979838980#3,-979838980#2,-979838980#1,-979838980#0,-563298888,-145622122#2,213840998,979842179,226068307,979842178#0,979842178#1,979842178#2,979842178#3,979842178#4,979842178#5,79116530#0,79116530#1,79116530#2,79116557#0,79116557#1,79116557#2,79116557#3,1020078537#0,1020078537#1,1157449878#0,1157449878#1,-1157449879,1020092137#1,41273126,1020092139#0,1020092139#1,-41231515#4,41273134,-1020078548,41231515#6,174897323#0,-41273141#2,-41273141#1",7.764289219451924,5277.6375974220055,39.10817647058823,14.429119288129822,39.99600000000001,0.2772246920252102,0.0,0.0,0.0,0.2524460213096481,0.1469672470688156,0.0053576135418063,0.5952291180797299,0.0,3.410616903440386,0.3789574337155985,0.0,100.8392500708445,0.947393584288996,0.1894787168577992,2.6199814008582405,79.83308114167467,12.884552746330348,"8a7558240517fff,8a755824051ffff,8a755824625ffff,8a75582405b7fff,8a7558240597fff,8a755824296ffff,8a755824291ffff,8a75582429affff,8a75582429a7fff,8a755824665ffff,8a755824664ffff,8a7558242937fff,8a7558242927fff,8a75582462d7fff,8a75582462c7fff,8a75582462e7fff,8a7558246277fff,8a755824634ffff,8a7558240cb7fff,8a7558240c17fff,8a7558240c37fff,8a7558240c27fff,8a7558240d57fff,8a7558240d77fff,8a7558240d27fff,8a755824469ffff,8a75582446b7fff,8a7558244787fff,8a7558244797fff,8a75582447a7fff,8a7558244467fff,8a7558244097fff,8a755824409ffff,8a755824446ffff,8a7558244737fff,8a7558244087fff,8a75582440affff",0,0
-39353757#12,-41273141#1,"39353757#12,39353757#13,39353757#14,39353757#15,39353757#16,39389916#0,39389916#1,1123308756,-39353757#3,-39353757#2,-39353757#1,-39353757#0,57680128,174375407#0,174375407#1,174375407#2,174375407#3,174375407#4,174375402,174375403,561133137,563273548,-57680132#1,-57680132#0,57680179#0,57680179#1,57680179#2,57680179#3,-979838980#6,-979838980#5,-979838980#4,-979838980#3,-979838980#2,-979838980#1,-979838980#0,-563298888,213840999,979842179,226068307,979842178#0,979842178#1,979842178#2,979842178#3,41231717,979842178#5,79116530#0,79116530#1,79116549#0,-41231508#0,79119287#0,79119287#1,41231357#0,79119291#0,79119291#1,79119291#2,41231511#0,41231511#1,41231511#2,41231511#3,-79119286#1,41231755,-41231756#3,-41231756#2,41273133,-1020078548,41231515#6,174897323#0,-41273141#2,-41273141#1",7.871280933646425,5313.837082434357,37.52608695652172,13.764336160291345,39.99600000000001,0.2556846620814478,0.0,0.0,0.0,0.2443308839427865,0.1459660611884354,0.0035302699940572,0.6061727848747206,0.0,3.387382736949455,0.3763758596610505,0.0,105.66690200358876,0.9409396491526264,0.1881879298305252,2.6379519370502926,74.60225488920081,12.984967158306244,"8a7558240517fff,8a755824051ffff,8a7558240437fff,8a7558240407fff,8a755824040ffff,8a7558240417fff,8a7558240597fff,8a755824296ffff,8a755824291ffff,8a75582429affff,8a75582429a7fff,8a755824665ffff,8a755824664ffff,8a7558242937fff,8a7558242927fff,8a75582462d7fff,8a75582462c7fff,8a75582462e7fff,8a7558246277fff,8a755824634ffff,8a7558240cb7fff,8a7558240c17fff,8a7558240c37fff,8a7558240c27fff,8a7558240d57fff,8a7558240d77fff,8a7558240d67fff,8a7558240d47fff,8a7558240997fff,8a75582446cffff,8a75582446c7fff,8a75582446e7fff,8a755824461ffff,8a7558244617fff,8a7558244637fff,8a75582447affff,8a7558244737fff,8a755824409ffff,8a7558244087fff,8a75582440affff",2,2
-39353757#12,-41273141#1,"39353757#12,39353757#13,39353757#14,39353757#15,-57680150#1,-57680150#0,-39353757#4,-39353757#3,-39353757#2,-39353757#1,-39353757#0,57680128,174375407#0,174375407#1,174375407#2,174375407#3,174375407#4,174375402,174375403,561133137,563273548,-57680132#1,-57680132#0,57680179#0,57680179#1,57680179#2,57680179#3,-979838980#6,-979838980#5,-979838980#4,-979838980#3,-979838980#2,-979838980#1,-979838980#0,-563298888,-145622122#2,213840998,979842179,226068307,979842178#0,979842178#1,870315479#0,870315479#1,41231514#0,41231514#1,41231514#2,41231514#3,41231514#4,41231514#5,41231711#0,41231710,79119289#2,1020078536,1020078537#0,1020078537#1,1157449878#0,1157449878#1,41231515#0,41231515#1,41231515#2,41231515#3,41273134,-1020078548,41231515#6,174897323#0,-41273141#2,-41273141#1",7.651203365960058,5217.520754376427,39.24429850746268,14.493962334433174,39.99600000000001,0.2814750436156563,0.0,0.0,0.0,0.2553547318936593,0.1486606197147156,0.0,0.595984648391625,0.0,3.06659058070431,0.1916619112940193,0.0,104.91352639284082,0.5749857338820582,0.1916619112940193,2.59013755354014,82.03813890500626,12.8413480566993,"8a7558240517fff,8a755824051ffff,8a7558240437fff,8a7558240407fff,8a75582405b7fff,8a7558240597fff,8a755824296ffff,8a755824291ffff,8a75582429affff,8a75582429a7fff,8a755824665ffff,8a755824664ffff,8a7558242937fff,8a7558242927fff,8a75582462d7fff,8a75582462c7fff,8a75582462e7fff,8a7558246277fff,8a755824634ffff,8a7558240cb7fff,8a7558240c17fff,8a7558240c37fff,8a7558240c27fff,8a7558240d1ffff,8a7558240daffff,8a7558240da7fff,8a7558246a5ffff,8a7558246a4ffff,8a7558240d37fff,8a755824469ffff,8a75582446b7fff,8a7558244787fff,8a75582447a7fff,8a755824446ffff,8a7558244737fff,8a755824409ffff,8a7558244087fff,8a75582440affff",3,3
-39353757#12,-41273141#1,"39353757#12,174375412,49188792#1,-39353757#7,-39353757#6,57680106,39353757#15,39353757#16,39353757#17,57680181#0,57680181#1,-39353757#0,57680128,174375407#0,174375407#1,174375407#2,174375407#3,174375407#4,174375402,174375403,561133137,563273548,-57680132#1,-57680132#0,57680179#0,57680179#1,57680179#2,57680179#3,-979838980#6,-979838980#5,-979838980#4,-979838980#3,-979838980#2,-979838980#1,-979838980#0,-563298888,213840999,979842179,226068307,979842178#0,979842178#1,870315479#0,870315479#1,41231514#0,41231514#1,41231514#2,41231514#3,41231514#4,41231514#5,41231514#6,41231514#7,41231514#8,1020078536,-79116557#3,-79116557#2,23881170,41231753#0,41231753#1,41231753#2,79119286#0,41231755,-41231756#3,-41231756#2,41273133,-41273134,41231515#4,41231515#5,41231515#6,174897323#0,-41273141#2,-41273141#1",8.997931017726131,5890.941778111922,37.87757746478872,13.724689685445377,39.99600000000001,0.2405716623996861,0.0,0.0,0.0,0.2203950676109495,0.1316665310802965,0.0,0.6479384013087537,0.0,2.716034312110972,0.1697521445069357,0.0,107.4299729988054,0.5092564335208072,0.1697521445069357,2.9244444331932167,82.0755684347831,12.052402259992435,"8a7558240517fff,8a755824051ffff,8a755824625ffff,8a75582405b7fff,8a7558240437fff,8a7558240407fff,8a755824040ffff,8a75582404e7fff,8a7558240417fff,8a7558240597fff,8a755824296ffff,8a755824291ffff,8a75582429affff,8a75582429a7fff,8a755824665ffff,8a755824664ffff,8a7558242937fff,8a7558242927fff,8a75582462d7fff,8a75582462c7fff,8a75582462e7fff,8a7558246277fff,8a755824634ffff,8a7558240cb7fff,8a7558240c17fff,8a7558240c37fff,8a7558240c27fff,8a7558240d1ffff,8a7558240daffff,8a7558240da7fff,8a7558246a5ffff,8a7558246a4ffff,8a7558246a6ffff,8a755824469ffff,8a7558240d27fff,8a7558244687fff,8a75582446a7fff,8a755824478ffff,8a75582447affff,8a7558244737fff,8a755824446ffff,8a755824409ffff,8a7558244087fff,8a75582440affff",4,4
-39353757#14,57392486,"39353757#14,39353757#15,39353757#16,39353757#17,57680181#0,57680181#1,-39353757#0,57680128,174375407#0,174375407#1,174375407#2,174375407#3,174375407#4,174375402,174375403,563272698,563272697,563271328,1238123691,-22561498,-22561652#6,-22561652#5,-22561652#4,-22561652#3,-22561652#2,-22561652#1,-22561652#0,-174907151#4,-174907151#1,-57392486",3.846561374729877,2335.5907545728264,33.99240000000001,9.68935713891883,39.99600000000001,0.0921303177423122,0.0,0.0,0.1872598471064744,0.029891308441074,0.3427741934375854,0.0,0.4400746510148661,0.8563144018635213,7.706829616771691,0.4281572009317606,0.8563144018635213,97.31935342286452,1.2844716027952818,0.4281572009317606,1.655222795017561,84.77831154743785,12.84471602795282,"8a755824051ffff,8a7558240437fff,8a7558240407fff,8a755824040ffff,8a75582404e7fff,8a7558240417fff,8a7558240597fff,8a755824296ffff,8a755824291ffff,8a75582429affff,8a75582429a7fff,8a755824665ffff,8a75582466effff,8a75582466c7fff,8a75582466f7fff,8a75582466affff,8a7558246687fff",0,0
-39353757#14,57392486,"-39353757#14,49188792#0,49188792#1,-39353757#7,-39353757#6,57680106,39353757#15,39353757#16,39353757#17,39353757#18,174375411#0,174375411#1,57680128,174375407#0,174375407#1,174375407#2,174375407#3,174375407#4,174375402,174375403,563272698,563272697,563271328,1238123691,-22561498,-22561652#6,-22561652#5,-22561652#4,-22561652#3,-22561652#2,-22561652#1,-22561652#0,-174907151#4,-174907151#1,-57392486",4.949602591216474,2952.597813023487,33.42034285714286,9.06082060282835,39.99600000000001,0.0728777611991984,0.0,0.0,0.1481279860316429,0.0236448944482442,0.271144357544308,0.0,0.5570827619758048,0.6773696001461106,6.096326401314995,0.3386848000730553,0.6773696001461106,101.37644005139316,1.0160544002191658,0.3386848000730553,2.061587738985743,91.6357744942446,11.853968002556934,"8a7558240437fff,8a755824051ffff,8a755824625ffff,8a75582405b7fff,8a7558240407fff,8a755824040ffff,8a75582404e7fff,8a75582404f7fff,8a75582404affff,8a755824296ffff,8a755824291ffff,8a75582429affff,8a75582429a7fff,8a755824665ffff,8a75582466effff,8a75582466c7fff,8a75582466f7fff,8a75582466affff,8a7558246687fff",2,2
-39353757#14,57392486,"-39353757#14,-39353757#13,174375412,49188792#1,-39353757#7,-39353757#6,57680106,39353757#15,39353757#16,39353757#17,39353757#18,39353757#19,174907149,563297843,174375407#0,174375407#1,174375407#2,174375407#3,174375407#4,174375402,174375403,561133137,563273548,174375406,1238123693,1238123694,563272697,563271328,1238123691,-22561498,-22561652#6,-22561652#5,-22561652#4,-22561652#3,-22561652#2,-22561652#1,-22561652#0,-174907151#4,-174907151#1,-57392486",5.022503083306758,3075.9363376274023,35.4933,10.120492473575204,39.99600000000001,0.1097586354639954,0.0,0.0,0.1421883678977434,0.0619901620747644,0.3911597506763998,0.0,0.4046617193510922,0.6502085155451179,5.851876639906061,0.3251042577725589,0.6502085155451179,99.66159395846567,0.9753127733176769,0.3251042577725589,2.1477062035278696,99.6534652719027,13.004170310902358,"8a7558240437fff,8a755824051ffff,8a755824625ffff,8a75582405b7fff,8a7558240407fff,8a755824040ffff,8a75582404e7fff,8a75582404f7fff,8a755824296ffff,8a755824291ffff,8a75582429affff,8a75582429a7fff,8a755824665ffff,8a755824664ffff,8a75582466effff,8a75582466c7fff,8a75582466f7fff,8a75582466affff,8a7558246687fff",3,3
-39353757#14,57392486,"-39353757#14,-39353757#13,-39353757#12,-39353757#11,-39353757#10,-39353757#9,-39353757#8,-39353757#7,-39353757#6,-39353757#5,57680150#0,57680150#1,39353757#16,39353757#17,39353757#18,174375411#0,174375411#1,57680128,174375407#0,174375407#1,174375407#2,174375407#3,174375407#4,174375402,174375403,563272698,563272697,563271328,1238123691,-22561498,-22561652#6,-22561652#5,-22561652#4,-22561652#3,-22561652#2,-22561652#1,-22561652#0,-174907151#4,-174907151#1,-57392486",4.979694628031201,3031.772557027474,32.9913,8.537833984006808,39.99600000000001,0.0709745583770885,0.0,0.0,0.1442596234967633,0.0230274080010496,0.2640634223181694,0.0,0.5686495461840178,0.6596800922167184,5.937120829950466,0.3298400461083592,0.6596800922167184,109.95685470828587,0.9895201383250776,0.3298400461083592,2.116869796283215,89.76195069990095,13.193601844334369,"8a7558240437fff,8a755824051ffff,8a7558240517fff,8a755824624ffff,8a755824625ffff,8a75582405b7fff,8a7558240407fff,8a755824040ffff,8a75582404e7fff,8a75582404f7fff,8a75582404affff,8a755824296ffff,8a755824291ffff,8a75582429affff,8a75582429a7fff,8a755824665ffff,8a75582466effff,8a75582466c7fff,8a75582466f7fff,8a75582466affff,8a7558246687fff",4,4
-39353757#15,-174375407#2,"39353757#15,-57680150#1,-57680150#0,-39353757#4,-39353757#3,-39353757#2,-39353757#1,-39353757#0,57680128,174375407#0,174375407#1,174375407#2",1.9522809123649456,1159.7894211317132,29.988,0.0,0.0,0.0,0.0,0.0,0.0,0.0,0.396245607488028,0.0,0.6037543925119719,0.0,6.035578418338612,0.0,0.0,59.90248849505515,0.8622254883340874,0.0,1.5221246633912142,132.63160516799195,10.346705860009047,"8a7558240437fff,8a7558240407fff,8a75582405b7fff,8a7558240597fff,8a755824296ffff,8a755824291ffff,8a75582429affff",0,0
-39353757#15,-174375407#2,"-39353757#15,-39353757#14,-39353757#13,174375412,49188792#1,-39353757#7,-39353757#6,-39353757#5,57680150#0,57680150#1,39353757#16,39353757#17,39353757#18,39353757#19,174907149,57680093,57680128,174375407#0,174375407#1,174375407#2",3.793707504600112,2186.5785883514195,30.988800000000005,4.47571366376358,20.016000000000005,0.0121231850130558,0.0,0.0,0.0,0.0,0.4014167100817322,0.0,0.5985832899182679,0.0,9.604045384818772,0.4573354945151797,0.0,108.94695217140976,1.3720064835455392,0.0,2.7811988616341767,132.04761612618813,9.146709890303594,"8a7558240407fff,8a7558240437fff,8a755824051ffff,8a755824625ffff,8a75582405b7fff,8a755824040ffff,8a75582404e7fff,8a75582404f7fff,8a755824296ffff,8a755824291ffff,8a75582429affff",1,1
-39353757#15,-174375407#2,"39353757#15,-57680150#1,-57680150#0,-39353757#4,-39353757#3,1123308755,-39389916#1,-39389916#0,39353757#17,39353757#18,174375411#0,174375411#1,57680128,174375407#0,174375407#1,174375407#2",3.727871148459384,2098.601807880231,29.988,0.0,0.0,0.0,0.0,0.0,0.0,0.0,0.2189845934606912,0.0,0.7810154065393087,0.0,3.3355541645466347,0.0,0.0,79.97466878681422,0.4765077377923764,0.0,2.7542358226503607,125.5924796338576,7.624123804678022,"8a7558240437fff,8a7558240407fff,8a75582405b7fff,8a7558240597fff,8a7558240417fff,8a755824040ffff,8a75582404e7fff,8a75582404f7fff,8a75582404affff,8a755824296ffff,8a755824291ffff,8a75582429affff",2,2
-39353757#15,-174375407#2,"-39353757#15,-39353757#14,49188792#0,49188792#1,-39353757#7,-39353757#6,-39353757#5,57680150#0,57680150#1,39353757#16,39389916#0,39389916#1,1123308756,-39353757#3,-39353757#2,-39353757#1,-39353757#0,57680128,174375407#0,174375407#1,174375407#2",3.730432172869147,2158.5346746550663,29.988000000000003,3.640448215221994e-15,0.0,0.0,0.0,0.0,0.0,0.0,0.2129043693995612,0.0,0.787095630600439,0.0,3.2429407237197148,0.0,0.0,94.99246919416068,0.4632772462456735,0.0,2.745528659216769,116.82526251193708,9.728822171159145,"8a7558240407fff,8a7558240437fff,8a755824051ffff,8a755824625ffff,8a75582405b7fff,8a755824040ffff,8a7558240417fff,8a7558240597fff,8a755824296ffff,8a755824291ffff,8a75582429affff",3,3
-39353757#15,-174375407#2,"-39353757#15,-39353757#14,-39353757#13,-39353757#12,57680155,-39353757#10,-39353757#9,-39353757#8,-39353757#7,-39353757#6,-39353757#5,-39353757#4,-39353757#3,1123308755,-39389916#1,-39389916#0,39353757#17,39353757#18,39353757#19,174907149,563297843,174375407#0,174375407#1,174375407#2",3.912725090036014,2301.930918352694,29.988,0.0,0.0,0.0,0.0,0.0,0.0,0.0,0.3853738958301039,0.0,0.614626104169896,0.0,3.040925313696788,0.0,0.0,109.04764177052527,0.4344179019566839,0.0,2.9279202146170924,112.54690731792728,10.426029646960414,"8a7558240407fff,8a7558240437fff,8a755824051ffff,8a7558240517fff,8a755824624ffff,8a755824625ffff,8a75582405b7fff,8a7558240597fff,8a7558240417fff,8a755824040ffff,8a75582404e7fff,8a75582404f7fff,8a755824296ffff,8a755824291ffff,8a75582429affff",4,4
-39353757#15,-174375407#3,"39353757#15,-57680150#1,-57680150#0,-39353757#4,-39353757#3,-39353757#2,-39353757#1,-39353757#0,57680128,174375407#0,174375407#1,174375407#2,174375407#3",2.07843137254902,1400.6416395998692,29.988,0.0,0.0,0.0,0.0,0.0,0.0,0.0,0.5000662999015023,0.0,0.4999337000984977,0.0,4.997709479777952,0.0,0.0,62.58202298681553,0.7139584971111359,0.0,1.5419200631121854,133.13449468549243,9.281460462444768,"8a7558240437fff,8a7558240407fff,8a75582405b7fff,8a7558240597fff,8a755824296ffff,8a755824291ffff,8a75582429affff,8a75582429a7fff",0,0
-39353757#15,-174375407#3,"-39353757#15,-39353757#14,-39353757#13,174375412,49188792#1,-39353757#7,-39353757#6,-39353757#5,57680150#0,57680150#1,39353757#16,39353757#17,39353757#18,39353757#19,174907149,57680093,57680128,174375407#0,174375407#1,174375407#2,174375407#3",3.919857964784186,2427.4308068195755,30.941142857142864,4.367849290963624,20.016000000000005,0.0109203099415641,0.0,0.0,0.0,0.0,0.4608087689242556,0.0,0.5391912310757446,0.0,8.65112197678427,0.4119581893706795,0.0,110.14619665200428,1.2358745681120389,0.0,2.557744642761898,131.8653724373093,8.65112197678427,"8a7558240407fff,8a7558240437fff,8a755824051ffff,8a755824625ffff,8a75582405b7fff,8a755824040ffff,8a75582404e7fff,8a75582404f7fff,8a755824296ffff,8a755824291ffff,8a75582429affff,8a75582429a7fff",1,1
-39353757#15,-174375407#3,"39353757#15,-57680150#1,-57680150#0,-39353757#4,-39353757#3,1123308755,-39389916#1,-39389916#0,39353757#17,39353757#18,174375411#0,174375411#1,57680128,174375407#0,174375407#1,174375407#2,174375407#3",3.854021608643457,2339.454026348387,29.988,0.0,0.0,0.0,0.0,0.0,0.0,0.0,0.2993919411598541,0.0,0.7006080588401458,0.0,2.9921511263575367,0.0,0.0,80.74735728277079,0.4274501609082195,0.0,2.5754275740264787,124.48045031128632,7.266652735439732,"8a7558240437fff,8a7558240407fff,8a75582405b7fff,8a7558240597fff,8a7558240417fff,8a755824040ffff,8a75582404e7fff,8a75582404f7fff,8a75582404affff,8a755824296ffff,8a755824291ffff,8a75582429affff,8a75582429a7fff",2,2
-39353757#15,-174375407#3,"-39353757#15,-39353757#14,49188792#0,49188792#1,-39353757#7,-39353757#6,-39353757#5,57680150#0,57680150#1,39353757#16,39389916#0,39389916#1,1123308756,-39353757#3,-39353757#2,-39353757#1,-39353757#0,57680128,174375407#0,174375407#1,174375407#2,174375407#3",3.856582633053221,2399.3868931232223,29.988000000000003,3.636318380409584e-15,0.0,0.0,0.0,0.0,0.0,0.0,0.2919136068510272,0.0,0.7080863931489729,0.0,2.9174119522209585,0.0,0.0,95.60176636521156,0.4167731360315654,0.0,2.5281952237558403,117.74837835110324,9.16900899269444,"8a7558240407fff,8a7558240437fff,8a755824051ffff,8a755824625ffff,8a75582405b7fff,8a755824040ffff,8a7558240417fff,8a7558240597fff,8a755824296ffff,8a755824291ffff,8a75582429affff,8a75582429a7fff",3,3
-39353757#15,-174375407#3,"-39353757#15,-39353757#14,-39353757#13,-39353757#12,-39353757#11,-39353757#10,-39353757#9,-39353757#8,-39353757#7,-39353757#6,-39353757#5,57680150#0,57680150#1,39353757#16,39353757#17,57680181#0,57680181#1,-39353757#0,57680128,174375407#0,174375407#1,174375407#2,174375407#3",3.966806722689076,2473.879457614518,29.988000000000007,7.265119821590034e-15,0.0,0.0,0.0,0.0,0.0,0.0,0.2831236097809173,0.0,0.7168763902190828,0.0,2.8295638974866923,0.0,0.0,113.03972967715984,0.4042234139266703,0.0,2.6066868360472912,109.09788863331302,9.297138520313418,"8a7558240407fff,8a7558240437fff,8a755824051ffff,8a7558240517fff,8a755824624ffff,8a755824625ffff,8a75582405b7fff,8a755824040ffff,8a75582404e7fff,8a7558240417fff,8a7558240597fff,8a755824296ffff,8a755824291ffff,8a75582429affff,8a75582429a7fff",4,4
-39353757#17,563273548,"39353757#17,39353757#18,39353757#19,174907149,57680093,57680128,174375407#0,174375407#1,174375407#2,174375407#3,174375407#4,174375402,174375403,561133137,563273548",2.457076552723321,1425.1108451326152,35.3256,9.162077967672744,20.016000000000005,0.0817478130637773,0.0,0.0,0.0,0.0394127711931666,0.8376945501004592,0.0,0.122892678706374,0.0,15.437395677072942,0.7016998035033156,0.0,126.58059525914533,2.8067992140132625,0.0,1.3963419148442395,133.47467245502585,10.525497052549731,"8a755824040ffff,8a75582404e7fff,8a75582404f7fff,8a755824296ffff,8a755824291ffff,8a75582429affff,8a75582429a7fff,8a755824665ffff,8a755824664ffff",0,0
-39353757#17,563273548,"-39353757#17,39389916#0,39389916#1,1123308756,-39353757#3,-39353757#2,-39353757#1,-39353757#0,57680128,174375407#0,174375407#1,174375407#2,174375407#3,174375407#4,174375402,174375403,561133137,563273548",2.5752238116268824,1521.5611426480918,34.43600000000001,8.562697321041117,20.016000000000005,0.0765658978122359,0.0,0.0,0.0,0.0369144335313132,0.5097658233898401,0.0,0.4533197430788468,0.0,5.257757822388244,0.0,0.0,120.21230136288318,1.3144394555970609,0.0,1.4638308858716007,106.01465765089463,11.82995510037355,"8a75582404e7fff,8a755824040ffff,8a7558240417fff,8a7558240597fff,8a755824296ffff,8a755824291ffff,8a75582429affff,8a75582429a7fff,8a755824665ffff,8a755824664ffff",2,2
-39353757#17,563273548,"39353757#17,57680181#0,57680181#1,-39353757#0,57680128,174375407#0,174375407#1,174375407#2,174375407#3,174375407#4,174375402,174375403,561133137,563273548",2.516180194179904,1445.0135751842154,35.706857142857146,9.383645534464929,20.016000000000005,0.0806218688625198,0.0,0.0,0.0,0.038869923873865,0.536769952919722,0.0,0.424360123206413,0.0,5.536280168842104,0.0,0.0,125.1824718275864,1.384070042210526,0.0,1.4158428654445372,112.7247086260227,9.68849029547368,"8a755824040ffff,8a75582404e7fff,8a7558240417fff,8a7558240597fff,8a755824296ffff,8a755824291ffff,8a75582429affff,8a75582429a7fff,8a755824665ffff,8a755824664ffff",3,3
-39353757#17,563273548,"-39353757#17,-39353757#16,-57680150#1,-57680150#0,-39353757#4,-39353757#3,-39353757#2,-39353757#1,-39353757#0,57680128,174375407#0,174375407#1,174375407#2,174375407#3,174375407#4,174375402,174375403,561133137,563273548",2.847672791218719,1670.3000352530785,34.20189473684211,8.38377982836658,20.016000000000005,0.0697477653740282,0.0,0.0,0.0,0.0336272325202949,0.4643715813623078,0.0,0.5020011861173973,0.0,4.7895586608114185,0.0,0.0,121.91972896134357,1.1973896652028546,0.0,1.606926407190309,115.69752519718338,11.37520181942712,"8a75582404e7fff,8a755824040ffff,8a7558240407fff,8a75582405b7fff,8a7558240597fff,8a755824296ffff,8a755824291ffff,8a75582429affff,8a75582429a7fff,8a755824665ffff,8a755824664ffff",4,4
-39353757#17,57680181#0,"-39353757#17,39389916#0,39389916#1,1123308756,-39353757#3,-39353757#2,-39353757#1,-39353757#0,57680128,-563297843,-174907149,-39353757#19,-39353757#18,57680181#0",2.0623849539815926,1366.5933043187415,29.988,0.0,0.0,0.0,0.0,0.0,0.0,0.0,0.3128528588949557,0.0,0.6871471411050444,0.0,10.244452358837746,0.7317465970598389,0.0,103.98284758964672,1.4634931941196778,0.7317465970598389,7.14333486258113,124.9755153374204,10.244452358837746,"8a75582404e7fff,8a755824040ffff,8a7558240417fff,8a7558240597fff,8a755824296ffff,8a75582404f7fff",0,0
-39353757#17,57680181#0,"-39353757#17,-39353757#16,-57680150#1,-57680150#0,-39353757#4,-39353757#3,-39353757#2,-39353757#1,-39353757#0,57680128,-563297843,-174907149,-39353757#19,-39353757#18,57680181#0",2.334833933573429,1515.332196923728,29.988,0.0,0.0,0.0,0.0,0.0,0.0,0.0,0.2821444849325948,0.0,0.7178555150674052,0.0,9.238898261662602,0.6599213044044715,0.0,105.07696729259229,1.319842608808943,0.6599213044044715,7.920809560875933,134.02051738299724,9.898819566067072,"8a75582404e7fff,8a755824040ffff,8a7558240407fff,8a75582405b7fff,8a7558240597fff,8a755824296ffff,8a75582404f7fff,8a7558240417fff",1,1
-39353757#17,57680181#0,"39353757#17,57680181#0",0.1683873549419768,289.93857419293425,29.988,0.0,0.0,0.0,0.0,0.0,0.0,0.0,0.0,0.0,1.0,0.0,0.0,0.0,0.0,92.55154373545712,0.0,0.0,1.9595042115706456,65.53604316174207,6.898012813807718,"8a755824040ffff,8a75582404e7fff,8a7558240417fff",2,2
-39353757#2,-174375407#2,"-39353757#2,-39353757#1,-39353757#0,57680128,174375407#0,174375407#1,174375407#2",0.873329331732693,561.6548680664563,29.988,0.0,0.0,0.0,0.0,0.0,0.0,0.0,0.818227509211489,0.0,0.1817724907885109,0.0,12.46316981832292,0.0,0.0,49.95903289232261,1.780452831188989,0.0,1.1632349795433397,124.74209356529062,12.46316981832292,"8a7558240597fff,8a755824296ffff,8a755824291ffff,8a75582429affff",0,0
-39353757#2,-174375407#2,"39353757#2,1123308755,-39389916#1,-39389916#0,39353757#17,57680181#0,57680181#1,-39353757#0,57680128,174375407#0,174375407#1,174375407#2",2.729551820728291,1546.5258643255067,29.988,0.0,0.0,0.0,0.0,0.0,0.0,0.0,0.2971573087366079,0.0,0.702842691263392,0.0,4.526274122840449,0.0,0.0,105.40702287124203,0.646610588977207,0.0,3.196695232714519,120.88642890391192,7.759327067726484,"8a7558240597fff,8a7558240417fff,8a755824040ffff,8a75582404e7fff,8a755824296ffff,8a755824291ffff,8a75582429affff",2,2
-39353757#2,-174375407#2,"39353757#2,39353757#3,39353757#4,39353757#5,39353757#6,39353757#7,39353757#8,39353757#9,39353757#10,39353757#11,39353757#12,39353757#13,39353757#14,39353757#15,39353757#16,39353757#17,39353757#18,174375411#0,174375411#1,57680128,174375407#0,174375407#1,174375407#2",3.148999599839936,1912.502831478361,29.988000000000007,7.265119821590034e-15,0.0,0.0,0.0,0.0,0.0,0.0,0.240293220052011,0.0,0.759706779947989,0.0,3.660125300096426,0.0,0.0,110.38832518128916,0.522875042870918,0.0,3.953175840745661,82.87204740623007,12.026125986031111,"8a7558240597fff,8a75582405b7fff,8a755824625ffff,8a755824624ffff,8a7558240517fff,8a755824051ffff,8a7558240437fff,8a7558240407fff,8a755824040ffff,8a75582404e7fff,8a75582404f7fff,8a75582404affff,8a755824296ffff,8a755824291ffff,8a75582429affff",3,3
-39353757#2,-174375407#2,"39353757#2,1123308755,1123308756,39353757#4,39353757#5,57680106,39353757#15,39353757#16,39353757#17,57680181#0,57680181#1,-39353757#0,57680128,174375407#0,174375407#1,174375407#2",3.185434173669468,1841.3906983897928,29.988,0.0,0.0,0.0,0.0,0.0,0.0,0.0,0.2495730341944206,0.0,0.7504269658055793,0.0,3.8014746170495815,0.0,0.0,115.07573792216516,0.5430678024356544,0.0,3.806185853655126,111.21949161375358,8.689084838970471,"8a7558240597fff,8a75582405b7fff,8a7558240437fff,8a7558240407fff,8a755824040ffff,8a75582404e7fff,8a7558240417fff,8a755824296ffff,8a755824291ffff,8a75582429affff",4,4
-39353757#3,-22561499#1,"-39353757#3,-39353757#2,-39353757#1,-39353757#0,57680128,174375407#0,174375407#1,174375407#2,174375407#3,174375407#4,174375402,174375403,561133137,563273548,174375408#0,174375408#1,-174375409,57680120#0,57680120#1,1238123694,563272697,563271328,1238123691,-22561498,-22561652#6,-22561652#5,-22561652#4,-22561652#3,-22561652#2,-22561652#1,-22561652#0,-174907151#4,-174907151#1,-57392486,1004094803#0,1004094803#1,1004094802,57392452,-24580169#1,-24580169#0,22561499#0,22561499#1",4.17673810956291,2000.8743651026475,34.28142857142858,12.907510925800205,39.99600000000001,0.1612532845784381,0.0,0.0,0.24512596759267,0.1002532764678179,0.3876504603427208,0.0,0.2669702955967912,1.4993445127406069,21.490604682615366,0.999563008493738,0.999563008493738,107.89651604279564,2.9986890254812137,0.999563008493738,1.582035062831516,64.17510058364405,20.990823178368498,"8a7558240597fff,8a755824296ffff,8a755824291ffff,8a75582429affff,8a75582429a7fff,8a755824665ffff,8a755824664ffff,8a7558246647fff,8a75582466effff,8a75582466c7fff,8a75582466f7fff,8a75582466affff,8a7558246687fff,8a7558246697fff,8a7558255a67fff,8a7558255b4ffff",0,0
-39353757#3,-22561499#1,"39353757#3,39353757#4,57680150#0,57680150#1,39353757#16,39353757#17,39353757#18,39353757#19,174907149,563297843,174375407#0,174375407#1,174375407#2,174375407#3,174375407#4,174375402,174375403,561133137,563273548,174375406,1238123693,1238123694,563272697,563271328,1238123691,-22561498,-22561652#6,-22561652#5,-22561652#4,-22561652#3,-22561652#2,-22561652#1,-22561652#0,-174907151#4,-174907151#1,-57392486,1004094803#0,1004094803#1,1004094802,57392452,-24580169#1,-24580169#0,22561499#0,22561499#1",6.242642628317856,3086.6532523052083,32.72154545454546,11.885368083751464,39.99600000000001,0.1007895131037448,0.0,0.0,0.1588990484794041,0.0820656297271581,0.3898016371046016,0.0,0.3692336846888362,0.9719264701208362,8.747338231087525,0.3239754900402787,0.6479509800805575,108.47705784505924,1.6198774502013935,0.3239754900402787,2.4099081816973085,97.46724835279171,14.254921561772264,"8a7558240597fff,8a75582405b7fff,8a7558240407fff,8a755824040ffff,8a75582404e7fff,8a75582404f7fff,8a755824296ffff,8a755824291ffff,8a75582429affff,8a75582429a7fff,8a755824665ffff,8a755824664ffff,8a75582466effff,8a75582466c7fff,8a75582466f7fff,8a75582466affff,8a7558246687fff,8a7558246697fff,8a7558255a67fff,8a7558255b4ffff",1,1
-39353757#3,-22561499#1,"-39353757#3,-39353757#2,-39353757#1,-39353757#0,57680128,174375407#0,174375407#1,174375407#2,174375407#3,174375407#4,174375402,174375403,563272698,563272697,563271328,1238123691,-22561498,-22561652#6,-22561652#5,-22561652#4,-22561652#3,-22561652#2,-22561652#1,-22561652#0,-174907151#4,-174907151#1,-174907152#2,-174907152#1,-174907152#0,-22561653,-22561499#1",2.53565701298518,1617.0739723495792,34.507741935483885,8.50727474956088,20.016000000000005,0.1330667130967116,0.0,0.0,0.384692060766012,0.0431729561113514,0.4950795392097948,0.0,0.0770554439128415,0.6184009000819042,5.565608100737137,0.0,1.2368018001638084,95.0928813198712,1.2368018001638084,0.0,1.2656124516746752,72.10545055471742,19.17042790253903,"8a7558240597fff,8a755824296ffff,8a755824291ffff,8a75582429affff,8a75582429a7fff,8a755824665ffff,8a75582466effff,8a75582466c7fff,8a75582466f7fff,8a75582466affff,8a7558246687fff,8a7558246697fff,8a7558255b4ffff",2,2
-39353757#3,-22561499#1,"39353757#3,39353757#4,57680150#0,57680150#1,39353757#16,39353757#17,57680181#0,57680181#1,-39353757#0,57680128,174375407#0,174375407#1,174375407#2,174375407#3,174375407#4,174375402,174375403,561133137,563273548,174375408#0,174375408#1,-174375409,57680120#0,57680120#1,1238123694,563272697,563271328,1238123691,-22561498,-22561652#6,-22561652#5,-22561652#4,-22561652#3,-22561652#2,-22561652#1,-22561652#0,-174907151#4,-174907151#1,-174907152#2,-174907152#1,-174907152#0,-22561653,-22561499#1",4.70898949932745,2850.9154914095698,36.50483720930233,9.490332667485104,20.016000000000005,0.1131733172638075,0.0,0.0,0.218202019915599,0.0483928269775422,0.272066945182052,0.0,0.4613382079248065,0.35076451863032,8.769112965758001,0.35076451863032,0.7015290372606401,113.15223580841592,1.05229355589096,0.35076451863032,2.203695741179472,90.47624682296356,15.082874301103764,"8a7558240597fff,8a75582405b7fff,8a7558240407fff,8a755824040ffff,8a75582404e7fff,8a7558240417fff,8a755824296ffff,8a755824291ffff,8a75582429affff,8a75582429a7fff,8a755824665ffff,8a755824664ffff,8a7558246647fff,8a75582466effff,8a75582466c7fff,8a75582466f7fff,8a75582466affff,8a7558246687fff,8a7558246697fff,8a7558255b4ffff",3,3
-39353757#3,-22561499#1,"39353757#3,39353757#4,39353757#5,39353757#6,39353757#7,39353757#8,39353757#9,39353757#10,39353757#11,39353757#12,39353757#13,39353757#14,39353757#15,39353757#16,39353757#17,57680181#0,57680181#1,-39353757#0,57680128,174375407#0,174375407#1,174375407#2,174375407#3,174375407#4,174375402,174375403,563272698,563272697,563271328,1238123691,-22561498,-22561652#6,-22561652#5,-22561652#4,-22561652#3,-22561652#2,-22561652#1,-22561652#0,-174907151#4,-174907151#1,-174907152#2,-174907152#1,-174907152#0,-22561653,-22561499#1",4.845600990576217,2960.547501164752,33.101600000000005,7.336442457163604,20.016000000000005,0.0726820691950204,0.0,0.0,0.2101217827410305,0.0235814029700893,0.2704162783350088,0.0,0.4958805359538711,0.3377753606745292,3.0399782460707625,0.0,0.6755507213490584,114.56783404648236,0.6755507213490584,0.0,2.2884389030593737,72.55525830424641,15.199891230353812,"8a7558240597fff,8a75582405b7fff,8a755824625ffff,8a755824624ffff,8a7558240517fff,8a755824051ffff,8a7558240437fff,8a7558240407fff,8a755824040ffff,8a75582404e7fff,8a7558240417fff,8a755824296ffff,8a755824291ffff,8a75582429affff,8a75582429a7fff,8a755824665ffff,8a75582466effff,8a75582466c7fff,8a75582466f7fff,8a75582466affff,8a7558246687fff,8a7558246697fff,8a7558255b4ffff",4,4
-39353757#4,-22561653,"39353757#4,57680150#0,57680150#1,39353757#16,39353757#17,39353757#18,39353757#19,174907149,57680093,57680128,174375407#0,174375407#1,174375407#2,174375407#3,174375407#4,174375402,174375403,561133137,563273548,174375408#0,174375408#1,-174375409,57680120#0,57680120#1,1238123694,563272697,563271328,1238123691,-22561498,-22561652#6,-22561652#5,-22561652#4,-22561652#3,-22561652#2,-22561652#1,-22561652#0,-174907151#4,-174907151#1,-174907152#2,-174907152#1,-174907152#0,-22561653",4.592222792644776,2794.2652894585794,36.66,9.55000837185178,20.016000000000005,0.1154677634291894,0.0,0.0,0.217530882867601,0.0493739304653174,0.4272348773612562,0.0,0.3058603093058251,0.3578758265267509,13.957157234543285,0.7157516530535017,0.7157516530535017,111.00718030202842,1.7893791326337545,0.3578758265267509,2.209346943454765,100.8126377190418,15.030784714123538,"8a7558240597fff,8a75582405b7fff,8a7558240407fff,8a755824040ffff,8a75582404e7fff,8a75582404f7fff,8a755824296ffff,8a755824291ffff,8a75582429affff,8a75582429a7fff,8a755824665ffff,8a755824664ffff,8a7558246647fff,8a75582466effff,8a75582466c7fff,8a75582466f7fff,8a75582466affff,8a7558246687fff,8a7558246697fff,8a7558255b4ffff",0,0
-39353757#4,-22561653,"-39353757#4,-39353757#3,1123308755,-39389916#1,-39389916#0,39353757#17,39353757#18,174375411#0,174375411#1,57680128,174375407#0,174375407#1,174375407#2,174375407#3,174375407#4,174375402,174375403,563272698,563272697,563271328,1238123691,-22561498,-22561652#6,-22561652#5,-22561652#4,-22561652#3,-22561652#2,-22561652#1,-22561652#0,-174907151#4,-174907151#1,-57392486,1004094803#0,1004094803#1,1004094802,57392452,-24580169#1,-24580169#0,22561499#0,22561499#1,22561499#2",6.013149520779665,2932.8188419834387,30.96878048780488,10.909909081913094,39.99600000000001,0.0733692498338144,0.0,0.0,0.1772522725391003,0.0451593574549302,0.2729729588608197,0.0,0.5046154111451499,1.022906685218623,9.206160166967608,0.3409688950728743,0.6819377901457487,105.79568001711668,1.704844475364372,0.3409688950728743,2.434557310965001,81.24510617236378,13.97972469798785,"8a75582405b7fff,8a7558240597fff,8a7558240417fff,8a755824040ffff,8a75582404e7fff,8a75582404f7fff,8a75582404affff,8a755824296ffff,8a755824291ffff,8a75582429affff,8a75582429a7fff,8a755824665ffff,8a75582466effff,8a75582466c7fff,8a75582466f7fff,8a75582466affff,8a7558246687fff,8a7558246697fff,8a7558255a67fff,8a7558255b4ffff",1,1
-39353757#4,-22561653,"39353757#4,57680150#0,57680150#1,39353757#16,39353757#17,39353757#18,174375411#0,174375411#1,57680128,174375407#0,174375407#1,174375407#2,174375407#3,174375407#4,174375402,174375403,563272698,563272697,563271328,1238123691,-22561498,-22561652#6,-22561652#5,-22561652#4,-22561652#3,-22561652#2,-22561652#1,-22561652#0,-174907151#4,-174907151#1,-174907152#2,-174907152#1,-174907152#0,-22561653",4.530935124229678,2676.1016127627986,34.108941176470594,8.215079412520048,20.016000000000005,0.080407529111965,0.0,0.0,0.2271359923267961,0.0260878971501315,0.2991591325534405,0.0,0.4476169779696317,0.373677888474348,3.3631009962691323,0.0,0.747355776948696,104.71065870257816,0.747355776948696,0.0,2.1159182490068646,95.94822077766908,12.705048208127833,"8a7558240597fff,8a75582405b7fff,8a7558240407fff,8a755824040ffff,8a75582404e7fff,8a75582404f7fff,8a75582404affff,8a755824296ffff,8a755824291ffff,8a75582429affff,8a75582429a7fff,8a755824665ffff,8a75582466effff,8a75582466c7fff,8a75582466f7fff,8a75582466affff,8a7558246687fff,8a7558246697fff,8a7558255b4ffff",2,2
-39353757#4,-22561653,"39353757#4,39353757#5,57680106,39353757#15,39353757#16,39353757#17,57680181#0,57680181#1,-39353757#0,57680128,174375407#0,174375407#1,174375407#2,174375407#3,174375407#4,174375402,174375403,561133137,563273548,174375406,1238123693,1238123694,563272697,563271328,1238123691,-22561498,-22561652#6,-22561652#5,-22561652#4,-22561652#3,-22561652#2,-22561652#1,-22561652#0,-174907151#4,-174907151#1,-174907152#2,-174907152#1,-174907152#0,-22561653",4.775494258178434,2885.8406655522003,35.63353846153847,9.124909141137142,20.016000000000005,0.1078029990129076,0.0,0.0,0.2106280511734035,0.0660735689178093,0.268774322151141,0.0,0.4545240577576459,0.3465194776471319,3.118675298824188,0.0,0.6930389552942638,100.76851826738752,0.6930389552942638,0.0,2.28175301671897,86.81967642340926,13.514259628238143,"8a7558240597fff,8a75582405b7fff,8a7558240437fff,8a7558240407fff,8a755824040ffff,8a75582404e7fff,8a7558240417fff,8a755824296ffff,8a755824291ffff,8a75582429affff,8a75582429a7fff,8a755824665ffff,8a755824664ffff,8a75582466effff,8a75582466c7fff,8a75582466f7fff,8a75582466affff,8a7558246687fff,8a7558246697fff,8a7558255b4ffff",3,3
-39353757#4,-22561653,"39353757#4,39353757#5,57680106,39353757#15,39353757#16,39353757#17,39353757#18,39353757#19,174907149,563297843,174375407#0,174375407#1,174375407#2,174375407#3,174375407#4,174375402,174375403,563272698,563272697,563271328,1238123691,-22561498,-22561652#6,-22561652#5,-22561652#4,-22561652#3,-22561652#2,-22561652#1,-22561652#0,-174907151#4,-174907151#1,-174907152#2,-174907152#1,-174907152#0,-22561653",4.660386904941962,2760.868603658104,33.991200000000006,8.123287934733586,20.016000000000005,0.0779387755178544,0.0,0.0,0.2201622324861246,0.0252869200455809,0.4448320567210489,0.0,0.3097187907472455,0.3622048505586311,3.25984365502768,0.0,0.7244097011172622,106.9086004815084,0.7244097011172622,0.0,2.1829411236590737,101.3855633862742,12.677169769552089,"8a7558240597fff,8a75582405b7fff,8a7558240437fff,8a7558240407fff,8a755824040ffff,8a75582404e7fff,8a75582404f7fff,8a755824296ffff,8a755824291ffff,8a75582429affff,8a75582429a7fff,8a755824665ffff,8a75582466effff,8a75582466c7fff,8a75582466f7fff,8a75582466affff,8a7558246687fff,8a7558246697fff,8a7558255b4ffff",4,4
-39353757#6,-174375407#2,"-39353757#6,-39353757#5,-39353757#4,-39353757#3,-39353757#2,-39353757#1,-39353757#0,57680128,174375407#0,174375407#1,174375407#2",1.177110844337735,768.6958231264204,29.988,0.0,0.0,0.0,0.0,0.0,0.0,0.0,0.5978456626255717,0.0,0.4021543373744282,0.0,9.10633281644458,0.0,0.0,48.93522931121146,1.3009046880635111,0.0,1.342547415395544,98.34391183065772,14.309951568698626,"8a755824625ffff,8a75582405b7fff,8a7558240597fff,8a755824296ffff,8a755824291ffff,8a75582429affff",0,0
-39353757#6,-174375407#2,"-39353757#6,57680106,39353757#15,-57680150#1,-57680150#0,-39353757#4,-39353757#3,1123308755,-39389916#1,-39389916#0,39353757#17,39353757#18,39353757#19,174907149,57680093,57680128,174375407#0,174375407#1,174375407#2",4.443017206882753,2489.6745979982493,29.988,3.650066325022873e-15,0.0,0.0,0.0,0.0,0.0,0.0,0.3525477522150476,0.0,0.6474522477849524,0.0,8.434837234104586,0.4016589159097422,0.0,85.83654418693949,1.2049767477292266,0.0,4.348281981192421,144.9809449319148,7.631519402285102,"8a755824625ffff,8a75582405b7fff,8a7558240437fff,8a7558240407fff,8a7558240597fff,8a7558240417fff,8a755824040ffff,8a75582404e7fff,8a75582404f7fff,8a755824296ffff,8a755824291ffff,8a75582429affff",1,1
-39353757#6,-174375407#2,"-39353757#6,-39353757#5,-39353757#4,-39353757#3,1123308755,-39389916#1,-39389916#0,39353757#17,57680181#0,57680181#1,-39353757#0,57680128,174375407#0,174375407#1,174375407#2",3.0213285314125646,1738.1057715555212,29.988,0.0,0.0,0.0,0.0,0.0,0.0,0.0,0.2644036233325654,0.0,0.7355963766674346,0.0,4.027372852996936,0.0,0.0,75.45698776061259,0.5753389789995622,0.0,3.035647314688446,110.33227663587616,8.630084684993435,"8a755824625ffff,8a75582405b7fff,8a7558240597fff,8a7558240417fff,8a755824040ffff,8a75582404e7fff,8a755824296ffff,8a755824291ffff,8a75582429affff",2,2
-39353757#6,-174375407#2,"39353757#6,39761731#0,39761731#1,-174375415#0,39353757#9,39353757#10,39353757#11,39353757#12,39353757#13,39353757#14,39353757#15,39353757#16,39389916#0,39389916#1,1123308756,-39353757#3,-39353757#2,-39353757#1,-39353757#0,57680128,174375407#0,174375407#1,174375407#2",3.5259903961584635,2108.261909722449,29.988000000000007,7.265119821590034e-15,0.0,0.0,0.0,0.0,0.0,0.0,0.2179812012991426,0.0,0.7820187987008573,0.0,3.3202705829474213,0.0,0.0,81.22584471525244,0.4743243689924887,0.0,4.061304501845059,90.59241549428228,10.909460486827244,"8a75582405b7fff,8a755824625ffff,8a75582462effff,8a755824624ffff,8a7558240517fff,8a755824051ffff,8a7558240437fff,8a7558240407fff,8a755824040ffff,8a7558240417fff,8a7558240597fff,8a755824296ffff,8a755824291ffff,8a75582429affff",3,3
-39353757#6,-174375407#2,"39353757#6,39761731#0,39761731#1,39761731#2,39353757#10,39353757#11,39353757#12,39353757#13,39353757#14,39353757#15,39353757#16,39353757#17,57680181#0,57680181#1,-39353757#0,57680128,174375407#0,174375407#1,174375407#2",3.6397959183673474,2082.042697804493,29.988,3.650066325022873e-15,0.0,0.0,0.0,0.0,0.0,0.0,0.2207262436160075,0.0,0.7792737563839924,0.0,3.3620828273029546,0.0,0.0,81.75983953459043,0.4802975467575649,0.0,4.010796449261002,90.7791265543401,9.125653388393731,"8a75582405b7fff,8a755824625ffff,8a75582462effff,8a755824624ffff,8a7558240517fff,8a755824051ffff,8a7558240437fff,8a7558240407fff,8a755824040ffff,8a75582404e7fff,8a7558240417fff,8a7558240597fff,8a755824296ffff,8a755824291ffff,8a75582429affff",4,4
-41231359#1,563273548,"41231359#1,79119292,41231358#0,-79116549#2,-79116549#1,-79116549#0,79116530#2,79116530#3,-979842178#5,-979842178#4,-979842178#3,-979842178#2,-979842178#1,-979842178#0,-226068307,213840997,1157449881,979838980#0,979838980#1,979838980#2,979838980#3,979838980#4,979838980#5,979838980#6,57680170#0,57680170#1,57680132#0,57680132#1,174375406,1238123693,1238123694,563272697,561133136,563272699,561133137,563273548",2.7951956178884285,2410.193042044487,44.43699999999998,15.574331948983971,39.99600000000001,0.5903659111364172,0.0,0.0,0.0,0.5739430660143432,0.016422845122074,0.0080675305487435,0.4015665583148392,0.0,4.978854303645652,0.8298090506076087,0.0,79.58482366809257,1.6596181012152174,0.4149045253038043,1.6220511006163765,61.60573064630651,14.936562910936956,"8a7558240d77fff,8a75582446dffff,8a75582446c7fff,8a7558240d67fff,8a7558240d57fff,8a7558240c27fff,8a7558240c37fff,8a7558240c17fff,8a7558240cb7fff,8a755824634ffff,8a7558246277fff,8a75582462e7fff,8a75582462c7fff,8a75582462d7fff,8a7558242927fff,8a7558242937fff,8a755824664ffff,8a755824665ffff",0,0
-41231359#1,563273548,"41231359#1,79119292,41231358#0,79116549#3,79116549#4,79116549#5,79116549#6,79119284#1,-561133140#1,-561133140#0,-227385933,-23030922#0,-154901400#5,-154901400#4,-154901400#3,-154901400#2,-227218688,-57680127,-57680164,-57680125#1,-57680125#0,-57680135,-57680114#3,-57680114#2,-57680114#1,-57680114#0,-1264978471,-57680145#1,-57680145#0,-1116499324#2,-1116499324#1,-1116499324#0,-57680112#1,-57680112#0,1116499322,1116499321#0,22561654#0,22561654#3,22561654#4,22561654#5,22561499#0,22561499#1,22561499#2,174907152#0,174907152#1,174907152#2,-57392486,1163710302,57392474,57392457#1,22561652#1,22561652#2,22561652#3,22561652#4,22561652#5,22561652#6,125835948,563369678,1238123690,174375405,563272699,561133137,563273548",12.456598146557925,8872.340626684569,39.04114285714285,17.93616082096143,69.98400000000001,0.5293051109998516,0.0,0.0,0.1151605212810399,0.0123054821917918,0.2090792019514618,0.2884618208269801,0.3749929737487261,0.4508393183157945,4.95923250147374,0.5635491478947432,0.1127098295789486,78.29447858119515,0.7889688070526404,0.4508393183157945,5.971052786024705,249.3874689449785,7.100719263473764,"8a7558240d77fff,8a75582446dffff,8a75582446c7fff,8a755824461ffff,8a755824460ffff,8a7558244627fff,8a755824471ffff,8a7558244767fff,8a75582440c7fff,8a7558244c27fff,8a7558244c87fff,8a7558271257fff,8a75582712e7fff,8a7558246d27fff,8a7558246d37fff,8a7558273327fff,8a7558273337fff,8a75582733affff,8a755827338ffff,8a75582732f7fff,8a7558255967fff,8a75582464affff,8a75582464f7fff,8a755824648ffff,8a7558255b07fff,8a7558255b2ffff,8a7558255b77fff,8a7558255b47fff,8a7558255b5ffff,8a7558255b4ffff,8a7558246697fff,8a7558246687fff,8a755824668ffff,8a75582466f7fff,8a75582466c7fff,8a75582466effff,8a755824665ffff,8a755824664ffff",1,1
-41231359#1,563273548,"41231359#1,79119292,41231358#0,41231358#1,41231357#1,79119291#1,79116549#4,79116549#5,79116549#6,79119284#1,79119284#2,79119284#3,-79119286#3,-79119286#2,-79119286#1,-79119286#0,-41231753#2,-41231753#1,-41231753#0,1020078542,-1157449878#0,1020078539,-79116557#4,-79116557#3,-79116557#2,-79116557#1,-79116557#0,79116530#3,-979842178#5,-979842178#4,-979842178#3,870315481#0,870315481#1,870315479#1,870315480,-979842178#0,-226068307,213840997,1157449881,979838980#0,979838980#1,979838980#2,979838980#3,979838980#4,979838980#5,979838980#6,57680170#0,57680170#1,57680132#0,57680132#1,174375406,1238123693,1238123694,563272697,561133136,563272699,561133137,563273548",5.284133770543297,3928.581567209637,39.301448275862064,14.126710391923442,39.99600000000001,0.3913176753471759,0.0,0.0,0.0,0.3521152763591413,0.0100754499726249,0.0025271316809762,0.6352821419872575,0.0,3.054537571565116,0.5090895952608526,0.0,94.27850925232748,1.0181791905217052,0.2545447976304263,2.643921023665448,64.01023663616918,14.763598262564727,"8a7558240d77fff,8a75582446dffff,8a75582446c7fff,8a75582446e7fff,8a755824461ffff,8a755824460ffff,8a7558244627fff,8a755824471ffff,8a7558244637fff,8a75582447affff,8a755824478ffff,8a75582446a7fff,8a7558244687fff,8a75582446b7fff,8a755824469ffff,8a7558240d27fff,8a7558240d57fff,8a7558240c27fff,8a7558240c37fff,8a7558240c17fff,8a7558240cb7fff,8a755824634ffff,8a7558246277fff,8a75582462e7fff,8a75582462c7fff,8a75582462d7fff,8a7558242927fff,8a7558242937fff,8a755824664ffff,8a755824665ffff",2,2
-41231359#1,563273548,"41231359#1,-41231508#1,79116549#1,79116549#2,41231358#1,79119291#0,79119291#1,79116549#4,79116549#5,79116549#6,79119284#1,79119284#2,79119284#3,-79119286#3,-79119286#2,-79119286#1,-79119286#0,-41231753#2,-41231753#1,-41231753#0,1020078542,-1157449878#0,1020078539,1020078540,1020078536,-79116557#3,-79116557#2,-79116557#1,-79116557#0,79116530#3,79116530#0,-561134628#1,-561134628#0,-1034110351#0,-23881168#1,-23881168#0,1259750653,145622122#0,145622122#1,145622122#2,563298888,979838980#0,979838980#1,979838980#2,979838980#3,979838980#4,979838980#5,979838980#6,57680170#0,57680170#1,57680132#0,57680132#1,174375406,1238123693,1238123694,563272697,563271328,174375401,1238123690,174375405,563272699,561133137,563273548",5.625103969051203,4440.889797064195,43.32571428571428,15.241033369660842,39.99600000000001,0.5050199087816,0.0,0.0,0.007092586802637,0.4192486513887187,0.0,0.0043531135245008,0.5693056482841437,0.4503601961305524,2.702161176783315,0.4503601961305524,0.0,93.45782186359952,1.1259004903263812,0.2251800980652762,2.988702588292948,68.86667967235701,14.186346178112403,"8a7558240d77fff,8a7558240d67fff,8a75582446c7fff,8a75582446e7fff,8a755824461ffff,8a755824460ffff,8a7558244627fff,8a755824471ffff,8a7558244637fff,8a75582447affff,8a755824478ffff,8a75582446a7fff,8a7558244687fff,8a75582446b7fff,8a755824469ffff,8a7558240d27fff,8a7558240d57fff,8a7558240d47fff,8a7558240c67fff,8a7558240c07fff,8a7558240c37fff,8a7558240c17fff,8a7558240cb7fff,8a755824634ffff,8a7558246277fff,8a75582462e7fff,8a75582462c7fff,8a75582462d7fff,8a7558242927fff,8a7558242937fff,8a755824664ffff,8a755824665ffff",3,3
-41231359#1,563273548,"41231359#1,-41231508#1,-41231508#0,79119287#0,79119290,79116549#2,79116549#3,79116549#4,79116549#5,79116549#6,79119284#1,79119284#2,79119284#3,-79119286#3,-79119286#2,-79119286#1,41231755,-41231756#3,-41231756#2,41273133,-1020078548,-41231515#5,-41231515#4,-41231515#3,-41231515#2,-41231515#1,-41231515#0,-1157449878#1,-1157449878#0,1020078539,1020078540,-41231514#8,-41231514#7,-41231514#6,41231719,1020092132,-41231514#4,-41231514#3,-41231514#2,-41231514#1,-41231514#0,870315480,-979842178#0,-226068307,213840997,1157449881,979838980#0,979838980#1,979838980#2,979838980#3,979838980#4,979838980#5,979838980#6,57680170#0,57680170#1,57680132#0,57680132#1,174375406,1238123693,1238123694,563272697,561133136,563272699,561133137,563273548",7.084911504242971,4878.965936806549,37.99052307692308,13.603089475726293,39.99600000000001,0.291638808245622,0.0,0.0,0.0,0.2835259770521939,0.008112831193428,0.0,0.708361191754378,0.0,2.0496146375117643,0.2049614637511764,0.0,100.23379055821091,0.4099229275023529,0.2049614637511764,3.283526227821878,68.71902169989684,13.322495143826467,"8a7558240d77fff,8a7558240d67fff,8a7558240d47fff,8a7558240997fff,8a75582446c7fff,8a755824461ffff,8a755824460ffff,8a7558244627fff,8a755824471ffff,8a7558244637fff,8a75582447affff,8a7558244737fff,8a755824409ffff,8a755824446ffff,8a75582447a7fff,8a7558244787fff,8a75582446b7fff,8a755824469ffff,8a7558246a6ffff,8a7558246a4ffff,8a7558246a5ffff,8a7558240da7fff,8a7558240daffff,8a7558240d1ffff,8a7558240c27fff,8a7558240c37fff,8a7558240c17fff,8a7558240cb7fff,8a755824634ffff,8a7558246277fff,8a75582462e7fff,8a75582462c7fff,8a75582462d7fff,8a7558242927fff,8a7558242937fff,8a755824664ffff,8a755824665ffff",4,4
-41231511#0,-57680145#1,"-41231511#0,79119293#0,79119288,41231358#0,41231358#1,79119291#0,79119291#1,79116549#4,79116549#5,79116549#6,79119284#1,-561133140#1,-561133140#0,-227385933,-23030922#0,-154901400#5,-154901400#4,-154901400#3,-154901400#2,-227218688,-57680127,-57680164,-57680125#1,-57680125#0,-57680135,-57680114#3,-57680114#2,-57680114#1,-57680114#0,-1264978471,-57680145#1",8.708069173149337,7360.326986297893,44.507612903225805,20.793113817924468,50.004000000000005,0.6031028048665136,0.0,0.0,0.0,0.0,0.2520298216535871,0.3477198142059605,0.4002503641404523,0.0,2.173816466277364,0.4075905874270056,0.0,100.56605158253512,0.4075905874270056,0.4075905874270056,3.2866335110626896,327.2652423984427,4.211769403412391,"8a7558244617fff,8a755824461ffff,8a755824468ffff,8a75582446dffff,8a75582446c7fff,8a75582446e7fff,8a755824460ffff,8a7558244627fff,8a755824471ffff,8a7558244767fff,8a75582440c7fff,8a7558244c27fff,8a7558244c87fff,8a7558271257fff,8a75582712e7fff,8a7558246d27fff,8a7558246d37fff,8a7558273327fff,8a7558273337fff,8a75582733affff,8a755827338ffff,8a75582732f7fff,8a7558255967fff,8a75582464affff",0,0
-41231511#0,-57680145#1,"41231511#0,41231511#1,41231511#2,41231511#3,-79119286#1,-79119286#0,-41231753#2,-41231753#1,-41231753#0,1020078542,-1157449878#0,1020078539,1020078540,1020078536,-79116557#3,-79116557#2,-79116557#1,-79116557#0,79116530#3,79116530#0,79116530#1,79116549#0,79116549#1,79116549#2,79116549#3,79116549#4,79116549#5,79116549#6,79119284#1,-561133140#1,-561133140#0,-227385933,-23030922#0,-154901400#5,-154901400#4,-154901400#3,-154901400#2,-154901400#1,-154901400#0,-227218424,-227218423,-57680175,-57680125#0,-57680135,-57680114#3,-57680114#2,-57680114#1,-57680114#0,-1264978471,-57680145#1",10.56896433591046,8815.4161650205,40.991760000000006,17.759772225235462,50.004000000000005,0.5994144131734817,0.0,0.0,0.0,0.0,0.2104293050882219,0.3668811901659372,0.4226895047458409,0.0,2.04187750901924,0.453750557559831,0.0,101.50561593848155,0.5671881969497888,0.3403129181698733,3.9443380767696974,265.8875345310909,5.671881969497888,"8a755824461ffff,8a7558244617fff,8a7558244637fff,8a75582447affff,8a755824478ffff,8a75582446a7fff,8a7558244687fff,8a75582446b7fff,8a755824469ffff,8a7558240d27fff,8a7558240d77fff,8a7558240d57fff,8a7558240d67fff,8a75582446c7fff,8a755824460ffff,8a7558244627fff,8a755824471ffff,8a7558244767fff,8a75582440c7fff,8a7558244c27fff,8a7558244c87fff,8a7558271257fff,8a75582712e7fff,8a7558246d27fff,8a7558273a0ffff,8a7558273aaffff,8a7558273a87fff,8a7558273337fff,8a75582733affff,8a755827338ffff,8a75582732f7fff,8a7558255967fff,8a75582464affff",1,1
-41231511#0,-57680145#1,"41231511#0,41231511#1,41231511#2,41231511#3,-79119286#1,41231755,-41231756#3,-41231756#2,-41231756#1,-41231756#0,1020092136,-41231515#2,-41231515#1,41273130,41273126,1020092140,41273134,-1020078548,41231515#6,-41231513#4,-41231513#3,-41231513#2,-41231513#1,-41231513#0,79119284#3,79119284#4,79119284#5,79119284#1,-561133140#1,-561133140#0,-227385933,-23030922#0,-154901400#5,-154901400#4,-154901400#3,-154901400#2,-227218688,-57680127,-57680164,-57680125#1,-57680125#0,-57680135,-57680114#3,-57680114#2,-57680114#1,-57680114#0,-1264978471,-57680145#1",9.392943122729168,7887.0667985689,39.36525,18.033789885609124,50.004000000000005,0.5628244268168757,0.0,0.0,0.0,0.0,0.2351979443112278,0.3244972557649706,0.4403047999238014,0.0,2.0286375668712715,0.3803695437883633,0.0,101.023679019442,0.3803695437883633,0.3803695437883633,3.528960777945196,281.10774750848503,6.085912700613814,"8a755824461ffff,8a7558244617fff,8a7558244637fff,8a75582447affff,8a75582447a7fff,8a7558244467fff,8a755824446ffff,8a7558244737fff,8a755824409ffff,8a7558244707fff,8a7558244717fff,8a755824471ffff,8a7558244627fff,8a7558244767fff,8a75582440c7fff,8a7558244c27fff,8a7558244c87fff,8a7558271257fff,8a75582712e7fff,8a7558246d27fff,8a7558246d37fff,8a7558273327fff,8a7558273337fff,8a75582733affff,8a755827338ffff,8a75582732f7fff,8a7558255967fff,8a75582464affff",2,2
-41231511#0,-57680145#1,"-41231511#0,79119293#0,79119293#1,-41231508#3,-41231508#2,-41231508#1,-41231508#0,79119287#0,79119290,79116549#2,79116549#3,79116549#4,79116549#5,79116549#6,79119284#1,-561133140#1,-561133140#0,-227385933,-23030922#0,-154901400#5,-154901400#4,-154901400#3,-154901400#2,-227218688,-57680127,-57680164,-57680125#1,-57680125#0,-57680135,-57680114#3,-57680114#2,-57680114#1,-57680114#0,-1264978471,-57680145#1",9.69108237843145,7911.57637310208,42.84822857142857,20.086218299950776,50.004000000000005,0.5610808315347696,0.0,0.0,0.0,0.0,0.234469315619006,0.3234919833260893,0.4420387010549045,0.0,2.0223529730935907,0.3791911824550483,0.0,96.24031516870524,0.3791911824550483,0.3791911824550483,3.532784899580645,310.61998758177697,4.42389712864223,"8a7558244617fff,8a755824461ffff,8a755824468ffff,8a75582446d7fff,8a7558240d77fff,8a7558240d67fff,8a7558240d47fff,8a7558240997fff,8a75582446c7fff,8a755824460ffff,8a7558244627fff,8a755824471ffff,8a7558244767fff,8a75582440c7fff,8a7558244c27fff,8a7558244c87fff,8a7558271257fff,8a75582712e7fff,8a7558246d27fff,8a7558246d37fff,8a7558273327fff,8a7558273337fff,8a75582733affff,8a755827338ffff,8a75582732f7fff,8a7558255967fff,8a75582464affff",3,3
-41231511#0,-57680145#1,"-41231511#0,79119293#0,79119293#1,79119293#2,41231360,41231359#1,79119292,41231358#0,-79116549#2,-79116549#1,-41231508#0,79119287#0,79119287#1,41231357#0,79119291#0,79119291#1,79116549#4,79116549#5,79116549#6,79119284#1,-561133140#1,-561133140#0,-227385933,-23030922#0,-154901400#5,-154901400#4,-154901400#3,-154901400#2,-154901400#1,-154901400#0,-227218424,-227218423,-57680175,-57680125#0,-57680135,-57680114#3,-57680114#2,-57680114#1,-57680114#0,-1264978471,-57680145#1",10.299684644192162,8538.40179416426,42.43082926829269,18.947386463444555,50.004000000000005,0.6017099353214246,0.0,0.0,0.0,0.0,0.2172563370040273,0.3754242455627257,0.4073194174332468,0.0,1.873886985610764,0.3513538098020181,0.0,101.40861657323104,0.3513538098020181,0.3513538098020181,3.812683528851347,281.68378326388057,4.801835400627581,"8a7558244617fff,8a755824461ffff,8a755824468ffff,8a75582446d7fff,8a7558240d27fff,8a7558240d77fff,8a75582446dffff,8a75582446c7fff,8a7558240d67fff,8a7558240d47fff,8a7558240997fff,8a75582446cffff,8a75582446e7fff,8a755824460ffff,8a7558244627fff,8a755824471ffff,8a7558244767fff,8a75582440c7fff,8a7558244c27fff,8a7558244c87fff,8a7558271257fff,8a75582712e7fff,8a7558246d27fff,8a7558273a0ffff,8a7558273aaffff,8a7558273a87fff,8a7558273337fff,8a75582733affff,8a755827338ffff,8a75582732f7fff,8a7558255967fff,8a75582464affff",4,4
-41231513#2,41231711#3,"-41231513#2,-41231513#1,-41231513#0,79119284#3,-79119286#3,-79119286#2,-41231511#3,-41231511#2,-41231511#1,-41231511#0,79119293#0,79119293#1,79119293#2,-41231509,-41231508#2,-41231508#1,-79116549#0,79116530#2,79116557#0,79116557#1,79116557#2,1020078538,1020078537#1,1020078539,1020078540,-41231514#8,-41231514#7,-41231514#6,41231711#0,41231711#1,41231711#2,41231711#3",3.1690149493922832,1994.19683866128,31.239,4.922628723394352,20.016000000000005,0.0278592779359083,0.0,0.0,0.0,0.0,0.0,0.0047719778061911,0.9952280221938088,0.0,1.0029100243397315,0.5014550121698658,0.0,91.210904991996,1.0029100243397315,0.0,2.37955021621726,53.76603194253547,16.046560389435705,"8a7558244717fff,8a755824471ffff,8a7558244637fff,8a7558244617fff,8a755824461ffff,8a755824468ffff,8a75582446d7fff,8a7558240d27fff,8a7558240d77fff,8a7558240d67fff,8a755824469ffff,8a7558246a6ffff,8a7558246a4ffff,8a7558240d17fff,8a7558240d07fff",0,0
-41231513#2,41231711#3,"-41231513#2,41273135,41273136,41231513#3,41231513#4,-41231515#6,1020078548,-41273134,-41231515#3,-41231515#2,1020092135,41231756#0,41231756#1,41231756#2,41231756#3,-41231755,79119286#1,79119286#2,79119286#3,79119284#4,79119284#5,-79116549#6,-79116549#5,-79116549#4,-79116549#3,-79116549#2,-79116549#1,-79116549#0,79116530#2,79116557#0,79116557#1,79116557#2,79116557#3,79116557#4,1020078540,-41231514#8,-41231514#7,-41231514#6,41231711#0,41231711#1,41231711#2,41231711#3",5.143441811569841,3075.850293275072,30.464571428571432,3.088535852841233,20.016000000000005,0.0068424461878922,0.0,0.0,0.0,0.0,0.0,0.0030938641832062,0.996906135816794,0.0,0.6502267045872577,0.3251133522936288,0.0,96.19139119922528,0.6502267045872577,0.0,3.670219553315517,62.37686939812222,13.654760796332411,"8a7558244717fff,8a755824471ffff,8a7558244707fff,8a755824409ffff,8a7558244737fff,8a755824446ffff,8a75582447a7fff,8a75582447affff,8a7558244637fff,8a7558244627fff,8a755824460ffff,8a755824461ffff,8a75582446c7fff,8a7558240d67fff,8a7558240d77fff,8a7558240d27fff,8a755824469ffff,8a7558246a6ffff,8a7558246a4ffff,8a7558240d17fff,8a7558240d07fff",1,1
-41231513#2,41231711#3,"41231513#2,41231513#3,41231513#4,-41231515#6,1020078548,-41273134,-41231515#3,-41231515#2,-41231515#1,-41231515#0,-1157449878#1,-1157449878#0,1020078539,1020078540,-41231514#8,-41231514#7,-41231514#6,41231711#0,41231711#1,41231711#2,41231711#3",3.1604241696678668,1905.4960340922432,29.988000000000003,3.640448215221994e-15,0.0,0.0,0.0,0.0,0.0,0.0,0.0,0.0,1.0,0.0,0.0,0.0,0.0,88.98085345580483,0.0,0.0,2.418784004723316,71.26573419031067,11.02075240476906,"8a755824471ffff,8a7558244717fff,8a7558244707fff,8a755824409ffff,8a7558244737fff,8a755824446ffff,8a75582447a7fff,8a7558244787fff,8a75582446b7fff,8a755824469ffff,8a7558246a6ffff,8a7558246a4ffff,8a7558240d17fff,8a7558240d07fff",2,2
-41231513#2,41231711#3,"-41231513#2,41273135,41273137#1,41273137#2,41273139,41273140#0,41273140#1,1020078544,-174897323#3,-174897323#2,-174897323#1,-174897323#0,-41231515#6,1020078548,-41273134,-41231515#3,-41231515#2,1020092135,41231756#0,41231756#1,41231756#2,41231756#3,-41231755,-79119286#0,-41231753#2,-41231753#1,-41231753#0,1020078542,-1157449878#0,1020078539,1020078540,-41231514#8,-41231514#7,-41231514#6,41231711#0,41231711#1,41231711#2,41231711#3",5.458370360383174,3285.002578051672,31.041473684210533,4.529506427003029,20.016000000000005,0.0412401305344149,0.0,0.0,0.0,0.0,0.0,0.0,1.0,0.0,0.0,0.0,0.0,86.57188542068046,0.0,0.0,3.919787878173857,63.27705810563352,11.56772303738578,"8a7558244717fff,8a755824471ffff,8a7558244707fff,8a755824408ffff,8a75582440affff,8a7558244017fff,8a75582441affff,8a755824418ffff,8a75582440a7fff,8a7558244087fff,8a755824409ffff,8a7558244737fff,8a755824446ffff,8a75582447a7fff,8a75582447affff,8a755824478ffff,8a75582446a7fff,8a7558244687fff,8a75582446b7fff,8a755824469ffff,8a7558246a6ffff,8a7558246a4ffff,8a7558240d17fff,8a7558240d07fff",3,3
-41231513#2,41231711#3,"-41231513#2,41273135,41273137#1,41273137#2,41273137#3,41273141#2,-174897323#0,-41231515#6,-41231515#5,-1020092139#1,-1020092139#0,-1020092142,-1020092143,41273131,-1020092138,-41273130,-41231515#0,-1157449878#1,-1157449878#0,1020078539,1020078540,-41231514#8,-41231514#7,-41231514#6,41231711#0,41231709#0,41231709#1,-41231711#3",4.99607843137255,2875.717737447917,29.988000000000007,7.235813046937034e-15,0.0,0.0,0.0,0.0,0.0,0.0,0.0,0.0,1.0,0.0,0.0,0.0,0.0,102.21448057705716,0.0,0.0,3.5337973837856573,85.92255731151096,9.736699689048365,"8a7558244717fff,8a755824471ffff,8a7558244707fff,8a755824408ffff,8a75582440affff,8a7558244087fff,8a755824409ffff,8a7558244097fff,8a7558244467fff,8a7558244477fff,8a75582447b7fff,8a75582447a7fff,8a7558244787fff,8a75582446b7fff,8a755824469ffff,8a7558246a6ffff,8a7558246a4ffff,8a7558240d1ffff,8a7558240d07fff,8a7558240d17fff",4,4
-41231513#2,79119284#5,"41231513#2,41231513#3,41231513#4,-41231515#6,1020078548,-41273134,41231515#4,-1020092139#1,-1020092139#0,-1020092142,-1020092143,41273131,-1020092138,-41273130,41231515#1,1020092135,41231756#0,41231756#1,41231756#2,41231756#3,-41231755,-79119286#0,-41231753#2,-41231753#1,-41231753#0,1020078542,-1157449878#0,1020078539,1020078540,1020078536,-79116557#3,-79116557#2,-79116557#1,-79116557#0,79116530#3,79116530#0,79116530#1,79116549#0,-41231508#0,79119287#0,79119287#1,79119287#2,-79116549#4,79119291#2,41231511#0,41231511#1,41231511#2,41231511#3,79119286#2,79119286#3,79119284#4,79119284#5",6.863181687361771,4061.16387192762,31.14276923076924,4.712476525620567,20.016000000000005,0.0412425259153905,0.0,0.0,0.0,0.0,0.0,0.0070638180211144,0.9929361819788856,0.0,0.4924696621637938,0.2462348310818969,0.0,99.74623072967542,0.4924696621637938,0.0,38.09166989913258,77.1907112651613,12.804211216258638,"8a755824471ffff,8a7558244717fff,8a7558244707fff,8a755824409ffff,8a7558244737fff,8a755824446ffff,8a7558244097fff,8a7558244467fff,8a7558244477fff,8a75582447b7fff,8a75582447a7fff,8a75582447affff,8a755824478ffff,8a75582446a7fff,8a7558244687fff,8a75582446b7fff,8a755824469ffff,8a7558240d27fff,8a7558240d77fff,8a7558240d57fff,8a7558240d67fff,8a7558240d47fff,8a7558240997fff,8a75582446cffff,8a755824460ffff,8a755824461ffff,8a7558244617fff,8a7558244637fff,8a7558244627fff",1,1
-41231513#2,79119284#5,"-41231513#2,41273135,41273137#1,41273138,41231513#4,-41231515#6,1020078548,-41273134,41231515#4,-1020092139#1,-1020092139#0,-1020092142,-1020092143,41273131,-1020092138,-41273130,41231515#1,1020092135,41231756#0,41231756#1,41231756#2,41231756#3,-41231755,79119286#1,79119286#2,79119286#3,79119284#4,79119284#5",3.454306157308136,2033.84729721956,30.70285714285715,3.782668445876346,20.016000000000005,0.0103480434064638,0.0,0.0,0.0,0.0,0.0,0.0,1.0,0.0,0.0,0.0,0.0,91.96693860226044,0.0,0.0,12.999927249318892,70.62763374712458,13.767011927728472,"8a7558244717fff,8a755824471ffff,8a7558244707fff,8a755824409ffff,8a7558244737fff,8a755824446ffff,8a7558244097fff,8a7558244467fff,8a7558244477fff,8a75582447b7fff,8a75582447a7fff,8a75582447affff,8a7558244637fff,8a7558244627fff",2,2
-41231513#2,79119284#5,"41231513#2,41231513#3,41231513#4,-41231515#6,1020078548,-41273134,-1020092140,-1020092142,-1020092143,41273131,-1020092138,-1020092137#1,1157449879,41231515#0,41231515#1,1020092135,41231756#0,41231756#1,41231756#2,41231756#3,-41231755,79119286#1,79119286#2,79119286#3,79119284#4,79119284#5",3.3442221236946903,1964.7626168787767,30.75784615384616,3.925460560925893,20.016000000000005,0.010711899713962,0.0,0.0,0.0,0.0,0.0,0.0,1.0,0.0,0.0,0.0,0.0,97.22198599990637,0.0,0.0,18.42848291585416,77.68390109556613,13.23315080236187,"8a755824471ffff,8a7558244717fff,8a7558244707fff,8a755824409ffff,8a7558244737fff,8a755824446ffff,8a7558244467fff,8a7558244477fff,8a75582447b7fff,8a75582447a7fff,8a7558244797fff,8a7558244787fff,8a75582447affff,8a7558244637fff,8a7558244627fff",3,3
-41231513#2,79119284#5,"-41231513#2,41273135,41273136,41231513#3,41231513#4,-41231515#6,1020078548,-41273134,41231515#4,-1020092139#1,-1020092139#0,-1020092142,-1020092143,41273131,-1020092138,-1020092137#1,1157449879,-1157449878#1,-1157449878#0,1020078539,-79116557#4,-79116557#3,-79116557#2,23881170,41231753#0,41231753#1,41231753#2,79119286#0,79119286#1,79119286#2,79119286#3,79119284#4,79119284#5",5.545138055222089,3165.8116884001547,29.988,0.0,0.0,0.0,0.0,0.0,0.0,0.0,0.0,0.0,1.0,0.0,0.0,0.0,0.0,96.9061771993724,0.0,0.0,20.23520727957708,83.61996233025128,10.423867004128908,"8a7558244717fff,8a755824471ffff,8a7558244707fff,8a755824409ffff,8a7558244737fff,8a755824446ffff,8a7558244097fff,8a7558244467fff,8a7558244477fff,8a75582447b7fff,8a75582447a7fff,8a7558244797fff,8a7558244787fff,8a75582446b7fff,8a755824469ffff,8a7558240d27fff,8a7558244687fff,8a75582446a7fff,8a755824478ffff,8a75582447affff,8a7558244637fff,8a7558244627fff",4,4
-41231513#3,-1157449877,"41231513#3,41231513#4,-41231515#6,-41231515#5,-41231515#4,-41231515#3,-41231515#2,1020092135,41231756#0,41231756#1,41231756#2,41231756#3,-41231755,79119286#1,-41231511#3,-41231511#2,-41231511#1,-41231511#0,79119293#0,79119293#1,79119293#2,41231360,41231359#1,-41231508#1,-79116549#0,79116530#2,79116557#0,79116557#1,23881170,41231753#0,41231753#1,41231753#2,1157449877",4.575774744743109,2662.2287431912687,30.594545454545457,3.484338361609249,20.016000000000005,0.0079055341009196,0.0,0.0,0.0,0.0,0.0,0.0035745474837976,0.9964254525162024,0.0,0.7512502466645892,0.3756251233322946,0.0,99.46595538414056,0.7512502466645892,0.0,13.875214559203412,72.55685720919955,12.395629069965722,"8a7558244717fff,8a7558244707fff,8a755824409ffff,8a755824446ffff,8a75582447a7fff,8a75582447affff,8a7558244637fff,8a7558244617fff,8a755824461ffff,8a755824468ffff,8a75582446d7fff,8a7558240d27fff,8a7558240d77fff,8a7558240d67fff,8a7558244687fff,8a75582446a7fff,8a755824478ffff,8a7558244787fff",1,1
-41231513#3,-1157449877,"-41231513#3,-41231513#2,-41231513#1,-41231513#0,79119284#3,-79119286#3,-79119286#2,-79119286#1,41231755,-41231756#3,-41231756#2,-41231756#1,-41231756#0,1020092136,-41231515#2,-41231515#1,41273130,-1020092137#1,1157449879,-1157449878#1,-1157449878#0,1020078539,-79116557#4,-79116557#3,-79116557#2,23881170,41231753#0,41231753#1,41231753#2,1157449877",3.348619447779112,2015.4347589061367,29.98800000000001,1.0840344679840707e-14,0.0,0.0,0.0,0.0,0.0,0.0,0.0,0.0,1.0,0.0,0.0,0.0,0.0,105.50230080297214,0.0,0.0,8.281164310582687,71.45953153048312,14.885125835719084,"8a7558244707fff,8a7558244717fff,8a755824471ffff,8a7558244637fff,8a75582447affff,8a75582447a7fff,8a7558244797fff,8a7558244787fff,8a75582446b7fff,8a755824469ffff,8a7558240d27fff,8a7558244687fff,8a75582446a7fff,8a755824478ffff",2,2
-41231513#3,-1157449877,"41231513#3,41231513#4,-41231515#6,-41231515#5,-41231515#4,-1020092140,-1020092142,-1020092143,41273131,-1020092138,-1020092137#1,1157449879,41231515#0,41231515#1,1020092135,41231756#0,41231756#1,41231756#2,41231756#3,-41231755,-79119286#0,1157449877",2.961909198524622,1739.636501134896,30.89781818181819,4.2674255385739,20.016000000000005,0.0120981251543164,0.0,0.0,0.0,0.0,0.0,0.0,1.0,0.0,0.0,0.0,0.0,106.35552548612571,0.0,0.0,9.066775261142316,82.38047848946384,12.646320070685883,"8a7558244717fff,8a7558244707fff,8a755824409ffff,8a755824446ffff,8a7558244467fff,8a7558244477fff,8a75582447b7fff,8a75582447a7fff,8a7558244797fff,8a7558244787fff,8a75582447affff,8a755824478ffff",3,3
-41231513#3,-1157449877,"-41231513#3,-41231513#2,41273135,41273137#1,41273138,41231513#4,-41231515#6,-41231515#5,-41231515#4,-41231515#3,-41231515#2,-41231515#1,-41231515#0,-1157449878#1,-1157449878#0,1020078539,-79116557#4,-79116557#3,-79116557#2,23881170,41231753#0,41231753#1,41231753#2,1157449877",3.944197679071629,2271.0174425708533,29.988,0.0,0.0,0.0,0.0,0.0,0.0,0.0,0.0,0.0,1.0,0.0,0.0,0.0,0.0,103.95746134034106,0.0,0.0,9.331320952475636,80.7027458004552,10.567950536228093,"8a7558244707fff,8a7558244717fff,8a755824471ffff,8a755824409ffff,8a755824446ffff,8a75582447a7fff,8a7558244787fff,8a75582446b7fff,8a755824469ffff,8a7558240d27fff,8a7558244687fff,8a75582446a7fff,8a755824478ffff",4,4
-41231513#4,-174375407#2,"-41231513#4,-41231513#3,-41231513#2,-41231513#1,-41231513#0,79119284#3,-79119286#3,-79119286#2,-79119286#1,-79119286#0,-41231753#2,-41231753#1,-41231753#0,1020078542,-1157449878#0,1020078539,-79116557#4,-79116557#3,-79116557#2,-79116557#1,-79116557#0,79116530#3,-979842178#5,-979842178#4,-979842178#3,-979842178#2,-979842178#1,-979842178#0,-226068307,213840997,1157449881,979838980#0,979838980#1,979838980#2,979838980#3,979838980#4,979838980#5,979838980#6,57680170#0,57680170#1,57680132#0,57680132#1,174375408#0,174375408#1,-174375409,57680120#0,57680120#1,1238123694,563272697,561133136,561133138,-174375407#4,-174375407#3,-174375407#2",4.855367807714682,3664.764817448292,39.99133333333332,14.408123259087446,39.99600000000001,0.4005651394349829,0.0,0.0,0.0,0.3410063273674091,0.1126205533352045,0.002709053222877,0.5436640660745095,0.0,7.367457761941624,0.8186064179935139,0.0,66.16122645914596,1.091475223991352,0.2728688059978379,1.5602859759235477,67.57315429722618,14.734915523883249,"8a755824409ffff,8a7558244707fff,8a7558244717fff,8a755824471ffff,8a7558244637fff,8a75582447affff,8a755824478ffff,8a75582446a7fff,8a7558244687fff,8a75582446b7fff,8a755824469ffff,8a7558240d27fff,8a7558240d77fff,8a7558240d57fff,8a7558240c27fff,8a7558240c37fff,8a7558240c17fff,8a7558240cb7fff,8a755824634ffff,8a7558246277fff,8a75582462e7fff,8a75582462c7fff,8a75582462d7fff,8a7558242927fff,8a7558242937fff,8a755824664ffff,8a7558246647fff,8a755824665ffff,8a75582429a7fff,8a75582429affff,8a755824291ffff",0,0
-41231513#4,-174375407#2,"41231513#4,-41231515#6,1020078548,-41273134,-41231515#3,-41231515#2,-41231515#1,-41231515#0,-1157449878#1,-1157449878#0,1020078539,-79116557#4,-79116557#3,-79116557#2,-79116557#1,-79116557#0,79116530#3,79116530#0,-561134628#1,-561134628#0,-1034110351#0,-23881168#1,-23881168#0,1259750653,145622122#0,145622122#1,145622122#2,563298888,979838980#0,979838980#1,979838980#2,979838980#3,979838980#4,979838980#5,979838980#6,57680170#0,57680170#1,57680132#0,57680132#1,174375408#0,174375408#1,-174375409,57680120#0,57680120#1,1238123694,563272697,563271328,174375401,1238123690,174375405,561133138,-174375407#4,-174375407#3,-174375407#2",5.529899450958867,4257.672515321703,44.807333333333325,15.63071613178529,39.99600000000001,0.4760688053420715,0.0,0.0,0.0073977968604386,0.4059099094615048,0.0876407504799426,0.0045404378488131,0.4945111053493005,0.469740214354857,6.8112331081454265,0.939480428709714,0.0,76.56367551053168,1.6440907502419997,0.2348701071774285,1.945213365478322,80.1279012232306,12.68298578758114,"8a7558244707fff,8a755824409ffff,8a7558244737fff,8a755824446ffff,8a75582447a7fff,8a7558244787fff,8a75582446b7fff,8a755824469ffff,8a7558240d27fff,8a7558240d77fff,8a7558240d57fff,8a7558240d47fff,8a7558240c67fff,8a7558240c07fff,8a7558240c37fff,8a7558240c17fff,8a7558240cb7fff,8a755824634ffff,8a7558246277fff,8a75582462e7fff,8a75582462c7fff,8a75582462d7fff,8a7558242927fff,8a7558242937fff,8a755824664ffff,8a7558246647fff,8a755824665ffff,8a75582429a7fff,8a75582429affff,8a755824291ffff",1,1
-41231513#4,-174375407#2,"41231513#4,-41231515#6,1020078548,-41273134,-41231515#3,-41231515#2,-41231515#1,41273130,-1020092137#1,1157449879,-1157449878#1,-1157449878#0,1020078539,1020078540,1020078536,-79116557#3,-79116557#2,-79116557#1,-79116557#0,79116530#3,-979842178#5,-979842178#4,-979842178#3,870315481#0,870315481#1,870315479#1,870315480,-979842178#0,-226068307,213840997,1157449881,979838980#0,979838980#1,979838980#2,979838980#3,979838980#4,979838980#5,979838980#6,57680170#0,57680170#1,57680132#0,57680132#1,174375406,1238123693,1238123694,563272697,561133136,561133138,-174375407#4,-174375407#3,-174375407#2",5.565836977383991,4004.1026042610833,39.40235294117648,14.617818281567915,39.99600000000001,0.3431537617823804,0.0,0.0,0.0,0.325271865330106,0.1030762401405997,0.0024794676662954,0.5691724268629988,0.0,2.7471823494967453,0.4994876999084991,0.0,63.740503949728456,0.7492315498627488,0.2497438499542495,1.8293642534803325,73.69011654848028,12.73693634766673,"8a7558244707fff,8a755824409ffff,8a7558244737fff,8a755824446ffff,8a75582447a7fff,8a7558244797fff,8a7558244787fff,8a75582446b7fff,8a755824469ffff,8a7558240d27fff,8a7558240d77fff,8a7558240d57fff,8a7558240c27fff,8a7558240c37fff,8a7558240c17fff,8a7558240cb7fff,8a755824634ffff,8a7558246277fff,8a75582462e7fff,8a75582462c7fff,8a75582462d7fff,8a7558242927fff,8a7558242937fff,8a755824664ffff,8a755824665ffff,8a75582429a7fff,8a75582429affff,8a755824291ffff",2,2
-41231513#4,-174375407#2,"-41231513#4,-41231513#3,-41231513#2,41273135,41273137#1,41273137#2,41273137#3,41273141#2,-174897323#0,-41231515#6,-41231515#5,-41231515#4,-41231515#3,-41231515#2,1020092135,41231756#0,41231756#1,41231756#2,41231756#3,-41231755,79119286#1,-41231511#3,-41231511#2,-41231511#1,-41231511#0,79119293#0,79119293#1,-41231508#3,-41231508#2,-41231508#1,-79116549#0,79116530#2,79116530#3,-979842178#5,-979842178#4,-979842178#3,-979842178#2,-979842178#1,-979842178#0,-226068307,213840997,1157449881,979838980#0,979838980#1,979838980#2,979838980#3,979838980#4,979838980#5,979838980#6,57680170#0,57680170#1,57680132#0,57680132#1,174375406,1238123693,1238123694,563272697,561133136,561133138,-174375407#4,-174375407#3,-174375407#2",6.375495873339783,4491.207482180471,37.73206451612901,13.722059234499527,39.99600000000001,0.3034931019390188,0.0,0.0,0.0,0.2899937106510196,0.091896854737167,0.0043294161029547,0.6137800185088585,0.0,2.44922997738228,0.4453145413422327,0.0,68.53278534586808,0.667971812013349,0.2226572706711163,1.9121467265908576,62.538664697493296,13.804750781609211,"8a755824409ffff,8a7558244707fff,8a7558244717fff,8a755824471ffff,8a755824408ffff,8a75582440affff,8a7558244087fff,8a755824446ffff,8a75582447a7fff,8a75582447affff,8a7558244637fff,8a7558244617fff,8a755824461ffff,8a755824468ffff,8a75582446d7fff,8a7558240d77fff,8a7558240d67fff,8a7558240d57fff,8a7558240c27fff,8a7558240c37fff,8a7558240c17fff,8a7558240cb7fff,8a755824634ffff,8a7558246277fff,8a75582462e7fff,8a75582462c7fff,8a75582462d7fff,8a7558242927fff,8a7558242937fff,8a755824664ffff,8a755824665ffff,8a75582429a7fff,8a75582429affff,8a755824291ffff",4,4
-41231513#4,-174897323#3,"41231513#4,174897323#0,-41273141#2,-41273141#1,41273140#1,1020078544,-174897323#3",1.3130052020808325,896.6178571905641,29.988,0.0,0.0,0.0,0.0,0.0,0.0,0.0,0.0,0.0,1.0,0.0,0.0,0.0,0.0,71.4891930193329,0.0,0.0,1.8772756179203527,62.37396808293783,7.80711642519991,"8a7558244707fff,8a755824409ffff,8a7558244087fff,8a75582440affff,8a7558244017fff,8a75582441affff,8a755824418ffff",2,2
-41231513#4,-174897323#3,"41231513#4,-41231515#6,1020078548,-41273134,41231515#4,-1020092139#1,-1020092139#0,-1020092142,-1020092143,41273131,-1020092138,-1020092137#1,1157449879,41231515#0,41231515#1,1020092135,41231756#0,41231756#1,41231756#2,41231756#3,-41231755,79119286#1,79119286#2,79119286#3,79119284#4,79119284#5,79119284#1,79119284#2,41231513#0,41231513#1,41273135,41273137#1,41273137#2,41273139,41273140#0,41273140#1,1020078544,-174897323#3",5.434338170113258,3289.174997243607,30.514736842105275,3.247023965353343,20.016000000000005,0.0063986683990314,0.0,0.0,0.0,0.0,0.0,0.0,1.0,0.0,0.0,0.0,0.0,101.90942101696872,0.0,0.0,6.886644043367875,74.17758890319483,11.553049026532412,"8a7558244707fff,8a755824409ffff,8a7558244737fff,8a755824446ffff,8a7558244097fff,8a7558244467fff,8a7558244477fff,8a75582447b7fff,8a75582447a7fff,8a7558244797fff,8a7558244787fff,8a75582447affff,8a7558244637fff,8a755824471ffff,8a7558244627fff,8a755824408ffff,8a75582440affff,8a7558244017fff,8a75582441affff,8a755824418ffff",3,3
-41231514#2,-174375407#2,"41231514#2,41231514#3,41231514#4,41231514#5,41231514#6,41231514#7,41231514#8,1020078536,-79116557#3,-79116557#2,-79116557#1,-79116557#0,79116530#3,-979842178#5,-979842178#4,-979842178#3,-979842178#2,-979842178#1,-979842178#0,-226068307,213840997,1157449881,979838980#0,979838980#1,979838980#2,979838980#3,979838980#4,979838980#5,979838980#6,57680170#0,57680170#1,57680132#0,57680132#1,174375406,1238123693,1238123694,563272697,563271328,174375401,1238123690,174375405,561133138,-174375407#4,-174375407#3,-174375407#2",3.643532231151444,2944.479991446597,41.992,15.016477858430296,39.99600000000001,0.4862508605046906,0.0,0.0,0.0106970998132503,0.4646796093292665,0.1267271693557327,0.0033717474625858,0.3945243740391647,0.679237082883833,4.415041038744914,1.0188556243257494,0.0,82.97871123186692,1.6980927072095824,0.3396185414419165,2.3499200340977096,63.69519031595031,15.28283436488624,"8a7558240daffff,8a7558240da7fff,8a7558246a5ffff,8a7558246a4ffff,8a7558246a6ffff,8a755824469ffff,8a7558240d27fff,8a7558240d77fff,8a7558240d57fff,8a7558240c27fff,8a7558240c37fff,8a7558240c17fff,8a7558240cb7fff,8a755824634ffff,8a7558246277fff,8a75582462e7fff,8a75582462c7fff,8a75582462d7fff,8a7558242927fff,8a7558242937fff,8a755824664ffff,8a755824665ffff,8a75582429a7fff,8a75582429affff,8a755824291ffff",0,0
-41231514#2,-174375407#2,"41231514#2,41231514#3,41231514#4,41231514#5,41231719,41231718#0,41231720,41231514#7,41231514#8,1020078536,-79116557#3,-79116557#2,-79116557#1,-79116557#0,79116530#3,79116530#0,-561134628#1,-561134628#0,-1034110351#0,-23881168#1,-23881168#0,1259750653,145622122#0,145622122#1,145622122#2,563298888,979838980#0,979838980#1,979838980#2,979838980#3,979838980#4,979838980#5,979838980#6,57680170#0,57680170#1,57680132#0,57680132#1,174375408#0,174375408#1,-174375409,57680120#0,57680120#1,1238123694,563272697,563271328,174375401,1238123690,174375405,561133138,-174375407#4,-174375407#3,-174375407#2",4.076807616672957,3479.056820764668,45.76223076923076,15.510701245339364,39.99600000000001,0.5918166604028947,0.0,0.0,0.0090534297050371,0.4967528713230729,0.107254820419577,0.0055565914649732,0.3813822870873397,0.5748684494208453,8.335592516602256,1.1497368988416905,0.0,91.72698532942286,2.012039572972958,0.2874342247104226,2.7765531933068504,71.16564638988521,14.946579684941977,"8a7558240daffff,8a7558240da7fff,8a7558246a5ffff,8a7558246a4ffff,8a7558246a67fff,8a7558246a6ffff,8a755824469ffff,8a7558240d27fff,8a7558240d77fff,8a7558240d57fff,8a7558240d47fff,8a7558240c67fff,8a7558240c07fff,8a7558240c37fff,8a7558240c17fff,8a7558240cb7fff,8a755824634ffff,8a7558246277fff,8a75582462e7fff,8a75582462c7fff,8a75582462d7fff,8a7558242927fff,8a7558242937fff,8a755824664ffff,8a7558246647fff,8a755824665ffff,8a75582429a7fff,8a75582429affff,8a755824291ffff",1,1
-41231514#2,-174375407#2,"41231514#2,41231514#3,41231514#4,41231514#5,41231719,41231718#0,41231720,41231514#7,41231514#8,1020078536,-79116557#3,-79116557#2,-79116557#1,-79116557#0,79116530#3,-979842178#5,-979842178#4,-979842178#3,-979842178#2,-979842178#1,-979842178#0,-226068307,213840997,1157449881,979838980#0,979838980#1,979838980#2,979838980#3,979838980#4,979838980#5,979838980#6,57680170#0,57680170#1,57680132#0,57680132#1,174375408#0,174375408#1,-174375409,57680120#0,57680120#1,1238123694,563272697,561133136,561133138,-174375407#4,-174375407#3,-174375407#2",3.849312210529805,3038.754823148989,41.4811914893617,14.88922229206532,39.99600000000001,0.4559657612523842,0.0,0.0,0.0,0.4112566046931989,0.1358213694768294,0.0032671418122198,0.449654884017752,0.0,8.885218311894127,0.9872464790993476,0.0,92.78263338536418,1.31632863879913,0.3290821596997825,2.425158553758969,63.95025410253066,15.466861505889776,"8a7558240daffff,8a7558240da7fff,8a7558246a5ffff,8a7558246a4ffff,8a7558246a67fff,8a7558246a6ffff,8a755824469ffff,8a7558240d27fff,8a7558240d77fff,8a7558240d57fff,8a7558240c27fff,8a7558240c37fff,8a7558240c17fff,8a7558240cb7fff,8a755824634ffff,8a7558246277fff,8a75582462e7fff,8a75582462c7fff,8a75582462d7fff,8a7558242927fff,8a7558242937fff,8a755824664ffff,8a7558246647fff,8a755824665ffff,8a75582429a7fff,8a75582429affff,8a755824291ffff",2,2
-41231514#2,-174375407#2,"-41231514#2,-41231514#1,-41231514#0,870315480,-979842178#0,-226068307,213840997,1157449881,979838980#0,979838980#1,979838980#2,979838980#3,979838980#4,979838980#5,979838980#6,57680170#0,57680170#1,57680132#0,57680132#1,174375406,1238123693,1238123694,563272697,561133136,561133138,-174375407#4,-174375407#3,-174375407#2",2.388436614791149,2133.8666957860264,46.42071428571429,16.378133174623855,39.99600000000001,0.6289072099747999,0.0,0.0,0.0,0.6103576786840381,0.193417818647938,0.0,0.1962245026680239,0.0,4.217695518550085,0.4686328353944538,0.0,55.71704615861317,0.4686328353944538,0.4686328353944538,1.7116919810791749,66.77671334994918,13.121719391044708,"8a7558240da7fff,8a7558240daffff,8a7558240d1ffff,8a7558240c27fff,8a7558240c37fff,8a7558240c17fff,8a7558240cb7fff,8a755824634ffff,8a7558246277fff,8a75582462e7fff,8a75582462c7fff,8a75582462d7fff,8a7558242927fff,8a7558242937fff,8a755824664ffff,8a755824665ffff,8a75582429a7fff,8a75582429affff,8a755824291ffff",3,3
-41231514#2,-174375407#2,"41231514#2,41231514#3,41231514#4,41231514#5,41231719,41231718#0,41231718#1,41231718#2,41231721,41231514#8,1020078536,-79116557#3,-79116557#2,-79116557#1,-79116557#0,79116530#3,-979842178#5,-979842178#4,-979842178#3,-979842178#2,870315479#0,870315479#1,870315480,-979842178#0,-226068307,213840997,1157449881,979838980#0,979838980#1,979838980#2,979838980#3,979838980#4,979838980#5,979838980#6,57680170#0,57680170#1,57680132#0,57680132#1,174375406,1238123693,1238123694,563272697,561133136,561133138,-174375407#4,-174375407#3,-174375407#2",3.9635760730222462,3111.5745737831103,40.20357446808511,14.963243713302337,39.99600000000001,0.4415844257090243,0.0,0.0,0.0,0.4185732632072606,0.1326427606980392,0.0031906813429588,0.4455932947517416,0.0,3.535187648299232,0.6427613905998604,0.0,92.84282577799571,0.9641420858997906,0.3213806952999302,2.4832742792487696,64.2831225457929,15.10489267909672,"8a7558240daffff,8a7558240da7fff,8a7558246a5ffff,8a7558246a4ffff,8a7558246a67fff,8a755824469ffff,8a7558240d27fff,8a7558240d77fff,8a7558240d57fff,8a7558240c27fff,8a7558240c37fff,8a7558240c17fff,8a7558240cb7fff,8a755824634ffff,8a7558246277fff,8a75582462e7fff,8a75582462c7fff,8a75582462d7fff,8a7558242927fff,8a7558242937fff,8a755824664ffff,8a755824665ffff,8a75582429a7fff,8a75582429affff,8a755824291ffff",4,4
-41231514#4,-41231514#1,"41231514#4,41231514#5,41231514#6,41231514#7,41231514#8,1020078536,-79116557#3,-79116557#2,-79116557#1,-79116557#0,79116530#3,-979842178#5,-979842178#4,-979842178#3,-979842178#2,870315479#0,870315479#1,41231514#0,41231514#1",1.5335428195756344,1012.70004364746,31.041473684210526,4.591985329153165,20.016000000000005,0.0316171815245111,0.0,0.0,0.0,0.0,0.0,0.0098035375845712,0.9901964624154288,0.0,1.9749184494912864,0.9874592247456432,0.0,103.47282727390356,1.9749184494912864,0.0,6.587108533691795,51.95284338735162,18.761725270167226,"8a7558240da7fff,8a7558246a5ffff,8a7558246a4ffff,8a7558246a6ffff,8a755824469ffff,8a7558240d27fff,8a7558240d77fff,8a7558240d57fff,8a7558240c27fff,8a7558240d1ffff,8a7558240daffff",0,0
-41231514#4,-41231514#1,"41231514#4,41231514#5,41231719,41231718#0,41231720,41231514#7,41231514#8,1020078536,-79116557#3,-79116557#2,-79116557#1,-79116557#0,79116530#3,79116530#0,-561134628#1,-561134628#0,-1034110351#0,-23881168#1,-23881168#0,1259750653,145622122#0,145622122#1,213840998,979842179,226068307,979842178#0,979842178#1,870315479#0,870315479#1,41231514#0,41231514#1",2.323475146220217,1758.1222571166288,35.15109677419356,11.511641120636218,39.99600000000001,0.3320358607699574,0.0,0.0,0.0,0.1983843416513931,0.0,0.0109956502502405,0.7906200080983663,0.0,10.238195851931549,1.137577316881283,0.0,101.148067948677,2.275154633762566,0.0,11.435708130726583,67.02478192620927,17.632448411659887,"8a7558240da7fff,8a7558246a5ffff,8a7558246a4ffff,8a7558246a67fff,8a7558246a6ffff,8a755824469ffff,8a7558240d27fff,8a7558240d77fff,8a7558240d57fff,8a7558240d47fff,8a7558240c67fff,8a7558240c07fff,8a7558240c37fff,8a7558240c27fff,8a7558240d1ffff,8a7558240daffff",1,1
-41231514#4,-41231514#1,"41231514#4,41231514#5,41231719,41231718#0,41231720,41231514#7,41231514#8,1020078536,-79116557#3,-79116557#2,-79116557#1,-79116557#0,79116530#3,-979842178#5,-979842178#4,-979842178#3,-979842178#2,870315479#0,870315479#1,41231514#0,41231514#1",1.7677965210562263,1153.162648733121,30.941142857142864,4.367849290963624,20.016000000000005,0.0277660060747356,0.0,0.0,0.0,0.0,0.0,0.0086094038431628,0.9913905961568372,0.0,1.734360718496411,0.8671803592482055,0.0,106.0553474668372,1.734360718496411,0.0,7.500747701013123,52.02240521505332,18.210787544212312,"8a7558240da7fff,8a7558246a5ffff,8a7558246a4ffff,8a7558246a67fff,8a7558246a6ffff,8a755824469ffff,8a7558240d27fff,8a7558240d77fff,8a7558240d57fff,8a7558240c27fff,8a7558240d1ffff,8a7558240daffff",2,2
-41231514#4,-41231514#1,"-41231514#4,1162803895,-41231514#2,-41231514#1",0.4154763273199848,317.12253377411764,34.992000000000004,10.008000000000004,20.016000000000005,0.1675157833133289,0.0,0.0,0.0,0.0,0.0,0.0,1.0,0.0,0.0,0.0,0.0,31.97421930157809,0.0,0.0,1.2261045824296046,34.92194749944164,12.613420914608197,"8a7558246a5ffff,8a7558240da7fff,8a7558240daffff,8a7558240d1ffff",3,3
-41231514#4,-41231514#1,"41231514#4,41231514#5,41231719,41231718#0,41231718#1,41231718#2,41231721,41231514#8,1020078536,-79116557#3,-79116557#2,-79116557#1,-79116557#0,79116530#3,-979842178#5,-979842178#4,-979842178#3,-979842178#2,870315479#0,870315479#1,41231514#0,41231514#1",1.8388449404239733,1194.2389755158697,30.89781818181819,4.2674255385739,20.016000000000005,0.0268109832004529,0.0,0.0,0.0,0.0,0.0,0.0083132799576451,0.9916867200423548,0.0,1.6747066885302997,0.8373533442651498,0.0,110.77794204089122,1.6747066885302997,0.0,7.7679287131801855,54.639719629095765,18.4217735738333,"8a7558240da7fff,8a7558246a5ffff,8a7558246a4ffff,8a7558246a67fff,8a755824469ffff,8a7558240d27fff,8a7558240d77fff,8a7558240d57fff,8a7558240c27fff,8a7558240d1ffff,8a7558240daffff",4,4
-41231514#4,-41231515#0,"-41231514#4,1162803895,-41231514#2,-41231514#1,-41231514#0,870315480,979842178#1,979842178#2,979842178#3,979842178#4,979842178#5,79116530#0,79116530#1,79116530#2,79116557#0,79116557#1,79116557#2,79116557#3,1020078537#0,1020078537#1,1157449878#0,1157449878#1,41231515#0",2.425509714324895,1634.437741041869,32.59878260869566,6.8925140350470215,20.016000000000005,0.0593815520321255,0.0,0.0,0.0,0.0,0.0,0.0172998591201586,0.9827001408798416,0.0,1.223662394582925,0.6118311972914625,0.0,84.39020549197527,1.223662394582925,0.0,2.177765053959407,74.69515042854533,14.072117537703638,"8a7558246a5ffff,8a7558240da7fff,8a7558240daffff,8a7558240d1ffff,8a7558240c27fff,8a7558240d57fff,8a7558240d77fff,8a7558240d27fff,8a755824469ffff,8a75582446b7fff,8a7558244787fff,8a75582447a7fff",0,0
-41231514#4,-41231515#0,"-41231514#4,-41231514#3,-41231514#2,-41231514#1,-41231514#0,870315480,979842178#1,979842178#2,979842178#3,41231717,979842178#5,79116530#0,79116530#1,79116549#0,-41231508#0,79119287#0,79119290,79116549#2,79116549#3,79119291#2,41231511#0,41231511#1,41231511#2,41231511#3,-79119286#1,-79119286#0,-41231753#2,-41231753#1,-41231753#0,1020078542,1157449878#1,41231515#0",3.88439633592818,2509.4266090771903,30.6135,3.538362333057485,20.016000000000005,0.0455991000482268,0.0,0.0,0.0,0.0,0.0,0.007475524304066,0.992524475695934,0.0,0.7969948165710551,0.3984974082855275,0.0,104.80840477416945,0.7969948165710551,0.0,3.343621746791373,63.21189019871348,12.75191706513688,"8a7558246a5ffff,8a7558240da7fff,8a7558240daffff,8a7558240d1ffff,8a7558240c27fff,8a7558240d57fff,8a7558240d77fff,8a7558240d67fff,8a7558240d47fff,8a7558240997fff,8a75582446c7fff,8a755824461ffff,8a7558244617fff,8a7558244637fff,8a75582447affff,8a755824478ffff,8a75582446a7fff,8a7558244687fff,8a75582446b7fff,8a7558244787fff,8a75582447a7fff",1,1
-41231514#4,-41231515#0,"41231514#4,41231514#5,41231711#0,41231709#0,41231709#1,-41231711#3,-41231711#2,41231712,79119289#1,79119289#2,1020078536,-79116557#3,1020078538,1020078537#1,1157449878#0,1157449878#1,41231515#0",2.364602586895089,1564.5092284333373,33.52023529411765,7.865339721917706,20.016000000000005,0.0559764068536384,0.0,0.0,0.0,0.0,0.0,0.0,1.0,0.0,0.0,0.0,0.0,104.70873390217216,0.0,0.0,1.9223140269023715,81.70259583448028,10.866027308144036,"8a7558240da7fff,8a7558246a5ffff,8a7558246a4ffff,8a7558240d1ffff,8a7558240d07fff,8a7558240d17fff,8a7558240d37fff,8a755824469ffff,8a75582446b7fff,8a7558244787fff,8a75582447a7fff",3,3
-41231514#4,-41231515#0,"41231514#4,41231514#5,41231719,41231718#0,41231720,41231514#7,41231514#8,1020078536,-79116557#3,-79116557#2,23881170,41231753#0,41231753#1,41231753#2,79119286#0,41231755,-41231756#3,-41231756#2,-41231756#1,-41231756#0,1020092136,41231515#3,41273134,-1020078548,-41231515#5,-1020092139#1,-1020092139#0,-1020092142,-1020092143,41273131,-1020092138,-41273130,-41231515#0",4.462354344185479,2748.1799586070474,30.594545454545457,3.484338361609249,20.016000000000005,0.011650882253763,0.0,0.0,0.0,0.0,0.0,0.0,1.0,0.0,0.0,0.0,0.0,105.38833717225468,0.0,0.0,4.258414469041103,79.55987062246076,12.007947258565448,"8a7558240da7fff,8a7558246a5ffff,8a7558246a4ffff,8a7558246a67fff,8a7558246a6ffff,8a755824469ffff,8a7558240d27fff,8a7558244687fff,8a75582446a7fff,8a755824478ffff,8a75582447affff,8a75582447a7fff,8a755824446ffff,8a7558244737fff,8a755824409ffff,8a7558244097fff,8a7558244467fff,8a7558244477fff,8a75582447b7fff,8a7558244787fff",4,4
-41231514#5,-1157449877,"41231514#5,41231514#6,41231514#7,41231514#8,1020078536,-79116557#3,-79116557#2,-79116557#1,-79116557#0,79116530#3,79116530#0,79116530#1,79116549#0,79116549#1,79116549#2,79116549#3,79116549#4,79116549#5,79116549#6,79119284#1,79119284#2,79119284#3,-79119286#3,-79119286#2,-79119286#1,-79119286#0,1157449877",2.952350342584838,1779.4292297937177,30.729333333333344,3.8520809960331848,20.016000000000005,0.0179938154177639,0.0,0.0,0.0,0.0,0.0,0.0161216428644071,0.9838783571355928,0.0,1.1239559104195744,0.5619779552097872,0.0,101.08615992543145,1.1239559104195744,0.0,2.840308955676216,67.47289406862299,15.173404790664254,"8a7558246a5ffff,8a7558246a4ffff,8a7558246a6ffff,8a755824469ffff,8a7558240d27fff,8a7558240d77fff,8a7558240d57fff,8a7558240d67fff,8a75582446c7fff,8a755824461ffff,8a755824460ffff,8a7558244627fff,8a755824471ffff,8a7558244637fff,8a75582447affff,8a755824478ffff,8a7558244787fff",0,0
-41231514#5,-1157449877,"-41231514#5,-41231514#4,1162803895,-41231514#2,-41231514#1,-41231514#0,870315480,979842178#1,979842178#2,979842178#3,41231717,979842178#5,79116530#0,79116530#1,79116530#2,79116557#0,79116557#1,79116557#2,79116557#3,1020078537#0,1020078537#1,1157449878#0,1157449878#1,-1157449879,1020092137#1,-41273130,41231515#1,1020092135,41231756#0,41231756#1,41231756#2,41231756#3,-41231755,-79119286#0,1157449877",3.625374094922346,2224.895747319966,32.27554285714287,6.461221867430966,20.016000000000005,0.053081943286087,0.0,0.0,0.0,0.0,0.0,0.0127087045290793,0.9872912954709206,0.0,0.8989185234450343,0.4494592617225171,0.0,91.664188178737,0.8989185234450343,0.0,3.7875043284351975,69.8485813735271,15.7310741602881,"8a7558246a4ffff,8a7558246a5ffff,8a7558240da7fff,8a7558240daffff,8a7558240d1ffff,8a7558240c27fff,8a7558240d57fff,8a7558240d77fff,8a7558240d27fff,8a755824469ffff,8a75582446b7fff,8a7558244787fff,8a7558244797fff,8a75582447a7fff,8a75582447affff,8a755824478ffff",1,1
-41231514#5,-1157449877,"41231514#5,41231514#6,41231514#7,41231514#8,1020078536,-79116557#3,-79116557#2,23881170,41231753#0,41231753#1,41231753#2,1157449877",1.447568429819732,888.3266114519699,31.656,5.778121494049775,20.016000000000005,0.0360438612297648,0.0,0.0,0.0,0.0,0.0,0.0,1.0,0.0,0.0,0.0,0.0,54.60917224145439,0.0,0.0,1.4179389592049312,75.09806665182109,13.50854499381258,"8a7558246a5ffff,8a7558246a4ffff,8a7558246a6ffff,8a755824469ffff,8a7558240d27fff,8a7558244687fff,8a75582446a7fff,8a755824478ffff,8a7558244787fff",2,2
-41231514#5,-1157449877,"41231514#5,41231514#6,41231514#7,41231514#8,1020078536,-79116557#3,1020078538,1020078537#1,1157449878#0,1157449878#1,41231515#0,41273130,1020092138,41273128#1,1020092142,1020092140,41273134,-1020078548,41231515#6,-41231513#4,-41231513#3,-41231513#2,-41231513#1,-41231513#0,79119284#3,-79119286#3,-79119286#2,-79119286#1,-79119286#0,1157449877",3.770204827791448,2293.499627025914,31.98960000000001,6.107453589813363,20.016000000000005,0.0381842682968384,0.0,0.0,0.0,0.0,0.0,0.0,1.0,0.0,0.0,0.0,0.0,100.09181849956722,0.0,0.0,3.660863506910548,72.5235585836658,13.08044686229244,"8a7558246a5ffff,8a7558246a4ffff,8a7558246a6ffff,8a755824469ffff,8a75582446b7fff,8a7558244787fff,8a75582447a7fff,8a75582447b7fff,8a7558244467fff,8a755824446ffff,8a7558244737fff,8a755824409ffff,8a7558244707fff,8a7558244717fff,8a755824471ffff,8a7558244637fff,8a75582447affff,8a755824478ffff",3,3
-41231514#5,-1157449877,"-41231514#5,-41231514#4,-41231514#3,-41231514#2,-41231514#1,-41231514#0,870315480,979842178#1,979842178#2,979842178#3,979842178#4,979842178#5,79116530#0,79116530#1,79116549#0,79116549#1,79116549#2,79116549#3,79116549#4,79116549#5,79116549#6,79119284#1,79119284#2,41231513#0,41231513#1,41273135,41273136,41231513#3,41231513#4,-41231515#6,1020078548,-41273134,-41231515#3,-41231515#2,-41231515#1,-41231515#0,-1157449878#1,-1157449878#0,1020078539,1020078540,1020078536,-79116557#3,-79116557#2,23881170,41231753#0,41231753#1,41231753#2,1157449877",6.8020902385432205,3979.840861070783,30.405,2.889060747024888,20.016000000000005,0.008045226487088,0.0,0.0,0.0,0.0,0.0,0.0047135753062194,0.9952864246937806,0.0,0.5025326564092557,0.2512663282046278,0.0,98.29422738830908,0.5025326564092557,0.0,6.774998112134503,71.62167325172521,12.060783753822136,"8a7558246a4ffff,8a7558246a5ffff,8a7558240da7fff,8a7558240daffff,8a7558240d1ffff,8a7558240c27fff,8a7558240d57fff,8a7558240d77fff,8a7558240d67fff,8a75582446c7fff,8a755824461ffff,8a755824460ffff,8a7558244627fff,8a755824471ffff,8a7558244707fff,8a7558244717fff,8a755824409ffff,8a7558244737fff,8a755824446ffff,8a75582447a7fff,8a7558244787fff,8a75582446b7fff,8a755824469ffff,8a7558240d27fff,8a7558244687fff,8a75582446a7fff,8a755824478ffff",4,4
-41231514#6,1116499315#1,"-41231514#6,41231719,1020092132,-41231514#4,-41231514#3,-41231514#2,-41231514#1,-41231514#0,870315480,979842178#1,979842178#2,979842178#3,979842178#4,979842178#5,79116530#0,-561134628#1,-561134628#0,-1034110351#0,-23881168#1,-23881168#0,1259750653,145622122#0,145622122#1,145622122#2,563298888,979838980#0,979838980#1,979838980#2,979838980#3,979838980#4,979838980#5,979838980#6,57680170#0,57680170#1,57680132#0,57680132#1,174375406,1238123693,1238123694,563272697,563271328,1238123691,-22561498,-22561652#6,-22561652#5,-22561652#4,-22561652#3,-22561652#2,-22561652#1,-22561652#0,-174907151#4,-174907151#1,1116499317#0,1116499317#1,1116499317#2,1116499317#3,1116499316#0,1116499316#1,1116499315#1",3.86441812591283,3352.06215864715,41.68738983050847,16.309558488936265,49.96800000000001,0.6026885099709667,0.0,0.0,0.1304756137878769,0.5242146225786518,0.0,0.0233516903049882,0.3037850203764528,0.5966476471328845,6.264800294895287,0.8949714706993268,0.5966476471328845,91.63405553816432,1.193295294265769,0.0,2.0569263578501724,59.695957464403634,17.601105590420094,"8a7558246a6ffff,8a7558246a4ffff,8a7558246a5ffff,8a7558240da7fff,8a7558240daffff,8a7558240d1ffff,8a7558240c27fff,8a7558240d57fff,8a7558240d47fff,8a7558240c67fff,8a7558240c07fff,8a7558240c37fff,8a7558240c17fff,8a7558240cb7fff,8a755824634ffff,8a7558246277fff,8a75582462e7fff,8a75582462c7fff,8a75582462d7fff,8a7558242927fff,8a7558242937fff,8a755824664ffff,8a755824665ffff,8a75582466effff,8a75582466c7fff,8a75582466f7fff,8a75582466affff,8a7558246687fff,8a75582466a7fff",0,0
-41231514#6,1116499315#1,"-41231514#6,41231719,41231718#0,41231718#1,-1020078541,41231721,41231514#8,1020078536,-79116557#3,-79116557#2,-79116557#1,-79116557#0,79116530#3,-979842178#5,-979842178#4,-979842178#3,-979842178#2,870315479#0,870315479#1,870315480,-979842178#0,-226068307,213840997,1157449881,979838980#0,979838980#1,979838980#2,979838980#3,979838980#4,979838980#5,979838980#6,57680170#0,57680170#1,57680132#0,57680132#1,174375406,1238123693,1238123694,563272697,563271328,1238123691,-22561498,-22561652#6,-22561652#5,-22561652#4,-22561652#3,-22561652#2,-22561652#1,-22561652#0,-174907151#4,-174907151#1,1116499317#0,1116499317#1,1116499317#2,1116499317#3,1116499316#0,1116499316#1,1116499315#1",4.083673299051067,3214.352035246425,38.7856551724138,14.639096339371292,49.96800000000001,0.4688661414214319,0.0,0.0,0.1360654846789588,0.4182785206806998,0.0,0.0245152693267242,0.4021890976015262,0.6222093840591645,6.533198532621227,0.9333140760887468,0.6222093840591645,98.66019741592996,0.9333140760887468,0.0,1.972423276117323,55.81083154455887,18.04407213771577,"8a7558246a6ffff,8a7558246a4ffff,8a7558246a67fff,8a755824469ffff,8a7558240d27fff,8a7558240d77fff,8a7558240d57fff,8a7558240c27fff,8a7558240c37fff,8a7558240c17fff,8a7558240cb7fff,8a755824634ffff,8a7558246277fff,8a75582462e7fff,8a75582462c7fff,8a75582462d7fff,8a7558242927fff,8a7558242937fff,8a755824664ffff,8a755824665ffff,8a75582466effff,8a75582466c7fff,8a75582466f7fff,8a75582466affff,8a7558246687fff,8a75582466a7fff",2,2
-41231514#6,1116499315#1,"-41231514#6,41231711#0,41231711#1,41231711#2,41231711#3,79119289#0,79119289#1,79119289#2,1020078536,-79116557#3,-79116557#2,-79116557#1,-79116557#0,79116530#3,79116530#0,-561134628#1,-561134628#0,-1034110351#0,-23881168#1,-23881168#0,1259750653,145622122#0,145622122#1,145622122#2,563298888,979838980#0,979838980#1,979838980#2,979838980#3,979838980#4,979838980#5,979838980#6,57680170#0,57680170#1,57680132#0,57680132#1,174375406,1238123693,1238123694,563272697,563271328,1238123691,-22561498,-22561652#6,-22561652#5,-22561652#4,-22561652#3,-22561652#2,-22561652#1,-22561652#0,-174907151#4,-174907151#1,1116499317#0,1116499317#1,1116499317#2,1116499317#3,1116499316#0,1116499316#1,1116499315#1",4.442918928681743,3648.6215763605474,42.02664406779662,16.270132493963537,49.96800000000001,0.562477644196279,0.0,0.0,0.119870575353245,0.4816065362163924,0.0,0.0241747077644528,0.3576522307481997,0.5481522153346947,5.755598261014295,0.8222283230020421,0.5481522153346947,97.92393997064856,1.0963044306693894,0.0,2.2389041536347154,63.64653661668354,16.170490352373495,"8a7558246a6ffff,8a7558246a4ffff,8a7558240d17fff,8a7558240d07fff,8a7558240d37fff,8a755824469ffff,8a7558240d27fff,8a7558240d77fff,8a7558240d57fff,8a7558240d47fff,8a7558240c67fff,8a7558240c07fff,8a7558240c37fff,8a7558240c17fff,8a7558240cb7fff,8a755824634ffff,8a7558246277fff,8a75582462e7fff,8a75582462c7fff,8a75582462d7fff,8a7558242927fff,8a7558242937fff,8a755824664ffff,8a755824665ffff,8a75582466effff,8a75582466c7fff,8a75582466f7fff,8a75582466affff,8a7558246687fff,8a75582466a7fff",3,3
-41231514#6,1116499315#1,"41231514#6,41231514#7,41231514#8,1020078536,-79116557#3,-79116557#2,-79116557#1,-79116557#0,79116530#3,79116530#0,79116530#1,79116549#0,-41231508#0,79119287#0,79119290,79116549#2,41231358#1,79119291#0,79119291#1,79116549#4,79116549#5,79116549#6,79119284#1,-561133140#1,-561133140#0,-227385933,-23030922#0,-154901400#5,-154901400#4,-154901400#3,-154901400#2,-227218688,-57680127,-57680164,-57680125#1,-57680125#0,-125835961,-125835958,-55682704#2,-55682704#1,-55682704#0,-849128758#0,-55682703,55682343#1,55682342#1,55682342#2,1116499323#0,1116499323#1,1264978470#0,1264978470#1,1116499322,1116499321#0,22561654#0,22561654#3,22561654#4,22561654#5,22561499#0,22561499#1,22561499#2,174907152#0,174907152#1,174907152#2,1116499317#0,1116499317#1,1116499317#2,1116499317#3,1116499316#0,1116499316#1,1116499315#1",12.711761065759912,9604.44358378133,36.22278260869565,14.961342725277788,59.976000000000006,0.5304113234637244,0.0,0.0,0.2496326545344402,0.0,0.1931420473749514,0.2614539496215239,0.2894287423018246,0.2082369460087543,3.644146555153201,0.5205923650218859,0.1041184730043771,92.72127225923283,0.7288293110306402,0.3123554190131315,6.29092871943274,241.37729040759064,7.184174637302025,"8a7558246a4ffff,8a7558246a6ffff,8a755824469ffff,8a7558240d27fff,8a7558240d77fff,8a7558240d57fff,8a7558240d67fff,8a7558240d47fff,8a7558240997fff,8a75582446c7fff,8a75582446e7fff,8a755824461ffff,8a755824460ffff,8a7558244627fff,8a755824471ffff,8a7558244767fff,8a75582440c7fff,8a7558244c27fff,8a7558244c87fff,8a7558271257fff,8a75582712e7fff,8a7558246d27fff,8a7558246d37fff,8a7558273327fff,8a7558273337fff,8a755827305ffff,8a75582733b7fff,8a75582730d7fff,8a7558273767fff,8a7558273667fff,8a7558255937fff,8a755825595ffff,8a7558255867fff,8a7558255b07fff,8a7558255b2ffff,8a7558255b77fff,8a7558255b47fff,8a7558255b5ffff,8a7558255b4ffff,8a7558246697fff,8a7558246687fff,8a75582466a7fff",4,4
-41231515#0,41231711#3,"41231515#0,41273130,41273126,1020092140,-41231515#3,-41231515#2,1020092135,41231756#0,41231756#1,41231756#2,41231756#3,-41231755,79119286#1,-41231511#3,-41231511#2,-41231511#1,-41231511#0,79119293#0,79119293#1,-41231508#3,-41231508#2,-41231508#1,-79116549#0,79116530#2,79116557#0,79116557#1,79116557#2,1020078538,1020078537#1,1020078539,1020078540,-41231514#8,-41231514#7,-41231514#6,41231711#0,41231711#1,41231711#2,41231711#3",4.620439954239435,2807.467640902798,31.5682105263158,5.469898675665609,20.016000000000005,0.0272855234321732,0.0,0.0,0.0,0.0,0.0,0.003389625196965,0.9966103748030348,0.0,0.7123857710277507,0.3561928855138753,0.0,87.93739752094578,0.7123857710277507,0.0,4.240426731617791,67.99946393120949,13.535329649527265,"8a7558244787fff,8a75582447a7fff,8a7558244467fff,8a755824446ffff,8a75582447affff,8a7558244637fff,8a7558244617fff,8a755824461ffff,8a755824468ffff,8a75582446d7fff,8a7558240d77fff,8a7558240d67fff,8a7558240d27fff,8a755824469ffff,8a7558246a6ffff,8a7558246a4ffff,8a7558240d17fff,8a7558240d07fff",0,0
-41231515#0,41231711#3,"41231515#0,41273130,1020092138,41273128#1,1020092142,1020092140,-41231515#3,-41231515#2,1020092135,41231756#0,41231756#1,41231756#2,41231756#3,-41231755,79119286#1,79119286#2,79119286#3,79119284#4,79119284#5,-79116549#6,-79116549#5,-79116549#4,-79116549#3,-79116549#2,-79116549#1,-79116549#0,79116530#2,79116557#0,79116557#1,79116557#2,1020078538,1020078537#1,1020078539,1020078540,-41231514#8,-41231514#7,-41231514#6,41231711#0,41231711#1,41231711#2,41231711#3",5.084865724547559,3059.711051951055,31.452585365853665,5.277251524115607,20.016000000000005,0.0250360974615804,0.0,0.0,0.0,0.0,0.0,0.0031101835740992,0.9968898164259006,0.0,0.6536564943688654,0.3268282471844327,0.0,90.40949257660792,0.6536564943688654,0.0,4.621417660061592,71.6893498398712,13.39995813456174,"8a7558244787fff,8a75582447a7fff,8a75582447b7fff,8a7558244467fff,8a755824446ffff,8a75582447affff,8a7558244637fff,8a755824471ffff,8a7558244627fff,8a755824460ffff,8a755824461ffff,8a75582446c7fff,8a7558240d67fff,8a7558240d77fff,8a7558240d27fff,8a755824469ffff,8a7558246a6ffff,8a7558246a4ffff,8a7558240d17fff,8a7558240d07fff",1,1
-41231515#0,41231711#3,"41231515#0,41231515#1,41231515#2,41231515#3,-1020092140,1020092139#0,1020092139#1,41231515#5,41231515#6,-41231513#4,-41231513#3,-41231513#2,-41231513#1,-41231513#0,79119284#3,79119284#4,79119284#5,-79116549#6,-79116549#5,-79116549#4,-79116549#3,-79116549#2,-79116549#1,-79116549#0,79116530#2,79116557#0,79116557#1,79116557#2,79116557#3,79116557#4,1020078540,-41231514#8,-41231514#7,-41231514#6,41231711#0,41231711#1,41231711#2,41231711#3",4.956362545018007,2933.6273705261624,29.98800000000001,1.0801209733760652e-14,0.0,0.0,0.0,0.0,0.0,0.0,0.0,0.003243855423111,0.996756144576889,0.0,0.6817498432465501,0.340874921623275,0.0,97.39177951521694,0.6817498432465501,0.0,4.430979627813081,67.20678474140242,12.953247021684453,"8a7558244787fff,8a75582447a7fff,8a755824446ffff,8a7558244467fff,8a7558244097fff,8a755824409ffff,8a7558244707fff,8a7558244717fff,8a755824471ffff,8a7558244627fff,8a755824460ffff,8a755824461ffff,8a75582446c7fff,8a7558240d67fff,8a7558240d77fff,8a7558240d27fff,8a755824469ffff,8a7558246a6ffff,8a7558246a4ffff,8a7558240d17fff,8a7558240d07fff",2,2
-41231515#0,41231711#3,"41231515#0,41231515#1,1020092135,1020092136,41231515#3,41231515#4,41231515#5,41231515#6,-41231513#4,-41231513#3,-41231513#2,-41231513#1,-41231513#0,79119284#3,-79119286#3,-79119286#2,-79119286#1,-79119286#0,-41231753#2,-41231753#1,-41231753#0,1020078542,-1157449878#0,1020078539,1020078540,-41231514#8,-41231514#7,-41231514#6,41231711#0,41231709#0,41231709#1,-41231711#3",4.01175171292419,2486.673210328907,31.239,4.922628723394352,20.016000000000005,0.054479991404589,0.0,0.0,0.0,0.0,0.0,0.0,1.0,0.0,0.0,0.0,0.0,90.35193433513504,0.0,0.0,3.998388271090007,71.75851285440135,12.868598844062598,"8a7558244787fff,8a75582447a7fff,8a755824446ffff,8a755824409ffff,8a7558244707fff,8a7558244717fff,8a755824471ffff,8a7558244637fff,8a75582447affff,8a755824478ffff,8a75582446a7fff,8a7558244687fff,8a75582446b7fff,8a755824469ffff,8a7558246a6ffff,8a7558246a4ffff,8a7558240d1ffff,8a7558240d07fff,8a7558240d17fff",3,3
-41231515#0,41231711#3,"41231515#0,41273130,1020092138,41273128#1,1020092142,1020092139#0,1020092139#1,41231515#5,41231515#6,-41231513#4,-41231513#3,-41231513#2,-41231513#1,-41231513#0,79119284#3,-79119286#3,-79119286#2,-41231511#3,-41231511#2,-41231511#1,-41231511#0,79119293#0,79119288,41231358#0,-79116549#2,-79116549#1,-79116549#0,79116530#2,79116557#0,79116557#1,79116557#2,1020078538,1020078537#1,1020078539,1020078540,-41231514#8,-41231514#7,-41231514#6,41231711#0,41231709#0,41231709#1,-41231711#3",5.8578504836059695,3460.5144352670754,30.941142857142864,4.314254018389696,20.016000000000005,0.0160545158895968,0.0,0.0,0.0,0.0,0.0,0.0027499561794296,0.9972500438205704,0.0,0.5779487522483472,0.2889743761241736,0.0,98.19136194305844,0.5779487522483472,0.0,5.564253586855272,72.51433165140615,12.13692379721529,"8a7558244787fff,8a75582447a7fff,8a75582447b7fff,8a7558244467fff,8a7558244097fff,8a755824409ffff,8a7558244707fff,8a7558244717fff,8a755824471ffff,8a7558244637fff,8a7558244617fff,8a755824461ffff,8a755824468ffff,8a75582446dffff,8a75582446c7fff,8a7558240d67fff,8a7558240d77fff,8a7558240d27fff,8a755824469ffff,8a7558246a6ffff,8a7558246a4ffff,8a7558240d1ffff,8a7558240d07fff,8a7558240d17fff",4,4
-41231515#3,-174375407#2,"41231515#3,41231515#4,41231515#5,41231515#6,-41231513#4,-41231513#3,-41231513#2,-41231513#1,-41231513#0,79119284#3,79119284#4,79119284#5,-79116549#6,-79116549#5,-79116549#4,-79116549#3,-79116549#2,-79116549#1,-79116549#0,79116530#2,79116530#3,79116530#0,-561134628#1,-561134628#0,-1034110351#0,-23881168#1,-23881168#0,1259750653,145622122#0,145622122#1,145622122#2,563298888,979838980#0,979838980#1,979838980#2,979838980#3,979838980#4,979838980#5,979838980#6,57680170#0,57680170#1,57680132#0,57680132#1,174375408#0,174375408#1,-174375409,57680120#0,57680120#1,1238123694,563272697,563271328,174375401,1238123690,174375405,561133138,-174375407#4,-174375407#3,-174375407#2",5.443464877129333,4223.949401396977,43.78531034482758,15.540998389892074,39.99600000000001,0.4798696374621838,0.0,0.0,0.007456859297653,0.4091506078740896,0.0883404555976001,0.0068296179121239,0.4882224593185332,0.4734905203501123,6.865612545076628,0.9469810407002246,0.0,75.22539061445251,1.657216821225393,0.2367452601750561,2.009268402249003,74.59665490791886,13.731225090153256,"8a75582447a7fff,8a755824446ffff,8a755824409ffff,8a7558244707fff,8a7558244717fff,8a755824471ffff,8a7558244627fff,8a755824460ffff,8a755824461ffff,8a75582446c7fff,8a7558240d67fff,8a7558240d77fff,8a7558240d57fff,8a7558240d47fff,8a7558240c67fff,8a7558240c07fff,8a7558240c37fff,8a7558240c17fff,8a7558240cb7fff,8a755824634ffff,8a7558246277fff,8a75582462e7fff,8a75582462c7fff,8a75582462d7fff,8a7558242927fff,8a7558242937fff,8a755824664ffff,8a7558246647fff,8a755824665ffff,8a75582429a7fff,8a75582429affff,8a755824291ffff",0,0
-41231515#3,-174375407#2,"41231515#3,-1020092140,-1020092142,-1020092143,41273131,-1020092138,-41273130,-41231515#0,-1157449878#1,-1157449878#0,1020078539,1020078540,1020078536,-79116557#3,-79116557#2,-79116557#1,-79116557#0,79116530#3,79116530#0,-561134628#1,-561134628#0,-1034110351#0,-23881168#1,-23881168#0,1259750653,145622122#0,145622122#1,145622122#2,563298888,979838980#0,979838980#1,979838980#2,979838980#3,979838980#4,979838980#5,979838980#6,57680170#0,57680170#1,57680132#0,57680132#1,174375406,1238123693,1238123694,563272697,563271328,174375401,1238123690,174375405,561133138,-174375407#4,-174375407#3,-174375407#2",5.955457233467121,4467.3574975547845,44.607461538461536,15.89970660533542,39.99600000000001,0.458306393691539,0.0,0.0,0.0070505654369194,0.3986574609673785,0.0835271443453677,0.0043273226839354,0.5064375065663987,0.447691952366629,2.909997690383089,0.6715379285499437,0.0,69.54799300328386,1.3430758570998873,0.2238459761833145,2.1250539266446595,87.14166819739448,11.639990761532356,"8a75582447a7fff,8a755824446ffff,8a7558244467fff,8a7558244477fff,8a75582447b7fff,8a7558244787fff,8a75582446b7fff,8a755824469ffff,8a7558240d27fff,8a7558240d77fff,8a7558240d57fff,8a7558240d47fff,8a7558240c67fff,8a7558240c07fff,8a7558240c37fff,8a7558240c17fff,8a7558240cb7fff,8a755824634ffff,8a7558246277fff,8a75582462e7fff,8a75582462c7fff,8a75582462d7fff,8a7558242927fff,8a7558242937fff,8a755824664ffff,8a755824665ffff,8a75582429a7fff,8a75582429affff,8a755824291ffff",1,1
-41231515#3,-174375407#2,"-41231515#3,-41231515#2,1020092135,41231756#0,41231756#1,41231756#2,41231756#3,-41231755,79119286#1,79119286#2,79119286#3,79119284#4,79119284#5,-79116549#6,-79116549#5,-79116549#4,-79116549#3,-79116549#2,-79116549#1,-79116549#0,79116530#2,79116530#3,-979842178#5,-979842178#4,-979842178#3,870315481#0,870315481#1,870315479#1,870315480,-979842178#0,-226068307,213840997,1157449881,979838980#0,979838980#1,979838980#2,979838980#3,979838980#4,979838980#5,979838980#6,57680170#0,57680170#1,57680132#0,57680132#1,174375406,1238123693,1238123694,563272697,561133136,561133138,-174375407#4,-174375407#3,-174375407#2",4.759409438765951,3558.635968463192,39.047094339622646,14.44791812826087,39.99600000000001,0.3830261095257011,0.0,0.0,0.0,0.36598908531338,0.1159792249732849,0.00546397725628,0.5125677124570551,0.0,3.091071999913041,0.5620130908932802,0.0,58.664523146333856,0.8430196363399203,0.2810065454466401,1.5521757410095804,67.63163952993811,14.893346908671926,"8a755824446ffff,8a75582447a7fff,8a75582447affff,8a7558244637fff,8a755824471ffff,8a7558244627fff,8a755824460ffff,8a755824461ffff,8a75582446c7fff,8a7558240d67fff,8a7558240d77fff,8a7558240d57fff,8a7558240c27fff,8a7558240c37fff,8a7558240c17fff,8a7558240cb7fff,8a755824634ffff,8a7558246277fff,8a75582462e7fff,8a75582462c7fff,8a75582462d7fff,8a7558242927fff,8a7558242937fff,8a755824664ffff,8a755824665ffff,8a75582429a7fff,8a75582429affff,8a755824291ffff",2,2
-41231515#3,-174375407#2,"-41231515#3,-41231515#2,-41231515#1,41273130,-1020092137#1,1157449879,-1157449878#1,-1157449878#0,1020078539,1020078540,-41231514#8,-41231514#7,-41231514#6,41231719,1020092132,-41231514#4,1162803895,-41231514#2,-41231514#1,-41231514#0,870315480,979842178#1,979842178#2,979842178#3,41231717,979842178#5,79116530#0,-561134628#1,-561134628#0,-1034110351#0,-23881168#1,-23881168#0,1259750653,145622122#0,145622122#1,145622122#2,563298888,979838980#0,979838980#1,979838980#2,979838980#3,979838980#4,979838980#5,979838980#6,57680170#0,57680170#1,57680132#0,57680132#1,174375406,1238123693,1238123694,563272697,561133136,561133138,-174375407#4,-174375407#3,-174375407#2",5.759195287363984,4427.332273765703,42.27157894736842,15.926328008035908,39.99600000000001,0.4541763820454254,0.0,0.0,0.0,0.3873952534192442,0.0932226939527553,0.0021240001687573,0.5172580524592433,0.0,2.484566172089872,0.4517393040163403,0.0,67.19576077660498,0.9034786080326808,0.2258696520081701,1.9310763488111444,76.49601305357851,12.8745701644657,"8a755824446ffff,8a75582447a7fff,8a7558244797fff,8a7558244787fff,8a75582446b7fff,8a755824469ffff,8a7558246a6ffff,8a7558246a4ffff,8a7558246a5ffff,8a7558240da7fff,8a7558240daffff,8a7558240d1ffff,8a7558240c27fff,8a7558240d57fff,8a7558240d47fff,8a7558240c67fff,8a7558240c07fff,8a7558240c37fff,8a7558240c17fff,8a7558240cb7fff,8a755824634ffff,8a7558246277fff,8a75582462e7fff,8a75582462c7fff,8a75582462d7fff,8a7558242927fff,8a7558242937fff,8a755824664ffff,8a755824665ffff,8a75582429a7fff,8a75582429affff,8a755824291ffff",3,3
-41231515#3,-174375407#2,"41231515#3,41273134,-1020078548,-41231515#5,-1020092139#1,-1020092139#0,-1020092142,-1020092143,41273131,-1020092138,-1020092137#1,1157449879,-1157449878#1,-1157449878#0,1020078539,1020078540,-41231514#8,-41231514#7,-41231514#6,-41231514#5,-41231514#4,1162803895,-41231514#2,-41231514#1,-41231514#0,870315480,-979842178#0,-226068307,213840997,1157449881,979838980#0,979838980#1,979838980#2,979838980#3,979838980#4,979838980#5,979838980#6,57680170#0,57680170#1,57680132#0,57680132#1,174375408#0,174375408#1,-174375409,57680120#0,57680120#1,1238123694,563272697,561133136,561133138,-174375407#4,-174375407#3,-174375407#2",6.412618267293764,4422.283713680487,40.18007547169811,14.478450905037432,39.99600000000001,0.3180873403455528,0.0,0.0,0.0,0.2825933549214224,0.0933291186876203,0.0,0.6240775263909573,0.0,5.65318772349717,0.4522550178797736,0.0,83.32049509001995,0.4522550178797736,0.2261275089398868,2.1036130140999982,78.7336175844973,11.984757973814,"8a75582447a7fff,8a755824446ffff,8a7558244737fff,8a755824409ffff,8a7558244097fff,8a7558244467fff,8a7558244477fff,8a75582447b7fff,8a7558244797fff,8a7558244787fff,8a75582446b7fff,8a755824469ffff,8a7558246a6ffff,8a7558246a4ffff,8a7558246a5ffff,8a7558240da7fff,8a7558240daffff,8a7558240d1ffff,8a7558240c27fff,8a7558240c37fff,8a7558240c17fff,8a7558240cb7fff,8a755824634ffff,8a7558246277fff,8a75582462e7fff,8a75582462c7fff,8a75582462d7fff,8a7558242927fff,8a7558242937fff,8a755824664ffff,8a7558246647fff,8a755824665ffff,8a75582429a7fff,8a75582429affff,8a755824291ffff",4,4
-41231706#0,-174375407#2,"-41231706#0,-979842178#4,-979842178#3,-979842178#2,870315479#0,870315479#1,870315480,-979842178#0,-226068307,213840997,1157449881,979838980#0,979838980#1,979838980#2,979838980#3,979838980#4,979838980#5,979838980#6,57680170#0,57680170#1,57680132#0,57680132#1,174375406,1238123693,1238123694,563272697,563271328,174375401,1238123690,174375405,561133138,-174375407#4,-174375407#3,-174375407#2",2.312890572039996,2173.6853321003327,45.2869411764706,15.616119047882774,39.99600000000001,0.6439465675178329,0.0,0.0,0.0144903201495997,0.629456247368233,0.1716649641188247,0.0,0.1843884683633423,0.920096377550421,5.060530076527315,0.920096377550421,0.0,68.85828715566197,1.380144566325631,0.4600481887752105,1.5358278990570788,63.83861701388722,15.641638418357156,"8a7558240d0ffff,8a7558240d57fff,8a7558240c27fff,8a7558240c37fff,8a7558240c17fff,8a7558240cb7fff,8a755824634ffff,8a7558246277fff,8a75582462e7fff,8a75582462c7fff,8a75582462d7fff,8a7558242927fff,8a7558242937fff,8a755824664ffff,8a755824665ffff,8a75582429a7fff,8a75582429affff,8a755824291ffff",0,0
-41231706#0,-174375407#2,"-41231706#0,-979842178#4,-979842178#3,870315481#0,870315481#1,870315479#1,41231514#0,41231514#1,41231514#2,41231514#3,41231514#4,41231514#5,41231514#6,41231514#7,41231514#8,1020078536,-79116557#3,-79116557#2,-79116557#1,-79116557#0,79116530#3,79116530#0,-561134628#1,-561134628#0,-1034110351#0,-23881168#1,-23881168#0,1259750653,145622122#0,145622122#1,145622122#2,563298888,979838980#0,979838980#1,979838980#2,979838980#3,979838980#4,979838980#5,979838980#6,57680170#0,57680170#1,57680132#0,57680132#1,174375408#0,174375408#1,-174375409,57680120#0,57680120#1,1238123694,563272697,563271328,174375401,1238123690,174375405,561133138,-174375407#4,-174375407#3,-174375407#2",4.355919261330819,3677.934474660517,44.13041379310344,15.451218484892276,39.99600000000001,0.5598152449975079,0.0,0.0,0.008563881870008,0.4698918583563102,0.1014552100129683,0.0052561288325296,0.4148329209281836,0.5437834778675891,7.884860429080041,1.087566955735178,0.0,91.33691083940155,1.9032421725365616,0.2718917389337945,2.598662416160028,68.0628107373227,15.76972085816008,"8a7558240d0ffff,8a7558240d57fff,8a7558240c27fff,8a7558240d1ffff,8a7558240daffff,8a7558240da7fff,8a7558246a5ffff,8a7558246a4ffff,8a7558246a6ffff,8a755824469ffff,8a7558240d27fff,8a7558240d77fff,8a7558240d47fff,8a7558240c67fff,8a7558240c07fff,8a7558240c37fff,8a7558240c17fff,8a7558240cb7fff,8a755824634ffff,8a7558246277fff,8a75582462e7fff,8a75582462c7fff,8a75582462d7fff,8a7558242927fff,8a7558242937fff,8a755824664ffff,8a7558246647fff,8a755824665ffff,8a75582429a7fff,8a75582429affff,8a755824291ffff",1,1
-41231706#0,-174375407#2,"-41231706#0,979842178#5,79116530#0,-561134628#1,-561134628#0,-1034110351#0,-23881168#1,-23881168#0,1259750653,145622122#0,145622122#1,145622122#2,563298888,979838980#0,979838980#1,979838980#2,979838980#3,979838980#4,979838980#5,979838980#6,57680170#0,57680170#1,57680132#0,57680132#1,174375406,1238123693,1238123694,563272697,561133136,561133138,-174375407#4,-174375407#3,-174375407#2",2.508264778371329,2509.442508057137,50.59854545454546,16.18828856977111,39.99600000000001,0.7801201734149477,0.0,0.0,0.0,0.6834695366241129,0.1644699331661353,0.0037473082034876,0.148313222006264,0.0,4.383443718946338,0.7969897670811523,0.0,62.43555720580269,1.5939795341623046,0.3984948835405761,1.7730587578791386,76.6024670366013,13.150331156839012,"8a7558240d0ffff,8a7558240d57fff,8a7558240d47fff,8a7558240c67fff,8a7558240c07fff,8a7558240c37fff,8a7558240c17fff,8a7558240cb7fff,8a755824634ffff,8a7558246277fff,8a75582462e7fff,8a75582462c7fff,8a75582462d7fff,8a7558242927fff,8a7558242937fff,8a755824664ffff,8a755824665ffff,8a75582429a7fff,8a75582429affff,8a755824291ffff",3,3
-41231706#0,-174375407#2,"-41231706#0,-979842178#4,-979842178#3,-979842178#2,870315479#0,870315479#1,41231514#0,41231514#1,41231514#2,41231514#3,41231514#4,41231514#5,41231711#0,41231711#1,41231712,79119289#1,79119289#2,1020078536,-79116557#3,-79116557#2,-79116557#1,-79116557#0,79116530#3,79116530#0,-561134628#1,-561134628#0,-1034110351#0,-23881168#1,-23881168#0,1259750653,145622122#0,145622122#1,145622122#2,563298888,979838980#0,979838980#1,979838980#2,979838980#3,979838980#4,979838980#5,979838980#6,57680170#0,57680170#1,57680132#0,57680132#1,174375406,1238123693,1238123694,563272697,561133136,561133138,-174375407#4,-174375407#3,-174375407#2",4.638726365453967,3798.148281405531,42.95399999999999,16.093170401909806,39.99600000000001,0.5238567054928039,0.0,0.0,0.0,0.4515693914751449,0.1086655419971343,0.0050897690148274,0.4346752975128933,0.0,2.896148118769437,0.5265723852308067,0.0,92.9467397679058,1.0531447704616137,0.2632861926154033,2.6836000635390307,67.63266109458702,14.217454401231782,"8a7558240d0ffff,8a7558240d57fff,8a7558240c27fff,8a7558240d1ffff,8a7558240daffff,8a7558240da7fff,8a7558246a5ffff,8a7558246a4ffff,8a7558240d17fff,8a7558240d37fff,8a755824469ffff,8a7558240d27fff,8a7558240d77fff,8a7558240d47fff,8a7558240c67fff,8a7558240c07fff,8a7558240c37fff,8a7558240c17fff,8a7558240cb7fff,8a755824634ffff,8a7558246277fff,8a75582462e7fff,8a75582462c7fff,8a75582462d7fff,8a7558242927fff,8a7558242937fff,8a755824664ffff,8a755824665ffff,8a75582429a7fff,8a75582429affff,8a755824291ffff",4,4
-41231706#1,-41231515#0,"-41231706#1,-41231706#0,979842178#5,79116530#0,79116530#1,79116549#0,-41231508#0,79119287#0,79119290,79116549#2,79116549#3,79119291#2,41231511#0,41231511#1,41231511#2,41231511#3,-79119286#1,-79119286#0,-41231753#2,-41231753#1,-41231753#0,1020078542,1157449878#1,41231515#0",2.888477968581241,1940.6600213954384,30.822000000000003,4.085748890962343,20.016000000000005,0.0589632360895,0.0,0.0,0.0,0.0,0.0,0.0096664430650442,0.9903335569349556,0.0,1.030577214942519,0.5152886074712595,0.0,118.4299799641274,1.030577214942519,0.0,2.3287077303649584,60.96696865045781,12.366926579310226,"8a7558240d0ffff,8a7558240d57fff,8a7558240d77fff,8a7558240d67fff,8a7558240d47fff,8a7558240997fff,8a75582446c7fff,8a755824461ffff,8a7558244617fff,8a7558244637fff,8a75582447affff,8a755824478ffff,8a75582446a7fff,8a7558244687fff,8a75582446b7fff,8a7558244787fff,8a75582447a7fff",0,0
-41231706#1,-41231515#0,"-41231706#1,-41231706#0,979842178#5,79116530#0,79116530#1,79116530#2,79116557#0,79116557#1,23881170,41231753#0,41231753#1,41231753#2,79119286#0,41231755,-41231756#3,-41231756#2,41273133,-1020078548,-41231515#5,-41231515#4,-41231515#3,-41231515#2,-41231515#1,-41231515#0",3.0965986394557823,1982.0066154200824,29.988,0.0,0.0,0.0,0.0,0.0,0.0,0.0,0.0,0.0142661192150974,0.9857338807849024,0.0,1.0090783675694766,0.5045391837847383,0.0,109.73534086245004,1.0090783675694766,0.0,2.8859692511792527,84.33952363009412,12.108940410833718,"8a7558240d0ffff,8a7558240d57fff,8a7558240d77fff,8a7558240d27fff,8a7558244687fff,8a75582446a7fff,8a755824478ffff,8a75582447affff,8a7558244737fff,8a755824409ffff,8a755824446ffff,8a75582447a7fff,8a7558244787fff",2,2
-41231706#1,-41231515#0,"-41231706#1,-41231706#0,-979842178#4,-979842178#3,-979842178#2,870315479#0,870315479#1,41231514#0,41231514#1,41231514#2,41231514#3,41231514#4,41231514#5,41231711#0,41231711#1,41231711#2,41231711#3,79119289#0,79119289#1,79119289#2,1020078536,1020078537#0,1020078537#1,1157449878#0,1157449878#1,41231515#0",2.716525386252413,1841.4736379142128,32.297538461538466,6.521464873666158,20.016000000000005,0.0412447616178629,0.0,0.0,0.0,0.0,0.0,0.0,1.0,0.0,0.0,0.0,0.0,119.83682955497252,0.0,0.0,2.2096883784881736,61.39557978445403,14.119126912644532,"8a7558240d0ffff,8a7558240d57fff,8a7558240c27fff,8a7558240d1ffff,8a7558240daffff,8a7558240da7fff,8a7558246a5ffff,8a7558246a4ffff,8a7558240d17fff,8a7558240d07fff,8a7558240d37fff,8a755824469ffff,8a75582446b7fff,8a7558244787fff,8a75582447a7fff",3,3
-41231706#1,-41231515#0,"-41231706#1,-41231706#0,979842178#5,79116530#0,79116530#1,79116549#0,79116549#1,79116549#2,79116549#3,79116549#4,79116549#5,79116549#6,79119284#1,79119284#2,41231513#0,41231513#1,41273135,41273137#1,41273137#2,41273137#3,-41273141#1,41273140#1,57680129,41273142#0,41273142#1,-41273141#3,-174897323#0,-41231515#6,-41231515#5,-41231515#4,-41231515#3,-41231515#2,-41231515#1,-41231515#0",4.709083633453381,2909.7169441067017,29.988000000000003,3.606140942640595e-15,0.0,0.0,0.0,0.0,0.0,0.0,0.0,0.0064471149482156,0.9935528850517844,0.0,0.6873520821503861,0.343676041075193,0.0,110.29063866646842,0.6873520821503861,0.0,4.236793946597095,68.44106561989504,11.684985396556565,"8a7558240d0ffff,8a7558240d57fff,8a7558240d77fff,8a7558240d67fff,8a75582446c7fff,8a755824461ffff,8a755824460ffff,8a7558244627fff,8a755824471ffff,8a7558244707fff,8a755824408ffff,8a75582440affff,8a7558244017fff,8a755824418ffff,8a7558244087fff,8a755824409ffff,8a755824446ffff,8a75582447a7fff,8a7558244787fff",4,4
-41231706#2,-561133140#1,"-41231706#2,-41231706#1,-41231706#0,979842178#5,79116530#0,79116530#1,79116530#2,79116557#0,79116557#1,23881170,41231753#0,41231753#1,41231753#2,79119286#0,79119286#1,79119286#2,79119286#3,79119284#4,79119284#5,79119284#1,-561133140#1",1.8970588235294112,1232.2735972729906,29.988000000000003,3.640448215221994e-15,0.0,0.0,0.0,0.0,0.0,0.0,0.0,0.0229458317724799,0.97705416822752,0.0,1.6230161909059648,0.8115080954529824,0.0,76.05864849688257,1.6230161909059648,0.0,1.7660978223895585,72.76305915013018,17.04167000451263,"8a7558240d0ffff,8a7558240d57fff,8a7558240d77fff,8a7558240d27fff,8a7558244687fff,8a75582446a7fff,8a755824478ffff,8a75582447affff,8a7558244637fff,8a755824471ffff,8a7558244627fff",0,0
-41231706#2,-561133140#1,"-41231706#2,-41231706#1,-41231706#0,979842178#5,79116530#0,79116530#1,79116549#0,41231508#1,79119292,41231358#0,41231358#1,41231357#1,79119291#1,79116549#4,79116549#5,79116549#6,79119284#1,-561133140#1",1.914025610244097,1221.939494930926,29.988,0.0,0.0,0.0,0.0,0.0,0.0,0.0,0.0,0.0153520527679539,0.9846479472320462,0.0,1.6367422513935983,0.8183711256967992,0.0,87.26300131544215,1.6367422513935983,0.0,1.75128695921513,51.4807553356948,14.730680262542384,"8a7558240d0ffff,8a7558240d57fff,8a7558240d77fff,8a7558240d67fff,8a75582446dffff,8a75582446c7fff,8a75582446e7fff,8a755824461ffff,8a755824460ffff,8a7558244627fff,8a755824471ffff",2,2
-41231706#2,-561133140#1,"-41231706#2,-41231706#1,-41231706#0,979842178#5,79116530#0,79116530#1,79116530#2,79116557#0,79116557#1,79116557#2,1020078538,1020078537#1,1157449878#0,1157449878#1,41231515#0,41231515#1,41231515#2,41231515#3,-1020092140,1020092139#0,1020092139#1,41231515#5,41231515#6,-41231513#4,-41231513#3,-41231513#2,-41231513#1,-41231513#0,79119284#3,79119284#4,79119284#5,79119284#1,-561133140#1",3.687162208295845,2262.380533423888,31.201090909090908,4.849993739452381,20.016000000000005,0.024556825505873,0.0,0.0,0.0,0.0,0.0,0.0124981373570707,0.9875018626429288,0.0,0.8840245796197688,0.4420122898098844,0.0,92.0661650488943,0.8840245796197688,0.0,3.2424498442055776,73.36220113373106,14.586405563726183,"8a7558240d0ffff,8a7558240d57fff,8a7558240d77fff,8a7558240d27fff,8a755824469ffff,8a75582446b7fff,8a7558244787fff,8a75582447a7fff,8a755824446ffff,8a7558244467fff,8a7558244097fff,8a755824409ffff,8a7558244707fff,8a7558244717fff,8a755824471ffff,8a7558244627fff",3,3
-41231706#2,-561133140#1,"-41231706#2,-41231706#1,-41231706#0,-979842178#4,-979842178#3,-979842178#2,870315479#0,870315479#1,41231514#0,41231514#1,41231514#2,41231514#3,41231514#4,41231514#5,41231719,41231718#0,41231720,41231514#7,41231514#8,1020078536,-79116557#3,-79116557#2,-79116557#1,-79116557#0,79116530#3,79116530#0,79116530#1,79116549#0,79116549#1,79116549#2,79116549#3,79116549#4,79116549#5,79116549#6,79119284#1,-561133140#1",3.9799813950058063,2430.2078431669256,30.544000000000008,3.3360000000000007,20.016000000000005,0.013175301528184,0.0,0.0,0.0,0.0,0.0,0.0118044728667476,0.9881955271332524,0.0,0.8229748766647464,0.4114874383323732,0.0,108.16861253262532,0.8229748766647464,0.0,3.48298039434526,60.649029844341,14.813547779965436,"8a7558240d0ffff,8a7558240d57fff,8a7558240c27fff,8a7558240d1ffff,8a7558240daffff,8a7558240da7fff,8a7558246a5ffff,8a7558246a4ffff,8a7558246a67fff,8a7558246a6ffff,8a755824469ffff,8a7558240d27fff,8a7558240d77fff,8a7558240d67fff,8a75582446c7fff,8a755824461ffff,8a755824460ffff,8a7558244627fff,8a755824471ffff",4,4
-41231716,-561133140#1,"41231716,-41231514#0,870315480,979842178#1,979842178#2,979842178#3,979842178#4,979842178#5,79116530#0,79116530#1,79116549#0,-41231508#0,79119287#0,79119290,79116549#2,41231358#1,41231357#1,79119291#1,79119291#2,41231511#0,41231511#1,41231511#2,41231511#3,79119286#2,79119286#3,79119284#4,79119284#5,79119284#1,-561133140#1",2.5460384153661466,1620.2102823120856,29.98800000000001,1.0846795346689375e-14,0.0,0.0,0.0,0.0,0.0,0.0,0.0,0.0115782993172074,0.9884217006827924,0.0,1.2344076703092786,0.6172038351546393,0.0,94.1259837749415,1.2344076703092786,0.0,1.7160511131007437,48.83512126710173,17.89891121948454,"8a7558240d8ffff,8a7558240d1ffff,8a7558240c27fff,8a7558240d57fff,8a7558240d77fff,8a7558240d67fff,8a7558240d47fff,8a7558240997fff,8a75582446c7fff,8a75582446e7fff,8a755824461ffff,8a7558244617fff,8a7558244637fff,8a755824471ffff,8a7558244627fff",0,0
-41231716,-561133140#1,"41231716,41231514#1,41231514#2,41231514#3,41231514#4,41231514#5,41231719,41231718#0,41231720,41231514#7,41231514#8,1020078536,-79116557#3,-79116557#2,-79116557#1,-79116557#0,79116530#3,79116530#0,79116530#1,79116549#0,-41231508#0,79119287#0,79119287#1,79119287#2,79116549#5,79116549#6,79119284#1,-561133140#1",3.766375952828935,2227.716082992607,30.70285714285715,3.782668445876346,20.016000000000005,0.0143728913007934,0.0,0.0,0.0,0.0,0.0,0.0128774590102542,0.9871225409897458,0.0,0.8977804735840915,0.4488902367920457,0.0,96.33474034413696,0.8977804735840915,0.0,2.359492903869578,73.83422506435492,12.56892663017728,"8a7558240d8ffff,8a7558240d1ffff,8a7558240daffff,8a7558240da7fff,8a7558246a5ffff,8a7558246a4ffff,8a7558246a67fff,8a7558246a6ffff,8a755824469ffff,8a7558240d27fff,8a7558240d77fff,8a7558240d57fff,8a7558240d67fff,8a7558240d47fff,8a7558240997fff,8a75582446cffff,8a755824460ffff,8a7558244627fff,8a755824471ffff",1,1
-41231716,-561133140#1,"41231716,41231514#1,41231514#2,41231514#3,41231514#4,41231514#5,41231514#6,41231514#7,41231514#8,1020078536,1020078537#0,1020078537#1,1157449878#0,1157449878#1,41231515#0,41273130,41273126,1020092139#0,1020092139#1,41231515#5,41231515#6,-41231513#4,-41231513#3,-41231513#2,-41231513#1,-41231513#0,79119284#3,79119284#4,79119284#5,79119284#1,-561133140#1",4.014964762002714,2404.646690927595,31.92503225806453,6.01555166483159,20.016000000000005,0.0315851561511734,0.0,0.0,0.0,0.0,0.0,0.0,1.0,0.0,0.0,0.0,0.0,92.22673776846618,0.0,0.0,2.5468895461468697,74.6724890464637,12.891706759649466,"8a7558240d8ffff,8a7558240d1ffff,8a7558240daffff,8a7558240da7fff,8a7558246a5ffff,8a7558246a4ffff,8a7558246a6ffff,8a755824469ffff,8a75582446b7fff,8a7558244787fff,8a75582447a7fff,8a7558244467fff,8a7558244097fff,8a755824409ffff,8a7558244707fff,8a7558244717fff,8a755824471ffff,8a7558244627fff",3,3
-41231716,-561133140#1,"41231716,41231514#1,41231514#2,41231514#3,41231514#4,41231514#5,41231711#0,41231710,79119289#2,1020078536,-79116557#3,-79116557#2,23881170,41231753#0,41231753#1,41231753#2,79119286#0,41231755,-41231756#3,-41231756#2,41273133,-41273134,41231515#4,41231515#5,41231515#6,-41231513#4,-41231513#3,-41231513#2,-41231513#1,-41231513#0,79119284#3,79119284#4,79119284#5,79119284#1,-561133140#1",4.158312727538822,2513.686623743825,30.55988571428572,3.3833215125291987,20.016000000000005,0.012737753707021,0.0,0.0,0.0,0.0,0.0,0.0,1.0,0.0,0.0,0.0,0.0,95.57607429445667,0.0,0.0,2.66237955390975,63.53001881169747,13.923772227371698,"8a7558240d8ffff,8a7558240d1ffff,8a7558240daffff,8a7558240da7fff,8a7558246a5ffff,8a7558246a4ffff,8a7558240d37fff,8a755824469ffff,8a7558240d27fff,8a7558244687fff,8a75582446a7fff,8a755824478ffff,8a75582447affff,8a7558244737fff,8a755824446ffff,8a755824409ffff,8a7558244707fff,8a7558244717fff,8a755824471ffff,8a7558244627fff",4,4
-41231753#2,-79116549#2,"-41231753#2,-41231753#1,-41231753#0,1020078542,-1157449878#0,1020078539,1020078540,-41231514#8,-41231514#7,-41231514#6,-41231514#5,-41231514#4,1162803895,-41231514#2,-41231514#1,-41231514#0,870315480,979842178#1,979842178#2,979842178#3,979842178#4,979842178#5,79116530#0,79116530#1,79116549#0,79116549#1,79116549#2",2.61339807341223,1849.1835739192973,31.47066666666667,5.341875210937708,20.016000000000005,0.0906078915179595,0.0,0.0,0.0,0.0,0.0,0.010144628078037,0.989855371921963,0.0,1.081558385120765,0.5407791925603825,0.0,85.20204535405557,1.081558385120765,0.0,3.640106229459468,60.3372381073222,14.601038199130327,"8a755824478ffff,8a75582446a7fff,8a7558244687fff,8a75582446b7fff,8a755824469ffff,8a7558246a6ffff,8a7558246a4ffff,8a7558246a5ffff,8a7558240da7fff,8a7558240daffff,8a7558240d1ffff,8a7558240c27fff,8a7558240d57fff,8a7558240d77fff,8a7558240d67fff,8a75582446c7fff",0,0
-41231753#2,-79116549#2,"-41231753#2,-41231753#1,-41231753#0,1020078542,-1157449878#0,1020078539,1020078540,1020078536,-79116557#3,-79116557#2,-79116557#1,-79116557#0,79116530#3,79116530#0,79116530#1,79116549#0,-41231508#0,79119287#0,79119287#1,79119287#2,-79116549#4,79119291#2,79119293#0,79119288,41231358#0,-79116549#2",4.071180452022422,2566.166445297578,31.52769230769231,5.439277707705177,20.016000000000005,0.0570681283707196,0.0,0.0,0.0,0.0,0.0,0.0111790576163872,0.9888209423836128,0.0,0.7793726722851276,0.3896863361425638,0.0,88.1700634596225,0.7793726722851276,0.0,3.7507206162998896,85.26928134317437,10.13184473970666,"8a755824478ffff,8a75582446a7fff,8a7558244687fff,8a75582446b7fff,8a755824469ffff,8a7558240d27fff,8a7558240d77fff,8a7558240d57fff,8a7558240d67fff,8a7558240d47fff,8a7558240997fff,8a75582446cffff,8a755824460ffff,8a755824461ffff,8a755824468ffff,8a75582446dffff,8a75582446c7fff",1,1
-41231753#2,-79116549#2,"41231753#2,79119286#0,41231755,-41231756#3,-41231756#2,-41231756#1,-41231756#0,1020092136,41231515#3,41231515#4,41231515#5,41231515#6,-41231513#4,-41231513#3,-41231513#2,-41231513#1,-41231513#0,79119284#3,79119284#4,79119284#5,-79116549#6,-79116549#5,-79116549#4,79119291#2,79119293#0,79119288,41231358#0,-79116549#2",3.2446378551420567,2083.3748240973828,29.988000000000007,7.235813046937034e-15,0.0,0.0,0.0,0.0,0.0,0.0,0.0,0.0,1.0,0.0,0.0,0.0,0.0,92.98509194974233,0.0,0.0,3.480498472035992,61.91638866224768,13.439732340113562,"8a755824478ffff,8a75582447affff,8a75582447a7fff,8a755824446ffff,8a755824409ffff,8a7558244707fff,8a7558244717fff,8a755824471ffff,8a7558244627fff,8a755824460ffff,8a755824461ffff,8a755824468ffff,8a75582446dffff,8a75582446c7fff,8a7558240d67fff",2,2
-41231753#2,-79116549#2,"-41231753#2,-41231753#1,-41231753#0,1020078542,1157449878#1,-1157449879,1020092137#1,-41273130,41231515#1,1020092135,41231756#0,41231756#1,41231756#2,41231756#3,-41231755,79119286#1,-41231511#3,-41231511#2,-41231511#1,-41231511#0,79119293#0,79119293#1,-41231508#3,-41231508#2,79119292,41231358#0,-79116549#2",3.4347609166056627,2246.954483641691,31.47066666666667,5.341875210937708,20.016000000000005,0.0602922471776886,0.0,0.0,0.0,0.0,0.0,0.0,1.0,0.0,0.0,0.0,0.0,75.34778381082229,0.0,0.0,3.28415895279352,61.09166748494573,12.016264769298076,"8a755824478ffff,8a75582446a7fff,8a7558244687fff,8a75582446b7fff,8a7558244787fff,8a7558244797fff,8a75582447a7fff,8a75582447affff,8a7558244637fff,8a7558244617fff,8a755824461ffff,8a755824468ffff,8a75582446d7fff,8a7558240d77fff,8a75582446dffff,8a75582446c7fff,8a7558240d67fff",3,3
-41231753#2,-79116549#2,"41231753#2,79119286#0,41231755,-41231756#3,-41231756#2,41273133,-41273134,41231515#4,41231515#5,41231515#6,-41231513#4,-41231513#3,-41231513#2,-41231513#1,-41231513#0,79119284#3,-79119286#3,-79119286#2,-41231511#3,-41231511#2,-41231511#1,-41231511#0,79119293#0,79119293#1,79119293#2,41231360,41231359#1,-41231508#1,79116549#1,79116549#2",3.661924769907962,2336.0563430565894,29.98800000000001,1.0840344679840707e-14,0.0,0.0,0.0,0.0,0.0,0.0,0.0,0.0,1.0,0.0,0.0,0.0,0.0,90.93902416450652,0.0,0.0,5.52803105102046,62.132904361672445,12.842156007567352,"8a755824478ffff,8a75582447affff,8a7558244737fff,8a755824446ffff,8a755824409ffff,8a7558244707fff,8a7558244717fff,8a755824471ffff,8a7558244637fff,8a7558244617fff,8a755824461ffff,8a755824468ffff,8a75582446d7fff,8a7558240d27fff,8a7558240d77fff,8a7558240d67fff,8a75582446c7fff",4,4
-41231753#2,-79116549#5,"-41231753#2,-41231753#1,-41231753#0,1020078542,-1157449878#0,1020078539,1020078540,-41231514#8,-41231514#7,-41231514#6,-41231514#5,-41231514#4,1162803895,-41231514#2,-41231514#1,-41231514#0,870315480,979842178#1,979842178#2,979842178#3,979842178#4,979842178#5,79116530#0,79116530#1,79116549#0,79116549#1,79116549#2,79116549#3,79116549#4,79116549#5",3.592049533996464,2332.6272374238342,31.32240000000001,5.07822196415649,20.016000000000005,0.071829146969713,0.0,0.0,0.0,0.0,0.0,0.0080421249072545,0.9919578750927456,0.0,0.8574023178297491,0.4287011589148745,0.0,90.9906846063411,0.8574023178297491,0.0,11.128614958186605,67.25954077293177,12.861034767446236,"8a755824478ffff,8a75582446a7fff,8a7558244687fff,8a75582446b7fff,8a755824469ffff,8a7558246a6ffff,8a7558246a4ffff,8a7558246a5ffff,8a7558240da7fff,8a7558240daffff,8a7558240d1ffff,8a7558240c27fff,8a7558240d57fff,8a7558240d77fff,8a7558240d67fff,8a75582446c7fff,8a755824461ffff,8a755824460ffff,8a7558244627fff",1,1
-41231753#2,-79116549#5,"41231753#2,79119286#0,41231755,-41231756#3,-41231756#2,-41231756#1,-41231756#0,1020092136,41231515#3,41273134,-1020078548,41231515#6,-41231513#4,-41231513#3,-41231513#2,-41231513#1,-41231513#0,79119284#3,79119284#4,79119284#5,-79116549#6,-79116549#5",2.20422168867547,1473.9803966962168,29.988000000000003,3.636318380409584e-15,0.0,0.0,0.0,0.0,0.0,0.0,0.0,0.0,1.0,0.0,0.0,0.0,0.0,85.71670255156491,0.0,0.0,5.856760632819327,55.836246195956285,14.925571635356109,"8a755824478ffff,8a75582447affff,8a75582447a7fff,8a755824446ffff,8a7558244737fff,8a755824409ffff,8a7558244707fff,8a7558244717fff,8a755824471ffff,8a7558244627fff,8a755824460ffff",2,2
-41231753#2,-79116549#5,"-41231753#2,-41231753#1,-41231753#0,1020078542,1157449878#1,41231515#0,41273130,1020092138,41273128#1,1020092142,1020092140,41231515#4,41231515#5,41231515#6,-41231513#4,-41231513#3,-41231513#2,-41231513#1,-41231513#0,79119284#3,79119284#4,79119284#5,-79116549#6,-79116549#5",3.101663242690885,2015.946611277932,30.822000000000003,4.085748890962343,20.016000000000005,0.0567612229266609,0.0,0.0,0.0,0.0,0.0,0.0,1.0,0.0,0.0,0.0,0.0,80.03738079669337,0.0,0.0,6.4389509325513625,67.61255080530657,11.905077180980562,"8a755824478ffff,8a75582446a7fff,8a7558244687fff,8a75582446b7fff,8a7558244787fff,8a75582447a7fff,8a75582447b7fff,8a7558244467fff,8a755824446ffff,8a755824409ffff,8a7558244707fff,8a7558244717fff,8a755824471ffff,8a7558244627fff,8a755824460ffff",3,3
-41231753#2,-79116549#5,"41231753#2,79119286#0,41231755,-41231756#3,-41231756#2,41273133,-41273134,-1020092140,1020092139#0,1020092139#1,41231515#5,41231515#6,-41231513#4,-41231513#3,-41231513#2,-41231513#1,-41231513#0,79119284#3,-79119286#3,-79119286#2,-41231511#3,-41231511#2,-41231511#1,-41231511#0,79119293#0,79119288,41231358#0,79116549#3,79116549#4,79116549#5",4.085414165666267,2503.6007058218947,29.98800000000001,1.0840344679840707e-14,0.0,0.0,0.0,0.0,0.0,0.0,0.0,0.0,1.0,0.0,0.0,0.0,0.0,99.23134253073728,0.0,0.0,13.223499212887692,66.33057552383126,11.98274146921182,"8a755824478ffff,8a75582447affff,8a7558244737fff,8a755824446ffff,8a7558244467fff,8a7558244097fff,8a755824409ffff,8a7558244707fff,8a7558244717fff,8a755824471ffff,8a7558244637fff,8a7558244617fff,8a755824461ffff,8a755824468ffff,8a75582446dffff,8a75582446c7fff,8a755824460ffff,8a7558244627fff",4,4
-41273130,79119284#5,"-41273130,41231515#1,1020092135,41231756#0,41231756#1,41231756#2,41231756#3,-41231755,-79119286#0,-41231753#2,-41231753#1,-41231753#0,1020078542,-1157449878#0,1020078539,-79116557#4,-79116557#3,-79116557#2,-79116557#1,-79116557#0,79116530#3,79116530#0,79116530#1,79116549#0,-41231508#0,79119287#0,79119287#1,79119287#2,79116549#5,79116549#6,79119284#1,79119284#2,79119284#3,79119284#4,79119284#5",3.985801332772129,2406.663652937251,31.13177142857143,4.713850225263686,20.016000000000005,0.0562911792677798,0.0,0.0,0.0,0.0,0.0,0.0119199550424129,0.9880800449575872,0.0,0.8310259713936629,0.4155129856968314,0.0,86.46515130684483,0.8310259713936629,0.0,8.310084189230594,77.69088783638992,14.5429544993891,"8a75582447a7fff,8a75582447affff,8a755824478ffff,8a75582446a7fff,8a7558244687fff,8a75582446b7fff,8a755824469ffff,8a7558240d27fff,8a7558240d77fff,8a7558240d57fff,8a7558240d67fff,8a7558240d47fff,8a7558240997fff,8a75582446cffff,8a755824460ffff,8a7558244627fff,8a755824471ffff",1,1
-41273130,79119284#5,"-41273130,-41231515#0,-1157449879,1020092137#1,1020092138,41273128#1,1020092142,1020092139#0,1020092139#1,-41231515#4,41273134,-1020078548,41231515#6,-41231513#4,-41231513#3,-41231513#2,-41231513#1,-41231513#0,79119284#3,79119284#4,79119284#5",3.2486994797919166,1884.385432399084,29.988000000000003,3.640448215221994e-15,0.0,0.0,0.0,0.0,0.0,0.0,0.0,0.0,1.0,0.0,0.0,0.0,0.0,79.45702288158688,0.0,0.0,6.506684708137058,72.70747030331187,11.144216909628772,"8a75582447a7fff,8a7558244787fff,8a7558244797fff,8a75582447b7fff,8a7558244467fff,8a7558244097fff,8a755824409ffff,8a755824446ffff,8a7558244737fff,8a7558244707fff,8a7558244717fff,8a755824471ffff,8a7558244627fff",2,2
-41273130,79119284#5,"-41273130,41231515#1,1020092135,41231756#0,41231756#1,41231756#2,41231756#3,-41231755,-79119286#0,-41231753#2,-41231753#1,-41231753#0,1020078542,1157449878#1,-1157449879,1020092137#1,41273126,1020092140,41231515#4,41231515#5,41231515#6,-41231513#4,-41231513#3,-41231513#2,-41231513#1,-41231513#0,79119284#3,79119284#4,79119284#5",3.2439645980782528,1982.297177629493,31.368413793103453,5.1617403869877165,20.016000000000005,0.0683418897295437,0.0,0.0,0.0,0.0,0.0,0.0,1.0,0.0,0.0,0.0,0.0,73.53457102877495,0.0,0.0,6.8447688625165695,64.05913846855603,14.629491645989887,"8a75582447a7fff,8a75582447affff,8a755824478ffff,8a75582446a7fff,8a7558244687fff,8a75582446b7fff,8a7558244787fff,8a7558244797fff,8a7558244467fff,8a755824446ffff,8a755824409ffff,8a7558244707fff,8a7558244717fff,8a755824471ffff,8a7558244627fff",3,3
-41273130,79119284#5,"-41273130,-41231515#0,-1157449878#1,-1157449878#0,1020078539,-79116557#4,-79116557#3,-79116557#2,23881170,41231753#0,41231753#1,41231753#2,79119286#0,79119286#1,-41231511#3,-41231511#2,-41231511#1,-41231511#0,79119293#0,79119288,41231358#0,41231358#1,79119291#0,79119291#1,79116549#4,79116549#5,79116549#6,79119284#1,79119284#2,79119284#3,79119284#4,79119284#5",4.684113645458185,2703.780672271841,29.988,0.0,0.0,0.0,0.0,0.0,0.0,0.0,0.0,0.0,1.0,0.0,0.0,0.0,0.0,91.33691632825102,0.0,0.0,9.336013775074584,74.22242232417453,11.835279513671546,"8a75582447a7fff,8a7558244787fff,8a75582446b7fff,8a755824469ffff,8a7558240d27fff,8a7558244687fff,8a75582446a7fff,8a755824478ffff,8a75582447affff,8a7558244637fff,8a7558244617fff,8a755824461ffff,8a755824468ffff,8a75582446dffff,8a75582446c7fff,8a75582446e7fff,8a755824460ffff,8a7558244627fff,8a755824471ffff",4,4
-41273141#1,-1020092142,"41273141#1,41273141#2,-174897323#0,-41231515#6,1020078548,-41273134,-41231515#3,-41231515#2,1020092135,41231756#0,41231756#1,41231756#2,41231756#3,-41231755,79119286#1,-41231511#3,-41231511#2,-41231511#1,-41231511#0,79119293#0,79119288,41231358#0,-79116549#2,-79116549#1,-79116549#0,79116530#2,79116557#0,79116557#1,79116557#2,1020078538,1020078537#1,1157449878#0,1157449878#1,-1157449879,1020092137#1,1020092138,41273128#1,1020092142",5.949311502858883,3470.8259670105035,31.5682105263158,5.469898675665609,20.016000000000005,0.0220706036053146,0.0,0.0,0.0,0.0,0.0,0.0027417862911359,0.997258213708864,0.0,0.5762317151622104,0.2881158575811052,0.0,104.33943385207434,0.5762317151622104,0.0,10.325727413188476,77.30826014636057,10.948402588081995,"8a75582440affff,8a7558244087fff,8a755824409ffff,8a7558244737fff,8a755824446ffff,8a75582447a7fff,8a75582447affff,8a7558244637fff,8a7558244617fff,8a755824461ffff,8a755824468ffff,8a75582446dffff,8a75582446c7fff,8a7558240d67fff,8a7558240d77fff,8a7558240d27fff,8a755824469ffff,8a75582446b7fff,8a7558244787fff,8a7558244797fff,8a75582447b7fff,8a7558244467fff",1,1
-41273141#1,-1020092142,"-41273141#1,41273140#1,57680129,-174897323#2,-174897323#1,-174897323#0,-41231515#6,-41231515#5,-41231515#4,-1020092140,-1020092142",1.3901160464185671,876.2583252361078,29.988,0.0,0.0,0.0,0.0,0.0,0.0,0.0,0.0,0.0,1.0,0.0,0.0,0.0,0.0,102.93720208878416,0.0,0.0,2.6563703941203447,57.56289214910653,12.553375737726714,"8a75582440affff,8a7558244017fff,8a755824418ffff,8a75582440a7fff,8a7558244087fff,8a755824409ffff,8a755824446ffff,8a7558244467fff",2,2
-41273141#1,-1020092142,"41273141#1,41273141#2,-174897323#0,-41231515#6,1020078548,-41273134,-41231515#3,-41231515#2,1020092135,41231756#0,41231756#1,41231756#2,41231756#3,-41231755,-79119286#0,-41231753#2,-41231753#1,-41231753#0,1020078542,1157449878#1,41231515#0,41273130,41273126,-1020092142",3.300527223128272,2033.766299709888,31.656,5.651114303353387,20.016000000000005,0.0666123414199879,0.0,0.0,0.0,0.0,0.0,0.0,1.0,0.0,0.0,0.0,0.0,89.00083612842843,0.0,0.0,5.460470574747142,67.59280552538797,11.800765900892126,"8a75582440affff,8a7558244087fff,8a755824409ffff,8a7558244737fff,8a755824446ffff,8a75582447a7fff,8a75582447affff,8a755824478ffff,8a75582446a7fff,8a7558244687fff,8a75582446b7fff,8a7558244787fff,8a7558244467fff",3,3
-41273141#1,-1020092142,"-41273141#1,41273140#1,1020078544,-174897323#3,-174897323#2,-174897323#1,-174897323#0,-41231513#4,-41231513#3,-41231513#2,-41231513#1,-41231513#0,79119284#3,-79119286#3,-79119286#2,-79119286#1,41231755,-41231756#3,-41231756#2,41273133,-41273134,-1020092140,-1020092142",3.2675870348139258,1943.003293610113,29.988000000000007,7.265119821590034e-15,0.0,0.0,0.0,0.0,0.0,0.0,0.0,0.0,1.0,0.0,0.0,0.0,0.0,113.07461881331989,0.0,0.0,5.890199586330322,66.67779995299145,11.837344833968782,"8a75582440affff,8a7558244017fff,8a75582441affff,8a755824418ffff,8a75582440a7fff,8a7558244087fff,8a755824409ffff,8a7558244707fff,8a7558244717fff,8a755824471ffff,8a7558244637fff,8a75582447affff,8a7558244737fff,8a755824446ffff,8a7558244467fff",4,4
-41273141#1,-41231513#3,"41273141#1,41273141#2,-174897323#0,-41231515#6,1020078548,-41273134,-41231515#3,-41231515#2,1020092135,41231756#0,41231756#1,41231756#2,41231756#3,-41231755,79119286#1,-41231511#3,-41231511#2,-41231511#1,-41231511#0,79119293#0,79119288,41231358#0,79116549#3,79116549#4,79116549#5,79116549#6,79119284#1,79119284#2,41231513#0,41231513#1,41231513#2,41231513#3",4.027915601085646,2417.750943347971,30.6135,3.5383623330574845,20.016000000000005,0.0087049247862574,0.0,0.0,0.0,0.0,0.0,0.0,1.0,0.0,0.0,0.0,0.0,103.347503154784,0.0,0.0,7.348354636314436,61.43062929934054,13.235441015147794,"8a75582440affff,8a7558244087fff,8a755824409ffff,8a7558244737fff,8a755824446ffff,8a75582447a7fff,8a75582447affff,8a7558244637fff,8a7558244617fff,8a755824461ffff,8a755824468ffff,8a75582446dffff,8a75582446c7fff,8a755824460ffff,8a7558244627fff,8a755824471ffff,8a7558244717fff,8a7558244707fff",1,1
-41273141#1,-41231513#3,"-41273141#1,41273140#1,57680129,41273142#0,41273142#1,-41273141#3,-174897323#0,-41231513#4,-41231513#3",1.4428171268507402,892.6869135408433,29.988,0.0,0.0,0.0,0.0,0.0,0.0,0.0,0.0,0.0,1.0,0.0,0.0,0.0,0.0,89.02416794772103,0.0,0.0,2.449075026464201,67.49316084465036,10.081922187367454,"8a75582440affff,8a7558244017fff,8a755824418ffff,8a7558244087fff,8a755824409ffff,8a7558244707fff,8a7558244717fff",2,2
-41273141#1,-41231513#3,"-41273141#1,41273140#1,1020078544,-174897323#3,-174897323#2,1020078543,41273142#1,-41273141#3,-174897323#0,-41231513#4,-41231513#3",1.9730004456786312,1186.1856906169298,31.80763636363637,6.035051073068519,20.016000000000005,0.0125828480483142,0.0,0.0,0.0,0.0,0.0,0.0,1.0,0.0,0.0,0.0,0.0,96.38238542380572,0.0,0.0,3.254285133537133,71.79636788721805,9.273421595803391,"8a75582440affff,8a7558244017fff,8a75582441affff,8a755824418ffff,8a75582440a7fff,8a7558244087fff,8a755824409ffff,8a7558244707fff,8a7558244717fff",3,3
-41273141#1,-41231513#3,"41273141#1,41273141#2,-174897323#0,-41231515#6,1020078548,-41273134,41231515#4,-1020092139#1,-1020092139#0,-1020092142,-1020092143,41273131,-1020092138,-41273130,41231515#1,1020092135,41231756#0,41231756#1,41231756#2,41231756#3,-41231755,79119286#1,-41231511#3,-41231511#2,-41231511#1,-41231511#0,79119293#0,79119288,41231358#0,41231358#1,79119291#0,79119291#1,79116549#4,79116549#5,79116549#6,79119284#1,79119284#2,41231513#0,41231513#1,41231513#2,41231513#3",5.28093680956904,3146.097904288522,30.47619512195122,3.125974017962339,20.016000000000005,0.0066896647065745,0.0,0.0,0.0,0.0,0.0,0.0,1.0,0.0,0.0,0.0,0.0,107.32756037441676,0.0,0.0,9.562044918185098,63.41297196571509,13.032016563792215,"8a75582440affff,8a7558244087fff,8a755824409ffff,8a7558244737fff,8a755824446ffff,8a7558244097fff,8a7558244467fff,8a7558244477fff,8a75582447b7fff,8a75582447a7fff,8a75582447affff,8a7558244637fff,8a7558244617fff,8a755824461ffff,8a755824468ffff,8a75582446dffff,8a75582446c7fff,8a75582446e7fff,8a755824460ffff,8a7558244627fff,8a755824471ffff,8a7558244717fff,8a7558244707fff",4,4
-41273141#1,-41231515#0,"-41273141#1,41273140#1,57680129,-174897323#2,1020078543,41273142#1,-41273141#3,-174897323#0,-41231515#6,1020078548,-41273134,-41231515#3,-41231515#2,1020092135,41231756#0,41231756#1,41231756#2,41231756#3,-41231755,79119286#1,79119286#2,79119286#3,79119284#4,79119284#5,-79116549#6,-79116549#5,-79116549#4,-79116549#3,-79116549#2,-79116549#1,-79116549#0,79116530#2,79116557#0,79116557#1,23881170,1020078542,1157449878#1,41231515#0",5.638713743236675,3457.8137447893696,31.56821052631579,5.469898675665609,20.016000000000005,0.0434955554368703,0.0,0.0,0.0,0.0,0.0,0.0027521040049101,0.99724789599509,0.0,0.5784001532800399,0.2892000766400199,0.0,96.84800169294728,0.5784001532800399,0.0,7.888146313251354,77.31265365553791,10.989602912320755,"8a75582440affff,8a7558244017fff,8a755824418ffff,8a75582440a7fff,8a7558244087fff,8a755824409ffff,8a7558244737fff,8a755824446ffff,8a75582447a7fff,8a75582447affff,8a7558244637fff,8a755824471ffff,8a7558244627fff,8a755824460ffff,8a755824461ffff,8a75582446c7fff,8a7558240d67fff,8a7558240d77fff,8a7558240d27fff,8a7558244687fff,8a75582446b7fff,8a7558244787fff",1,1
-41273141#1,-41231515#0,"-41273141#1,41273140#1,57680129,41273142#0,41273142#1,-41273141#3,-174897323#0,-41231513#4,-41231513#3,-41231513#2,-41231513#1,-41231513#0,79119284#3,-79119286#3,-79119286#2,-79119286#1,41231755,-41231756#3,-41231756#2,41273133,-41273134,-41231515#3,-41231515#2,-41231515#1,-41231515#0",3.19297719087635,2050.421587117539,29.988000000000003,3.625973214694716e-15,0.0,0.0,0.0,0.0,0.0,0.0,0.0,0.0,1.0,0.0,0.0,0.0,0.0,99.70654443561692,0.0,0.0,3.400915275957188,70.84233786314562,12.192614512581647,"8a75582440affff,8a7558244017fff,8a755824418ffff,8a7558244087fff,8a755824409ffff,8a7558244707fff,8a7558244717fff,8a755824471ffff,8a7558244637fff,8a75582447affff,8a7558244737fff,8a755824446ffff,8a75582447a7fff,8a7558244787fff",2,2
-41273141#1,-41231515#0,"-41273141#1,41273140#1,1020078544,-174897323#3,-174897323#2,1020078543,41273142#1,-41273141#3,-174897323#0,-41231515#6,-41231515#5,-1020092139#1,-1020092139#0,1020092140,-41231515#3,-41231515#2,-41231515#1,-41231515#0",2.6713597894161265,1722.056073546058,31.1,4.717816444076646,20.016000000000005,0.0086673102760136,0.0,0.0,0.0,0.0,0.0,0.0,1.0,0.0,0.0,0.0,0.0,101.1315315273008,0.0,0.0,2.856274457591301,74.00021184109178,10.452621303401813,"8a75582440affff,8a7558244017fff,8a75582441affff,8a755824418ffff,8a75582440a7fff,8a7558244087fff,8a755824409ffff,8a7558244097fff,8a7558244467fff,8a755824446ffff,8a75582447a7fff,8a7558244787fff",3,3
-41273141#1,-41231515#0,"-41273141#1,41273140#1,1020078544,-174897323#3,-174897323#2,-174897323#1,-174897323#0,-41231515#6,1020078548,-41273134,41231515#4,-1020092139#1,-1020092139#0,-1020092142,-1020092143,41273131,-1020092138,-41273130,-41231515#0",3.714325730292118,2269.4819845622287,29.988,3.650066325022873e-15,0.0,0.0,0.0,0.0,0.0,0.0,0.0,0.0,1.0,0.0,0.0,0.0,0.0,103.02769045939824,0.0,0.0,3.764258042492445,78.08439609892456,8.371954538191675,"8a75582440affff,8a7558244017fff,8a75582441affff,8a755824418ffff,8a75582440a7fff,8a7558244087fff,8a755824409ffff,8a7558244737fff,8a755824446ffff,8a7558244097fff,8a7558244467fff,8a7558244477fff,8a75582447b7fff,8a75582447a7fff,8a7558244787fff",4,4
-41273141#1,-561133140#1,"-41273141#1,41273140#1,57680129,41273142#0,41273142#1,-41273141#3,-174897323#0,-41231513#4,-41231513#3,-41231513#2,-41231513#1,-41231513#0,79119284#3,-79119286#3,-79119286#2,-79119286#1,-79119286#0,-41231753#2,-41231753#1,-41231753#0,1020078542,-1157449878#0,1020078539,-79116557#4,-79116557#3,-79116557#2,-79116557#1,-79116557#0,79116530#3,79116530#0,79116530#1,79116549#0,-41231508#0,79119287#0,79119290,79116549#2,41231358#1,79119291#0,79119291#1,79116549#4,79116549#5,79116549#6,79119284#1,-561133140#1",5.65424427510385,3415.2145129700816,30.442909090909097,3.01752553653426,20.016000000000005,0.0335052438364933,0.0,0.0,0.0,0.0,0.0,0.0083998596387648,0.9916001403612352,0.0,0.5856147519883536,0.2928073759941768,0.0,97.50176350216503,0.5856147519883536,0.0,7.183143306848234,63.71252637430154,12.883524543743778,"8a75582440affff,8a7558244017fff,8a755824418ffff,8a7558244087fff,8a755824409ffff,8a7558244707fff,8a7558244717fff,8a755824471ffff,8a7558244637fff,8a75582447affff,8a755824478ffff,8a75582446a7fff,8a7558244687fff,8a75582446b7fff,8a755824469ffff,8a7558240d27fff,8a7558240d77fff,8a7558240d57fff,8a7558240d67fff,8a7558240d47fff,8a7558240997fff,8a75582446c7fff,8a75582446e7fff,8a755824461ffff,8a755824460ffff,8a7558244627fff",1,1
-41273141#1,-561133140#1,"41273141#1,41273141#2,-174897323#0,-41231515#6,1020078548,-41273134,-41231515#3,-41231515#2,-41231515#1,-41231515#0,-1157449878#1,-1157449878#0,1020078539,-79116557#4,-79116557#3,-79116557#2,23881170,41231753#0,41231753#1,41231753#2,79119286#0,79119286#1,79119286#2,79119286#3,79119284#4,79119284#5,79119284#1,-561133140#1",3.766066426570628,2271.5056886886523,29.988000000000007,7.235813046937034e-15,0.0,0.0,0.0,0.0,0.0,0.0,0.0,0.0,1.0,0.0,0.0,0.0,0.0,90.71149790596225,0.0,0.0,4.698327591218987,77.94884835411534,12.32662552395565,"8a75582440affff,8a7558244087fff,8a755824409ffff,8a7558244737fff,8a755824446ffff,8a75582447a7fff,8a7558244787fff,8a75582446b7fff,8a755824469ffff,8a7558240d27fff,8a7558244687fff,8a75582446a7fff,8a755824478ffff,8a75582447affff,8a7558244637fff,8a755824471ffff,8a7558244627fff",2,2
-41273141#1,-561133140#1,"-41273141#1,41273140#1,1020078544,-174897323#3,41273142#0,41273142#1,-41273141#3,-174897323#0,-41231515#6,1020078548,-41273134,41231515#4,-1020092139#1,-1020092139#0,-1020092142,-1020092143,41273131,-1020092138,-41273130,41231515#1,1020092135,41231756#0,41231756#1,41231756#2,41231756#3,-41231755,79119286#1,79119286#2,79119286#3,79119284#4,79119284#5,79119284#1,-561133140#1",4.282597473834747,2572.6926368803383,30.594545454545457,3.484338361609249,20.016000000000005,0.0081806663617881,0.0,0.0,0.0,0.0,0.0,0.0,1.0,0.0,0.0,0.0,0.0,89.1422068374964,0.0,0.0,5.411086133829225,74.16347532126925,12.82702781005973,"8a75582440affff,8a7558244017fff,8a75582441affff,8a755824418ffff,8a7558244087fff,8a755824409ffff,8a7558244737fff,8a755824446ffff,8a7558244097fff,8a7558244467fff,8a7558244477fff,8a75582447b7fff,8a75582447a7fff,8a75582447affff,8a7558244637fff,8a755824471ffff,8a7558244627fff",3,3
-41273141#1,-561133140#1,"-41273141#1,41273140#1,1020078544,-174897323#3,41273142#0,41273142#1,-41273141#3,-174897323#0,-41231513#4,-41231513#3,-41231513#2,-41231513#1,-41231513#0,79119284#3,-79119286#3,-79119286#2,-41231511#3,-41231511#2,-41231511#1,-41231511#0,79119293#0,79119288,41231358#0,79116549#3,79116549#4,79116549#5,79116549#6,79119284#1,-561133140#1",4.612124849939977,2674.8353427289776,29.98800000000001,1.0846795346689375e-14,0.0,0.0,0.0,0.0,0.0,0.0,0.0,0.0,1.0,0.0,0.0,0.0,0.0,88.80684231540242,0.0,0.0,5.625920572800364,68.10900064491095,10.84178885209921,"8a75582440affff,8a7558244017fff,8a75582441affff,8a755824418ffff,8a7558244087fff,8a755824409ffff,8a7558244707fff,8a7558244717fff,8a755824471ffff,8a7558244637fff,8a7558244617fff,8a755824461ffff,8a755824468ffff,8a75582446dffff,8a75582446c7fff,8a755824460ffff,8a7558244627fff",4,4
-499933979,-174375415#0,"-499933979,-57680089#1,-57680089#0,57680170#1,57680132#0,57680132#1,174375406,1238123693,1238123694,563272697,563271328,174375401,1238123690,174375405,561133138,-174375407#4,-174375407#3,-174375407#2,-174375407#1,-174375407#0,-563297843,57680093,39353757#0,39353757#1,39353757#2,1123308755,1123308756,39353757#4,39353757#5,57680106,-39353757#14,-39353757#13,-39353757#12,57680155,-39353757#10,-39353757#9,174375415#0",3.7128057558516567,2406.1544797963106,35.938702702702706,9.274877803522282,20.016000000000005,0.178191890133248,0.0,0.0,0.0130903467051247,0.1651015434281232,0.3197546539519529,0.0,0.5020534559147991,0.8312018271450746,7.480816444305672,1.246802740717612,0.0,111.56428757780424,2.0780045678626866,0.8312018271450746,4.589984887288522,83.40524912614893,15.37723380218388,"8a7558242937fff,8a7558242927fff,8a755824664ffff,8a755824665ffff,8a75582429a7fff,8a75582429affff,8a755824291ffff,8a755824296ffff,8a7558240597fff,8a75582405b7fff,8a7558240437fff,8a755824051ffff,8a7558240517fff,8a755824624ffff,8a755824625ffff",0,0
-499933979,-174375415#0,"-499933979,-57680089#1,-57680089#0,57680170#1,57680132#0,57680132#1,174375408#0,174375408#1,-174375409,57680120#0,57680120#1,1238123694,563272697,563271328,174375401,1238123690,174375405,561133138,-174375407#4,-174375407#3,-174375407#2,-174375407#1,-174375407#0,-563297843,57680093,39353757#0,39353757#1,39353757#2,39353757#3,39353757#4,39353757#5,57680106,-39353757#14,49188792#0,49188792#1,-39353757#7,39761731#0,39761731#1,-174375415#0",4.19768154922156,2623.002664711069,37.173230769230784,9.727185827851482,20.016000000000005,0.1678620100592439,0.0,0.0,0.0120081450127281,0.131355522805393,0.2933199814827331,0.0,0.5633163506991455,0.7624849287830614,12.962243789312044,1.5249698575661228,0.0,113.02586173483655,2.2874547863491843,0.7624849287830614,5.184227509388272,87.41219856800302,14.868456111269698,"8a7558242937fff,8a7558242927fff,8a755824664ffff,8a7558246647fff,8a755824665ffff,8a75582429a7fff,8a75582429affff,8a755824291ffff,8a755824296ffff,8a7558240597fff,8a75582405b7fff,8a7558240437fff,8a755824051ffff,8a755824625ffff,8a75582462effff",1,1
-499933979,-174375415#0,"-499933979,-57680089#1,-57680089#0,57680170#1,57680132#0,57680132#1,174375408#0,174375408#1,-174375409,57680120#0,57680120#1,1238123694,563272697,561133136,561133138,-174375407#4,-174375407#3,-174375407#2,-174375407#1,-174375407#0,-563297843,57680093,39353757#0,39353757#1,39353757#2,1123308755,-39389916#1,-39389916#0,-39353757#16,-57680150#1,-57680150#0,39353757#5,39353757#6,39353757#7,39353757#8,174375415#0",4.147677371884678,2544.736498451804,36.104000000000006,9.351006668497554,20.016000000000005,0.1503375463655943,0.0,0.0,0.0,0.1095311822935412,0.3178959081139336,0.0,0.572572909592525,0.0,12.57497584503092,1.1789039854716488,0.0,107.43682125080124,1.571871980628865,0.7859359903144325,4.85434421110571,98.61442662950653,14.146847825659783,"8a7558242937fff,8a7558242927fff,8a755824664ffff,8a7558246647fff,8a755824665ffff,8a75582429a7fff,8a75582429affff,8a755824291ffff,8a755824296ffff,8a7558240597fff,8a7558240417fff,8a755824040ffff,8a7558240407fff,8a75582405b7fff,8a755824625ffff",2,2
-499933979,-174375415#0,"-499933979,-57680089#1,-57680089#0,57680170#1,57680132#0,57680132#1,174375408#0,174375408#1,-174375409,57680120#0,57680120#1,1238123694,563272697,561133136,561133138,-174375407#4,-174375407#3,-174375407#2,-174375407#1,-174375407#0,-563297843,-174907149,-39353757#19,-39353757#18,-39353757#17,39389916#0,39389916#1,1123308756,39353757#4,39353757#5,39353757#6,39761731#0,39761731#1,-174375415#0",4.824087936110369,2877.8571951669155,36.46376470588236,9.504759327955284,20.016000000000005,0.1329355195131665,0.0,0.0,0.0,0.0968526158174385,0.4264037290257189,0.0,0.4767436551568423,0.0,11.119384260532774,1.0424422744249475,0.0,110.6782752014344,1.3899230325665968,0.6949615162832984,5.687934152716049,103.75165951384852,11.814345776816074,"8a7558242937fff,8a7558242927fff,8a755824664ffff,8a7558246647fff,8a755824665ffff,8a75582429a7fff,8a75582429affff,8a755824291ffff,8a755824296ffff,8a75582404f7fff,8a75582404e7fff,8a755824040ffff,8a7558240417fff,8a7558240597fff,8a75582405b7fff,8a755824625ffff,8a75582462effff",3,3
-499933979,-174375415#0,"-499933979,-57680089#1,-57680089#0,57680170#1,57680132#0,57680132#1,174375406,1238123693,1238123694,563272697,563271328,174375401,1238123690,174375405,561133138,-174375407#4,-174375407#3,-174375407#2,-174375407#1,-174375407#0,-563297843,-174907149,-39353757#19,174375411#0,174375411#1,39353757#0,39353757#1,39353757#2,1123308755,-39389916#1,-39389916#0,-39353757#16,-39353757#15,-39353757#14,49188792#0,49188792#1,-39353757#7,39761731#0,39761731#1,-174375415#0",6.291557256451897,3689.419976031973,35.4924,9.051286976914476,20.016000000000005,0.1162126343687827,0.0,0.0,0.0085372217235346,0.107675412645248,0.3218790000308114,0.0,0.5619083656004059,0.5420906302326227,4.878815672093604,0.8131359453489341,0.0,109.83240297596448,1.355226575581557,0.5420906302326227,7.291945521350981,103.65409880733829,10.841812604652452,"8a7558242937fff,8a7558242927fff,8a755824664ffff,8a755824665ffff,8a75582429a7fff,8a75582429affff,8a755824291ffff,8a755824296ffff,8a75582404f7fff,8a75582404affff,8a7558240597fff,8a7558240417fff,8a755824040ffff,8a7558240407fff,8a7558240437fff,8a755824051ffff,8a755824625ffff,8a75582462effff",4,4
-561133121,57392486,"-561133121,-55682342#1,-55682342#0,55682703,849128758#0,849128758#1,55682704#1,55682704#2,55682704#3,125835961,-57680135,-57680114#3,-57680114#2,-57680114#1,-57680114#0,-1264978471,-57680145#1,-57680145#0,-1116499324#2,-1116499324#1,-1116499324#0,57680087#0,57680087#1,57680087#2,1116499328#0,1116499328#1,1116499329,1116499330#0,1116499330#1,57680180#0,57680171#0,57680171#1,57680171#2,22561499#2,174907152#0,174907152#1,174907152#2,-57392486",4.945113912448124,3800.929900749184,41.3062105263158,19.75179071616094,69.98400000000001,0.4107375309668843,0.0,0.0,0.2510231581000957,0.0,0.0,0.3324602602832459,0.4165165816166583,0.7892805387988564,7.629711875055612,1.0523740517318083,0.0,68.04925223256396,1.0523740517318083,0.2630935129329521,2.481049840573568,113.88276733694768,9.997553491452182,"8a7558255937fff,8a7558273667fff,8a7558273767fff,8a75582730d7fff,8a75582733b7fff,8a755827305ffff,8a7558273337fff,8a75582733affff,8a755827338ffff,8a75582732f7fff,8a7558255967fff,8a75582464affff,8a75582464f7fff,8a75582464c7fff,8a75582464cffff,8a7558246797fff,8a755824679ffff,8a7558255b6ffff,8a7558255b4ffff,8a7558246697fff,8a7558246687fff",1,1
-561133121,57392486,"55682342#2,1116499323#0,1116499323#1,1264978470#0,1264978470#1,57680111,57680112#1,57680087#0,57680087#1,57680087#2,1116499328#0,1116499328#1,1116499329,1116499330#0,1116499330#1,57680180#0,57680171#0,57680171#1,57680171#2,22561499#2,174907152#0,174907152#1,174907152#2,-57392486",3.291451609997206,2306.994606483533,32.49,10.73377609312731,59.97600000000001,0.3106650525929809,0.0,0.0,0.5665208183212784,0.0,0.0,0.0,0.4334791816787214,1.300393157213657,11.70353841492291,0.8669287714757712,0.0,49.53969091971262,1.300393157213657,0.4334643857378856,1.3291777272514351,106.07626323433202,10.403145257709255,"8a7558273667fff,8a7558255937fff,8a755825595ffff,8a7558255867fff,8a7558255b07fff,8a755824648ffff,8a75582464f7fff,8a75582464c7fff,8a75582464cffff,8a7558246797fff,8a755824679ffff,8a7558255b6ffff,8a7558255b4ffff,8a7558246697fff,8a7558246687fff",2,2
-561133121,57392486,"-561133121,-55682342#1,-55682342#0,55682703,849128758#0,849128758#1,55682704#1,55682704#2,55682704#3,125835961,-57680135,-57680114#3,-57680114#2,-57680114#1,-57680114#0,-1264978471,-57680145#1,-57680145#0,-1116499324#2,-1116499324#1,-1116499324#0,-57680112#1,-57680112#0,1116499322,1116499321#0,22561654#0,22561654#3,22561654#4,22561654#5,22561499#0,22561499#1,22561499#2,174907152#0,174907152#1,174907152#2,-57392486",5.045454048502546,3848.755403450686,41.93500000000001,20.117151479698684,69.98400000000001,0.4056336137682874,0.0,0.0,0.3810870769434228,0.0,0.0,0.3283290341050214,0.2905838889515557,0.7794727608073728,7.53490335447127,1.0392970144098304,0.2598242536024576,69.58464301509152,1.0392970144098304,0.2598242536024576,2.5122678474695967,116.11701819837602,9.353673129688474,"8a7558255937fff,8a7558273667fff,8a7558273767fff,8a75582730d7fff,8a75582733b7fff,8a755827305ffff,8a7558273337fff,8a75582733affff,8a755827338ffff,8a75582732f7fff,8a7558255967fff,8a75582464affff,8a75582464f7fff,8a755824648ffff,8a7558255b07fff,8a7558255b2ffff,8a7558255b77fff,8a7558255b47fff,8a7558255b5ffff,8a7558255b4ffff,8a7558246697fff,8a7558246687fff",3,3
-561133130#1,-22561652#0,"561133130#1,1116499330#1,57680180#0,57680171#0,57680171#1,57680171#2,22561499#2,174907152#0,174907152#1,174907152#2,-57392486,1163710302,57392474,57392457#1,-22561652#0",1.9359730223024465,826.8682227880463,24.66,9.145599410176928,19.98,0.0,0.0,0.0,0.3202765193810856,0.0,0.0,0.0,0.6797234806189145,3.628147650764177,32.65332885687759,1.2093825502547255,1.2093825502547255,70.28675637313232,3.628147650764177,0.0,2.5953758998307785,33.261723952282935,18.140738253820885,"8a7558246797fff,8a755824679ffff,8a7558255b6ffff,8a7558255b4ffff,8a7558246697fff,8a7558246687fff,8a755824668ffff,8a75582466f7fff,8a75582466affff",1,1
-561133130#1,-22561652#0,"561133130#1,1116499330#1,57680180#0,57680171#0,57680171#1,57680171#2,22561499#2,174907152#0,174907152#1,174907152#2,174907151#0,174907151#2,174907151#5",0.7386154461784714,602.1219548248122,29.988,0.0,0.0,0.0,0.0,0.0,0.5272026108434713,0.0,0.0,0.0,0.4727973891565285,1.6607931200431822,14.94713808038864,0.0,3.3215862400863645,48.96871661833431,1.6607931200431822,0.0,1.5032512359540966,31.827287357321083,21.59031056056137,"8a7558246797fff,8a755824679ffff,8a7558255b6ffff,8a7558255b4ffff,8a7558246697fff,8a7558246687fff,8a75582466affff,8a75582466f7fff",2,2
-561133130#1,-22561652#0,"561133130#1,-1116499330#0,-1116499329,-1116499328#1,-1116499328#0,-57680087#2,-57680087#1,-57680087#0,-57680112#1,-57680112#0,1116499322,1116499321#0,22561654#0,22561654#3,22561654#4,22561654#5,22561499#0,22561499#1,22561499#2,174907152#0,174907152#1,174907152#2,174907151#0,174907151#2,174907151#5",2.416666666666667,1567.0142416225922,29.988000000000003,3.625973214694716e-15,0.0,0.0,0.0,0.0,0.5296887314428166,0.0,0.0,0.0,0.4703112685571833,0.6381562933113694,5.743406639802324,0.0,1.914468879934108,95.530506418963,0.6381562933113694,0.0,3.912191004830909,47.87710673075899,15.953907332784231,"8a7558246797fff,8a755824679ffff,8a75582464cffff,8a75582464c7fff,8a75582464f7fff,8a755824648ffff,8a7558255b07fff,8a7558255b2ffff,8a7558255b77fff,8a7558255b47fff,8a7558255b5ffff,8a7558255b4ffff,8a7558246697fff,8a7558246687fff,8a75582466affff,8a75582466f7fff",3,3
-561133132,-1163710302,"-57099591#0,32898139#0,32898139#1,57099587#1,57099575#2,-24580169#2,-24580169#1,-24580169#0,22561499#0,22561499#1,22561499#2,174907152#0,174907152#1,174907152#2,-57392486,1163710302",1.674792199667028,1219.828834738651,33.7455,13.103946428461926,39.99600000000001,0.6251588186723527,0.0,0.0,0.1832884406262377,0.0938525116327409,0.0,0.0,0.7228590477410209,1.6395742935757878,14.75616864218209,0.8197871467878939,0.0,49.81937545158221,2.459361440363681,0.0,1.4391880154681664,94.96208488799726,13.116594348606302,"8a755825516ffff,8a7558255a37fff,8a7558255b57fff,8a7558255b5ffff,8a7558255a77fff,8a7558255a67fff,8a7558255b4ffff,8a7558246697fff,8a7558246687fff",0,0
-561133132,-1163710302,"-57099591#0,32898139#0,32898139#1,32898141,-24580169#0,-22561654#5,-22561654#4,-22561654#3,-22561654#2,-1116499321#1,-1116499322,57680111,57680112#1,57680087#0,57680087#1,57680087#2,1116499328#0,1116499328#1,1116499329,1116499330#0,1116499330#1,57680180#0,57680180#1,57680180#2,57680180#3,174907152#0,174907152#1,174907152#2,-57392486,1163710302",4.099624967171738,2421.9358471195224,29.99160000000001,9.096269753074042,39.99600000000001,0.276001694162199,0.0,0.0,0.2479750694377516,0.02022956253121,0.0,0.0,0.7317953680310383,1.6515714091920783,14.864142682728708,0.8257857045960392,0.4128928522980196,88.59585404950641,2.064464261490098,0.0,2.8574673315981696,77.2635163007069,12.386785568940589,"8a755825516ffff,8a7558255a37fff,8a7558255b57fff,8a7558255b5ffff,8a7558255a67fff,8a7558255b4ffff,8a7558255b47fff,8a7558255b77fff,8a7558255b2ffff,8a7558255b07fff,8a755824648ffff,8a75582464f7fff,8a75582464c7fff,8a75582464cffff,8a7558246797fff,8a755824679ffff,8a75582466b7fff,8a7558246697fff,8a7558246687fff",1,1
-561133132,-1163710302,"-561133132,57099591#1,57099575#1,57099575#2,-24580169#2,-24580169#1,-24580169#0,22561499#0,22561499#1,22561499#2,174907152#0,174907152#1,174907152#2,-57392486,1163710302",1.9371392119060484,1432.4608688473488,32.6616,12.79994355344697,39.99600000000001,0.6807996006209301,0.0,0.0,0.1560814189151816,0.0799212058018613,0.0,0.0,0.7639973752829569,1.3961986979856071,12.565788281870464,0.6980993489928036,0.0,57.008993884623536,2.0942980469784107,0.0,2.6115137217865354,119.96354977622784,10.471490234892054,"8a7558255a37fff,8a755825516ffff,8a7558255aa7fff,8a7558255a77fff,8a7558255a67fff,8a7558255b4ffff,8a7558246697fff,8a7558246687fff",3,3
-561133132,-1163710302,"-561133132,57099591#1,57099575#1,-57099587#1,32898141,-24580169#0,-22561654#5,-22561654#4,-22561654#3,-22561654#2,-1116499321#1,-1116499322,57680111,57680112#1,57680087#0,57680087#1,57680087#2,1116499328#0,1116499328#1,1116499329,1116499330#0,1116499330#1,57680180#0,57680180#1,57680180#2,57680180#3,174907152#0,174907152#1,174907152#2,-57392486,1163710302",4.456212440173897,2743.502327704519,30.637161290322595,9.638634934805427,39.99600000000001,0.3608616867369298,0.0,0.0,0.2189098597797607,0.017858451283647,0.0,0.0,0.7632316889365923,1.4579903795258629,13.121913415732768,0.7289951897629314,0.3644975948814657,91.66558771813584,1.8224879744073288,0.0,5.001668199368567,89.7750534373945,11.299425441325438,"8a7558255a37fff,8a755825516ffff,8a7558255aa7fff,8a7558255a77fff,8a7558255b5ffff,8a7558255a67fff,8a7558255b4ffff,8a7558255b47fff,8a7558255b77fff,8a7558255b2ffff,8a7558255b07fff,8a755824648ffff,8a75582464f7fff,8a75582464c7fff,8a75582464cffff,8a7558246797fff,8a755824679ffff,8a75582466b7fff,8a7558246697fff,8a7558246687fff",4,4
-561133132,-57392454#1,"-57099591#0,32898139#0,32898139#1,32898141,-24580169#0,57392420,1004094802,57392452,24580169#2,57392454#0,57392454#1",2.4986746652605447,1406.205150283628,31.820727272727275,18.876056521905785,39.99600000000001,0.719939297620497,0.0,0.0,0.0,0.0717166707497674,0.0,0.0,0.9282833292502324,0.0,22.756281324631534,1.4222675827894709,0.0,81.11079433176161,2.1334013741842064,0.7111337913947354,2.8494252147640786,103.56168919306926,7.82247170534209,"8a755825516ffff,8a7558255a37fff,8a7558255b57fff,8a7558255b5ffff,8a7558255a67fff,8a7558255b4ffff,8a7558246697fff,8a7558255a77fff,8a7558255ae7fff,8a7558255ac7fff",0,0
-561133132,-57392454#1,"-561133132,57099591#1,57099575#1,-57099587#1,32898141,-24580169#0,57392420,1004094802,57392452,24580169#2,57392454#0,57392454#1",2.855262138262704,1727.771630868625,33.336000000000006,18.74744561509405,39.99600000000001,0.7720631621436477,0.0,0.0,0.0,0.0583690286191453,0.0,0.0,0.9416309713808544,0.0,18.52096621352223,1.1575603883451393,0.0,91.93410435633852,1.736340582517709,0.5787801941725697,3.9146826921636326,118.39461292886728,6.945362330070836,"8a7558255a37fff,8a755825516ffff,8a7558255aa7fff,8a7558255a77fff,8a7558255b5ffff,8a7558255a67fff,8a7558255b4ffff,8a7558246697fff,8a7558255ae7fff,8a7558255ac7fff",1,1
-561133132,-57392454#1,"-57099591#0,32898139#0,32898139#1,32898141,24580169#1,24580169#2,57392454#0,57392454#1",1.415750920222961,1160.207596941853,40.0005,15.12047065594001,39.99600000000001,0.8725872428986166,0.0,0.0,0.0,0.0564461889484255,0.0,0.0,0.9435538110515744,0.0,13.790635436428614,0.8619147147767884,0.0,64.53824332395081,0.8619147147767884,0.8619147147767884,2.3509548236401763,119.79170115463852,6.895317718214307,"8a755825516ffff,8a7558255a37fff,8a7558255b57fff,8a7558255b5ffff,8a7558255a67fff,8a7558255a77fff,8a7558255ae7fff,8a7558255ac7fff",2,2
-561133132,-57392454#1,"-561133132,57099591#1,57099575#1,-57099587#1,32898141,24580169#1,24580169#2,57392454#0,57392454#1",1.7723383932251209,1481.77407752685,41.112,14.53165317505204,39.99600000000001,0.9002376603975558,0.0,0.0,0.0,0.0441965467135741,0.0,0.0,0.9558034532864258,0.0,10.797867396023522,0.6748667122514701,0.0,83.79300475227598,0.6748667122514701,0.6748667122514701,3.35731599671818,132.61329325391415,6.073800410263231,"8a7558255a37fff,8a755825516ffff,8a7558255aa7fff,8a7558255a77fff,8a7558255b5ffff,8a7558255a67fff,8a7558255ae7fff,8a7558255ac7fff",3,3
-561133135,-32898141,"-561133135,-57392454#1,-57392454#0,-24580169#2,-24580169#1,-32898141",0.5310162099118237,636.3083816370637,41.664,24.01210974487665,69.98400000000001,0.767683008738602,0.0,0.0,0.0,0.1029206892857373,0.0,0.227184154451093,0.6698951562631695,0.0,26.71660548657746,3.1431300572444067,0.0,103.1290394456814,1.5715650286222034,3.1431300572444067,1.2311843043819988,66.76840710057168,9.42939017173322,"8a755825532ffff,8a7558255ac7fff,8a7558255ae7fff,8a7558255a77fff,8a7558255a67fff,8a7558255b5ffff",0,0
-561133135,-32898141,"-561133135,-57392454#1,-57392454#0,-57099575#2,-57099587#1,32898141",0.5270327302708673,664.947440751224,48.336000000000006,22.28123343084938,69.98400000000001,0.8761767525461344,0.0,0.0,0.0,0.0,0.0,0.2173994105294158,0.7826005894705841,0.0,1.5038782597166636,1.5038782597166636,0.0,108.41665457782292,0.0,1.5038782597166636,1.243168888768923,59.57168666193358,9.02326955829998,"8a755825532ffff,8a7558255ac7fff,8a7558255ae7fff,8a7558255a77fff,8a7558255b5ffff,8a7558255a67fff",1,1
-561133135,-32898141,"-561133135,-57392454#1,-57392454#0,-57099575#2,-57099575#1,-57099591#1,-57099591#0,32898139#0,32898139#1,32898141",1.8378198672999049,1824.157121229782,49.00320000000001,16.629773011078655,69.98400000000001,0.9548635638116276,0.0,0.0,0.0,0.0,0.0,0.0792471108820401,0.9207528891179598,0.0,0.5481983916636718,0.5481983916636718,0.0,106.97981031992744,0.0,0.5481983916636718,3.4103979387862187,113.52811769557658,5.481983916636717,"8a755825532ffff,8a7558255ac7fff,8a7558255ae7fff,8a7558255a77fff,8a7558255aa7fff,8a755825516ffff,8a7558255a37fff,8a7558255b57fff,8a7558255b5ffff,8a7558255a67fff",3,3
-561133135,-561133140#1,"-561133135,-57392454#1,-57392454#0,-24580169#2,-24580169#1,-24580169#0,-22561654#5,-22561654#4,-22561654#3,-22561654#2,-1116499321#1,-1116499322,57680111,57680112#1,1116499324#0,1116499324#1,1116499324#2,57680145#0,57680145#1,1264978471,561133118,57680114#1,57680114#2,57680114#3,57680135,57680125#0,57680175,227218423,227218424,154901400#0,154901400#1,154901400#2,154901400#3,154901400#4,154901400#5,23030923#2,23030922#1,41231752,561133140#1",9.075863747333717,7805.918453944823,46.91723076923077,19.21770574299366,50.004000000000005,0.7258231639561125,0.0,0.0,0.0588637486679511,0.0146663074406581,0.2376430023722939,0.4291720767137778,0.2596548648053189,0.2562158459379336,4.483777303913839,0.5124316918758672,0.1281079229689668,110.14993056326516,0.6405396148448341,0.1281079229689668,2.611534976705563,293.77615361572634,4.996208995789706,"8a755825532ffff,8a7558255ac7fff,8a7558255ae7fff,8a7558255a77fff,8a7558255a67fff,8a7558255b4ffff,8a7558255b5ffff,8a7558255b47fff,8a7558255b77fff,8a7558255b2ffff,8a7558255b07fff,8a755824648ffff,8a75582464f7fff,8a75582464affff,8a7558255967fff,8a75582732f7fff,8a755827338ffff,8a75582733affff,8a7558273337fff,8a7558273a87fff,8a7558273aaffff,8a7558273a0ffff,8a7558246d27fff,8a75582712e7fff,8a7558271257fff,8a7558244c87fff,8a7558244c27fff,8a75582440c7fff,8a7558244767fff,8a7558244627fff,8a755824471ffff",0,0
-561133135,-561133140#1,"-561133135,-57392454#1,-57392454#0,-24580169#2,-24580169#1,-24580169#0,-22561654#5,-22561654#4,-22561654#3,-22561654#2,-1116499321#1,-1116499322,-1264978470#1,-1264978470#0,-1116499323#1,-1116499323#0,-561133121,-55682342#1,-55682342#0,55682703,849128758#0,849128758#1,55682704#1,55682704#2,55682704#3,125835961,57680125#0,57680175,227218423,227218424,154901400#0,154901400#1,154901400#2,154901400#3,154901400#4,154901400#5,23030923#2,23030922#1,41231752,561133140#1",9.657255843824462,8342.712779382826,44.7426,18.257526791815103,50.004000000000005,0.7490821691458563,0.0,0.0,0.2605869672953387,0.0137226347028491,0.2223523626814793,0.3840849504878512,0.1192530848324813,0.2397301756501265,3.955547898227088,0.479460351300253,0.1198650878250632,115.9716098398791,0.5993254391253163,0.2397301756501265,2.791123985282762,289.91614184930364,4.794603513002531,"8a755825532ffff,8a7558255ac7fff,8a7558255ae7fff,8a7558255a77fff,8a7558255a67fff,8a7558255b4ffff,8a7558255b5ffff,8a7558255b47fff,8a7558255b77fff,8a7558255b2ffff,8a7558255b07fff,8a7558255867fff,8a755825595ffff,8a7558255937fff,8a7558273667fff,8a7558273767fff,8a75582730d7fff,8a75582733b7fff,8a755827305ffff,8a7558273337fff,8a7558273a87fff,8a7558273aaffff,8a7558273a0ffff,8a7558246d27fff,8a75582712e7fff,8a7558271257fff,8a7558244c87fff,8a7558244c27fff,8a75582440c7fff,8a7558244767fff,8a7558244627fff,8a755824471ffff",2,2
-561133135,-561133140#1,"-561133135,-57392454#1,-57392454#0,-57099575#2,-57099575#1,-57099591#1,-57099591#0,32898139#0,32898139#1,32898141,-24580169#0,-22561654#5,-22561654#4,-22561654#3,-22561654#2,-1116499321#1,-1116499322,57680111,57680112#1,1116499324#0,1116499324#1,1116499324#2,57680145#0,57680145#1,1264978471,561133118,57680114#1,57680114#2,57680114#3,57680135,57680125#0,57680125#1,57680125#2,57680127,227218689,154901400#2,154901400#3,154901400#4,154901400#5,23030923#2,23030922#1,41231752,561133140#1",11.007847180005935,8920.042398858375,46.27423255813954,19.153058734755923,69.98400000000001,0.6973562285204937,0.0,0.0,0.0515115961841545,0.0054926535631886,0.207961107663138,0.3031253208133893,0.4319093217761293,0.2242141808940245,3.923748165645429,0.448428361788049,0.1121070904470122,116.26360699007049,0.6726425426820736,0.1121070904470122,2.9842744137998016,289.0996423288201,4.820604889221527,"8a755825532ffff,8a7558255ac7fff,8a7558255ae7fff,8a7558255a77fff,8a7558255aa7fff,8a755825516ffff,8a7558255a37fff,8a7558255b57fff,8a7558255b5ffff,8a7558255a67fff,8a7558255b4ffff,8a7558255b47fff,8a7558255b77fff,8a7558255b2ffff,8a7558255b07fff,8a755824648ffff,8a75582464f7fff,8a75582464affff,8a7558255967fff,8a75582732f7fff,8a755827338ffff,8a75582733affff,8a7558273337fff,8a7558273327fff,8a7558246d37fff,8a7558246d27fff,8a75582712e7fff,8a7558271257fff,8a7558244c87fff,8a7558244c27fff,8a75582440c7fff,8a7558244767fff,8a7558244627fff,8a755824471ffff",3,3
-561133135,-561133140#1,"-561133135,-57392454#1,-57392454#0,-57099575#2,-57099575#1,-57099591#1,-57099591#0,32898139#0,32898139#1,32898141,-24580169#0,-22561654#5,-22561654#4,-22561654#3,-22561654#2,-1116499321#1,-1116499322,-1264978470#1,-1264978470#0,-1116499323#1,-1116499323#0,-561133121,-55682342#1,-55682342#0,55682703,849128758#0,849128758#1,55682704#1,55682704#2,55682704#3,125835961,57680125#0,57680125#1,57680125#2,57680127,227218689,154901400#2,154901400#3,154901400#4,154901400#5,23030923#2,23030922#1,41231752,561133140#1",11.589239276496684,9456.836724296378,44.3119090909091,18.224396987909884,69.98400000000001,0.7194909121720432,0.0,0.0,0.22988683061536,0.0051808764488877,0.1961567014161136,0.2705047131157939,0.2982708784038447,0.2114872084934729,3.489538940142304,0.4229744169869459,0.1057436042467364,118.15668752676513,0.6344616254804188,0.2114872084934729,3.1638634223770006,285.47180681751627,4.652718586856405,"8a755825532ffff,8a7558255ac7fff,8a7558255ae7fff,8a7558255a77fff,8a7558255aa7fff,8a755825516ffff,8a7558255a37fff,8a7558255b57fff,8a7558255b5ffff,8a7558255a67fff,8a7558255b4ffff,8a7558255b47fff,8a7558255b77fff,8a7558255b2ffff,8a7558255b07fff,8a7558255867fff,8a755825595ffff,8a7558255937fff,8a7558273667fff,8a7558273767fff,8a75582730d7fff,8a75582733b7fff,8a755827305ffff,8a7558273337fff,8a7558273327fff,8a7558246d37fff,8a7558246d27fff,8a75582712e7fff,8a7558271257fff,8a7558244c87fff,8a7558244c27fff,8a75582440c7fff,8a7558244767fff,8a7558244627fff,8a755824471ffff",4,4
-561133140#1,-41231515#0,"561133140#1,79119284#2,41231513#0,41231513#1,41231513#2,41231513#3,41231513#4,-41231515#6,1020078548,-41273134,-41231515#3,-41231515#2,1020092135,41231756#0,41231756#1,41231756#2,41231756#3,-41231755,79119286#1,-41231511#3,-41231511#2,-41231511#1,-41231511#0,79119293#0,79119288,41231358#0,-79116549#2,-79116549#1,-79116549#0,79116530#2,79116557#0,79116557#1,23881170,1020078542,1157449878#1,41231515#0",5.256229504040638,3226.789791922958,31.100000000000005,4.649930653860797,20.016000000000005,0.041984121638121,0.0,0.0,0.0,0.0,0.0,0.0029491425438026,0.9970508574561974,0.0,0.6198110595881516,0.3099055297940758,0.0,109.08990659258514,0.6198110595881516,0.0,11.610398489885354,71.93387614179258,11.15659907258673,"8a7558244627fff,8a755824471ffff,8a7558244717fff,8a7558244707fff,8a755824409ffff,8a7558244737fff,8a755824446ffff,8a75582447a7fff,8a75582447affff,8a7558244637fff,8a7558244617fff,8a755824461ffff,8a755824468ffff,8a75582446dffff,8a75582446c7fff,8a7558240d67fff,8a7558240d77fff,8a7558240d27fff,8a7558244687fff,8a75582446b7fff,8a7558244787fff",1,1
-561133140#1,-41231515#0,"561133140#1,79119284#2,41231513#0,41231513#1,41273135,41273137#1,41273137#2,41273139,41273140#0,41273140#1,57680129,41273142#0,41273142#1,-41273141#3,-174897323#0,-41231515#6,1020078548,-41273134,-41231515#3,-41231515#2,-41231515#1,-41231515#0",3.2271308523409354,2050.763500432018,29.988000000000003,3.636318380409584e-15,0.0,0.0,0.0,0.0,0.0,0.0,0.0,0.0,1.0,0.0,0.0,0.0,0.0,117.2662966238656,0.0,0.0,6.58213894272323,62.16673211806374,10.727711896259825,"8a7558244627fff,8a755824471ffff,8a7558244707fff,8a755824408ffff,8a75582440affff,8a7558244017fff,8a755824418ffff,8a7558244087fff,8a755824409ffff,8a7558244737fff,8a755824446ffff,8a75582447a7fff,8a7558244787fff",2,2
-561133140#1,-41231515#0,"561133140#1,79119284#2,79119284#3,-79119286#3,-79119286#2,-79119286#1,-79119286#0,-41231753#2,-41231753#1,-41231753#0,1020078542,1157449878#1,41231515#0",1.1216112218825616,912.8568842472988,31.52769230769231,5.551439563822095,20.016000000000005,0.1253510785596422,0.0,0.0,0.0,0.0,0.0,0.0,1.0,0.0,0.0,0.0,0.0,94.05085396649584,0.0,0.0,3.284574724041813,52.5913908909709,14.241005599381792,"8a7558244627fff,8a755824471ffff,8a7558244637fff,8a75582447affff,8a755824478ffff,8a75582446a7fff,8a7558244687fff,8a75582446b7fff,8a7558244787fff,8a75582447a7fff",3,3
-561133140#1,-41231515#0,"561133140#1,79119284#2,79119284#3,79119284#4,79119284#5,-79116549#6,-79116549#5,-79116549#4,79119291#2,41231511#0,41231511#1,41231511#2,41231511#3,-79119286#1,41231755,-41231756#3,-41231756#2,41273133,-41273134,41231515#4,-1020092139#1,-1020092139#0,-1020092142,-1020092143,41273131,-1020092138,-41273130,-41231515#0",3.754241696678673,2343.8478567921243,29.988000000000007,7.235813046937034e-15,0.0,0.0,0.0,0.0,0.0,0.0,0.0,0.0,1.0,0.0,0.0,0.0,0.0,120.91455168791224,0.0,0.0,7.522823695057877,77.81887090378936,11.946167887501804,"8a7558244627fff,8a755824471ffff,8a755824460ffff,8a755824461ffff,8a7558244617fff,8a7558244637fff,8a75582447affff,8a7558244737fff,8a755824446ffff,8a755824409ffff,8a7558244097fff,8a7558244467fff,8a7558244477fff,8a75582447b7fff,8a75582447a7fff,8a7558244787fff",4,4
-561133140#1,-561134628#0,"561133140#1,79119284#2,79119284#3,-79119286#3,-79119286#2,-79119286#1,-79119286#0,-41231753#2,-41231753#1,-41231753#0,1020078542,-1157449878#0,1020078539,-79116557#4,-79116557#3,-79116557#2,-79116557#1,-79116557#0,79116530#3,79116530#0,-561134628#1,-561134628#0",2.189018184667676,1389.9835494239203,30.89781818181819,4.2674255385739,20.016000000000005,0.0823229850874264,0.0,0.0,0.0,0.0,0.0,0.0139078605962135,0.9860921394037864,0.0,1.4388659497653058,0.7194329748826529,0.0,59.50734630251517,1.4388659497653058,0.0,1.659245869025629,69.1750101864957,15.827525447418363,"8a7558244627fff,8a755824471ffff,8a7558244637fff,8a75582447affff,8a755824478ffff,8a75582446a7fff,8a7558244687fff,8a75582446b7fff,8a755824469ffff,8a7558240d27fff,8a7558240d77fff,8a7558240d57fff,8a7558240d47fff",0,0
-561133140#1,-561134628#0,"561133140#1,79119284#2,79119284#3,79119284#4,79119284#5,-79116549#6,-79116549#5,-79116549#4,79119291#2,79119293#0,79119288,41231358#0,-79116549#2,-79116549#1,-79116549#0,79116530#2,79116557#0,79116557#1,79116557#2,79116557#3,79116557#4,1020078540,-41231514#8,-41231514#7,-41231514#6,41231719,1020092132,-41231514#4,1162803895,-41231514#2,-41231514#1,-41231514#0,870315480,979842178#1,979842178#2,979842178#3,41231717,979842178#5,79116530#0,-561134628#1,-561134628#0",4.448649596627707,2684.106858099059,30.47619512195122,3.1259740179623394,20.016000000000005,0.0197916970001342,0.0,0.0,0.0,0.0,0.0,0.0070488689728585,0.9929511310271414,0.0,1.4902536342509418,0.7451268171254709,0.0,97.70902233120827,1.4902536342509418,0.0,3.20406181653734,61.097256156167376,15.275099751072151,"8a7558244627fff,8a755824471ffff,8a755824460ffff,8a755824461ffff,8a755824468ffff,8a75582446dffff,8a75582446c7fff,8a7558240d67fff,8a7558240d77fff,8a7558240d27fff,8a755824469ffff,8a7558246a6ffff,8a7558246a4ffff,8a7558246a5ffff,8a7558240da7fff,8a7558240daffff,8a7558240d1ffff,8a7558240c27fff,8a7558240d57fff,8a7558240d47fff",1,1
-561133140#1,-561134628#0,"561133140#1,79119284#2,41231513#0,41231513#1,41273135,41273137#1,41273138,41231513#4,-41231515#6,-41231515#5,-1020092139#1,-1020092139#0,1020092140,-41231515#3,-41231515#2,-41231515#1,-41231515#0,-1157449878#1,-1157449878#0,1020078539,-79116557#4,-79116557#3,-79116557#2,-79116557#1,-79116557#0,79116530#3,79116530#0,-561134628#1,-561134628#0",3.968267306922769,2305.47346875707,29.98800000000001,1.0846795346689375e-14,0.0,0.0,0.0,0.0,0.0,0.0,0.0,0.0083851311665018,0.9916148688334984,0.0,0.86750076593952,0.43375038296976,0.0,95.57670651066688,0.86750076593952,0.0,2.7520810089937933,74.83562265818382,12.57876110612304,"8a7558244627fff,8a755824471ffff,8a7558244707fff,8a755824409ffff,8a7558244097fff,8a7558244467fff,8a755824446ffff,8a75582447a7fff,8a7558244787fff,8a75582446b7fff,8a755824469ffff,8a7558240d27fff,8a7558240d77fff,8a7558240d57fff,8a7558240d47fff",2,2
-561133140#1,-561134628#0,"561133140#1,79119284#2,41231513#0,41231513#1,41231513#2,41231513#3,41231513#4,-41231515#6,1020078548,-41273134,-41231515#3,-41231515#2,1020092135,41231756#0,41231756#1,41231756#2,41231756#3,-41231755,-79119286#0,-41231753#2,-41231753#1,-41231753#0,1020078542,-1157449878#0,1020078539,-79116557#4,-79116557#3,-79116557#2,-79116557#1,-79116557#0,79116530#3,79116530#0,-561134628#1,-561134628#0",3.8423639578221502,2353.5259706374845,31.165411764705883,4.780472793390027,20.016000000000005,0.0575621160823841,0.0,0.0,0.0,0.0,0.0,0.008213929940693,0.991786070059307,0.0,0.8497887955994269,0.4248943977997134,0.0,89.55844323403907,0.8497887955994269,0.0,2.809442058536048,65.83697104958777,14.446409525190257,"8a7558244627fff,8a755824471ffff,8a7558244717fff,8a7558244707fff,8a755824409ffff,8a7558244737fff,8a755824446ffff,8a75582447a7fff,8a75582447affff,8a755824478ffff,8a75582446a7fff,8a7558244687fff,8a75582446b7fff,8a755824469ffff,8a7558240d27fff,8a7558240d77fff,8a7558240d57fff,8a7558240d47fff",3,3
-561133140#1,-561134628#0,"561133140#1,79119284#2,41231513#0,41231513#1,41231513#2,41231513#3,41231513#4,-41231515#6,1020078548,-41273134,-41231515#3,-41231515#2,-41231515#1,-41231515#0,-1157449878#1,-1157449878#0,1020078539,1020078540,-41231514#8,-41231514#7,-41231514#6,-41231514#5,-41231514#4,-41231514#3,-41231514#2,-41231514#1,-41231514#0,870315480,979842178#1,979842178#2,979842178#3,41231717,979842178#5,79116530#0,-561134628#1,-561134628#0",4.411884753901561,2636.0647917467563,29.988000000000007,7.206218595529065e-15,0.0,0.0,0.0,0.0,0.0,0.0,0.0,0.003567307801411,0.9964326921985892,0.0,0.7587066927420719,0.3793533463710359,0.0,92.99562484569203,0.7587066927420719,0.0,3.1467132240539604,68.05503478274888,13.656720469357294,"8a7558244627fff,8a755824471ffff,8a7558244717fff,8a7558244707fff,8a755824409ffff,8a7558244737fff,8a755824446ffff,8a75582447a7fff,8a7558244787fff,8a75582446b7fff,8a755824469ffff,8a7558246a6ffff,8a7558246a4ffff,8a7558246a5ffff,8a7558240da7fff,8a7558240daffff,8a7558240d1ffff,8a7558240c27fff,8a7558240d57fff,8a7558240d47fff",4,4
-561133140#1,-979842178#3,"561133140#1,79119284#2,79119284#3,-79119286#3,-79119286#2,-79119286#1,41231755,-41231756#3,-41231756#2,-41231756#1,-41231756#0,1020092136,-41231515#2,-41231515#1,-41231515#0,-1157449878#1,-1157449878#0,1020078539,1020078540,1020078536,-79116557#3,-79116557#2,-79116557#1,-79116557#0,79116530#3,-979842178#5,-979842178#4,-979842178#3",2.710153463833337,1670.7106711069157,30.70285714285715,3.782668445876346,20.016000000000005,0.0191647313108189,0.0,0.0,0.0,0.0,0.0,0.0059424070914786,0.9940575929085214,0.0,1.1970953646180498,0.5985476823090249,0.0,103.1779496859742,1.1970953646180498,0.0,1.951170745292404,68.19808947239588,16.7593351046527,"8a7558244627fff,8a755824471ffff,8a7558244637fff,8a75582447affff,8a75582447a7fff,8a7558244787fff,8a75582446b7fff,8a755824469ffff,8a7558240d27fff,8a7558240d77fff,8a7558240d57fff,8a7558240c27fff",0,0
-561133140#1,-979842178#3,"561133140#1,79119284#2,41231513#0,41231513#1,41273135,41273136,41231513#3,41231513#4,-41231515#6,1020078548,-41273134,-41231515#3,-41231515#2,1020092135,41231756#0,41231756#1,41231756#2,41231756#3,-41231755,79119286#1,-41231511#3,-41231511#2,-41231511#1,-41231511#0,79119293#0,79119288,41231358#0,-79116549#2,-79116549#1,-79116549#0,79116530#2,79116530#3,79116530#0,-561134628#1,-561134628#0,-1034110351#0,-23881168#1,-23881168#0,1259750653,145622122#0,145622122#1,213840998,979842179,226068307,979842178#0,979842178#1,979842178#2,979842178#3",4.874290504761043,3203.1453375813903,33.3225,9.529589221126182,39.99600000000001,0.1788202518518568,0.0,0.0,0.0,0.1088879491131992,0.0,0.0090061353611473,0.8821059155256535,0.0,5.619476515415101,0.6243862794905668,0.0,91.98452891895772,1.2487725589811336,0.0,3.8253730126667658,64.57828663713771,14.985270707773603,"8a7558244627fff,8a755824471ffff,8a7558244707fff,8a7558244717fff,8a755824409ffff,8a7558244737fff,8a755824446ffff,8a75582447a7fff,8a75582447affff,8a7558244637fff,8a7558244617fff,8a755824461ffff,8a755824468ffff,8a75582446dffff,8a75582446c7fff,8a7558240d67fff,8a7558240d77fff,8a7558240d57fff,8a7558240d47fff,8a7558240c67fff,8a7558240c07fff,8a7558240c37fff,8a7558240c27fff",1,1
-561133140#1,-979842178#3,"561133140#1,79119284#2,79119284#3,-79119286#3,-79119286#2,-41231511#3,-41231511#2,-41231511#1,-41231511#0,79119293#0,79119293#1,-41231508#3,41231509,41231360,41231359#1,79119292,41231358#0,-79116549#2,-79116549#1,-79116549#0,79116530#2,79116530#3,-979842178#5,-979842178#4,-979842178#3",2.8436374549819923,1716.0152329218952,29.988000000000003,3.625973214694716e-15,0.0,0.0,0.0,0.0,0.0,0.0,0.0,0.0113310800638726,0.9886689199361272,0.0,1.1654908194460245,0.5827454097230121,0.0,74.81460746483478,1.1654908194460245,0.0,2.0040805262439507,61.706953709958384,14.568635243075304,"8a7558244627fff,8a755824471ffff,8a7558244637fff,8a7558244617fff,8a755824461ffff,8a755824468ffff,8a75582446d7fff,8a7558240d27fff,8a7558240d77fff,8a75582446dffff,8a75582446c7fff,8a7558240d67fff,8a7558240d57fff,8a7558240c27fff",2,2
-561133140#1,-979842178#3,"561133140#1,79119284#2,79119284#3,-79119286#3,-79119286#2,-79119286#1,-79119286#0,-41231753#2,-41231753#1,-41231753#0,1020078542,-1157449878#0,1020078539,1020078540,-41231514#8,-41231514#7,-41231514#6,-41231514#5,-41231514#4,-41231514#3,-41231514#2,-41231514#1,-41231514#0,870315480,979842178#1,979842178#2,979842178#3",2.414808500794126,1566.3256775817756,30.729333333333344,3.8520809960331848,20.016000000000005,0.0730547909982912,0.0,0.0,0.0,0.0,0.0,0.0,1.0,0.0,0.0,0.0,0.0,69.63718566962821,0.0,0.0,1.8705926033916849,55.48921178595034,17.237794404088973,"8a7558244627fff,8a755824471ffff,8a7558244637fff,8a75582447affff,8a755824478ffff,8a75582446a7fff,8a7558244687fff,8a75582446b7fff,8a755824469ffff,8a7558246a6ffff,8a7558246a4ffff,8a7558246a5ffff,8a7558240da7fff,8a7558240daffff,8a7558240d1ffff,8a7558240c27fff",3,3
-561133140#1,-979842178#3,"561133140#1,79119284#2,41231513#0,41231513#1,41273135,41273136,41231513#3,41231513#4,-41231515#6,1020078548,-41273134,-41231515#3,-41231515#2,-41231515#1,41273130,-1020092137#1,1157449879,-1157449878#1,-1157449878#0,1020078539,-79116557#4,-79116557#3,-79116557#2,23881170,41231753#0,41231753#1,41231753#2,79119286#0,79119286#1,-41231511#3,-41231511#2,-41231511#1,-41231511#0,79119293#0,79119293#1,-41231508#3,-41231508#2,-41231508#1,-79116549#0,79116530#2,79116530#3,-979842178#5,-979842178#4,-979842178#3",6.266046418567429,3681.8730620345054,29.988000000000003,3.593786877750014e-15,0.0,0.0,0.0,0.0,0.0,0.0,0.0,0.0052810908109685,0.9947189091890316,0.0,0.5432017797199269,0.2716008898599634,0.0,96.01309022609443,0.5432017797199269,0.0,4.299944407347452,69.91226939199016,11.95043915383839,"8a7558244627fff,8a755824471ffff,8a7558244707fff,8a7558244717fff,8a755824409ffff,8a7558244737fff,8a755824446ffff,8a75582447a7fff,8a7558244797fff,8a7558244787fff,8a75582446b7fff,8a755824469ffff,8a7558240d27fff,8a7558244687fff,8a75582446a7fff,8a755824478ffff,8a75582447affff,8a7558244637fff,8a7558244617fff,8a755824461ffff,8a755824468ffff,8a75582446d7fff,8a7558240d77fff,8a7558240d67fff,8a7558240d57fff,8a7558240c27fff",4,4
-561133140#1,41273139,"561133140#1,79119284#2,79119284#3,-79119286#3,-79119286#2,-79119286#1,41231755,-41231756#3,-41231756#2,-41231756#1,-41231756#0,1020092136,41231515#3,41231515#4,41231515#5,41231515#6,-41231513#4,-41231513#3,-41231513#2,41273135,41273137#1,41273137#2,41273139",2.392376950780312,1493.9582575924223,29.988000000000007,7.265119821590034e-15,0.0,0.0,0.0,0.0,0.0,0.0,0.0,0.0,1.0,0.0,0.0,0.0,0.0,112.83635793675684,0.0,0.0,4.067816193581388,56.76860897480729,15.395343131651806,"8a7558244627fff,8a755824471ffff,8a7558244637fff,8a75582447affff,8a75582447a7fff,8a755824446ffff,8a755824409ffff,8a7558244707fff,8a7558244717fff,8a755824408ffff",0,0
-561133140#1,41273139,"561133140#1,79119284#2,79119284#3,-79119286#3,-79119286#2,-79119286#1,41231755,-41231756#3,-41231756#2,41273133,-41273134,-1020092140,1020092139#0,1020092139#1,41231515#5,41231515#6,-41231513#4,-41231513#3,-41231513#2,41273135,41273137#1,41273137#2,41273139",2.7841336534613843,1707.4005975699124,29.988000000000007,7.265119821590034e-15,0.0,0.0,0.0,0.0,0.0,0.0,0.0,0.0,1.0,0.0,0.0,0.0,0.0,115.03574209030825,0.0,0.0,4.648986519153637,60.53681627489282,13.470769562067126,"8a7558244627fff,8a755824471ffff,8a7558244637fff,8a75582447affff,8a7558244737fff,8a755824446ffff,8a7558244467fff,8a7558244097fff,8a755824409ffff,8a7558244707fff,8a7558244717fff,8a755824408ffff",1,1
-561133140#1,41273139,"561133140#1,79119284#2,79119284#3,-79119286#3,-79119286#2,-79119286#1,41231755,-41231756#3,-41231756#2,41273133,-41273134,41231515#4,41231515#5,41231515#6,-41231513#4,-41231513#3,-41231513#2,41273135,41273137#1,41273137#2,41273139",2.4932973189275707,1541.610810189021,29.988000000000003,3.640448215221994e-15,0.0,0.0,0.0,0.0,0.0,0.0,0.0,0.0,1.0,0.0,0.0,0.0,0.0,114.11503082976536,0.0,0.0,4.19756668970992,61.11680377722441,13.622115167592224,"8a7558244627fff,8a755824471ffff,8a7558244637fff,8a75582447affff,8a7558244737fff,8a755824446ffff,8a755824409ffff,8a7558244707fff,8a7558244717fff,8a755824408ffff",2,2
-561133140#1,41273139,"561133140#1,79119284#2,79119284#3,-79119286#3,-79119286#2,-79119286#1,41231755,-41231756#3,-41231756#2,-41231756#1,-41231756#0,1020092136,-41231515#2,-41231515#1,41273130,41273126,1020092139#0,1020092139#1,-41231515#4,41273134,-1020078548,41231515#6,-41231513#4,-41231513#3,-41231513#2,41273135,41273137#1,41273137#2,41273139",3.398159263705482,2087.327423994217,29.98800000000001,1.0846795346689375e-14,0.0,0.0,0.0,0.0,0.0,0.0,0.0,0.0,1.0,0.0,0.0,0.0,0.0,113.12371431034542,0.0,0.0,5.683468231778839,61.71643529372607,13.893364149121792,"8a7558244627fff,8a755824471ffff,8a7558244637fff,8a75582447affff,8a75582447a7fff,8a7558244467fff,8a7558244097fff,8a755824409ffff,8a755824446ffff,8a7558244737fff,8a7558244707fff,8a7558244717fff,8a755824408ffff",3,3
-561133140#1,79119292,"561133140#1,79119284#2,79119284#3,-79119286#3,-79119286#2,-79119286#1,-79119286#0,-41231753#2,-41231753#1,-41231753#0,1020078542,-1157449878#0,1020078539,-79116557#4,-79116557#3,-79116557#2,-79116557#1,-79116557#0,79116530#3,79116530#0,79116530#1,79116549#0,-41231508#0,79119287#0,79119290,79116549#2,41231358#1,79119291#0,79119291#1,79119291#2,79119293#0,79119293#1,79119293#2,-41231509,-41231508#2,79119292",4.349062202274718,2796.624078600973,30.544000000000008,3.336000000000001,20.016000000000005,0.0409163304737891,0.0,0.0,0.0,0.0,0.0,0.0102578400739409,0.9897421599260592,0.0,0.7151479583199867,0.3575739791599933,0.0,98.53443148823816,0.7151479583199867,0.0,5.096053967843352,68.77047813691347,12.87266324975976,"8a7558244627fff,8a755824471ffff,8a7558244637fff,8a75582447affff,8a755824478ffff,8a75582446a7fff,8a7558244687fff,8a75582446b7fff,8a755824469ffff,8a7558240d27fff,8a7558240d77fff,8a7558240d57fff,8a7558240d67fff,8a7558240d47fff,8a7558240997fff,8a75582446c7fff,8a75582446e7fff,8a755824461ffff,8a755824468ffff,8a75582446d7fff,8a75582446dffff",0,0
-561133140#1,79119292,"561133140#1,79119284#2,41231513#0,41231513#1,41273135,41273136,41231513#3,41231513#4,-41231515#6,-41231515#5,-1020092139#1,-1020092139#0,-1020092142,-1020092143,41273131,-1020092138,-41273130,-41231515#0,-1157449878#1,-1157449878#0,1020078539,1020078540,-41231514#8,-41231514#7,-41231514#6,-41231514#5,-41231514#4,1162803895,-41231514#2,-41231514#1,-41231514#0,870315480,979842178#1,979842178#2,979842178#3,979842178#4,979842178#5,79116530#0,79116530#1,79116549#0,41231508#1,79119292",5.275680408952638,3283.0898424568327,30.464571428571432,3.088535852841233,20.016000000000005,0.0161808029023431,0.0,0.0,0.0,0.0,0.0,0.0057139099158457,0.994286090084154,0.0,0.6091822325834804,0.3045911162917402,0.0,104.46708953096,0.6091822325834804,0.0,5.982499809845026,73.31959150592098,12.792826884253088,"8a7558244627fff,8a755824471ffff,8a7558244707fff,8a7558244717fff,8a755824409ffff,8a7558244097fff,8a7558244467fff,8a7558244477fff,8a75582447b7fff,8a75582447a7fff,8a7558244787fff,8a75582446b7fff,8a755824469ffff,8a7558246a6ffff,8a7558246a4ffff,8a7558246a5ffff,8a7558240da7fff,8a7558240daffff,8a7558240d1ffff,8a7558240c27fff,8a7558240d57fff,8a7558240d77fff,8a7558240d67fff,8a75582446dffff",1,1
-561133140#1,79119292,"561133140#1,79119284#2,79119284#3,-79119286#3,-79119286#2,-41231511#3,-41231511#2,-41231511#1,-41231511#0,79119293#0,79119293#1,-41231508#3,-41231508#2,79119292",1.4834133653461383,1058.2050275422714,29.988,0.0,0.0,0.0,0.0,0.0,0.0,0.0,0.0,0.0,1.0,0.0,0.0,0.0,0.0,73.92638138588185,0.0,0.0,1.928278444951489,67.16578053838744,13.22995037409303,"8a7558244627fff,8a755824471ffff,8a7558244637fff,8a7558244617fff,8a755824461ffff,8a755824468ffff,8a75582446d7fff,8a7558240d77fff,8a75582446dffff",2,2
-561133140#1,79119292,"561133140#1,79119284#2,41231513#0,41231513#1,41231513#2,41231513#3,41231513#4,-41231515#6,1020078548,-41273134,41231515#4,-1020092139#1,-1020092139#0,-1020092142,-1020092143,41273131,-1020092138,-1020092137#1,1157449879,41231515#0,41231515#1,1020092135,41231756#0,41231756#1,41231756#2,41231756#3,-41231755,79119286#1,-41231511#3,-41231511#2,-41231511#1,-41231511#0,79119293#0,79119293#1,-41231508#3,41231509,41231360,41231359#1,79119292",5.385718722334147,3306.994301809235,30.50123076923078,3.205125126562624,20.016000000000005,0.0063641900145497,0.0,0.0,0.0,0.0,0.0,0.0,1.0,0.0,0.0,0.0,0.0,99.3032094036906,0.0,0.0,6.02605890520721,72.17399432816914,11.7931863319702,"8a7558244627fff,8a755824471ffff,8a7558244717fff,8a7558244707fff,8a755824409ffff,8a7558244737fff,8a755824446ffff,8a7558244097fff,8a7558244467fff,8a7558244477fff,8a75582447b7fff,8a75582447a7fff,8a7558244797fff,8a7558244787fff,8a75582447affff,8a7558244637fff,8a7558244617fff,8a755824461ffff,8a755824468ffff,8a75582446d7fff,8a7558240d27fff,8a7558240d77fff,8a75582446dffff",3,3
-561133140#1,79119292,"561133140#1,79119284#2,41231513#0,41231513#1,41273135,41273136,41231513#3,41231513#4,-41231515#6,-41231515#5,-41231515#4,-41231515#3,-41231515#2,-41231515#1,41273130,-1020092137#1,1157449879,-1157449878#1,-1157449878#0,1020078539,-79116557#4,-79116557#3,-79116557#2,23881170,41231753#0,41231753#1,41231753#2,79119286#0,79119286#1,-41231511#3,-41231511#2,-41231511#1,-41231511#0,79119293#0,79119288,41231358#0,-79116549#2,-79116549#1,41231508#1,79119292",6.089255702280914,3679.508818551724,29.988,0.0,0.0,0.0,0.0,0.0,0.0,0.0,0.0,0.0,1.0,0.0,0.0,0.0,0.0,103.1735099327557,0.0,0.0,6.704860927849621,73.30033248723076,10.871016206925203,"8a7558244627fff,8a755824471ffff,8a7558244707fff,8a7558244717fff,8a755824409ffff,8a755824446ffff,8a75582447a7fff,8a7558244797fff,8a7558244787fff,8a75582446b7fff,8a755824469ffff,8a7558240d27fff,8a7558244687fff,8a75582446a7fff,8a755824478ffff,8a75582447affff,8a7558244637fff,8a7558244617fff,8a755824461ffff,8a755824468ffff,8a75582446dffff,8a75582446c7fff,8a7558240d67fff,8a7558240d77fff",4,4
-561133140#1,79559552#0,"561133140#1,79119284#2,79119284#3,79119284#4,79119284#5,-79116549#6,-79116549#5,-79116549#4,79119291#2,79119293#0,79119293#1,-41231508#3,-41231508#2,79119292,41231358#0,-79116549#2,-79116549#1,-79116549#0,79116530#2,79116557#0,79116557#1,79116557#2,79116557#3,79116557#4,175186741#0,1020092133,79559552#0",3.812825130052021,2331.2833988727925,29.988000000000007,7.240780993314902e-15,0.0,0.0,0.0,0.0,0.0,0.0,0.0,0.0040819846526893,0.9959180153473108,0.0,0.8578965564491333,0.4289482782245666,0.0,122.13624503857164,0.8578965564491333,0.0,4.193971911669425,67.61882193386877,11.5816035120633,"8a7558244627fff,8a755824471ffff,8a755824460ffff,8a755824461ffff,8a755824468ffff,8a75582446d7fff,8a7558240d77fff,8a75582446dffff,8a75582446c7fff,8a7558240d67fff,8a7558240d27fff,8a755824469ffff,8a7558244697fff,8a7558246b4ffff,8a7558246b5ffff",0,0
-561133140#1,79559552#0,"561133140#1,79119284#2,79119284#3,-79119286#3,-79119286#2,-41231511#3,-41231511#2,-41231511#1,-41231511#0,79119293#0,79119288,41231358#0,-79116549#2,-79116549#1,-79116549#0,79116530#2,79116557#0,79116557#1,23881170,1020078542,-1157449878#0,1020078539,175186741#0,1020092133,79559552#0",4.143419945371958,2521.576907729102,30.788640000000004,4.003200000000001,20.016000000000005,0.045379379332136,0.0,0.0,0.0,0.0,0.0,0.0037739332978895,0.9962260667021104,0.0,0.7931544716600267,0.3965772358300133,0.0,109.79290655245067,0.7931544716600267,0.0,4.536309369012562,83.70251710990647,9.914430895750334,"8a7558244627fff,8a755824471ffff,8a7558244637fff,8a7558244617fff,8a755824461ffff,8a755824468ffff,8a75582446dffff,8a75582446c7fff,8a7558240d67fff,8a7558240d77fff,8a7558240d27fff,8a7558244687fff,8a75582446b7fff,8a755824469ffff,8a7558244697fff,8a7558246b4ffff,8a7558246b5ffff",1,1
-561133140#1,79559552#0,"561133140#1,79119284#2,41231513#0,41231513#1,41273135,41273137#1,41273138,41231513#4,-41231515#6,1020078548,-41273134,-41231515#3,-41231515#2,-41231515#1,-41231515#0,-1157449878#1,-1157449878#0,1020078539,175186741#0,1020092133,79559552#0",3.4925970388155263,2141.253400869272,29.988000000000003,3.640448215221994e-15,0.0,0.0,0.0,0.0,0.0,0.0,0.0,0.0,1.0,0.0,0.0,0.0,0.0,121.35535065648556,0.0,0.0,3.8521085095679415,70.84397627960716,9.80733993999718,"8a7558244627fff,8a755824471ffff,8a7558244707fff,8a755824409ffff,8a7558244737fff,8a755824446ffff,8a75582447a7fff,8a7558244787fff,8a75582446b7fff,8a755824469ffff,8a7558244697fff,8a7558246b4ffff,8a7558246b5ffff",2,2
-561133140#1,79559552#0,"561133140#1,79119284#2,41231513#0,41231513#1,41231513#2,41231513#3,41231513#4,-41231515#6,1020078548,-41273134,-41231515#3,-41231515#2,1020092135,41231756#0,41231756#1,41231756#2,41231756#3,-41231755,-79119286#0,-41231753#2,-41231753#1,-41231753#0,1020078542,-1157449878#0,1020078539,175186741#0,1020092133,79559552#0",3.466873761743719,2238.804752369348,31.41771428571429,5.249501527356127,20.016000000000005,0.0605117239372336,0.0,0.0,0.0,0.0,0.0,0.0,1.0,0.0,0.0,0.0,0.0,110.66540561700872,0.0,0.0,4.027603101231285,64.15597652686323,12.506673469567785,"8a7558244627fff,8a755824471ffff,8a7558244717fff,8a7558244707fff,8a755824409ffff,8a7558244737fff,8a755824446ffff,8a75582447a7fff,8a75582447affff,8a755824478ffff,8a75582446a7fff,8a7558244687fff,8a75582446b7fff,8a755824469ffff,8a7558244697fff,8a7558246b4ffff,8a7558246b5ffff",3,3
-561133140#1,79559552#0,"561133140#1,79119284#2,79119284#3,-79119286#3,-79119286#2,-79119286#1,41231755,-41231756#3,-41231756#2,-41231756#1,-41231756#0,1020092136,41231515#3,41231515#4,-1020092139#1,-1020092139#0,-1020092142,-1020092143,41273131,-1020092138,-1020092137#1,1157449879,-1157449878#1,-1157449878#0,1020078539,175186741#0,1020092133,79559552#0",4.267286914765906,2573.786725797192,29.988000000000007,7.235813046937034e-15,0.0,0.0,0.0,0.0,0.0,0.0,0.0,0.0,1.0,0.0,0.0,0.0,0.0,125.393083646885,0.0,0.0,4.630234676676493,86.40761408615282,10.878912273248831,"8a7558244627fff,8a755824471ffff,8a7558244637fff,8a75582447affff,8a75582447a7fff,8a755824446ffff,8a755824409ffff,8a7558244097fff,8a7558244467fff,8a7558244477fff,8a75582447b7fff,8a7558244797fff,8a7558244787fff,8a75582446b7fff,8a755824469ffff,8a7558244697fff,8a7558246b4ffff,8a7558246b5ffff",4,4
-561134628#0,-561133140#1,"1034110351#1,561134628#1,79116530#1,79116530#2,79116557#0,79116557#1,79116557#2,79116557#3,1020078537#0,1020078537#1,1157449878#0,1157449878#1,41231515#0,41231515#1,1020092135,41231756#0,41231756#1,41231756#2,41231756#3,-41231755,79119286#1,79119286#2,79119286#3,79119284#4,79119284#5,79119284#1,-561133140#1",2.435207891651981,1531.220277635247,32.212,6.410250253125249,20.016000000000005,0.0424359324221896,0.0,0.0,0.0,0.0,0.0,0.0123247376224774,0.9876752623775228,0.0,1.306147801992746,0.653073900996373,0.0,87.02229813914327,1.306147801992746,0.0,1.8278424383421967,70.20378223265014,17.63299532690207,"8a7558240d47fff,8a7558240d57fff,8a7558240d77fff,8a7558240d27fff,8a755824469ffff,8a75582446b7fff,8a7558244787fff,8a75582447a7fff,8a75582447affff,8a7558244637fff,8a755824471ffff,8a7558244627fff",0,0
-561134628#0,-561133140#1,"-561134628#0,-1034110351#0,-23881168#1,-23881168#0,1259750653,145622122#0,145622122#1,213840998,979842179,226068307,979842178#0,979842178#1,979842178#2,979842178#3,979842178#4,979842178#5,79116530#0,79116530#1,79116549#0,-41231508#0,79119287#0,79119290,79116549#2,41231358#1,79119291#0,79119291#1,79116549#4,79116549#5,79116549#6,79119284#1,-561133140#1",2.870364499513731,2051.574593265207,34.50541935483872,11.208124127239714,39.99600000000001,0.2689353424837107,0.0,0.0,0.0,0.1700079186326989,0.0,0.0091438447653857,0.8208482366019153,0.0,8.773748738695332,0.974860970966148,0.0,104.60940709919925,1.949721941932296,0.0,2.521330100042495,65.1945930927972,15.110345049975294,"8a7558240d47fff,8a7558240c67fff,8a7558240c07fff,8a7558240c37fff,8a7558240c27fff,8a7558240d57fff,8a7558240d77fff,8a7558240d67fff,8a7558240997fff,8a75582446c7fff,8a75582446e7fff,8a755824461ffff,8a755824460ffff,8a7558244627fff,8a755824471ffff",1,1
-561134628#0,-561133140#1,"1034110351#1,561134628#1,79116530#1,79116549#0,-41231508#0,79119287#0,79119287#1,41231357#0,79119291#0,79119291#1,79119291#2,41231511#0,41231511#1,41231511#2,41231511#3,79119286#2,79119286#3,79119284#4,79119284#5,79119284#1,-561133140#1",1.8959983993597431,1207.7222896429232,29.988000000000003,3.640448215221994e-15,0.0,0.0,0.0,0.0,0.0,0.0,0.0,0.0077465036366675,0.9922534963633324,0.0,1.6560098436134043,0.8280049218067023,0.0,115.81865261019132,1.6560098436134043,0.0,1.441677652120931,43.38626897235287,17.388103357940746,"8a7558240d47fff,8a7558240d57fff,8a7558240d77fff,8a7558240d67fff,8a7558240997fff,8a75582446cffff,8a75582446c7fff,8a75582446e7fff,8a755824461ffff,8a7558244617fff,8a7558244637fff,8a755824471ffff,8a7558244627fff",2,2
-561134628#0,-561133140#1,"1034110351#1,561134628#1,79116530#1,79116530#2,79116557#0,79116557#1,23881170,1020078542,1157449878#1,-1157449879,1020092137#1,41273126,1020092140,41273134,-1020078548,41231515#6,-41231513#4,-41231513#3,-41231513#2,-41231513#1,-41231513#0,79119284#3,79119284#4,79119284#5,79119284#1,-561133140#1",3.809626427964994,2276.733722913042,30.75784615384616,3.925460560925893,20.016000000000005,0.0502595423695772,0.0,0.0,0.0,0.0,0.0,0.0082890185945527,0.9917109814054472,0.0,0.8784514323620745,0.4392257161810372,0.0,105.98718112825956,0.8784514323620745,0.0,2.717773909036881,84.5671653901307,11.419868620706968,"8a7558240d47fff,8a7558240d57fff,8a7558240d77fff,8a7558240d27fff,8a7558244687fff,8a75582446b7fff,8a7558244787fff,8a7558244797fff,8a75582447a7fff,8a7558244467fff,8a755824446ffff,8a7558244737fff,8a755824409ffff,8a7558244707fff,8a7558244717fff,8a755824471ffff,8a7558244627fff",3,3
-561134628#0,-561133140#1,"1034110351#1,561134628#1,79116530#1,79116530#2,79116557#0,79116557#1,23881170,41231753#0,41231753#1,41231753#2,79119286#0,79119286#1,-41231511#3,-41231511#2,-41231511#1,-41231511#0,79119293#0,79119293#1,-41231508#3,-41231508#2,79119292,41231358#0,41231358#1,41231357#1,79119291#1,79116549#4,79116549#5,79116549#6,79119284#1,-561133140#1",4.543557422969188,2643.1776680218763,29.98800000000001,1.0840344679840707e-14,0.0,0.0,0.0,0.0,0.0,0.0,0.0,0.0071398485211155,0.9928601514788844,0.0,0.7566649885842812,0.3783324942921406,0.0,99.71283242550626,0.7566649885842812,0.0,3.155203979632524,71.16448738922722,11.349974828764218,"8a7558240d47fff,8a7558240d57fff,8a7558240d77fff,8a7558240d27fff,8a7558244687fff,8a75582446a7fff,8a755824478ffff,8a75582447affff,8a7558244637fff,8a7558244617fff,8a755824461ffff,8a755824468ffff,8a75582446d7fff,8a75582446dffff,8a75582446c7fff,8a75582446e7fff,8a755824460ffff,8a7558244627fff,8a755824471ffff",4,4
-57099585#1,-22561652#3,"57099585#1,57099585#2,-57099630#6,-57099630#5,-57099630#4,-57099630#3,-57099630#2,-57099630#1,-57099630#0,-561133134,-57099575#2,-57099587#1,32898141,-24580169#0,22561499#0,22561499#1,22561499#2,174907152#0,174907152#1,174907152#2,174907151#0,174907151#2,174907151#5,22561652#1,22561652#2,22561652#3",3.2272020138301194,2932.5293882924207,46.14369230769231,20.98905912092152,69.98400000000001,0.7605492456636719,0.0,0.0,0.1946666663438427,0.5772792811946402,0.0,0.0,0.2280540524615169,0.3410025502190411,8.525063755476028,0.3410025502190411,0.6820051004380822,56.00404749205812,1.3640102008761643,0.3410025502190411,1.2527160975754497,125.27945668108832,8.866066305695067,"8a7558250b2ffff,8a7558255797fff,8a75582556a7fff,8a755825571ffff,8a755825572ffff,8a75582550d7fff,8a7558255047fff,8a7558255a97fff,8a7558255a77fff,8a7558255b5ffff,8a7558255a67fff,8a7558255b4ffff,8a7558246697fff,8a7558246687fff,8a75582466affff,8a75582466f7fff,8a75582466c7fff,8a75582466effff",0,0
-57099585#1,-22561652#3,"57099585#1,57099585#2,-57099630#6,-57099630#5,-57099630#4,-57099630#3,-57099630#2,-57099630#1,-57099630#0,-561133134,-57099575#2,-57099587#1,32898141,-24580169#0,22561499#0,22561499#1,22561499#2,174907152#0,174907152#1,174907152#2,-57392486,1163710302,57392474,57392457#1,22561652#1,22561652#2,22561652#3",4.255391922887267,3062.9258076518904,42.58533333333335,24.10855028663227,69.98400000000001,0.728170760316971,0.0,0.0,0.1383977633617598,0.552703057033371,0.0,0.0,0.3088991796048692,0.9794556539715432,14.03886437359212,0.6529704359810289,0.0,59.930905679983766,1.9589113079430869,0.3264852179905144,1.308418759669801,122.12733630320804,8.81510088574389,"8a7558250b2ffff,8a7558255797fff,8a75582556a7fff,8a755825571ffff,8a755825572ffff,8a75582550d7fff,8a7558255047fff,8a7558255a97fff,8a7558255a77fff,8a7558255b5ffff,8a7558255a67fff,8a7558255b4ffff,8a7558246697fff,8a7558246687fff,8a755824668ffff,8a75582466f7fff,8a75582466c7fff,8a75582466effff",1,1
-57099585#1,-22561652#3,"57099585#1,57099585#2,-57099630#6,-57099630#5,-57099630#4,-57099630#3,-57099630#2,-57099630#1,-57099630#0,-561133134,-24580169#2,-24580169#1,-24580169#0,22561499#0,22561499#1,22561499#2,174907152#0,174907152#1,174907152#2,-57392486,1163710302,57392474,57392457#1,22561652#1,22561652#2,22561652#3",3.861893388139735,2951.950797037777,42.29861538461539,23.879421659792225,69.98400000000001,0.723658625999271,0.0,0.0,0.1436006594511706,0.5956663493024619,0.0,0.0,0.2607329912463674,1.0162771015731151,9.146493914158038,0.3387590338577051,0.0,42.434815580583184,1.3550361354308205,0.0,1.261012522999192,125.16504568524869,8.807734880300334,"8a7558250b2ffff,8a7558255797fff,8a75582556a7fff,8a755825571ffff,8a755825572ffff,8a75582550d7fff,8a7558255047fff,8a7558255a97fff,8a7558255a77fff,8a7558255a67fff,8a7558255b4ffff,8a7558246697fff,8a7558246687fff,8a755824668ffff,8a75582466f7fff,8a75582466c7fff,8a75582466effff",2,2
-57099585#1,-22561652#3,"57099585#1,57099585#2,-57099630#6,-57099630#5,-57099630#4,-57099630#3,-57099630#2,-57099630#1,-57099630#0,-561133134,-57099575#2,-57099575#1,-57099591#1,-57099591#0,32898139#0,32898139#1,32898141,-24580169#0,22561499#0,22561499#1,22561499#2,174907152#0,174907152#1,174907152#2,174907151#0,174907151#2,174907151#5,22561652#1,22561652#2,22561652#3",4.537989150859158,4091.7390687709785,46.658400000000015,19.5335037124106,69.98400000000001,0.8283868149121769,0.0,0.0,0.1395166481487547,0.4137332388265153,0.0,0.0,0.4467501130247299,0.2443948607652458,6.109871519131146,0.2443948607652458,0.4887897215304916,69.76089947676881,0.9775794430609832,0.2443948607652458,1.747906574778599,134.2117351042781,7.331845822957375,"8a7558250b2ffff,8a7558255797fff,8a75582556a7fff,8a755825571ffff,8a755825572ffff,8a75582550d7fff,8a7558255047fff,8a7558255a97fff,8a7558255a77fff,8a7558255aa7fff,8a755825516ffff,8a7558255a37fff,8a7558255b57fff,8a7558255b5ffff,8a7558255a67fff,8a7558255b4ffff,8a7558246697fff,8a7558246687fff,8a75582466affff,8a75582466f7fff,8a75582466c7fff,8a75582466effff",3,3
-57099585#1,-22561653,"57099585#1,57099585#2,-57099630#6,-57099630#5,-57099630#4,-57099630#3,-57099630#2,-57099630#1,-57099630#0,-561133134,-57099575#2,-57099587#1,32898141,-24580169#0,22561499#0,22561499#1,22561499#2",2.455133186299107,2444.150105400641,54.696705882352944,21.536072679822297,69.98400000000001,0.9125188380305131,0.0,0.0,0.0337485152406109,0.6926286784166683,0.0,0.0,0.2736228063427207,0.409140174243137,10.228504356078425,0.409140174243137,0.0,65.8818464182534,1.636560696972548,0.409140174243137,1.2264091981640397,145.37948149525005,6.955382962133329,"8a7558250b2ffff,8a7558255797fff,8a75582556a7fff,8a755825571ffff,8a755825572ffff,8a75582550d7fff,8a7558255047fff,8a7558255a97fff,8a7558255a77fff,8a7558255b5ffff,8a7558255a67fff,8a7558255b4ffff,8a7558246697fff",0,0
-57099585#1,-22561653,"57099585#1,57099585#2,-57099630#6,-57099630#5,-57099630#4,-57099630#3,-57099630#2,-57099630#1,-57099630#0,-561133134,-57099575#2,-57099575#1,-57099591#1,-57099591#0,32898139#0,32898139#1,32898141,-24580169#0,22561499#0,22561499#1,22561499#2",3.7659203233281446,3603.359785879199,53.80285714285716,19.354775251306112,69.98400000000001,0.940661742386593,0.0,0.0,0.0228915351183362,0.4698083338748678,0.0,0.0,0.507300131006796,0.2775187767590645,6.937969418976613,0.2775187767590645,0.0,83.16110634880245,1.1100751070362582,0.2775187767590645,1.808069633666082,146.38785046984935,5.827894311940356,"8a7558250b2ffff,8a7558255797fff,8a75582556a7fff,8a755825571ffff,8a755825572ffff,8a75582550d7fff,8a7558255047fff,8a7558255a97fff,8a7558255a77fff,8a7558255aa7fff,8a755825516ffff,8a7558255a37fff,8a7558255b57fff,8a7558255b5ffff,8a7558255a67fff,8a7558255b4ffff,8a7558246697fff",1,1
-57099585#1,-22561653,"57099585#1,57099585#2,-57099630#6,-57099630#5,-57099630#4,-57099630#3,-57099630#2,-57099630#1,-57099630#0,-561133134,-24580169#2,-24580169#1,-24580169#0,22561499#0,22561499#1,22561499#2",2.061634651551574,2333.175094786528,54.987750000000005,20.97522411322464,50.004000000000005,0.9155783732541776,0.0,0.0,0.0353537277449815,0.7536415756027377,0.0,0.0,0.2110046966522807,0.4286004947654793,3.8574044528893134,0.0,0.0,30.079990362389275,0.8572009895309587,0.0,1.1707249038636325,150.75176351700904,6.8576079162476695,"8a7558250b2ffff,8a7558255797fff,8a75582556a7fff,8a755825571ffff,8a755825572ffff,8a75582550d7fff,8a7558255047fff,8a7558255a97fff,8a7558255a77fff,8a7558255a67fff,8a7558255b4ffff,8a7558246697fff",3,3
-57099585#1,-22561653,"57099585#1,57099585#2,-57099630#6,-57099630#5,-57099630#4,-57099630#3,-57099630#2,-57099630#1,-57099630#0,-561133134,-24580169#2,-24580169#1,-24580169#0,-22561654#5,-22561654#4,-22561654#3,-22561654#2,-1116499321#1,-1116499322,57680111,57680112#1,57680087#0,57680087#1,57680087#2,1116499328#0,1116499328#1,1116499329,1116499330#0,1116499330#1,57680180#0,57680180#1,57680180#2,57680180#3,-22561653",4.275180069718841,3641.946349164264,41.75258823529413,18.98437329013659,50.004000000000005,0.5865557734786556,0.0,0.0,0.1342326643602572,0.4828126463190456,0.0,0.0,0.3829546893206971,0.8237353635614169,7.413618272052752,0.2745784545204723,0.2745784545204723,92.46926230508971,1.0983138180818892,0.0,1.8525491939299663,114.5333606354738,9.335667453696058,"8a7558250b2ffff,8a7558255797fff,8a75582556a7fff,8a755825571ffff,8a755825572ffff,8a75582550d7fff,8a7558255047fff,8a7558255a97fff,8a7558255a77fff,8a7558255a67fff,8a7558255b4ffff,8a7558255b5ffff,8a7558255b47fff,8a7558255b77fff,8a7558255b2ffff,8a7558255b07fff,8a755824648ffff,8a75582464f7fff,8a75582464c7fff,8a75582464cffff,8a7558246797fff,8a755824679ffff,8a75582466b7fff,8a7558246697fff",4,4
-57099596,-22561653,"57099596,57099585#2,-57099630#6,-57099630#5,-57099630#4,-57099630#3,-57099630#2,-57099630#1,-57099630#0,-561133134,-57099575#2,-57099587#1,32898141,-24580169#0,22561499#0,22561499#1,22561499#2",2.3579834713276098,2313.146228582829,54.696705882352944,21.536072679822297,69.98400000000001,0.9075643862864268,0.0,0.0,0.0356598454793713,0.7318553563268549,0.0,0.0,0.2324847981937736,0.432311622863834,10.807790571595852,0.432311622863834,0.0,70.67042767062938,1.7292464914553365,0.432311622863834,1.322380300994152,141.959689038571,7.349297588685179,"8a75582557b7fff,8a7558255797fff,8a75582556a7fff,8a755825571ffff,8a755825572ffff,8a75582550d7fff,8a7558255047fff,8a7558255a97fff,8a7558255a77fff,8a7558255b5ffff,8a7558255a67fff,8a7558255b4ffff,8a7558246697fff",0,0
-57099596,-22561653,"57099596,57099585#2,-57099630#6,-57099630#5,-57099630#4,-57099630#3,-57099630#2,-57099630#1,-57099630#0,-561133134,-57099575#2,-57099587#1,32898141,-24580169#0,-22561654#5,-22561654#4,-22561654#3,-22561654#2,-1116499321#1,-1116499322,57680111,57680112#1,57680087#0,57680087#1,57680087#2,1116499328#0,1116499328#1,1116499329,1116499330#0,1116499330#1,57680180#0,57680180#1,57680180#2,57680180#3,-22561653",4.571528889494877,3621.917482960565,41.98937142857144,19.371392830189382,69.98400000000001,0.5796181572912424,0.0,0.0,0.1349749584868589,0.4674011667355367,0.0,0.0,0.3976238747776043,0.8282905433692519,11.872164454959275,0.5521936955795013,0.2760968477897506,97.96725301747551,1.6565810867385038,0.2760968477897506,2.102516319180682,109.0405828547039,9.663389672641271,"8a75582557b7fff,8a7558255797fff,8a75582556a7fff,8a755825571ffff,8a755825572ffff,8a75582550d7fff,8a7558255047fff,8a7558255a97fff,8a7558255a77fff,8a7558255b5ffff,8a7558255a67fff,8a7558255b4ffff,8a7558255b47fff,8a7558255b77fff,8a7558255b2ffff,8a7558255b07fff,8a755824648ffff,8a75582464f7fff,8a75582464c7fff,8a75582464cffff,8a7558246797fff,8a755824679ffff,8a75582466b7fff,8a7558246697fff",1,1
-57099596,-22561653,"57099596,57099585#2,-57099630#6,-57099630#5,-57099630#4,-57099630#3,-57099630#2,-57099630#1,-57099630#0,-561133134,-57099575#2,-57099575#1,-57099591#1,-57099591#0,32898139#0,32898139#1,32898141,-24580169#0,22561499#0,22561499#1,22561499#2",3.668770608356648,3472.3559090613867,53.80285714285716,19.354775251306112,69.98400000000001,0.9384230485445576,0.0,0.0,0.0237551792623559,0.4875331048116009,0.0,0.0,0.4887117159260432,0.287988911905724,7.199722797643101,0.287988911905724,0.0,85.1093885198319,1.1519556476228965,0.287988911905724,1.98507772463508,144.9734206553592,6.0477671500202055,"8a75582557b7fff,8a7558255797fff,8a75582556a7fff,8a755825571ffff,8a755825572ffff,8a75582550d7fff,8a7558255047fff,8a7558255a97fff,8a7558255a77fff,8a7558255aa7fff,8a755825516ffff,8a7558255a37fff,8a7558255b57fff,8a7558255b5ffff,8a7558255a67fff,8a7558255b4ffff,8a7558246697fff",3,3
-57392407,-561134628#0,"-57392407,-57392454#0,-24580169#2,-24580169#1,-24580169#0,22561499#0,22561499#1,22561499#2,174907152#0,174907152#1,174907152#2,-57392486,1163710302,57392474,57392457#1,22561652#1,22561652#2,22561652#3,22561652#4,22561652#5,22561652#6,125835948,563369678,1238123690,174375405,561133138,174375402,174375403,561133137,563273548,-57680132#1,-57680132#0,57680179#0,57680179#1,57680179#2,57680179#3,-979838980#6,-979838980#5,-979838980#4,-979838980#3,-979838980#2,-979838980#1,-979838980#0,-563298888,-145622122#2,213840998,979842179,226068307,979842178#0,979842178#1,979842178#2,979842178#3,41231717,979842178#5,79116530#0,-561134628#1,-561134628#0",5.611731290064321,3359.864077612554,39.81789473684211,17.369408989127383,59.97600000000001,0.5082138583105034,0.0,0.0,0.1673453855776041,0.4390324571518649,0.0312597693917996,0.0027988199163417,0.3595635679623895,1.1905243508666912,11.905243508666912,1.488155438583364,0.0,57.31333627469276,2.678679789450055,0.5952621754333456,1.3120789188435886,58.89879083085143,16.96497199985035,"8a7558255ad7fff,8a7558255ae7fff,8a7558255a77fff,8a7558255a67fff,8a7558255b4ffff,8a7558246697fff,8a7558246687fff,8a755824668ffff,8a75582466f7fff,8a75582466c7fff,8a75582466effff,8a755824665ffff,8a755824664ffff,8a7558242937fff,8a7558242927fff,8a75582462d7fff,8a75582462c7fff,8a75582462e7fff,8a7558246277fff,8a755824634ffff,8a7558240cb7fff,8a7558240c17fff,8a7558240c37fff,8a7558240c27fff,8a7558240d57fff,8a7558240d47fff",0,0
-57392407,-561134628#0,"-57392407,-57392454#0,-57099575#2,-57099587#1,32898141,-24580169#0,-22561654#5,-22561654#4,-22561654#3,-22561654#2,-1116499321#1,-1116499322,57680111,57680112#1,1116499324#0,1116499324#1,1116499324#2,57680145#0,57680145#1,1264978471,561133118,57680114#1,57680114#2,57680114#3,57680135,57680125#0,57680125#1,57680125#2,57680127,227218689,154901400#2,154901400#3,154901400#4,154901400#5,23030923#2,23030922#1,41231752,561133140#1,79119284#2,79119284#3,79119284#4,79119284#5,-79116549#6,-79116549#5,-79116549#4,-79116549#3,-79116549#2,-79116549#1,-79116549#0,79116530#2,79116530#3,79116530#0,-561134628#1,-561134628#0",12.511270401661756,8747.169004703415,39.807333333333325,18.1719258613234,69.98400000000001,0.5431443512636294,0.0,0.0,0.0525296380747257,0.0056012068178331,0.2120711165716912,0.2958876742030049,0.4339103643327449,0.228645405036142,4.115617290650556,0.4572908100722841,0.114322702518071,110.34583706368208,0.9145816201445682,0.0,3.4159048656482245,265.7602674108445,6.173425935975835,"8a7558255ad7fff,8a7558255ae7fff,8a7558255a77fff,8a7558255b5ffff,8a7558255a67fff,8a7558255b4ffff,8a7558255b47fff,8a7558255b77fff,8a7558255b2ffff,8a7558255b07fff,8a755824648ffff,8a75582464f7fff,8a75582464affff,8a7558255967fff,8a75582732f7fff,8a755827338ffff,8a75582733affff,8a7558273337fff,8a7558273327fff,8a7558246d37fff,8a7558246d27fff,8a75582712e7fff,8a7558271257fff,8a7558244c87fff,8a7558244c27fff,8a75582440c7fff,8a7558244767fff,8a7558244627fff,8a755824471ffff,8a755824460ffff,8a755824461ffff,8a75582446c7fff,8a7558240d67fff,8a7558240d77fff,8a7558240d57fff,8a7558240d47fff",1,1
-57392407,-561134628#0,"-57392407,-57392454#0,-24580169#2,-24580169#1,-24580169#0,-22561654#5,-22561654#4,-22561654#3,-22561654#2,-1116499321#1,-1116499322,57680111,57680112#1,1116499324#0,1116499324#1,1116499324#2,57680145#0,57680145#1,1264978471,561133118,57680114#1,57680114#2,57680114#3,57680135,57680125#0,57680175,227218423,227218424,154901400#0,154901400#1,154901400#2,154901400#3,154901400#4,154901400#5,23030923#2,23030922#1,41231752,561133140#1,79119284#2,79119284#3,-79119286#3,-79119286#2,-41231511#3,-41231511#2,-41231511#1,-41231511#0,79119293#0,79119288,41231358#0,-79116549#2,-79116549#1,-79116549#0,79116530#2,79116530#3,79116530#0,-561134628#1,-561134628#0",12.051958859920134,8909.32753105152,39.99221052631579,17.425803206264515,69.98400000000001,0.6011064696612751,0.0,0.0,0.0515735469814183,0.0128499035985884,0.2082112136077013,0.3630320022588161,0.3643333335534756,0.2244838337157811,4.04070900688406,0.4489676674315622,0.1122419168578905,108.96863460541124,0.7856934180052338,0.0,3.4792302797177355,253.3147008684912,6.397789260899761,"8a7558255ad7fff,8a7558255ae7fff,8a7558255a77fff,8a7558255a67fff,8a7558255b4ffff,8a7558255b5ffff,8a7558255b47fff,8a7558255b77fff,8a7558255b2ffff,8a7558255b07fff,8a755824648ffff,8a75582464f7fff,8a75582464affff,8a7558255967fff,8a75582732f7fff,8a755827338ffff,8a75582733affff,8a7558273337fff,8a7558273a87fff,8a7558273aaffff,8a7558273a0ffff,8a7558246d27fff,8a75582712e7fff,8a7558271257fff,8a7558244c87fff,8a7558244c27fff,8a75582440c7fff,8a7558244767fff,8a7558244627fff,8a755824471ffff,8a7558244637fff,8a7558244617fff,8a755824461ffff,8a755824468ffff,8a75582446dffff,8a75582446c7fff,8a7558240d67fff,8a7558240d77fff,8a7558240d57fff,8a7558240d47fff",3,3
-57392407,-561134628#0,"-57392407,-57392454#0,-57099575#2,-57099587#1,32898141,-24580169#0,-22561654#5,-22561654#4,-22561654#3,-22561654#2,-1116499321#1,-1116499322,-1264978470#1,-1264978470#0,-1116499323#1,-1116499323#0,-561133121,-55682342#1,-55682342#0,55682703,849128758#0,849128758#1,55682704#1,55682704#2,55682704#3,125835961,57680125#0,57680125#1,57680125#2,57680127,227218689,154901400#2,154901400#3,154901400#4,154901400#5,23030923#2,23030922#1,41231752,561133140#1,79119284#2,41231513#0,41231513#1,41273135,41273136,41231513#3,41231513#4,-41231515#6,-41231515#5,-41231515#4,-41231515#3,-41231515#2,-41231515#1,-41231515#0,-1157449878#1,-1157449878#0,1020078539,-79116557#4,-79116557#3,-79116557#2,-79116557#1,-79116557#0,79116530#3,79116530#0,-561134628#1,-561134628#0",14.90426714000925,10306.258711557992,37.067815384615386,15.78505876502792,69.98400000000001,0.5176113407657543,0.0,0.0,0.2109400009294735,0.0047538785932996,0.1799898439953211,0.2360596108599892,0.3682566656219164,0.1940568402146836,3.298966283649621,0.3881136804293672,0.0970284201073418,111.56459012722578,0.7762273608587344,0.0970284201073418,4.024753524312867,245.84527294577,6.306847306977217,"8a7558255ad7fff,8a7558255ae7fff,8a7558255a77fff,8a7558255b5ffff,8a7558255a67fff,8a7558255b4ffff,8a7558255b47fff,8a7558255b77fff,8a7558255b2ffff,8a7558255b07fff,8a7558255867fff,8a755825595ffff,8a7558255937fff,8a7558273667fff,8a7558273767fff,8a75582730d7fff,8a75582733b7fff,8a755827305ffff,8a7558273337fff,8a7558273327fff,8a7558246d37fff,8a7558246d27fff,8a75582712e7fff,8a7558271257fff,8a7558244c87fff,8a7558244c27fff,8a75582440c7fff,8a7558244767fff,8a7558244627fff,8a755824471ffff,8a7558244707fff,8a7558244717fff,8a755824409ffff,8a755824446ffff,8a75582447a7fff,8a7558244787fff,8a75582446b7fff,8a755824469ffff,8a7558240d27fff,8a7558240d77fff,8a7558240d57fff,8a7558240d47fff",4,4
-57392457#0,1116499317#0,"57392457#0,57392457#1,-22561652#0,-174907151#4,-174907151#1,1116499317#0",0.8433730326663039,291.105047413568,23.328,10.317627634296558,19.98,0.0,0.0,0.0,0.504847443072369,0.0,0.0,0.0708784937651682,0.4242740631624627,6.870372114017775,58.39816296915109,3.435186057008888,6.870372114017775,146.9630402936426,6.870372114017775,0.0,1.446695911084678,33.551941781003535,20.611116342053325,"8a755824668ffff,8a75582466f7fff,8a75582466affff,8a7558246687fff",1,1
-57392472#1,-22561651#1,"57392472#1,57392472#2,57392472#3,370077348,57392423#0,57392423#1,57392423#2,57392423#3,57392423#4,57392423#5,57392423#6,57392423#7,370077352,57392387#0,57392387#1,1242838379,1242838378#0,-205629016#5,-205629016#4,-205629016#3,-205629016#2,-205629016#1,-205629016#0,-933315250,-933315251,-57392522#5,-57392522#4,-57392522#3,-57392522#2,-57392522#1,-57392522#0,-561133135,-57392454#1,-57392454#0,-57099575#2,-57099587#1,32898141,-24580169#0,22561499#0,22561499#1,22561499#2,174907152#0,174907152#1,174907152#2,-57392486,1163710302,57392474,57392457#1,22561652#1,22561652#2,22561652#3,22561652#4,22561652#5,22561652#6,125835948,563369678,1238123690,174907150#0,174907150#1,174907150#2,174907150#3,174907150#4,174907150#5,22561651#0,22561651#1",8.47629105574214,7457.152546920134,48.61107692307693,18.01314411435759,69.98400000000001,0.8843288236853187,0.0,0.0,0.2906039075526251,0.0065701623183394,0.0,0.4565234185995829,0.2463025115294526,0.6704972130501798,6.168574360061655,0.5363977704401438,0.0,84.69747837210619,0.8045966556602158,0.1340994426100359,3.217253320681907,138.1213991252314,8.716463769652337,"8a755825136ffff,8a755825134ffff,8a755825c5b7fff,8a755825e96ffff,8a755825e967fff,8a75582512dffff,8a75582512f7fff,8a75582512affff,8a75582512a7fff,8a755825139ffff,8a7558251397fff,8a75582510f7fff,8a75582510e7fff,8a7558251027fff,8a755825110ffff,8a755825112ffff,8a75582518d7fff,8a75582518f7fff,8a755825181ffff,8a7558251827fff,8a755825190ffff,8a75582552dffff,8a75582552e7fff,8a755825520ffff,8a7558255227fff,8a755825532ffff,8a7558255ac7fff,8a7558255ae7fff,8a7558255a77fff,8a7558255b5ffff,8a7558255a67fff,8a7558255b4ffff,8a7558246697fff,8a7558246687fff,8a755824668ffff,8a75582466f7fff,8a75582466c7fff,8a75582466effff,8a755824665ffff,8a75582429a7fff,8a7558242987fff,8a7558242817fff,8a755824282ffff,8a7558242a2ffff",0,0
-57392472#1,-22561651#1,"-57392472#1,-57392472#0,561194550#1,561194550#2,1024971940,561194551,1242838378#0,-205629016#5,-205629016#4,-205629016#3,-205629016#2,-205629016#1,-205629016#0,-933315250,-933315251,-57392522#5,-57392522#4,-57392522#3,-57392522#2,-57392522#1,-57392522#0,-561133135,-57392454#1,-57392454#0,-57099575#2,-57099575#1,-57099591#1,-57099591#0,32898139#0,32898139#1,32898141,-24580169#0,22561499#0,22561499#1,22561499#2,174907152#0,174907152#1,174907152#2,-57392486,1163710302,57392474,57392457#1,22561652#1,22561652#2,22561652#3,22561652#4,22561652#5,22561652#6,125835948,563369678,1238123690,174907150#0,174907150#1,174907150#2,174907150#3,174907150#4,174907150#5,22561651#0,22561651#1",8.614460224430866,7667.388340930086,49.146711864406775,19.319210342121465,69.98400000000001,0.8875004670813842,0.0,0.0,0.3761266879484181,0.0063900118902729,0.0,0.3622519344376699,0.255231365723639,0.652112528761453,5.738590253100787,0.3912675172568718,0.0,88.37485489853835,0.7825350345137436,0.1304225057522906,3.224236527757113,147.46793288722617,7.694927839385145,"8a755825134ffff,8a755825136ffff,8a7558251ac7fff,8a7558251327fff,8a7558251057fff,8a75582510e7fff,8a75582510f7fff,8a7558251027fff,8a755825110ffff,8a755825112ffff,8a75582518d7fff,8a75582518f7fff,8a755825181ffff,8a7558251827fff,8a755825190ffff,8a75582552dffff,8a75582552e7fff,8a755825520ffff,8a7558255227fff,8a755825532ffff,8a7558255ac7fff,8a7558255ae7fff,8a7558255a77fff,8a7558255aa7fff,8a755825516ffff,8a7558255a37fff,8a7558255b57fff,8a7558255b5ffff,8a7558255a67fff,8a7558255b4ffff,8a7558246697fff,8a7558246687fff,8a755824668ffff,8a75582466f7fff,8a75582466c7fff,8a75582466effff,8a755824665ffff,8a75582429a7fff,8a7558242987fff,8a7558242817fff,8a755824282ffff,8a7558242a2ffff",1,1
-57392472#1,-22561651#1,"57392472#1,57392472#2,57392472#3,370077348,57392423#0,57392423#1,57392423#2,57392423#3,57392423#4,57392423#5,57392423#6,57392423#7,370077352,57392387#0,57392387#1,1242838379,1242838378#0,-205629016#5,-205629016#4,-205629016#3,-205629016#2,-205629016#1,-205629016#0,-933315250,-933315251,-57392522#5,-57392522#4,-57392522#3,-57392522#2,-57392522#1,-57392522#0,-561133135,-57392454#1,-57392454#0,-57099575#2,-57099575#1,-57099591#1,-57099591#0,32898139#0,32898139#1,32898141,-24580169#0,22561499#0,22561499#1,22561499#2,174907152#0,174907152#1,174907152#2,174907151#0,174907151#2,174907151#5,22561652#1,22561652#2,22561652#3,22561652#4,22561652#5,22561652#6,125835948,563369678,1238123690,174907150#0,174907150#1,174907150#2,174907150#3,174907150#4,174907150#5,22561651#0,22561651#1",8.75888828371403,8485.965808039224,50.14217647058823,15.305014664443846,69.98400000000001,0.9137185790912368,0.0,0.0,0.2726903879356882,0.0057736153755731,0.0,0.4011758768239937,0.3203601198647448,0.3535248748183659,3.299565498304749,0.3535248748183659,0.2356832498789106,88.68127381963023,0.4713664997578212,0.1178416249394553,3.661116157048854,142.61338811996768,8.013230495882961,"8a755825136ffff,8a755825134ffff,8a755825c5b7fff,8a755825e96ffff,8a755825e967fff,8a75582512dffff,8a75582512f7fff,8a75582512affff,8a75582512a7fff,8a755825139ffff,8a7558251397fff,8a75582510f7fff,8a75582510e7fff,8a7558251027fff,8a755825110ffff,8a755825112ffff,8a75582518d7fff,8a75582518f7fff,8a755825181ffff,8a7558251827fff,8a755825190ffff,8a75582552dffff,8a75582552e7fff,8a755825520ffff,8a7558255227fff,8a755825532ffff,8a7558255ac7fff,8a7558255ae7fff,8a7558255a77fff,8a7558255aa7fff,8a755825516ffff,8a7558255a37fff,8a7558255b57fff,8a7558255b5ffff,8a7558255a67fff,8a7558255b4ffff,8a7558246697fff,8a7558246687fff,8a75582466affff,8a75582466f7fff,8a75582466c7fff,8a75582466effff,8a755824665ffff,8a75582429a7fff,8a7558242987fff,8a7558242817fff,8a755824282ffff,8a7558242a2ffff",4,4
-57392534#2,-1163710302,"-57392534#2,-57392534#1,-57392534#0,-57392414#0,-22561652#1,-22561652#0,-174907151#4,-174907151#1,-57392486,1163710302",1.9183365432503936,967.4354027118088,25.992,8.424307686688563,19.98,0.0,0.0,0.0,0.2392378028289525,0.0,0.0,0.0,0.7607621971710475,2.067321491847227,18.605893426625045,1.0336607459236136,2.067321491847227,139.07959219882355,2.067321491847227,1.0336607459236136,1.5811236049560264,91.40804435358164,10.336607459236136,"8a7558242c2ffff,8a7558242d77fff,8a75582466dffff,8a75582466d7fff,8a75582466f7fff,8a75582466affff,8a7558246687fff",1,1
-57680089#3,57680095#0,"-57680089#3,-57680089#2,-57680089#1,-57680089#0,57680170#1,57680132#0,57680132#1,174375408#0,174375408#1,-174375409,57680120#0,57680120#1,1238123694,563272697,563271328,1238123691,-22561498,-22561652#6,-22561652#5,-22561652#4,-22561652#3,-22561652#2,-22561652#1,-22561652#0,-174907151#4,-174907151#1,-174907152#2,-174907152#1,-174907152#0,-57680180#3,-57680180#2,-57680180#1,57680171#0,57680171#1,57680171#2,-22561499#1,-22561499#0,-22561654#5,-22561654#4,-22561654#3,-22561654#2,-1116499321#1,57680095#0",2.5617748323231377,1902.2199421879848,36.03934883720931,9.301451435339905,20.016000000000005,0.2340171368285259,0.0,0.0,0.5422328502750782,0.1686453187535679,0.0,0.0,0.2891218309713537,2.102806258775256,27.33648136407832,1.5771046940814415,1.5771046940814415,130.1996207378324,2.6285078234690693,0.0,1.4612826557770202,39.74264738398404,22.605167281834,"8a755824292ffff,8a7558242927fff,8a7558242937fff,8a755824664ffff,8a7558246647fff,8a755824665ffff,8a75582466effff,8a75582466c7fff,8a75582466f7fff,8a75582466affff,8a7558246687fff,8a7558246697fff,8a75582466b7fff,8a755824679ffff,8a7558255b6ffff,8a7558255b4ffff,8a7558255b5ffff,8a7558255b47fff,8a7558255b77fff,8a7558255b2ffff,8a75582464d7fff",0,0
-57680089#3,57680095#0,"-57680089#3,-57680089#2,-57680089#1,-57680089#0,57680170#1,57680132#0,57680132#1,174375408#0,174375408#1,-174375409,57680120#0,57680120#1,1238123694,563272697,563271328,1238123691,-22561498,-22561652#6,-22561652#5,-22561652#4,-22561652#3,-22561652#2,-22561652#1,-22561652#0,-174907151#4,-174907151#1,-57392486,1004094803#0,1004094803#1,1004094802,57392452,-24580169#1,-24580169#0,-22561654#5,-22561654#4,-22561654#3,-22561654#2,-1116499321#1,57680095#0",3.584045251282088,1786.7269224792592,34.09846153846155,13.124289915320242,39.99600000000001,0.2491438724566058,0.0,0.0,0.4685932391395629,0.2145995756062519,0.0,0.0,0.3168071852541849,2.2387304683636864,29.103496088727923,1.679047851272765,1.679047851272765,131.86603803885177,3.3580957025455294,0.5596826170909216,1.3725610821983345,39.53727186558957,21.827622066545946,"8a755824292ffff,8a7558242927fff,8a7558242937fff,8a755824664ffff,8a7558246647fff,8a755824665ffff,8a75582466effff,8a75582466c7fff,8a75582466f7fff,8a75582466affff,8a7558246687fff,8a7558246697fff,8a7558255a67fff,8a7558255b4ffff,8a7558255b5ffff,8a7558255b47fff,8a7558255b77fff,8a7558255b2ffff,8a75582464d7fff",1,1
-57680089#3,57680095#0,"-57680089#3,-57680089#2,-57680089#1,-57680089#0,57680170#1,57680132#0,57680132#1,174375406,1238123693,1238123694,563272697,563271328,1238123691,-22561498,-22561652#6,-22561652#5,-22561652#4,-22561652#3,-22561652#2,-22561652#1,-22561652#0,-174907151#4,-174907151#1,-174907152#2,-174907152#1,-174907152#0,-57680180#3,-57680180#2,-57680180#1,57680171#0,57680171#1,57680171#2,-22561499#1,-22561499#0,-22561654#5,-22561654#4,-22561654#3,-22561654#2,-1116499321#1,57680095#0",2.565614525147712,1890.674657206319,34.992000000000004,8.77759665722475,20.016000000000005,0.2293397110151104,0.0,0.0,0.5455439608138407,0.1975561575672661,0.0,0.0,0.256899881618893,2.115646911939066,19.0408222074516,1.057823455969533,1.5867351839542994,126.2373556001422,2.115646911939066,0.0,1.4524135842645498,39.7581638474736,21.156469119390657,"8a755824292ffff,8a7558242927fff,8a7558242937fff,8a755824664ffff,8a755824665ffff,8a75582466effff,8a75582466c7fff,8a75582466f7fff,8a75582466affff,8a7558246687fff,8a7558246697fff,8a75582466b7fff,8a755824679ffff,8a7558255b6ffff,8a7558255b4ffff,8a7558255b5ffff,8a7558255b47fff,8a7558255b77fff,8a7558255b2ffff,8a75582464d7fff",2,2
-57680089#3,57680095#0,"-57680089#3,-57680089#2,-57680089#1,-57680089#0,57680170#1,57680132#0,57680132#1,174375406,1238123693,1238123694,563272697,563271328,1238123691,-22561498,-22561652#6,-22561652#5,-22561652#4,-22561652#3,-22561652#2,-22561652#1,-22561652#0,-174907151#4,-174907151#1,-57392486,1004094803#0,1004094803#1,1004094802,57392452,24580169#2,-57099575#2,-57099575#1,-57099591#1,-57099591#0,32898139#0,32898139#1,32898141,-24580169#0,-22561654#5,-22561654#4,-22561654#3,-22561654#2,-1116499321#1,57680095#0",5.450173817163747,3149.073626797533,34.6479069767442,13.690205897463716,39.99600000000001,0.535695577893469,0.0,0.0,0.2658712546247648,0.1506356562197665,0.0,0.0,0.5834930891554687,1.2702148231662085,16.512792701160713,0.9526611173746564,0.9526611173746564,119.6171472344032,2.222875940540865,0.3175537057915521,2.419113884018631,81.98456059695202,13.654809349036745,"8a755824292ffff,8a7558242927fff,8a7558242937fff,8a755824664ffff,8a755824665ffff,8a75582466effff,8a75582466c7fff,8a75582466f7fff,8a75582466affff,8a7558246687fff,8a7558246697fff,8a7558255a67fff,8a7558255a77fff,8a7558255aa7fff,8a755825516ffff,8a7558255a37fff,8a7558255b57fff,8a7558255b5ffff,8a7558255b4ffff,8a7558255b47fff,8a7558255b77fff,8a7558255b2ffff,8a75582464d7fff",3,3
-57680089#4,-22561652#3,"-57680089#4,-57680089#3,-57680089#2,-57680089#1,-57680089#0,57680170#1,57680132#0,57680132#1,174375408#0,174375408#1,-174375409,57680120#0,57680120#1,1238123694,563272697,563271328,1238123691,-22561498,-22561652#6,-22561652#5,-22561652#4,-22561652#3",0.6358644681774798,663.0917535320363,41.81563636363637,10.072777375279776,20.016000000000005,0.671328005691221,0.0,0.0,0.1886794042537192,0.4837950204943806,0.0,0.0,0.3275255752519002,1.5080869196055935,37.70217299013984,1.5080869196055935,0.0,118.24130361889088,3.0161738392111874,0.0,1.1374715074608548,27.68432365901982,33.17791223132306,"8a755824292ffff,8a7558242927fff,8a7558242937fff,8a755824664ffff,8a7558246647fff,8a755824665ffff,8a75582466effff,8a75582466c7fff",1,1
-57680102,-57680152#1,"-57680102,-57680109,125835951#1,-57680112#0,1116499322,1116499321#0,22561654#0,22561654#3,22561654#4,22561654#5,22561499#0,22561499#1,22561499#2,-57680180#3,-57680180#2,-57680180#1,-57680180#0,-563282223,-1116499330#0,1116499332#0,1116499332#1,1116499332#2,1116499331#0,1116499331#1,57680152#1",2.498359343737495,1887.3755611777688,29.988000000000003,3.625973214694716e-15,0.0,0.0,0.0,0.0,0.287156446351239,0.0,0.0,0.0,0.7128435536487611,1.0596725109399796,9.537052598459816,0.5298362554699898,0.5298362554699898,90.92978358356685,1.0596725109399796,0.5298362554699898,3.2197429643503988,82.86715037650748,13.245906386749745,"8a75582464cffff,8a75582464d7fff,8a755824648ffff,8a7558255b07fff,8a7558255b2ffff,8a7558255b77fff,8a7558255b47fff,8a7558255b5ffff,8a7558255b4ffff,8a7558246697fff,8a75582466b7fff,8a755824679ffff,8a7558246797fff,8a75582467b7fff,8a7558246787fff,8a75582467affff,8a755824662ffff",0,0
-57680102,-57680152#1,"-57680102,-57680109,125835951#1,-57680112#0,-1264978470#1,-1264978470#0,-1116499323#1,-1116499323#0,-561133121,-55682342#1,-55682342#0,55682703,849128758#0,849128758#1,55682704#1,55682704#2,55682704#3,125835961,-57680135,-57680114#3,-57680114#2,-57680114#1,-57680114#0,-1264978471,-57680145#1,-57680145#0,-1116499324#2,-1116499324#1,-1116499324#0,57680087#0,57680087#1,57680087#2,1116499328#0,1116499328#1,1116499329,1116499332#0,1116499332#1,1116499332#2,1116499331#0,1116499331#1,57680152#1",6.631698740763898,5122.476397868675,41.941756097560976,18.605307028883573,50.004000000000005,0.4045455671505369,0.0,0.0,0.3347046363968162,0.0,0.0,0.2466889148864053,0.4186064487167782,0.3904361571743203,3.904361571743203,0.5856542357614805,0.0,96.06976365393128,0.5856542357614805,0.1952180785871601,8.738619743384067,134.34478922514833,8.003941222073566,"8a75582464cffff,8a75582464d7fff,8a755824648ffff,8a7558255b07fff,8a7558255867fff,8a755825595ffff,8a7558255937fff,8a7558273667fff,8a7558273767fff,8a75582730d7fff,8a75582733b7fff,8a755827305ffff,8a7558273337fff,8a75582733affff,8a755827338ffff,8a75582732f7fff,8a7558255967fff,8a75582464affff,8a75582464f7fff,8a75582464c7fff,8a7558246797fff,8a75582467b7fff,8a7558246787fff,8a75582467affff,8a755824662ffff",1,1
-57680102,-57680152#1,"-57680102,-57680109,125835951#1,57680112#1,57680087#0,57680087#1,57680087#2,1116499328#0,1116499328#1,1116499329,1116499332#0,1116499332#1,1116499332#2,1116499331#0,1116499331#1,57680152#1",1.4942577030812327,1250.810010007056,29.988,0.0,0.0,0.0,0.0,0.0,0.0,0.0,0.0,0.0,1.0,0.0,0.0,0.0,0.0,88.82493481971426,0.0,0.0,2.133802520440682,93.84493716717212,12.791710868951023,"8a75582464cffff,8a75582464d7fff,8a755824648ffff,8a75582464f7fff,8a75582464c7fff,8a7558246797fff,8a75582467b7fff,8a7558246787fff,8a75582467affff,8a755824662ffff",2,2
-57680105,-41231515#0,"-57680105,-57680152#1,-57680152#0,-1116499331#0,-1116499332#2,-1116499332#1,-1116499332#0,1116499330#0,1116499330#1,57680180#0,57680180#1,57680180#2,57680180#3,-22561653,-22561499#1,-22561499#0,-22561654#5,-22561654#4,-22561654#3,-22561654#2,-1116499321#1,-1116499322,57680111,57680112#1,1116499324#0,1116499324#1,1116499324#2,57680145#0,57680145#1,1264978471,561133118,57680114#1,57680114#2,57680114#3,57680135,57680125#0,57680175,227218423,227218424,154901400#0,154901400#1,154901400#2,154901400#3,154901400#4,154901400#5,23030923#2,23030922#1,41231752,561133140#1,79119284#2,79119284#3,-79119286#3,-79119286#2,-79119286#1,-79119286#0,-41231753#2,-41231753#1,-41231753#0,1020078542,1157449878#1,41231515#0",11.33652678651534,9110.12918726192,39.66373770491802,16.63313423852286,50.004000000000005,0.5808546490575428,0.0,0.0,0.0594911496793906,0.0,0.2036219091450969,0.3518636219086343,0.3850233192668782,0.2195358549686063,3.732109534466308,0.3293037824529095,0.1097679274843031,119.72035404322736,0.5488396374215159,0.0,4.931768667528448,247.4708748793153,6.695843576542493,"8a7558246677fff,8a755824662ffff,8a75582467affff,8a7558246787fff,8a75582467b7fff,8a7558246797fff,8a755824679ffff,8a75582466b7fff,8a7558246697fff,8a7558255b4ffff,8a7558255b5ffff,8a7558255b47fff,8a7558255b77fff,8a7558255b2ffff,8a7558255b07fff,8a755824648ffff,8a75582464f7fff,8a75582464affff,8a7558255967fff,8a75582732f7fff,8a755827338ffff,8a75582733affff,8a7558273337fff,8a7558273a87fff,8a7558273aaffff,8a7558273a0ffff,8a7558246d27fff,8a75582712e7fff,8a7558271257fff,8a7558244c87fff,8a7558244c27fff,8a75582440c7fff,8a7558244767fff,8a7558244627fff,8a755824471ffff,8a7558244637fff,8a75582447affff,8a755824478ffff,8a75582446a7fff,8a7558244687fff,8a75582446b7fff,8a7558244787fff,8a75582447a7fff",0,0
-57680105,-41231515#0,"-57680105,-57680152#1,-57680152#0,-1116499331#0,-1116499332#2,-1116499332#1,-1116499332#0,1116499330#0,1116499330#1,57680180#0,57680171#0,57680171#1,57680171#2,22561499#2,174907152#0,174907152#1,174907152#2,174907151#0,174907151#2,174907151#5,22561652#1,22561652#2,22561652#3,22561652#4,22561652#5,22561652#6,125835948,563369678,1238123690,174375405,563272699,561133137,563273548,-57680132#1,-57680132#0,57680179#0,57680179#1,57680179#2,57680179#3,-979838980#6,-979838980#5,-979838980#4,-979838980#3,-979838980#2,-979838980#1,-979838980#0,-563298888,213840999,979842179,226068307,979842178#0,979842178#1,979842178#2,979842178#3,41231717,979842178#5,79116530#0,79116530#1,79116549#0,79116549#1,79116549#2,41231358#1,79119291#0,79119291#1,79116549#4,79116549#5,79116549#6,79119284#1,79119284#2,79119284#3,-79119286#3,-79119286#2,-79119286#1,41231755,-41231756#3,-41231756#2,41273133,-41273134,-41231515#3,-41231515#2,-41231515#1,-41231515#0",7.512515382789653,5408.051366593326,37.06331707317073,13.100199931447705,39.99600000000001,0.2699153778913475,0.0,0.0,0.1213223482471039,0.2498765787883887,0.0,0.0034687687549172,0.6253323042095899,0.3698189725701242,3.6981897257012415,0.5547284588551863,0.3698189725701242,90.70006256225362,0.9245474314253106,0.3698189725701242,3.2019883735227945,68.21526851344123,15.162577875375094,"8a7558246677fff,8a755824662ffff,8a75582467affff,8a7558246787fff,8a75582467b7fff,8a7558246797fff,8a755824679ffff,8a7558255b6ffff,8a7558255b4ffff,8a7558246697fff,8a7558246687fff,8a75582466affff,8a75582466f7fff,8a75582466c7fff,8a75582466effff,8a755824665ffff,8a755824664ffff,8a7558242937fff,8a7558242927fff,8a75582462d7fff,8a75582462c7fff,8a75582462e7fff,8a7558246277fff,8a755824634ffff,8a7558240cb7fff,8a7558240c17fff,8a7558240c37fff,8a7558240c27fff,8a7558240d57fff,8a7558240d77fff,8a7558240d67fff,8a75582446c7fff,8a75582446e7fff,8a755824461ffff,8a755824460ffff,8a7558244627fff,8a755824471ffff,8a7558244637fff,8a75582447affff,8a7558244737fff,8a755824446ffff,8a75582447a7fff,8a7558244787fff",2,2
-57680105,-41231515#0,"-57680105,-57680152#1,-57680152#0,-1116499331#0,-1116499332#2,-1116499332#1,-1116499332#0,-1116499329,-1116499328#1,-1116499328#0,-57680087#2,-57680087#1,-57680087#0,1116499324#0,1116499324#1,1116499324#2,57680145#0,57680145#1,1264978471,561133118,57680114#1,57680114#2,57680114#3,57680135,57680125#0,57680175,227218423,227218424,154901400#0,154901400#1,154901400#2,154901400#3,154901400#4,154901400#5,23030923#2,23030922#1,41231752,561133140#1,79119284#2,79119284#3,79119284#4,79119284#5,-79116549#6,-79116549#5,-79116549#4,-79116549#3,-79116549#2,-79116549#1,-79116549#0,79116530#2,79116557#0,79116557#1,79116557#2,1020078538,1020078537#1,1157449878#0,1157449878#1,41231515#0",12.306279453600894,9466.937706110515,40.50931034482758,16.905641693230432,50.004000000000005,0.552743700588051,0.0,0.0,0.0,0.0,0.19594740720343,0.3396071057767324,0.4644454870198375,0.0,1.9013540131759552,0.3168923355293259,0.0,125.0178815474166,0.5281538925488765,0.0,5.124926968293843,253.1596814500035,6.126585153566967,"8a7558246677fff,8a755824662ffff,8a75582467affff,8a7558246787fff,8a75582467b7fff,8a7558246797fff,8a75582464cffff,8a75582464c7fff,8a75582464f7fff,8a75582464affff,8a7558255967fff,8a75582732f7fff,8a755827338ffff,8a75582733affff,8a7558273337fff,8a7558273a87fff,8a7558273aaffff,8a7558273a0ffff,8a7558246d27fff,8a75582712e7fff,8a7558271257fff,8a7558244c87fff,8a7558244c27fff,8a75582440c7fff,8a7558244767fff,8a7558244627fff,8a755824471ffff,8a755824460ffff,8a755824461ffff,8a75582446c7fff,8a7558240d67fff,8a7558240d77fff,8a7558240d27fff,8a755824469ffff,8a75582446b7fff,8a7558244787fff,8a75582447a7fff",3,3
-57680105,-41231515#0,"-57680105,-57680152#1,-57680152#0,-1116499331#0,-1116499332#2,-1116499332#1,-1116499332#0,1116499330#0,1116499330#1,57680180#0,57680171#0,57680171#1,57680171#2,-22561499#1,-22561499#0,-22561654#5,-22561654#4,-22561654#3,-22561654#2,-1116499321#1,-1116499322,57680111,57680112#1,1116499324#0,1116499324#1,1116499324#2,57680145#0,57680145#1,1264978471,561133118,57680114#1,57680114#2,57680114#3,57680135,57680125#0,57680125#1,57680125#2,57680127,227218689,154901400#2,154901400#3,154901400#4,154901400#5,23030923#2,23030922#1,41231752,561133140#1,79119284#2,41231513#0,41231513#1,41231513#2,41231513#3,41231513#4,-41231515#6,-41231515#5,-41231515#4,-1020092140,-1020092142,-1020092143,41273131,-1020092138,-41273130,-41231515#0",12.661780992595256,9499.585262972549,38.08571428571428,16.35139563484944,50.004000000000005,0.4714548932191513,0.0,0.0,0.053959147160461,0.0,0.1952739878970549,0.2694150809032026,0.4813517840392814,0.2105355070389855,3.5791036196627544,0.3158032605584783,0.1052677535194927,123.92587046401448,0.5263387675974639,0.0,5.624495683088787,250.8763790697644,6.631868471728045,"8a7558246677fff,8a755824662ffff,8a75582467affff,8a7558246787fff,8a75582467b7fff,8a7558246797fff,8a755824679ffff,8a7558255b6ffff,8a7558255b4ffff,8a7558255b5ffff,8a7558255b47fff,8a7558255b77fff,8a7558255b2ffff,8a7558255b07fff,8a755824648ffff,8a75582464f7fff,8a75582464affff,8a7558255967fff,8a75582732f7fff,8a755827338ffff,8a75582733affff,8a7558273337fff,8a7558273327fff,8a7558246d37fff,8a7558246d27fff,8a75582712e7fff,8a7558271257fff,8a7558244c87fff,8a7558244c27fff,8a75582440c7fff,8a7558244767fff,8a7558244627fff,8a755824471ffff,8a7558244717fff,8a7558244707fff,8a755824409ffff,8a755824446ffff,8a7558244467fff,8a7558244477fff,8a75582447b7fff,8a75582447a7fff,8a7558244787fff",4,4
-57680114#1,-1163710302,"-57680114#1,-57680114#0,-1264978471,-57680145#1,-57680145#0,-1116499324#2,-1116499324#1,-1116499324#0,57680087#0,57680087#1,57680087#2,1116499328#0,1116499328#1,1116499329,1116499330#0,1116499330#1,57680180#0,57680180#1,57680180#2,57680180#3,174907152#0,174907152#1,174907152#2,-57392486,1163710302",3.1456739073205755,2094.9625254148905,35.59248,16.60384864301045,69.98400000000001,0.3240784586877548,0.0,0.0,0.0673492180199124,0.0,0.0,0.305179740868374,0.6274710411117136,0.954671014749496,9.06937464012021,0.954671014749496,0.0,41.99832655229847,0.954671014749496,0.4773355073747479,1.15092959335875,105.53226725620638,11.933387684368698,"8a755827338ffff,8a75582732f7fff,8a7558255967fff,8a75582464affff,8a75582464f7fff,8a75582464c7fff,8a75582464cffff,8a7558246797fff,8a755824679ffff,8a75582466b7fff,8a7558246697fff,8a7558246687fff",0,0
-57680114#1,-1163710302,"57680114#1,57680114#2,57680114#3,57680135,-125835961,-125835958,-55682704#2,-55682704#1,-55682704#0,-849128758#0,-55682703,55682343#1,55682342#1,55682342#2,1116499323#0,1116499323#1,1264978470#0,1264978470#1,57680111,57680112#1,57680087#0,57680087#1,57680087#2,1116499328#0,1116499328#1,1116499329,1116499330#0,1116499330#1,57680180#0,57680180#1,57680180#2,57680180#3,174907152#0,174907152#1,174907152#2,-57392486,1163710302",5.912692638133123,4120.229411553403,38.63870270270271,19.45895902329492,69.98400000000001,0.4179188513371637,0.0,0.0,0.4503658662462734,0.0,0.0,0.2312727224339562,0.3183614113197702,0.9708197288198877,8.98008249158396,0.7281147966149157,0.0,79.33275638268334,1.2135246610248596,0.2427049322049719,2.7457975903040546,117.7237543087782,8.98008249158396,"8a75582732f7fff,8a755827338ffff,8a75582733affff,8a7558273337fff,8a755827305ffff,8a75582733b7fff,8a75582730d7fff,8a7558273767fff,8a7558273667fff,8a7558255937fff,8a755825595ffff,8a7558255867fff,8a7558255b07fff,8a755824648ffff,8a75582464f7fff,8a75582464c7fff,8a75582464cffff,8a7558246797fff,8a755824679ffff,8a75582466b7fff,8a7558246697fff,8a7558246687fff",1,1
-57680114#1,-1163710302,"-57680114#1,-57680114#0,-1264978471,-57680145#1,-57680145#0,-1116499324#2,-1116499324#1,-1116499324#0,-57680112#1,-57680112#0,1116499322,1116499321#0,22561654#0,22561654#3,22561654#4,22561654#5,22561499#0,22561499#1,22561499#2,174907152#0,174907152#1,174907152#2,-57392486,1163710302",3.277886792474637,2183.379325896847,35.826,16.91897314182847,69.98400000000001,0.3109547746432861,0.0,0.0,0.312848133553303,0.0,0.0,0.292821367799869,0.394330498646828,0.9160112383030272,8.70210676387876,0.9160112383030272,0.4580056191515136,48.08873826485921,0.9160112383030272,0.4580056191515136,1.199503976427787,108.64244279897773,10.992134859636328,"8a755827338ffff,8a75582732f7fff,8a7558255967fff,8a75582464affff,8a75582464f7fff,8a755824648ffff,8a7558255b07fff,8a7558255b2ffff,8a7558255b77fff,8a7558255b47fff,8a7558255b5ffff,8a7558255b4ffff,8a7558246697fff,8a7558246687fff",2,2
-57680114#1,-1163710302,"57680114#1,57680114#2,57680114#3,57680135,-125835961,-125835958,-55682704#2,-55682704#1,-55682704#0,-849128758#0,-55682703,55682343#1,55682342#1,55682342#2,1116499323#0,1116499323#1,1264978470#0,1264978470#1,1116499322,1116499321#0,22561654#0,22561654#3,22561654#4,22561654#5,22561499#0,22561499#1,22561499#2,174907152#0,174907152#1,174907152#2,-57392486,1163710302",5.283480953459253,3759.811941076627,39.990375,20.634141175449667,69.98400000000001,0.457980763375341,0.0,0.0,0.6376868802802554,0.0,0.0,0.2534426423438481,0.1088704773758963,0.5319414990280863,5.05344424076682,0.5319414990280863,0.2659707495140431,79.90755201822755,0.7979122485421295,0.0,2.505608677724669,125.14389011382438,8.51106398444938,"8a75582732f7fff,8a755827338ffff,8a75582733affff,8a7558273337fff,8a755827305ffff,8a75582733b7fff,8a75582730d7fff,8a7558273767fff,8a7558273667fff,8a7558255937fff,8a755825595ffff,8a7558255867fff,8a7558255b07fff,8a7558255b2ffff,8a7558255b77fff,8a7558255b47fff,8a7558255b5ffff,8a7558255b4ffff,8a7558246697fff,8a7558246687fff",3,3
-57680115#1,-561133140#1,"-57680115#1,-57680115#0,-39353757#1,-39353757#0,57680128,174375407#0,174375407#1,174375407#2,174375407#3,174375407#4,174375402,174375403,561133137,563273548,-57680132#1,-57680132#0,57680179#0,57680179#1,57680179#2,57680179#3,-979838980#6,-979838980#5,-979838980#4,-979838980#3,-979838980#2,-979838980#1,-979838980#0,-563298888,213840999,979842179,226068307,979842178#0,979842178#1,870315479#0,870315479#1,41231514#0,41231514#1,41231514#2,41231514#3,41231514#4,41231514#5,41231719,41231718#0,41231720,41231514#7,41231514#8,1020078536,-79116557#3,-79116557#2,-79116557#1,-79116557#0,79116530#3,79116530#0,79116530#1,79116549#0,79116549#1,79116549#2,41231358#1,41231357#1,79119291#1,79116549#4,79116549#5,79116549#6,79119284#1,-561133140#1",6.65626432945255,4609.595781533339,38.29790769230769,14.095619977632992,39.99600000000001,0.301693559652074,0.0,0.0,0.0,0.2816590809720122,0.1682663525134477,0.0062233922245734,0.5438511742899668,0.0,3.904897707540957,0.4338775230601063,0.0,104.02460810620862,1.084693807650266,0.2169387615300531,2.45815531086006,70.2989642423565,14.101019499453455,"8a7558242967fff,8a7558240597fff,8a755824296ffff,8a755824291ffff,8a75582429affff,8a75582429a7fff,8a755824665ffff,8a755824664ffff,8a7558242937fff,8a7558242927fff,8a75582462d7fff,8a75582462c7fff,8a75582462e7fff,8a7558246277fff,8a755824634ffff,8a7558240cb7fff,8a7558240c17fff,8a7558240c37fff,8a7558240c27fff,8a7558240d1ffff,8a7558240daffff,8a7558240da7fff,8a7558246a5ffff,8a7558246a4ffff,8a7558246a67fff,8a7558246a6ffff,8a755824469ffff,8a7558240d27fff,8a7558240d77fff,8a7558240d57fff,8a7558240d67fff,8a75582446c7fff,8a75582446e7fff,8a755824461ffff,8a755824460ffff,8a7558244627fff,8a755824471ffff",0,0
-57680115#1,-561133140#1,"-57680115#1,-57680115#0,-39353757#1,-39353757#0,57680128,174375407#0,174375407#1,174375407#2,174375407#3,174375407#4,174375402,174375403,561133137,563273548,-57680132#1,-57680132#0,57680179#0,57680179#1,57680179#2,57680179#3,-979838980#6,-979838980#5,-979838980#4,-979838980#3,-979838980#2,-979838980#1,-979838980#0,-563298888,-145622122#2,213840998,979842179,226068307,979842178#0,979842178#1,870315479#0,870315479#1,41231514#0,41231514#1,41231514#2,41231514#3,41231514#4,41231514#5,41231719,41231718#0,41231718#1,-1020078541,41231721,41231514#8,1020078536,-79116557#3,-79116557#2,23881170,41231753#0,41231753#1,41231753#2,79119286#0,79119286#1,79119286#2,79119286#3,79119284#4,79119284#5,79119284#1,-561133140#1",5.742748911464078,4186.037039675601,39.5142857142857,14.749273184311075,39.99600000000001,0.3571790667826149,0.0,0.0,0.0,0.3182768333761911,0.1852921656852083,0.0,0.4964310009386005,0.0,3.822230870952812,0.2388894294345507,0.0,102.05502942299545,0.7166682883036523,0.2388894294345507,2.232284492657326,71.29543752650098,15.050034054376695,"8a7558242967fff,8a7558240597fff,8a755824296ffff,8a755824291ffff,8a75582429affff,8a75582429a7fff,8a755824665ffff,8a755824664ffff,8a7558242937fff,8a7558242927fff,8a75582462d7fff,8a75582462c7fff,8a75582462e7fff,8a7558246277fff,8a755824634ffff,8a7558240cb7fff,8a7558240c17fff,8a7558240c37fff,8a7558240c27fff,8a7558240d1ffff,8a7558240daffff,8a7558240da7fff,8a7558246a5ffff,8a7558246a4ffff,8a7558246a67fff,8a755824469ffff,8a7558240d27fff,8a7558244687fff,8a75582446a7fff,8a755824478ffff,8a75582447affff,8a7558244637fff,8a755824471ffff,8a7558244627fff",2,2
-57680115#1,-561133140#1,"-57680115#1,-57680115#0,39353757#2,39353757#3,39353757#4,39353757#5,57680106,39353757#15,39353757#16,39353757#17,57680181#0,57680181#1,-39353757#0,57680128,174375407#0,174375407#1,174375407#2,174375407#3,174375407#4,174375402,174375403,561133137,563273548,-57680132#1,-57680132#0,57680179#0,57680179#1,57680179#2,57680179#3,-979838980#6,-979838980#5,-979838980#4,-979838980#3,-979838980#2,-979838980#1,-979838980#0,-563298888,-145622122#2,213840998,979842179,226068307,979842178#0,979842178#1,979842178#2,979842178#3,979842178#4,979842178#5,79116530#0,79116530#1,79116549#0,41231508#1,79119292,41231358#0,79116549#3,79116549#4,79116549#5,79116549#6,79119284#1,-561133140#1",7.343241405077797,4949.571138253163,39.48162711864406,15.02062622540718,39.99600000000001,0.2813679613409597,0.0,0.0,0.0,0.2691785967245653,0.156708500000211,0.003790081823543,0.5703228214516803,0.0,3.636678713613296,0.4040754126236994,0.0,99.70747142718474,1.0101885315592485,0.2020377063118497,2.639453686745936,82.98316935496301,11.920224672399131,"8a7558242967fff,8a7558240597fff,8a75582405b7fff,8a7558240437fff,8a7558240407fff,8a755824040ffff,8a75582404e7fff,8a7558240417fff,8a755824296ffff,8a755824291ffff,8a75582429affff,8a75582429a7fff,8a755824665ffff,8a755824664ffff,8a7558242937fff,8a7558242927fff,8a75582462d7fff,8a75582462c7fff,8a75582462e7fff,8a7558246277fff,8a755824634ffff,8a7558240cb7fff,8a7558240c17fff,8a7558240c37fff,8a7558240c27fff,8a7558240d57fff,8a7558240d77fff,8a7558240d67fff,8a75582446dffff,8a75582446c7fff,8a755824461ffff,8a755824460ffff,8a7558244627fff,8a755824471ffff",3,3
-57680115#1,-561133140#1,"-57680115#1,-57680115#0,39353757#2,39353757#3,39353757#4,57680150#0,57680150#1,39353757#16,39353757#17,39353757#18,174375411#0,174375411#1,57680128,174375407#0,174375407#1,174375407#2,174375407#3,174375407#4,174375402,174375403,561133137,563273548,-57680132#1,-57680132#0,57680179#0,57680179#1,57680179#2,57680179#3,-979838980#6,-979838980#5,-979838980#4,-979838980#3,-979838980#2,-979838980#1,-979838980#0,-563298888,213840999,979842179,226068307,979842178#0,979842178#1,870315479#0,870315479#1,41231514#0,41231514#1,41231514#2,41231514#3,41231514#4,41231514#5,41231514#6,41231514#7,41231514#8,1020078536,-79116557#3,-79116557#2,23881170,41231753#0,41231753#1,41231753#2,79119286#0,79119286#1,79119286#2,79119286#3,79119284#4,79119284#5,79119284#1,-561133140#1",7.438317150581002,5049.970394221522,38.049850746268646,13.953343595444691,39.99600000000001,0.2753848540338539,0.0,0.0,0.0,0.2570974501087722,0.153592953655238,0.0,0.5893095962359893,0.0,3.168335406145778,0.1980209628841111,0.0,102.74590158207944,0.5940628886523334,0.1980209628841111,2.692993514522965,83.21413165378495,13.267404513235444,"8a7558242967fff,8a7558240597fff,8a75582405b7fff,8a7558240407fff,8a755824040ffff,8a75582404e7fff,8a75582404f7fff,8a75582404affff,8a755824296ffff,8a755824291ffff,8a75582429affff,8a75582429a7fff,8a755824665ffff,8a755824664ffff,8a7558242937fff,8a7558242927fff,8a75582462d7fff,8a75582462c7fff,8a75582462e7fff,8a7558246277fff,8a755824634ffff,8a7558240cb7fff,8a7558240c17fff,8a7558240c37fff,8a7558240c27fff,8a7558240d1ffff,8a7558240daffff,8a7558240da7fff,8a7558246a5ffff,8a7558246a4ffff,8a7558246a6ffff,8a755824469ffff,8a7558240d27fff,8a7558244687fff,8a75582446a7fff,8a755824478ffff,8a75582447affff,8a7558244637fff,8a755824471ffff,8a7558244627fff",4,4
-57680130#1,-22561499#0,"-57680130#1,-57680130#0,-57680097#1,-57680097#0,-1238123695#0,-174375409,57680120#0,57680120#1,1238123694,563272697,563271328,1238123691,-22561498,-22561652#6,-22561652#5,-22561652#4,-22561652#3,-22561652#2,-22561652#1,-22561652#0,-174907151#4,-174907151#1,-57392486,1004094803#0,1004094803#1,1004094802,57392452,-24580169#1,-24580169#0,22561499#0",3.2600628183433047,1332.921753282542,30.666000000000007,13.877663352954311,39.99600000000001,0.1421890415169613,0.0,0.0,0.3572825937849222,0.1083534295109362,0.0,0.0,0.5343639767041416,2.25069475579643,20.25625280216787,0.7502315852654766,1.5004631705309532,75.73926160764837,2.25069475579643,0.7502315852654766,2.4809637571800773,38.70778229674007,22.5069475579643,"8a7558246677fff,8a7558246657fff,8a755824666ffff,8a755824664ffff,8a7558246647fff,8a755824665ffff,8a75582466effff,8a75582466c7fff,8a75582466f7fff,8a75582466affff,8a7558246687fff,8a7558246697fff,8a7558255a67fff,8a7558255b4ffff",1,1
-57680130#1,-22561499#0,"-57680130#1,-57680130#0,-57680097#1,-57680097#0,-1238123695#0,-174375409,57680120#0,57680120#1,1238123694,563272697,563271328,1238123691,-22561498,-22561652#6,-22561652#5,-22561652#4,-22561652#3,-22561652#2,-22561652#1,-22561652#0,-174907151#4,-174907151#1,-174907152#2,-174907152#1,-174907152#0,-57680180#3,-57680180#2,-57680180#1,57680171#0,57680171#1,57680171#2,-22561499#1,-22561499#0",2.18273037457443,1409.547399270738,33.631636363636375,9.944807608176058,29.988000000000007,0.1344593779637409,0.0,0.0,0.4480589677024141,0.0580301822284126,0.0,0.0,0.4939108500691731,2.1283427584997283,19.15508482649756,0.709447586166576,1.418895172333152,81.4183567486692,1.418895172333152,0.0,2.451181457110448,39.60188121480076,23.41177034349701,"8a7558246677fff,8a7558246657fff,8a755824666ffff,8a755824664ffff,8a7558246647fff,8a755824665ffff,8a75582466effff,8a75582466c7fff,8a75582466f7fff,8a75582466affff,8a7558246687fff,8a7558246697fff,8a75582466b7fff,8a755824679ffff,8a7558255b6ffff,8a7558255b4ffff",2,2
-57680132#1,57099580,"57680132#1,174375408#0,174375408#1,-174375409,57680120#0,57680120#1,1238123694,563272697,563271328,1238123691,-22561498,-22561652#6,-22561652#5,-22561652#4,-22561652#3,-22561652#2,-22561652#1,-22561652#0,-174907151#4,-174907151#1,-174907152#2,-174907152#1,-174907152#0,-57680180#3,-57680180#2,-57680180#1,57680171#0,57680171#1,57680171#2,-22561499#1,-22561499#0,-22561654#5,-22561654#4,-22561654#3,57099580",1.7728568893360075,1324.0239195905376,36.27874285714287,9.427700450527372,20.016000000000005,0.1921413990576459,0.0,0.0,0.5711218641803293,0.0982219659119618,0.0,0.0,0.3306561699077089,3.021093456708112,33.232028023789226,2.2658200925310834,1.5105467283540557,120.42556295531227,3.021093456708112,0.7552733641770278,1.4776570135616198,30.87165424111883,26.43456774619597,"8a755824664ffff,8a7558246647fff,8a755824665ffff,8a75582466effff,8a75582466c7fff,8a75582466f7fff,8a75582466affff,8a7558246687fff,8a7558246697fff,8a75582466b7fff,8a755824679ffff,8a7558255b6ffff,8a7558255b4ffff,8a7558255b5ffff,8a7558255b47fff,8a7558255b57fff",0,0
-57680132#1,57099580,"57680132#1,174375408#0,174375408#1,-174375409,57680120#0,57680120#1,1238123694,563272697,563271328,1238123691,-22561498,-22561652#6,-22561652#5,-22561652#4,-22561652#3,-22561652#2,-22561652#1,-22561652#0,-174907151#4,-174907151#1,-57392486,1004094803#0,1004094803#1,1004094802,57392452,-24580169#1,-24580169#0,-22561654#5,-22561654#4,-22561654#3,57099580",2.7951273082949584,1208.5308998818118,33.86787096774195,14.066970125657091,39.99600000000001,0.2105033543791003,0.0,0.0,0.4650117131391398,0.1594320700563918,0.0,0.0,0.3755562168044684,3.3098036635978274,36.4078402995761,2.4823527476983704,1.6549018317989137,120.6819613554246,4.137254579497284,1.6549018317989137,1.3487627631897787,29.521880891359416,25.65097839288316,"8a755824664ffff,8a7558246647fff,8a755824665ffff,8a75582466effff,8a75582466c7fff,8a75582466f7fff,8a75582466affff,8a7558246687fff,8a7558246697fff,8a7558255a67fff,8a7558255b4ffff,8a7558255b5ffff,8a7558255b47fff,8a7558255b57fff",1,1
-57680132#1,57099580,"57680132#1,174375406,1238123693,1238123694,563272697,563271328,1238123691,-22561498,-22561652#6,-22561652#5,-22561652#4,-22561652#3,-22561652#2,-22561652#1,-22561652#0,-174907151#4,-174907151#1,-174907152#2,-174907152#1,-174907152#0,-57680180#3,-57680180#2,-57680180#1,57680171#0,57680171#1,57680171#2,-22561499#1,-22561499#0,-22561654#5,-22561654#4,-22561654#3,57099580",1.7766965821605818,1312.4786346088715,34.992000000000004,8.805865962802224,20.016000000000005,0.1850350298362152,0.0,0.0,0.5761457666708923,0.1392496300321951,0.0,0.0,0.2846046032969124,3.0476686587679427,21.3336806113756,1.5238343293839711,1.5238343293839711,111.6663488329766,2.285751494075957,0.7619171646919857,1.4647720716249193,30.683476733751547,24.38134927014354,"8a755824664ffff,8a755824665ffff,8a75582466effff,8a75582466c7fff,8a75582466f7fff,8a75582466affff,8a7558246687fff,8a7558246697fff,8a75582466b7fff,8a755824679ffff,8a7558255b6ffff,8a7558255b4ffff,8a7558255b5ffff,8a7558255b47fff,8a7558255b57fff",2,2
-57680132#1,57099580,"57680132#1,174375406,1238123693,1238123694,563272697,563271328,1238123691,-22561498,-22561652#6,-22561652#5,-22561652#4,-22561652#3,-22561652#2,-22561652#1,-22561652#0,-174907151#4,-174907151#1,-57392486,1004094803#0,1004094803#1,1004094802,57392452,24580169#2,-57099575#2,-57099575#1,-57099591#1,-57099591#0,32898139#0,32898139#1,32898141,-24580169#0,-22561654#5,-22561654#4,-22561654#3,57099580",4.661255874176616,2570.8776042000864,34.56925714285715,14.622292498186496,39.99600000000001,0.5819773596763181,0.0,0.0,0.2185950133205523,0.110316615462605,0.0,0.0,0.6710883712168427,1.5558889281485562,17.114778209634117,1.166916696111417,0.7779444640742781,102.22799639830794,2.333833392222834,0.7779444640742781,2.869189345181601,86.78648995708993,13.614028121299866,"8a755824664ffff,8a755824665ffff,8a75582466effff,8a75582466c7fff,8a75582466f7fff,8a75582466affff,8a7558246687fff,8a7558246697fff,8a7558255a67fff,8a7558255a77fff,8a7558255aa7fff,8a755825516ffff,8a7558255a37fff,8a7558255b57fff,8a7558255b5ffff,8a7558255b4ffff,8a7558255b47fff",3,3
-57680132#1,57099580,"57680132#1,174375406,1238123693,1238123694,563272697,563271328,1238123691,-22561498,-22561652#6,-22561652#5,-22561652#4,-22561652#3,-22561652#2,-22561652#1,-22561652#0,-174907151#4,-174907151#1,-174907152#2,-174907152#1,-174907152#0,-57680180#3,-57680180#2,-57680180#1,-57680180#0,-563282223,-1116499330#0,-1116499329,-1116499328#1,-1116499328#0,-57680087#2,-57680087#1,-57680087#0,-57680112#1,-57680112#0,1116499322,1116499321#0,22561654#0,57099580",3.091982696606361,2042.7767395127432,34.20189473684212,8.269709481447288,20.016000000000005,0.1188845156775061,0.0,0.0,0.4470989919117021,0.0894675177954295,0.0,0.0,0.4634334902928684,1.9581190262397967,13.706833183678578,0.9790595131198984,1.4685892696798477,104.37417909237688,1.4685892696798477,0.0,2.2798103052511616,43.79016570114924,18.602130749278068,"8a755824664ffff,8a755824665ffff,8a75582466effff,8a75582466c7fff,8a75582466f7fff,8a75582466affff,8a7558246687fff,8a7558246697fff,8a75582466b7fff,8a755824679ffff,8a7558246797fff,8a75582464cffff,8a75582464c7fff,8a75582464f7fff,8a755824648ffff,8a7558255b07fff,8a7558255b2ffff,8a7558255b77fff,8a7558255b47fff,8a7558255b57fff",4,4
-57680143#1,41231709#0,"57680143#1,-979838980#3,-979838980#2,-979838980#1,-979838980#0,-563298888,213840999,979842179,226068307,979842178#0,979842178#1,979842178#2,979842178#3,41231717,979842178#5,79116530#0,79116530#1,79116530#2,79116557#0,79116557#1,79116557#2,79116557#3,79116557#4,1020078540,-41231514#8,-41231514#7,-41231514#6,41231711#0,41231709#0",2.17373958853911,1908.5068021163763,37.574068965517256,15.50361191541008,39.99600000000001,0.2739826059865482,0.0,0.0,0.0,0.2654130860933573,0.0,0.0233850514015614,0.7112018625050814,0.0,8.907487246651886,1.0479396760766926,0.0,99.98419411517342,2.095879352153385,0.5239698380383463,2.867551513721094,77.78165536121521,15.195125303112045,"8a7558246277fff,8a755824634ffff,8a7558240cb7fff,8a7558240c17fff,8a7558240c37fff,8a7558240c27fff,8a7558240d57fff,8a7558240d77fff,8a7558240d27fff,8a755824469ffff,8a7558246a6ffff,8a7558246a4ffff,8a7558240d1ffff",0,0
-57680143#1,41231709#0,"57680143#1,-979838980#3,-979838980#2,-979838980#1,-979838980#0,-563298888,-145622122#2,213840998,979842179,226068307,979842178#0,979842178#1,979842178#2,979842178#3,979842178#4,979842178#5,79116530#0,79116530#1,79116530#2,79116557#0,79116557#1,23881170,1020078542,-1157449878#0,1020078539,1020078540,-41231514#8,-41231514#7,-41231514#6,41231711#0,41231709#0",3.017911521949081,2423.552807453844,39.02051612903227,16.196896648990034,39.99600000000001,0.2769939082975512,0.0,0.0,0.0,0.2230307424792587,0.0,0.0184153320408188,0.7585539254799222,0.0,7.0144953919366015,0.8252347519925414,0.0,101.61029153309178,1.6504695039850827,0.4126173759962707,3.64141354586249,88.62383280903805,12.79113865588439,"8a7558246277fff,8a755824634ffff,8a7558240cb7fff,8a7558240c17fff,8a7558240c37fff,8a7558240c27fff,8a7558240d57fff,8a7558240d77fff,8a7558240d27fff,8a7558244687fff,8a75582446b7fff,8a755824469ffff,8a7558246a6ffff,8a7558246a4ffff,8a7558240d1ffff",3,3
-57680143#1,41231709#0,"57680143#1,-979838980#3,-979838980#2,-979838980#1,-979838980#0,-563298888,-145622122#2,213840998,979842179,226068307,979842178#0,979842178#1,979842178#2,979842178#3,979842178#4,979842178#5,79116530#0,79116530#1,79116549#0,-41231508#0,79119287#0,79119290,79116549#2,79116549#3,79116549#4,79116549#5,79116549#6,79119284#1,79119284#2,79119284#3,-79119286#3,-79119286#2,-79119286#1,-79119286#0,-41231753#2,-41231753#1,-41231753#0,1020078542,-1157449878#0,1020078539,1020078540,-41231514#8,-41231514#7,-41231514#6,41231711#0,41231709#0",4.458327688415669,3326.8395259771205,36.07513043478262,13.90037200878483,39.99600000000001,0.201785916892091,0.0,0.0,0.0,0.1624745581695485,0.0,0.0105548423175414,0.8269705995129099,0.0,5.109954918852588,0.6011711669238339,0.0,103.18580823337938,1.2023423338476678,0.3005855834619169,4.998611326951475,71.50106350572958,13.82693683924818,"8a7558246277fff,8a755824634ffff,8a7558240cb7fff,8a7558240c17fff,8a7558240c37fff,8a7558240c27fff,8a7558240d57fff,8a7558240d77fff,8a7558240d67fff,8a7558240d47fff,8a7558240997fff,8a75582446c7fff,8a755824461ffff,8a755824460ffff,8a7558244627fff,8a755824471ffff,8a7558244637fff,8a75582447affff,8a755824478ffff,8a75582446a7fff,8a7558244687fff,8a75582446b7fff,8a755824469ffff,8a7558246a6ffff,8a7558246a4ffff,8a7558240d1ffff",4,4
-57680143#1,57392528#1,"57680143#1,979838980#4,979838980#5,979838980#6,57680170#0,57680170#1,57680132#0,57680132#1,174375406,1238123693,1238123694,563272697,563271328,1238123691,-22561498,-22561652#6,-22561652#5,-22561652#4,-22561652#3,-22561652#2,-22561652#1,-22561652#0,-174907151#4,-174907151#1,-57392486,1004094803#0,1004094803#1,1004094802,57392452,24580169#2,57392454#0,57392454#1,561133135,57392522#0,57392522#1,57392522#2,57392522#3,57392522#4,57392522#5,57392522#6,933315250,205629016#0,205629016#1,205629016#2,205629016#3,205629016#4,205629016#5,205629016#6,1242838381#1,-57392387#1,-57392387#0,-370077352,-57392423#7,-57392423#6,-57392423#5,-57392423#4,-57392423#3,-57392423#2,-57392423#1,-57392423#0,57392528#0,57392528#1",6.881927415416752,5899.564567661754,50.15670967741934,18.326476649191125,69.98400000000001,0.8687302936087528,0.0,0.0,0.0760684025592229,0.1559001396299147,0.0,0.4727013169110878,0.2953301408997743,0.6780161407039856,8.644705793975817,0.6780161407039856,0.3390080703519928,53.288667825371455,0.8475201758799821,0.5085121055279892,1.369968867743029,80.8486169703581,10.509250180911778,"8a7558246277fff,8a75582462e7fff,8a75582462c7fff,8a75582462d7fff,8a7558242927fff,8a7558242937fff,8a755824664ffff,8a755824665ffff,8a75582466effff,8a75582466c7fff,8a75582466f7fff,8a75582466affff,8a7558246687fff,8a7558246697fff,8a7558255a67fff,8a7558255a77fff,8a7558255ae7fff,8a7558255ac7fff,8a755825532ffff,8a7558255227fff,8a755825520ffff,8a75582552e7fff,8a75582552dffff,8a755825190ffff,8a7558251827fff,8a755825181ffff,8a75582518f7fff,8a75582518d7fff,8a755825112ffff,8a755825110ffff,8a7558251027fff,8a75582510f7fff,8a7558251397fff,8a755825139ffff,8a75582512a7fff,8a75582512affff,8a75582512f7fff,8a75582512dffff,8a755825e967fff,8a755825e96ffff,8a755825c497fff",0,0
-57680143#1,57392528#1,"57680143#1,979838980#4,979838980#5,979838980#6,57680170#0,57680170#1,57680132#0,57680132#1,174375408#0,174375408#1,-174375409,57680120#0,57680120#1,1238123694,563272697,563271328,1238123691,-22561498,-22561652#6,-22561652#5,-22561652#4,-22561652#3,-22561652#2,-22561652#1,-22561652#0,-174907151#4,-174907151#1,-174907152#2,-174907152#1,-174907152#0,-22561653,-22561499#1,-22561499#0,57392420,1004094802,57392452,-24580169#1,-32898141,57099587#1,57099575#2,57392454#0,57392454#1,561133135,57392522#0,57392522#1,57392522#2,57392522#3,57392522#4,57392522#5,57392522#6,933315250,205629016#0,205629016#1,205629016#2,205629016#3,205629016#4,205629016#5,205629016#6,1242838381#1,-57392387#1,-57392387#0,-370077352,-57392423#7,-57392423#6,-57392423#5,-57392423#4,-57392423#3,-57392423#2,-57392423#1,-57392423#0,57392528#0,57392528#1",6.896315200768474,6138.264732337097,49.02300000000001,17.28948304931863,69.98400000000001,0.8521633276590871,0.0,0.0,0.109534372778868,0.1350236659750432,0.0,0.4543192680570354,0.3011226931890533,0.6516499653277469,10.91513691923976,0.8145624566596835,0.3258249826638734,70.17846531355724,1.140387439323557,0.4887374739958101,1.425398686432167,79.2289380560943,11.729699375899443,"8a7558246277fff,8a75582462e7fff,8a75582462c7fff,8a75582462d7fff,8a7558242927fff,8a7558242937fff,8a755824664ffff,8a7558246647fff,8a755824665ffff,8a75582466effff,8a75582466c7fff,8a75582466f7fff,8a75582466affff,8a7558246687fff,8a7558246697fff,8a7558255b4ffff,8a7558255a67fff,8a7558255b5ffff,8a7558255a77fff,8a7558255ae7fff,8a7558255ac7fff,8a755825532ffff,8a7558255227fff,8a755825520ffff,8a75582552e7fff,8a75582552dffff,8a755825190ffff,8a7558251827fff,8a755825181ffff,8a75582518f7fff,8a75582518d7fff,8a755825112ffff,8a755825110ffff,8a7558251027fff,8a75582510f7fff,8a7558251397fff,8a755825139ffff,8a75582512a7fff,8a75582512affff,8a75582512f7fff,8a75582512dffff,8a755825e967fff,8a755825e96ffff,8a755825c497fff",1,1
-57680143#1,57392528#1,"57680143#1,979838980#4,979838980#5,979838980#6,57680170#0,57680170#1,57680132#0,57680132#1,174375406,1238123693,1238123694,563272697,563271328,1238123691,-22561498,-22561652#6,-22561652#5,-22561652#4,-22561652#3,-22561652#2,-22561652#1,-22561652#0,-174907151#4,-174907151#1,-174907152#2,-174907152#1,-174907152#0,-22561653,-22561499#1,-22561499#0,24580169#0,24580169#1,24580169#2,57392454#0,57392454#1,561133135,57392522#0,57392522#1,57392522#2,57392522#3,57392522#4,57392522#5,57392522#6,933315250,205629016#0,205629016#1,205629016#2,205629016#3,205629016#4,205629016#5,205629016#6,1242838381#1,-57392387#1,-57392387#0,-370077352,-57392423#7,-57392423#6,-57392423#5,-57392423#4,-57392423#3,-57392423#2,-57392423#1,-57392423#0,57392528#0,57392528#1",5.5342268243889725,5840.46499246582,50.76276923076924,15.641586123585377,50.004000000000005,0.8775209620535336,0.0,0.0,0.115119425983123,0.1682012120473371,0.0,0.4774845742476256,0.2391947877219143,0.6848769755764287,5.992673536293752,0.6848769755764287,0.3424384877882143,52.730406107382166,0.6848769755764287,0.5136577316823215,1.356245045046169,81.24174090968141,11.129250853116966,"8a7558246277fff,8a75582462e7fff,8a75582462c7fff,8a75582462d7fff,8a7558242927fff,8a7558242937fff,8a755824664ffff,8a755824665ffff,8a75582466effff,8a75582466c7fff,8a75582466f7fff,8a75582466affff,8a7558246687fff,8a7558246697fff,8a7558255b4ffff,8a7558255a67fff,8a7558255a77fff,8a7558255ae7fff,8a7558255ac7fff,8a755825532ffff,8a7558255227fff,8a755825520ffff,8a75582552e7fff,8a75582552dffff,8a755825190ffff,8a7558251827fff,8a755825181ffff,8a75582518f7fff,8a75582518d7fff,8a755825112ffff,8a755825110ffff,8a7558251027fff,8a75582510f7fff,8a7558251397fff,8a755825139ffff,8a75582512a7fff,8a75582512affff,8a75582512f7fff,8a75582512dffff,8a755825e967fff,8a755825e96ffff,8a755825c497fff",2,2
-57680143#1,57392528#1,"57680143#1,979838980#4,979838980#5,979838980#6,57680170#0,57680170#1,57680132#0,57680132#1,174375406,1238123693,1238123694,563272697,563271328,1238123691,-22561498,-22561652#6,-22561652#5,-22561652#4,-22561652#3,-22561652#2,-22561652#1,-22561652#0,-174907151#4,-174907151#1,-57392486,1004094803#0,1004094803#1,1004094802,57392452,24580169#2,57392454#0,57392454#1,561133135,57392522#0,57392522#1,57392522#2,57392522#3,57392522#4,57392522#5,57392522#6,933315250,205629016#0,205629016#1,205629016#2,205629016#3,205629016#4,205629016#5,205629016#6,1242838381#1,1242838380,-1242838383,-561194550#2,-561194550#1,57392472#0,57392472#1,57392472#2,57392472#3,370077348,57392528#0,57392528#1",7.443416903665101,6483.767598366968,50.8278,18.976601291313777,69.98400000000001,0.8805580093851274,0.0,0.0,0.1797615351032765,0.1418531626713172,0.0,0.5111305900241435,0.1672547122012628,0.6169252582414365,7.865797042578315,0.6169252582414365,0.3084626291207182,56.022936589069296,0.7711565728017956,0.3084626291207182,1.5056297212396248,102.9504444010946,9.253878873621549,"8a7558246277fff,8a75582462e7fff,8a75582462c7fff,8a75582462d7fff,8a7558242927fff,8a7558242937fff,8a755824664ffff,8a755824665ffff,8a75582466effff,8a75582466c7fff,8a75582466f7fff,8a75582466affff,8a7558246687fff,8a7558246697fff,8a7558255a67fff,8a7558255a77fff,8a7558255ae7fff,8a7558255ac7fff,8a755825532ffff,8a7558255227fff,8a755825520ffff,8a75582552e7fff,8a75582552dffff,8a755825190ffff,8a7558251827fff,8a755825181ffff,8a75582518f7fff,8a75582518d7fff,8a755825112ffff,8a755825110ffff,8a7558251027fff,8a75582510f7fff,8a7558251057fff,8a7558251327fff,8a7558251ac7fff,8a755825136ffff,8a755825134ffff,8a755825c5b7fff,8a755825e96ffff,8a755825c497fff",3,3
-57680145#1,-22561653,"57680145#1,1264978471,561133118,57680114#1,57680114#2,57680114#3,57680135,-125835961,-125835958,-55682704#2,-55682704#1,-55682704#0,-849128758#0,-55682703,55682343#1,55682342#1,55682342#2,1116499323#0,1116499323#1,1264978470#0,1264978470#1,57680111,57680112#1,57680087#0,57680087#1,57680087#2,1116499328#0,1116499328#1,1116499329,1116499330#0,1116499330#1,57680180#0,57680180#1,57680180#2,57680180#3,-22561653",6.32574026385872,4605.545907154907,41.934000000000005,19.541539579645647,50.004000000000005,0.441355499425849,0.0,0.0,0.3786519937626916,0.0,0.0,0.2743774939162587,0.3469705123210495,0.6513885781356289,6.296756255311079,0.4342590520904192,0.0,94.61691602549368,0.8685181041808385,0.2171295260452096,7.09343442876555,131.6773609211656,7.816662937627547,"8a75582464affff,8a7558255967fff,8a75582732f7fff,8a755827338ffff,8a75582733affff,8a7558273337fff,8a755827305ffff,8a75582733b7fff,8a75582730d7fff,8a7558273767fff,8a7558273667fff,8a7558255937fff,8a755825595ffff,8a7558255867fff,8a7558255b07fff,8a755824648ffff,8a75582464f7fff,8a75582464c7fff,8a75582464cffff,8a7558246797fff,8a755824679ffff,8a75582466b7fff,8a7558246697fff,8a7558255b4ffff",1,1
-57680145#1,-22561653,"-57680145#1,-57680145#0,-1116499324#2,-1116499324#1,-1116499324#0,-57680112#1,-57680112#0,1116499322,1116499321#0,22561654#0,22561654#3,22561654#4,22561654#5,22561499#0,22561499#1,22561499#2",2.1549612357542007,1283.7675608155298,33.741,8.068707554497191,20.016000000000005,0.0308405562022785,0.0,0.0,0.4221730441090824,0.0,0.0,0.0,0.5778269558909175,0.7789572119774838,7.010614907797354,0.0,0.7789572119774838,51.460246660785096,0.7789572119774838,0.0,1.2246443745545363,101.32100872191988,12.46331539163974,"8a7558255967fff,8a75582464affff,8a75582464f7fff,8a755824648ffff,8a7558255b07fff,8a7558255b2ffff,8a7558255b77fff,8a7558255b47fff,8a7558255b5ffff,8a7558255b4ffff,8a7558246697fff",2,2
-57680145#1,-22561653,"57680145#1,1264978471,561133118,57680114#1,57680114#2,57680114#3,57680135,-125835961,-125835958,-55682704#2,-55682704#1,-55682704#0,-849128758#0,-55682703,55682343#1,55682342#1,55682342#2,1116499323#0,1116499323#1,1264978470#0,1264978470#1,1116499322,1116499321#0,22561654#0,22561654#3,22561654#4,22561654#5,22561499#0,22561499#1,22561499#2",5.667857110597415,4215.745896768229,44.323200000000014,20.62641604317645,50.004000000000005,0.4821645003649946,0.0,0.0,0.5352525305208043,0.0,0.0,0.2997472274337408,0.1650002420454548,0.2372059475327,2.6092654228597008,0.2372059475327,0.2372059475327,97.34679147927186,0.4744118950654001,0.0,6.38956747839151,140.47776885009768,7.116178425981002,"8a75582464affff,8a7558255967fff,8a75582732f7fff,8a755827338ffff,8a75582733affff,8a7558273337fff,8a755827305ffff,8a75582733b7fff,8a75582730d7fff,8a7558273767fff,8a7558273667fff,8a7558255937fff,8a755825595ffff,8a7558255867fff,8a7558255b07fff,8a7558255b2ffff,8a7558255b77fff,8a7558255b47fff,8a7558255b5ffff,8a7558255b4ffff,8a7558246697fff",3,3
-57680152#1,-174375407#2,"-57680152#1,-57680152#0,-1116499331#0,-1116499332#2,-1116499332#1,-1116499332#0,1116499330#0,1116499330#1,57680180#0,57680180#1,57680180#2,57680180#3,174907152#0,174907152#1,174907152#2,174907151#0,174907151#2,174907151#5,22561652#1,22561652#2,22561652#3,22561652#4,22561652#5,22561652#6,125835948,563369678,1238123690,174375405,561133138,-174375407#4,-174375407#3,-174375407#2",3.0278065005699903,1937.5701150293,32.49,6.72559122236273,20.016000000000005,0.0705304144704179,0.0,0.0,0.3234643982505286,0.0145990940846228,0.1925843156055163,0.0,0.469352192059332,1.0322207100978928,5.677213905538411,1.0322207100978928,1.0322207100978928,65.65963860954857,1.5483310651468394,0.5161103550489464,3.2218001123218705,73.23431805643227,16.515531361566286,"8a755824662ffff,8a75582467affff,8a7558246787fff,8a75582467b7fff,8a7558246797fff,8a755824679ffff,8a75582466b7fff,8a7558246697fff,8a7558246687fff,8a75582466affff,8a75582466f7fff,8a75582466c7fff,8a75582466effff,8a755824665ffff,8a75582429a7fff,8a75582429affff,8a755824291ffff",0,0
-57680152#1,-174375407#2,"-57680152#1,-57680152#0,-1116499331#0,-1116499332#2,-1116499332#1,-1116499332#0,1116499330#0,1116499330#1,57680180#0,57680171#0,57680171#1,57680171#2,22561499#2,174907152#0,174907152#1,174907152#2,-57392486,1163710302,57392474,57392457#1,22561652#1,22561652#2,22561652#3,22561652#4,22561652#5,22561652#6,125835948,563369678,1238123690,174375405,561133138,-174375407#4,-174375407#3,-174375407#2",4.087869158726778,2108.557832169224,29.99223529411765,9.846337596496026,39.99600000000001,0.0648109438563145,0.0,0.0,0.2414701862173058,0.0134152205708134,0.1769672184692879,0.0,0.5681473747425929,1.897031202547058,13.75347621846617,1.4227734019102936,0.0,68.70029790889488,2.3712890031838225,0.4742578006367645,3.50611924070538,71.53436918095316,16.124765221649994,"8a755824662ffff,8a75582467affff,8a7558246787fff,8a75582467b7fff,8a7558246797fff,8a755824679ffff,8a7558255b6ffff,8a7558255b4ffff,8a7558246697fff,8a7558246687fff,8a755824668ffff,8a75582466f7fff,8a75582466c7fff,8a75582466effff,8a755824665ffff,8a75582429a7fff,8a75582429affff,8a755824291ffff",1,1
-57680152#1,-174375407#2,"-57680152#1,-57680152#0,-1116499331#0,-1116499332#2,-1116499332#1,-1116499332#0,1116499330#0,1116499330#1,57680180#0,57680171#0,57680171#1,57680171#2,22561499#2,174907152#0,174907152#1,174907152#2,174907151#0,174907151#2,174907151#5,22561652#1,22561652#2,22561652#3,22561652#4,22561652#5,22561652#6,125835948,563369678,1238123690,174375405,561133138,-174375407#4,-174375407#3,-174375407#2",3.0596792496696303,1978.1614128097544,32.414181818181824,6.633982596518408,20.016000000000005,0.0690831508458175,0.0,0.0,0.3316804619619595,0.0142995249132314,0.1886325413711352,0.0,0.4653874717536737,1.0110398408587025,5.560719124722864,1.0110398408587025,1.0110398408587025,65.78441748752007,1.5165597612880537,0.5055199204293512,3.289295500867529,72.65689742363465,16.68215737416859,"8a755824662ffff,8a75582467affff,8a7558246787fff,8a75582467b7fff,8a7558246797fff,8a755824679ffff,8a7558255b6ffff,8a7558255b4ffff,8a7558246697fff,8a7558246687fff,8a75582466affff,8a75582466f7fff,8a75582466c7fff,8a75582466effff,8a755824665ffff,8a75582429a7fff,8a75582429affff,8a755824291ffff",2,2
-57680152#1,-174375407#2,"-57680152#1,-57680152#0,-1116499331#0,-1116499332#2,-1116499332#1,-1116499332#0,-1116499329,-1116499328#1,-1116499328#0,-57680087#2,-57680087#1,-57680087#0,-57680112#1,-57680112#0,1116499322,1116499321#0,22561654#0,22561654#3,22561654#4,22561654#5,22561499#0,22561499#1,22561499#2,174907152#0,174907152#1,174907152#2,174907151#0,174907151#2,174907151#5,22561652#1,22561652#2,22561652#3,22561652#4,22561652#5,22561652#6,125835948,563369678,1238123690,174375405,561133138,-174375407#4,-174375407#3,-174375407#2",4.302916544587598,2695.3241304859303,31.849953488372098,5.882754416223298,20.016000000000005,0.0507017399995874,0.0,0.0,0.4336053676013512,0.0104947557456722,0.1384418335146007,0.0,0.4174580431383758,0.7420257836074904,4.0811418098411965,0.7420257836074904,1.1130386754112356,83.81605022967143,1.1130386754112356,0.3710128918037452,4.481796823240176,69.1901149602853,15.953554347561042,"8a755824662ffff,8a75582467affff,8a7558246787fff,8a75582467b7fff,8a7558246797fff,8a75582464cffff,8a75582464c7fff,8a75582464f7fff,8a755824648ffff,8a7558255b07fff,8a7558255b2ffff,8a7558255b77fff,8a7558255b47fff,8a7558255b5ffff,8a7558255b4ffff,8a7558246697fff,8a7558246687fff,8a75582466affff,8a75582466f7fff,8a75582466c7fff,8a75582466effff,8a755824665ffff,8a75582429a7fff,8a75582429affff,8a755824291ffff",4,4
-57680152#1,-57680125#1,"-57680152#1,-57680152#0,-1116499331#0,-1116499332#2,-1116499332#1,-1116499332#0,1116499330#0,1116499330#1,57680180#0,57680180#1,57680180#2,57680180#3,-22561653,-22561499#1,-22561499#0,-22561654#5,-22561654#4,-22561654#3,-22561654#2,-1116499321#1,-1116499322,57680111,57680112#1,1116499324#0,1116499324#1,1116499324#2,57680145#0,57680145#1,1264978471,561133118,57680114#1,57680114#2,57680114#3,57680135,57680125#0,57680125#1",4.803822395526509,3294.007045485631,37.768,16.410048043805357,50.004000000000005,0.2259579508361758,0.0,0.0,0.1645327564859782,0.0,0.0,0.2139385152177081,0.6215287282963136,0.6071632429387056,6.071632429387056,0.6071632429387056,0.3035816214693528,128.63893267020447,0.6071632429387056,0.0,1.602509889549942,110.3846040129679,10.9289383728967,"8a755824662ffff,8a75582467affff,8a7558246787fff,8a75582467b7fff,8a7558246797fff,8a755824679ffff,8a75582466b7fff,8a7558246697fff,8a7558255b4ffff,8a7558255b5ffff,8a7558255b47fff,8a7558255b77fff,8a7558255b2ffff,8a7558255b07fff,8a755824648ffff,8a75582464f7fff,8a75582464affff,8a7558255967fff,8a75582732f7fff,8a755827338ffff,8a75582733affff,8a7558273337fff,8a7558273327fff",0,0
-57680152#1,-57680125#1,"-57680152#1,-57680152#0,-1116499331#0,-1116499332#2,-1116499332#1,-1116499332#0,1116499330#0,1116499330#1,57680180#0,57680180#1,57680180#2,57680180#3,174907152#0,174907152#1,174907152#2,-57392486,1004094803#0,1004094803#1,1004094802,57392452,-24580169#1,-24580169#0,-22561654#5,-22561654#4,-22561654#3,-22561654#2,-1116499321#1,-1116499322,57680111,57680112#1,1116499324#0,1116499324#1,1116499324#2,57680145#0,57680145#1,1264978471,561133118,57680114#1,57680114#2,57680114#3,57680135,57680125#0,57680125#1",6.704684251060089,3760.5554980142456,34.17823255813954,17.48820485878194,69.98400000000001,0.1979247700056252,0.0,0.0,0.1597050516021844,0.0166545476676781,0.0,0.187396510116654,0.6362438906134835,1.063672641478684,10.104890094047496,0.7977544811090129,0.265918160369671,123.06682630785818,1.3295908018483549,0.0,1.8294822362411745,101.42420378007172,11.434480895895852,"8a755824662ffff,8a75582467affff,8a7558246787fff,8a75582467b7fff,8a7558246797fff,8a755824679ffff,8a75582466b7fff,8a7558246697fff,8a7558246687fff,8a7558255a67fff,8a7558255b4ffff,8a7558255b5ffff,8a7558255b47fff,8a7558255b77fff,8a7558255b2ffff,8a7558255b07fff,8a755824648ffff,8a75582464f7fff,8a75582464affff,8a7558255967fff,8a75582732f7fff,8a755827338ffff,8a75582733affff,8a7558273337fff,8a7558273327fff",1,1
-57680152#1,-57680125#1,"-57680152#1,-57680152#0,-1116499331#0,-1116499332#2,-1116499332#1,-1116499332#0,-1116499329,-1116499328#1,-1116499328#0,-57680087#2,-57680087#1,-57680087#0,-57680112#1,-57680112#0,-1264978470#1,-1264978470#0,-1116499323#1,-1116499323#0,-561133121,-55682342#1,-55682342#0,55682703,849128758#0,849128758#1,55682704#1,55682704#2,55682704#3,125835961,57680125#0,57680125#1",4.927571434794364,3504.6112682242965,36.988800000000005,15.12064648864204,50.004000000000005,0.3789202099512777,0.0,0.0,0.4892173393794436,0.0,0.0,0.1594879217451081,0.3512947388754482,0.5706767019023347,5.136090317121012,0.5706767019023347,0.0,119.88985422691952,0.5706767019023347,0.2853383509511673,1.7049672750562117,126.66885356150549,8.56015052853502,"8a755824662ffff,8a75582467affff,8a7558246787fff,8a75582467b7fff,8a7558246797fff,8a75582464cffff,8a75582464c7fff,8a75582464f7fff,8a755824648ffff,8a7558255b07fff,8a7558255867fff,8a755825595ffff,8a7558255937fff,8a7558273667fff,8a7558273767fff,8a75582730d7fff,8a75582733b7fff,8a755827305ffff,8a7558273337fff,8a7558273327fff",3,3
-57680152#1,-57680125#1,"-57680152#1,-57680152#0,-1116499331#0,-1116499332#2,-1116499332#1,-1116499332#0,1116499330#0,1116499330#1,57680180#0,57680171#0,57680171#1,57680171#2,-22561499#1,-22561499#0,-22561654#5,-22561654#4,-22561654#3,-22561654#2,-1116499321#1,-1116499322,-1264978470#1,-1264978470#0,-1116499323#1,-1116499323#0,-561133121,-55682342#1,-55682342#0,55682703,849128758#0,849128758#1,55682704#1,55682704#2,55682704#3,125835961,57680125#0,57680125#1",5.353101646879199,3812.6275888842847,35.822,14.015746817674144,50.004000000000005,0.3483078288120388,0.0,0.0,0.5841394333559139,0.0,0.0,0.146603137773849,0.269257428870237,0.5245726086206268,4.721153477585641,0.5245726086206268,0.2622863043103134,123.2350963243644,0.5245726086206268,0.2622863043103134,1.854814920548313,119.8067632551899,9.442306955171285,"8a755824662ffff,8a75582467affff,8a7558246787fff,8a75582467b7fff,8a7558246797fff,8a755824679ffff,8a7558255b6ffff,8a7558255b4ffff,8a7558255b5ffff,8a7558255b47fff,8a7558255b77fff,8a7558255b2ffff,8a7558255b07fff,8a7558255867fff,8a755825595ffff,8a7558255937fff,8a7558273667fff,8a7558273767fff,8a75582730d7fff,8a75582733b7fff,8a755827305ffff,8a7558273337fff,8a7558273327fff",4,4
-57680152#1,-79119285,"-57680152#1,-57680152#0,-1116499331#0,-1116499332#2,-1116499332#1,-1116499332#0,1116499330#0,1116499330#1,57680180#0,57680180#1,57680180#2,57680180#3,174907152#0,174907152#1,174907152#2,174907151#0,174907151#2,174907151#5,22561652#1,22561652#2,22561652#3,22561652#4,22561652#5,22561652#6,125835948,563369678,1238123690,174375405,561133138,174375402,174375403,561133137,563273548,-57680132#1,-57680132#0,57680179#0,57680179#1,57680179#2,57680179#3,-979838980#6,-979838980#5,-979838980#4,-979838980#3,-979838980#2,-979838980#1,-979838980#0,-563298888,-145622122#2,213840998,979842179,226068307,979842178#0,979842178#1,979842178#2,870315481#0,870315481#1,870315479#1,41231514#0,41231514#1,41231514#2,41231514#3,41231514#4,41231514#5,41231711#0,41231709#0,79119285",5.223768994083159,3929.426462981199,39.68781818181818,14.568869089639357,39.99600000000001,0.3891937865152447,0.0,0.0,0.159497819142457,0.3462605534437182,0.0267287293052626,0.0,0.4675128981085621,0.5089801320477261,5.089801320477261,0.7634701980715891,0.5089801320477261,91.80891615235862,1.2724503301193153,0.5089801320477261,2.956154351743633,66.35227772942355,16.796344357574963,"8a755824662ffff,8a75582467affff,8a7558246787fff,8a75582467b7fff,8a7558246797fff,8a755824679ffff,8a75582466b7fff,8a7558246697fff,8a7558246687fff,8a75582466affff,8a75582466f7fff,8a75582466c7fff,8a75582466effff,8a755824665ffff,8a755824664ffff,8a7558242937fff,8a7558242927fff,8a75582462d7fff,8a75582462c7fff,8a75582462e7fff,8a7558246277fff,8a755824634ffff,8a7558240cb7fff,8a7558240c17fff,8a7558240c37fff,8a7558240c27fff,8a7558240d1ffff,8a7558240daffff,8a7558240da7fff,8a7558246a5ffff,8a7558246a4ffff",0,0
-57680152#1,-79119285,"-57680152#1,-57680152#0,-1116499331#0,-1116499332#2,-1116499332#1,-1116499332#0,-1116499329,-1116499328#1,-1116499328#0,-57680087#2,-57680087#1,-57680087#0,1116499324#0,1116499324#1,1116499324#2,57680145#0,57680145#1,1264978471,561133118,57680114#1,57680114#2,57680114#3,57680135,57680125#0,57680125#1,57680125#2,57680127,227218689,154901400#2,154901400#3,154901400#4,154901400#5,23030923#2,23030922#1,41231752,561133140#1,79119284#2,79119284#3,79119284#4,79119284#5,-79116549#6,-79116549#5,-79116549#4,-79116549#3,-79116549#2,-79116549#1,-79116549#0,79116530#2,79116530#3,79116530#0,-561134628#1,-561134628#0,-1034110351#0,-23881168#1,-23881168#0,1259750653,145622122#0,145622122#1,213840998,979842179,226068307,979842178#0,979842178#1,870315479#0,870315479#1,41231514#0,41231514#1,41231514#2,41231514#3,41231514#4,41231514#5,41231711#0,41231709#0,79119285",13.018780145970526,9780.169196856898,38.774432432432434,16.300390674435008,50.004000000000005,0.5143435425706375,0.0,0.0,0.0,0.0356623612025888,0.1896717592845838,0.2646354516539532,0.510030427858874,0.0,3.476422474462584,0.4089908793485393,0.0,112.9656253859412,0.7157340388599438,0.0,7.357737828777859,236.9251559105084,7.5663312679479775,"8a755824662ffff,8a75582467affff,8a7558246787fff,8a75582467b7fff,8a7558246797fff,8a75582464cffff,8a75582464c7fff,8a75582464f7fff,8a75582464affff,8a7558255967fff,8a75582732f7fff,8a755827338ffff,8a75582733affff,8a7558273337fff,8a7558273327fff,8a7558246d37fff,8a7558246d27fff,8a75582712e7fff,8a7558271257fff,8a7558244c87fff,8a7558244c27fff,8a75582440c7fff,8a7558244767fff,8a7558244627fff,8a755824471ffff,8a755824460ffff,8a755824461ffff,8a75582446c7fff,8a7558240d67fff,8a7558240d77fff,8a7558240d57fff,8a7558240d47fff,8a7558240c67fff,8a7558240c07fff,8a7558240c37fff,8a7558240c27fff,8a7558240d1ffff,8a7558240daffff,8a7558240da7fff,8a7558246a5ffff,8a7558246a4ffff",1,1
-57680152#1,-79119285,"-57680152#1,-57680152#0,-1116499331#0,-1116499332#2,-1116499332#1,-1116499332#0,-1116499329,-1116499328#1,-1116499328#0,-57680087#2,-57680087#1,-57680087#0,1116499324#0,1116499324#1,1116499324#2,57680145#0,57680145#1,1264978471,561133118,57680114#1,57680114#2,57680114#3,57680135,57680125#0,57680125#1,57680125#2,57680127,227218689,154901400#2,154901400#3,154901400#4,154901400#5,23030923#2,23030922#1,41231752,561133140#1,79119284#2,79119284#3,-79119286#3,-79119286#2,-41231511#3,-41231511#2,-41231511#1,-41231511#0,79119293#0,79119293#1,79119293#2,-41231509,-41231508#2,-41231508#1,-79116549#0,79116530#2,79116557#0,79116557#1,79116557#2,79116557#3,79116557#4,1020078540,-41231514#8,-41231514#7,-41231514#6,41231711#0,41231709#0,79119285",12.454037895356354,9171.673480082143,37.9591875,16.25265449857346,50.004000000000005,0.4883106627713085,0.0,0.0,0.0,0.0,0.2022555536562918,0.2800849595010747,0.5176594868426335,0.0,1.962564415217144,0.3270940692028573,0.0,116.35637584422038,0.5451567820047623,0.0,6.899959250120779,250.6055422712925,6.978006809660957,"8a755824662ffff,8a75582467affff,8a7558246787fff,8a75582467b7fff,8a7558246797fff,8a75582464cffff,8a75582464c7fff,8a75582464f7fff,8a75582464affff,8a7558255967fff,8a75582732f7fff,8a755827338ffff,8a75582733affff,8a7558273337fff,8a7558273327fff,8a7558246d37fff,8a7558246d27fff,8a75582712e7fff,8a7558271257fff,8a7558244c87fff,8a7558244c27fff,8a75582440c7fff,8a7558244767fff,8a7558244627fff,8a755824471ffff,8a7558244637fff,8a7558244617fff,8a755824461ffff,8a755824468ffff,8a75582446d7fff,8a7558240d27fff,8a7558240d77fff,8a7558240d67fff,8a755824469ffff,8a7558246a6ffff,8a7558246a4ffff,8a7558240d1ffff",2,2
-57680152#1,-79119285,"-57680152#1,-57680152#0,-1116499331#0,-1116499332#2,-1116499332#1,-1116499332#0,-1116499329,-1116499328#1,-1116499328#0,-57680087#2,-57680087#1,-57680087#0,1116499324#0,1116499324#1,1116499324#2,57680145#0,57680145#1,1264978471,561133118,57680114#1,57680114#2,57680114#3,57680135,57680125#0,57680175,227218423,227218424,154901400#0,154901400#1,154901400#2,154901400#3,154901400#4,154901400#5,23030923#2,23030922#1,41231752,561133140#1,79119284#2,79119284#3,79119284#4,79119284#5,-79116549#6,-79116549#5,-79116549#4,-79116549#3,-79116549#2,-79116549#1,-79116549#0,79116530#2,79116557#0,79116557#1,79116557#2,79116557#3,79116557#4,1020078540,-41231514#8,-41231514#7,-41231514#6,41231711#0,41231709#0,79119285",12.3105738279381,9317.091132138808,39.33560655737704,16.62317673137788,50.004000000000005,0.5556705653620063,0.0,0.0,0.0,0.0,0.1990988250903701,0.3450689994703072,0.4558321754393229,0.0,1.9319334484032216,0.3219889080672036,0.0,118.98889674546837,0.536648180112006,0.0,7.009358682581848,249.39257684477505,6.547107797366473,"8a755824662ffff,8a75582467affff,8a7558246787fff,8a75582467b7fff,8a7558246797fff,8a75582464cffff,8a75582464c7fff,8a75582464f7fff,8a75582464affff,8a7558255967fff,8a75582732f7fff,8a755827338ffff,8a75582733affff,8a7558273337fff,8a7558273a87fff,8a7558273aaffff,8a7558273a0ffff,8a7558246d27fff,8a75582712e7fff,8a7558271257fff,8a7558244c87fff,8a7558244c27fff,8a75582440c7fff,8a7558244767fff,8a7558244627fff,8a755824471ffff,8a755824460ffff,8a755824461ffff,8a75582446c7fff,8a7558240d67fff,8a7558240d77fff,8a7558240d27fff,8a755824469ffff,8a7558246a6ffff,8a7558246a4ffff,8a7558240d1ffff",3,3
-57680152#1,-79119285,"-57680152#1,-57680152#0,-1116499331#0,-1116499332#2,-1116499332#1,-1116499332#0,-1116499329,-1116499328#1,-1116499328#0,-57680087#2,-57680087#1,-57680087#0,1116499324#0,1116499324#1,1116499324#2,57680145#0,57680145#1,1264978471,561133118,57680114#1,57680114#2,57680114#3,57680135,57680125#0,57680125#1,57680125#2,57680127,227218689,154901400#2,154901400#3,154901400#4,154901400#5,23030923#2,23030922#1,41231752,561133140#1,79119284#2,79119284#3,-79119286#3,-79119286#2,-79119286#1,-79119286#0,-41231753#2,-41231753#1,-41231753#0,1020078542,-1157449878#0,1020078539,1020078540,1020078536,-79116557#3,-79116557#2,-79116557#1,-79116557#0,79116530#3,-979842178#5,-979842178#4,-979842178#3,870315481#0,870315481#1,870315479#1,41231514#0,41231514#1,41231514#2,41231514#3,41231514#4,41231514#5,41231711#0,41231709#0,79119285",12.786522869187504,9463.090320839156,37.84782857142856,15.781487645910085,50.004000000000005,0.488748613306238,0.0,0.0,0.0,0.0,0.1960270730570651,0.2715032286495794,0.5324696982933556,0.0,1.90212704198345,0.3170211736639083,0.0,111.5503302864805,0.5283686227731805,0.0,7.11919561198964,241.60245292518704,7.397160718824528,"8a755824662ffff,8a75582467affff,8a7558246787fff,8a75582467b7fff,8a7558246797fff,8a75582464cffff,8a75582464c7fff,8a75582464f7fff,8a75582464affff,8a7558255967fff,8a75582732f7fff,8a755827338ffff,8a75582733affff,8a7558273337fff,8a7558273327fff,8a7558246d37fff,8a7558246d27fff,8a75582712e7fff,8a7558271257fff,8a7558244c87fff,8a7558244c27fff,8a75582440c7fff,8a7558244767fff,8a7558244627fff,8a755824471ffff,8a7558244637fff,8a75582447affff,8a755824478ffff,8a75582446a7fff,8a7558244687fff,8a75582446b7fff,8a755824469ffff,8a7558240d27fff,8a7558240d77fff,8a7558240d57fff,8a7558240c27fff,8a7558240d1ffff,8a7558240daffff,8a7558240da7fff,8a7558246a5ffff,8a7558246a4ffff",4,4
-57680160#1,-22561653,"-57680160#1,-57680160#0,-57680112#0,1116499322,1116499321#0,22561654#0,22561654#3,22561654#4,22561654#5,22561499#0,22561499#1,22561499#2",1.724949979991997,1023.0793807209044,29.988,0.0,0.0,0.0,0.0,0.0,0.5297458528546315,0.0,0.0,0.0,0.4702541471453684,0.977441261004946,8.796971349044513,0.0,0.977441261004946,37.9735788556824,0.977441261004946,0.0,1.17884886584462,89.17013189417621,11.72929513205935,"8a75582464b7fff,8a755824648ffff,8a7558255b07fff,8a7558255b2ffff,8a7558255b77fff,8a7558255b47fff,8a7558255b5ffff,8a7558255b4ffff,8a7558246697fff",0,0
-57680160#1,-22561653,"-57680160#1,-57680160#0,57680112#1,57680087#0,57680087#1,57680087#2,1116499328#0,1116499328#1,1116499329,1116499330#0,1116499330#1,57680180#0,57680180#1,57680180#2,57680180#3,-22561653",1.838155262104842,1102.5039426362052,29.988,0.0,0.0,0.0,0.0,0.0,0.0266507345448983,0.0,0.0,0.0,0.9733492654551018,0.907026234853086,8.163236113677774,0.0,0.0,52.55924774129722,0.907026234853086,0.0,1.2929763242165893,73.89530326512346,14.512419757649376,"8a75582464b7fff,8a755824648ffff,8a75582464f7fff,8a75582464c7fff,8a75582464cffff,8a7558246797fff,8a755824679ffff,8a75582466b7fff,8a7558246697fff,8a7558255b4ffff",2,2
-57680160#1,-22561653,"-57680160#1,-57680160#0,-57680112#0,-1264978470#1,-1264978470#0,-1116499323#1,-1116499323#0,-561133121,-55682342#1,-55682342#0,55682703,849128758#0,849128758#1,55682704#1,55682704#2,55682704#3,125835961,-57680135,-57680114#3,-57680114#2,-57680114#1,-57680114#0,-1264978471,-57680145#1,-57680145#0,-1116499324#2,-1116499324#1,-1116499324#0,57680087#0,57680087#1,57680087#2,1116499328#0,1116499328#1,1116499329,1116499330#0,1116499330#1,57680180#0,57680171#0,57680171#1,57680171#2,22561499#2",6.978797580299712,4985.379088368377,41.94175609756098,18.605307028883573,50.004000000000005,0.4156705203072612,0.0,0.0,0.349802714938686,0.0,0.0,0.2534728295927879,0.3967244554685262,0.6017596549476932,5.817009997827702,0.6017596549476932,0.0,83.10786654430363,0.8023462065969243,0.2005865516492311,5.744430583663373,131.03406443133088,8.224048617618475,"8a75582464b7fff,8a755824648ffff,8a7558255b07fff,8a7558255867fff,8a755825595ffff,8a7558255937fff,8a7558273667fff,8a7558273767fff,8a75582730d7fff,8a75582733b7fff,8a755827305ffff,8a7558273337fff,8a75582733affff,8a755827338ffff,8a75582732f7fff,8a7558255967fff,8a75582464affff,8a75582464f7fff,8a75582464c7fff,8a75582464cffff,8a7558246797fff,8a755824679ffff,8a7558255b6ffff,8a7558255b4ffff,8a7558246697fff",3,3
-57680160#1,-22561653,"-57680160#1,-57680160#0,57680112#1,57680087#0,57680087#1,57680087#2,1116499328#0,1116499328#1,1116499329,1116499330#0,1116499330#1,57680180#0,57680171#0,57680171#1,57680171#2,22561499#2",1.841356542617047,1113.7127005067582,29.988,0.0,0.0,0.0,0.0,0.0,0.0263825130992326,0.0,0.0,0.0,0.9736174869007672,0.8978976351306608,8.081078716175947,0.0,0.0,46.80801387265314,0.8978976351306608,0.0,1.2832816090419277,74.5747126517304,14.366362162090573,"8a75582464b7fff,8a755824648ffff,8a75582464f7fff,8a75582464c7fff,8a75582464cffff,8a7558246797fff,8a755824679ffff,8a7558255b6ffff,8a7558255b4ffff,8a7558246697fff",4,4
-57680160#1,57392486,"-57680160#1,-57680160#0,-57680112#0,1116499322,1116499321#0,22561654#0,22561654#3,22561654#4,22561654#5,22561499#0,22561499#1,22561499#2,174907152#0,174907152#1,174907152#2,-57392486",1.966606642657063,1250.609315319011,28.73925,4.995,19.98,0.0,0.0,0.0,0.5461866776287827,0.0,0.0,0.0,0.4538133223712172,1.59922045638196,14.39298410743764,0.79961022819098,0.79961022819098,41.19446265090628,1.59922045638196,0.0,1.2626949302748751,78.27433417382217,12.79376365105568,"8a75582464b7fff,8a755824648ffff,8a7558255b07fff,8a7558255b2ffff,8a7558255b77fff,8a7558255b47fff,8a7558255b5ffff,8a7558255b4ffff,8a7558246697fff,8a7558246687fff",0,0
-57680160#1,57392486,"-57680160#1,-57680160#0,57680112#1,57680087#0,57680087#1,57680087#2,1116499328#0,1116499328#1,1116499329,1116499330#0,1116499330#1,57680180#0,57680180#1,57680180#2,57680180#3,174907152#0,174907152#1,174907152#2,-57392486",2.051140456182473,1300.6513373244109,28.93642105263158,4.583726362733824,19.98,0.0,0.0,0.0,0.1084795623690823,0.0,0.0,0.0,0.8915204376309176,1.5376911110661138,13.839219999595024,0.7688455555330569,0.0,46.73307173542717,1.5376911110661138,0.0,1.313220547438381,67.88200336946494,14.60806555512808,"8a75582464b7fff,8a755824648ffff,8a75582464f7fff,8a75582464c7fff,8a75582464cffff,8a7558246797fff,8a755824679ffff,8a75582466b7fff,8a7558246697fff,8a7558246687fff",1,1
-57680160#1,57392486,"-57680160#1,-57680160#0,57680112#1,57680087#0,57680087#1,57680087#2,1116499328#0,1116499328#1,1116499329,1116499330#0,1116499330#1,57680180#0,57680171#0,57680171#1,57680171#2,22561499#2,174907152#0,174907152#1,174907152#2,-57392486",2.083013205282113,1341.2426351048653,28.989,4.46766381904458,19.98,0.0,0.0,0.0,0.1271034959042189,0.0,0.0,0.0,0.8728965040957809,1.4911545067635208,13.420390560871686,0.7455772533817604,0.0,47.91882014774573,1.4911545067635208,0.0,1.3542041106445952,67.26315285083042,14.911545067635206,"8a75582464b7fff,8a755824648ffff,8a75582464f7fff,8a75582464c7fff,8a75582464cffff,8a7558246797fff,8a755824679ffff,8a7558255b6ffff,8a7558255b4ffff,8a7558246697fff,8a7558246687fff",3,3
-57680164,1116499317#2,"57680125#2,57680127,227218689,-154901400#1,-154901400#0,-227218424,-227218423,-57680175,-57680125#0,-125835961,-125835958,-55682704#2,-55682704#1,-55682704#0,-849128758#0,-55682703,55682343#1,55682342#1,55682342#2,1116499323#0,1116499323#1,1264978470#0,1264978470#1,57680111,57680112#1,57680087#0,57680087#1,57680087#2,1116499328#0,1116499328#1,1116499329,1116499330#0,1116499330#1,57680180#0,57680180#1,57680180#2,57680180#3,174907152#0,174907152#1,174907152#2,1116499317#0,1116499317#1,1116499317#2",7.365491105514567,5067.844196635814,38.59451162790698,16.270293959899075,50.004000000000005,0.4096290530672528,0.0,0.0,0.3661538547888728,0.0,0.0,0.2469728602708367,0.3868732849402905,0.7892902474498563,7.300934788911171,0.5919676855873922,0.0,79.4123292819336,1.1839353711747844,0.5919676855873922,2.566688846078744,144.06940863734218,8.484870160085954,"8a7558273327fff,8a7558246d37fff,8a7558246d27fff,8a7558273a0ffff,8a7558273aaffff,8a7558273a87fff,8a7558273337fff,8a755827305ffff,8a75582733b7fff,8a75582730d7fff,8a7558273767fff,8a7558273667fff,8a7558255937fff,8a755825595ffff,8a7558255867fff,8a7558255b07fff,8a755824648ffff,8a75582464f7fff,8a75582464c7fff,8a75582464cffff,8a7558246797fff,8a755824679ffff,8a75582466b7fff,8a7558246697fff,8a7558246687fff,8a75582466a7fff",1,1
-57680164,1116499317#2,"-57680164,-57680125#1,-57680125#0,-57680135,-57680114#3,-57680114#2,-57680114#1,-57680114#0,-1264978471,-57680145#1,-57680145#0,-1116499324#2,-1116499324#1,-1116499324#0,57680087#0,57680087#1,57680087#2,1116499328#0,1116499328#1,1116499329,1116499330#0,1116499330#1,57680180#0,57680171#0,57680171#1,57680171#2,22561499#2,174907152#0,174907152#1,174907152#2,1116499317#0,1116499317#1,1116499317#2",4.833358998646605,3177.3066336267148,38.47527272727272,16.980729650240168,50.004000000000005,0.2342572398145515,0.0,0.0,0.0536544461819933,0.0,0.0,0.236426745130362,0.7099188086876445,0.6294639550470814,5.9799075729472735,0.6294639550470814,0.0,63.26912491131885,0.6294639550470814,0.6294639550470814,1.659398436185718,143.05274678225834,10.386155258276844,"8a7558246d37fff,8a7558273327fff,8a7558273337fff,8a75582733affff,8a755827338ffff,8a75582732f7fff,8a7558255967fff,8a75582464affff,8a75582464f7fff,8a75582464c7fff,8a75582464cffff,8a7558246797fff,8a755824679ffff,8a7558255b6ffff,8a7558255b4ffff,8a7558246697fff,8a7558246687fff,8a75582466a7fff",2,2
-57680164,1116499317#2,"57680125#2,57680127,227218689,-154901400#1,-154901400#0,-227218424,-227218423,-57680175,-57680125#0,-57680135,-57680114#3,-57680114#2,-57680114#1,-57680114#0,-1264978471,-57680145#1,-57680145#0,-1116499324#2,-1116499324#1,-1116499324#0,-57680112#1,-57680112#0,1116499322,1116499321#0,22561654#0,22561654#3,22561654#4,22561654#5,22561499#0,22561499#1,22561499#2,174907152#0,174907152#1,174907152#2,1116499317#0,1116499317#1,1116499317#2",6.158765717961916,4170.632400721036,41.88356756756757,18.68690447663601,50.004000000000005,0.3578055125613577,0.0,0.0,0.1637799933716542,0.0,0.0,0.3350551310019089,0.501164875626437,0.4795435818448616,5.035207609371047,0.7193153727672924,0.2397717909224308,71.82779575266952,0.9590871636897232,0.7193153727672924,2.11228191883472,148.3557072703348,8.871556264129941,"8a7558273327fff,8a7558246d37fff,8a7558246d27fff,8a7558273a0ffff,8a7558273aaffff,8a7558273a87fff,8a7558273337fff,8a75582733affff,8a755827338ffff,8a75582732f7fff,8a7558255967fff,8a75582464affff,8a75582464f7fff,8a755824648ffff,8a7558255b07fff,8a7558255b2ffff,8a7558255b77fff,8a7558255b47fff,8a7558255b5ffff,8a7558255b4ffff,8a7558246697fff,8a7558246687fff,8a75582466a7fff",3,3
-57680166#1,-39353757#3,"-57680166#1,-57680146,-57680097#0,-1238123695#0,-174375409,57680120#0,57680120#1,1238123694,563272697,563271328,174375401,1238123690,174375405,561133138,-174375407#4,-174375407#3,-174375407#2,-174375407#1,-174375407#0,-563297843,-174907149,-39353757#19,174375411#0,174375411#1,39353757#0,39353757#1,39353757#2,39353757#3",3.848726141481345,2177.96749303312,35.353285714285725,10.711828895464786,29.988000000000007,0.0847934151025184,0.0,0.0,0.0144618303383208,0.0484587996057094,0.5452546084262484,0.0,0.3918247616297212,0.9182873511186912,8.26458616006822,1.3774310266780367,0.0,101.88460141421082,1.8365747022373824,0.9182873511186912,4.880772169232457,108.74328066466538,12.856022915661676,"8a755824629ffff,8a755824666ffff,8a755824664ffff,8a7558246647fff,8a755824665ffff,8a75582429a7fff,8a75582429affff,8a755824291ffff,8a755824296ffff,8a75582404f7fff,8a75582404affff,8a7558240597fff",0,0
-57680166#1,-39353757#3,"-57680166#1,-57680146,-57680097#0,-1238123695#0,-174375409,57680120#0,57680120#1,1238123694,563272697,563271328,174375401,1238123690,174375405,561133138,-174375407#4,-174375407#3,-174375407#2,-174375407#1,-174375407#0,-563297843,-174907149,-39353757#19,-39353757#18,57680181#0,57680181#1,39353757#1,39353757#2,39353757#3",3.901907413990348,2207.705572542068,35.353285714285725,10.711828895464786,29.988000000000007,0.0836512368376647,0.0,0.0,0.0142670276138113,0.0478060533095068,0.5379099583516781,0.0,0.4000169607250036,0.9059179017685292,8.153261115916763,1.358876852652794,0.0,100.38312471764272,1.8118358035370583,0.9059179017685292,4.947414481984133,110.49723668011488,12.682850624759409,"8a755824629ffff,8a755824666ffff,8a755824664ffff,8a7558246647fff,8a755824665ffff,8a75582429a7fff,8a75582429affff,8a755824291ffff,8a755824296ffff,8a75582404f7fff,8a75582404e7fff,8a7558240417fff,8a7558240597fff",1,1
-57680166#1,-39353757#3,"-57680166#1,-57680146,-57680097#0,-1238123695#0,-174375409,57680120#0,57680120#1,1238123694,563272697,561133136,561133138,-174375407#4,-174375407#3,-174375407#2,-174375407#1,-174375407#0,-563297843,-174907149,-39353757#19,174375411#0,174375411#1,39353757#0,39353757#1,39353757#2,39353757#3",3.824092112203688,2120.234434668185,33.595200000000006,9.951688700919057,29.988000000000007,0.0598727392008801,0.0,0.0,0.0,0.0187355702751563,0.5787704508321099,0.0,0.4024939788927337,0.0,7.546335319520451,0.9432919149400564,0.0,104.08358730971514,0.9432919149400564,0.9432919149400564,4.75139378988859,113.2707094007894,11.791148936750703,"8a755824629ffff,8a755824666ffff,8a755824664ffff,8a7558246647fff,8a755824665ffff,8a75582429a7fff,8a75582429affff,8a755824291ffff,8a755824296ffff,8a75582404f7fff,8a75582404affff,8a7558240597fff",2,2
-57680166#1,-39353757#3,"-57680166#1,-57680146,-57680097#0,-1238123695#0,-174375409,57680120#0,57680120#1,1238123694,563272697,563271328,174375401,1238123690,174375405,561133138,-174375407#4,-174375407#3,-174375407#2,-174375407#1,-174375407#0,-563297843,-174907149,-39353757#19,-39353757#18,-39353757#17,39389916#0,39389916#1,1123308756,-39353757#3",4.031519258728244,2281.77865524354,35.353285714285725,10.711828895464786,29.988000000000007,0.0809356776531147,0.0,0.0,0.0138038789583037,0.0462541316398529,0.5204478575736882,0.0,0.419494131828155,0.8765092071503031,7.888582864352728,1.314763810725455,0.0,87.45014394189393,1.7530184143006062,0.8765092071503031,4.891938945287747,110.67763395862828,12.271128900104245,"8a755824629ffff,8a755824666ffff,8a755824664ffff,8a7558246647fff,8a755824665ffff,8a75582429a7fff,8a75582429affff,8a755824291ffff,8a755824296ffff,8a75582404f7fff,8a75582404e7fff,8a755824040ffff,8a7558240417fff,8a7558240597fff",3,3
-57680166#1,-39353757#3,"-57680166#1,-57680146,-57680097#0,-1238123695#0,-174375409,57680120#0,57680120#1,1238123694,563272697,561133136,561133138,-174375407#4,-174375407#3,-174375407#2,-174375407#1,-174375407#0,-563297843,-174907149,-39353757#19,-39353757#18,57680181#0,57680181#1,39353757#1,39353757#2,39353757#3",3.877273384712691,2149.972514177133,33.595200000000006,9.951688700919057,29.988000000000007,0.0590445889491753,0.0,0.0,0.0,0.0184764228326592,0.5707649895665445,0.0,0.4107585876007963,0.0,7.441955603848144,0.930244450481018,0.0,102.41309824319772,0.930244450481018,0.930244450481018,4.818036102640267,115.08819426330771,11.628055631012725,"8a755824629ffff,8a755824666ffff,8a755824664ffff,8a7558246647fff,8a755824665ffff,8a75582429a7fff,8a75582429affff,8a755824291ffff,8a755824296ffff,8a75582404f7fff,8a75582404e7fff,8a7558240417fff,8a7558240597fff",4,4
-57680175,-174375407#3,"57680175,227218423,227218424,154901400#0,154901400#1,-227218688,-57680127,-57680164,-57680125#1,-57680125#0,-125835961,-125835958,-55682704#2,-55682704#1,-55682704#0,-849128758#0,-55682703,55682343#1,55682342#1,55682342#2,1116499323#0,1116499323#1,1264978470#0,1264978470#1,1116499322,1116499321#0,22561654#0,22561654#3,22561654#4,22561654#5,22561499#0,22561499#1,22561499#2,174907152#0,174907152#1,174907152#2,-57392486,1163710302,57392474,57392457#1,22561652#1,22561652#2,22561652#3,22561652#4,22561652#5,22561652#6,125835948,563369678,1238123690,174375405,561133138,-174375407#4,-174375407#3",8.688008616936726,5699.087583488109,36.97335849056604,16.93690590112694,69.98400000000001,0.3882365045677367,0.0,0.0,0.4801224637571076,0.0049633854525803,0.0527176889704228,0.2114609873517512,0.2507354744681378,0.7018667359296508,5.439467203454793,0.7018667359296508,0.1754666839824127,68.76270829609504,1.228266787876889,0.1754666839824127,2.1604706967177183,134.32213973409543,9.299734251067871,"8a7558273337fff,8a7558273a87fff,8a7558273aaffff,8a7558273a0ffff,8a7558246d27fff,8a7558246d37fff,8a7558273327fff,8a755827305ffff,8a75582733b7fff,8a75582730d7fff,8a7558273767fff,8a7558273667fff,8a7558255937fff,8a755825595ffff,8a7558255867fff,8a7558255b07fff,8a7558255b2ffff,8a7558255b77fff,8a7558255b47fff,8a7558255b5ffff,8a7558255b4ffff,8a7558246697fff,8a7558246687fff,8a755824668ffff,8a75582466f7fff,8a75582466c7fff,8a75582466effff,8a755824665ffff,8a75582429a7fff,8a75582429affff",0,0
-57680175,-174375407#3,"-57680175,-57680125#0,-57680135,-57680114#3,-57680114#2,-57680114#1,-57680114#0,-1264978471,-57680145#1,-57680145#0,-1116499324#2,-1116499324#1,-1116499324#0,57680087#0,57680087#1,57680087#2,1116499328#0,1116499328#1,1116499329,1116499330#0,1116499330#1,57680180#0,57680180#1,57680180#2,57680180#3,174907152#0,174907152#1,174907152#2,174907151#0,174907151#2,174907151#5,22561652#1,22561652#2,22561652#3,22561652#4,22561652#5,22561652#6,125835948,563369678,1238123690,174375405,561133138,-174375407#4,-174375407#3",4.617407996215394,3405.6189016744515,38.17309090909092,15.446013056461547,50.004000000000005,0.2586797673935929,0.0,0.0,0.1840296784287905,0.0083059112665126,0.0882197143355662,0.2069271391703211,0.5125175567988095,0.5872647697065146,3.817221003092345,0.8808971545597719,0.5872647697065146,45.42269135190053,0.8808971545597719,0.5872647697065146,1.2220523181203011,97.76668593761346,12.91982493354332,"8a7558273a87fff,8a7558273337fff,8a75582733affff,8a755827338ffff,8a75582732f7fff,8a7558255967fff,8a75582464affff,8a75582464f7fff,8a75582464c7fff,8a75582464cffff,8a7558246797fff,8a755824679ffff,8a75582466b7fff,8a7558246697fff,8a7558246687fff,8a75582466affff,8a75582466f7fff,8a75582466c7fff,8a75582466effff,8a755824665ffff,8a75582429a7fff,8a75582429affff",2,2
-57680175,-174375407#3,"-57680175,57680125#1,57680125#2,57680127,227218689,154901400#2,154901400#3,154901400#4,154901400#5,23030923#2,23030922#1,41231752,561133140#1,79119284#2,79119284#3,-79119286#3,-79119286#2,-79119286#1,-79119286#0,-41231753#2,-41231753#1,-41231753#0,1020078542,-1157449878#0,1020078539,1020078540,1020078536,-79116557#3,-79116557#2,-79116557#1,-79116557#0,79116530#3,79116530#0,-561134628#1,-561134628#0,-1034110351#0,-23881168#1,-23881168#0,1259750653,145622122#0,145622122#1,145622122#2,563298888,979838980#0,979838980#1,979838980#2,979838980#3,979838980#4,979838980#5,979838980#6,57680170#0,57680170#1,57680132#0,57680132#1,174375408#0,174375408#1,-174375409,57680120#0,57680120#1,1238123694,563272697,561133136,561133138,-174375407#4,-174375407#3",10.093107952164935,8737.938149322408,45.53113846153846,16.680747997201863,50.004000000000005,0.6694917152577516,0.0,0.0,0.0,0.1902523853751213,0.2512087879134601,0.2144611487464569,0.3440776779649614,0.0,4.692182446173458,0.4577738971876545,0.0,81.59206416425482,0.915547794375309,0.1144434742969136,3.135470491346248,243.9937104185044,7.438825829299385,"8a7558273a87fff,8a7558273337fff,8a7558273327fff,8a7558246d37fff,8a7558246d27fff,8a75582712e7fff,8a7558271257fff,8a7558244c87fff,8a7558244c27fff,8a75582440c7fff,8a7558244767fff,8a7558244627fff,8a755824471ffff,8a7558244637fff,8a75582447affff,8a755824478ffff,8a75582446a7fff,8a7558244687fff,8a75582446b7fff,8a755824469ffff,8a7558240d27fff,8a7558240d77fff,8a7558240d57fff,8a7558240d47fff,8a7558240c67fff,8a7558240c07fff,8a7558240c37fff,8a7558240c17fff,8a7558240cb7fff,8a755824634ffff,8a7558246277fff,8a75582462e7fff,8a75582462c7fff,8a75582462d7fff,8a7558242927fff,8a7558242937fff,8a755824664ffff,8a7558246647fff,8a755824665ffff,8a75582429a7fff,8a75582429affff",3,3
-57680175,-174375407#3,"-57680175,57680125#1,57680125#2,57680127,227218689,154901400#2,154901400#3,154901400#4,154901400#5,23030923#2,23030922#1,41231752,561133140#1,79119284#2,41231513#0,41231513#1,41231513#2,41231513#3,41231513#4,-41231515#6,-41231515#5,-1020092139#1,-1020092139#0,-1020092142,-1020092143,41273131,-1020092138,-41273130,-41231515#0,-1157449878#1,-1157449878#0,1020078539,-79116557#4,-79116557#3,-79116557#2,-79116557#1,-79116557#0,79116530#3,-979842178#5,-979842178#4,-979842178#3,-979842178#2,870315479#0,870315479#1,870315480,-979842178#0,-226068307,213840997,1157449881,979838980#0,979838980#1,979838980#2,979838980#3,979838980#4,979838980#5,979838980#6,57680170#0,57680170#1,57680132#0,57680132#1,174375406,1238123693,1238123694,563272697,563271328,174375401,1238123690,174375405,561133138,-174375407#4,-174375407#3",12.06828814469898,9501.702308402004,40.55476056338028,15.666888564708502,50.004000000000005,0.5403301340721967,0.0,0.0,0.0033149214050592,0.1439994400680563,0.2268503636873858,0.1962326894869988,0.4296025853524997,0.2104885982621739,2.841596076539348,0.4209771965243478,0.0,93.19735911911133,0.8419543930486957,0.1052442991310869,3.409535143924232,234.31438962333849,7.472345238307174,"8a7558273a87fff,8a7558273337fff,8a7558273327fff,8a7558246d37fff,8a7558246d27fff,8a75582712e7fff,8a7558271257fff,8a7558244c87fff,8a7558244c27fff,8a75582440c7fff,8a7558244767fff,8a7558244627fff,8a755824471ffff,8a7558244717fff,8a7558244707fff,8a755824409ffff,8a7558244097fff,8a7558244467fff,8a7558244477fff,8a75582447b7fff,8a75582447a7fff,8a7558244787fff,8a75582446b7fff,8a755824469ffff,8a7558240d27fff,8a7558240d77fff,8a7558240d57fff,8a7558240c27fff,8a7558240c37fff,8a7558240c17fff,8a7558240cb7fff,8a755824634ffff,8a7558246277fff,8a75582462e7fff,8a75582462c7fff,8a75582462d7fff,8a7558242927fff,8a7558242937fff,8a755824664ffff,8a755824665ffff,8a75582429a7fff,8a75582429affff",4,4
-57680180#1,-39353757#6,"57680180#1,57680180#2,57680180#3,174907152#0,174907152#1,174907152#2,-57392486,1163710302,57392474,57392457#1,22561652#1,22561652#2,22561652#3,22561652#4,22561652#5,22561652#6,125835948,563369678,1238123690,174375405,561133138,-174375407#4,-174375407#3,-174375407#2,-174375407#1,-174375407#0,-563297843,57680093,39353757#0,39353757#1,39353757#2,39353757#3,39353757#4,57680150#0,57680150#1,-39353757#15,-39353757#14,-39353757#13,174375412,49188792#1,-39353757#7,-39353757#6",5.434357775771868,2838.60207411812,30.468000000000004,9.35782713991276,39.99600000000001,0.0574810825153694,0.0,0.0,0.1690167554122612,0.0099650347834168,0.2710415454343796,0.0,0.5499766643699424,1.4091443237047223,12.6822989133425,1.4091443237047223,0.0,78.91220979940093,2.113716485557084,0.7045721618523613,2.3456493643665874,85.65349409307247,14.796015398899586,"8a755824679ffff,8a75582466b7fff,8a7558246697fff,8a7558246687fff,8a755824668ffff,8a75582466f7fff,8a75582466c7fff,8a75582466effff,8a755824665ffff,8a75582429a7fff,8a75582429affff,8a755824291ffff,8a755824296ffff,8a7558240597fff,8a75582405b7fff,8a7558240407fff,8a7558240437fff,8a755824051ffff,8a755824625ffff",0,0
-57680180#1,-39353757#6,"57680180#1,57680180#2,57680180#3,174907152#0,174907152#1,174907152#2,-57392486,1163710302,57392474,57392457#1,22561652#1,22561652#2,22561652#3,22561652#4,22561652#5,22561652#6,125835948,563369678,1238123690,174375405,561133138,-174375407#4,-174375407#3,-174375407#2,-174375407#1,-174375407#0,-563297843,-174907149,-39353757#19,-39353757#18,-39353757#17,39389916#0,39389916#1,1123308756,39353757#4,39353757#5,39353757#6",5.734087646121737,2939.644559260947,29.9918918918919,9.42715059985956,39.99600000000001,0.0464878050810567,0.0,0.0,0.1632072527144501,0.0096225131421935,0.4039763272868035,0.0,0.4231939068565528,1.360708724937016,12.246378524433144,1.360708724937016,0.0,75.4357336980308,2.041063087405524,0.680354362468508,2.3794416437394625,96.20310682478492,12.5865557056674,"8a755824679ffff,8a75582466b7fff,8a7558246697fff,8a7558246687fff,8a755824668ffff,8a75582466f7fff,8a75582466c7fff,8a75582466effff,8a755824665ffff,8a75582429a7fff,8a75582429affff,8a755824291ffff,8a755824296ffff,8a75582404f7fff,8a75582404e7fff,8a755824040ffff,8a7558240417fff,8a7558240597fff,8a75582405b7fff,8a755824625ffff",1,1
-57680180#1,-39353757#6,"57680180#1,57680180#2,57680180#3,174907152#0,174907152#1,174907152#2,174907151#0,174907151#2,174907151#5,22561652#1,22561652#2,22561652#3,22561652#4,22561652#5,22561652#6,125835948,563369678,1238123690,174375405,561133138,-174375407#4,-174375407#3,-174375407#2,-174375407#1,-174375407#0,-563297843,-174907149,-39353757#19,-39353757#18,-39353757#17,-39353757#16,-39353757#15,-39353757#14,49188792#0,49188792#1,-39353757#7,-39353757#6",4.711600017976954,2811.9372352175856,32.1518918918919,6.301038678855451,20.016000000000005,0.0485991015613608,0.0,0.0,0.2228836915265158,0.0100595305082182,0.4223233711285096,0.0,0.3447334068367559,0.711253428757716,6.401280858819444,1.066880143136574,0.711253428757716,73.75946719639103,1.422506857515432,0.711253428757716,2.3236151514741703,93.51588891247096,13.158188432017743,"8a755824679ffff,8a75582466b7fff,8a7558246697fff,8a7558246687fff,8a75582466affff,8a75582466f7fff,8a75582466c7fff,8a75582466effff,8a755824665ffff,8a75582429a7fff,8a75582429affff,8a755824291ffff,8a755824296ffff,8a75582404f7fff,8a75582404e7fff,8a755824040ffff,8a7558240407fff,8a7558240437fff,8a755824051ffff,8a755824625ffff,8a75582405b7fff",2,2
-57680180#1,-39353757#6,"-57680180#1,57680171#0,57680171#1,57680171#2,22561499#2,174907152#0,174907152#1,174907152#2,174907151#0,174907151#2,174907151#5,22561652#1,22561652#2,22561652#3,22561652#4,22561652#5,22561652#6,125835948,563369678,1238123690,174375405,561133138,-174375407#4,-174375407#3,-174375407#2,-174375407#1,-174375407#0,-563297843,-174907149,-39353757#19,-39353757#18,-39353757#17,-39353757#16,-57680150#1,-57680150#0,39353757#5,39353757#6",4.853596816696441,2912.916559318447,32.1518918918919,6.301038678855451,20.016000000000005,0.0469143624596258,0.0,0.0,0.2252441763692598,0.0097108062757158,0.4076830861426148,0.0,0.3573619312124094,0.6865970786571216,6.179373707914095,1.0298956179856824,0.6865970786571216,67.56510079067475,1.3731941573142432,0.6865970786571216,2.351372140375725,104.13576604154838,12.70204595515675,"8a75582466b7fff,8a755824679ffff,8a7558255b6ffff,8a7558255b4ffff,8a7558246697fff,8a7558246687fff,8a75582466affff,8a75582466f7fff,8a75582466c7fff,8a75582466effff,8a755824665ffff,8a75582429a7fff,8a75582429affff,8a755824291ffff,8a755824296ffff,8a75582404f7fff,8a75582404e7fff,8a755824040ffff,8a7558240407fff,8a75582405b7fff,8a755824625ffff",3,3
-57680180#1,-39353757#6,"-57680180#1,57680171#0,57680171#1,57680171#2,22561499#2,174907152#0,174907152#1,174907152#2,174907151#0,174907151#2,174907151#5,22561652#1,22561652#2,22561652#3,22561652#4,22561652#5,22561652#6,125835948,563369678,1238123690,174375405,561133138,-174375407#4,-174375407#3,-174375407#2,-174375407#1,-174375407#0,-563297843,-174907149,-39353757#19,174375411#0,174375411#1,39353757#0,39353757#1,39353757#2,1123308755,1123308756,39353757#4,57680150#0,57680150#1,-39353757#15,-39353757#14,-39353757#13,174375412,49188792#1,-39353757#7,-39353757#6",6.150865745866382,3677.974845602323,32.11736170212767,6.238197135131453,20.016000000000005,0.0443629787859415,0.0,0.0,0.178390967524035,0.0076908542315584,0.3228806238299308,0.0,0.4910375544144758,0.5437775090798562,4.893997581718706,0.8156662636197843,0.5437775090798562,86.27131791380783,1.0875550181597124,0.5437775090798562,3.0368154804214367,100.55381920738422,12.77877146337662,"8a75582466b7fff,8a755824679ffff,8a7558255b6ffff,8a7558255b4ffff,8a7558246697fff,8a7558246687fff,8a75582466affff,8a75582466f7fff,8a75582466c7fff,8a75582466effff,8a755824665ffff,8a75582429a7fff,8a75582429affff,8a755824291ffff,8a755824296ffff,8a75582404f7fff,8a75582404affff,8a7558240597fff,8a75582405b7fff,8a7558240407fff,8a7558240437fff,8a755824051ffff,8a755824625ffff",4,4
-79119285,-57680152#1,"-79119285,41231709#1,79119289#0,79119289#1,79119289#2,1020078536,-79116557#3,-79116557#2,-79116557#1,-79116557#0,79116530#3,79116530#0,-561134628#1,-561134628#0,-1034110351#0,-23881168#1,-23881168#0,1259750653,145622122#0,145622122#1,145622122#2,563298888,979838980#0,979838980#1,979838980#2,979838980#3,979838980#4,979838980#5,979838980#6,57680170#0,57680170#1,57680132#0,57680132#1,174375406,1238123693,1238123694,563272697,563271328,1238123691,-22561498,-22561652#6,-22561652#5,-22561652#4,-22561652#3,-22561652#2,-22561652#1,-22561652#0,-174907151#4,-174907151#1,1116499317#0,1116499317#1,1116499317#2,1116499317#3,1116499316#0,1116499316#1,1116499315#1,1116499315#2,628868117#0,628868117#1,563371197#1,563371197#2,-563282223,-1116499330#0,1116499332#0,1116499332#1,1116499332#2,1116499331#0,1116499331#1,57680152#1",4.985185439602656,4266.593661952007,39.559304347826085,16.306138085814723,49.96800000000001,0.4810085589205283,0.0,0.0,0.1025085588779751,0.4118507968137423,0.0,0.020673250686647,0.4084869939657183,0.4687580206747368,5.156338227422105,0.7031370310121052,0.4687580206747368,109.29259541373791,1.171895051686842,0.0,3.2098092532649534,71.4121699202467,16.17215171327842,"8a7558240d1ffff,8a7558240d07fff,8a7558240d37fff,8a755824469ffff,8a7558240d27fff,8a7558240d77fff,8a7558240d57fff,8a7558240d47fff,8a7558240c67fff,8a7558240c07fff,8a7558240c37fff,8a7558240c17fff,8a7558240cb7fff,8a755824634ffff,8a7558246277fff,8a75582462e7fff,8a75582462c7fff,8a75582462d7fff,8a7558242927fff,8a7558242937fff,8a755824664ffff,8a755824665ffff,8a75582466effff,8a75582466c7fff,8a75582466f7fff,8a75582466affff,8a7558246687fff,8a75582466a7fff,8a755824678ffff,8a755824679ffff,8a7558246797fff,8a75582467b7fff,8a7558246787fff,8a75582467affff,8a755824662ffff",0,0
-79119285,-57680152#1,"-79119285,41231709#1,-41231711#3,-41231711#2,-41231711#1,-41231711#0,41231719,1020092132,-41231514#4,-41231514#3,-41231514#2,-41231514#1,-41231514#0,870315480,-979842178#0,-226068307,213840997,1157449881,979838980#0,979838980#1,979838980#2,979838980#3,979838980#4,979838980#5,979838980#6,57680170#0,57680170#1,57680132#0,57680132#1,174375406,1238123693,1238123694,563272697,563271328,1238123691,-22561498,-22561652#6,-22561652#5,-22561652#4,-22561652#3,-22561652#2,-22561652#1,-22561652#0,-174907151#4,-174907151#1,-174907152#2,-174907152#1,-174907152#0,-57680180#3,-57680180#2,-57680180#1,-57680180#0,-563282223,-1116499330#0,1116499332#0,1116499332#1,1116499332#2,1116499331#0,1116499331#1,57680152#1",4.3104372364941135,3715.894826293784,38.32379999999999,13.922101213416394,39.99600000000001,0.3779942218307081,0.0,0.0,0.1556708363700557,0.3618225157332733,0.0,0.0,0.4825066478966708,0.5382283658428488,4.84405529258564,0.2691141829214244,0.5382283658428488,99.6020434448956,0.2691141829214244,0.0,2.795511956988258,62.18304696706237,16.146850975285467,"8a7558240d1ffff,8a7558240d07fff,8a7558240d17fff,8a7558246a4ffff,8a7558246a5ffff,8a7558240da7fff,8a7558240daffff,8a7558240c27fff,8a7558240c37fff,8a7558240c17fff,8a7558240cb7fff,8a755824634ffff,8a7558246277fff,8a75582462e7fff,8a75582462c7fff,8a75582462d7fff,8a7558242927fff,8a7558242937fff,8a755824664ffff,8a755824665ffff,8a75582466effff,8a75582466c7fff,8a75582466f7fff,8a75582466affff,8a7558246687fff,8a7558246697fff,8a75582466b7fff,8a755824679ffff,8a7558246797fff,8a75582467b7fff,8a7558246787fff,8a75582467affff,8a755824662ffff",2,2
-79119285,-57680152#1,"-79119285,41231709#1,-41231711#3,-41231711#2,-41231711#1,41231710,79119289#2,-41231514#8,-41231514#7,-41231514#6,-41231514#5,-41231514#4,1162803895,-41231514#2,-41231514#1,-41231514#0,870315480,979842178#1,979842178#2,979842178#3,979842178#4,979842178#5,79116530#0,79116530#1,79116549#0,-41231508#0,79119287#0,79119287#1,79119287#2,79116549#5,79116549#6,79119284#1,-561133140#1,-561133140#0,-227385933,-23030922#0,-154901400#5,-154901400#4,-154901400#3,-154901400#2,-154901400#1,-154901400#0,-227218424,-227218423,-57680175,-57680125#0,-57680135,-57680114#3,-57680114#2,-57680114#1,-57680114#0,-1264978471,-57680145#1,-57680145#0,-1116499324#2,-1116499324#1,-1116499324#0,57680087#0,57680087#1,57680087#2,1116499328#0,1116499328#1,1116499329,1116499332#0,1116499332#1,1116499332#2,1116499331#0,1116499331#1,57680152#1",11.994652019191117,9624.01146591086,38.54191304347825,15.9326674345686,50.004000000000005,0.543469461263922,0.0,0.0,0.0,0.0,0.1927493441003683,0.3350247807696068,0.4722258751300248,0.0,1.8703219612484527,0.4156271024996563,0.0,93.49249609462878,0.5195338781245703,0.3117203268747422,7.240258506987902,235.9638801555757,7.169567518119071,"8a7558240d1ffff,8a7558240d07fff,8a7558240d17fff,8a7558246a4ffff,8a7558240d37fff,8a755824469ffff,8a7558246a6ffff,8a7558246a5ffff,8a7558240da7fff,8a7558240daffff,8a7558240c27fff,8a7558240d57fff,8a7558240d77fff,8a7558240d67fff,8a7558240d47fff,8a7558240997fff,8a75582446cffff,8a755824460ffff,8a7558244627fff,8a755824471ffff,8a7558244767fff,8a75582440c7fff,8a7558244c27fff,8a7558244c87fff,8a7558271257fff,8a75582712e7fff,8a7558246d27fff,8a7558273a0ffff,8a7558273aaffff,8a7558273a87fff,8a7558273337fff,8a75582733affff,8a755827338ffff,8a75582732f7fff,8a7558255967fff,8a75582464affff,8a75582464f7fff,8a75582464c7fff,8a75582464cffff,8a7558246797fff,8a75582467b7fff,8a7558246787fff,8a75582467affff,8a755824662ffff",3,3
-79119285,-57680152#1,"-79119285,41231709#1,79119289#0,79119289#1,79119289#2,-41231514#8,-41231514#7,-41231514#6,-41231514#5,-41231514#4,1162803895,-41231514#2,-41231514#1,-41231514#0,870315480,979842178#1,979842178#2,979842178#3,41231717,979842178#5,79116530#0,79116530#1,79116549#0,79116549#1,79116549#2,41231358#1,41231357#1,79119291#1,79116549#4,79116549#5,79116549#6,79119284#1,-561133140#1,-561133140#0,-227385933,-23030922#0,-154901400#5,-154901400#4,-154901400#3,-154901400#2,-227218688,-57680127,-57680164,-57680125#1,-57680125#0,-125835961,-125835958,-55682704#2,-55682704#1,-55682704#0,-849128758#0,-55682703,55682343#1,55682342#1,55682342#2,1116499323#0,1116499323#1,1264978470#0,1264978470#1,57680111,57680112#1,57680087#0,57680087#1,57680087#2,1116499328#0,1116499328#1,1116499329,1116499332#0,1116499332#1,1116499332#2,1116499331#0,1116499331#1,57680152#1",13.607881183400025,10466.940671270131,36.2909589041096,14.291134423945769,50.004000000000005,0.4887206397365573,0.0,0.0,0.1638030303263251,0.0,0.1772267519161968,0.2323810824416002,0.4265891353158776,0.1910778003633516,3.2483226061769783,0.3821556007267033,0.0,97.18771292747395,0.6687723012717308,0.2866167005450274,7.87440419265219,235.42452359658844,6.974339713262336,"8a7558240d1ffff,8a7558240d07fff,8a7558240d37fff,8a755824469ffff,8a7558246a6ffff,8a7558246a4ffff,8a7558246a5ffff,8a7558240da7fff,8a7558240daffff,8a7558240c27fff,8a7558240d57fff,8a7558240d77fff,8a7558240d67fff,8a75582446c7fff,8a75582446e7fff,8a755824461ffff,8a755824460ffff,8a7558244627fff,8a755824471ffff,8a7558244767fff,8a75582440c7fff,8a7558244c27fff,8a7558244c87fff,8a7558271257fff,8a75582712e7fff,8a7558246d27fff,8a7558246d37fff,8a7558273327fff,8a7558273337fff,8a755827305ffff,8a75582733b7fff,8a75582730d7fff,8a7558273767fff,8a7558273667fff,8a7558255937fff,8a755825595ffff,8a7558255867fff,8a7558255b07fff,8a755824648ffff,8a75582464f7fff,8a75582464c7fff,8a75582464cffff,8a7558246797fff,8a75582467b7fff,8a7558246787fff,8a75582467affff,8a755824662ffff",4,4
-904395706#1,-1264978470#1,"904395706#1,-39353757#19,174375411#0,174375411#1,57680128,174375407#0,174375407#1,174375407#2,174375407#3,174375407#4,174375402,174375403,561133137,563273548,174375406,1238123693,1238123694,563272697,563271328,1238123691,-22561498,-22561652#6,-22561652#5,-22561652#4,-22561652#3,-22561652#2,-22561652#1,-22561652#0,-174907151#4,-174907151#1,-174907152#2,-174907152#1,-174907152#0,-57680180#3,-57680180#2,-57680180#1,57680171#0,57680171#1,57680171#2,-22561499#1,-22561499#0,-22561654#5,-22561654#4,-22561654#3,-22561654#2,-1116499321#1,-1116499322,-1264978470#1",4.6362185478943205,3167.697812233846,34.575,8.501683818202185,20.016000000000005,0.0982108448660842,0.0,0.0,0.4337444781144442,0.0601944388018234,0.2630396582654297,0.0,0.2430214248183025,0.9470600347084288,10.73334706002886,0.6313733564722859,0.9470600347084288,122.15171862430736,1.578433391180715,0.0,1.30841163457059,78.18192732993278,15.15296055533486,"8a75582404c7fff,8a75582404f7fff,8a75582404affff,8a755824296ffff,8a755824291ffff,8a75582429affff,8a75582429a7fff,8a755824665ffff,8a755824664ffff,8a75582466effff,8a75582466c7fff,8a75582466f7fff,8a75582466affff,8a7558246687fff,8a7558246697fff,8a75582466b7fff,8a755824679ffff,8a7558255b6ffff,8a7558255b4ffff,8a7558255b5ffff,8a7558255b47fff,8a7558255b77fff,8a7558255b2ffff,8a7558255b07fff,8a7558255867fff",0,0
-904395706#1,-1264978470#1,"904395706#1,-39353757#19,-39353757#18,57680181#0,57680181#1,-39353757#0,57680128,174375407#0,174375407#1,174375407#2,174375407#3,174375407#4,174375402,174375403,563272698,563272697,563271328,1238123691,-22561498,-22561652#6,-22561652#5,-22561652#4,-22561652#3,-22561652#2,-22561652#1,-22561652#0,-174907151#4,-174907151#1,-57392486,1004094803#0,1004094803#1,1004094802,57392452,-24580169#1,-24580169#0,-22561654#5,-22561654#4,-22561654#3,-22561654#2,-1116499321#1,-1116499322,-1264978470#1",5.822053082204236,3088.2631735880223,30.94542857142857,10.77710273103404,39.99600000000001,0.0696762893056168,0.0,0.0,0.3820184301134798,0.0428863108456548,0.2778812782979528,0.0,0.2972139807429125,0.9714198018022292,11.009424420425264,0.6476132012014861,0.9714198018022292,128.2606115454156,1.9428396036044584,0.323806600600743,1.2756013062019211,82.22603975156582,13.599877225231207,"8a75582404c7fff,8a75582404f7fff,8a75582404e7fff,8a7558240417fff,8a7558240597fff,8a755824296ffff,8a755824291ffff,8a75582429affff,8a75582429a7fff,8a755824665ffff,8a75582466effff,8a75582466c7fff,8a75582466f7fff,8a75582466affff,8a7558246687fff,8a7558246697fff,8a7558255a67fff,8a7558255b4ffff,8a7558255b5ffff,8a7558255b47fff,8a7558255b77fff,8a7558255b2ffff,8a7558255b07fff,8a7558255867fff",1,1
-904395706#1,-1264978470#1,"904395706#1,174907149,563297843,174375407#0,174375407#1,174375407#2,174375407#3,174375407#4,174375402,174375403,563272698,563272697,563271328,1238123691,-22561498,-22561652#6,-22561652#5,-22561652#4,-22561652#3,-22561652#2,-22561652#1,-22561652#0,-174907151#4,-174907151#1,-174907152#2,-174907152#1,-174907152#0,-22561653,-22561499#1,-22561499#0,-22561654#5,-22561654#4,-22561654#3,-22561654#2,-1116499321#1,-1116499322,-1264978470#1",4.134596588815511,2758.880978538549,33.77481081081082,7.947578519544448,20.016000000000005,0.0779949262069243,0.0,0.0,0.5086678204744196,0.0253051379092255,0.466027041616355,0.0,0.0,0.3624657996408841,0.7249315992817683,0.0,1.0873973989226524,124.636476821803,0.3624657996408841,0.0,1.1395506088914935,97.98503586431022,13.411234586712713,"8a75582404c7fff,8a75582404f7fff,8a755824296ffff,8a755824291ffff,8a75582429affff,8a75582429a7fff,8a755824665ffff,8a75582466effff,8a75582466c7fff,8a75582466f7fff,8a75582466affff,8a7558246687fff,8a7558246697fff,8a7558255b4ffff,8a7558255b5ffff,8a7558255b47fff,8a7558255b77fff,8a7558255b2ffff,8a7558255b07fff,8a7558255867fff",2,2
-904395706#1,-1264978470#1,"904395706#1,174907149,57680093,57680128,174375407#0,174375407#1,174375407#2,174375407#3,174375407#4,174375402,174375403,561133137,563273548,174375406,1238123693,1238123694,563272697,563271328,1238123691,-22561498,-22561652#6,-22561652#5,-22561652#4,-22561652#3,-22561652#2,-22561652#1,-22561652#0,-174907151#4,-174907151#1,-174907152#2,-174907152#1,-174907152#0,-57680180#3,-57680180#2,-57680180#1,-57680180#0,-563282223,-1116499330#0,-1116499329,-1116499328#1,-1116499328#0,-57680087#2,-57680087#1,-57680087#0,-57680112#1,-57680112#0,-1264978470#1",4.821592697554184,3224.367780857821,34.67259574468086,8.56637418012397,20.016000000000005,0.0964847373388546,0.0,0.0,0.2671475382980005,0.059136489712241,0.3881064303470602,0.0,0.2856095416426983,0.9304149538430974,10.544702810221771,0.6202766358953983,0.6202766358953983,117.97973204936142,1.5506915897384956,0.0,1.3318190587232337,88.93317864085803,14.57650094354186,"8a75582404c7fff,8a75582404f7fff,8a755824296ffff,8a755824291ffff,8a75582429affff,8a75582429a7fff,8a755824665ffff,8a755824664ffff,8a75582466effff,8a75582466c7fff,8a75582466f7fff,8a75582466affff,8a7558246687fff,8a7558246697fff,8a75582466b7fff,8a755824679ffff,8a7558246797fff,8a75582464cffff,8a75582464c7fff,8a75582464f7fff,8a755824648ffff,8a7558255b07fff,8a7558255867fff",3,3
-904395706#1,-1264978470#1,"904395706#1,-39353757#19,-39353757#18,-39353757#17,-39353757#16,-57680150#1,-57680150#0,-39353757#4,-39353757#3,-39353757#2,-39353757#1,-39353757#0,57680128,174375407#0,174375407#1,174375407#2,174375407#3,174375407#4,174375402,174375403,563272698,563272697,563271328,1238123691,-22561498,-22561652#6,-22561652#5,-22561652#4,-22561652#3,-22561652#2,-22561652#1,-22561652#0,-174907151#4,-174907151#1,-174907152#2,-174907152#1,-174907152#0,-22561653,-22561499#1,-22561499#0,-22561654#5,-22561654#4,-22561654#3,-22561654#2,-1116499321#1,-1116499322,-1264978470#1",4.8453208785314,3227.8176634283627,32.96910638297873,7.2032495904521925,20.016000000000005,0.0666638394023327,0.0,0.0,0.4347686643523082,0.0216288126891609,0.2658670990373239,0.0,0.277735423921207,0.3098068429732396,4.956909487571834,0.3098068429732396,0.9294205289197188,124.78362136722676,0.9294205289197188,0.0,1.3332440262424732,86.94264314770747,14.560921619742262,"8a75582404c7fff,8a75582404f7fff,8a75582404e7fff,8a755824040ffff,8a7558240407fff,8a75582405b7fff,8a7558240597fff,8a755824296ffff,8a755824291ffff,8a75582429affff,8a75582429a7fff,8a755824665ffff,8a75582466effff,8a75582466c7fff,8a75582466f7fff,8a75582466affff,8a7558246687fff,8a7558246697fff,8a7558255b4ffff,8a7558255b5ffff,8a7558255b47fff,8a7558255b77fff,8a7558255b2ffff,8a7558255b07fff,8a7558255867fff",4,4
-979838980#5,-174375407#2,"979838980#5,979838980#6,57680170#0,57680170#1,57680132#0,57680132#1,174375406,1238123693,1238123694,563272697,563271328,174375401,1238123690,174375405,561133138,-174375407#4,-174375407#3,-174375407#2",1.169378434674761,1058.1417439017262,47.776,11.660920435873182,39.99600000000001,0.6473576279443382,0.0,0.0,0.0297667080503613,0.6175909198939769,0.3526423720556617,0.0,0.0,1.89010594424271,2.835158916364065,1.89010594424271,0.0,71.00316994491452,2.835158916364065,0.945052972121355,2.378125069696103,56.19551777704684,17.01095349818439,"8a75582462e7fff,8a75582462c7fff,8a75582462d7fff,8a7558242927fff,8a7558242937fff,8a755824664ffff,8a755824665ffff,8a75582429a7fff,8a75582429affff,8a755824291ffff",1,1
-979838980#5,-174375407#2,"979838980#5,979838980#6,57680170#0,57680170#1,57680132#0,57680132#1,174375408#0,174375408#1,-174375409,57680120#0,57680120#1,1238123694,563272697,561133136,561133138,-174375407#4,-174375407#3,-174375407#2",1.1409047125725291,1011.9539705184576,47.776,11.660920435873182,39.99600000000001,0.6312622654670308,0.0,0.0,0.0,0.5286474756163972,0.4078523861840892,0.0,0.0635001381995134,0.0,16.79918306095517,1.976374477759432,0.0,95.74541188325324,1.976374477759432,0.9881872388797156,2.274320166024904,58.16937154234213,17.787370299834883,"8a75582462e7fff,8a75582462c7fff,8a75582462d7fff,8a7558242927fff,8a7558242937fff,8a755824664ffff,8a7558246647fff,8a755824665ffff,8a75582429a7fff,8a75582429affff,8a755824291ffff",2,2
-979838980#5,-174375407#2,"979838980#5,979838980#6,57680170#0,57680170#1,57680132#0,57680132#1,174375406,1238123693,1238123694,563272697,561133136,561133138,-174375407#4,-174375407#3,-174375407#2",1.1447444053971034,1000.4086855367914,47.330400000000026,12.799943553446967,39.99600000000001,0.6270068223763973,0.0,0.0,0.0,0.587440765407831,0.4125592345921688,0.0,0.0,0.0,0.9995914814188444,0.9995914814188444,0.0,62.22906011973602,0.9995914814188444,0.9995914814188444,2.248372667204522,58.68754442352096,14.993872221282665,"8a75582462e7fff,8a75582462c7fff,8a75582462d7fff,8a7558242927fff,8a7558242937fff,8a755824664ffff,8a755824665ffff,8a75582429a7fff,8a75582429affff,8a755824291ffff",3,3
-979838980#5,-22561651#1,"979838980#5,979838980#6,57680170#0,57680170#1,57680132#0,57680132#1,174375408#0,174375408#1,-174375409,57680120#0,57680120#1,1238123694,563272697,563271328,174375401,1238123690,174907150#0,174907150#1,174907150#2,174907150#3,174907150#4,174907150#5,22561651#0,22561651#1",2.050340102421436,2261.426389909646,53.334,7.606256006392543,19.980000000000004,1.0,0.0,0.0,0.7184267184585542,0.2531579339244774,0.0,0.0,0.0284153476169683,0.4421987841222435,7.517379330078139,0.4421987841222435,0.0,84.2966011705266,0.884397568244487,0.0,1.7865825279241978,185.7099261255605,10.612770818933845,"8a75582462e7fff,8a75582462c7fff,8a75582462d7fff,8a7558242927fff,8a7558242937fff,8a755824664ffff,8a7558246647fff,8a755824665ffff,8a75582429a7fff,8a7558242987fff,8a7558242817fff,8a755824282ffff,8a7558242a2ffff",1,1
-979838980#5,-22561651#1,"979838980#5,979838980#6,57680170#0,57680170#1,57680132#0,57680132#1,174375406,1238123693,1238123694,563272697,563271328,174375401,1238123690,174907150#0,174907150#1,174907150#2,174907150#3,174907150#4,174907150#5,22561651#0,22561651#1",2.05417979524601,2249.88110492798,53.80971428571429,8.039430683467938,19.980000000000004,1.0,0.0,0.0,0.7221133315799676,0.2778866684200324,0.0,0.0,0.0,0.444467931131859,0.444467931131859,0.0,0.0,58.365207769701705,0.444467931131859,0.0,1.7774614685254988,195.67749710740745,9.33382655376904,"8a75582462e7fff,8a75582462c7fff,8a75582462d7fff,8a7558242927fff,8a7558242937fff,8a755824664ffff,8a755824665ffff,8a75582429a7fff,8a7558242987fff,8a7558242817fff,8a755824282ffff,8a7558242a2ffff",3,3
-979838980#5,-57392538#7,"979838980#5,979838980#6,57680170#0,57680170#1,57680132#0,57680132#1,174375408#0,174375408#1,-174375409,57680120#0,57680120#1,1238123694,563272697,563271328,1238123691,-22561498,-22561652#6,-22561652#5,-22561652#4,-22561652#3,57392554#0,57392554#1,57392538#0,57392538#1,57392538#2,57392538#3,57392538#4,57392538#5,57392538#6,57392538#7",2.579992169009388,1921.4199134623668,41.9952,12.433461610259355,39.99600000000001,0.3650378421855126,0.0,0.0,0.0651142189926247,0.3003192582216404,0.0,0.3354483743619142,0.0334436093480859,1.0408968835948167,15.093004812124844,1.0408968835948167,0.0,85.81472186545555,1.561345325392225,0.5204484417974083,2.0585716356956376,85.47770827955291,15.61345325392225,"8a75582462e7fff,8a75582462c7fff,8a75582462d7fff,8a7558242927fff,8a7558242937fff,8a755824664ffff,8a7558246647fff,8a755824665ffff,8a75582466effff,8a75582466c7fff,8a7558242d47fff,8a7558242897fff,8a75582428f7fff,8a75582428c7fff,8a75582428effff,8a7558242bb7fff",1,1
-979838980#5,57680181#1,"979838980#5,979838980#6,57680170#0,57680170#1,57680132#0,57680132#1,174375408#0,174375408#1,-174375409,57680120#0,57680120#1,1238123694,563272697,561133136,561133138,-174375407#4,-174375407#3,-174375407#2,-174375407#1,-174375407#0,-563297843,57680093,39353757#0,39353757#1,39353757#2,1123308755,-39389916#1,-39389916#0,39353757#17,57680181#0,57680181#1",3.518395708971088,2514.156293499384,40.31651612903227,12.516678866938491,39.99600000000001,0.2540845840131517,0.0,0.0,0.0,0.2127818836632337,0.3217625420415042,0.0,0.4654555742952622,0.0,9.545945915158308,1.1932432393947885,0.0,106.76353744391672,1.1932432393947885,0.795495492929859,7.647021228635295,94.13696540681984,12.330180140412816,"8a75582462e7fff,8a75582462c7fff,8a75582462d7fff,8a7558242927fff,8a7558242937fff,8a755824664ffff,8a7558246647fff,8a755824665ffff,8a75582429a7fff,8a75582429affff,8a755824291ffff,8a755824296ffff,8a7558240597fff,8a7558240417fff,8a755824040ffff,8a75582404e7fff",0,0
-979838980#5,57680181#1,"979838980#5,979838980#6,57680170#0,57680170#1,57680132#0,57680132#1,174375406,1238123693,1238123694,563272697,563271328,174375401,1238123690,174375405,561133138,-174375407#4,-174375407#3,-174375407#2,-174375407#1,-174375407#0,-563297843,57680093,39353757#0,39353757#1,39353757#2,39353757#3,39353757#4,39353757#5,57680106,39353757#15,39353757#16,39353757#17,57680181#0,57680181#1",3.9668974422778014,2823.0356719177976,39.40517647058824,12.299068544358294,39.99600000000001,0.2426452262630327,0.0,0.0,0.0111572789107639,0.2314879473522688,0.272536086134378,0.0,0.4848186876025893,0.7084572185520145,3.5422860927600723,1.0626858278280218,0.0,105.19752958085289,1.416914437104029,0.7084572185520145,8.586504255191958,90.990457603138,12.043772715384248,"8a75582462e7fff,8a75582462c7fff,8a75582462d7fff,8a7558242927fff,8a7558242937fff,8a755824664ffff,8a755824665ffff,8a75582429a7fff,8a75582429affff,8a755824291ffff,8a755824296ffff,8a7558240597fff,8a75582405b7fff,8a7558240437fff,8a7558240407fff,8a755824040ffff,8a75582404e7fff,8a7558240417fff",1,1
-979838980#5,57680181#1,"979838980#5,979838980#6,57680170#0,57680170#1,57680132#0,57680132#1,174375406,1238123693,1238123694,563272697,561133136,561133138,-174375407#4,-174375407#3,-174375407#2,-174375407#1,-174375407#0,-563297843,57680093,39353757#0,39353757#1,39353757#2,1123308755,1123308756,39353757#4,57680150#0,57680150#1,39353757#16,39353757#17,57680181#0,57680181#1",3.8577896234843374,2714.257911558317,38.37948387096775,12.412621651289657,39.99600000000001,0.2310992880687768,0.0,0.0,0.0,0.2165162129397548,0.2980414339555391,0.0,0.4854423531047061,0.0,2.9473986115811,0.7368496528952749,0.0,103.06285185944894,0.7368496528952749,0.7368496528952749,8.25564740081774,100.4503792918351,11.421169619876762,"8a75582462e7fff,8a75582462c7fff,8a75582462d7fff,8a7558242927fff,8a7558242937fff,8a755824664ffff,8a755824665ffff,8a75582429a7fff,8a75582429affff,8a755824291ffff,8a755824296ffff,8a7558240597fff,8a75582405b7fff,8a7558240407fff,8a755824040ffff,8a75582404e7fff,8a7558240417fff",2,2
-979838980#5,57680181#1,"979838980#5,979838980#6,57680170#0,57680170#1,57680132#0,57680132#1,174375406,1238123693,1238123694,563272697,561133136,561133138,-174375407#4,-174375407#3,-174375407#2,-174375407#1,-174375407#0,-563297843,-174907149,-39353757#19,-39353757#18,57680181#0,57680181#1",3.27031463348834,2324.5769411420706,41.29826086956523,13.250928465642742,39.99600000000001,0.2698396684120922,0.0,0.0,0.0,0.2528119562537025,0.5278934923185538,0.0,0.2192945514277439,0.0,3.4414864306748134,0.8603716076687034,0.0,85.67330131254548,0.8603716076687034,0.8603716076687034,7.070399426826194,115.1291989300839,9.89427348819009,"8a75582462e7fff,8a75582462c7fff,8a75582462d7fff,8a7558242927fff,8a7558242937fff,8a755824664ffff,8a755824665ffff,8a75582429a7fff,8a75582429affff,8a755824291ffff,8a755824296ffff,8a75582404f7fff,8a75582404e7fff,8a7558240417fff,8a7558240597fff",3,3
-979838980#5,57680181#1,"979838980#5,979838980#6,57680170#0,57680170#1,57680132#0,57680132#1,174375408#0,174375408#1,-174375409,57680120#0,57680120#1,1238123694,563272697,561133136,561133138,-174375407#4,-174375407#3,-174375407#2,-174375407#1,-174375407#0,-563297843,-174907149,-39353757#19,174375411#0,174375411#1,39353757#0,39353757#1,39353757#2,39353757#3,39353757#4,39353757#5,57680106,39353757#15,39353757#16,39353757#17,57680181#0,57680181#1",5.553009554509305,3617.077542958738,38.64162162162163,12.060371192351312,39.99600000000001,0.1766089746185808,0.0,0.0,0.0,0.1479003160979995,0.3392598099013625,0.0,0.5128398740006381,0.0,6.63519090065407,0.8293988625817588,0.0,112.41741024520424,0.8293988625817588,0.5529325750545059,11.001650465463491,107.59604355162652,10.229252638508358,"8a75582462e7fff,8a75582462c7fff,8a75582462d7fff,8a7558242927fff,8a7558242937fff,8a755824664ffff,8a7558246647fff,8a755824665ffff,8a75582429a7fff,8a75582429affff,8a755824291ffff,8a755824296ffff,8a75582404f7fff,8a75582404affff,8a7558240597fff,8a75582405b7fff,8a7558240437fff,8a7558240407fff,8a755824040ffff,8a75582404e7fff,8a7558240417fff",4,4
-979842178#3,-561133140#1,"979842178#3,41231717,979842178#5,79116530#0,79116530#1,79116549#0,41231508#1,79119292,41231358#0,41231358#1,79119291#0,79119291#1,79119291#2,41231511#0,41231511#1,41231511#2,41231511#3,79119286#2,79119286#3,79119284#4,79119284#5,79119284#1,-561133140#1",2.1264305722288905,1356.728597081261,29.988000000000007,7.265119821590034e-15,0.0,0.0,0.0,0.0,0.0,0.0,0.0,0.0138268476435032,0.9861731523564968,0.0,1.4741341815176694,0.7370670907588347,0.0,93.5301452599072,1.4741341815176694,0.0,1.5844809000786917,57.4451556541401,16.952543087453197,"8a7558240c27fff,8a7558240d57fff,8a7558240d77fff,8a7558240d67fff,8a75582446dffff,8a75582446c7fff,8a75582446e7fff,8a755824461ffff,8a7558244617fff,8a7558244637fff,8a755824471ffff,8a7558244627fff",0,0
-979842178#3,-561133140#1,"-979842178#3,-979842178#2,870315479#0,870315479#1,41231514#0,41231514#1,41231514#2,41231514#3,41231514#4,41231514#5,41231719,41231718#0,41231720,41231514#7,41231514#8,1020078536,-79116557#3,-79116557#2,-79116557#1,-79116557#0,79116530#3,79116530#0,79116530#1,79116549#0,-41231508#0,79119287#0,79119287#1,79119287#2,79116549#5,79116549#6,79119284#1,-561133140#1",3.687224292164669,2229.3937294359453,30.6135,3.5383623330574845,20.016000000000005,0.0143620755217532,0.0,0.0,0.0,0.0,0.0,0.0128677685625676,0.9871322314374325,0.0,0.8971048826382122,0.4485524413191061,0.0,110.65034046699829,0.8971048826382122,0.0,2.66246507991181,70.82905368365455,14.353678122211395,"8a7558240c27fff,8a7558240d1ffff,8a7558240daffff,8a7558240da7fff,8a7558246a5ffff,8a7558246a4ffff,8a7558246a67fff,8a7558246a6ffff,8a755824469ffff,8a7558240d27fff,8a7558240d77fff,8a7558240d57fff,8a7558240d67fff,8a7558240d47fff,8a7558240997fff,8a75582446cffff,8a755824460ffff,8a7558244627fff,8a755824471ffff",1,1
-979842178#3,-561133140#1,"979842178#3,41231717,979842178#5,79116530#0,79116530#1,79116530#2,79116557#0,79116557#1,23881170,1020078542,1157449878#1,41231515#0,41273130,41273126,1020092140,-41231515#3,-41231515#2,1020092135,41231756#0,41231756#1,41231756#2,41231756#3,-41231755,79119286#1,79119286#2,79119286#3,79119284#4,79119284#5,79119284#1,-561133140#1",3.86081133677373,2334.983048902545,31.32240000000001,5.07822196415649,20.016000000000005,0.0580192370939969,0.0,0.0,0.0,0.0,0.0,0.0121095280216207,0.9878904719783792,0.0,0.8565372673433373,0.4282686336716687,0.0,92.13610898514702,0.8565372673433373,0.0,2.7269536817848894,88.69916621895113,12.84805901015006,"8a7558240c27fff,8a7558240d57fff,8a7558240d77fff,8a7558240d27fff,8a7558244687fff,8a75582446b7fff,8a7558244787fff,8a75582447a7fff,8a7558244467fff,8a755824446ffff,8a75582447affff,8a7558244637fff,8a755824471ffff,8a7558244627fff",3,3
-979842178#3,-561133140#1,"979842178#3,979842178#4,979842178#5,79116530#0,79116530#1,79116530#2,79116557#0,79116557#1,23881170,41231753#0,41231753#1,41231753#2,79119286#0,41231755,-41231756#3,-41231756#2,-41231756#1,-41231756#0,1020092136,-41231515#2,-41231515#1,41273130,41273126,1020092139#0,1020092139#1,41231515#5,41231515#6,-41231513#4,-41231513#3,-41231513#2,-41231513#1,-41231513#0,79119284#3,79119284#4,79119284#5,79119284#1,-561133140#1",3.877511004401761,2360.274746869607,29.988000000000007,7.203437882095211e-15,0.0,0.0,0.0,0.0,0.0,0.0,0.0,0.0119797674818137,0.9880202325181864,0.0,0.8473589791411219,0.4236794895705609,0.0,92.4857428481921,0.8473589791411219,0.0,2.756491064903061,72.81621250741634,15.676141114110754,"8a7558240c27fff,8a7558240d57fff,8a7558240d77fff,8a7558240d27fff,8a7558244687fff,8a75582446a7fff,8a755824478ffff,8a75582447affff,8a75582447a7fff,8a7558244467fff,8a7558244097fff,8a755824409ffff,8a7558244707fff,8a7558244717fff,8a755824471ffff,8a7558244627fff",4,4
1004094802,174375408#0,"1004094802,57392452,24580169#2,-57099575#2,-57099587#1,32898141,-24580169#0,22561499#0,22561499#1,22561499#2,174907152#0,174907152#1,174907152#2,174907151#0,174907151#2,174907151#5,22561652#1,22561652#2,22561652#3,22561652#4,22561652#5,22561652#6,125835948,563369678,1238123690,174375405,561133138,174375402,174375403,561133137,563273548,174375408#0",2.400599885317749,1307.5953092822292,34.995375,12.446378247013948,39.99600000000001,0.2713154986117322,0.0,0.0,0.5423859992262616,0.1417125669716677,0.0803219279760285,0.0,0.2355795058260418,1.5295252176285707,27.53145391731428,3.059050435257141,1.5295252176285707,82.80475180919316,6.118100870514283,1.5295252176285707,1.9935715773678464,25.52895231553212,24.47240348205713,"8a7558246697fff,8a7558255a67fff,8a7558255a77fff,8a7558255b5ffff,8a7558255b4ffff,8a7558246687fff,8a75582466affff,8a75582466f7fff,8a75582466c7fff,8a75582466effff,8a755824665ffff,8a755824664ffff",0,0
1004094802,174375408#0,"1004094802,57392452,24580169#2,-57099575#2,-57099575#1,-57099591#1,-57099591#0,32898139#0,32898139#1,32898141,-24580169#0,22561499#0,22561499#1,22561499#2,174907152#0,174907152#1,174907152#2,174907151#0,174907151#2,174907151#5,22561652#1,22561652#2,22561652#3,22561652#4,22561652#5,22561652#6,125835948,563369678,1238123690,174375405,563272699,561133137,563273548,174375408#0",3.618332377882811,2386.500507019027,36.46694117647058,12.767569838156067,39.99600000000001,0.6194729545055533,0.0,0.0,0.2971804893075432,0.088006175038714,0.0,0.0,0.6148133356537427,0.8380471716296413,14.2468019177039,1.257070757444462,0.8380471716296413,79.6634398723914,2.514141514888924,0.8380471716296413,3.6384801523788575,88.73639322445187,14.2468019177039,"8a7558246697fff,8a7558255a67fff,8a7558255a77fff,8a7558255aa7fff,8a755825516ffff,8a7558255a37fff,8a7558255b57fff,8a7558255b5ffff,8a7558255b4ffff,8a7558246687fff,8a75582466affff,8a75582466f7fff,8a75582466c7fff,8a75582466effff,8a755824665ffff,8a755824664ffff",3,3
1004094802,174375408#0,"1004094802,57392452,-24580169#1,-24580169#0,-22561654#5,-22561654#4,-22561654#3,-22561654#2,-1116499321#1,-1116499322,57680111,57680112#1,57680087#0,57680087#1,57680087#2,1116499328#0,1116499328#1,1116499329,1116499330#0,1116499330#1,57680180#0,57680171#0,57680171#1,57680171#2,22561499#2,174907152#0,174907152#1,174907152#2,-57392486,1163710302,57392474,57392457#1,22561652#1,22561652#2,22561652#3,22561652#4,22561652#5,22561652#6,125835948,563369678,1238123690,174375405,563272699,561133137,563273548,174375408#0",5.000980112562346,2462.9849493268457,30.86295652173912,11.12066064975263,39.99600000000001,0.0913665685389121,0.0,0.0,0.3932786818872474,0.0697563257245084,0.0,0.0,0.5369649923882439,2.4360684792815523,21.92461631353397,1.6240456528543683,0.4060114132135921,85.9203348093516,3.2480913057087366,0.8120228264271842,3.755089021509321,42.534073718493566,18.67652500782524,"8a7558246697fff,8a7558255a67fff,8a7558255b4ffff,8a7558255b5ffff,8a7558255b47fff,8a7558255b77fff,8a7558255b2ffff,8a7558255b07fff,8a755824648ffff,8a75582464f7fff,8a75582464c7fff,8a75582464cffff,8a7558246797fff,8a755824679ffff,8a7558255b6ffff,8a7558246687fff,8a755824668ffff,8a75582466f7fff,8a75582466c7fff,8a75582466effff,8a755824665ffff,8a755824664ffff",4,4
1004094803#0,-561133134,"1004094803#0,1004094803#1,1004094802,57392452,-24580169#1,-32898141,57099587#1,57099575#2,561133134",1.790999824524907,994.7188733650754,25.56,19.434049089163075,39.99600000000001,0.6432698591044033,0.0,0.0,0.0,0.562349801816767,0.0,0.0,0.4376501981832332,0.0,24.12741996018374,1.0053091650076558,0.0,89.41481139695978,3.0159274950229675,1.0053091650076558,1.26740009443662,164.88012057696275,9.047782485068902,"8a7558246687fff,8a7558246697fff,8a7558255a67fff,8a7558255b5ffff,8a7558255a77fff,8a7558255a97fff",1,1
1004094803#0,-561133134,"1004094803#0,1004094803#1,1004094802,57392452,24580169#2,561133134",1.3839258725072765,856.4725664854739,20.004,16.729377274722452,39.99600000000001,0.6371999927644618,0.0,0.0,0.0,0.6977432619043196,0.0,0.0,0.3022567380956806,0.0,9.340637765933256,0.0,0.0,30.662458889041808,1.1675797207416572,0.0,1.091256475283216,198.1669467899236,7.005478324449944,"8a7558246687fff,8a7558246697fff,8a7558255a67fff,8a7558255a77fff,8a7558255a97fff",2,2
1004094803#1,-57392538#7,"1004094803#1,1004094802,57392452,24580169#2,-57099575#2,-57099587#1,32898141,-24580169#0,22561499#0,22561499#1,22561499#2,174907152#0,174907152#1,174907152#2,174907151#0,174907151#2,174907151#5,22561652#1,22561652#2,57392554#0,57392554#1,57392538#0,57392538#1,57392538#2,57392538#3,57392538#4,57392538#5,57392538#6,57392538#7",4.33375290987888,2173.774604086333,28.612551724137937,9.148025218538416,39.99600000000001,0.0433018014717778,0.0,0.0,0.2464980198616356,0.0463931962310812,0.0,0.2965059878912646,0.1757705604565222,0.9200585912818808,17.021083938714796,0.9200585912818808,0.9200585912818808,70.66441065647051,2.7601757738456425,0.0,1.669169241954554,81.30293739210646,13.340849573587272,"8a7558246697fff,8a7558255a67fff,8a7558255a77fff,8a7558255b5ffff,8a7558255b4ffff,8a7558246687fff,8a75582466affff,8a75582466f7fff,8a75582466c7fff,8a7558242d47fff,8a7558242897fff,8a75582428f7fff,8a75582428c7fff,8a75582428effff,8a7558242bb7fff",0,0
1004094803#1,-57392538#7,"1004094803#1,1004094802,57392452,24580169#2,-57099575#2,-57099587#1,32898141,-24580169#0,22561499#0,22561499#1,22561499#2,174907152#0,174907152#1,174907152#2,-57392486,1163710302,57392474,57392457#1,22561652#1,22561652#2,57392554#0,57392554#1,57392538#0,57392538#1,57392538#2,57392538#3,57392538#4,57392538#5,57392538#6,57392538#7",5.361942818936028,2304.171023445803,25.99440000000001,11.011621577475193,39.99600000000001,0.0408512889853867,0.0,0.0,0.1687667680583252,0.0437677371789456,0.0,0.2797262789433395,0.2861964810632429,1.7359822510128382,23.869755951426527,1.3019866882596287,0.0,73.35699304630784,3.4719645020256764,0.0,1.7692963167886613,79.47583878057176,13.019866882596286,"8a7558246697fff,8a7558255a67fff,8a7558255a77fff,8a7558255b5ffff,8a7558255b4ffff,8a7558246687fff,8a755824668ffff,8a75582466f7fff,8a75582466c7fff,8a7558242d47fff,8a7558242897fff,8a75582428f7fff,8a75582428c7fff,8a75582428effff,8a7558242bb7fff",1,1
1004094803#1,-57392538#7,"1004094803#1,1004094802,57392452,-24580169#1,-24580169#0,22561499#0,22561499#1,22561499#2,174907152#0,174907152#1,174907152#2,-57392486,1163710302,57392474,57392457#1,22561652#1,22561652#2,57392554#0,57392554#1,57392538#0,57392538#1,57392538#2,57392538#3,57392538#4,57392538#5,57392538#6,57392538#7",4.810441082907984,2089.48871462442,24.808,8.922590172400355,19.98,0.0,0.0,0.0,0.1861065312097125,0.0299740076891896,0.0,0.3084664597259693,0.2311480925678998,1.914343911983746,18.66485314184152,0.957171955991873,0.0,65.55939082181793,2.871515867975619,0.0,1.6044489098851027,84.26725577409947,12.921821405890284,"8a7558246697fff,8a7558255a67fff,8a7558255b4ffff,8a7558246687fff,8a755824668ffff,8a75582466f7fff,8a75582466c7fff,8a7558242d47fff,8a7558242897fff,8a75582428f7fff,8a75582428c7fff,8a75582428effff,8a7558242bb7fff",2,2
1004094803#1,-57392538#7,"1004094803#1,1004094802,57392452,24580169#2,-57099575#2,-57099575#1,-57099591#1,-57099591#0,32898139#0,32898139#1,32898141,-24580169#0,22561499#0,22561499#1,22561499#2,174907152#0,174907152#1,174907152#2,174907151#0,174907151#2,174907151#5,22561652#1,22561652#2,57392554#0,57392554#1,57392538#0,57392538#1,57392538#2,57392538#3,57392538#4,57392538#5,57392538#6,57392538#7",5.644540046907919,3332.984284564892,31.205454545454543,11.112676717073247,39.99600000000001,0.3760407880209118,0.0,0.0,0.160766175230479,0.0302576739520041,0.0,0.1933814057937278,0.4624370022033205,0.6000628353581009,11.101162454124866,0.6000628353581009,0.6000628353581009,72.3272586261744,1.8001885060743026,0.0,2.5592878126626,107.34178569692918,9.901036783408664,"8a7558246697fff,8a7558255a67fff,8a7558255a77fff,8a7558255aa7fff,8a755825516ffff,8a7558255a37fff,8a7558255b57fff,8a7558255b5ffff,8a7558255b4ffff,8a7558246687fff,8a75582466affff,8a75582466f7fff,8a75582466c7fff,8a7558242d47fff,8a7558242897fff,8a75582428f7fff,8a75582428c7fff,8a75582428effff,8a7558242bb7fff",3,3
1020078537#1,-561133140#1,"1020078537#1,1020078539,1020078540,1020078536,-79116557#3,-79116557#2,-79116557#1,-79116557#0,79116530#3,79116530#0,79116530#1,79116549#0,79116549#1,79116549#2,79116549#3,79119291#2,41231511#0,41231511#1,41231511#2,41231511#3,79119286#2,79119286#3,79119284#4,79119284#5,79119284#1,-561133140#1",2.4701508825272365,1555.4768345533464,31.52769230769231,5.439277707705177,20.016000000000005,0.0310703689795515,0.0,0.0,0.0,0.0,0.0,0.0184427835297585,0.9815572164702416,0.0,1.2857793543253235,0.6428896771626618,0.0,90.12232785816902,1.2857793543253235,0.0,3.022648013875991,67.37554002118554,16.715131606229207,"8a755824469ffff,8a7558240d27fff,8a7558240d77fff,8a7558240d57fff,8a7558240d67fff,8a75582446c7fff,8a755824461ffff,8a7558244617fff,8a7558244637fff,8a755824471ffff,8a7558244627fff",0,0
1020078537#1,-561133140#1,"1020078537#1,1020078539,1020078540,-41231514#8,-41231514#7,-41231514#6,41231719,1020092132,-41231514#4,1162803895,-41231514#2,-41231514#1,-41231514#0,870315480,979842178#1,979842178#2,979842178#3,41231717,979842178#5,79116530#0,79116530#1,79116549#0,-41231508#0,79119287#0,79119290,79116549#2,79116549#3,79116549#4,79116549#5,79116549#6,79119284#1,-561133140#1",3.495161621163944,2169.159776543408,31.239,4.922628723394352,20.016000000000005,0.0320094206434888,0.0,0.0,0.0,0.0,0.0,0.0086481778835673,0.9913518221164324,0.0,0.9220159905357608,0.4610079952678804,0.0,97.04020504252765,0.9220159905357608,0.0,4.215174629862838,62.30872533798057,14.752255848572174,"8a755824469ffff,8a7558246a6ffff,8a7558246a4ffff,8a7558246a5ffff,8a7558240da7fff,8a7558240daffff,8a7558240d1ffff,8a7558240c27fff,8a7558240d57fff,8a7558240d77fff,8a7558240d67fff,8a7558240d47fff,8a7558240997fff,8a75582446c7fff,8a755824461ffff,8a755824460ffff,8a7558244627fff,8a755824471ffff",1,1
1020078537#1,-561133140#1,"1020078537#1,1157449878#0,1157449878#1,41231515#0,41273130,1020092138,41273128#1,1020092142,1020092140,41231515#4,41231515#5,41231515#6,-41231513#4,-41231513#3,-41231513#2,-41231513#1,-41231513#0,79119284#3,79119284#4,79119284#5,79119284#1,-561133140#1",2.957476410290538,1781.7592671538664,30.89781818181819,4.2674255385739,20.016000000000005,0.0091541648636345,0.0,0.0,0.0,0.0,0.0,0.0,1.0,0.0,0.0,0.0,0.0,87.57362850871843,0.0,0.0,3.46236664566866,83.64842250968191,12.347347032543963,"8a755824469ffff,8a75582446b7fff,8a7558244787fff,8a75582447a7fff,8a75582447b7fff,8a7558244467fff,8a755824446ffff,8a755824409ffff,8a7558244707fff,8a7558244717fff,8a755824471ffff,8a7558244627fff",2,2
1020078537#1,-561133140#1,"1020078537#1,1020078539,-79116557#4,-79116557#3,-79116557#2,23881170,1020078542,1157449878#1,-1157449879,1020092137#1,41273126,1020092139#0,1020092139#1,-41231515#4,41273134,-1020078548,41231515#6,-41231513#4,-41231513#3,-41231513#2,-41231513#1,-41231513#0,79119284#3,79119284#4,79119284#5,79119284#1,-561133140#1",3.8291876721891054,2319.906942443501,31.47066666666667,5.341875210937708,20.016000000000005,0.0563548954046085,0.0,0.0,0.0,0.0,0.0,0.0,1.0,0.0,0.0,0.0,0.0,89.8440089035076,0.0,0.0,4.508110925334055,78.36530316053008,11.638397862442517,"8a755824469ffff,8a7558240d27fff,8a7558244687fff,8a75582446b7fff,8a7558244787fff,8a7558244797fff,8a75582447a7fff,8a7558244467fff,8a7558244097fff,8a755824409ffff,8a755824446ffff,8a7558244737fff,8a7558244707fff,8a7558244717fff,8a755824471ffff,8a7558244627fff",3,3
1020078537#1,-561133140#1,"1020078537#1,1157449878#0,1157449878#1,41231515#0,41231515#1,1020092135,1020092136,41231515#3,41273134,-1020078548,41231515#6,-41231513#4,-41231513#3,-41231513#2,-41231513#1,-41231513#0,79119284#3,-79119286#3,-79119286#2,-41231511#3,-41231511#2,-41231511#1,-41231511#0,79119293#0,79119288,41231358#0,79116549#3,79116549#4,79116549#5,79116549#6,79119284#1,-561133140#1",5.04079417224053,2937.392573394312,31.239,4.922628723394352,20.016000000000005,0.0127176934165849,0.0,0.0,0.0,0.0,0.0,0.0,1.0,0.0,0.0,0.0,0.0,90.39210967292892,0.0,0.0,5.708027037570068,73.95364809819272,10.894015423693372,"8a755824469ffff,8a75582446b7fff,8a7558244787fff,8a75582447a7fff,8a755824446ffff,8a7558244737fff,8a755824409ffff,8a7558244707fff,8a7558244717fff,8a755824471ffff,8a7558244637fff,8a7558244617fff,8a755824461ffff,8a755824468ffff,8a75582446dffff,8a75582446c7fff,8a755824460ffff,8a7558244627fff",4,4
1020078546#2,-41273141#1,"1020078546#2,-41273141#3,-174897323#0,-41231515#6,1020078548,-41273134,-41231515#3,-41231515#2,1020092135,41231756#0,41231756#1,41231756#2,41231756#3,-41231755,79119286#1,-41231511#3,-41231511#2,-41231511#1,-41231511#0,79119293#0,79119288,41231358#0,79116549#3,79116549#4,79116549#5,79116549#6,79119284#1,79119284#2,41231513#0,41231513#1,41273135,41273137#1,41273137#2,41273139,41273140#0,41273141#1",4.8911809072080965,2871.7144960445607,30.544000000000008,3.336000000000001,20.016000000000005,0.007328841409108,0.0,0.0,0.0,0.0,0.0,0.0,1.0,0.0,0.0,0.0,0.0,99.89470815703848,0.0,0.0,32.920704547683926,61.760057509173656,12.536065144911042,"8a7558244087fff,8a755824409ffff,8a7558244737fff,8a755824446ffff,8a75582447a7fff,8a75582447affff,8a7558244637fff,8a7558244617fff,8a755824461ffff,8a755824468ffff,8a75582446dffff,8a75582446c7fff,8a755824460ffff,8a7558244627fff,8a755824471ffff,8a7558244707fff,8a755824408ffff,8a75582440affff",1,1
1020078546#2,-41273141#1,"1020078546#2,-41273141#3,-174897323#0,-41231513#4,-41231513#3,-41231513#2,41273135,41273137#1,41273137#2,41273139,41273140#0,41273141#1",1.7804521808723488,1056.5019701957472,29.988,0.0,0.0,0.0,0.0,0.0,0.0,0.0,0.0,0.0,1.0,0.0,0.0,0.0,0.0,94.37989139120292,0.0,0.0,12.111506649691844,53.3321813218269,11.358237219166432,"8a7558244087fff,8a755824409ffff,8a7558244707fff,8a7558244717fff,8a755824471ffff,8a755824408ffff,8a75582440affff",2,2
1020078546#2,-41273141#1,"1020078546#2,-41273141#3,-174897323#0,-41231515#6,1020078548,-41273134,-41231515#3,-41231515#2,1020092135,41231756#0,41231756#1,41231756#2,41231756#3,-41231755,79119286#1,79119286#2,79119286#3,79119284#4,79119284#5,79119284#1,79119284#2,41231513#0,41231513#1,41273135,41273137#1,41273137#2,41273137#3,-41273141#1",2.620752735939588,1640.1596327230145,30.70285714285715,3.782668445876346,20.016000000000005,0.0128318851981533,0.0,0.0,0.0,0.0,0.0,0.0,1.0,0.0,0.0,0.0,0.0,95.44973252277968,0.0,0.0,12.64054570623702,53.4317709565689,17.071509041783962,"8a7558244087fff,8a755824409ffff,8a7558244737fff,8a755824446ffff,8a75582447a7fff,8a75582447affff,8a7558244637fff,8a755824471ffff,8a7558244627fff,8a7558244707fff,8a755824408ffff,8a75582440affff",3,3
1123308755,-57099630#2,"1123308755,-39389916#1,-39389916#0,39353757#17,39353757#18,39353757#19,174907149,563297843,174375407#0,174375407#1,174375407#2,174375407#3,174375407#4,174375402,174375403,563272698,563272697,563271328,1238123691,-22561498,-22561652#6,-22561652#5,-22561652#4,-22561652#3,-22561652#2,-22561652#1,-22561652#0,-174907151#4,-174907151#1,-174907152#2,-174907152#1,-174907152#0,-57680180#3,-57680180#2,-57680180#1,57680171#0,57680171#1,57680171#2,-22561499#1,-22561499#0,57392420,1004094802,57392452,24580169#2,561133134,57099630#0,57099630#1,57099630#2",6.967220679554132,4314.847056687549,34.575,13.202043671582937,59.97600000000001,0.3230447031036503,0.0,0.0,0.1463691167607015,0.3013727401428365,0.2846272053602331,0.0,0.2676309377362288,0.927031699489888,10.197348694388769,0.463515849744944,0.463515849744944,99.20185182662787,1.390547549234832,0.231757924872472,1.7691484991627242,116.70887612862076,11.124380393878656,"8a7558240597fff,8a7558240417fff,8a755824040ffff,8a75582404e7fff,8a75582404f7fff,8a755824296ffff,8a755824291ffff,8a75582429affff,8a75582429a7fff,8a755824665ffff,8a75582466effff,8a75582466c7fff,8a75582466f7fff,8a75582466affff,8a7558246687fff,8a7558246697fff,8a75582466b7fff,8a755824679ffff,8a7558255b6ffff,8a7558255b4ffff,8a7558255a67fff,8a7558255a77fff,8a7558255a97fff,8a7558255047fff,8a75582550d7fff,8a755825572ffff",0,0
1123308755,-57099630#2,"1123308755,1123308756,39353757#4,39353757#5,57680106,39353757#15,39353757#16,39353757#17,39353757#18,174375411#0,174375411#1,57680128,174375407#0,174375407#1,174375407#2,174375407#3,174375407#4,174375402,174375403,563272698,563272697,563271328,1238123691,-22561498,-22561652#6,-22561652#5,-22561652#4,-22561652#3,-22561652#2,-22561652#1,-22561652#0,-174907151#4,-174907151#1,-57392486,1004094803#0,1004094803#1,1004094802,57392452,-24580169#1,-32898141,57099587#1,57099575#2,561133134,57099630#0,57099630#1,57099630#2",7.755558072199812,4357.647268443831,34.34165217391303,15.150172565526027,59.97600000000001,0.3414725311732762,0.0,0.0,0.1003666292064961,0.2896423693905408,0.1837184580992667,0.0,0.4262725433036963,0.4589632608593912,9.638228478047216,0.4589632608593912,0.4589632608593912,102.65104328296668,1.3768897825781736,0.4589632608593912,1.7866971931019715,110.35885243538004,10.556154999766,"8a7558240597fff,8a75582405b7fff,8a7558240437fff,8a7558240407fff,8a755824040ffff,8a75582404e7fff,8a75582404f7fff,8a75582404affff,8a755824296ffff,8a755824291ffff,8a75582429affff,8a75582429a7fff,8a755824665ffff,8a75582466effff,8a75582466c7fff,8a75582466f7fff,8a75582466affff,8a7558246687fff,8a7558246697fff,8a7558255a67fff,8a7558255b5ffff,8a7558255a77fff,8a7558255a97fff,8a7558255047fff,8a75582550d7fff,8a755825572ffff",1,1
1123308755,-57099630#2,"1123308755,1123308756,39353757#4,57680150#0,57680150#1,39353757#16,39353757#17,57680181#0,57680181#1,-39353757#0,57680128,174375407#0,174375407#1,174375407#2,174375407#3,174375407#4,174375402,174375403,563272698,563272697,563271328,1238123691,-22561498,-22561652#6,-22561652#5,-22561652#4,-22561652#3,-22561652#2,-22561652#1,-22561652#0,-174907151#4,-174907151#1,-174907152#2,-174907152#1,-174907152#0,-22561653,-22561499#1,-22561499#0,24580169#0,24580169#1,24580169#2,561133134,57099630#0,57099630#1,57099630#2",5.949082848882296,4107.681017025193,36.2128,11.928285729155036,39.99600000000001,0.3393370810897949,0.0,0.0,0.1609041427061514,0.3318192493332663,0.194898346239837,0.0,0.3123782617207452,0.4868927240724285,2.4344636203621426,0.2434463620362142,0.4868927240724285,95.16548303261304,0.7303390861086428,0.2434463620362142,1.684207484259752,117.93644581612494,10.955086291629645,"8a7558240597fff,8a75582405b7fff,8a7558240407fff,8a755824040ffff,8a75582404e7fff,8a7558240417fff,8a755824296ffff,8a755824291ffff,8a75582429affff,8a75582429a7fff,8a755824665ffff,8a75582466effff,8a75582466c7fff,8a75582466f7fff,8a75582466affff,8a7558246687fff,8a7558246697fff,8a7558255b4ffff,8a7558255a67fff,8a7558255a77fff,8a7558255a97fff,8a7558255047fff,8a75582550d7fff,8a755825572ffff",2,2
1123308755,-57099630#2,"1123308755,-39389916#1,-39389916#0,-39353757#16,-39353757#15,-39353757#14,-39353757#13,174375412,49188792#1,-39353757#7,-39353757#6,-39353757#5,-39353757#4,-39353757#3,-39353757#2,-39353757#1,-39353757#0,57680128,174375407#0,174375407#1,174375407#2,174375407#3,174375407#4,174375402,174375403,561133137,563273548,174375406,1238123693,1238123694,563272697,563271328,1238123691,-22561498,-22561652#6,-22561652#5,-22561652#4,-22561652#3,-22561652#2,-22561652#1,-22561652#0,-174907151#4,-174907151#1,-57392486,1004094803#0,1004094803#1,1004094802,57392452,24580169#2,561133134,57099630#0,57099630#1,57099630#2",7.381548677898716,4368.270336848493,35.27660377358491,14.22416071113299,59.97600000000001,0.3471214522672027,0.0,0.0,0.100122550547121,0.3253555983581051,0.1775622406372356,0.0,0.3969596104575383,0.4578471215778528,5.952012580512086,0.2289235607889264,0.4578471215778528,101.16204609485683,0.9156942431557056,0.2289235607889264,1.7910528018356535,104.01673809894088,12.1329487218131,"8a7558240597fff,8a7558240417fff,8a755824040ffff,8a7558240407fff,8a7558240437fff,8a755824051ffff,8a755824625ffff,8a75582405b7fff,8a755824296ffff,8a755824291ffff,8a75582429affff,8a75582429a7fff,8a755824665ffff,8a755824664ffff,8a75582466effff,8a75582466c7fff,8a75582466f7fff,8a75582466affff,8a7558246687fff,8a7558246697fff,8a7558255a67fff,8a7558255a77fff,8a7558255a97fff,8a7558255047fff,8a75582550d7fff,8a755825572ffff",3,3
1123308755,-57099630#2,"1123308755,-39389916#1,-39389916#0,-39353757#16,-39353757#15,-39353757#14,-39353757#13,-39353757#12,-39353757#11,-39353757#10,-39353757#9,-39353757#8,-39353757#7,-39353757#6,-39353757#5,-39353757#4,-39353757#3,-39353757#2,-39353757#1,-39353757#0,57680128,174375407#0,174375407#1,174375407#2,174375407#3,174375407#4,174375402,174375403,563272698,563272697,563271328,1238123691,-22561498,-22561652#6,-22561652#5,-22561652#4,-22561652#3,-22561652#2,-22561652#1,-22561652#0,-174907151#4,-174907151#1,-174907152#2,-174907152#1,-174907152#0,-22561653,-22561499#1,-22561499#0,57392420,1004094802,57392452,-24580169#1,-32898141,57099587#1,57099575#2,561133134,57099630#0,57099630#1,57099630#2",7.332017720807458,4526.047577200379,34.05966101694915,12.746951782492092,59.97600000000001,0.3287673886177423,0.0,0.0,0.1460309201971761,0.2788656677314486,0.1768828593698052,0.0,0.3982205527015703,0.4418866496399304,9.27961964243854,0.4418866496399304,0.4418866496399304,106.88070839807288,1.325659948919791,0.4418866496399304,1.8557437084433288,97.54221083504116,13.035656164377947,"8a7558240597fff,8a7558240417fff,8a755824040ffff,8a7558240407fff,8a7558240437fff,8a755824051ffff,8a7558240517fff,8a755824624ffff,8a755824625ffff,8a75582405b7fff,8a755824296ffff,8a755824291ffff,8a75582429affff,8a75582429a7fff,8a755824665ffff,8a75582466effff,8a75582466c7fff,8a75582466f7fff,8a75582466affff,8a7558246687fff,8a7558246697fff,8a7558255b4ffff,8a7558255a67fff,8a7558255b5ffff,8a7558255a77fff,8a7558255a97fff,8a7558255047fff,8a75582550d7fff,8a755825572ffff",4,4
1157449879,-1157449877,"-1157449879,1020092137#1,-41273130,41231515#1,1020092135,41231756#0,41231756#1,41231756#2,41231756#3,-41231755,79119286#1,79119286#2,79119286#3,79119284#4,79119284#5,-79116549#6,-79116549#5,-79116549#4,-79116549#3,-79116549#2,-79116549#1,-79116549#0,79116530#2,79116557#0,79116557#1,23881170,41231753#0,41231753#1,41231753#2,1157449877",4.183237729937187,2428.06028205487,30.65520000000001,3.65440490367447,20.016000000000005,0.0086679644114665,0.0,0.0,0.0,0.0,0.0,0.0039192861584204,0.9960807138415794,0.0,0.8237027782141381,0.411851389107069,0.0,91.42609297361258,0.8237027782141381,0.0,29.48043700899685,77.09861351482876,12.35554167321207,"8a7558244787fff,8a7558244797fff,8a75582447a7fff,8a75582447affff,8a7558244637fff,8a755824471ffff,8a7558244627fff,8a755824460ffff,8a755824461ffff,8a75582446c7fff,8a7558240d67fff,8a7558240d77fff,8a7558240d27fff,8a7558244687fff,8a75582446a7fff,8a755824478ffff",1,1
1157449879,-1157449877,"1157449879,41231515#0,41273130,1020092138,41273128#1,1020092142,1020092139#0,1020092139#1,-41231515#4,41273134,-1020078548,41231515#6,-41231513#4,-41231513#3,-41231513#2,-41231513#1,-41231513#0,79119284#3,-79119286#3,-79119286#2,-79119286#1,-79119286#0,1157449877",3.1013005202080826,1855.548706236101,29.988000000000007,7.265119821590034e-15,0.0,0.0,0.0,0.0,0.0,0.0,0.0,0.0,1.0,0.0,0.0,0.0,0.0,95.67373599881697,0.0,0.0,13.625781958703165,65.32236777461083,12.395255334824649,"8a7558244797fff,8a7558244787fff,8a75582447a7fff,8a75582447b7fff,8a7558244467fff,8a7558244097fff,8a755824409ffff,8a755824446ffff,8a7558244737fff,8a7558244707fff,8a7558244717fff,8a755824471ffff,8a7558244637fff,8a75582447affff,8a755824478ffff",2,2
1157449879,-1157449877,"-1157449879,1020092137#1,1020092138,41273128#1,1020092142,1020092139#0,1020092139#1,41231515#5,1020078548,-41273134,-41231515#3,-41231515#2,1020092135,41231756#0,41231756#1,41231756#2,41231756#3,-41231755,-79119286#0,1157449877",2.6526254850392283,1575.022819557159,30.988800000000005,4.47571366376358,20.016000000000005,0.0133625620228566,0.0,0.0,0.0,0.0,0.0,0.0,1.0,0.0,0.0,0.0,0.0,89.5368438095601,0.0,0.0,19.123232385479195,78.71559467222144,12.698228718758054,"8a7558244787fff,8a7558244797fff,8a75582447a7fff,8a75582447b7fff,8a7558244467fff,8a7558244097fff,8a755824409ffff,8a7558244737fff,8a755824446ffff,8a75582447affff,8a755824478ffff",3,3
1157449879,-1157449877,"-1157449879,1020092137#1,41273126,1020092140,41231515#4,41231515#5,41231515#6,-41231513#4,-41231513#3,-41231513#2,-41231513#1,-41231513#0,79119284#3,-79119286#3,-79119286#2,-79119286#1,41231755,-41231756#3,-41231756#2,-41231756#1,-41231756#0,1020092136,-41231515#2,-41231515#1,-41231515#0,-1157449878#1,-1157449878#0,1020078539,-79116557#4,-79116557#3,-79116557#2,23881170,41231753#0,41231753#1,41231753#2,1157449877",4.790476190476189,2816.084270917267,29.988000000000007,7.206218595529065e-15,0.0,0.0,0.0,0.0,0.0,0.0,0.0,0.0,1.0,0.0,0.0,0.0,0.0,99.17189574140288,0.0,0.0,34.191653137435246,79.06208867039908,12.783708347006934,"8a7558244787fff,8a7558244797fff,8a75582447a7fff,8a7558244467fff,8a755824446ffff,8a755824409ffff,8a7558244707fff,8a7558244717fff,8a755824471ffff,8a7558244637fff,8a75582447affff,8a75582446b7fff,8a755824469ffff,8a7558240d27fff,8a7558244687fff,8a75582446a7fff,8a755824478ffff",4,4
174375405,41231718#1,"174375405,563272699,561133137,563273548,-57680132#1,-57680132#0,57680179#0,57680179#1,57680179#2,57680179#3,-979838980#6,-979838980#5,-979838980#4,-979838980#3,-979838980#2,-979838980#1,-979838980#0,-563298888,-145622122#2,213840998,979842179,226068307,979842178#0,979842178#1,979842178#2,979842178#3,979842178#4,979842178#5,79116530#0,79116530#1,79116530#2,79116557#0,79116557#1,79116557#2,79116557#3,1020078537#0,1020078537#1,1020078539,1020078540,-41231514#8,-41231514#7,-41231514#6,41231719,41231718#0,41231718#1",2.9103810759209328,2563.2077653322035,43.32480000000001,15.954938445509596,39.99600000000001,0.5576067280783582,0.0,0.0,0.0,0.5404671029938599,0.0,0.0110313112511307,0.4485015857550094,0.0,3.901361464041895,0.780272292808379,0.0,91.97120338418044,1.1704084392125684,0.3901361464041895,1.6717973684801362,58.6727720417188,17.556126588188526,"8a755824665ffff,8a755824664ffff,8a7558242937fff,8a7558242927fff,8a75582462d7fff,8a75582462c7fff,8a75582462e7fff,8a7558246277fff,8a755824634ffff,8a7558240cb7fff,8a7558240c17fff,8a7558240c37fff,8a7558240c27fff,8a7558240d57fff,8a7558240d77fff,8a7558240d27fff,8a755824469ffff,8a7558246a6ffff,8a7558246a4ffff,8a7558246a67fff",0,0
174375405,41231718#1,"174375405,561133138,174375402,174375403,561133137,563273548,-57680132#1,-57680132#0,57680179#0,57680179#1,57680179#2,57680179#3,-979838980#6,-979838980#5,-979838980#4,-979838980#3,-979838980#2,-979838980#1,-979838980#0,-563298888,-145622122#2,213840998,979842179,226068307,979842178#0,979842178#1,979842178#2,979842178#3,979842178#4,979842178#5,79116530#0,79116530#1,79116530#2,79116557#0,79116557#1,79116557#2,79116557#3,79116557#4,1020078540,-41231514#8,-41231514#7,-41231514#6,41231719,41231718#0,41231718#1",2.955947351387203,2583.8308564467866,42.88000000000001,16.043264007052933,39.99600000000001,0.549934414453602,0.0,0.0,0.0,0.526584539538834,0.0406483946083036,0.0109432637938144,0.4218238020590482,0.0,4.644266852862835,1.1610667132157086,0.0,101.48227593712,1.935111188692848,0.3870222377385695,1.685248337972973,58.54150313370887,17.416000698235628,"8a755824665ffff,8a755824664ffff,8a7558242937fff,8a7558242927fff,8a75582462d7fff,8a75582462c7fff,8a75582462e7fff,8a7558246277fff,8a755824634ffff,8a7558240cb7fff,8a7558240c17fff,8a7558240c37fff,8a7558240c27fff,8a7558240d57fff,8a7558240d77fff,8a7558240d27fff,8a755824469ffff,8a7558246a6ffff,8a7558246a4ffff,8a7558246a67fff",1,1
174375405,41231718#1,"174375405,563272699,561133137,563273548,-57680132#1,-57680132#0,57680179#0,57680179#1,57680179#2,57680179#3,-979838980#6,-979838980#5,-979838980#4,-979838980#3,-979838980#2,-979838980#1,-979838980#0,-563298888,213840999,979842179,226068307,979842178#0,979842178#1,870315479#0,870315479#1,41231514#0,41231514#1,41231514#2,41231514#3,41231514#4,41231514#5,41231719,41231718#0,41231718#1",2.2301479217663647,2081.612353724583,45.28588235294119,16.373468686696313,39.99600000000001,0.6491820491833065,0.0,0.0,0.0,0.6491820491833065,0.0,0.0,0.3508179508166935,0.0,3.843174732166523,0.4803968415208153,0.0,96.47815385731629,0.4803968415208153,0.4803968415208153,1.3576870756325412,57.47888148554086,16.333492611707722,"8a755824665ffff,8a755824664ffff,8a7558242937fff,8a7558242927fff,8a75582462d7fff,8a75582462c7fff,8a75582462e7fff,8a7558246277fff,8a755824634ffff,8a7558240cb7fff,8a7558240c17fff,8a7558240c37fff,8a7558240c27fff,8a7558240d1ffff,8a7558240daffff,8a7558240da7fff,8a7558246a5ffff,8a7558246a4ffff,8a7558246a67fff",3,3
174375405,41231718#1,"174375405,563272699,561133137,563273548,-57680132#1,-57680132#0,57680179#0,57680179#1,57680179#2,57680179#3,-979838980#6,-979838980#5,-979838980#4,-979838980#3,-979838980#2,-979838980#1,-979838980#0,-563298888,213840999,979842179,226068307,979842178#0,979842178#1,979842178#2,979842178#3,979842178#4,979842178#5,79116530#0,79116530#1,79116549#0,-41231508#0,79119287#0,79119290,79116549#2,79116549#3,79116549#4,79116549#5,79116549#6,79119284#1,79119284#2,41231513#0,41231513#1,41231513#2,41231513#3,41231513#4,-41231515#6,-41231515#5,-41231515#4,-1020092140,-1020092142,-1020092143,41273131,-1020092138,-1020092137#1,1157449879,-1157449878#1,-1157449878#0,1020078539,1020078540,-41231514#8,-41231514#7,-41231514#6,41231719,41231718#0,41231718#1",7.399675732890816,5031.419934019874,37.989969230769226,14.054466836615983,39.99600000000001,0.2685813132509787,0.0,0.0,0.0,0.2685813132509787,0.0,0.0037284265379214,0.7276902602110996,0.0,1.98751051018126,0.3975021020362519,0.0,102.41867642329532,0.596253153054378,0.1987510510181259,3.2816358935783554,73.87399357091095,12.91881831617819,"8a755824665ffff,8a755824664ffff,8a7558242937fff,8a7558242927fff,8a75582462d7fff,8a75582462c7fff,8a75582462e7fff,8a7558246277fff,8a755824634ffff,8a7558240cb7fff,8a7558240c17fff,8a7558240c37fff,8a7558240c27fff,8a7558240d57fff,8a7558240d77fff,8a7558240d67fff,8a7558240d47fff,8a7558240997fff,8a75582446c7fff,8a755824461ffff,8a755824460ffff,8a7558244627fff,8a755824471ffff,8a7558244717fff,8a7558244707fff,8a755824409ffff,8a755824446ffff,8a7558244467fff,8a7558244477fff,8a75582447b7fff,8a75582447a7fff,8a7558244797fff,8a7558244787fff,8a75582446b7fff,8a755824469ffff,8a7558246a6ffff,8a7558246a4ffff,8a7558246a67fff",4,4
174375405,57680152#2,"174375405,563272699,563272698,563272697,563271328,1238123691,-22561498,-22561652#6,-22561652#5,-22561652#4,-22561652#3,-22561652#2,-22561652#1,-22561652#0,-174907151#4,-174907151#1,1116499317#0,1116499317#1,1116499317#2,1116499317#3,1116499316#0,1116499316#1,1116499315#1,1116499315#2,628868117#0,628868117#1,563371197#1,563371197#2,-563282223,-1116499330#0,1116499332#0,1116499332#1,1116499332#2,1116499331#0,1116499331#1,57680152#1,57680152#2",2.6895906968481675,1862.0679712205688,31.61870270270271,9.862411787705394,29.988000000000007,0.1116272102659431,0.0,0.0,0.2348799154296797,0.0659614619081884,0.0133939086888668,0.0369871905750197,0.5193628516886554,1.0740746476021588,7.518522533215112,1.6111119714032385,1.0740746476021588,126.39463327870466,2.148149295204317,0.5370373238010794,5.7178064838487295,69.46388157633677,19.87038098063994,"8a755824665ffff,8a75582466effff,8a75582466c7fff,8a75582466f7fff,8a75582466affff,8a7558246687fff,8a75582466a7fff,8a755824678ffff,8a755824679ffff,8a7558246797fff,8a75582467b7fff,8a7558246787fff,8a75582467affff,8a755824662ffff,8a7558246297fff",0,0
174375405,57680152#2,"174375405,561133138,174375402,174375403,563272698,563272697,563271328,1238123691,-22561498,-22561652#6,-22561652#5,-22561652#4,-22561652#3,-22561652#2,-22561652#1,-22561652#0,-174907151#4,-174907151#1,-57392486,1004094803#0,1004094803#1,1004094802,57392452,-24580169#1,-24580169#0,22561499#0,22561499#1,22561499#2,-57680180#3,-57680180#2,-57680180#1,-57680180#0,-563282223,-1116499330#0,1116499332#0,1116499332#1,1116499332#2,1116499331#0,1116499331#1,57680152#1,57680152#2",4.291581757605281,2303.497298817915,31.4569756097561,11.305585549824048,39.99600000000001,0.1056938451217662,0.0,0.0,0.2256780613347485,0.0697769356721334,0.0564224428218986,0.0,0.6481225601712192,1.7364899893968526,13.023674920476395,1.3023674920476396,0.8682449946984263,119.74240097448276,2.604734984095279,0.8682449946984263,7.073292701595455,65.92300512139605,17.79902239131774,"8a755824665ffff,8a75582466effff,8a75582466c7fff,8a75582466f7fff,8a75582466affff,8a7558246687fff,8a7558246697fff,8a7558255a67fff,8a7558255b4ffff,8a75582466b7fff,8a755824679ffff,8a7558246797fff,8a75582467b7fff,8a7558246787fff,8a75582467affff,8a755824662ffff,8a7558246297fff",1,1
174375405,57680152#2,"174375405,563272699,563272698,563272697,563271328,1238123691,-22561498,-22561652#6,-22561652#5,-22561652#4,-22561652#3,-22561652#2,-22561652#1,-22561652#0,-174907151#4,-174907151#1,-174907152#2,-174907152#1,-174907152#0,-57680180#3,-57680180#2,-57680180#1,-57680180#0,-563282223,-1116499330#0,1116499332#0,1116499332#1,1116499332#2,1116499331#0,1116499331#1,57680152#1,57680152#2",2.544824121153141,1873.8596651180585,34.3665,8.406989027953413,20.016000000000005,0.1109247703134808,0.0,0.0,0.3086978530144476,0.0655463842039552,0.0133096244309311,0.0,0.6124461383506657,1.067315785290674,6.403894711744044,1.067315785290674,1.067315785290674,124.98800441363628,1.600973677936011,0.533657892645337,5.754014949310077,73.33219962049998,17.077052564650785,"8a755824665ffff,8a75582466effff,8a75582466c7fff,8a75582466f7fff,8a75582466affff,8a7558246687fff,8a7558246697fff,8a75582466b7fff,8a755824679ffff,8a7558246797fff,8a75582467b7fff,8a7558246787fff,8a75582467affff,8a755824662ffff,8a7558246297fff",2,2
174375405,57680152#2,"174375405,563272699,561133137,563273548,174375406,1238123693,1238123694,563272697,563271328,1238123691,-22561498,-22561652#6,-22561652#5,-22561652#4,-22561652#3,-22561652#2,-22561652#1,-22561652#0,-174907151#4,-174907151#1,-57392486,1004094803#0,1004094803#1,1004094802,57392452,-24580169#1,-24580169#0,22561499#0,22561499#1,22561499#2,-57680180#3,-57680180#2,-57680180#1,-57680180#0,-563282223,-1116499330#0,1116499332#0,1116499332#1,1116499332#2,1116499331#0,1116499331#1,57680152#1,57680152#2",4.254130664857167,2319.116376161286,32.785116279069776,12.01845689565944,39.99600000000001,0.1309899822883752,0.0,0.0,0.2241581362758241,0.1320843610806231,0.0,0.0,0.6437575026435525,1.7247948576953234,12.073564003867263,0.8623974288476617,0.8623974288476617,114.69292161733382,1.7247948576953234,0.8623974288476617,7.121253819602937,65.03910083137562,18.541544720224728,"8a755824665ffff,8a755824664ffff,8a75582466effff,8a75582466c7fff,8a75582466f7fff,8a75582466affff,8a7558246687fff,8a7558246697fff,8a7558255a67fff,8a7558255b4ffff,8a75582466b7fff,8a755824679ffff,8a7558246797fff,8a75582467b7fff,8a7558246787fff,8a75582467affff,8a755824662ffff,8a7558246297fff",3,3
174375405,57680152#2,"174375405,563272699,563272698,563272697,563271328,1238123691,-22561498,-22561652#6,-22561652#5,-22561652#4,-22561652#3,-22561652#2,-22561652#1,-22561652#0,-174907151#4,-174907151#1,-57392486,1004094803#0,1004094803#1,1004094802,57392452,-24580169#1,-24580169#0,-22561654#5,-22561654#4,-22561654#3,-22561654#2,-1116499321#1,-1116499322,57680111,57680112#1,57680087#0,57680087#1,57680087#2,1116499328#0,1116499328#1,1116499329,1116499332#0,1116499332#1,1116499332#2,1116499331#0,1116499331#1,57680152#1,57680152#2",5.294765608539462,2815.973957367877,30.901909090909097,10.525421805209987,39.99600000000001,0.0738136985994016,0.0,0.0,0.31848589623976,0.065858235608861,0.0088567468153376,0.0,0.606799121336041,1.4204676820729,10.65350761554675,1.0653507615546751,1.0653507615546751,118.9602970986885,2.1307015231093502,0.71023384103645,8.646942217277397,68.32175880388354,15.625144502801902,"8a755824665ffff,8a75582466effff,8a75582466c7fff,8a75582466f7fff,8a75582466affff,8a7558246687fff,8a7558246697fff,8a7558255a67fff,8a7558255b4ffff,8a7558255b5ffff,8a7558255b47fff,8a7558255b77fff,8a7558255b2ffff,8a7558255b07fff,8a755824648ffff,8a75582464f7fff,8a75582464c7fff,8a75582464cffff,8a7558246797fff,8a75582467b7fff,8a7558246787fff,8a75582467affff,8a755824662ffff,8a7558246297fff",4,4
174375408#0,-22561652#0,"174375408#0,174375408#1,-174375409,57680120#0,57680120#1,1238123694,563272697,563271328,1238123691,-22561498,-22561652#6,-22561652#5,-22561652#4,-22561652#3,-22561652#2,-22561652#1,-22561652#0",0.5004925368275459,530.8040867749011,41.76211764705883,10.154109918416983,20.016000000000005,0.388369030259478,0.0,0.0,0.72484102316139,0.1540988369856947,0.0,0.0,0.1210601398529151,1.883934251666889,16.955408265002006,0.0,1.883934251666889,99.67086150702475,0.0,0.0,1.135926680955739,29.57742161130245,32.02688227833712,"8a755824664ffff,8a7558246647fff,8a755824665ffff,8a75582466effff,8a75582466c7fff,8a75582466f7fff,8a75582466affff",1,1
174375408#0,-561133130#1,"174375408#0,174375408#1,-174375409,57680120#0,57680120#1,1238123694,563272697,563271328,1238123691,-22561498,-22561652#6,-22561652#5,-22561652#4,-22561652#3,-22561652#2,-22561652#1,-22561652#0,-174907151#4,-174907151#1,-57392486,1004094803#0,1004094803#1,1004094802,57392452,-24580169#1,-24580169#0,22561499#0,22561499#1,22561499#2,-57680180#3,-57680180#2,-57680180#1,-57680180#0,-563282223,-561133130#1",2.9488133759545643,1347.3180461735906,32.85257142857143,12.965114537017527,39.99600000000001,0.1530060916381251,0.0,0.0,0.3858397103515668,0.1071956570670658,0.0,0.0,0.5069646325813676,2.9688609986039136,26.719748987435224,1.4844304993019568,1.4844304993019568,121.982829230799,2.9688609986039136,1.4844304993019568,1.899961783741528,29.27640933695407,25.977533737784245,"8a755824664ffff,8a7558246647fff,8a755824665ffff,8a75582466effff,8a75582466c7fff,8a75582466f7fff,8a75582466affff,8a7558246687fff,8a7558246697fff,8a7558255a67fff,8a7558255b4ffff,8a75582466b7fff,8a755824679ffff,8a7558246797fff",0,0
174375408#0,-561133130#1,"174375408#0,174375408#1,-174375409,57680120#0,57680120#1,1238123694,563272697,563271328,1238123691,-22561498,-22561652#6,-22561652#5,-22561652#4,-22561652#3,-22561652#2,-22561652#1,-22561652#0,-174907151#4,-174907151#1,-174907152#2,-174907152#1,-174907152#0,-57680180#3,-57680180#2,-57680180#1,-57680180#0,-563282223,-561133130#1",1.2951103839664015,997.9848952154944,37.13657142857144,9.766807930068923,20.016000000000005,0.2065641167785638,0.0,0.0,0.579624459493859,0.0819614533560688,0.0,0.0,0.3384140871500721,2.0040383472619,18.0363451253571,1.00201917363095,2.0040383472619,126.12589619009375,1.00201917363095,0.0,1.4073389479535197,28.68330405074049,28.056536861666604,"8a755824664ffff,8a7558246647fff,8a755824665ffff,8a75582466effff,8a75582466c7fff,8a75582466f7fff,8a75582466affff,8a7558246687fff,8a7558246697fff,8a75582466b7fff,8a755824679ffff,8a7558246797fff",2,2
174375408#0,-561133130#1,"174375408#0,174375408#1,-174375409,57680120#0,57680120#1,1238123694,563272697,563271328,1238123691,-22561498,-22561652#6,-22561652#5,-22561652#4,-22561652#3,-22561652#2,-22561652#1,-22561652#0,-174907151#4,-174907151#1,-57392486,1004094803#0,1004094803#1,1004094802,57392452,24580169#2,-57099575#2,-57099575#1,-57099591#1,-57099591#0,32898139#0,32898139#1,32898141,-24580169#0,22561499#0,22561499#1,22561499#2,-57680180#3,-57680180#2,-57680180#1,-57680180#0,-563282223,-561133130#1",4.811102249011647,2721.210035473532,34.75885714285715,13.83657333261564,39.99600000000001,0.5363371023338374,0.0,0.0,0.191035898703275,0.0671189073345458,0.0,0.0,0.7418451939621791,1.4699343115218002,19.1091460497834,1.10245073364135,0.7349671557609001,115.29545302792154,2.2049014672827,0.7349671557609001,3.837397626801699,82.0224853314778,15.434310270978902,"8a755824664ffff,8a7558246647fff,8a755824665ffff,8a75582466effff,8a75582466c7fff,8a75582466f7fff,8a75582466affff,8a7558246687fff,8a7558246697fff,8a7558255a67fff,8a7558255a77fff,8a7558255aa7fff,8a755825516ffff,8a7558255a37fff,8a7558255b57fff,8a7558255b5ffff,8a7558255b4ffff,8a75582466b7fff,8a755824679ffff,8a7558246797fff",3,3
174375408#0,-561133130#1,"174375408#0,174375408#1,-174375409,57680120#0,57680120#1,1238123694,563272697,563271328,1238123691,-22561498,-22561652#6,-22561652#5,-22561652#4,-22561652#3,-22561652#2,-22561652#1,-22561652#0,-174907151#4,-174907151#1,-57392486,1004094803#0,1004094803#1,1004094802,57392452,-24580169#1,-24580169#0,-22561654#5,-22561654#4,-22561654#3,-22561654#2,-1116499321#1,-1116499322,57680111,57680112#1,57680087#0,57680087#1,57680087#2,1116499328#0,1116499328#1,1116499329,1116499330#0,-561133130#1",4.479865796922951,2187.828756586916,32.37514285714286,11.855913022152713,39.99600000000001,0.0942248646370905,0.0,0.0,0.4099260451257823,0.0660136872244076,0.0,0.0,0.5240602676498103,1.8282966561972287,16.454669905775063,0.9141483280986146,1.371222492147922,122.08993185917336,1.8282966561972287,0.4570741640493073,3.0852336897670547,43.89727619925585,19.197114890070907,"8a755824664ffff,8a7558246647fff,8a755824665ffff,8a75582466effff,8a75582466c7fff,8a75582466f7fff,8a75582466affff,8a7558246687fff,8a7558246697fff,8a7558255a67fff,8a7558255b4ffff,8a7558255b5ffff,8a7558255b47fff,8a7558255b77fff,8a7558255b2ffff,8a7558255b07fff,8a755824648ffff,8a75582464f7fff,8a75582464c7fff,8a75582464cffff,8a7558246797fff,8a755824679ffff",4,4
174375408#1,57680152#2,"174375408#1,-174375409,57680120#0,57680120#1,1238123694,563272697,563271328,1238123691,-22561498,-22561652#6,-22561652#5,-22561652#4,-22561652#3,-22561652#2,-22561652#1,-22561652#0,-174907151#4,-174907151#1,1116499317#0,1116499317#1,1116499317#2,1116499317#3,1116499316#0,1116499316#1,1116499315#1,1116499315#2,628868117#0,628868117#1,563371197#1,563371197#2,-563282223,-1116499330#0,1116499332#0,1116499332#1,1116499332#2,1116499331#0,1116499331#1,57680152#1,57680152#2",2.6682084074313206,1852.8731879780323,32.56153846153847,10.44155119007999,29.988000000000007,0.1072187082199469,0.0,0.0,0.2360454943394583,0.0441456506413842,0.0,0.037170737512983,0.5525812324694692,1.079404685100183,10.794046851001829,1.079404685100183,1.079404685100183,123.22610177444815,1.079404685100183,0.0,8.330266641932562,68.51308052961436,21.048391359453568,"8a755824664ffff,8a7558246647fff,8a755824665ffff,8a75582466effff,8a75582466c7fff,8a75582466f7fff,8a75582466affff,8a7558246687fff,8a75582466a7fff,8a755824678ffff,8a755824679ffff,8a7558246797fff,8a75582467b7fff,8a7558246787fff,8a75582467affff,8a755824662ffff,8a7558246297fff",0,0
174375408#1,57680152#2,"174375408#1,-174375409,57680120#0,57680120#1,1238123694,563272697,563271328,1238123691,-22561498,-22561652#6,-22561652#5,-22561652#4,-22561652#3,-22561652#2,-22561652#1,-22561652#0,-174907151#4,-174907151#1,-57392486,1004094803#0,1004094803#1,1004094802,57392452,-24580169#1,-24580169#0,-22561654#5,-22561654#4,-22561654#3,-22561654#2,-1116499321#1,-1116499322,57680111,57680112#1,57680087#0,57680087#1,57680087#2,1116499328#0,1116499328#1,1116499329,1116499332#0,1116499332#1,1116499332#2,1116499331#0,1116499331#1,57680152#1,57680152#2",5.273383319122615,2806.7791741253395,31.732434782608703,11.01694036907036,39.99600000000001,0.070779586631459,0.0,0.0,0.3195292304673779,0.0514563612874533,0.0,0.0,0.6290144082451686,1.4251210201623703,12.826089181461334,0.7125605100811853,1.068840765121778,115.75842386288264,1.4251210201623703,0.3562802550405926,12.61889862576205,68.09494318078154,16.38889173186726,"8a755824664ffff,8a7558246647fff,8a755824665ffff,8a75582466effff,8a75582466c7fff,8a75582466f7fff,8a75582466affff,8a7558246687fff,8a7558246697fff,8a7558255a67fff,8a7558255b4ffff,8a7558255b5ffff,8a7558255b47fff,8a7558255b77fff,8a7558255b2ffff,8a7558255b07fff,8a755824648ffff,8a75582464f7fff,8a75582464c7fff,8a75582464cffff,8a7558246797fff,8a75582467b7fff,8a7558246787fff,8a75582467affff,8a755824662ffff,8a7558246297fff",1,1
174375408#1,57680152#2,"174375408#1,-174375409,57680120#0,57680120#1,1238123694,563272697,563271328,1238123691,-22561498,-22561652#6,-22561652#5,-22561652#4,-22561652#3,-22561652#2,-22561652#1,-22561652#0,-174907151#4,-174907151#1,-174907152#2,-174907152#1,-174907152#0,-57680180#3,-57680180#2,-57680180#1,-57680180#0,-563282223,-1116499330#0,1116499332#0,1116499332#1,1116499332#2,1116499331#0,1116499331#1,57680152#1,57680152#2",2.523441831736294,1864.664881875521,35.28635294117648,8.963386487606304,20.016000000000005,0.1065406828011692,0.0,0.0,0.310220062111371,0.0438664841250152,0.0,0.0,0.6459134537636136,1.072578788521161,9.653209096690448,0.5362893942605805,1.072578788521161,119.84502649474604,0.5362893942605805,0.0,8.383280498986277,72.43710706318454,18.233839404859737,"8a755824664ffff,8a7558246647fff,8a755824665ffff,8a75582466effff,8a75582466c7fff,8a75582466f7fff,8a75582466affff,8a7558246687fff,8a7558246697fff,8a75582466b7fff,8a755824679ffff,8a7558246797fff,8a75582467b7fff,8a7558246787fff,8a75582467affff,8a755824662ffff,8a7558246297fff",2,2
174375408#1,57680152#2,"174375408#1,-174375409,57680120#0,57680120#1,1238123694,563272697,563271328,1238123691,-22561498,-22561652#6,-22561652#5,-22561652#4,-22561652#3,-22561652#2,-22561652#1,-22561652#0,-174907151#4,-174907151#1,-174907152#2,-174907152#1,-174907152#0,-22561653,-22561499#1,-22561499#0,-22561654#5,-22561654#4,-22561654#3,-22561654#2,-1116499321#1,-1116499322,57680111,57680112#1,57680087#0,57680087#1,57680087#2,1116499328#0,1116499328#1,1116499329,1116499332#0,1116499332#1,1116499332#2,1116499331#0,1116499331#1,57680152#1,57680152#2",3.7967711634689865,2622.4188973321525,33.99120000000001,8.096870668238555,20.016000000000005,0.0757555056945645,0.0,0.0,0.4272500155067286,0.0311911619163815,0.0,0.0,0.5415588225768896,0.7626546628514028,6.863891965662625,0.3813273314257014,1.143981994277104,115.33443212767246,0.3813273314257014,0.0,11.79003981673386,68.92514390921956,17.15972991415656,"8a755824664ffff,8a7558246647fff,8a755824665ffff,8a75582466effff,8a75582466c7fff,8a75582466f7fff,8a75582466affff,8a7558246687fff,8a7558246697fff,8a7558255b4ffff,8a7558255b5ffff,8a7558255b47fff,8a7558255b77fff,8a7558255b2ffff,8a7558255b07fff,8a755824648ffff,8a75582464f7fff,8a75582464c7fff,8a75582464cffff,8a7558246797fff,8a75582467b7fff,8a7558246787fff,8a75582467affff,8a755824662ffff,8a7558246297fff",4,4
174375412,57099589,"174375412,49188792#1,-39353757#7,-39353757#6,-39353757#5,-39353757#4,-39353757#3,-39353757#2,-39353757#1,-39353757#0,57680128,174375407#0,174375407#1,174375407#2,174375407#3,174375407#4,174375402,174375403,561133137,563273548,174375406,1238123693,1238123694,563272697,563271328,1238123691,-22561498,-22561652#6,-22561652#5,-22561652#4,-22561652#3,-22561652#2,-22561652#1,-22561652#0,-174907151#4,-174907151#1,-174907152#2,-174907152#1,-174907152#0,-57680180#3,-57680180#2,-57680180#1,-57680180#0,-563282223,-1116499330#0,-1116499329,-1116499328#1,-1116499328#0,-57680087#2,-57680087#1,-57680087#0,-57680112#1,-57680112#0,-1264978470#1,57099589",5.322282995271544,3460.870347108593,34.35512727272728,8.34303217606819,20.016000000000005,0.0975507723004308,0.0,0.0,0.248891703193447,0.0550953294914625,0.2241169968612097,0.0,0.4718959704538807,1.155778633354996,10.402007700194964,0.577889316677498,0.577889316677498,105.15834922322117,1.444723291693745,0.288944658338749,1.5515092991643178,72.26710714372885,15.891956208631196,"8a755824051ffff,8a755824625ffff,8a75582405b7fff,8a7558240597fff,8a755824296ffff,8a755824291ffff,8a75582429affff,8a75582429a7fff,8a755824665ffff,8a755824664ffff,8a75582466effff,8a75582466c7fff,8a75582466f7fff,8a75582466affff,8a7558246687fff,8a7558246697fff,8a75582466b7fff,8a755824679ffff,8a7558246797fff,8a75582464cffff,8a75582464c7fff,8a75582464f7fff,8a755824648ffff,8a7558255b07fff,8a7558255867fff,8a7558255857fff",0,0
174375412,57099589,"174375412,49188792#1,-39353757#7,-39353757#6,57680106,39353757#15,39353757#16,39389916#0,39389916#1,1123308756,-39353757#3,-39353757#2,-39353757#1,-39353757#0,57680128,174375407#0,174375407#1,174375407#2,174375407#3,174375407#4,174375402,174375403,563272698,563272697,563271328,1238123691,-22561498,-22561652#6,-22561652#5,-22561652#4,-22561652#3,-22561652#2,-22561652#1,-22561652#0,-174907151#4,-174907151#1,-57392486,1004094803#0,1004094803#1,1004094802,57392452,24580169#2,-57099575#2,-57099575#1,-57099591#1,-57099591#0,32898139#0,32898139#1,32898141,-24580169#0,-22561654#5,-22561654#4,-22561654#3,-22561654#2,-1116499321#1,-1116499322,-1264978470#1,57099589",9.706520848416853,5475.362859893031,32.75255172413794,11.517253801529977,39.99600000000001,0.273045840100774,0.0,0.0,0.215469454635271,0.0311691151387744,0.1462150103262056,0.0,0.607146419899749,0.7305451898539826,9.497087468101777,0.547908892390487,0.547908892390487,108.74511179337574,1.4610903797079653,0.3652725949269913,2.4546069460591724,100.41368253917264,10.59290525288275,"8a755824051ffff,8a755824625ffff,8a75582405b7fff,8a7558240437fff,8a7558240407fff,8a755824040ffff,8a7558240417fff,8a7558240597fff,8a755824296ffff,8a755824291ffff,8a75582429affff,8a75582429a7fff,8a755824665ffff,8a75582466effff,8a75582466c7fff,8a75582466f7fff,8a75582466affff,8a7558246687fff,8a7558246697fff,8a7558255a67fff,8a7558255a77fff,8a7558255aa7fff,8a755825516ffff,8a7558255a37fff,8a7558255b57fff,8a7558255b5ffff,8a7558255b4ffff,8a7558255b47fff,8a7558255b77fff,8a7558255b2ffff,8a7558255b07fff,8a7558255867fff,8a7558255857fff",1,1
174375412,57099589,"174375412,49188792#1,39353757#8,174375415#0,39761731#2,39353757#10,39353757#11,39353757#12,39353757#13,39353757#14,39353757#15,39353757#16,39353757#17,39353757#18,39353757#19,174907149,563297843,174375407#0,174375407#1,174375407#2,174375407#3,174375407#4,174375402,174375403,561133137,563273548,174375406,1238123693,1238123694,563272697,563271328,1238123691,-22561498,-22561652#6,-22561652#5,-22561652#4,-22561652#3,-22561652#2,-22561652#1,-22561652#0,-174907151#4,-174907151#1,-174907152#2,-174907152#1,-174907152#0,-57680180#3,-57680180#2,-57680180#1,57680171#0,57680171#1,57680171#2,-22561499#1,-22561499#0,-22561654#5,-22561654#4,-22561654#3,-22561654#2,-1116499321#1,-1116499322,-1264978470#1,57099589",6.8113386175204464,4319.482738426368,33.9255737704918,8.02278978173847,20.016000000000005,0.0781599547067754,0.0,0.0,0.3180870297660196,0.0441436634078658,0.2785478178253224,0.0,0.359221489000792,0.9260368063091836,8.33433125678265,0.4630184031545917,0.6945276047318877,111.98850624578304,1.1575460078864794,0.2315092015772958,1.9364255126885228,84.04153450421913,14.12206129621505,"8a755824051ffff,8a755824625ffff,8a755824624ffff,8a7558240517fff,8a7558240437fff,8a7558240407fff,8a755824040ffff,8a75582404e7fff,8a75582404f7fff,8a755824296ffff,8a755824291ffff,8a75582429affff,8a75582429a7fff,8a755824665ffff,8a755824664ffff,8a75582466effff,8a75582466c7fff,8a75582466f7fff,8a75582466affff,8a7558246687fff,8a7558246697fff,8a75582466b7fff,8a755824679ffff,8a7558255b6ffff,8a7558255b4ffff,8a7558255b5ffff,8a7558255b47fff,8a7558255b77fff,8a7558255b2ffff,8a7558255b07fff,8a7558255867fff,8a7558255857fff",2,2
174375412,57099589,"174375412,49188792#1,-39353757#7,-39353757#6,57680106,39353757#15,39353757#16,39353757#17,39353757#18,174375411#0,174375411#1,57680128,174375407#0,174375407#1,174375407#2,174375407#3,174375407#4,174375402,174375403,561133137,563273548,174375406,1238123693,1238123694,563272697,563271328,1238123691,-22561498,-22561652#6,-22561652#5,-22561652#4,-22561652#3,-22561652#2,-22561652#1,-22561652#0,-174907151#4,-174907151#1,-57392486,1004094803#0,1004094803#1,1004094802,57392452,-24580169#1,-24580169#0,-22561654#5,-22561654#4,-22561654#3,-22561654#2,-1116499321#1,-1116499322,-1264978470#1,57099589",7.945413758368152,4188.877608098426,32.68592307692308,11.224262976539524,39.99600000000001,0.0805969060875388,0.0,0.0,0.281644287498516,0.0604716028012092,0.1851665150637089,0.0,0.4727175946365657,0.9549097334013136,8.594187600611821,0.4774548667006567,0.716182300050985,110.78243310291134,1.43236460010197,0.4774548667006567,1.8778751903998927,85.79221574529653,12.413826534217074,"8a755824051ffff,8a755824625ffff,8a75582405b7fff,8a7558240437fff,8a7558240407fff,8a755824040ffff,8a75582404e7fff,8a75582404f7fff,8a75582404affff,8a755824296ffff,8a755824291ffff,8a75582429affff,8a75582429a7fff,8a755824665ffff,8a755824664ffff,8a75582466effff,8a75582466c7fff,8a75582466f7fff,8a75582466affff,8a7558246687fff,8a7558246697fff,8a7558255a67fff,8a7558255b4ffff,8a7558255b5ffff,8a7558255b47fff,8a7558255b77fff,8a7558255b2ffff,8a7558255b07fff,8a7558255867fff,8a7558255857fff",3,3
174375412,57099589,"174375412,49188792#1,39353757#8,174375415#0,39761731#2,39353757#10,39353757#11,39353757#12,39353757#13,39353757#14,39353757#15,39353757#16,39353757#17,57680181#0,57680181#1,-39353757#0,57680128,174375407#0,174375407#1,174375407#2,174375407#3,174375407#4,174375402,174375403,563272698,563272697,563271328,1238123691,-22561498,-22561652#6,-22561652#5,-22561652#4,-22561652#3,-22561652#2,-22561652#1,-22561652#0,-174907151#4,-174907151#1,-174907152#2,-174907152#1,-174907152#0,-57680180#3,-57680180#2,-57680180#1,-57680180#0,-563282223,-1116499330#0,-1116499329,-1116499328#1,-1116499328#0,-57680087#2,-57680087#1,-57680087#0,-57680112#1,-57680112#0,-1264978470#1,57099589",6.991889527589295,4313.171854125064,32.79726315789474,7.01437345365703,20.016000000000005,0.056034636059267,0.0,0.0,0.1997096207515447,0.0161862003180531,0.1856128770601424,0.0,0.5984913018702597,0.9273917514263778,8.3465257628374,0.4636958757131889,0.4636958757131889,113.1320145328294,1.1592396892829722,0.2318479378565944,1.9335963412092725,77.11303244170118,13.215332457825884,"8a755824051ffff,8a755824625ffff,8a755824624ffff,8a7558240517fff,8a7558240437fff,8a7558240407fff,8a755824040ffff,8a75582404e7fff,8a7558240417fff,8a7558240597fff,8a755824296ffff,8a755824291ffff,8a75582429affff,8a75582429a7fff,8a755824665ffff,8a75582466effff,8a75582466c7fff,8a75582466f7fff,8a75582466affff,8a7558246687fff,8a7558246697fff,8a75582466b7fff,8a755824679ffff,8a7558246797fff,8a75582464cffff,8a75582464c7fff,8a75582464f7fff,8a755824648ffff,8a7558255b07fff,8a7558255867fff,8a7558255857fff",4,4
32897986,-22561653,"-32897986,-22561652#1,-22561652#0,-174907151#4,-174907151#1,1116499317#0,1116499317#1,1116499317#2,1116499317#3,1116499316#0,1116499316#1,1116499315#1,1116499315#2,628868117#0,628868117#1,563371197#1,563371197#2,57680180#0,57680180#1,57680180#2,57680180#3,-22561653",1.4464872639703363,834.5221097259342,26.361818181818183,4.909873392183624,9.972,0.0,0.0,0.0,0.3125497299517643,0.0,0.0,0.0825294646031535,0.3161580364447588,3.594871801521509,34.75042741470793,2.39658120101434,2.39658120101434,122.410821453553,4.793162402028679,0.0,2.073141617523137,30.04854291079302,26.362393211157737,"8a75582466e7fff,8a75582466f7fff,8a75582466affff,8a7558246687fff,8a75582466a7fff,8a755824678ffff,8a755824679ffff,8a75582466b7fff,8a7558246697fff,8a7558255b4ffff",0,0
32897986,-22561653,"-32897986,-22561652#1,-22561652#0,-174907151#4,-174907151#1,1116499317#0,1116499317#1,1116499317#2,1116499317#3,1116499316#0,1116499316#1,1116499315#1,1116499315#2,628868117#0,628868117#1,563371197#1,563371197#2,57680180#0,57680171#0,57680171#1,57680171#2,22561499#2",1.4496885444825414,845.7308675964871,26.361818181818183,4.909873392183624,9.972,0.0,0.0,0.0,0.3084074024339191,0.0,0.0,0.0814356736332767,0.3252212257936324,3.547227746961404,34.2898682206269,2.364818497974269,2.364818497974269,122.0054035548673,4.729636995948538,0.0,2.2592045348767984,31.751105510209435,26.01300347771696,"8a75582466e7fff,8a75582466f7fff,8a75582466affff,8a7558246687fff,8a75582466a7fff,8a755824678ffff,8a755824679ffff,8a7558255b6ffff,8a7558255b4ffff,8a7558246697fff",1,1
32897986,-22561653,"-32897986,-22561652#1,-22561652#0,-174907151#4,-174907151#1,-174907152#2,-174907152#1,-174907152#0,-22561653",0.758203281312525,485.2154353406172,29.988,0.0,0.0,0.0,0.0,0.0,0.8283408124046673,0.0,0.0,0.0,0.1716591875953328,2.060940207514232,18.548461867628088,0.0,4.121880415028464,29.432798730364844,2.060940207514232,0.0,1.205384855291126,30.516442856275777,18.548461867628088,"8a75582466e7fff,8a75582466f7fff,8a75582466affff,8a7558246687fff,8a7558246697fff,8a7558255b4ffff",2,2
41231357#0,-57680180#1,"41231357#0,41231357#1,79119291#1,-79116549#3,-79116549#2,-79116549#1,-79116549#0,79116530#2,79116530#3,79116530#0,-561134628#1,-561134628#0,-1034110351#0,-23881168#1,-23881168#0,1259750653,145622122#0,145622122#1,145622122#2,563298888,979838980#0,979838980#1,979838980#2,979838980#3,979838980#4,979838980#5,979838980#6,57680170#0,57680170#1,57680132#0,57680132#1,174375408#0,174375408#1,-174375409,57680120#0,57680120#1,1238123694,563272697,563271328,1238123691,-22561498,-22561652#6,-22561652#5,-22561652#4,-22561652#3,-22561652#2,-22561652#1,-22561652#0,-174907151#4,-174907151#1,-174907152#2,-174907152#1,-174907152#0,-57680180#3,-57680180#2,-57680180#1",4.6293868917235095,3760.65382083676,43.92064285714286,15.688285413504708,39.99600000000001,0.5402769649918739,0.0,0.0,0.153818054793357,0.4532419490231993,0.0,0.0076709960198536,0.38526900016359,0.5318224158040137,9.572803484472246,0.7977336237060205,0.5318224158040137,90.80501643404502,1.329556039510034,0.0,1.7577198175073987,68.77537129723935,14.891027642512382,"8a75582446cffff,8a75582446c7fff,8a75582446e7fff,8a755824461ffff,8a7558240d67fff,8a7558240d77fff,8a7558240d57fff,8a7558240d47fff,8a7558240c67fff,8a7558240c07fff,8a7558240c37fff,8a7558240c17fff,8a7558240cb7fff,8a755824634ffff,8a7558246277fff,8a75582462e7fff,8a75582462c7fff,8a75582462d7fff,8a7558242927fff,8a7558242937fff,8a755824664ffff,8a7558246647fff,8a755824665ffff,8a75582466effff,8a75582466c7fff,8a75582466f7fff,8a75582466affff,8a7558246687fff,8a7558246697fff,8a75582466b7fff,8a755824679ffff",0,0
41231357#0,-57680180#1,"41231357#0,79119291#0,79119291#1,79119291#2,41231511#0,41231511#1,41231511#2,41231511#3,79119286#2,79119286#3,79119284#4,79119284#5,79119284#1,-561133140#1,-561133140#0,-227385933,-23030922#0,-154901400#5,-154901400#4,-154901400#3,-154901400#2,-227218688,-57680127,-57680164,-57680125#1,-57680125#0,-57680135,-57680114#3,-57680114#2,-57680114#1,-57680114#0,-1264978471,-57680145#1,-57680145#0,-1116499324#2,-1116499324#1,-1116499324#0,-57680112#1,-57680112#0,1116499322,1116499321#0,22561654#0,22561654#3,22561654#4,22561654#5,22561499#0,22561499#1,22561499#2,-57680180#3,-57680180#2,-57680180#1",10.210609440516176,7981.181727546123,39.99105882352942,17.66623994109869,50.004000000000005,0.5611482244945617,0.0,0.0,0.0679062421555231,0.0,0.232424465573356,0.3206707502145183,0.3789985420566022,0.250589457585865,4.2600207789597055,0.5011789151717301,0.1252947287929325,97.82311554165447,0.6264736439646625,0.5011789151717301,3.7303835869993263,273.43121297773905,6.390031168439558,"8a75582446cffff,8a75582446c7fff,8a75582446e7fff,8a755824461ffff,8a7558244617fff,8a7558244637fff,8a755824471ffff,8a7558244627fff,8a7558244767fff,8a75582440c7fff,8a7558244c27fff,8a7558244c87fff,8a7558271257fff,8a75582712e7fff,8a7558246d27fff,8a7558246d37fff,8a7558273327fff,8a7558273337fff,8a75582733affff,8a755827338ffff,8a75582732f7fff,8a7558255967fff,8a75582464affff,8a75582464f7fff,8a755824648ffff,8a7558255b07fff,8a7558255b2ffff,8a7558255b77fff,8a7558255b47fff,8a7558255b5ffff,8a7558255b4ffff,8a7558246697fff,8a75582466b7fff,8a755824679ffff",1,1
41231357#0,-57680180#1,"41231357#0,41231357#1,79119291#1,-79116549#3,-79116549#2,-79116549#1,-79116549#0,79116530#2,79116557#0,79116557#1,79116557#2,79116557#3,79116557#4,1020078540,-41231514#8,-41231514#7,-41231514#6,-41231514#5,-41231514#4,-41231514#3,-41231514#2,-41231514#1,-41231514#0,870315480,-979842178#0,-226068307,213840997,1157449881,979838980#0,979838980#1,979838980#2,979838980#3,979838980#4,979838980#5,979838980#6,57680170#0,57680170#1,57680132#0,57680132#1,174375406,1238123693,1238123694,563272697,563271328,1238123691,-22561498,-22561652#6,-22561652#5,-22561652#4,-22561652#3,-22561652#2,-22561652#1,-22561652#0,-174907151#4,-174907151#1,-174907152#2,-174907152#1,-174907152#0,-57680180#3,-57680180#2,-57680180#1",5.848152322528529,4168.195823047471,38.1871475409836,13.846790051411515,39.99600000000001,0.3369771558004069,0.0,0.0,0.1387786179031753,0.3225602805932659,0.0,0.0022830652539521,0.5363780362496064,0.479823905811064,4.79823905811064,0.479823905811064,0.479823905811064,98.64976164881747,0.719735858716596,0.0,1.9482038896608471,60.67826336556743,14.634629127237451,"8a75582446cffff,8a75582446c7fff,8a75582446e7fff,8a755824461ffff,8a7558240d67fff,8a7558240d77fff,8a7558240d27fff,8a755824469ffff,8a7558246a6ffff,8a7558246a4ffff,8a7558246a5ffff,8a7558240da7fff,8a7558240daffff,8a7558240d1ffff,8a7558240c27fff,8a7558240c37fff,8a7558240c17fff,8a7558240cb7fff,8a755824634ffff,8a7558246277fff,8a75582462e7fff,8a75582462c7fff,8a75582462d7fff,8a7558242927fff,8a7558242937fff,8a755824664ffff,8a755824665ffff,8a75582466effff,8a75582466c7fff,8a75582466f7fff,8a75582466affff,8a7558246687fff,8a7558246697fff,8a75582466b7fff,8a755824679ffff",2,2
41231357#0,-57680180#1,"41231357#0,41231357#1,79119291#1,79119291#2,79119293#0,79119288,41231358#0,-79116549#2,-79116549#1,-41231508#0,79119287#0,79119287#1,79119287#2,79116549#5,79116549#6,79119284#1,-561133140#1,-561133140#0,-227385933,-23030922#0,-154901400#5,-154901400#4,-154901400#3,-154901400#2,-154901400#1,-154901400#0,-227218424,-227218423,-57680175,-57680125#0,-57680135,-57680114#3,-57680114#2,-57680114#1,-57680114#0,-1264978471,-57680145#1,-57680145#0,-1116499324#2,-1116499324#1,-1116499324#0,-57680112#1,-57680112#0,1116499322,1116499321#0,22561654#0,22561654#3,22561654#4,22561654#5,22561499#0,22561499#1,22561499#2,-57680180#3,-57680180#2,-57680180#1",12.369992018401742,9389.697421874882,40.35534545454544,17.212366936700963,50.004000000000005,0.5513738158232521,0.0,0.0,0.0577198640943816,0.0,0.1975592837898223,0.3413872575294849,0.4033335945863109,0.2129994088351199,3.62098995019704,0.4259988176702399,0.1064997044175599,97.56016556554673,0.5324985220877999,0.4259988176702399,4.38872016014367,254.452069474822,5.857483742965799,"8a75582446cffff,8a75582446c7fff,8a75582446e7fff,8a755824461ffff,8a755824468ffff,8a75582446dffff,8a7558240d67fff,8a7558240d47fff,8a7558240997fff,8a755824460ffff,8a7558244627fff,8a755824471ffff,8a7558244767fff,8a75582440c7fff,8a7558244c27fff,8a7558244c87fff,8a7558271257fff,8a75582712e7fff,8a7558246d27fff,8a7558273a0ffff,8a7558273aaffff,8a7558273a87fff,8a7558273337fff,8a75582733affff,8a755827338ffff,8a75582732f7fff,8a7558255967fff,8a75582464affff,8a75582464f7fff,8a755824648ffff,8a7558255b07fff,8a7558255b2ffff,8a7558255b77fff,8a7558255b47fff,8a7558255b5ffff,8a7558255b4ffff,8a7558246697fff,8a75582466b7fff,8a755824679ffff",3,3
41231357#0,-57680180#1,"41231357#0,41231357#1,79119291#1,79119291#2,79119293#0,79119288,41231358#0,-79116549#2,-79116549#1,-41231508#0,79119287#0,79119287#1,79119287#2,79116549#5,79116549#6,79119284#1,-561133140#1,-561133140#0,-227385933,-23030922#0,-154901400#5,-154901400#4,-154901400#3,-154901400#2,-227218688,-57680127,-57680164,-57680125#1,-57680125#0,-125835961,-125835958,-55682704#2,-55682704#1,-55682704#0,-849128758#0,-55682703,55682343#1,55682342#1,55682342#2,1116499323#0,1116499323#1,1264978470#0,1264978470#1,57680111,57680112#1,57680087#0,57680087#1,57680087#2,1116499328#0,1116499328#1,1116499329,1116499330#0,1116499330#1,57680180#0,57680180#1",13.37865935788076,9869.596412679148,37.989818181818194,15.918124695396187,50.004000000000005,0.5129173169424532,0.0,0.0,0.173716991912387,0.0,0.1879531664826391,0.2445449259035267,0.3937849157014468,0.2026425313025632,3.242280500841012,0.3039637969538448,0.0,98.42576204239808,0.5066063282564081,0.3039637969538448,4.551155686445385,260.5528562324525,5.572669610820489,"8a75582446cffff,8a75582446c7fff,8a75582446e7fff,8a755824461ffff,8a755824468ffff,8a75582446dffff,8a7558240d67fff,8a7558240d47fff,8a7558240997fff,8a755824460ffff,8a7558244627fff,8a755824471ffff,8a7558244767fff,8a75582440c7fff,8a7558244c27fff,8a7558244c87fff,8a7558271257fff,8a75582712e7fff,8a7558246d27fff,8a7558246d37fff,8a7558273327fff,8a7558273337fff,8a755827305ffff,8a75582733b7fff,8a75582730d7fff,8a7558273767fff,8a7558273667fff,8a7558255937fff,8a755825595ffff,8a7558255867fff,8a7558255b07fff,8a755824648ffff,8a75582464f7fff,8a75582464c7fff,8a75582464cffff,8a7558246797fff,8a755824679ffff,8a75582466b7fff",4,4
41231509,-561133140#1,"-41231509,41231508#3,79119293#2,41231360,41231359#1,-41231508#1,-79116549#0,79116530#2,79116557#0,79116557#1,23881170,41231753#0,41231753#1,41231753#2,79119286#0,79119286#1,79119286#2,79119286#3,79119284#4,79119284#5,79119284#1,-561133140#1",2.450780312124849,1522.234964212189,29.988000000000003,3.636318380409584e-15,0.0,0.0,0.0,0.0,0.0,0.0,0.0,0.0062515073421619,0.993748492657838,0.0,1.3138576152959878,0.6569288076479939,0.0,86.52502333049019,1.3138576152959878,0.0,2.769018484280654,76.95745788324555,14.452433768255863,"8a7558240d27fff,8a75582446d7fff,8a7558240d77fff,8a7558240d67fff,8a7558244687fff,8a75582446a7fff,8a755824478ffff,8a75582447affff,8a7558244637fff,8a755824471ffff,8a7558244627fff",1,1
41231509,-561133140#1,"41231509,41231360,41231359#1,-41231508#1,79116549#1,79116549#2,79116549#3,79116549#4,79116549#5,79116549#6,79119284#1,-561133140#1",2.139875950380152,1251.1934404328074,29.988,0.0,0.0,0.0,0.0,0.0,0.0,0.0,0.0,0.0,1.0,0.0,0.0,0.0,0.0,84.77378107921245,0.0,0.0,2.3214749110117894,77.42259013871413,9.590843120028676,"8a75582446d7fff,8a7558240d27fff,8a7558240d77fff,8a7558240d67fff,8a75582446c7fff,8a755824461ffff,8a755824460ffff,8a7558244627fff,8a755824471ffff",2,2
41231509,-561133140#1,"-41231509,-41231508#2,-41231508#1,79116549#1,79116549#2,79116549#3,79119291#2,41231511#0,41231511#1,41231511#2,41231511#3,-79119286#1,41231755,-41231756#3,-41231756#2,41273133,-41273134,41231515#4,41231515#5,41231515#6,-41231513#4,-41231513#3,-41231513#2,-41231513#1,-41231513#0,79119284#3,79119284#4,79119284#5,79119284#1,-561133140#1",3.733313325330132,2240.745645929208,29.98800000000001,1.0840344679840707e-14,0.0,0.0,0.0,0.0,0.0,0.0,0.0,0.0,1.0,0.0,0.0,0.0,0.0,101.84410729985665,0.0,0.0,4.0760239109082,69.33185043678213,13.388400443620808,"8a7558240d27fff,8a75582446d7fff,8a7558240d77fff,8a7558240d67fff,8a75582446c7fff,8a755824461ffff,8a7558244617fff,8a7558244637fff,8a75582447affff,8a7558244737fff,8a755824446ffff,8a755824409ffff,8a7558244707fff,8a7558244717fff,8a755824471ffff,8a7558244627fff",3,3
41231509,-561133140#1,"-41231509,-41231508#2,79119292,41231358#0,-79116549#2,-79116549#1,-41231508#0,79119287#0,79119287#1,41231357#0,41231357#1,79119291#1,79116549#4,79116549#5,79116549#6,79119284#1,-561133140#1",3.0187274909964,1755.6518088930538,29.988,0.0,0.0,0.0,0.0,0.0,0.0,0.0,0.0,0.0,1.0,0.0,0.0,0.0,0.0,111.53285006077232,0.0,0.0,3.193614931385837,59.11349684296235,9.683013404986363,"8a7558240d27fff,8a75582446d7fff,8a7558240d77fff,8a75582446dffff,8a75582446c7fff,8a7558240d67fff,8a7558240d47fff,8a7558240997fff,8a75582446cffff,8a75582446e7fff,8a755824461ffff,8a755824460ffff,8a7558244627fff,8a755824471ffff",4,4
41231709#0,-41231513#2,"41231709#0,41231709#1,79119289#0,79119289#1,79119289#2,1020078536,-79116557#3,-79116557#2,-79116557#1,-79116557#0,79116530#3,79116530#0,79116530#1,79116549#0,-41231508#0,79119287#0,79119290,79116549#2,41231358#1,41231357#1,79119291#1,79116549#4,79116549#5,79116549#6,79119284#1,79119284#2,41231513#0,41231513#1,41231513#2",3.842726493045023,2277.3184048878206,30.67820689655173,3.716877888951871,20.016000000000005,0.0140598350415822,0.0,0.0,0.0,0.0,0.0,0.0125969747944115,0.9874030252055882,0.0,0.878225897488638,0.439112948744319,0.0,104.0436645798147,0.878225897488638,0.0,2.9141515939642098,68.16080387106761,12.734275513585253,"8a7558246a4ffff,8a7558240d1ffff,8a7558240d07fff,8a7558240d37fff,8a755824469ffff,8a7558240d27fff,8a7558240d77fff,8a7558240d57fff,8a7558240d67fff,8a7558240d47fff,8a7558240997fff,8a75582446c7fff,8a75582446e7fff,8a755824461ffff,8a755824460ffff,8a7558244627fff,8a755824471ffff,8a7558244717fff",0,0
41231709#0,-41231513#2,"41231709#0,41231709#1,79119289#0,79119289#1,79119289#2,-41231514#8,-41231514#7,-41231514#6,-41231514#5,-41231514#4,-41231514#3,-41231514#2,-41231514#1,-41231514#0,870315480,979842178#1,979842178#2,979842178#3,979842178#4,979842178#5,79116530#0,79116530#1,79116530#2,79116557#0,79116557#1,79116557#2,1020078538,1020078537#1,1157449878#0,1157449878#1,-1157449879,1020092137#1,41273126,1020092139#0,1020092139#1,41231515#5,41231515#6,-41231513#4,-41231513#3,-41231513#2",5.651728034626378,3310.997283175502,30.988800000000005,4.417960100108856,20.016000000000005,0.0167795015325083,0.0,0.0,0.0,0.0,0.0,0.0085398870015309,0.9914601129984688,0.0,0.6040476113232705,0.3020238056616352,0.0,96.64265403275736,0.6040476113232705,0.0,4.502250861788729,79.04580280942756,12.080952226465408,"8a7558246a4ffff,8a7558240d1ffff,8a7558240d07fff,8a7558240d37fff,8a755824469ffff,8a7558246a6ffff,8a7558246a5ffff,8a7558240da7fff,8a7558240daffff,8a7558240c27fff,8a7558240d57fff,8a7558240d77fff,8a7558240d27fff,8a75582446b7fff,8a7558244787fff,8a7558244797fff,8a75582447a7fff,8a7558244467fff,8a7558244097fff,8a755824409ffff,8a7558244707fff,8a7558244717fff,8a755824471ffff",1,1
41231709#0,-41231513#2,"41231709#0,41231709#1,79119289#0,79119289#1,79119289#2,1020078536,-79116557#3,-79116557#2,23881170,41231753#0,41231753#1,41231753#2,79119286#0,41231755,-41231756#3,-41231756#2,-41231756#1,-41231756#0,1020092136,41231515#3,-1020092140,1020092139#0,1020092139#1,41231515#5,41231515#6,-41231513#4,-41231513#3,-41231513#2",3.920857745546024,2314.730951740941,30.70285714285715,3.782668445876346,20.016000000000005,0.0138325886582198,0.0,0.0,0.0,0.0,0.0,0.0,1.0,0.0,0.0,0.0,0.0,90.66368652945144,0.0,0.0,3.1475409162189565,75.02933482515662,12.096438240021294,"8a7558246a4ffff,8a7558240d1ffff,8a7558240d07fff,8a7558240d37fff,8a755824469ffff,8a7558240d27fff,8a7558244687fff,8a75582446a7fff,8a755824478ffff,8a75582447affff,8a75582447a7fff,8a755824446ffff,8a7558244467fff,8a7558244097fff,8a755824409ffff,8a7558244707fff,8a7558244717fff,8a755824471ffff",2,2
41231709#0,-41231513#2,"41231709#0,41231709#1,-41231711#3,-41231711#2,-41231711#1,-41231711#0,41231514#6,41231514#7,41231514#8,1020078536,-79116557#3,-79116557#2,23881170,1020078542,1157449878#1,-1157449879,1020092137#1,1020092138,41273128#1,1020092142,1020092140,41231515#4,41231515#5,41231515#6,-41231513#4,-41231513#3,-41231513#2",4.335606222330546,2583.632376802347,31.47066666666667,5.341875210937708,20.016000000000005,0.0566823350859714,0.0,0.0,0.0,0.0,0.0,0.0,1.0,0.0,0.0,0.0,0.0,107.08746938623122,0.0,0.0,3.51318956198221,82.30206180666032,10.4504031774895,"8a7558246a4ffff,8a7558240d1ffff,8a7558240d07fff,8a7558240d17fff,8a7558246a6ffff,8a755824469ffff,8a7558240d27fff,8a7558244687fff,8a75582446b7fff,8a7558244787fff,8a7558244797fff,8a75582447a7fff,8a75582447b7fff,8a7558244467fff,8a755824446ffff,8a755824409ffff,8a7558244707fff,8a7558244717fff,8a755824471ffff",3,3
41231709#0,-561133140#1,"41231709#0,41231709#1,79119289#0,79119289#1,79119289#2,1020078536,-79116557#3,-79116557#2,-79116557#1,-79116557#0,79116530#3,79116530#0,79116530#1,79116549#0,41231508#1,79119292,41231358#0,41231358#1,79119291#0,79119291#1,79119291#2,41231511#0,41231511#1,41231511#2,41231511#3,79119286#2,79119286#3,79119284#4,79119284#5,79119284#1,-561133140#1",3.4002895182551063,2076.962162328796,30.633677419354854,3.594979725367928,20.016000000000005,0.0154161311605123,0.0,0.0,0.0,0.0,0.0,0.0138121546292666,0.9861878453707332,0.0,0.9629448414012024,0.4814724207006011,0.0,93.83013962339363,0.9629448414012024,0.0,2.8927382282763,66.06267191558084,14.925645041718637,"8a7558246a4ffff,8a7558240d1ffff,8a7558240d07fff,8a7558240d37fff,8a755824469ffff,8a7558240d27fff,8a7558240d77fff,8a7558240d57fff,8a7558240d67fff,8a75582446dffff,8a75582446c7fff,8a75582446e7fff,8a755824461ffff,8a7558244617fff,8a7558244637fff,8a755824471ffff,8a7558244627fff",0,0
41231709#0,-561133140#1,"41231709#0,41231709#1,-41231711#3,-41231711#2,41231712,79119289#1,79119289#2,-41231514#8,-41231514#7,-41231514#6,-41231514#5,-41231514#4,1162803895,-41231514#2,-41231514#1,-41231514#0,870315480,979842178#1,979842178#2,979842178#3,979842178#4,979842178#5,79116530#0,79116530#1,79116530#2,79116557#0,79116557#1,79116557#2,1020078538,1020078537#1,1157449878#0,1157449878#1,41231515#0,41231515#1,1020092135,41231756#0,41231756#1,41231756#2,41231756#3,-41231755,79119286#1,79119286#2,79119286#3,79119284#4,79119284#5,79119284#1,-561133140#1",4.736716601687472,2927.8654423742937,31.691489361702136,5.64564636370494,20.016000000000005,0.0443074507027896,0.0,0.0,0.0,0.0,0.0,0.0096573914400127,0.9903426085599876,0.0,0.6830915010828299,0.3415457505414149,0.0,94.6479133495487,0.6830915010828299,0.0,4.077853918584983,65.31707540423484,16.052650275446503,"8a7558246a4ffff,8a7558240d1ffff,8a7558240d07fff,8a7558240d17fff,8a7558240d37fff,8a755824469ffff,8a7558246a6ffff,8a7558246a5ffff,8a7558240da7fff,8a7558240daffff,8a7558240c27fff,8a7558240d57fff,8a7558240d77fff,8a7558240d27fff,8a75582446b7fff,8a7558244787fff,8a75582447a7fff,8a75582447affff,8a7558244637fff,8a755824471ffff,8a7558244627fff",1,1
41231709#0,-561133140#1,"41231709#0,41231709#1,79119289#0,79119289#1,79119289#2,1020078536,-79116557#3,-79116557#2,23881170,41231753#0,41231753#1,41231753#2,79119286#0,79119286#1,79119286#2,79119286#3,79119284#4,79119284#5,79119284#1,-561133140#1",2.397988597886959,1473.9693028161453,30.988800000000005,4.47571366376358,20.016000000000005,0.0217227869323381,0.0,0.0,0.0,0.0,0.0,0.0,1.0,0.0,0.0,0.0,0.0,59.72774913220558,0.0,0.0,2.052905645994644,79.15022898341914,13.568803611980435,"8a7558246a4ffff,8a7558240d1ffff,8a7558240d07fff,8a7558240d37fff,8a755824469ffff,8a7558240d27fff,8a7558244687fff,8a75582446a7fff,8a755824478ffff,8a75582447affff,8a7558244637fff,8a755824471ffff,8a7558244627fff",2,2
41231709#0,-561133140#1,"41231709#0,41231709#1,-41231711#3,-41231711#2,-41231711#1,-41231711#0,41231514#6,41231514#7,41231514#8,1020078536,1020078537#0,1020078537#1,1157449878#0,1157449878#1,41231515#0,41273130,41273126,1020092139#0,1020092139#1,41231515#5,41231515#6,-41231513#4,-41231513#3,-41231513#2,-41231513#1,-41231513#0,79119284#3,79119284#4,79119284#5,79119284#1,-561133140#1",4.190174846036328,2504.647164474726,31.92503225806453,6.01555166483159,20.016000000000005,0.0303240880786013,0.0,0.0,0.0,0.0,0.0,0.0,1.0,0.0,0.0,0.0,0.0,100.37198115317602,0.0,0.0,3.4884066414075123,81.0072247538985,12.376992831443909,"8a7558246a4ffff,8a7558240d1ffff,8a7558240d07fff,8a7558240d17fff,8a7558246a6ffff,8a755824469ffff,8a75582446b7fff,8a7558244787fff,8a75582447a7fff,8a7558244467fff,8a7558244097fff,8a755824409ffff,8a7558244707fff,8a7558244717fff,8a755824471ffff,8a7558244627fff",3,3
41231709#0,-561133140#1,"41231709#0,41231709#1,-41231711#3,-41231711#2,-41231711#1,-41231711#0,41231514#6,41231514#7,41231514#8,1020078536,-79116557#3,-79116557#2,23881170,41231753#0,41231753#1,41231753#2,79119286#0,79119286#1,-41231511#3,-41231511#2,-41231511#1,-41231511#0,79119293#0,79119288,41231358#0,79116549#3,79116549#4,79116549#5,79116549#6,79119284#1,-561133140#1",4.7346632677549065,2770.283183130832,30.633677419354854,3.594979725367928,20.016000000000005,0.0115579235021367,0.0,0.0,0.0,0.0,0.0,0.0,1.0,0.0,0.0,0.0,0.0,100.68782628569396,0.0,0.0,3.8583774959136177,73.56536046722262,11.19019174240714,"8a7558246a4ffff,8a7558240d1ffff,8a7558240d07fff,8a7558240d17fff,8a7558246a6ffff,8a755824469ffff,8a7558240d27fff,8a7558244687fff,8a75582446a7fff,8a755824478ffff,8a75582447affff,8a7558244637fff,8a7558244617fff,8a755824461ffff,8a755824468ffff,8a75582446dffff,8a75582446c7fff,8a755824460ffff,8a7558244627fff,8a755824471ffff",4,4
41231709#0,-57680143#1,"41231709#0,41231709#1,79119289#0,79119289#1,79119289#2,1020078536,-79116557#3,-79116557#2,-79116557#1,-79116557#0,79116530#3,-979842178#5,-979842178#4,-979842178#3,-979842178#2,-979842178#1,-979842178#0,-226068307,213840997,1157449881,979838980#0,979838980#1,979838980#2,979838980#3,-57680143#1",2.6118083644767225,1820.864459248024,37.98864,15.274903935540811,39.99600000000001,0.2883129652786206,0.0,0.0,0.0,0.2617466231924635,0.0,0.0144343692433184,0.723819007564218,0.0,9.3362248429082,1.0983793932833177,0.0,99.4304438922601,1.6475690899249762,0.0,2.70031840065816,74.92933601929087,13.72974241604147,"8a7558246a4ffff,8a7558240d1ffff,8a7558240d07fff,8a7558240d37fff,8a755824469ffff,8a7558240d27fff,8a7558240d77fff,8a7558240d57fff,8a7558240c27fff,8a7558240c37fff,8a7558240c17fff,8a7558240cb7fff,8a755824634ffff,8a7558246277fff",0,0
41231709#0,-57680143#1,"41231709#0,41231709#1,-41231711#3,-41231711#2,-41231711#1,41231710,79119289#2,1020078536,-79116557#3,-79116557#2,-79116557#1,-79116557#0,79116530#3,-979842178#5,-979842178#4,-979842178#3,-979842178#2,870315479#0,870315479#1,870315480,-979842178#0,-226068307,213840997,1157449881,979838980#0,979838980#1,979838980#2,979838980#3,-57680143#1",2.840539857073761,1985.1439523174072,36.88510344827586,14.417833120194365,39.99600000000001,0.264453784826739,0.0,0.0,0.0,0.2400859257299523,0.0,0.0132398609763987,0.7466742132936489,0.0,8.563610704480462,1.007483612291819,0.0,96.58640969845128,1.5112254184377285,0.0,2.9439427603588544,70.05967226143247,14.608512378231376,"8a7558246a4ffff,8a7558240d1ffff,8a7558240d07fff,8a7558240d17fff,8a7558240d37fff,8a755824469ffff,8a7558240d27fff,8a7558240d77fff,8a7558240d57fff,8a7558240c27fff,8a7558240c37fff,8a7558240c17fff,8a7558240cb7fff,8a755824634ffff,8a7558246277fff",2,2
41231709#0,-57680143#1,"41231709#0,41231709#1,79119289#0,79119289#1,79119289#2,-41231514#8,-41231514#7,-41231514#6,41231719,1020092132,-41231514#4,1162803895,-41231514#2,-41231514#1,-41231514#0,870315480,979842178#1,979842178#2,979842178#3,41231717,979842178#5,79116530#0,-561134628#1,-561134628#0,-1034110351#0,-23881168#1,-23881168#0,1259750653,145622122#0,145622122#1,145622122#2,563298888,979838980#0,979838980#1,979838980#2,979838980#3,-57680143#1",3.612189483580365,2728.449149610187,41.340648648648646,16.693298762304824,39.99600000000001,0.4257897622095192,0.0,0.0,0.0,0.3259399973541461,0.0,0.0094407628990739,0.6646192397467797,0.0,6.230645714041908,0.7330171428284598,0.0,95.33256137002262,1.4660342856569195,0.0,4.04625473715665,76.44396383758617,13.560817142326506,"8a7558246a4ffff,8a7558240d1ffff,8a7558240d07fff,8a7558240d37fff,8a755824469ffff,8a7558246a6ffff,8a7558246a5ffff,8a7558240da7fff,8a7558240daffff,8a7558240c27fff,8a7558240d57fff,8a7558240d47fff,8a7558240c67fff,8a7558240c07fff,8a7558240c37fff,8a7558240c17fff,8a7558240cb7fff,8a755824634ffff,8a7558246277fff",3,3
41231709#0,-57680143#1,"41231709#0,41231709#1,-41231711#3,-41231711#2,-41231711#1,-41231711#0,41231719,41231718#0,41231718#1,-1020078541,41231721,41231514#8,1020078536,-79116557#3,-79116557#2,-79116557#1,-79116557#0,79116530#3,-979842178#5,-979842178#4,-979842178#3,-979842178#2,-979842178#1,-979842178#0,-226068307,213840997,1157449881,979838980#0,979838980#1,979838980#2,979838980#3,-57680143#1",3.19558017413651,2214.1016578066315,36.864,14.01347370073853,39.99600000000001,0.268946175562106,0.0,0.0,0.0,0.2152589163279356,0.0,0.0118707421830207,0.7728703414890437,0.0,7.678057572496835,0.9033008908819804,0.0,95.750081874996,1.3549513363229708,0.0,3.2834840710615474,68.20352982524037,14.452814254111688,"8a7558246a4ffff,8a7558240d1ffff,8a7558240d07fff,8a7558240d17fff,8a7558246a67fff,8a755824469ffff,8a7558240d27fff,8a7558240d77fff,8a7558240d57fff,8a7558240c27fff,8a7558240c37fff,8a7558240c17fff,8a7558240cb7fff,8a755824634ffff,8a7558246277fff",4,4
41231709#0,41273141#3,"41231709#0,41231709#1,79119289#0,79119289#1,79119289#2,1020078536,-79116557#3,-79116557#2,-79116557#1,-79116557#0,79116530#3,79116530#0,79116530#1,79116549#0,79116549#1,79116549#2,79116549#3,79116549#4,79116549#5,79116549#6,79119284#1,79119284#2,41231513#0,41231513#1,41231513#2,41231513#3,41231513#4,174897323#0,41273141#3",4.3376844762383,2517.678128104284,30.67820689655173,3.716877888951871,20.016000000000005,0.0127175593863505,0.0,0.0,0.0,0.0,0.0,0.0113943566594121,0.9886056433405882,0.0,0.7943827202033661,0.397191360101683,0.0,89.51869124769046,0.7943827202033661,0.0,2.26954727123055,75.20308111480064,11.518549442948808,"8a7558246a4ffff,8a7558240d1ffff,8a7558240d07fff,8a7558240d37fff,8a755824469ffff,8a7558240d27fff,8a7558240d77fff,8a7558240d57fff,8a7558240d67fff,8a75582446c7fff,8a755824461ffff,8a755824460ffff,8a7558244627fff,8a755824471ffff,8a7558244717fff,8a7558244707fff,8a755824409ffff,8a7558244087fff",0,0
41231709#0,41273141#3,"41231709#0,41231709#1,79119289#0,79119289#1,79119289#2,-41231514#8,-41231514#7,-41231514#6,-41231514#5,-41231514#4,1162803895,-41231514#2,-41231514#1,-41231514#0,870315480,979842178#1,979842178#2,979842178#3,41231717,979842178#5,79116530#0,79116530#1,79116549#0,-41231508#0,79119287#0,79119287#1,79119287#2,-79116549#4,79119291#2,41231511#0,41231511#1,41231511#2,41231511#3,-79119286#1,41231755,-41231756#3,-41231756#2,41273133,-1020078548,41231515#6,174897323#0,41273141#3",5.654271845527268,3353.821823727708,30.464571428571432,3.088535852841233,20.016000000000005,0.0158395503528669,0.0,0.0,0.0,0.0,0.0,0.0055934037618539,0.9944065962381458,0.0,0.5963346012749833,0.2981673006374916,0.0,100.77419542134544,0.5963346012749833,0.0,3.02328446327886,73.1401777945692,12.52302662677465,"8a7558246a4ffff,8a7558240d1ffff,8a7558240d07fff,8a7558240d37fff,8a755824469ffff,8a7558246a6ffff,8a7558246a5ffff,8a7558240da7fff,8a7558240daffff,8a7558240c27fff,8a7558240d57fff,8a7558240d77fff,8a7558240d67fff,8a7558240d47fff,8a7558240997fff,8a75582446cffff,8a755824460ffff,8a755824461ffff,8a7558244617fff,8a7558244637fff,8a75582447affff,8a7558244737fff,8a755824409ffff,8a7558244087fff",1,1
41231709#0,41273141#3,"41231709#0,41231709#1,-41231711#3,-41231711#2,-41231711#1,41231710,79119289#2,1020078536,-79116557#3,-79116557#2,23881170,41231753#0,41231753#1,41231753#2,79119286#0,41231755,-41231756#3,-41231756#2,41273133,-41273134,-1020092140,1020092139#0,1020092139#1,41231515#5,41231515#6,174897323#0,41273141#3",4.0151954806400605,2370.858977671217,30.729333333333344,3.8520809960331848,20.016000000000005,0.0135051141427789,0.0,0.0,0.0,0.0,0.0,0.0,1.0,0.0,0.0,0.0,0.0,118.96756959645056,0.0,0.0,2.1371979456713484,73.91804407269817,11.38827752063129,"8a7558246a4ffff,8a7558240d1ffff,8a7558240d07fff,8a7558240d17fff,8a7558240d37fff,8a755824469ffff,8a7558240d27fff,8a7558244687fff,8a75582446a7fff,8a755824478ffff,8a75582447affff,8a7558244737fff,8a755824446ffff,8a7558244467fff,8a7558244097fff,8a755824409ffff,8a7558244087fff",2,2
41231709#0,41273141#3,"41231709#0,41231709#1,-41231711#3,-41231711#2,-41231711#1,-41231711#0,41231514#6,41231514#7,41231514#8,1020078536,-79116557#3,1020078538,1020078537#1,1157449878#0,1157449878#1,-1157449879,1020092137#1,41273126,1020092140,41231515#4,41231515#5,41231515#6,-41231513#4,-41231513#3,-41231513#2,41273135,41273137#1,41273137#2,41273139,41273140#0,41273140#1,57680129,41273142#0,41273142#1,-41273141#3",5.75395832919201,3360.716779144825,31.703657142857143,5.685117278229792,20.016000000000005,0.0260586091754334,0.0,0.0,0.0,0.0,0.0,0.0,1.0,0.0,0.0,0.0,0.0,106.26554988164752,0.0,0.0,2.9728811132055064,77.95565076153828,10.414444983045009,"8a7558246a4ffff,8a7558240d1ffff,8a7558240d07fff,8a7558240d17fff,8a7558246a6ffff,8a755824469ffff,8a75582446b7fff,8a7558244787fff,8a7558244797fff,8a75582447a7fff,8a7558244467fff,8a755824446ffff,8a755824409ffff,8a7558244707fff,8a7558244717fff,8a755824471ffff,8a755824408ffff,8a75582440affff,8a7558244017fff,8a755824418ffff,8a7558244087fff",3,3
41231711#3,-41231515#0,"-41231711#3,-41231711#2,-41231711#1,-41231711#0,-41231514#5,-41231514#4,-41231514#3,-41231514#2,-41231514#1,-41231514#0,870315480,979842178#1,979842178#2,979842178#3,979842178#4,979842178#5,79116530#0,79116530#1,79116530#2,79116557#0,79116557#1,79116557#2,79116557#3,1020078537#0,1020078537#1,1157449878#0,1157449878#1,41231515#0",2.853330705932481,1893.736718549517,31.41771428571429,5.249501527356126,20.016000000000005,0.0231988003829371,0.0,0.0,0.0,0.0,0.0,0.0149310843390901,0.98506891566091,0.0,1.05611301740607,0.528056508703035,0.0,115.55644713080808,1.05611301740607,0.0,2.3160602521592266,68.18524977075118,14.78558224368498,"8a7558240d07fff,8a7558240d17fff,8a7558246a4ffff,8a7558246a5ffff,8a7558240da7fff,8a7558240daffff,8a7558240d1ffff,8a7558240c27fff,8a7558240d57fff,8a7558240d77fff,8a7558240d27fff,8a755824469ffff,8a75582446b7fff,8a7558244787fff,8a75582447a7fff",0,0
41231711#3,-41231515#0,"-41231711#3,-41231711#2,-41231711#1,-41231711#0,-41231514#5,-41231514#4,-41231514#3,-41231514#2,-41231514#1,-41231514#0,870315480,979842178#1,979842178#2,979842178#3,41231717,979842178#5,79116530#0,79116530#1,79116549#0,79116549#1,79116549#2,79116549#3,79116549#4,79116549#5,79116549#6,79119284#1,79119284#2,79119284#3,-79119286#3,-79119286#2,-79119286#1,-79119286#0,-41231753#2,-41231753#1,-41231753#0,1020078542,1157449878#1,41231515#0",4.312227468381161,2781.4693313769244,30.51473684210527,3.2470239653533435,20.016000000000005,0.0411392617995711,0.0,0.0,0.0,0.0,0.0,0.0067443776545758,0.993255622345424,0.0,0.7190444192350416,0.3595222096175208,0.0,111.10581551606872,0.7190444192350416,0.0,3.401766728131142,61.36348837192284,13.661843965465788,"8a7558240d07fff,8a7558240d17fff,8a7558246a4ffff,8a7558246a5ffff,8a7558240da7fff,8a7558240daffff,8a7558240d1ffff,8a7558240c27fff,8a7558240d57fff,8a7558240d77fff,8a7558240d67fff,8a75582446c7fff,8a755824461ffff,8a755824460ffff,8a7558244627fff,8a755824471ffff,8a7558244637fff,8a75582447affff,8a755824478ffff,8a75582446a7fff,8a7558244687fff,8a75582446b7fff,8a7558244787fff,8a75582447a7fff",1,1
41231711#3,-41231515#0,"41231711#3,79119289#0,79119289#1,79119289#2,1020078536,-79116557#3,-79116557#2,23881170,41231753#0,41231753#1,41231753#2,79119286#0,79119286#1,79119286#2,79119286#3,79119284#4,79119284#5,79119284#1,79119284#2,41231513#0,41231513#1,41231513#2,41231513#3,41231513#4,-41231515#6,-41231515#5,-1020092139#1,-1020092139#0,1020092140,-41231515#3,-41231515#2,-41231515#1,-41231515#0",3.582482395405967,2320.5947373404697,30.594545454545457,3.484338361609249,20.016000000000005,0.0137976358364827,0.0,0.0,0.0,0.0,0.0,0.0,1.0,0.0,0.0,0.0,0.0,103.25136470668964,0.0,0.0,3.7313462586055137,66.42117314818336,14.220492475053971,"8a7558240d17fff,8a7558240d07fff,8a7558240d37fff,8a755824469ffff,8a7558240d27fff,8a7558244687fff,8a75582446a7fff,8a755824478ffff,8a75582447affff,8a7558244637fff,8a755824471ffff,8a7558244627fff,8a7558244717fff,8a7558244707fff,8a755824409ffff,8a7558244097fff,8a7558244467fff,8a755824446ffff,8a75582447a7fff,8a7558244787fff",2,2
41231711#3,-41231515#0,"-41231711#3,-41231711#2,-41231711#1,-41231711#0,41231719,41231718#0,41231720,41231514#7,41231514#8,1020078536,-79116557#3,-79116557#2,23881170,1020078542,1157449878#1,41231515#0",2.0274829730308253,1406.8983909871718,32.49,6.836765551048246,20.016000000000005,0.1040916082206329,0.0,0.0,0.0,0.0,0.0,0.0,1.0,0.0,0.0,0.0,0.0,127.43187820851844,0.0,0.0,1.720651772907448,72.3699685969719,11.372534152074303,"8a7558240d07fff,8a7558240d17fff,8a7558246a4ffff,8a7558246a67fff,8a7558246a6ffff,8a755824469ffff,8a7558240d27fff,8a7558244687fff,8a75582446b7fff,8a7558244787fff,8a75582447a7fff",3,3
41231711#3,-41231515#0,"-41231711#3,-41231711#2,-41231711#1,41231710,79119289#2,1020078536,-79116557#3,-79116557#2,23881170,41231753#0,41231753#1,41231753#2,79119286#0,79119286#1,-41231511#3,-41231511#2,-41231511#1,-41231511#0,79119293#0,79119288,41231358#0,79116549#3,79116549#4,79116549#5,79116549#6,79119284#1,79119284#2,41231513#0,41231513#1,41231513#2,41231513#3,41231513#4,-41231515#6,1020078548,-41273134,-41231515#3,-41231515#2,-41231515#1,-41231515#0",5.684183075678076,3470.0208821167635,30.50123076923078,3.205125126562624,20.016000000000005,0.0092272416211945,0.0,0.0,0.0,0.0,0.0,0.0,1.0,0.0,0.0,0.0,0.0,113.28344780716913,0.0,0.0,5.2411536622620405,67.3454315094729,11.239125447628266,"8a7558240d07fff,8a7558240d17fff,8a7558246a4ffff,8a7558240d37fff,8a755824469ffff,8a7558240d27fff,8a7558244687fff,8a75582446a7fff,8a755824478ffff,8a75582447affff,8a7558244637fff,8a7558244617fff,8a755824461ffff,8a755824468ffff,8a75582446dffff,8a75582446c7fff,8a755824460ffff,8a7558244627fff,8a755824471ffff,8a7558244717fff,8a7558244707fff,8a755824409ffff,8a7558244737fff,8a755824446ffff,8a75582447a7fff,8a7558244787fff",4,4
41231711#3,79119287#2,"-41231711#3,-41231711#2,-41231711#1,-41231711#0,41231719,41231718#0,41231718#1,41231718#2,41231721,41231514#8,1020078536,-79116557#3,-79116557#2,-79116557#1,-79116557#0,79116530#3,79116530#0,79116530#1,79116549#0,-41231508#0,79119287#0,79119287#1,79119287#2",2.3190570252579072,1732.9419498200766,30.85826086956523,4.173624511766408,20.016000000000005,0.0184765110644395,0.0,0.0,0.0,0.0,0.0,0.0165541162808135,0.9834458837191864,0.0,1.154106749050452,0.577053374525226,0.0,110.65185769802775,1.154106749050452,0.0,3.317656816178499,79.01949712178643,13.272227614080196,"8a7558240d07fff,8a7558240d17fff,8a7558246a4ffff,8a7558246a67fff,8a755824469ffff,8a7558240d27fff,8a7558240d77fff,8a7558240d57fff,8a7558240d67fff,8a7558240d47fff,8a7558240997fff,8a75582446cffff,8a755824460ffff",0,0
41231711#3,79119287#2,"41231711#3,79119289#0,79119289#1,79119289#2,1020078536,-79116557#3,-79116557#2,23881170,41231753#0,41231753#1,41231753#2,79119286#0,79119286#1,-41231511#3,-41231511#2,-41231511#1,-41231511#0,79119293#0,79119293#1,79119293#2,-41231509,-41231508#2,-41231508#1,-41231508#0,79119287#0,79119287#1,79119287#2",3.728840938823333,2515.861812656219,30.729333333333344,3.8520809960331848,20.016000000000005,0.0127267407728078,0.0,0.0,0.0,0.0,0.0,0.0,1.0,0.0,0.0,0.0,0.0,78.67543064334478,0.0,0.0,4.791355648812969,78.91589427957686,10.731908988075023,"8a7558240d17fff,8a7558240d07fff,8a7558240d37fff,8a755824469ffff,8a7558240d27fff,8a7558244687fff,8a75582446a7fff,8a755824478ffff,8a75582447affff,8a7558244637fff,8a7558244617fff,8a755824461ffff,8a755824468ffff,8a75582446d7fff,8a7558240d77fff,8a7558240d67fff,8a7558240d47fff,8a7558240997fff,8a75582446cffff,8a755824460ffff",2,2
41231711#3,79119287#2,"41231711#3,79119289#0,79119289#1,79119289#2,1020078536,-79116557#3,1020078538,1020078537#1,1157449878#0,1157449878#1,-1157449879,1020092137#1,1020092138,41273128#1,1020092142,1020092140,-41231515#3,-41231515#2,1020092135,41231756#0,41231756#1,41231756#2,41231756#3,-41231755,79119286#1,-41231511#3,-41231511#2,-41231511#1,-41231511#0,79119293#0,79119293#1,-41231508#3,-41231508#2,-41231508#1,-41231508#0,79119287#0,79119287#1,79119287#2",5.359484974695423,3473.234307889535,32.09494736842106,6.225211143482511,20.016000000000005,0.0312740044528715,0.0,0.0,0.0,0.0,0.0,0.0,1.0,0.0,0.0,0.0,0.0,86.89527729457912,0.0,0.0,6.614632304938726,84.22614515354984,10.940810965065642,"8a7558240d17fff,8a7558240d07fff,8a7558240d37fff,8a755824469ffff,8a75582446b7fff,8a7558244787fff,8a7558244797fff,8a75582447a7fff,8a75582447b7fff,8a7558244467fff,8a755824446ffff,8a75582447affff,8a7558244637fff,8a7558244617fff,8a755824461ffff,8a755824468ffff,8a75582446d7fff,8a7558240d77fff,8a7558240d67fff,8a7558240d47fff,8a7558240997fff,8a75582446cffff,8a755824460ffff",3,3
41231711#3,79119287#2,"41231711#3,79119289#0,79119289#1,79119289#2,1020078536,-79116557#3,1020078538,1020078537#1,1157449878#0,1157449878#1,41231515#0,41273130,1020092138,41273128#1,1020092142,1020092140,41231515#4,41231515#5,41231515#6,-41231513#4,-41231513#3,-41231513#2,-41231513#1,-41231513#0,79119284#3,-79119286#3,-79119286#2,-41231511#3,-41231511#2,-41231511#1,-41231511#0,79119293#0,79119293#1,79119293#2,41231360,41231359#1,79119292,41231358#0,-79116549#2,-79116549#1,-41231508#0,79119287#0,79119287#1,79119287#2",6.518164011464919,4120.856719152613,31.35272727272728,5.103513665881926,20.016000000000005,0.021251795698217,0.0,0.0,0.0,0.0,0.0,0.0,1.0,0.0,0.0,0.0,0.0,92.70043723683594,0.0,0.0,7.848002628735294,79.38582998889302,10.67739137725902,"8a7558240d17fff,8a7558240d07fff,8a7558240d37fff,8a755824469ffff,8a75582446b7fff,8a7558244787fff,8a75582447a7fff,8a75582447b7fff,8a7558244467fff,8a755824446ffff,8a755824409ffff,8a7558244707fff,8a7558244717fff,8a755824471ffff,8a7558244637fff,8a7558244617fff,8a755824461ffff,8a755824468ffff,8a75582446d7fff,8a7558240d27fff,8a7558240d77fff,8a75582446dffff,8a75582446c7fff,8a7558240d67fff,8a7558240d47fff,8a7558240997fff,8a75582446cffff,8a755824460ffff",4,4
41231718#0,41273128#1,"41231718#0,41231720,-41231514#6,41231719,1020092132,-41231514#4,1162803895,-41231514#2,-41231514#1,-41231514#0,870315480,979842178#1,979842178#2,979842178#3,979842178#4,979842178#5,79116530#0,79116530#1,79116530#2,79116557#0,79116557#1,79116557#2,1020078538,1020078537#1,1157449878#0,1157449878#1,-1157449879,1020092137#1,1020092138,41273128#1",3.613662945379735,2451.628544070709,31.98960000000001,6.107453589813364,20.016000000000005,0.0443296819583443,0.0,0.0,0.0,0.0,0.0,0.0115333714518373,0.9884666285481628,0.0,0.8157842691287889,0.4078921345643944,0.0,104.17643996586725,0.8157842691287889,0.0,2.457820558968141,78.92092343706489,12.236764036931833,"8a7558246a4ffff,8a7558246a67fff,8a7558246a6ffff,8a7558246a5ffff,8a7558240da7fff,8a7558240daffff,8a7558240d1ffff,8a7558240c27fff,8a7558240d57fff,8a7558240d77fff,8a7558240d27fff,8a755824469ffff,8a75582446b7fff,8a7558244787fff,8a7558244797fff,8a75582447a7fff,8a75582447b7fff,8a7558244467fff",0,0
41231718#0,41273128#1,"41231718#0,41231720,41231514#7,41231514#8,1020078536,-79116557#3,-79116557#2,-79116557#1,-79116557#0,79116530#3,79116530#0,79116530#1,79116549#0,-41231508#0,79119287#0,79119290,79116549#2,79116549#3,79116549#4,79116549#5,79116549#6,79119284#1,79119284#2,41231513#0,41231513#1,41273135,41273137#1,41273138,41231513#4,-41231515#6,-41231515#5,-41231515#4,-1020092140,-1020092142,-1020092143,41273131,41273128#1",5.338344740343942,3350.4463343875304,30.528972972972984,3.290610129904033,20.016000000000005,0.0095565539376816,0.0,0.0,0.0,0.0,0.0,0.0085622390816373,0.9914377609183626,0.0,0.5969353931960844,0.2984676965980422,0.0,115.50083187352736,0.5969353931960844,0.0,3.358908470164889,84.01501322067614,11.04330477412756,"8a7558246a4ffff,8a7558246a67fff,8a7558246a6ffff,8a755824469ffff,8a7558240d27fff,8a7558240d77fff,8a7558240d57fff,8a7558240d67fff,8a7558240d47fff,8a7558240997fff,8a75582446c7fff,8a755824461ffff,8a755824460ffff,8a7558244627fff,8a755824471ffff,8a7558244707fff,8a755824409ffff,8a755824446ffff,8a7558244467fff,8a7558244477fff,8a75582447b7fff",1,1
41231718#0,41273128#1,"41231718#0,41231718#1,41231718#2,41231721,41231514#8,1020078536,-79116557#3,-79116557#2,23881170,41231753#0,41231753#1,41231753#2,79119286#0,41231755,-41231756#3,-41231756#2,-41231756#1,-41231756#0,1020092136,-41231515#2,-41231515#1,41273130,1020092138,41273128#1",2.255151463033018,1671.8733273898883,30.822000000000003,4.085748890962343,20.016000000000005,0.0191514037489128,0.0,0.0,0.0,0.0,0.0,0.0,1.0,0.0,0.0,0.0,0.0,97.91305511137384,0.0,0.0,1.6760959346746886,77.639017034112,14.355154548382297,"8a7558246a4ffff,8a7558246a67fff,8a755824469ffff,8a7558240d27fff,8a7558244687fff,8a75582446a7fff,8a755824478ffff,8a75582447affff,8a75582447a7fff,8a75582447b7fff,8a7558244467fff",2,2
41231718#0,41273128#1,"41231718#0,41231720,-41231514#6,41231711#0,41231709#0,41231709#1,79119289#0,79119289#1,79119289#2,1020078536,1020078537#0,1020078537#1,1157449878#0,1157449878#1,-1157449879,1020092137#1,-41273130,41231515#1,1020092135,1020092136,41231515#3,-1020092140,-1020092142,-1020092143,41273131,41273128#1",4.639038826473716,2947.2700422096163,33.067384615384626,7.364816831812852,20.016000000000005,0.0329109582582996,0.0,0.0,0.0,0.0,0.0,0.0,1.0,0.0,0.0,0.0,0.0,109.97214683005092,0.0,0.0,2.9547138860383453,98.5314835752121,8.821723027628435,"8a7558246a4ffff,8a7558246a67fff,8a7558246a6ffff,8a7558240d1ffff,8a7558240d07fff,8a7558240d37fff,8a755824469ffff,8a75582446b7fff,8a7558244787fff,8a7558244797fff,8a75582447a7fff,8a755824446ffff,8a7558244467fff,8a7558244477fff,8a75582447b7fff",3,3
41231718#0,41273128#1,"41231718#0,41231720,-41231514#6,41231711#0,41231711#1,41231712,79119289#1,79119289#2,1020078536,-79116557#3,-79116557#2,23881170,1020078542,1157449878#1,41231515#0,41231515#1,41231515#2,41231515#3,41273134,-1020078548,-41231515#5,-1020092139#1,-1020092139#0,-1020092142,-1020092143,41273131,41273128#1",4.756434553663079,3019.864496234654,31.47066666666667,5.341875210937708,20.016000000000005,0.0484943335383006,0.0,0.0,0.0,0.0,0.0,0.0,1.0,0.0,0.0,0.0,0.0,112.22512034792648,0.0,0.0,3.0274916900010727,90.14459710136036,8.940798513862195,"8a7558246a4ffff,8a7558246a67fff,8a7558246a6ffff,8a7558240d17fff,8a7558240d37fff,8a755824469ffff,8a7558240d27fff,8a7558244687fff,8a75582446b7fff,8a7558244787fff,8a75582447a7fff,8a755824446ffff,8a7558244737fff,8a755824409ffff,8a7558244097fff,8a7558244467fff,8a7558244477fff,8a75582447b7fff",4,4
41231757,-561133140#1,"-41231757,1020078539,-79116557#4,-79116557#3,-79116557#2,-79116557#1,-79116557#0,79116530#3,79116530#0,79116530#1,79116549#0,41231508#1,79119292,41231358#0,79116549#3,79119291#2,41231511#0,41231511#1,41231511#2,41231511#3,79119286#2,79119286#3,79119284#4,79119284#5,79119284#1,-561133140#1",2.6999799919967984,1663.5264708791017,29.988000000000003,3.623071274882353e-15,0.0,0.0,0.0,0.0,0.0,0.0,0.0,0.0172448849161151,0.9827551150838848,0.0,1.2022652088866892,0.6011326044433446,0.0,87.79703965691643,1.2022652088866892,0.0,3.4056946040092675,68.0473331724285,15.629447715526958,"8a7558244697fff,8a755824469ffff,8a7558240d27fff,8a7558240d77fff,8a7558240d57fff,8a7558240d67fff,8a75582446dffff,8a75582446c7fff,8a755824461ffff,8a7558244617fff,8a7558244637fff,8a755824471ffff,8a7558244627fff",0,0
41231757,-561133140#1,"-41231757,1020078539,1020078540,-41231514#8,-41231514#7,-41231514#6,41231719,1020092132,-41231514#4,1162803895,-41231514#2,-41231514#1,-41231514#0,870315480,979842178#1,979842178#2,979842178#3,979842178#4,979842178#5,79116530#0,79116530#1,79116549#0,79116549#1,79116549#2,41231358#1,41231357#1,79119291#1,79116549#4,79116549#5,79116549#6,79119284#1,-561133140#1",3.3106143825420737,2061.021359312768,30.6135,3.5383623330574845,20.016000000000005,0.0257750990359422,0.0,0.0,0.0,0.0,0.0,0.009101933621727,0.9908980663782728,0.0,0.9703926603977,0.4851963301988499,0.0,96.9048733198634,0.9703926603977,0.0,4.219475580962646,49.07917034918236,15.526282566363198,"8a7558244697fff,8a755824469ffff,8a7558246a6ffff,8a7558246a4ffff,8a7558246a5ffff,8a7558240da7fff,8a7558240daffff,8a7558240d1ffff,8a7558240c27fff,8a7558240d57fff,8a7558240d77fff,8a7558240d67fff,8a75582446c7fff,8a75582446e7fff,8a755824461ffff,8a755824460ffff,8a7558244627fff,8a755824471ffff",1,1
41231757,-561133140#1,"-41231757,1020078539,-79116557#4,-79116557#3,-79116557#2,23881170,41231753#0,41231753#1,41231753#2,79119286#0,41231755,-41231756#3,-41231756#2,-41231756#1,-41231756#0,1020092136,41231515#3,41273134,-1020078548,41231515#6,-41231513#4,-41231513#3,-41231513#2,-41231513#1,-41231513#0,79119284#3,79119284#4,79119284#5,79119284#1,-561133140#1",3.3273309323729485,2032.070886146225,29.98800000000001,1.0840344679840707e-14,0.0,0.0,0.0,0.0,0.0,0.0,0.0,0.0,1.0,0.0,0.0,0.0,0.0,81.96228847798551,0.0,0.0,4.160206028014261,65.13187184523613,14.763264512339086,"8a7558244697fff,8a755824469ffff,8a7558240d27fff,8a7558244687fff,8a75582446a7fff,8a755824478ffff,8a75582447affff,8a75582447a7fff,8a755824446ffff,8a7558244737fff,8a755824409ffff,8a7558244707fff,8a7558244717fff,8a755824471ffff,8a7558244627fff",2,2
41231757,-561133140#1,"-41231757,1020078539,1020078540,1020078536,-79116557#3,-79116557#2,23881170,1020078542,1157449878#1,41231515#0,41273130,1020092138,41273128#1,1020092142,1020092139#0,1020092139#1,41231515#5,41231515#6,-41231513#4,-41231513#3,-41231513#2,-41231513#1,-41231513#0,79119284#3,79119284#4,79119284#5,79119284#1,-561133140#1",3.74068825514367,2279.2014089614686,31.41771428571429,5.249501527356127,20.016000000000005,0.0642533457311281,0.0,0.0,0.0,0.0,0.0,0.0,1.0,0.0,0.0,0.0,0.0,86.10807530996718,0.0,0.0,4.6661499385990375,78.82593847739214,12.285004690637832,"8a7558244697fff,8a755824469ffff,8a7558240d27fff,8a7558244687fff,8a75582446b7fff,8a7558244787fff,8a75582447a7fff,8a75582447b7fff,8a7558244467fff,8a7558244097fff,8a755824409ffff,8a7558244707fff,8a7558244717fff,8a755824471ffff,8a7558244627fff",3,3
41231757,-561133140#1,"-41231757,1157449878#0,1157449878#1,-1157449879,1020092137#1,41273126,1020092139#0,1020092139#1,41231515#5,1020078548,-41273134,-41231515#3,-41231515#2,1020092135,41231756#0,41231756#1,41231756#2,41231756#3,-41231755,79119286#1,-41231511#3,-41231511#2,-41231511#1,-41231511#0,79119293#0,79119288,41231358#0,41231358#1,41231357#1,79119291#1,79116549#4,79116549#5,79116549#6,79119284#1,-561133140#1",5.790960819172882,3329.013848397981,30.55988571428572,3.3833215125291987,20.016000000000005,0.0063220944916991,0.0,0.0,0.0,0.0,0.0,0.0,1.0,0.0,0.0,0.0,0.0,91.76569842058711,0.0,0.0,6.815403721330444,75.48650673176023,10.513624032186897,"8a7558244697fff,8a755824469ffff,8a75582446b7fff,8a7558244787fff,8a7558244797fff,8a75582447a7fff,8a7558244467fff,8a7558244097fff,8a755824409ffff,8a7558244737fff,8a755824446ffff,8a75582447affff,8a7558244637fff,8a7558244617fff,8a755824461ffff,8a755824468ffff,8a75582446dffff,8a75582446c7fff,8a75582446e7fff,8a755824460ffff,8a7558244627fff,8a755824471ffff",4,4
41273126,-174375407#3,"41273126,1020092140,-41231515#3,-41231515#2,1020092135,41231756#0,41231756#1,41231756#2,41231756#3,-41231755,-79119286#0,-41231753#2,-41231753#1,-41231753#0,1020078542,-1157449878#0,1020078539,-79116557#4,-79116557#3,-79116557#2,-79116557#1,-79116557#0,79116530#3,-979842178#5,-979842178#4,-979842178#3,-979842178#2,870315479#0,870315479#1,870315480,-979842178#0,-226068307,213840997,1157449881,979838980#0,979838980#1,979838980#2,979838980#3,979838980#4,979838980#5,979838980#6,57680170#0,57680170#1,57680132#0,57680132#1,174375406,1238123693,1238123694,563272697,563271328,174375401,1238123690,174375405,561133138,-174375407#4,-174375407#3",4.9545342417469,3944.7434547883954,39.99150000000001,14.271906931259942,39.99600000000001,0.3891789570576682,0.0,0.0,0.0079846501369789,0.3468514056198978,0.0761628050302808,0.0025167778471736,0.5664843613656688,0.5070038198738286,3.295524829179886,0.7605057298107429,0.0,65.34522814772696,1.2675095496845716,0.2535019099369143,1.904516575739947,74.11231410184806,14.1961069564672,"8a75582447a7fff,8a7558244467fff,8a755824446ffff,8a75582447affff,8a755824478ffff,8a75582446a7fff,8a7558244687fff,8a75582446b7fff,8a755824469ffff,8a7558240d27fff,8a7558240d77fff,8a7558240d57fff,8a7558240c27fff,8a7558240c37fff,8a7558240c17fff,8a7558240cb7fff,8a755824634ffff,8a7558246277fff,8a75582462e7fff,8a75582462c7fff,8a75582462d7fff,8a7558242927fff,8a7558242937fff,8a755824664ffff,8a755824665ffff,8a75582429a7fff,8a75582429affff",0,0
41273126,-174375407#3,"41273126,1020092140,41273134,-1020078548,41231515#6,-41231513#4,-41231513#3,-41231513#2,-41231513#1,-41231513#0,79119284#3,-79119286#3,-79119286#2,-41231511#3,-41231511#2,-41231511#1,-41231511#0,79119293#0,79119288,41231358#0,-79116549#2,-79116549#1,-79116549#0,79116530#2,79116530#3,79116530#0,-561134628#1,-561134628#0,-1034110351#0,-23881168#1,-23881168#0,1259750653,145622122#0,145622122#1,145622122#2,563298888,979838980#0,979838980#1,979838980#2,979838980#3,979838980#4,979838980#5,979838980#6,57680170#0,57680170#1,57680132#0,57680132#1,174375408#0,174375408#1,-174375409,57680120#0,57680120#1,1238123694,563272697,563271328,174375401,1238123690,174375405,561133138,-174375407#4,-174375407#3",5.563192768285799,4510.485904648772,43.106754098360646,15.443337576072238,39.99600000000001,0.4493850797356195,0.0,0.0,0.0069831492731547,0.3831586001476588,0.0666098360559936,0.0063957544933138,0.5368526600298789,0.4434112071913765,6.42946250427496,0.886822414382753,0.0,76.69853942314279,1.551939225169818,0.2217056035956882,2.177656232528252,73.60795026868692,13.524041819336984,"8a75582447a7fff,8a7558244467fff,8a755824446ffff,8a7558244737fff,8a755824409ffff,8a7558244707fff,8a7558244717fff,8a755824471ffff,8a7558244637fff,8a7558244617fff,8a755824461ffff,8a755824468ffff,8a75582446dffff,8a75582446c7fff,8a7558240d67fff,8a7558240d77fff,8a7558240d57fff,8a7558240d47fff,8a7558240c67fff,8a7558240c07fff,8a7558240c37fff,8a7558240c17fff,8a7558240cb7fff,8a755824634ffff,8a7558246277fff,8a75582462e7fff,8a75582462c7fff,8a75582462d7fff,8a7558242927fff,8a7558242937fff,8a755824664ffff,8a7558246647fff,8a755824665ffff,8a75582429a7fff,8a75582429affff",1,1
41273126,-174375407#3,"41273126,-1020092142,-1020092143,41273131,-1020092138,-1020092137#1,1157449879,-1157449878#1,-1157449878#0,1020078539,1020078540,-41231514#8,-41231514#7,-41231514#6,41231719,1020092132,-41231514#4,-41231514#3,-41231514#2,-41231514#1,-41231514#0,870315480,-979842178#0,-226068307,213840997,1157449881,979838980#0,979838980#1,979838980#2,979838980#3,979838980#4,979838980#5,979838980#6,57680170#0,57680170#1,57680132#0,57680132#1,174375406,1238123693,1238123694,563272697,563271328,174375401,1238123690,174375405,561133138,-174375407#4,-174375407#3",5.38029753482511,4041.2725606401536,40.82475,14.852864153192527,39.99600000000001,0.3463605058719785,0.0,0.0,0.0077939302271741,0.3385665756448043,0.0743435940371054,0.0,0.579295900090916,0.4948936182822551,2.721914900552403,0.4948936182822551,0.0,65.29782366846595,0.7423404274233827,0.2474468091411275,1.9511206918866817,83.96480248325426,11.877446838774125,"8a75582447a7fff,8a7558244467fff,8a7558244477fff,8a75582447b7fff,8a7558244797fff,8a7558244787fff,8a75582446b7fff,8a755824469ffff,8a7558246a6ffff,8a7558246a4ffff,8a7558246a5ffff,8a7558240da7fff,8a7558240daffff,8a7558240d1ffff,8a7558240c27fff,8a7558240c37fff,8a7558240c17fff,8a7558240cb7fff,8a755824634ffff,8a7558246277fff,8a75582462e7fff,8a75582462c7fff,8a75582462d7fff,8a7558242927fff,8a7558242937fff,8a755824664ffff,8a755824665ffff,8a75582429a7fff,8a75582429affff",2,2
41273126,-174375407#3,"41273126,-1020092142,-1020092143,41273131,-1020092138,-1020092137#1,1157449879,-1157449878#1,-1157449878#0,1020078539,1020078540,-41231514#8,-41231514#7,-41231514#6,-41231514#5,-41231514#4,1162803895,-41231514#2,-41231514#1,-41231514#0,870315480,979842178#1,979842178#2,979842178#3,41231717,979842178#5,79116530#0,-561134628#1,-561134628#0,-1034110351#0,-23881168#1,-23881168#0,1259750653,145622122#0,145622122#1,145622122#2,563298888,979838980#0,979838980#1,979838980#2,979838980#3,979838980#4,979838980#5,979838980#6,57680170#0,57680170#1,57680132#0,57680132#1,174375408#0,174375408#1,-174375409,57680120#0,57680120#1,1238123694,563272697,561133136,561133138,-174375407#4,-174375407#3",6.320361596940371,4875.835126612262,42.87294915254236,15.653264122995775,39.99600000000001,0.4147669038593275,0.0,0.0,0.0,0.3409495056745097,0.0697367619814438,0.0019286243797084,0.587385107964338,0.0,5.537512918071052,0.6152792131190058,0.0,79.89811949549978,1.0254653551983428,0.2050930710396686,2.3540463215512863,86.90876122735783,12.100491191340446,"8a75582447a7fff,8a7558244467fff,8a7558244477fff,8a75582447b7fff,8a7558244797fff,8a7558244787fff,8a75582446b7fff,8a755824469ffff,8a7558246a6ffff,8a7558246a4ffff,8a7558246a5ffff,8a7558240da7fff,8a7558240daffff,8a7558240d1ffff,8a7558240c27fff,8a7558240d57fff,8a7558240d47fff,8a7558240c67fff,8a7558240c07fff,8a7558240c37fff,8a7558240c17fff,8a7558240cb7fff,8a755824634ffff,8a7558246277fff,8a75582462e7fff,8a75582462c7fff,8a75582462d7fff,8a7558242927fff,8a7558242937fff,8a755824664ffff,8a7558246647fff,8a755824665ffff,8a75582429a7fff,8a75582429affff",3,3
41273126,-174375407#3,"41273126,1020092139#0,1020092139#1,-41231515#4,-41231515#3,-41231515#2,1020092135,41231756#0,41231756#1,41273133,-1020078548,41231515#6,-41231513#4,-41231513#3,-41231513#2,-41231513#1,-41231513#0,79119284#3,79119284#4,79119284#5,-79116549#6,-79116549#5,-79116549#4,-79116549#3,-79116549#2,-79116549#1,-79116549#0,79116530#2,79116530#3,-979842178#5,-979842178#4,-979842178#3,-979842178#2,870315479#0,870315479#1,870315480,-979842178#0,-226068307,213840997,1157449881,979838980#0,979838980#1,979838980#2,979838980#3,979838980#4,979838980#5,979838980#6,57680170#0,57680170#1,57680132#0,57680132#1,174375408#0,174375408#1,-174375409,57680120#0,57680120#1,1238123694,563272697,561133136,561133138,-174375407#4,-174375407#3",6.451147977233896,4682.364935506584,38.70058064516128,13.849141316280514,39.99600000000001,0.2935686974709568,0.0,0.0,0.0,0.2668967515937819,0.0726182086122544,0.0041526677785441,0.6563323720154192,0.0,5.7663168872758686,0.6407018763639855,0.0,79.16644700242783,0.8542691684853139,0.2135672921213284,2.2606391861835684,74.47370842827203,13.241172111522364,"8a75582447a7fff,8a7558244467fff,8a7558244097fff,8a755824409ffff,8a755824446ffff,8a75582447affff,8a7558244737fff,8a7558244707fff,8a7558244717fff,8a755824471ffff,8a7558244627fff,8a755824460ffff,8a755824461ffff,8a75582446c7fff,8a7558240d67fff,8a7558240d77fff,8a7558240d57fff,8a7558240c27fff,8a7558240c37fff,8a7558240c17fff,8a7558240cb7fff,8a755824634ffff,8a7558246277fff,8a75582462e7fff,8a75582462c7fff,8a75582462d7fff,8a7558242927fff,8a7558242937fff,8a755824664ffff,8a7558246647fff,8a755824665ffff,8a75582429a7fff,8a75582429affff",4,4
41273126,1116499317#2,"41273126,-1020092142,-1020092143,41273131,-1020092138,-41273130,-41231515#0,-1157449878#1,-1157449878#0,1020078539,1020078540,1020078536,-79116557#3,-79116557#2,-79116557#1,-79116557#0,79116530#3,79116530#0,-561134628#1,-561134628#0,-1034110351#0,-23881168#1,-23881168#0,1259750653,145622122#0,145622122#1,145622122#2,563298888,979838980#0,979838980#1,979838980#2,979838980#3,979838980#4,979838980#5,979838980#6,57680170#0,57680170#1,57680132#0,57680132#1,174375406,1238123693,1238123694,563272697,563271328,1238123691,-22561498,-22561652#6,-22561652#5,-22561652#4,-22561652#3,-22561652#2,-22561652#1,-22561652#0,-174907151#4,-174907151#1,1116499317#0,1116499317#1,1116499317#2",6.147841833095312,4536.611685551195,42.74999999999999,15.76121303106225,39.99600000000001,0.4523790465406884,0.0,0.0,0.0964072743976683,0.387337537605866,0.0,0.0145079612803641,0.5017472267161014,0.440857657350279,4.18814774482765,0.440857657350279,0.440857657350279,78.5135423148779,0.881715314700558,0.0,2.138672520887201,84.98055437518897,12.78487206315809,"8a75582447a7fff,8a7558244467fff,8a7558244477fff,8a75582447b7fff,8a7558244787fff,8a75582446b7fff,8a755824469ffff,8a7558240d27fff,8a7558240d77fff,8a7558240d57fff,8a7558240d47fff,8a7558240c67fff,8a7558240c07fff,8a7558240c37fff,8a7558240c17fff,8a7558240cb7fff,8a755824634ffff,8a7558246277fff,8a75582462e7fff,8a75582462c7fff,8a75582462d7fff,8a7558242927fff,8a7558242937fff,8a755824664ffff,8a755824665ffff,8a75582466effff,8a75582466c7fff,8a75582466f7fff,8a75582466affff,8a7558246687fff,8a75582466a7fff",0,0
41273126,1116499317#2,"41273126,1020092139#0,1020092139#1,41231515#5,41231515#6,-41231513#4,-41231513#3,-41231513#2,-41231513#1,-41231513#0,79119284#3,79119284#4,79119284#5,79119284#1,-561133140#1,-561133140#0,-227385933,-23030922#0,-154901400#5,-154901400#4,-154901400#3,-154901400#2,-227218688,-57680127,-57680164,-57680125#1,-57680125#0,-125835961,-125835958,-55682704#2,-55682704#1,-55682704#0,-849128758#0,-55682703,55682343#1,55682342#1,55682342#2,1116499323#0,1116499323#1,1264978470#0,1264978470#1,57680111,57680112#1,57680087#0,57680087#1,57680087#2,1116499328#0,1116499328#1,1116499329,1116499330#0,1116499330#1,57680180#0,57680171#0,57680171#1,57680171#2,22561499#2,174907152#0,174907152#1,174907152#2,1116499317#0,1116499317#1,1116499317#2",12.058811418705083,9229.330263663089,37.086387096774175,15.193010411235042,50.004000000000005,0.5484999200025428,0.0,0.0,0.204239438196177,0.0,0.200992037848312,0.2665464277904776,0.3282220961650336,0.4334008953768239,5.3091609683660925,0.4334008953768239,0.0,79.19118262725226,0.7584515669094418,0.4334008953768239,4.350937745885266,253.1572054795381,6.717713878340771,"8a75582447a7fff,8a7558244467fff,8a7558244097fff,8a755824409ffff,8a7558244707fff,8a7558244717fff,8a755824471ffff,8a7558244627fff,8a7558244767fff,8a75582440c7fff,8a7558244c27fff,8a7558244c87fff,8a7558271257fff,8a75582712e7fff,8a7558246d27fff,8a7558246d37fff,8a7558273327fff,8a7558273337fff,8a755827305ffff,8a75582733b7fff,8a75582730d7fff,8a7558273767fff,8a7558273667fff,8a7558255937fff,8a755825595ffff,8a7558255867fff,8a7558255b07fff,8a755824648ffff,8a75582464f7fff,8a75582464c7fff,8a75582464cffff,8a7558246797fff,8a755824679ffff,8a7558255b6ffff,8a7558255b4ffff,8a7558246697fff,8a7558246687fff,8a75582466a7fff",1,1
41273126,1116499317#2,"41273126,-1020092142,-1020092143,41273131,-1020092138,-1020092137#1,1157449879,41231515#0,41231515#1,1020092135,41231756#0,41231756#1,41231756#2,41231756#3,-41231755,-79119286#0,-41231753#2,-41231753#1,-41231753#0,1020078542,-1157449878#0,1020078539,-79116557#4,-79116557#3,-79116557#2,-79116557#1,-79116557#0,79116530#3,-979842178#5,-979842178#4,-979842178#3,870315481#0,870315481#1,870315479#1,870315480,-979842178#0,-226068307,213840997,1157449881,979838980#0,979838980#1,979838980#2,979838980#3,979838980#4,979838980#5,979838980#6,57680170#0,57680170#1,57680132#0,57680132#1,174375406,1238123693,1238123694,563272697,563271328,1238123691,-22561498,-22561652#6,-22561652#5,-22561652#4,-22561652#3,-22561652#2,-22561652#1,-22561652#0,-174907151#4,-174907151#1,1116499317#0,1116499317#1,1116499317#2",6.886954855780852,4788.457357089572,37.81669565217391,13.381933948978894,39.99600000000001,0.321619384604996,0.0,0.0,0.0913367990960729,0.2807781951444705,0.0,0.0117811077711443,0.6161038979883121,0.4176710474489015,3.967874950764565,0.4176710474489015,0.4176710474489015,78.75119246490493,0.6265065711733523,0.0,2.2573988864121515,75.29115898778336,14.409651136987105,"8a75582447a7fff,8a7558244467fff,8a7558244477fff,8a75582447b7fff,8a7558244797fff,8a7558244787fff,8a75582447affff,8a755824478ffff,8a75582446a7fff,8a7558244687fff,8a75582446b7fff,8a755824469ffff,8a7558240d27fff,8a7558240d77fff,8a7558240d57fff,8a7558240c27fff,8a7558240c37fff,8a7558240c17fff,8a7558240cb7fff,8a755824634ffff,8a7558246277fff,8a75582462e7fff,8a75582462c7fff,8a75582462d7fff,8a7558242927fff,8a7558242937fff,8a755824664ffff,8a755824665ffff,8a75582466effff,8a75582466c7fff,8a75582466f7fff,8a75582466affff,8a7558246687fff,8a75582466a7fff",2,2
41273126,1116499317#2,"41273126,1020092140,-41231515#3,-41231515#2,1020092135,41231756#0,41231756#1,41231756#2,41231756#3,-41231755,79119286#1,79119286#2,79119286#3,79119284#4,79119284#5,79119284#1,-561133140#1,-561133140#0,-227385933,-23030922#0,-154901400#5,-154901400#4,-154901400#3,-154901400#2,-154901400#1,-154901400#0,-227218424,-227218423,-57680175,-57680125#0,-57680135,-57680114#3,-57680114#2,-57680114#1,-57680114#0,-1264978471,-57680145#1,-57680145#0,-1116499324#2,-1116499324#1,-1116499324#0,-57680112#1,-57680112#0,1116499322,1116499321#0,22561654#0,22561654#3,22561654#4,22561654#5,22561499#0,22561499#1,22561499#2,174907152#0,174907152#1,174907152#2,1116499317#0,1116499317#1,1116499317#2",10.397347395397746,8370.439681780135,40.16420689655173,16.9127183273299,50.004000000000005,0.6210282654988487,0.0,0.0,0.081604571911858,0.0,0.2216158252363436,0.3885110537509477,0.3082685491008506,0.2389360745712537,3.942445230425687,0.4778721491425075,0.1194680372856268,74.07597672605604,0.5973401864281344,0.4778721491425075,3.946035185727374,254.8564863664211,6.929146162566359,"8a75582447a7fff,8a7558244467fff,8a755824446ffff,8a75582447affff,8a7558244637fff,8a755824471ffff,8a7558244627fff,8a7558244767fff,8a75582440c7fff,8a7558244c27fff,8a7558244c87fff,8a7558271257fff,8a75582712e7fff,8a7558246d27fff,8a7558273a0ffff,8a7558273aaffff,8a7558273a87fff,8a7558273337fff,8a75582733affff,8a755827338ffff,8a75582732f7fff,8a7558255967fff,8a75582464affff,8a75582464f7fff,8a755824648ffff,8a7558255b07fff,8a7558255b2ffff,8a7558255b77fff,8a7558255b47fff,8a7558255b5ffff,8a7558255b4ffff,8a7558246697fff,8a7558246687fff,8a75582466a7fff",3,3
41273126,1116499317#2,"41273126,-1020092142,-1020092143,41273131,-1020092138,-1020092137#1,1157449879,41231515#0,41231515#1,41231515#2,41231515#3,41273134,-1020078548,41231515#6,-41231513#4,-41231513#3,-41231513#2,-41231513#1,-41231513#0,79119284#3,79119284#4,79119284#5,79119284#1,-561133140#1,-561133140#0,-227385933,-23030922#0,-154901400#5,-154901400#4,-154901400#3,-154901400#2,-227218688,-57680127,-57680164,-57680125#1,-57680125#0,-57680135,-57680114#3,-57680114#2,-57680114#1,-57680114#0,-1264978471,-57680145#1,-57680145#0,-1116499324#2,-1116499324#1,-1116499324#0,-57680112#1,-57680112#0,1116499322,1116499321#0,22561654#0,22561654#3,22561654#4,22561654#5,22561499#0,22561499#1,22561499#2,174907152#0,174907152#1,174907152#2,1116499317#0,1116499317#1,1116499317#2",13.079256899499772,9547.211492232298,37.9591875,16.25265449857346,50.004000000000005,0.4691030422259733,0.0,0.0,0.0715461417714949,0.0,0.1942998643298104,0.2729400960199054,0.4612138978787893,0.2094852514398805,3.4565066487580287,0.418970502879761,0.1047426257199402,81.3960995823884,0.5237131285997013,0.418970502879761,4.500794929080401,249.15992350104412,6.703528046076177,"8a75582447a7fff,8a7558244467fff,8a7558244477fff,8a75582447b7fff,8a7558244797fff,8a7558244787fff,8a755824446ffff,8a7558244737fff,8a755824409ffff,8a7558244707fff,8a7558244717fff,8a755824471ffff,8a7558244627fff,8a7558244767fff,8a75582440c7fff,8a7558244c27fff,8a7558244c87fff,8a7558271257fff,8a75582712e7fff,8a7558246d27fff,8a7558246d37fff,8a7558273327fff,8a7558273337fff,8a75582733affff,8a755827338ffff,8a75582732f7fff,8a7558255967fff,8a75582464affff,8a75582464f7fff,8a755824648ffff,8a7558255b07fff,8a7558255b2ffff,8a7558255b77fff,8a7558255b47fff,8a7558255b5ffff,8a7558255b4ffff,8a7558246697fff,8a7558246687fff,8a75582466a7fff",4,4
41273131,-41273141#1,"41273131,-1020092138,41273126,1020092139#0,1020092139#1,41231515#5,1020078548,-41273134,-41231515#3,-41231515#2,1020092135,41231756#0,41231756#1,41231756#2,41231756#3,-41231755,-79119286#0,-41231753#2,-41231753#1,-41231753#0,1020078542,-1157449878#0,1020078539,-79116557#4,-79116557#3,-79116557#2,-79116557#1,-79116557#0,79116530#3,79116530#0,79116530#1,79116549#0,-41231508#0,79119287#0,79119290,79116549#2,79116549#3,79116549#4,79116549#5,79116549#6,79119284#1,79119284#2,41231513#0,41231513#1,41273135,41273137#1,41273137#2,41273137#3,-41273141#1",7.521195490435195,4367.044372440795,30.804979591836737,4.001497597201349,20.016000000000005,0.0310218819803341,0.0,0.0,0.0,0.0,0.0,0.0065690476438158,0.9934309523561844,0.0,0.4579756534239598,0.2289878267119799,0.0,96.18026716100351,0.4579756534239598,0.0,9.974033884508954,83.223728598468,11.220403508887015,"8a7558244477fff,8a75582447b7fff,8a75582447a7fff,8a7558244467fff,8a7558244097fff,8a755824409ffff,8a7558244737fff,8a755824446ffff,8a75582447affff,8a755824478ffff,8a75582446a7fff,8a7558244687fff,8a75582446b7fff,8a755824469ffff,8a7558240d27fff,8a7558240d77fff,8a7558240d57fff,8a7558240d67fff,8a7558240d47fff,8a7558240997fff,8a75582446c7fff,8a755824461ffff,8a755824460ffff,8a7558244627fff,8a755824471ffff,8a7558244707fff,8a755824408ffff,8a75582440affff",1,1
41273131,-41273141#1,"41273131,-1020092138,-41273130,-41231515#0,-1157449878#1,-1157449878#0,1020078539,-79116557#4,-79116557#3,-79116557#2,23881170,41231753#0,41231753#1,41231753#2,79119286#0,79119286#1,79119286#2,79119286#3,79119284#4,79119284#5,79119284#1,79119284#2,41231513#0,41231513#1,41231513#2,41231513#3,41231513#4,174897323#0,-41273141#2,-41273141#1",4.313325330132053,2535.821565838034,29.98800000000001,1.0840344679840707e-14,0.0,0.0,0.0,0.0,0.0,0.0,0.0,0.0,1.0,0.0,0.0,0.0,0.0,81.31607053216685,0.0,0.0,5.7916448896993655,89.57473540106852,11.83048539540504,"8a7558244477fff,8a75582447b7fff,8a75582447a7fff,8a7558244787fff,8a75582446b7fff,8a755824469ffff,8a7558240d27fff,8a7558244687fff,8a75582446a7fff,8a755824478ffff,8a75582447affff,8a7558244637fff,8a755824471ffff,8a7558244627fff,8a7558244717fff,8a7558244707fff,8a755824409ffff,8a7558244087fff,8a75582440affff",2,2
41273131,-41273141#1,"41273131,-1020092138,41273126,1020092140,-41231515#3,-41231515#2,1020092135,41231756#0,41231756#1,41273133,-1020078548,41231515#6,-41231513#4,-41231513#3,-41231513#2,41273135,41273137#1,41273137#2,41273137#3,-41273141#1",4.021613080077243,2271.312963434457,30.988800000000005,4.47571366376358,20.016000000000005,0.0092661559426504,0.0,0.0,0.0,0.0,0.0,0.0,1.0,0.0,0.0,0.0,0.0,75.31562768989008,0.0,0.0,5.187525137730175,97.42983108493506,8.805479615525094,"8a7558244477fff,8a75582447b7fff,8a75582447a7fff,8a7558244467fff,8a755824446ffff,8a75582447affff,8a7558244737fff,8a755824409ffff,8a7558244707fff,8a7558244717fff,8a755824471ffff,8a755824408ffff,8a75582440affff",3,3
41273131,-41273141#1,"41273131,41273128#1,1020092142,1020092139#0,1020092139#1,-41231515#4,-41231515#3,-41231515#2,1020092135,41231756#0,41231756#1,41231756#2,41231756#3,-41231755,79119286#1,-41231511#3,-41231511#2,-41231511#1,-41231511#0,79119293#0,79119288,41231358#0,79116549#3,79116549#4,79116549#5,79116549#6,79119284#1,79119284#2,41231513#0,41231513#1,41273135,41273137#1,41273138,41231513#4,174897323#0,-41273141#2,-41273141#1",6.045722723934787,3456.2283043701177,30.528972972972984,3.290610129904033,20.016000000000005,0.0060893952193886,0.0,0.0,0.0,0.0,0.0,0.0,1.0,0.0,0.0,0.0,0.0,89.23328183095397,0.0,0.0,7.893791608331965,83.65496853293259,10.70531132252361,"8a7558244477fff,8a75582447b7fff,8a7558244467fff,8a7558244097fff,8a755824409ffff,8a755824446ffff,8a75582447a7fff,8a75582447affff,8a7558244637fff,8a7558244617fff,8a755824461ffff,8a755824468ffff,8a75582446dffff,8a75582446c7fff,8a755824460ffff,8a7558244627fff,8a755824471ffff,8a7558244707fff,8a7558244087fff,8a75582440affff",4,4
41273137#2,-41231515#0,"41273137#2,41273137#3,41273141#2,-174897323#0,-41231513#4,-41231513#3,-41231513#2,-41231513#1,-41231513#0,79119284#3,79119284#4,79119284#5,-79116549#6,-79116549#5,-79116549#4,-79116549#3,-79116549#2,-79116549#1,-79116549#0,79116530#2,79116557#0,79116557#1,79116557#2,1020078538,1020078537#1,1157449878#0,1157449878#1,41231515#0",4.66599374090889,2800.38344605136,31.41771428571429,5.249501527356126,20.016000000000005,0.019839027425159,0.0,0.0,0.0,0.0,0.0,0.0033982000103187,0.9966017999896812,0.0,0.7141879098093052,0.3570939549046526,0.0,103.53621672661993,0.7141879098093052,0.0,12.402619532200635,77.99033947651634,9.998630737330274,"8a7558244707fff,8a755824408ffff,8a75582440affff,8a7558244087fff,8a755824409ffff,8a7558244717fff,8a755824471ffff,8a7558244627fff,8a755824460ffff,8a755824461ffff,8a75582446c7fff,8a7558240d67fff,8a7558240d77fff,8a7558240d27fff,8a755824469ffff,8a75582446b7fff,8a7558244787fff,8a75582447a7fff",1,1
41273137#2,-41231515#0,"41273137#2,41273139,41273140#0,41273140#1,57680129,-174897323#2,-174897323#1,-174897323#0,-41231515#6,-41231515#5,-1020092139#1,-1020092139#0,1020092140,-41231515#3,-41231515#2,-41231515#1,-41231515#0",2.6547619047619047,1688.715523529119,29.988,0.0,0.0,0.0,0.0,0.0,0.0,0.0,0.0,0.0,1.0,0.0,0.0,0.0,0.0,105.63935048312568,0.0,0.0,4.69316802931299,68.03229489971899,10.06682283850449,"8a7558244707fff,8a755824408ffff,8a75582440affff,8a7558244017fff,8a755824418ffff,8a75582440a7fff,8a7558244087fff,8a755824409ffff,8a7558244097fff,8a7558244467fff,8a755824446ffff,8a75582447a7fff,8a7558244787fff",2,2
41273137#2,-41231515#0,"41273137#2,41273139,41273140#0,41273140#1,1020078544,-174897323#3,-174897323#2,1020078543,41273142#1,-41273141#3,-174897323#0,-41231513#4,-41231513#3,-41231513#2,-41231513#1,-41231513#0,79119284#3,-79119286#3,-79119286#2,-79119286#1,-79119286#0,-41231753#2,-41231753#1,-41231753#0,1020078542,1157449878#1,41231515#0",3.9380690505143736,2499.201285795324,31.47066666666667,5.341875210937708,20.016000000000005,0.0517578116049771,0.0,0.0,0.0,0.0,0.0,0.0,1.0,0.0,0.0,0.0,0.0,99.3814839578337,0.0,0.0,11.0687137241196,61.08249568298616,10.803451548084396,"8a7558244707fff,8a755824408ffff,8a75582440affff,8a7558244017fff,8a75582441affff,8a755824418ffff,8a75582440a7fff,8a7558244087fff,8a755824409ffff,8a7558244717fff,8a755824471ffff,8a7558244637fff,8a75582447affff,8a755824478ffff,8a75582446a7fff,8a7558244687fff,8a75582446b7fff,8a7558244787fff,8a75582447a7fff",3,3
41273137#2,-41231515#0,"41273137#2,41273137#3,41273141#2,-174897323#0,-41231513#4,-41231513#3,-41231513#2,-41231513#1,-41231513#0,79119284#3,-79119286#3,-79119286#2,-79119286#1,41231755,-41231756#3,-41231756#2,41273133,-41273134,41231515#4,-1020092139#1,-1020092139#0,-1020092142,-1020092143,41273131,-1020092138,-41273130,-41231515#0",4.107402961184475,2518.27289098848,29.988000000000007,7.240780993314902e-15,0.0,0.0,0.0,0.0,0.0,0.0,0.0,0.0,1.0,0.0,0.0,0.0,0.0,108.41166801466044,0.0,0.0,6.998619753535379,78.51404620851922,10.721633901003427,"8a7558244707fff,8a755824408ffff,8a75582440affff,8a7558244087fff,8a755824409ffff,8a7558244717fff,8a755824471ffff,8a7558244637fff,8a75582447affff,8a7558244737fff,8a755824446ffff,8a7558244097fff,8a7558244467fff,8a7558244477fff,8a75582447b7fff,8a75582447a7fff,8a7558244787fff",4,4
41273141#3,41231709#0,"-41273141#3,-174897323#0,-41231513#4,-41231513#3,-41231513#2,-41231513#1,-41231513#0,79119284#3,79119284#4,79119284#5,-79116549#6,-79116549#5,-79116549#4,-79116549#3,-79116549#2,-79116549#1,-79116549#0,79116530#2,79116530#3,-979842178#5,-979842178#4,-979842178#3,870315481#0,870315481#1,870315479#1,41231514#0,41231514#1,41231514#2,41231514#3,41231514#4,41231514#5,41231711#0,41231709#0",3.627190876350539,2417.7288844224936,29.988,0.0,0.0,0.0,0.0,0.0,0.0,0.0,0.0,0.0080423847853013,0.9919576152146988,0.0,0.8272226108088733,0.4136113054044366,0.0,84.3821510831588,0.8272226108088733,0.0,1.970706977853024,68.44162915440236,13.64917307834641,"8a7558244087fff,8a755824409ffff,8a7558244707fff,8a7558244717fff,8a755824471ffff,8a7558244627fff,8a755824460ffff,8a755824461ffff,8a75582446c7fff,8a7558240d67fff,8a7558240d77fff,8a7558240d57fff,8a7558240c27fff,8a7558240d1ffff,8a7558240daffff,8a7558240da7fff,8a7558246a5ffff,8a7558246a4ffff",0,0
41273141#3,41231709#0,"-41273141#3,-174897323#0,-41231515#6,-41231515#5,-41231515#4,-41231515#3,-41231515#2,1020092135,41231756#0,41231756#1,41231756#2,41231756#3,-41231755,79119286#1,-41231511#3,-41231511#2,-41231511#1,-41231511#0,79119293#0,79119293#1,79119293#2,-41231509,-41231508#2,-41231508#1,-79116549#0,79116530#2,79116557#0,79116557#1,23881170,1020078542,-1157449878#0,1020078539,1020078540,-41231514#8,-41231514#7,-41231514#6,41231711#0,41231709#0",5.018834546057445,3236.7551267360827,31.041473684210533,4.529506427003028,20.016000000000005,0.0418548607541255,0.0,0.0,0.0,0.0,0.0,0.0029400627117765,0.9970599372882236,0.0,0.6179027827838134,0.3089513913919067,0.0,83.175454984671,0.6179027827838134,0.0,2.638300743709724,81.94940099500455,11.740152872892454,"8a7558244087fff,8a755824409ffff,8a755824446ffff,8a75582447a7fff,8a75582447affff,8a7558244637fff,8a7558244617fff,8a755824461ffff,8a755824468ffff,8a75582446d7fff,8a7558240d27fff,8a7558240d77fff,8a7558240d67fff,8a7558244687fff,8a75582446b7fff,8a755824469ffff,8a7558246a6ffff,8a7558246a4ffff,8a7558240d1ffff",1,1
41273141#3,41231709#0,"-41273141#3,-174897323#0,-41231515#6,-41231515#5,-1020092139#1,-1020092139#0,1020092140,-41231515#3,-41231515#2,-41231515#1,41273130,-1020092137#1,1157449879,-1157449878#1,-1157449878#0,1020078539,1020078540,-41231514#8,-41231514#7,-41231514#6,41231711#0,41231709#0",3.068507402961185,2061.7333559099447,29.988000000000003,3.636318380409584e-15,0.0,0.0,0.0,0.0,0.0,0.0,0.0,0.0,1.0,0.0,0.0,0.0,0.0,75.68860832437059,0.0,0.0,1.680532642490466,83.26034006777415,10.670633007385335,"8a7558244087fff,8a755824409ffff,8a7558244097fff,8a7558244467fff,8a755824446ffff,8a75582447a7fff,8a7558244797fff,8a7558244787fff,8a75582446b7fff,8a755824469ffff,8a7558246a6ffff,8a7558246a4ffff,8a7558240d1ffff",2,2
41273141#3,41231709#0,"-41273141#3,-174897323#0,-41231515#6,-41231515#5,-1020092139#1,-1020092139#0,1020092140,-41231515#3,-41231515#2,1020092135,41231756#0,41231756#1,41231756#2,41231756#3,-41231755,-79119286#0,-41231753#2,-41231753#1,-41231753#0,1020078542,-1157449878#0,1020078539,1020078540,-41231514#8,-41231514#7,-41231514#6,41231711#0,41231709#0",3.0779782035204293,2158.584124315521,31.41771428571429,5.249501527356127,20.016000000000005,0.0627605538272449,0.0,0.0,0.0,0.0,0.0,0.0,1.0,0.0,0.0,0.0,0.0,68.67535118492218,0.0,0.0,1.7594763513310403,73.53738900645416,12.971465732834805,"8a7558244087fff,8a755824409ffff,8a7558244097fff,8a7558244467fff,8a755824446ffff,8a75582447a7fff,8a75582447affff,8a755824478ffff,8a75582446a7fff,8a7558244687fff,8a75582446b7fff,8a755824469ffff,8a7558246a6ffff,8a7558246a4ffff,8a7558240d1ffff",3,3
41273141#3,41231709#0,"-41273141#3,-174897323#0,-41231513#4,-41231513#3,-41231513#2,-41231513#1,-41231513#0,79119284#3,-79119286#3,-79119286#2,-79119286#1,41231755,-41231756#3,-41231756#2,41273133,-1020078548,-41231515#5,-41231515#4,-41231515#3,-41231515#2,-41231515#1,-41231515#0,-1157449878#1,-1157449878#0,1020078539,1020078540,-41231514#8,-41231514#7,-41231514#6,41231711#0,41231709#0",4.060884353741497,2641.796268943762,29.988000000000014,1.4445760789742613e-14,0.0,0.0,0.0,0.0,0.0,0.0,0.0,0.0,1.0,0.0,0.0,0.0,0.0,90.21279972744637,0.0,0.0,2.153345801019011,80.08065027457722,11.73444007186609,"8a7558244087fff,8a755824409ffff,8a7558244707fff,8a7558244717fff,8a755824471ffff,8a7558244637fff,8a75582447affff,8a7558244737fff,8a755824446ffff,8a75582447a7fff,8a7558244787fff,8a75582446b7fff,8a755824469ffff,8a7558246a6ffff,8a7558246a4ffff,8a7558240d1ffff",4,4
57099589,-57392457#1,"-57099589,1264978470#1,57680111,57680112#1,57680087#0,57680087#1,57680087#2,1116499328#0,1116499328#1,1116499329,1116499330#0,1116499330#1,57680180#0,57680171#0,57680171#1,57680171#2,22561499#2,174907152#0,174907152#1,174907152#2,174907151#0,174907151#2,174907151#5,-57392457#1",2.81030412164866,1719.4560635143434,29.1555,4.078400421733992,19.98,0.0,0.0,0.0,0.3491602601080623,0.0,0.0,0.0,0.6508397398919377,2.3263170748454733,20.93685367360926,1.163158537422737,1.163158537422737,53.23729519502405,2.3263170748454733,0.5815792687113683,1.6322933933957269,64.41617856126194,13.95790244907284,"8a7558255857fff,8a7558255867fff,8a7558255b07fff,8a755824648ffff,8a75582464f7fff,8a75582464c7fff,8a75582464cffff,8a7558246797fff,8a755824679ffff,8a7558255b6ffff,8a7558255b4ffff,8a7558246697fff,8a7558246687fff,8a75582466affff,8a75582466f7fff,8a755824668ffff",0,0
57099589,-57392457#1,"-57099589,1264978470#1,57680111,57680112#1,57680087#0,57680087#1,57680087#2,1116499328#0,1116499328#1,1116499329,1116499330#0,1116499330#1,57680180#0,57680180#1,57680180#2,57680180#3,174907152#0,174907152#1,174907152#2,-57392486,1163710302,57392474,57392457#1",3.622508571774033,1763.6793246662112,26.51321739130435,7.743316689874164,19.98,0.0,0.0,0.0,0.2404175984198259,0.0,0.0,0.0,0.759582401580174,2.267985990456076,20.41187391410468,1.133992995228038,0.0,56.71233672485905,2.267985990456076,0.5669964976140189,1.6709484885444017,63.78254697333736,13.040919445122436,"8a7558255857fff,8a7558255867fff,8a7558255b07fff,8a755824648ffff,8a75582464f7fff,8a75582464c7fff,8a75582464cffff,8a7558246797fff,8a755824679ffff,8a75582466b7fff,8a7558246697fff,8a7558246687fff,8a755824668ffff,8a75582466f7fff",1,1
57099589,-57392457#1,"-57099589,1264978470#1,1116499322,1116499321#0,22561654#0,22561654#3,22561654#4,22561654#5,22561499#0,22561499#1,22561499#2,174907152#0,174907152#1,174907152#2,-57392486,1163710302,57392474,57392457#1",2.9932968871001635,1403.261854189435,25.547999999999995,8.547296786291042,19.98,0.0,0.0,0.0,0.6883901274826,0.0,0.0,0.0,0.3116098725173999,1.4252507427811885,12.827256685030695,0.7126253713905942,0.7126253713905942,42.842092285444544,1.4252507427811885,0.0,1.329481069203789,70.64989622581955,12.827256685030695,"8a7558255857fff,8a7558255867fff,8a7558255b07fff,8a7558255b2ffff,8a7558255b77fff,8a7558255b47fff,8a7558255b5ffff,8a7558255b4ffff,8a7558246697fff,8a7558246687fff,8a755824668ffff,8a75582466f7fff",2,2
57099589,-57392457#1,"-57099589,-1264978470#0,-1116499323#1,-1116499323#0,-561133121,-55682342#1,-55682342#0,55682703,849128758#0,849128758#1,55682704#1,55682704#2,55682704#3,125835961,-57680135,-57680114#3,-57680114#2,-57680114#1,-57680114#0,-1264978471,-57680145#1,-57680145#0,-1116499324#2,-1116499324#1,-1116499324#0,57680087#0,57680087#1,57680087#2,1116499328#0,1116499328#1,1116499329,1116499330#0,1116499330#1,57680180#0,57680180#1,57680180#2,57680180#3,174907152#0,174907152#1,174907152#2,-57392486,1163710302,57392474,57392457#1",7.1445434469917135,4759.119344553978,39.31036363636364,20.160864033130327,69.98400000000001,0.4354324759605781,0.0,0.0,0.3304571947992987,0.0,0.0,0.2655235249705374,0.404019280230164,0.8404916351966116,7.984670534367811,0.8404916351966116,0.0,81.08669409409204,1.0506145439957646,0.2101229087991529,4.508894085431268,121.4042669238573,9.245407987162729,"8a7558255857fff,8a7558255867fff,8a755825595ffff,8a7558255937fff,8a7558273667fff,8a7558273767fff,8a75582730d7fff,8a75582733b7fff,8a755827305ffff,8a7558273337fff,8a75582733affff,8a755827338ffff,8a75582732f7fff,8a7558255967fff,8a75582464affff,8a75582464f7fff,8a75582464c7fff,8a75582464cffff,8a7558246797fff,8a755824679ffff,8a75582466b7fff,8a7558246697fff,8a7558246687fff,8a755824668ffff,8a75582466f7fff",3,3
57099589,-57392457#1,"-57099589,1264978470#1,57680111,57680112#1,57680087#0,57680087#1,57680087#2,1116499328#0,1116499328#1,1116499329,1116499330#0,1116499330#1,57680180#0,57680171#0,57680171#1,57680171#2,22561499#2,174907152#0,174907152#1,174907152#2,-57392486,1163710302,57392474,57392457#1",3.6543813208736737,1804.2706224466656,26.658,7.606256006392542,19.98,0.0,0.0,0.0,0.2512938369045883,0.0,0.0,0.0,0.7487061630954115,2.2169623282874467,19.952660954587017,1.108481164143723,0.0,56.67277320809709,2.2169623282874467,0.5542405820718617,1.7094055746630146,63.59869515764754,13.301773969724678,"8a7558255857fff,8a7558255867fff,8a7558255b07fff,8a755824648ffff,8a75582464f7fff,8a75582464c7fff,8a75582464cffff,8a7558246797fff,8a755824679ffff,8a7558255b6ffff,8a7558255b4ffff,8a7558246697fff,8a7558246687fff,8a755824668ffff,8a75582466f7fff",4,4
57392414#0,79119284#5,"-57392414#0,22561652#2,22561652#3,22561652#4,22561652#5,22561652#6,125835948,563369678,1238123690,174375405,561133138,174375402,174375403,561133137,563273548,-57680132#1,-57680132#0,57680179#0,57680179#1,57680179#2,57680179#3,-979838980#6,-979838980#5,-979838980#4,-979838980#3,-979838980#2,-979838980#1,-979838980#0,-563298888,213840999,979842179,226068307,979842178#0,979842178#1,979842178#2,979842178#3,979842178#4,979842178#5,79116530#0,79116530#1,79116549#0,79116549#1,79116549#2,41231358#1,79119291#0,79119291#1,79116549#4,79116549#5,79116549#6,79119284#1,79119284#2,79119284#3,79119284#4,79119284#5",3.8263983585861614,3084.1848103202024,41.10266666666665,14.880321116437706,39.99600000000001,0.4848361411589215,0.0,0.0,0.0824184538112487,0.4301367659437634,0.0340539178788886,0.0060824109964664,0.4473084513696329,0.6484695707298935,7.133165278028829,1.296939141459787,0.0,72.07069395389247,2.269643497554628,0.6484695707298935,1.3607426386178396,55.1308807295863,17.508678409707127,"8a75582466d7fff,8a75582466f7fff,8a75582466c7fff,8a75582466effff,8a755824665ffff,8a755824664ffff,8a7558242937fff,8a7558242927fff,8a75582462d7fff,8a75582462c7fff,8a75582462e7fff,8a7558246277fff,8a755824634ffff,8a7558240cb7fff,8a7558240c17fff,8a7558240c37fff,8a7558240c27fff,8a7558240d57fff,8a7558240d77fff,8a7558240d67fff,8a75582446c7fff,8a75582446e7fff,8a755824461ffff,8a755824460ffff,8a7558244627fff,8a755824471ffff",0,0
57392414#0,79119284#5,"-57392414#0,-22561652#1,-22561652#0,-174907151#4,-174907151#1,-57392486,1004094803#0,1004094803#1,1004094802,57392452,24580169#2,-57099575#2,-57099575#1,-57099591#1,-57099591#0,32898139#0,32898139#1,32898141,-24580169#0,22561499#0,22561499#1,22561499#2,-57680180#3,-57680180#2,-57680180#1,-57680180#0,-563282223,-1116499330#0,-1116499329,-1116499328#1,-1116499328#0,-57680087#2,-57680087#1,-57680087#0,-57680112#1,-57680112#0,-1264978470#1,-1264978470#0,-1116499323#1,-1116499323#0,-561133121,-55682342#1,-55682342#0,55682703,849128758#0,849128758#1,55682704#1,55682704#2,55682704#3,125835961,57680125#0,57680125#1,57680125#2,57680127,227218689,154901400#2,154901400#3,154901400#4,154901400#5,23030923#2,23030922#1,41231752,561133140#1,79119284#2,79119284#3,79119284#4,79119284#5",14.411745986544208,10258.31572580524,36.55988059701492,17.01595570608914,69.98400000000001,0.6156590532925516,0.0,0.0,0.1977371540927936,0.0098308878830693,0.1808310396415616,0.2352783622524817,0.3763225561300933,0.5848913369771549,8.18847871768017,0.5848913369771549,0.1949637789923849,117.39604313775558,1.1697826739543098,0.2924456684885774,4.52596989706913,245.5211635846542,6.531286596244897,"8a75582466d7fff,8a75582466f7fff,8a75582466affff,8a7558246687fff,8a7558246697fff,8a7558255a67fff,8a7558255a77fff,8a7558255aa7fff,8a755825516ffff,8a7558255a37fff,8a7558255b57fff,8a7558255b5ffff,8a7558255b4ffff,8a75582466b7fff,8a755824679ffff,8a7558246797fff,8a75582464cffff,8a75582464c7fff,8a75582464f7fff,8a755824648ffff,8a7558255b07fff,8a7558255867fff,8a755825595ffff,8a7558255937fff,8a7558273667fff,8a7558273767fff,8a75582730d7fff,8a75582733b7fff,8a755827305ffff,8a7558273337fff,8a7558273327fff,8a7558246d37fff,8a7558246d27fff,8a75582712e7fff,8a7558271257fff,8a7558244c87fff,8a7558244c27fff,8a75582440c7fff,8a7558244767fff,8a7558244627fff,8a755824471ffff",1,1
57392414#0,79119284#5,"-57392414#0,22561652#2,22561652#3,22561652#4,22561652#5,22561652#6,125835948,563369678,1238123690,174375405,563272699,561133137,563273548,-57680132#1,-57680132#0,57680179#0,57680179#1,57680179#2,57680179#3,-979838980#6,-979838980#5,-979838980#4,-979838980#3,-979838980#2,-979838980#1,-979838980#0,-563298888,213840999,979842179,226068307,979842178#0,979842178#1,979842178#2,979842178#3,979842178#4,979842178#5,79116530#0,79116530#1,79116549#0,-41231508#0,79119287#0,79119287#1,79119287#2,-79116549#4,79119291#2,41231511#0,41231511#1,41231511#2,41231511#3,-79119286#1,41231755,-41231756#3,-41231756#2,41273133,-41273134,41231515#4,41231515#5,41231515#6,-41231513#4,-41231513#3,-41231513#2,-41231513#1,-41231513#0,79119284#3,79119284#4,79119284#5",5.814336111080969,4209.019456415208,38.77854545454545,14.090749806092724,39.99600000000001,0.3468067190910744,0.0,0.0,0.0603926273011875,0.3210594266406983,0.0,0.0044569239462256,0.6140910221118883,0.4751700534317286,4.751700534317286,0.7127550801475929,0.0,74.71751121342453,1.1879251335793215,0.4751700534317286,1.8570197939991904,64.14438182801774,15.680611763247043,"8a75582466d7fff,8a75582466f7fff,8a75582466c7fff,8a75582466effff,8a755824665ffff,8a755824664ffff,8a7558242937fff,8a7558242927fff,8a75582462d7fff,8a75582462c7fff,8a75582462e7fff,8a7558246277fff,8a755824634ffff,8a7558240cb7fff,8a7558240c17fff,8a7558240c37fff,8a7558240c27fff,8a7558240d57fff,8a7558240d77fff,8a7558240d67fff,8a7558240d47fff,8a7558240997fff,8a75582446cffff,8a755824460ffff,8a755824461ffff,8a7558244617fff,8a7558244637fff,8a75582447affff,8a7558244737fff,8a755824446ffff,8a755824409ffff,8a7558244707fff,8a7558244717fff,8a755824471ffff,8a7558244627fff",2,2
57392414#0,79119284#5,"-57392414#0,-22561652#1,-22561652#0,-174907151#4,-174907151#1,-174907152#2,-174907152#1,-174907152#0,-57680180#3,-57680180#2,-57680180#1,-57680180#0,-563282223,-1116499330#0,-1116499329,-1116499328#1,-1116499328#0,-57680087#2,-57680087#1,-57680087#0,1116499324#0,1116499324#1,1116499324#2,57680145#0,57680145#1,1264978471,561133118,57680114#1,57680114#2,57680114#3,57680135,57680125#0,57680125#1,57680125#2,57680127,227218689,154901400#2,154901400#3,154901400#4,154901400#5,23030923#2,23030922#1,41231752,561133140#1,79119284#2,79119284#3,79119284#4,79119284#5",9.552937455180286,7549.461989150463,40.61625,18.03416182185968,50.004000000000005,0.5932377647860604,0.0,0.0,0.0493467227898913,0.0,0.2457157742279708,0.3390084665435372,0.3659290364386007,0.2649195403426435,4.50363218582494,0.3973793105139653,0.2649195403426435,130.80876662101366,0.6622988508566089,0.0,3.330823364698157,281.8473138042573,6.358068968223445,"8a75582466d7fff,8a75582466f7fff,8a75582466affff,8a7558246687fff,8a7558246697fff,8a75582466b7fff,8a755824679ffff,8a7558246797fff,8a75582464cffff,8a75582464c7fff,8a75582464f7fff,8a75582464affff,8a7558255967fff,8a75582732f7fff,8a755827338ffff,8a75582733affff,8a7558273337fff,8a7558273327fff,8a7558246d37fff,8a7558246d27fff,8a75582712e7fff,8a7558271257fff,8a7558244c87fff,8a7558244c27fff,8a75582440c7fff,8a7558244767fff,8a7558244627fff,8a755824471ffff",3,3
57392414#0,79119284#5,"-57392414#0,-22561652#1,-22561652#0,-174907151#4,-174907151#1,-174907152#2,-174907152#1,-174907152#0,-22561653,-22561499#1,-22561499#0,-22561654#5,-22561654#4,-22561654#3,-22561654#2,-1116499321#1,-1116499322,57680111,57680112#1,1116499324#0,1116499324#1,1116499324#2,57680145#0,57680145#1,1264978471,561133118,57680114#1,57680114#2,57680114#3,57680135,57680125#0,57680125#1,57680125#2,57680127,227218689,154901400#2,154901400#3,154901400#4,154901400#5,23030923#2,23030922#1,41231752,561133140#1,79119284#2,41231513#0,41231513#1,41273135,41273136,41231513#3,41231513#4,-41231515#6,1020078548,-41273134,41231515#4,-1020092139#1,-1020092139#0,-1020092142,-1020092143,41273131,-1020092138,-1020092137#1,1157449879,41231515#0,41231515#1,1020092135,41231756#0,41231756#1,41231756#2,41231756#3,-41231755,79119286#1,79119286#2,79119286#3,79119284#4,79119284#5",13.897299634897385,10063.1590150916,37.05696,15.31683306254743,50.004000000000005,0.4471431176975924,0.0,0.0,0.0908773542878462,0.0,0.1843379295593747,0.2543268498820719,0.4704578662707067,0.1987447477477623,3.378660711711959,0.2981171216216434,0.2981171216216434,119.34138277613845,0.4968618693694057,0.0,4.439866737300021,231.08054001235743,7.452928040541086,"8a75582466d7fff,8a75582466f7fff,8a75582466affff,8a7558246687fff,8a7558246697fff,8a7558255b4ffff,8a7558255b5ffff,8a7558255b47fff,8a7558255b77fff,8a7558255b2ffff,8a7558255b07fff,8a755824648ffff,8a75582464f7fff,8a75582464affff,8a7558255967fff,8a75582732f7fff,8a755827338ffff,8a75582733affff,8a7558273337fff,8a7558273327fff,8a7558246d37fff,8a7558246d27fff,8a75582712e7fff,8a7558271257fff,8a7558244c87fff,8a7558244c27fff,8a75582440c7fff,8a7558244767fff,8a7558244627fff,8a755824471ffff,8a7558244707fff,8a7558244717fff,8a755824409ffff,8a7558244737fff,8a755824446ffff,8a7558244097fff,8a7558244467fff,8a7558244477fff,8a75582447b7fff,8a75582447a7fff,8a7558244797fff,8a7558244787fff,8a75582447affff,8a7558244637fff",4,4
57392420,-174375407#3,"57392420,1004094802,57392452,24580169#2,-57099575#2,-57099587#1,32898141,-24580169#0,22561499#0,22561499#1,22561499#2,174907152#0,174907152#1,174907152#2,174907151#0,174907151#2,174907151#5,22561652#1,22561652#2,22561652#3,22561652#4,22561652#5,22561652#6,125835948,563369678,1238123690,174375405,561133138,-174375407#4,-174375407#3",2.7433244186104084,1525.902041883652,31.3272,11.666100960209162,39.99600000000001,0.1512456063982696,0.0,0.0,0.4647882819090504,0.0846287092027044,0.1968951599741246,0.0,0.2536878489141204,1.3107001269433372,17.694451713735052,1.9660501904150056,1.3107001269433372,67.29548678375373,3.9321003808300112,0.6553500634716686,1.6832292344810893,44.48032711340699,19.660501904150056,"8a7558255b4ffff,8a7558246697fff,8a7558255a67fff,8a7558255a77fff,8a7558255b5ffff,8a7558246687fff,8a75582466affff,8a75582466f7fff,8a75582466c7fff,8a75582466effff,8a755824665ffff,8a75582429a7fff,8a75582429affff",0,0
57392420,-174375407#3,"57392420,1004094802,57392452,24580169#2,-57099575#2,-57099587#1,32898141,-24580169#0,22561499#0,22561499#1,22561499#2,174907152#0,174907152#1,174907152#2,-57392486,1163710302,57392474,57392457#1,22561652#1,22561652#2,22561652#3,22561652#4,22561652#5,22561652#6,125835948,563369678,1238123690,174375405,561133138,-174375407#4,-174375407#3",3.771514327667557,1656.2984612431217,28.705935483870977,13.597169268970374,39.99600000000001,0.1393384012781344,0.0,0.0,0.3394664444320113,0.0779660931867697,0.181394074601766,0.0,0.401173387779453,2.415023676951213,27.169016365701147,2.415023676951213,0.0,69.94277995576616,4.830047353902426,0.6037559192378033,1.8270700965501705,44.20335793446824,18.716433496371906,"8a7558255b4ffff,8a7558246697fff,8a7558255a67fff,8a7558255a77fff,8a7558255b5ffff,8a7558246687fff,8a755824668ffff,8a75582466f7fff,8a75582466c7fff,8a75582466effff,8a755824665ffff,8a75582429a7fff,8a75582429affff",1,1
57392420,-174375407#3,"57392420,1004094802,57392452,24580169#2,-57099575#2,-57099575#1,-57099591#1,-57099591#0,32898139#0,32898139#1,32898141,-24580169#0,22561499#0,22561499#1,22561499#2,174907152#0,174907152#1,174907152#2,174907151#0,174907151#2,174907151#5,22561652#1,22561652#2,22561652#3,22561652#4,22561652#5,22561652#6,125835948,563369678,1238123690,174375405,561133138,-174375407#4,-174375407#3",4.054111555639446,2685.11172236221,33.5244705882353,12.526310415294718,39.99600000000001,0.517667718825781,0.0,0.0,0.2641310536548854,0.0480930156830788,0.1118920766459626,0.0,0.5758838540160731,0.7448479641809885,10.055447516443346,1.1172719462714829,0.7448479641809885,71.33515988402786,2.2345438925429657,0.3724239820904942,2.9619585169101965,92.15460565269792,12.662415391076806,"8a7558255b4ffff,8a7558246697fff,8a7558255a67fff,8a7558255a77fff,8a7558255aa7fff,8a755825516ffff,8a7558255a37fff,8a7558255b57fff,8a7558255b5ffff,8a7558246687fff,8a75582466affff,8a75582466f7fff,8a75582466c7fff,8a75582466effff,8a755824665ffff,8a75582429a7fff,8a75582429affff",3,3
57392420,-174375407#3,"57392420,1004094802,57392452,-24580169#1,-24580169#0,-22561654#5,-22561654#4,-22561654#3,-22561654#2,-1116499321#1,-1116499322,57680111,57680112#1,57680087#0,57680087#1,57680087#2,1116499328#0,1116499328#1,1116499329,1116499330#0,1116499330#1,57680180#0,57680171#0,57680171#1,57680171#2,22561499#2,174907152#0,174907152#1,174907152#2,174907151#0,174907151#2,174907151#5,22561652#1,22561652#2,22561652#3,22561652#4,22561652#5,22561652#6,125835948,563369678,1238123690,174375405,561133138,-174375407#4,-174375407#3",4.4085693812618345,2631.1997453105582,30.4352,7.9646417074010785,39.99600000000001,0.0519373808552806,0.0,0.0,0.4239902786627542,0.0345534843432279,0.1141846897701276,0.0,0.4272715472238903,1.5202190586742717,11.02158817538847,1.1401642940057035,1.1401642940057035,80.71902550876794,2.2803285880114075,0.3800547646685679,2.902487978585212,50.511498884754175,17.102464410085556,"8a7558255b4ffff,8a7558246697fff,8a7558255a67fff,8a7558255b5ffff,8a7558255b47fff,8a7558255b77fff,8a7558255b2ffff,8a7558255b07fff,8a755824648ffff,8a75582464f7fff,8a75582464c7fff,8a75582464cffff,8a7558246797fff,8a755824679ffff,8a7558255b6ffff,8a7558246687fff,8a75582466affff,8a75582466f7fff,8a75582466c7fff,8a75582466effff,8a755824665ffff,8a75582429a7fff,8a75582429affff",4,4
57392420,-22561653,"57392420,1004094802,57392452,24580169#2,-57099575#2,-57099587#1,32898141,-24580169#0,22561499#0,22561499#1,22561499#2",1.6969104750632271,570.4375955111002,26.361818181818183,15.011465523513564,39.99600000000001,0.1650107866158468,0.0,0.0,0.1446020348791144,0.1767912082988853,0.0,0.0,0.6786067568220003,1.7530401359749457,43.82600339937364,1.7530401359749457,0.0,103.11329610208298,7.012160543899782,0.0,7.012473078088211,23.43726439355643,19.2834414957244,"8a7558255b4ffff,8a7558246697fff,8a7558255a67fff,8a7558255a77fff,8a7558255b5ffff",0,0
57392420,-22561653,"57392420,1004094802,57392452,-24580169#1,-24580169#0,-22561654#5,-22561654#4,-22561654#3,-22561654#2,-1116499321#1,-1116499322,57680111,57680112#1,57680087#0,57680087#1,57680087#2,1116499328#0,1116499328#1,1116499329,1116499330#0,1116499330#1,57680180#0,57680180#1,57680180#2,57680180#3,-22561653",3.358954157202448,1664.526541067454,27.682615384615385,6.509735620296253,19.98,0.0,0.0,0.0,0.2936980275435691,0.0376265257737871,0.0,0.0,0.6686754466826437,1.8023143073922463,16.220828766530218,0.6007714357974155,0.6007714357974155,106.34304351303672,2.403085743189662,0.0,31.393215377422603,47.56803341179007,15.620057330732804,"8a7558255b4ffff,8a7558246697fff,8a7558255a67fff,8a7558255b5ffff,8a7558255b47fff,8a7558255b77fff,8a7558255b2ffff,8a7558255b07fff,8a755824648ffff,8a75582464f7fff,8a75582464c7fff,8a75582464cffff,8a7558246797fff,8a755824679ffff,8a75582466b7fff",1,1
57392420,-22561653,"57392420,1004094802,57392452,24580169#2,-57099575#2,-57099575#1,-57099591#1,-57099591#0,32898139#0,32898139#1,32898141,-24580169#0,22561499#0,22561499#1,22561499#2",3.0076976120922647,1729.6472759896585,32.6664,16.67555040342426,39.99600000000001,0.7246205941682359,0.0,0.0,0.0476897447401567,0.0583057327175654,0.0,0.0,0.8940045225422777,0.5781525597048836,14.453813992622088,0.5781525597048836,0.0,94.21731594138944,2.312610238819534,0.0,21.262807803890738,117.3960477230356,8.672288395573252,"8a7558255b4ffff,8a7558246697fff,8a7558255a67fff,8a7558255a77fff,8a7558255aa7fff,8a755825516ffff,8a7558255a37fff,8a7558255b57fff,8a7558255b5ffff",3,3
57392420,-22561653,"57392420,1004094802,57392452,-24580169#1,-24580169#0,-22561654#5,-22561654#4,-22561654#3,-22561654#2,-1116499321#1,-1116499322,57680111,57680112#1,57680087#0,57680087#1,57680087#2,1116499328#0,1116499328#1,1116499329,1116499330#0,1116499330#1,57680180#0,57680171#0,57680171#1,57680171#2,22561499#2",3.3621554377146534,1675.735298938007,27.682615384615385,6.509735620296253,19.98,0.0,0.0,0.0,0.2917335227199963,0.0373748472317311,0.0,0.0,0.6708916300482723,1.7902588803262915,16.112329922936624,0.5967529601087639,0.5967529601087639,103.4806707551696,2.3870118404350555,0.0,20.60005995796294,48.24669169011607,15.51557696282786,"8a7558255b4ffff,8a7558246697fff,8a7558255a67fff,8a7558255b5ffff,8a7558255b47fff,8a7558255b77fff,8a7558255b2ffff,8a7558255b07fff,8a755824648ffff,8a75582464f7fff,8a75582464c7fff,8a75582464cffff,8a7558246797fff,8a755824679ffff,8a7558255b6ffff",4,4
57392474,-561133139,"57392474,57392457#1,-22561652#0,-174907151#4,-174907151#1,-174907152#2,-174907152#1,-174907152#0,-57680180#3,-57680180#2,-57680180#1,57680171#0,57680171#1,57680171#2,-22561499#1,-22561499#0,57392420,1004094802,561133139",2.380570933409335,967.9058645694872,26.83515789473684,10.023788379334643,39.99600000000001,0.0123466612697553,0.0,0.0,0.3524739712618765,0.0,0.0,0.0,0.6475260287381235,4.132633292576599,37.19369963318939,2.0663166462883,2.0663166462883,104.41931418143476,4.132633292576599,1.0331583231441497,5.372970067207581,35.975210776688535,19.630008139738845,"8a7558246687fff,8a755824668ffff,8a75582466f7fff,8a75582466affff,8a7558246697fff,8a75582466b7fff,8a755824679ffff,8a7558255b6ffff,8a7558255b4ffff,8a7558255a67fff",1,1
57392474,-561133139,"57392474,57392457#1,-22561652#0,-174907151#4,-174907151#1,-174907152#2,-174907152#1,-174907152#0,-22561653,-22561499#1,-22561499#0,57392420,1004094802,561133139",1.926229196714657,668.0525680675737,25.70914285714285,11.572916651569557,39.99600000000001,0.017888421393869,0.0,0.0,0.5546631829800674,0.0,0.0,0.0,0.4453368170199325,2.993776381677945,26.943987435101505,1.4968881908389726,2.993776381677945,83.14680794101835,2.993776381677945,1.4968881908389726,3.708445813730824,32.13697922480392,20.95643467174561,"8a7558246687fff,8a755824668ffff,8a75582466f7fff,8a75582466affff,8a7558246697fff,8a7558255b4ffff,8a7558255a67fff",3,3
57392554#0,-174907152#1,"-57392554#0,-22561652#2,-22561652#1,-22561652#0,-174907151#4,-174907151#1,-57392486,1004094803#0,1004094803#1,1004094802,57392452,-24580169#1,-24580169#0,22561499#0,22561499#1,22561499#2,174907152#0,174907152#1",3.059085144849307,1194.350619387294,24.438,9.208554207270288,19.98,0.0,0.0,0.0,0.3904583898491207,0.0524388314302185,0.0,0.0,0.2891198324340249,2.511825213888205,23.44370199628991,0.8372750712960683,1.6745501425921363,113.49307331336898,3.349100285184273,0.8372750712960683,2.0606005138192875,69.20540314545958,15.07095128332923,"8a7558242d47fff,8a75582466c7fff,8a75582466f7fff,8a75582466affff,8a7558246687fff,8a7558246697fff,8a7558255a67fff,8a7558255b4ffff",1,1
57392554#0,-174907152#1,"-57392554#0,-22561652#2,-22561652#1,-22561652#0,-174907151#4,-174907151#1,-174907152#2,-174907152#1",1.26156462585034,730.449637333821,29.988,0.0,0.0,0.0,0.0,0.0,0.5618238663914854,0.0,0.0,0.0,0.0,1.3690197775305246,13.690197775305249,0.0,2.738039555061049,106.19573200702648,1.3690197775305246,0.0,1.211373718150074,97.2768593467892,10.952158220244195,"8a7558242d47fff,8a75582466c7fff,8a75582466f7fff,8a75582466affff,8a7558246687fff,8a7558246697fff",3,3
57392554#0,-22561653,"-57392554#0,-22561652#2,-22561652#1,-22561652#0,-174907151#4,-174907151#1,-57392486,1004094803#0,1004094803#1,1004094802,57392452,-24580169#1,-24580169#0,22561499#0,22561499#1,22561499#2",2.9737109951894425,1122.7434472911095,23.74425,9.564696806485816,19.98,0.0,0.0,0.0,0.351582588718266,0.0557833144782436,0.0,0.0,0.3075595335496042,2.672026282797042,24.93891197277239,0.890675427599014,1.781350855198028,117.60376955964531,3.562701710396056,0.890675427599014,1.746369028345468,72.67155399032183,14.250806841584224,"8a7558242d47fff,8a75582466c7fff,8a75582466f7fff,8a75582466affff,8a7558246687fff,8a7558246697fff,8a7558255a67fff,8a7558255b4ffff",0,0
57392554#0,-22561653,"-57392554#0,-22561652#2,-22561652#1,-22561652#0,-174907151#4,-174907151#1,-57392486,1004094803#0,1004094803#1,1004094802,57392452,24580169#2,-57099575#2,-57099587#1,32898141,-24580169#0,22561499#0,22561499#1,22561499#2",3.5252127312174872,1337.4257561124928,25.78547368421053,12.607139931925795,39.99600000000001,0.0703802479654217,0.0,0.0,0.2951468863680807,0.0754048225171429,0.0,0.0,0.3901336252951103,2.243115168291754,32.89902246827906,1.4954101121945025,1.4954101121945025,114.45223447813298,4.486230336583508,0.7477050560972512,2.0802961921725496,65.69336563025009,14.206396065847771,"8a7558242d47fff,8a75582466c7fff,8a75582466f7fff,8a75582466affff,8a7558246687fff,8a7558246697fff,8a7558255a67fff,8a7558255a77fff,8a7558255b5ffff,8a7558255b4ffff",1,1
57392554#0,-22561653,"-57392554#0,-22561652#2,-22561652#1,-22561652#0,-174907151#4,-174907151#1,-174907152#2,-174907152#1,-174907152#0,-22561653",1.3486794717887156,802.7928362429145,29.988,0.0,0.0,0.0,0.0,0.0,0.6013098480293019,0.0,0.0,0.0,0.0,1.2456513746186608,12.456513746186609,0.0,2.4913027492373216,94.7435347739989,1.2456513746186608,0.0,1.2146964203051078,88.94156241080209,12.456513746186609,"8a7558242d47fff,8a75582466c7fff,8a75582466f7fff,8a75582466affff,8a7558246687fff,8a7558246697fff,8a7558255b4ffff",2,2
57392554#0,-22561653,"-57392554#0,-22561652#2,-22561652#1,-22561652#0,-174907151#4,-174907151#1,-57392486,1004094803#0,1004094803#1,1004094802,57392452,24580169#2,-57099575#2,-57099575#1,-57099591#1,-57099591#0,32898139#0,32898139#1,32898141,-24580169#0,22561499#0,22561499#1,22561499#2",4.8359998682465255,2496.6354365910506,29.99739130434784,14.76950468098843,39.99600000000001,0.5020108336443491,0.0,0.0,0.1581076042900597,0.0403937035786123,0.0,0.0,0.6732999198188999,1.2016171668604736,17.623718447286947,0.8010781112403157,0.8010781112403157,104.44679887927128,2.403234333720947,0.4005390556201578,3.883386549306562,108.3201520650872,9.212398279263631,"8a7558242d47fff,8a75582466c7fff,8a75582466f7fff,8a75582466affff,8a7558246687fff,8a7558246697fff,8a7558255a67fff,8a7558255a77fff,8a7558255aa7fff,8a755825516ffff,8a7558255a37fff,8a7558255b57fff,8a7558255b5ffff,8a7558255b4ffff",3,3
57392554#0,57392486,"-57392554#0,-22561652#2,-22561652#1,-22561652#0,-174907151#4,-174907151#1,-57392486",1.1374149659863946,718.7520551956926,27.133714285714287,7.55173017072436,19.98,0.0,0.0,0.0,0.4344343898920866,0.0,0.0,0.0,0.1202582254973302,2.7826007390761,26.43470702122295,1.39130036953805,2.7826007390761,114.96537493206948,2.7826007390761,1.39130036953805,1.3840752641215175,100.79314774634868,9.73910258676635,"8a7558242d47fff,8a75582466c7fff,8a75582466f7fff,8a75582466affff,8a7558246687fff",1,1
57680095#0,-561133140#1,"-57680095#0,-1116499322,57680111,57680112#1,1116499324#0,1116499324#1,1116499324#2,57680145#0,57680145#1,1264978471,561133118,57680114#1,57680114#2,57680114#3,57680135,57680125#0,57680175,227218423,227218424,154901400#0,154901400#1,154901400#2,154901400#3,154901400#4,154901400#5,23030923#2,23030922#1,41231752,561133140#1",7.916116044824855,6872.893387219387,49.65020689655172,19.5469890874333,50.004000000000005,0.7532829341645725,0.0,0.0,0.0086717238548386,0.0,0.2699040699683022,0.4664008113157161,0.255023394861143,0.2909982575488711,4.946970378330808,0.4364973863233066,0.0,111.17595133177116,0.7274956438721777,0.0,2.853765448214027,331.7087692451949,4.219474734458631,"8a75582464d7fff,8a7558255b2ffff,8a7558255b07fff,8a755824648ffff,8a75582464f7fff,8a75582464affff,8a7558255967fff,8a75582732f7fff,8a755827338ffff,8a75582733affff,8a7558273337fff,8a7558273a87fff,8a7558273aaffff,8a7558273a0ffff,8a7558246d27fff,8a75582712e7fff,8a7558271257fff,8a7558244c87fff,8a7558244c27fff,8a75582440c7fff,8a7558244767fff,8a7558244627fff,8a755824471ffff",0,0
57680095#0,-561133140#1,"-57680095#0,1116499321#0,22561654#0,22561654#3,22561654#4,22561654#5,22561499#0,22561499#1,22561499#2,-57680180#3,-57680180#2,-57680180#1,-57680180#0,-563282223,-1116499330#0,-1116499329,-1116499328#1,-1116499328#0,-57680087#2,-57680087#1,-57680087#0,-57680112#1,-57680112#0,-1264978470#1,-1264978470#0,-1116499323#1,-1116499323#0,-561133121,-55682342#1,-55682342#0,55682703,849128758#0,849128758#1,55682704#1,55682704#2,55682704#3,125835961,57680125#0,57680175,227218423,227218424,154901400#0,154901400#1,154901400#2,154901400#3,154901400#4,154901400#5,23030923#2,23030922#1,41231752,561133140#1",10.675079169726963,8734.849634214706,39.79482352941177,16.432613450946732,50.004000000000005,0.6595298709979609,0.0,0.0,0.2515084881524336,0.0,0.2123702153271829,0.3502923772340746,0.1858289192863087,0.4579357593440261,5.724196991800326,0.4579357593440261,0.1144839398360065,113.98215242667514,0.8013875788520457,0.228967879672013,3.626887640629012,265.6626162885074,5.838680931636333,"8a75582464d7fff,8a7558255b2ffff,8a7558255b77fff,8a7558255b47fff,8a7558255b5ffff,8a7558255b4ffff,8a7558246697fff,8a75582466b7fff,8a755824679ffff,8a7558246797fff,8a75582464cffff,8a75582464c7fff,8a75582464f7fff,8a755824648ffff,8a7558255b07fff,8a7558255867fff,8a755825595ffff,8a7558255937fff,8a7558273667fff,8a7558273767fff,8a75582730d7fff,8a75582733b7fff,8a755827305ffff,8a7558273337fff,8a7558273a87fff,8a7558273aaffff,8a7558273a0ffff,8a7558246d27fff,8a75582712e7fff,8a7558271257fff,8a7558244c87fff,8a7558244c27fff,8a75582440c7fff,8a7558244767fff,8a7558244627fff,8a755824471ffff",1,1
57680095#0,-561133140#1,"-57680095#0,-1116499322,-1264978470#1,-1264978470#0,-1116499323#1,-1116499323#0,-561133121,-55682342#1,-55682342#0,55682703,849128758#0,849128758#1,55682704#1,55682704#2,55682704#3,125835961,57680125#0,57680175,227218423,227218424,154901400#0,154901400#1,154901400#2,154901400#3,154901400#4,154901400#5,23030923#2,23030922#1,41231752,561133140#1",8.4975081413156,7409.687712657389,46.65959999999999,18.63268820185607,50.004000000000005,0.7774813832706238,0.0,0.0,0.2394320115147413,0.0,0.2503508878653487,0.4129392980927554,0.0972778025271543,0.2699169084526405,4.318670535242249,0.4048753626789608,0.0,112.91894471125708,0.6747922711316013,0.1349584542263202,3.0766533954621207,324.60494827732987,4.048753626789608,"8a75582464d7fff,8a7558255b2ffff,8a7558255b07fff,8a7558255867fff,8a755825595ffff,8a7558255937fff,8a7558273667fff,8a7558273767fff,8a75582730d7fff,8a75582733b7fff,8a755827305ffff,8a7558273337fff,8a7558273a87fff,8a7558273aaffff,8a7558273a0ffff,8a7558246d27fff,8a75582712e7fff,8a7558271257fff,8a7558244c87fff,8a7558244c27fff,8a75582440c7fff,8a7558244767fff,8a7558244627fff,8a755824471ffff",3,3
57680095#0,-561133140#1,"-57680095#0,1116499321#0,22561654#0,22561654#3,22561654#4,22561654#5,22561499#0,22561499#1,22561499#2,-57680180#3,-57680180#2,-57680180#1,-57680180#0,-563282223,-1116499330#0,-1116499329,-1116499328#1,-1116499328#0,-57680087#2,-57680087#1,-57680087#0,1116499324#0,1116499324#1,1116499324#2,57680145#0,57680145#1,1264978471,561133118,57680114#1,57680114#2,57680114#3,57680135,57680125#0,57680125#1,57680125#2,57680127,227218689,154901400#2,154901400#3,154901400#4,154901400#5,23030923#2,23030922#1,41231752,561133140#1",9.559960264303935,7593.160291638851,41.3248,18.41712741592851,50.004000000000005,0.5898237076217855,0.0,0.0,0.0635272017201363,0.0,0.2443016907876138,0.3370574877747291,0.3551136197175206,0.2633949400755156,4.477713981283766,0.3950924101132734,0.1316974700377578,117.22491312518514,0.6584873501887891,0.1316974700377578,3.152834950608264,288.5220809211757,5.926386151699102,"8a75582464d7fff,8a7558255b2ffff,8a7558255b77fff,8a7558255b47fff,8a7558255b5ffff,8a7558255b4ffff,8a7558246697fff,8a75582466b7fff,8a755824679ffff,8a7558246797fff,8a75582464cffff,8a75582464c7fff,8a75582464f7fff,8a75582464affff,8a7558255967fff,8a75582732f7fff,8a755827338ffff,8a75582733affff,8a7558273337fff,8a7558273327fff,8a7558246d37fff,8a7558246d27fff,8a75582712e7fff,8a7558271257fff,8a7558244c87fff,8a7558244c27fff,8a75582440c7fff,8a7558244767fff,8a7558244627fff,8a755824471ffff",4,4
57680095#0,-57680089#3,"-57680095#0,1116499321#0,22561654#0,22561654#3,22561654#4,22561654#5,22561499#0,22561499#1,22561499#2,174907152#0,174907152#1,174907152#2,-57392486,1163710302,57392474,57392457#1,22561652#1,22561652#2,22561652#3,22561652#4,22561652#5,22561652#6,125835948,563369678,1238123690,174375405,561133138,174375402,174375403,561133137,563273548,-57680132#1,-57680132#0,57680179#0,57680179#1,57680179#2,57680089#1,57680089#2,57680089#3",3.3131600958359635,1818.4846173970109,34.61076923076923,12.535943175024745,39.99600000000001,0.2711414512733833,0.0,0.0,0.5290908313491526,0.178370261152414,0.0577560982640032,0.0,0.2347828092344304,2.199633673957398,20.89651990259528,2.199633673957398,0.5499084184893495,55.22099657486841,3.8493589294254464,0.5499084184893495,1.3969572982938243,36.77459529814862,21.44642832108463,"8a75582464d7fff,8a7558255b2ffff,8a7558255b77fff,8a7558255b47fff,8a7558255b5ffff,8a7558255b4ffff,8a7558246697fff,8a7558246687fff,8a755824668ffff,8a75582466f7fff,8a75582466c7fff,8a75582466effff,8a755824665ffff,8a755824664ffff,8a7558242937fff,8a7558242927fff,8a755824292ffff",1,1
57680095#0,-57680089#3,"-57680095#0,-1116499322,57680111,57680112#1,57680087#0,57680087#1,57680087#2,1116499328#0,1116499328#1,1116499329,1116499330#0,1116499330#1,57680180#0,57680171#0,57680171#1,57680171#2,22561499#2,174907152#0,174907152#1,174907152#2,174907151#0,174907151#2,174907151#5,22561652#1,22561652#2,22561652#3,22561652#4,22561652#5,22561652#6,125835948,563369678,1238123690,174375405,563272699,561133137,563273548,-57680132#1,-57680132#0,57680179#0,57680179#1,57680179#2,57680089#1,57680089#2,57680089#3",3.039174445876263,2127.9921506284386,35.446909090909095,9.017420839474807,20.016000000000005,0.2149719040822125,0.0,0.0,0.3363345699195409,0.1640455626285368,0.0,0.0,0.499619867451922,1.879706181631695,16.91735563468525,1.409779636223771,0.9398530908158472,54.60056095710432,2.3496327270396185,0.4699265454079236,1.6347205453887907,37.06490640634658,20.67676799794864,"8a75582464d7fff,8a7558255b2ffff,8a7558255b07fff,8a755824648ffff,8a75582464f7fff,8a75582464c7fff,8a75582464cffff,8a7558246797fff,8a755824679ffff,8a7558255b6ffff,8a7558255b4ffff,8a7558246697fff,8a7558246687fff,8a75582466affff,8a75582466f7fff,8a75582466c7fff,8a75582466effff,8a755824665ffff,8a755824664ffff,8a7558242937fff,8a7558242927fff,8a755824292ffff",2,2
57680095#0,-57680089#3,"-57680095#0,1116499321#0,22561654#0,22561654#3,22561654#4,22561654#5,22561499#0,22561499#1,22561499#2,174907152#0,174907152#1,174907152#2,174907151#0,174907151#2,174907151#5,22561652#1,22561652#2,22561652#3,22561652#4,22561652#5,22561652#6,125835948,563369678,1238123690,174375405,563272699,561133137,563273548,-57680132#1,-57680132#0,57680179#0,57680179#1,57680179#2,57680089#1,57680089#2,57680089#3",2.1919155423148378,1607.7837152957811,36.66,9.569478337774893,20.016000000000005,0.2845274026229578,0.0,0.0,0.6898360558791891,0.2171235261919114,0.0,0.0,0.0930404179288994,1.2439484123224018,11.195535710901618,1.2439484123224018,1.8659226184836029,37.54912823123424,1.8659226184836029,0.6219742061612009,1.2350971647895193,37.28692185644399,22.39107142180324,"8a75582464d7fff,8a7558255b2ffff,8a7558255b77fff,8a7558255b47fff,8a7558255b5ffff,8a7558255b4ffff,8a7558246697fff,8a7558246687fff,8a75582466affff,8a75582466f7fff,8a75582466c7fff,8a75582466effff,8a755824665ffff,8a755824664ffff,8a7558242937fff,8a7558242927fff,8a755824292ffff",3,3
57680106,-561134628#0,"57680106,-39353757#14,-39353757#13,174375412,49188792#1,-39353757#7,-39353757#6,-39353757#5,-39353757#4,-39353757#3,-39353757#2,-39353757#1,-39353757#0,57680128,174375407#0,174375407#1,174375407#2,174375407#3,174375407#4,174375402,174375403,561133137,563273548,-57680132#1,-57680132#0,57680179#0,57680179#1,57680179#2,57680179#3,-979838980#6,-979838980#5,-979838980#4,-979838980#3,-979838980#2,-979838980#1,-979838980#0,-563298888,213840999,979842179,226068307,979842178#0,979842178#1,870315479#0,870315479#1,41231514#0,41231514#1,41231514#2,41231514#3,41231514#4,41231514#5,41231711#0,41231710,79119289#2,1020078536,-79116557#3,-79116557#2,-79116557#1,-79116557#0,79116530#3,79116530#0,-561134628#1,-561134628#0",6.216078276629692,4371.273240941956,39.02283870967741,14.340226550321391,39.99600000000001,0.3242061473958009,0.0,0.0,0.0,0.2970151806843741,0.1774402619024679,0.0044224408703978,0.5211221165427602,0.0,4.1177933768608845,0.4575325974289872,0.0,101.91851373823091,1.143831493572468,0.2287662987144936,4.501635641057155,78.39899160033545,14.183510520298602,"8a75582405b7fff,8a7558240437fff,8a755824051ffff,8a755824625ffff,8a7558240597fff,8a755824296ffff,8a755824291ffff,8a75582429affff,8a75582429a7fff,8a755824665ffff,8a755824664ffff,8a7558242937fff,8a7558242927fff,8a75582462d7fff,8a75582462c7fff,8a75582462e7fff,8a7558246277fff,8a755824634ffff,8a7558240cb7fff,8a7558240c17fff,8a7558240c37fff,8a7558240c27fff,8a7558240d1ffff,8a7558240daffff,8a7558240da7fff,8a7558246a5ffff,8a7558246a4ffff,8a7558240d37fff,8a755824469ffff,8a7558240d27fff,8a7558240d77fff,8a7558240d57fff,8a7558240d47fff",0,0
57680106,-561134628#0,"57680106,-39353757#14,-39353757#13,-39353757#12,57680155,-39353757#10,-39353757#9,-39353757#8,-39353757#7,-39353757#6,-39353757#5,-39353757#4,-39353757#3,1123308755,-39389916#1,-39389916#0,39353757#17,39353757#18,39353757#19,174907149,563297843,174375407#0,174375407#1,174375407#2,174375407#3,174375407#4,174375402,174375403,561133137,563273548,-57680132#1,-57680132#0,57680179#0,57680179#1,57680179#2,57680179#3,-979838980#6,-979838980#5,-979838980#4,-979838980#3,-979838980#2,-979838980#1,-979838980#0,-563298888,213840999,979842179,226068307,979842178#0,979842178#1,979842178#2,979842178#3,979842178#4,979842178#5,79116530#0,-561134628#1,-561134628#0",6.620440597511971,4527.227433859973,39.276,14.754286787851926,39.99600000000001,0.3001100913588691,0.0,0.0,0.0,0.2867835845331428,0.2657658596791467,0.0020771332198359,0.4453734225678744,0.0,3.9759433920581646,0.4417714880064627,0.0,100.00248672388832,1.1044287200161569,0.2208857440032313,4.66224078159986,95.29236616905008,12.369601664180957,"8a75582405b7fff,8a7558240437fff,8a755824051ffff,8a7558240517fff,8a755824624ffff,8a755824625ffff,8a7558240597fff,8a7558240417fff,8a755824040ffff,8a75582404e7fff,8a75582404f7fff,8a755824296ffff,8a755824291ffff,8a75582429affff,8a75582429a7fff,8a755824665ffff,8a755824664ffff,8a7558242937fff,8a7558242927fff,8a75582462d7fff,8a75582462c7fff,8a75582462e7fff,8a7558246277fff,8a755824634ffff,8a7558240cb7fff,8a7558240c17fff,8a7558240c37fff,8a7558240c27fff,8a7558240d57fff,8a7558240d47fff",2,2
57680106,-561134628#0,"57680106,-39353757#14,-39353757#13,-39353757#12,57680155,-39353757#10,-39353757#9,-39353757#8,-39353757#7,-39353757#6,-39353757#5,57680150#0,57680150#1,39353757#16,39353757#17,57680181#0,57680181#1,-39353757#0,57680128,174375407#0,174375407#1,174375407#2,174375407#3,174375407#4,174375402,174375403,561133137,563273548,-57680132#1,-57680132#0,57680179#0,57680179#1,57680179#2,57680179#3,-979838980#6,-979838980#5,-979838980#4,-979838980#3,-979838980#2,-979838980#1,-979838980#0,-563298888,-145622122#2,213840998,979842179,226068307,979842178#0,979842178#1,979842178#2,979842178#3,979842178#4,979842178#5,79116530#0,-561134628#1,-561134628#0",6.74456193328908,4588.920198858809,40.17207272727272,15.335252990769638,39.99600000000001,0.3034811416046581,0.0,0.0,0.0,0.290333794367294,0.1690244839979739,0.002049208547789,0.5385925130869428,0.0,3.92249139666371,0.4358323774070788,0.0,103.43992828736069,1.089580943517697,0.2179161887035394,4.725773380549057,93.45532290308904,11.98539037869467,"8a75582405b7fff,8a7558240437fff,8a755824051ffff,8a7558240517fff,8a755824624ffff,8a755824625ffff,8a7558240407fff,8a755824040ffff,8a75582404e7fff,8a7558240417fff,8a7558240597fff,8a755824296ffff,8a755824291ffff,8a75582429affff,8a75582429a7fff,8a755824665ffff,8a755824664ffff,8a7558242937fff,8a7558242927fff,8a75582462d7fff,8a75582462c7fff,8a75582462e7fff,8a7558246277fff,8a755824634ffff,8a7558240cb7fff,8a7558240c17fff,8a7558240c37fff,8a7558240c27fff,8a7558240d57fff,8a7558240d47fff",3,3
57680106,-561134628#0,"57680106,39353757#15,39353757#16,39389916#0,39389916#1,1123308756,-39353757#3,-39353757#2,-39353757#1,-39353757#0,57680128,174375407#0,174375407#1,174375407#2,174375407#3,174375407#4,174375402,174375403,561133137,563273548,-57680132#1,-57680132#0,57680179#0,57680179#1,57680179#2,57680179#3,-979838980#6,-979838980#5,-979838980#4,-979838980#3,-979838980#2,-979838980#1,-979838980#0,-563298888,213840999,979842179,226068307,979842178#0,979842178#1,979842178#2,870315481#0,870315481#1,870315479#1,41231514#0,41231514#1,41231514#2,41231514#3,41231514#4,41231514#5,41231711#0,41231709#0,41231709#1,79119289#0,79119289#1,79119289#2,1020078536,-79116557#3,-79116557#2,-79116557#1,-79116557#0,79116530#3,79116530#0,-561134628#1,-561134628#0",7.382774933694247,4961.962209358313,38.42775,14.16781654717077,39.99600000000001,0.2802692364857455,0.0,0.0,0.0,0.2616574767599947,0.1563171656682764,0.0038959783691939,0.5781293792025348,0.0,3.627597156232228,0.4030663506924698,0.0,105.7691949327627,1.0076658767311746,0.2015331753462349,5.109940445272359,84.83062521255212,12.898123222159034,"8a75582405b7fff,8a7558240437fff,8a7558240407fff,8a755824040ffff,8a7558240417fff,8a7558240597fff,8a755824296ffff,8a755824291ffff,8a75582429affff,8a75582429a7fff,8a755824665ffff,8a755824664ffff,8a7558242937fff,8a7558242927fff,8a75582462d7fff,8a75582462c7fff,8a75582462e7fff,8a7558246277fff,8a755824634ffff,8a7558240cb7fff,8a7558240c17fff,8a7558240c37fff,8a7558240c27fff,8a7558240d1ffff,8a7558240daffff,8a7558240da7fff,8a7558246a5ffff,8a7558246a4ffff,8a7558240d07fff,8a7558240d37fff,8a755824469ffff,8a7558240d27fff,8a7558240d77fff,8a7558240d57fff,8a7558240d47fff",4,4
57680106,57099589,"57680106,39353757#15,39353757#16,39353757#17,57680181#0,57680181#1,-39353757#0,57680128,174375407#0,174375407#1,174375407#2,174375407#3,174375407#4,174375402,174375403,561133137,563273548,174375406,1238123693,1238123694,563272697,563271328,1238123691,-22561498,-22561652#6,-22561652#5,-22561652#4,-22561652#3,-22561652#2,-22561652#1,-22561652#0,-174907151#4,-174907151#1,-57392486,1004094803#0,1004094803#1,1004094802,57392452,-24580169#1,-24580169#0,-22561654#5,-22561654#4,-22561654#3,-22561654#2,-1116499321#1,-1116499322,-1264978470#1,57099589",7.473074801187005,3899.417290437784,32.49375,11.393973051294138,39.99600000000001,0.0797817353846234,0.0,0.0,0.302551217651014,0.0649605117977432,0.1989117375619243,0.0,0.4335765329893184,1.025794292344363,9.232148631099268,0.5128971461721815,0.7693457192582723,114.67953906603574,1.5386914385165449,0.5128971461721815,1.981584346847781,87.00169276751384,12.309531508132356,"8a75582405b7fff,8a7558240437fff,8a7558240407fff,8a755824040ffff,8a75582404e7fff,8a7558240417fff,8a7558240597fff,8a755824296ffff,8a755824291ffff,8a75582429affff,8a75582429a7fff,8a755824665ffff,8a755824664ffff,8a75582466effff,8a75582466c7fff,8a75582466f7fff,8a75582466affff,8a7558246687fff,8a7558246697fff,8a7558255a67fff,8a7558255b4ffff,8a7558255b5ffff,8a7558255b47fff,8a7558255b77fff,8a7558255b2ffff,8a7558255b07fff,8a7558255867fff,8a7558255857fff",0,0
57680106,57099589,"57680106,-39353757#14,49188792#0,49188792#1,-39353757#7,-39353757#6,-39353757#5,57680150#0,57680150#1,39353757#16,39353757#17,39353757#18,174375411#0,174375411#1,57680128,174375407#0,174375407#1,174375407#2,174375407#3,174375407#4,174375402,174375403,561133137,563273548,174375406,1238123693,1238123694,563272697,563271328,1238123691,-22561498,-22561652#6,-22561652#5,-22561652#4,-22561652#3,-22561652#2,-22561652#1,-22561652#0,-174907151#4,-174907151#1,-57392486,1004094803#0,1004094803#1,1004094802,57392452,24580169#2,-57099575#2,-57099587#1,32898141,-24580169#0,-22561654#5,-22561654#4,-22561654#3,-22561654#2,-1116499321#1,-1116499322,-1264978470#1,57099589",9.2972255968389,4835.849598568232,32.40744827586208,11.288877766816318,39.99600000000001,0.0837971956138688,0.0,0.0,0.243964049192239,0.0602843694636432,0.1603937121927111,0.0,0.5353578691514066,0.8271555842399017,10.753022595118722,0.6203666881799262,0.6203666881799262,112.74735523823682,1.6543111684798033,0.4135777921199508,2.457455346400513,91.02525862059642,11.993755971478574,"8a75582405b7fff,8a7558240437fff,8a755824051ffff,8a755824625ffff,8a7558240407fff,8a755824040ffff,8a75582404e7fff,8a75582404f7fff,8a75582404affff,8a755824296ffff,8a755824291ffff,8a75582429affff,8a75582429a7fff,8a755824665ffff,8a755824664ffff,8a75582466effff,8a75582466c7fff,8a75582466f7fff,8a75582466affff,8a7558246687fff,8a7558246697fff,8a7558255a67fff,8a7558255a77fff,8a7558255b5ffff,8a7558255b4ffff,8a7558255b47fff,8a7558255b77fff,8a7558255b2ffff,8a7558255b07fff,8a7558255867fff,8a7558255857fff",1,1
57680106,57099589,"57680106,39353757#15,39353757#16,39353757#17,39353757#18,39353757#19,174907149,563297843,174375407#0,174375407#1,174375407#2,174375407#3,174375407#4,174375402,174375403,563272698,563272697,563271328,1238123691,-22561498,-22561652#6,-22561652#5,-22561652#4,-22561652#3,-22561652#2,-22561652#1,-22561652#0,-174907151#4,-174907151#1,-174907152#2,-174907152#1,-174907152#0,-57680180#3,-57680180#2,-57680180#1,-57680180#0,-563282223,-1116499330#0,-1116499329,-1116499328#1,-1116499328#0,-57680087#2,-57680087#1,-57680087#0,-57680112#1,-57680112#0,-1264978470#1,57099589",6.512347689255687,3950.502422227276,32.907000000000004,7.139185936070532,20.016000000000005,0.0544686967217411,0.0,0.0,0.218043636773145,0.0176721480397666,0.3108776373333786,0.0,0.4534065778537097,1.012529438659303,9.112764947933726,0.5062647193296514,0.5062647193296514,114.48385738035569,1.2656617983241285,0.2531323596648257,2.007544507038625,95.32965115271683,12.150353263911637,"8a75582405b7fff,8a7558240437fff,8a7558240407fff,8a755824040ffff,8a75582404e7fff,8a75582404f7fff,8a755824296ffff,8a755824291ffff,8a75582429affff,8a75582429a7fff,8a755824665ffff,8a75582466effff,8a75582466c7fff,8a75582466f7fff,8a75582466affff,8a7558246687fff,8a7558246697fff,8a75582466b7fff,8a755824679ffff,8a7558246797fff,8a75582464cffff,8a75582464c7fff,8a75582464f7fff,8a755824648ffff,8a7558255b07fff,8a7558255867fff,8a7558255857fff",2,2
57680106,57099589,"57680106,39353757#15,-57680150#1,-57680150#0,-39353757#4,-39353757#3,1123308755,-39389916#1,-39389916#0,39353757#17,39353757#18,39353757#19,174907149,563297843,174375407#0,174375407#1,174375407#2,174375407#3,174375407#4,174375402,174375403,563272698,563272697,563271328,1238123691,-22561498,-22561652#6,-22561652#5,-22561652#4,-22561652#3,-22561652#2,-22561652#1,-22561652#0,-174907151#4,-174907151#1,-57392486,1004094803#0,1004094803#1,1004094802,57392452,-24580169#1,-24580169#0,-22561654#5,-22561654#4,-22561654#3,-22561654#2,-1116499321#1,-1116499322,-1264978470#1,57099589",8.836838996569982,4580.664717113111,30.792240000000007,9.86453521265106,39.99600000000001,0.0469754351439225,0.0,0.0,0.2575550760010443,0.0289137543599033,0.2681101838153762,0.0,0.445420985823676,0.8732357085765785,7.859121377189207,0.4366178542882892,0.6549267814324339,117.13777955151946,1.3098535628648678,0.4366178542882892,2.3277769024228223,107.21825545535656,10.915446357207232,"8a75582405b7fff,8a7558240437fff,8a7558240407fff,8a7558240597fff,8a7558240417fff,8a755824040ffff,8a75582404e7fff,8a75582404f7fff,8a755824296ffff,8a755824291ffff,8a75582429affff,8a75582429a7fff,8a755824665ffff,8a75582466effff,8a75582466c7fff,8a75582466f7fff,8a75582466affff,8a7558246687fff,8a7558246697fff,8a7558255a67fff,8a7558255b4ffff,8a7558255b5ffff,8a7558255b47fff,8a7558255b77fff,8a7558255b2ffff,8a7558255b07fff,8a7558255867fff,8a7558255857fff",4,4
57680109,-57392457#0,"-57680109,125835951#1,-57680112#0,1116499322,1116499321#0,22561654#0,22561654#3,22561654#4,22561654#5,22561499#0,22561499#1,22561499#2,174907152#0,174907152#1,174907152#2,174907151#0,174907151#2,174907151#5,-57392457#1,-57392457#0",1.887514070376352,1179.1864519635792,27.99,6.149714242398414,19.98,0.0,0.0,0.0,0.703900375055814,0.0,0.0,0.0,0.2960996249441858,1.6960846155157256,15.26476153964153,0.8480423077578628,2.5441269232735886,62.14824406761419,1.6960846155157256,0.0,1.545287202640217,46.996332058783466,16.960846155157256,"8a75582464d7fff,8a755824648ffff,8a7558255b07fff,8a7558255b2ffff,8a7558255b77fff,8a7558255b47fff,8a7558255b5ffff,8a7558255b4ffff,8a7558246697fff,8a7558246687fff,8a75582466affff,8a75582466f7fff,8a755824668ffff",0,0
57680109,-57392457#0,"-57680109,125835951#1,57680112#1,57680087#0,57680087#1,57680087#2,1116499328#0,1116499328#1,1116499329,1116499330#0,1116499330#1,57680180#0,57680171#0,57680171#1,57680171#2,22561499#2,174907152#0,174907152#1,174907152#2,174907151#0,174907151#2,174907151#5,-57392457#1,-57392457#0",2.003920633001402,1269.819771749433,28.323,5.640950428707066,19.98,0.0,0.0,0.0,0.2499884422121397,0.0,0.0,0.0,0.7500115577878601,1.57502666480346,14.17523998323114,0.7875133324017299,1.57502666480346,61.18050442271827,1.57502666480346,0.0,1.6640593518322802,36.449926047616046,18.90031997764152,"8a75582464d7fff,8a755824648ffff,8a75582464f7fff,8a75582464c7fff,8a75582464cffff,8a7558246797fff,8a755824679ffff,8a7558255b6ffff,8a7558255b4ffff,8a7558246697fff,8a7558246687fff,8a75582466affff,8a75582466f7fff,8a755824668ffff",2,2
57680109,-57392457#0,"-57680109,125835951#1,-57680112#0,-1264978470#1,-1264978470#0,-1116499323#1,-1116499323#0,-561133121,-55682342#1,-55682342#0,55682703,849128758#0,849128758#1,55682704#1,55682704#2,55682704#3,125835961,-57680135,-57680114#3,-57680114#2,-57680114#1,-57680114#0,-1264978471,-57680145#1,-57680145#0,-1116499324#2,-1116499324#1,-1116499324#0,57680087#0,57680087#1,57680087#2,1116499328#0,1116499328#1,1116499329,1116499330#0,1116499330#1,57680180#0,57680171#0,57680171#1,57680171#2,22561499#2,174907152#0,174907152#1,174907152#2,-57392486,1163710302,57392474,-57392457#0",7.801326160076947,5180.718858116226,38.5335,19.458879662049604,69.98400000000001,0.3999976019437055,0.0,0.0,0.3638478133250663,0.0,0.0,0.243915599114546,0.3922365875603877,0.7720936243690416,7.334889431505895,0.7720936243690416,0.0,83.39505406262948,0.965117030461302,0.1930234060922604,6.789171075187276,120.15916070671888,9.2651234924285,"8a75582464d7fff,8a755824648ffff,8a7558255b07fff,8a7558255867fff,8a755825595ffff,8a7558255937fff,8a7558273667fff,8a7558273767fff,8a75582730d7fff,8a75582733b7fff,8a755827305ffff,8a7558273337fff,8a75582733affff,8a755827338ffff,8a75582732f7fff,8a7558255967fff,8a75582464affff,8a75582464f7fff,8a75582464c7fff,8a75582464cffff,8a7558246797fff,8a755824679ffff,8a7558255b6ffff,8a7558255b4ffff,8a7558246697fff,8a7558246687fff,8a755824668ffff",3,3
57680109,-57392457#0,"-57680109,125835951#1,57680112#1,57680087#0,57680087#1,57680087#2,1116499328#0,1116499328#1,1116499329,1116499330#0,1116499330#1,57680180#0,57680171#0,57680171#1,57680171#2,22561499#2,174907152#0,174907152#1,174907152#2,-57392486,1163710302,57392474,-57392457#0",2.663885122394281,1309.0524702546072,26.51321739130435,7.743316689874164,19.98,0.0,0.0,0.0,0.1302290256894422,0.0,0.0,0.0,0.8697709743105579,1.5278226392338616,13.750403753104754,0.7639113196169308,0.0,62.49338440004713,1.5278226392338616,0.0,1.715472584085868,37.662172112680125,17.56996035118941,"8a75582464d7fff,8a755824648ffff,8a75582464f7fff,8a75582464c7fff,8a75582464cffff,8a7558246797fff,8a755824679ffff,8a7558255b6ffff,8a7558255b4ffff,8a7558246697fff,8a7558246687fff,8a755824668ffff",4,4
57680109,628868117#0,"-57680109,125835951#1,-57680112#0,1116499322,1116499321#0,22561654#0,22561654#3,22561654#4,22561654#5,22561499#0,22561499#1,22561499#2,174907152#0,174907152#1,174907152#2,1116499317#0,1116499317#1,1116499317#2,1116499317#3,1116499316#0,1116499316#1,1116499315#1,1116499315#2,628868117#0",1.6996688603498953,1121.055860181214,27.9105,4.136895338714561,9.972,0.0,0.0,0.0,0.6093060758232713,0.0,0.0,0.0614355317709525,0.2012819814848031,1.7840324207187217,16.948307996827857,1.7840324207187217,0.8920162103593609,86.63462961732809,1.7840324207187217,0.8920162103593609,2.3262657487310934,44.95306053758061,21.40838904862466,"8a75582464d7fff,8a755824648ffff,8a7558255b07fff,8a7558255b2ffff,8a7558255b77fff,8a7558255b47fff,8a7558255b5ffff,8a7558255b4ffff,8a7558246697fff,8a7558246687fff,8a75582466a7fff,8a755824678ffff",0,0
57680109,628868117#0,"-57680109,125835951#1,57680112#1,57680087#0,57680087#1,57680087#2,1116499328#0,1116499328#1,1116499329,1116499330#0,1116499330#1,57680180#0,57680171#0,57680171#1,57680171#2,22561499#2,174907152#0,174907152#1,174907152#2,1116499317#0,1116499317#1,1116499317#2,1116499317#3,1116499316#0,1116499316#1,1116499315#1,1116499315#2,628868117#0",1.8160754229749447,1211.6891799670682,28.20728571428571,3.8892896890967497,9.972,0.0,0.0,0.0,0.1406933647639309,0.0,0.0,0.0568402062623414,0.6840625447104255,1.650588313460352,15.680588977873343,1.650588313460352,0.0,86.35446265918661,1.650588313460352,0.825294156730176,2.5143359377380388,34.780852894404134,23.10823638844493,"8a75582464d7fff,8a755824648ffff,8a75582464f7fff,8a75582464c7fff,8a75582464cffff,8a7558246797fff,8a755824679ffff,8a7558255b6ffff,8a7558255b4ffff,8a7558246697fff,8a7558246687fff,8a75582466a7fff,8a755824678ffff",2,2
57680109,628868117#0,"-57680109,125835951#1,-57680112#0,-1264978470#1,-1264978470#0,-1116499323#1,-1116499323#0,-561133121,-55682342#1,-55682342#0,55682703,849128758#0,849128758#1,55682704#1,55682704#2,55682704#3,125835961,-57680135,-57680114#3,-57680114#2,-57680114#1,-57680114#0,-1264978471,-57680145#1,-57680145#0,-1116499324#2,-1116499324#1,-1116499324#0,57680087#0,57680087#1,57680087#2,1116499328#0,1116499328#1,1116499329,1116499330#0,1116499330#1,57680180#0,57680180#1,57680180#2,57680180#3,174907152#0,174907152#1,174907152#2,1116499317#0,1116499317#1,1116499317#2,1116499317#3,1116499316#0,1116499316#1,1116499315#1,1116499315#2,628868117#0",6.921643711557972,5042.764270048232,38.454230769230776,17.973225339993153,59.976000000000006,0.4109403114278832,0.0,0.0,0.3679749019975256,0.0,0.0,0.2642461030651897,0.339328586045468,0.7932157415642476,7.7338534802514145,0.9915196769553096,0.0,95.35349475718742,0.9915196769553096,0.3966078707821238,10.464072502544091,119.1628829760375,10.311804640335218,"8a75582464d7fff,8a755824648ffff,8a7558255b07fff,8a7558255867fff,8a755825595ffff,8a7558255937fff,8a7558273667fff,8a7558273767fff,8a75582730d7fff,8a75582733b7fff,8a755827305ffff,8a7558273337fff,8a75582733affff,8a755827338ffff,8a75582732f7fff,8a7558255967fff,8a75582464affff,8a75582464f7fff,8a75582464c7fff,8a75582464cffff,8a7558246797fff,8a755824679ffff,8a75582466b7fff,8a7558246697fff,8a7558246687fff,8a75582466a7fff,8a755824678ffff",3,3
57680110,-174375407#3,"-57680110,-39353757#5,-39353757#4,-39353757#3,-39353757#2,-39353757#1,-39353757#0,57680128,174375407#0,174375407#1,174375407#2,174375407#3",1.340016006402561,1025.682670515478,29.988,0.0,0.0,0.0,0.0,0.0,0.0,0.0,0.6828756128351792,0.0,0.3171243871648207,0.0,6.824722890640247,0.0,0.0,66.26531131409979,0.9749604129486068,0.0,1.855262491590728,105.7080772484628,11.699524955383282,"8a75582462cffff,8a75582405b7fff,8a7558240597fff,8a755824296ffff,8a755824291ffff,8a75582429affff,8a75582429a7fff",0,0
57680110,-174375407#3,"-57680110,57680106,39353757#15,-57680150#1,-57680150#0,-39353757#4,-39353757#3,1123308755,-39389916#1,-39389916#0,39353757#17,39353757#18,39353757#19,174907149,57680093,57680128,174375407#0,174375407#1,174375407#2,174375407#3",4.605922368947579,2746.6614453873067,29.988,0.0,0.0,0.0,0.0,0.0,0.0,0.0,0.4072512845068206,0.0,0.5927487154931794,0.0,7.645645601960525,0.3640783619981202,0.0,90.75160365489234,1.0922350859943608,0.0,4.968181780983445,142.8158460405206,7.281567239962404,"8a75582462cffff,8a75582405b7fff,8a7558240437fff,8a7558240407fff,8a7558240597fff,8a7558240417fff,8a755824040ffff,8a75582404e7fff,8a75582404f7fff,8a755824296ffff,8a755824291ffff,8a75582429affff,8a75582429a7fff",1,1
57680110,-174375407#3,"-57680110,57680106,39353757#15,39353757#16,39389916#0,39389916#1,1123308756,-39353757#3,-39353757#2,-39353757#1,-39353757#0,57680128,174375407#0,174375407#1,174375407#2,174375407#3",3.0719487795118043,1938.2639477686948,29.988,0.0,0.0,0.0,0.0,0.0,0.0,0.0,0.3613613527760177,0.0,0.6386386472239823,0.0,3.6114792353530136,0.0,0.0,74.45066258886916,0.5159256050504305,0.0,3.5059463364927383,118.87580139676771,8.254809680806888,"8a75582462cffff,8a75582405b7fff,8a7558240437fff,8a7558240407fff,8a755824040ffff,8a7558240417fff,8a7558240597fff,8a755824296ffff,8a755824291ffff,8a75582429affff,8a75582429a7fff",2,2
57680110,-174375407#3,"-57680110,39353757#6,39353757#7,39353757#8,174375415#0,39761731#2,39353757#10,39353757#11,39353757#12,39353757#13,39353757#14,39353757#15,39353757#16,39353757#17,39353757#18,39353757#19,174907149,563297843,174375407#0,174375407#1,174375407#2,174375407#3",3.1950980392156856,2079.324795962644,29.988000000000003,3.636318380409584e-15,0.0,0.0,0.0,0.0,0.0,0.0,0.5424627776264765,0.0,0.4575372223735233,0.0,3.36647743228555,0.0,0.0,92.07571794927271,0.4809253474693644,0.0,3.7610982545364378,109.99287329714768,10.580357644326018,"8a75582462cffff,8a75582405b7fff,8a755824625ffff,8a755824624ffff,8a7558240517fff,8a755824051ffff,8a7558240437fff,8a7558240407fff,8a755824040ffff,8a75582404e7fff,8a75582404f7fff,8a755824296ffff,8a755824291ffff,8a75582429affff,8a75582429a7fff",3,3
57680110,-22561652#3,"-57680110,-39353757#5,-39353757#4,-39353757#3,-39353757#2,-39353757#1,-39353757#0,57680128,174375407#0,174375407#1,174375407#2,174375407#3,174375407#4,174375402,174375403,563272698,563272697,563271328,1238123691,-22561498,-22561652#6,-22561652#5,-22561652#4,-22561652#3",2.023832283093223,1320.7748460708158,35.826,9.293541319694532,20.016000000000005,0.1629185466205222,0.0,0.0,0.0947260294925926,0.0528582625908927,0.6061443700874793,0.0,0.246271337829035,0.7571313180099609,6.814181862089648,0.0,0.0,101.93097661726792,1.5142626360199218,0.0,1.7327532598962652,80.18432066743028,18.171151632239063,"8a75582462cffff,8a75582405b7fff,8a7558240597fff,8a755824296ffff,8a755824291ffff,8a75582429affff,8a75582429a7fff,8a755824665ffff,8a75582466effff,8a75582466c7fff",0,0
57680110,-22561652#3,"-57680110,39353757#6,39353757#7,39353757#8,174375415#0,39761731#2,39353757#10,39353757#11,39353757#12,39353757#13,39353757#14,39353757#15,39353757#16,39353757#17,39353757#18,39353757#19,174907149,563297843,174375407#0,174375407#1,174375407#2,174375407#3,174375407#4,174375402,174375403,561133137,563273548,174375408#0,174375408#1,-174375409,57680120#0,57680120#1,1238123694,563272697,563271328,1238123691,-22561498,-22561652#6,-22561652#5,-22561652#4,-22561652#3",3.9306781747976367,2481.88581658478,36.82273170731708,9.6095105573187,20.016000000000005,0.130000969925998,0.0,0.0,0.0504099568908209,0.055588318842655,0.4847855944390152,0.0,0.4092161298275088,0.4029194225284943,10.07298556321236,0.4029194225284943,0.0,106.890207580563,1.208758267585483,0.4029194225284943,3.256040007251169,88.44373355472739,16.519696323668267,"8a75582462cffff,8a75582405b7fff,8a755824625ffff,8a755824624ffff,8a7558240517fff,8a755824051ffff,8a7558240437fff,8a7558240407fff,8a755824040ffff,8a75582404e7fff,8a75582404f7fff,8a755824296ffff,8a755824291ffff,8a75582429affff,8a75582429a7fff,8a755824665ffff,8a755824664ffff,8a7558246647fff,8a75582466effff,8a75582466c7fff",1,1
57680110,-22561652#3,"-57680110,57680106,39353757#15,39353757#16,39353757#17,57680181#0,57680181#1,-39353757#0,57680128,174375407#0,174375407#1,174375407#2,174375407#3,174375407#4,174375402,174375403,563272698,563272697,563271328,1238123691,-22561498,-22561652#6,-22561652#5,-22561652#4,-22561652#3",3.869970738475376,2255.4368624248214,35.59248,9.172483511023612,20.016000000000005,0.0954044522015405,0.0,0.0,0.0554711856963581,0.0309535881053217,0.3549557296134097,0.0,0.5586194965849102,0.4433730851259119,3.990357766133208,0.0,0.0,105.38772559948563,0.8867461702518239,0.0,2.9589566968837264,103.61298747279524,11.084327128147798,"8a75582462cffff,8a75582405b7fff,8a7558240437fff,8a7558240407fff,8a755824040ffff,8a75582404e7fff,8a7558240417fff,8a7558240597fff,8a755824296ffff,8a755824291ffff,8a75582429affff,8a75582429a7fff,8a755824665ffff,8a75582466effff,8a75582466c7fff",2,2
57680110,-22561652#3,"-57680110,-39353757#5,57680150#0,57680150#1,39353757#16,39353757#17,39353757#18,174375411#0,174375411#1,57680128,174375407#0,174375407#1,174375407#2,174375407#3,174375407#4,174375402,174375403,561133137,563273548,174375406,1238123693,1238123694,563272697,563271328,1238123691,-22561498,-22561652#6,-22561652#5,-22561652#4,-22561652#3",3.891020468662626,2347.525779442849,37.32720000000001,9.810492477356878,20.016000000000005,0.1325234769067235,0.0,0.0,0.0532951578711404,0.0812250045434792,0.3304073912679575,0.0,0.5350724463174227,0.4259804125505004,3.833823712954504,0.0,0.0,95.6432144581013,0.8519608251010009,0.0,3.0797701509239834,102.40454731174,12.779412376515014,"8a75582462cffff,8a75582405b7fff,8a7558240407fff,8a755824040ffff,8a75582404e7fff,8a75582404f7fff,8a75582404affff,8a755824296ffff,8a755824291ffff,8a75582429affff,8a75582429a7fff,8a755824665ffff,8a755824664ffff,8a75582466effff,8a75582466c7fff",3,3
57680110,-22561652#3,"-57680110,39353757#6,39761731#0,39761731#1,-174375415#0,39353757#9,39353757#10,39353757#11,39353757#12,39353757#13,39353757#14,39353757#15,-57680150#1,-57680150#0,-39353757#4,-39353757#3,1123308755,-39389916#1,-39389916#0,39353757#17,57680181#0,57680181#1,-39353757#0,57680128,174375407#0,174375407#1,174375407#2,174375407#3,174375407#4,174375402,174375403,563272698,563272697,563271328,1238123691,-22561498,-22561652#6,-22561652#5,-22561652#4,-22561652#3",6.057425720468175,3546.9623468419004,33.4908,7.702309807403933,20.016000000000005,0.0606656336587247,0.0,0.0,0.0352729306905031,0.019682719129854,0.2257086934716949,0.0,0.7193356567079479,0.2819313830298671,2.537382447268804,0.0,0.0,101.26607257380893,0.5638627660597342,0.0,4.653337082776393,98.74856846937531,11.277255321194684,"8a75582462cffff,8a75582405b7fff,8a755824625ffff,8a75582462effff,8a755824624ffff,8a7558240517fff,8a755824051ffff,8a7558240437fff,8a7558240407fff,8a7558240597fff,8a7558240417fff,8a755824040ffff,8a75582404e7fff,8a755824296ffff,8a755824291ffff,8a75582429affff,8a75582429a7fff,8a755824665ffff,8a75582466effff,8a75582466c7fff",4,4
57680113,-1116499328#0,"-57680113,-57680089#4,-57680089#3,-57680089#2,-57680089#1,-57680089#0,57680170#1,57680132#0,57680132#1,174375408#0,174375408#1,-174375409,57680120#0,57680120#1,1238123694,563272697,563271328,1238123691,-22561498,-22561652#6,-22561652#5,-22561652#4,-22561652#3,-22561652#2,-22561652#1,-22561652#0,-174907151#4,-174907151#1,1116499317#0,1116499317#1,1116499317#2,1116499317#3,1116499316#0,1116499316#1,1116499315#1,1116499315#2,628868117#0,628868117#1,563371197#1,563371197#2,-563282223,-1116499330#0,-1116499329,-1116499328#1,-1116499328#0",2.3420556137004374,1603.1745460551022,33.99760000000001,10.954855142812251,29.988000000000007,0.2776691194257873,0.0,0.0,0.2728101994139135,0.2001032821279961,0.0,0.0429601774084107,0.3338127549280532,1.2475247969233032,22.455446344619457,1.8712871953849548,1.2475247969233032,129.77699454786412,2.4950495938466064,0.0,1.3760471384575286,30.5196124031756,28.06930793077432,"8a75582462d7fff,8a755824292ffff,8a7558242927fff,8a7558242937fff,8a755824664ffff,8a7558246647fff,8a755824665ffff,8a75582466effff,8a75582466c7fff,8a75582466f7fff,8a75582466affff,8a7558246687fff,8a75582466a7fff,8a755824678ffff,8a755824679ffff,8a7558246797fff,8a75582464cffff",0,0
57680113,-1116499328#0,"-57680113,-57680089#4,-57680089#3,-57680089#2,-57680089#1,-57680089#0,57680170#1,57680132#0,57680132#1,174375406,1238123693,1238123694,563272697,563271328,1238123691,-22561498,-22561652#6,-22561652#5,-22561652#4,-22561652#3,-22561652#2,-22561652#1,-22561652#0,-174907151#4,-174907151#1,-57392486,1004094803#0,1004094803#1,1004094802,57392452,-24580169#1,-24580169#0,22561499#0,22561499#1,22561499#2,-57680180#3,-57680180#2,-57680180#1,-57680180#0,-563282223,-1116499330#0,-1116499329,-1116499328#1,-1116499328#0",3.854831722818148,1952.7541059290204,32.266636363636366,11.587832911533704,39.99600000000001,0.2220488376855836,0.0,0.0,0.2662131412801407,0.223348536286201,0.0,0.0,0.5104383224336583,2.0483889844886565,18.43550086039791,1.0241944922443282,1.0241944922443282,119.17410725765184,2.5604862306108203,1.0241944922443282,1.6761005257891994,32.06051482328845,22.53227882937522,"8a75582462d7fff,8a755824292ffff,8a7558242927fff,8a7558242937fff,8a755824664ffff,8a755824665ffff,8a75582466effff,8a75582466c7fff,8a75582466f7fff,8a75582466affff,8a7558246687fff,8a7558246697fff,8a7558255a67fff,8a7558255b4ffff,8a75582466b7fff,8a755824679ffff,8a7558246797fff,8a75582464cffff",1,1
57680113,-1116499328#0,"-57680113,-57680089#4,-57680089#3,-57680089#2,-57680089#1,-57680089#0,57680170#1,57680132#0,57680132#1,174375406,1238123693,1238123694,563272697,563271328,1238123691,-22561498,-22561652#6,-22561652#5,-22561652#4,-22561652#3,-22561652#2,-22561652#1,-22561652#0,-174907151#4,-174907151#1,-174907152#2,-174907152#1,-174907152#0,-57680180#3,-57680180#2,-57680180#1,-57680180#0,-563282223,-1116499330#0,-1116499329,-1116499328#1,-1116499328#0",2.201128730829985,1603.4209549709242,35.39772972972974,9.011706980517218,20.016000000000005,0.2704260401256593,0.0,0.0,0.3607639364316565,0.2329484464634938,0.0,0.0,0.4062876171048495,1.2473330810599683,11.225997729539715,0.6236665405299843,1.2473330810599683,119.96007157607768,1.2473330810599683,0.0,1.376258637750816,32.55589326639477,23.07566199960942,"8a75582462d7fff,8a755824292ffff,8a7558242927fff,8a7558242937fff,8a755824664ffff,8a755824665ffff,8a75582466effff,8a75582466c7fff,8a75582466f7fff,8a75582466affff,8a7558246687fff,8a7558246697fff,8a75582466b7fff,8a755824679ffff,8a7558246797fff,8a75582464cffff",2,2
57680113,-1116499328#0,"-57680113,-57680089#4,-57680089#3,-57680089#2,-57680089#1,-57680089#0,57680170#1,57680132#0,57680132#1,174375408#0,174375408#1,-174375409,57680120#0,57680120#1,1238123694,563272697,563271328,1238123691,-22561498,-22561652#6,-22561652#5,-22561652#4,-22561652#3,-22561652#2,-22561652#1,-22561652#0,-174907151#4,-174907151#1,-174907152#2,-174907152#1,-174907152#0,-57680180#3,-57680180#2,-57680180#1,-57680180#0,-563282223,-1116499330#0,-1116499329,-1116499328#1,-1116499328#0",2.197289038005411,1614.9662399525905,36.4932,9.494422446889544,20.016000000000005,0.2756417152732707,0.0,0.0,0.3581848593251694,0.198642225796066,0.0,0.0,0.4431729148787644,1.2384159807939468,21.053071673497097,1.2384159807939468,1.2384159807939468,126.18253686689329,1.8576239711909204,0.0,1.386168261379005,32.78219414879548,24.768319615878937,"8a75582462d7fff,8a755824292ffff,8a7558242927fff,8a7558242937fff,8a755824664ffff,8a7558246647fff,8a755824665ffff,8a75582466effff,8a75582466c7fff,8a75582466f7fff,8a75582466affff,8a7558246687fff,8a7558246697fff,8a75582466b7fff,8a755824679ffff,8a7558246797fff,8a75582464cffff",3,3
57680113,-1116499328#0,"-57680113,-57680089#4,-57680089#3,-57680089#2,-57680089#1,-57680089#0,57680170#1,57680132#0,57680132#1,174375406,1238123693,1238123694,563272697,563271328,1238123691,-22561498,-22561652#6,-22561652#5,-22561652#4,-22561652#3,-22561652#2,-22561652#1,-22561652#0,-174907151#4,-174907151#1,-174907152#2,-174907152#1,-174907152#0,-22561653,-22561499#1,-22561499#0,-22561654#5,-22561654#4,-22561654#3,-22561654#2,-1116499321#1,-1116499322,57680111,57680112#1,57680087#0,57680087#1,57680087#2,1116499328#0",3.0910246892133384,2123.610173141317,34.64288372093024,8.556090888699178,20.016000000000005,0.2041837927654509,0.0,0.0,0.5276055505483496,0.1758865281451223,0.0,0.0,0.296507921306528,0.9417924369054662,8.476131932149196,0.4708962184527331,1.4126886553581992,117.90002177873215,0.9417924369054662,0.0,1.852422223376455,41.78864607902416,20.24853739346752,"8a75582462d7fff,8a755824292ffff,8a7558242927fff,8a7558242937fff,8a755824664ffff,8a755824665ffff,8a75582466effff,8a75582466c7fff,8a75582466f7fff,8a75582466affff,8a7558246687fff,8a7558246697fff,8a7558255b4ffff,8a7558255b5ffff,8a7558255b47fff,8a7558255b77fff,8a7558255b2ffff,8a7558255b07fff,8a755824648ffff,8a75582464f7fff,8a75582464c7fff,8a75582464cffff",4,4
57680113,57680152#2,"-57680113,-57680089#4,-57680089#3,-57680089#2,-57680089#1,-57680089#0,57680170#1,57680132#0,57680132#1,174375408#0,174375408#1,-174375409,57680120#0,57680120#1,1238123694,563272697,563271328,1238123691,-22561498,-22561652#6,-22561652#5,-22561652#4,-22561652#3,-22561652#2,-22561652#1,-22561652#0,-174907151#4,-174907151#1,1116499317#0,1116499317#1,1116499317#2,1116499317#3,1116499316#0,1116499316#1,1116499315#1,1116499315#2,628868117#0,628868117#1,563371197#1,563371197#2,-563282223,-1116499330#0,1116499332#0,1116499332#1,1116499332#2,1116499331#0,1116499331#1,57680152#1,57680152#2",3.1695866261054,2278.9635953019992,33.67028571428572,10.546965819608976,29.988000000000007,0.195330923849166,0.0,0.0,0.1919128363902825,0.1407659556962668,0.0,0.0302210456793403,0.5313595897680903,0.8775919036718829,15.796654266093892,1.3163878555078243,0.8775919036718829,125.5469534613804,1.7551838073437658,0.0,7.278422526091616,62.791951052752935,21.501001639961128,"8a75582462d7fff,8a755824292ffff,8a7558242927fff,8a7558242937fff,8a755824664ffff,8a7558246647fff,8a755824665ffff,8a75582466effff,8a75582466c7fff,8a75582466f7fff,8a75582466affff,8a7558246687fff,8a75582466a7fff,8a755824678ffff,8a755824679ffff,8a7558246797fff,8a75582467b7fff,8a7558246787fff,8a75582467affff,8a755824662ffff,8a7558246297fff",0,0
57680113,57680152#2,"-57680113,-57680089#4,-57680089#3,-57680089#2,-57680089#1,-57680089#0,57680170#1,57680132#0,57680132#1,174375406,1238123693,1238123694,563272697,563271328,1238123691,-22561498,-22561652#6,-22561652#5,-22561652#4,-22561652#3,-22561652#2,-22561652#1,-22561652#0,-174907151#4,-174907151#1,-57392486,1004094803#0,1004094803#1,1004094802,57392452,24580169#2,-57099575#2,-57099587#1,32898141,-24580169#0,22561499#0,22561499#1,22561499#2,-57680180#3,-57680180#2,-57680180#1,-57680180#0,-563282223,-1116499330#0,1116499332#0,1116499332#1,1116499332#2,1116499331#0,1116499331#1,57680152#1,57680152#2",5.233864471251154,2843.2254639973016,32.347058823529416,11.763555913773294,39.99600000000001,0.1856114270712404,0.0,0.0,0.1828377000943849,0.1668396608934763,0.0,0.0,0.6503226390121386,1.4068529037357398,18.28908774856461,1.0551396778018047,0.7034264518678699,116.12020991574684,2.4619925815375447,0.7034264518678699,9.080529547104474,60.55202682318576,17.93737452263068,"8a75582462d7fff,8a755824292ffff,8a7558242927fff,8a7558242937fff,8a755824664ffff,8a755824665ffff,8a75582466effff,8a75582466c7fff,8a75582466f7fff,8a75582466affff,8a7558246687fff,8a7558246697fff,8a7558255a67fff,8a7558255a77fff,8a7558255b5ffff,8a7558255b4ffff,8a75582466b7fff,8a755824679ffff,8a7558246797fff,8a75582467b7fff,8a7558246787fff,8a75582467affff,8a755824662ffff,8a7558246297fff",1,1
57680113,57680152#2,"-57680113,-57680089#4,-57680089#3,-57680089#2,-57680089#1,-57680089#0,57680170#1,57680132#0,57680132#1,174375406,1238123693,1238123694,563272697,563271328,1238123691,-22561498,-22561652#6,-22561652#5,-22561652#4,-22561652#3,-22561652#2,-22561652#1,-22561652#0,-174907151#4,-174907151#1,-174907152#2,-174907152#1,-174907152#0,-57680180#3,-57680180#2,-57680180#1,-57680180#0,-563282223,-1116499330#0,1116499332#0,1116499332#1,1116499332#2,1116499331#0,1116499331#1,57680152#1,57680152#2",3.028659743234947,2279.2100042178217,34.869951219512195,8.702343368171645,20.016000000000005,0.1902443297040963,0.0,0.0,0.2537969096317787,0.1638788965458542,0.0,0.0,0.582324193822367,0.8774970258549559,7.897473232694603,0.4387485129274779,0.8774970258549559,120.15552228723348,0.8774970258549559,0.0,7.279209492679081,66.7250945684019,17.988689030026595,"8a75582462d7fff,8a755824292ffff,8a7558242927fff,8a7558242937fff,8a755824664ffff,8a755824665ffff,8a75582466effff,8a75582466c7fff,8a75582466f7fff,8a75582466affff,8a7558246687fff,8a7558246697fff,8a75582466b7fff,8a755824679ffff,8a7558246797fff,8a75582467b7fff,8a7558246787fff,8a75582467affff,8a755824662ffff,8a7558246297fff",2,2
57680113,57680152#2,"-57680113,-57680089#4,-57680089#3,-57680089#2,-57680089#1,-57680089#0,57680170#1,57680132#0,57680132#1,174375408#0,174375408#1,-174375409,57680120#0,57680120#1,1238123694,563272697,563271328,1238123691,-22561498,-22561652#6,-22561652#5,-22561652#4,-22561652#3,-22561652#2,-22561652#1,-22561652#0,-174907151#4,-174907151#1,-174907152#2,-174907152#1,-174907152#0,-57680180#3,-57680180#2,-57680180#1,-57680180#0,-563282223,-1116499330#0,1116499332#0,1116499332#1,1116499332#2,1116499331#0,1116499331#1,57680152#1,57680152#2",3.024820050410373,2290.7552891994883,35.901818181818186,9.237814760405666,20.016000000000005,0.1943254552713556,0.0,0.0,0.2525177866879268,0.140041361031536,0.0,0.0,0.6074408522805371,0.8730744874538329,14.84226628671516,0.8730744874538329,0.8730744874538329,123.68766996647324,1.3096117311807494,0.0,7.316082158154711,65.59265514425037,19.207638723984324,"8a75582462d7fff,8a755824292ffff,8a7558242927fff,8a7558242937fff,8a755824664ffff,8a7558246647fff,8a755824665ffff,8a75582466effff,8a75582466c7fff,8a75582466f7fff,8a75582466affff,8a7558246687fff,8a7558246697fff,8a75582466b7fff,8a755824679ffff,8a7558246797fff,8a75582467b7fff,8a7558246787fff,8a75582467affff,8a755824662ffff,8a7558246297fff",3,3
57680113,57680152#2,"-57680113,-57680089#4,-57680089#3,-57680089#2,-57680089#1,-57680089#0,57680170#1,57680132#0,57680132#1,174375406,1238123693,1238123694,563272697,563271328,1238123691,-22561498,-22561652#6,-22561652#5,-22561652#4,-22561652#3,-22561652#2,-22561652#1,-22561652#0,-174907151#4,-174907151#1,-174907152#2,-174907152#1,-174907152#0,-22561653,-22561499#1,-22561499#0,-22561654#5,-22561654#4,-22561654#3,-22561654#2,-1116499321#1,-1116499322,57680111,57680112#1,57680087#0,57680087#1,57680087#2,1116499328#0,1116499328#1,1116499329,1116499332#0,1116499332#1,1116499332#2,1116499331#0,1116499331#1,57680152#1,57680152#2",4.30198907496764,3036.964019674453,33.83723076923077,7.965539171872959,20.016000000000005,0.1427763966573995,0.0,0.0,0.3689304539967531,0.1229894124750043,0.0,0.0,0.5080801335282423,0.6585524184821886,5.9269717663396975,0.3292762092410943,0.987828627723283,116.20069765801416,0.6585524184821886,0.0,9.69928057529989,64.75564563811102,17.122362880536905,"8a75582462d7fff,8a755824292ffff,8a7558242927fff,8a7558242937fff,8a755824664ffff,8a755824665ffff,8a75582466effff,8a75582466c7fff,8a75582466f7fff,8a75582466affff,8a7558246687fff,8a7558246697fff,8a7558255b4ffff,8a7558255b5ffff,8a7558255b47fff,8a7558255b77fff,8a7558255b2ffff,8a7558255b07fff,8a755824648ffff,8a75582464f7fff,8a75582464c7fff,8a75582464cffff,8a7558246797fff,8a75582467b7fff,8a7558246787fff,8a75582467affff,8a755824662ffff,8a7558246297fff",4,4
57680115#0,-174375407#3,"-57680115#0,39353757#2,1123308755,-39389916#1,-39389916#0,39353757#17,39353757#18,39353757#19,174907149,57680093,57680128,174375407#0,174375407#1,174375407#2,174375407#3",2.906822729091636,1833.0444826737607,29.988,0.0,0.0,0.0,0.0,0.0,0.0,0.0,0.6102314549986959,0.0,0.3897685450013042,0.0,11.456350458756164,0.5455404980360078,0.0,110.27445574491858,1.6366214941080235,0.0,3.213838510573483,138.5750368255788,8.183107470540117,"8a7558240597fff,8a7558240417fff,8a755824040ffff,8a75582404e7fff,8a75582404f7fff,8a755824296ffff,8a755824291ffff,8a75582429affff,8a75582429a7fff",0,0
57680115#0,-174375407#3,"-57680115#0,39353757#2,1123308755,-39389916#1,-39389916#0,39353757#17,57680181#0,57680181#1,-39353757#0,57680128,174375407#0,174375407#1,174375407#2,174375407#3",2.965926370548219,1852.9472127253607,29.988,0.0,0.0,0.0,0.0,0.0,0.0,0.0,0.3779998034442082,0.0,0.6220001965557918,0.0,3.777765471097379,0.0,0.0,107.69202116611008,0.5396807815853398,0.0,3.248733550442936,116.72649138497432,7.555530942194758,"8a7558240597fff,8a7558240417fff,8a755824040ffff,8a75582404e7fff,8a755824296ffff,8a755824291ffff,8a75582429affff,8a75582429a7fff",2,2
57680115#0,-174375407#3,"-57680115#0,39353757#2,39353757#3,39353757#4,39353757#5,39353757#6,39353757#7,39353757#8,39353757#9,39353757#10,39353757#11,39353757#12,39353757#13,39353757#14,39353757#15,39353757#16,39353757#17,39353757#18,174375411#0,174375411#1,57680128,174375407#0,174375407#1,174375407#2,174375407#3",3.385374149659864,2218.924179878216,29.988000000000003,3.625973214694716e-15,0.0,0.0,0.0,0.0,0.0,0.0,0.3156546260364434,0.0,0.6843453739635567,0.0,3.1546819235545898,0.0,0.0,112.0518687365832,0.4506688462220842,0.0,3.8903933040039,85.50930799819399,11.266721155552103,"8a7558240597fff,8a75582405b7fff,8a755824625ffff,8a755824624ffff,8a7558240517fff,8a755824051ffff,8a7558240437fff,8a7558240407fff,8a755824040ffff,8a75582404e7fff,8a75582404f7fff,8a75582404affff,8a755824296ffff,8a755824291ffff,8a75582429affff,8a75582429a7fff",3,3
57680115#0,-174375407#3,"-57680115#0,39353757#2,1123308755,1123308756,39353757#4,39353757#5,57680106,39353757#15,39353757#16,39353757#17,57680181#0,57680181#1,-39353757#0,57680128,174375407#0,174375407#1,174375407#2,174375407#3",3.4218087234893955,2147.8120467896483,29.988,0.0,0.0,0.0,0.0,0.0,0.0,0.0,0.326105667974809,0.0,0.6738943320251909,0.0,3.259130616416346,0.0,0.0,115.69402824230312,0.465590088059478,0.0,3.765713890029339,109.4081858896424,8.380621585070603,"8a7558240597fff,8a75582405b7fff,8a7558240437fff,8a7558240407fff,8a755824040ffff,8a75582404e7fff,8a7558240417fff,8a755824296ffff,8a755824291ffff,8a75582429affff,8a75582429a7fff",4,4
57680124,-561133140#1,"-57680124,-41231753#1,-41231753#0,1020078542,-1157449878#0,1020078539,1020078540,-41231514#8,-41231514#7,-41231514#6,-41231514#5,-41231514#4,-41231514#3,-41231514#2,-41231514#1,-41231514#0,870315480,979842178#1,979842178#2,979842178#3,41231717,979842178#5,79116530#0,79116530#1,79116549#0,79116549#1,79116549#2,79116549#3,79116549#4,79116549#5,79116549#6,79119284#1,-561133140#1",4.290418744891766,2599.3699859695794,30.594545454545457,3.484338361609249,20.016000000000005,0.0440212803981851,0.0,0.0,0.0,0.0,0.0,0.0072168562792838,0.9927831437207162,0.0,0.769417209091144,0.384708604545572,0.0,92.9721064795388,0.769417209091144,0.0,7.942623632369893,70.6023031767375,12.695383950003876,"8a75582446a7fff,8a755824478ffff,8a7558244687fff,8a75582446b7fff,8a755824469ffff,8a7558246a6ffff,8a7558246a4ffff,8a7558246a5ffff,8a7558240da7fff,8a7558240daffff,8a7558240d1ffff,8a7558240c27fff,8a7558240d57fff,8a7558240d77fff,8a7558240d67fff,8a75582446c7fff,8a755824461ffff,8a755824460ffff,8a7558244627fff,8a755824471ffff",1,1
57680124,-561133140#1,"-57680124,41231753#2,79119286#0,41231755,-41231756#3,-41231756#2,-41231756#1,-41231756#0,1020092136,41231515#3,-1020092140,1020092139#0,1020092139#1,41231515#5,41231515#6,-41231513#4,-41231513#3,-41231513#2,-41231513#1,-41231513#0,79119284#3,79119284#4,79119284#5,79119284#1,-561133140#1",2.294677871148459,1437.140516713749,29.988000000000003,3.625973214694716e-15,0.0,0.0,0.0,0.0,0.0,0.0,0.0,0.0,1.0,0.0,0.0,0.0,0.0,91.10939483679358,0.0,0.0,4.391320317114906,52.885896860847424,17.395654571876165,"8a75582446a7fff,8a755824478ffff,8a75582447affff,8a75582447a7fff,8a755824446ffff,8a7558244467fff,8a7558244097fff,8a755824409ffff,8a7558244707fff,8a7558244717fff,8a755824471ffff,8a7558244627fff",2,2
57680124,-561133140#1,"-57680124,-41231753#1,-41231753#0,1020078542,1157449878#1,41231515#0,41273130,1020092138,41273128#1,1020092142,1020092140,41273134,-1020078548,41231515#6,-41231513#4,-41231513#3,-41231513#2,-41231513#1,-41231513#0,79119284#3,79119284#4,79119284#5,79119284#1,-561133140#1",3.154764483187084,1956.432699097004,30.822000000000003,4.085748890962343,20.016000000000005,0.0584878769731296,0.0,0.0,0.0,0.0,0.0,0.0,1.0,0.0,0.0,0.0,0.0,90.5093125894314,0.0,0.0,5.9780672527819725,66.22011381081983,12.26722494010515,"8a75582446a7fff,8a755824478ffff,8a7558244687fff,8a75582446b7fff,8a7558244787fff,8a75582447a7fff,8a75582447b7fff,8a7558244467fff,8a755824446ffff,8a7558244737fff,8a755824409ffff,8a7558244707fff,8a7558244717fff,8a755824471ffff,8a7558244627fff",3,3
57680124,-561133140#1,"-57680124,41231753#2,79119286#0,41231755,-41231756#3,-41231756#2,41273133,-41273134,41231515#4,41231515#5,41231515#6,-41231513#4,-41231513#3,-41231513#2,-41231513#1,-41231513#0,79119284#3,-79119286#3,-79119286#2,-41231511#3,-41231511#2,-41231511#1,-41231511#0,79119293#0,79119293#1,79119293#2,41231360,41231359#1,-41231508#1,79116549#1,79116549#2,79116549#3,79116549#4,79116549#5,79116549#6,79119284#1,-561133140#1",5.251860744297718,3069.088045074448,29.988000000000007,7.203437882095211e-15,0.0,0.0,0.0,0.0,0.0,0.0,0.0,0.0,1.0,0.0,0.0,0.0,0.0,93.50602042803852,0.0,0.0,9.377892092394696,64.64535915243707,12.05569845393682,"8a75582446a7fff,8a755824478ffff,8a75582447affff,8a7558244737fff,8a755824446ffff,8a755824409ffff,8a7558244707fff,8a7558244717fff,8a755824471ffff,8a7558244637fff,8a7558244617fff,8a755824461ffff,8a755824468ffff,8a75582446d7fff,8a7558240d27fff,8a7558240d77fff,8a7558240d67fff,8a75582446c7fff,8a755824460ffff,8a7558244627fff",4,4
57680130#2,-1163710302,"-57680130#2,-57680130#1,-57680130#0,-57680097#1,-57680097#0,-1238123695#0,-174375409,57680120#0,57680120#1,1238123694,563272697,563271328,1238123691,-22561498,-22561652#6,-22561652#5,-22561652#4,-22561652#3,-22561652#2,-22561652#1,-22561652#0,-174907151#4,-174907151#1,-57392486,1163710302",2.045738383533409,1061.135592654692,32.80032,13.389980976834885,39.99600000000001,0.1786075858997473,0.0,0.0,0.4121644497009406,0.0770837327533538,0.0,0.0,0.5107518175457055,1.884773269169595,16.962959422526357,0.9423866345847975,1.884773269169595,56.68607134909074,0.9423866345847975,0.9423866345847975,2.4975609424604155,40.64263363326016,23.55966586461994,"8a7558246677fff,8a7558246657fff,8a755824666ffff,8a755824664ffff,8a7558246647fff,8a755824665ffff,8a75582466effff,8a75582466c7fff,8a75582466f7fff,8a75582466affff,8a7558246687fff",1,1
57680130#2,-22561651#1,"-57680130#2,-57680130#1,-57680130#0,-57680097#1,-57680097#0,-1238123695#0,-174375409,57680120#0,57680120#1,1238123694,563272697,563271328,174375401,1238123690,174907150#0,174907150#1,174907150#2,174907150#3,174907150#4,174907150#5,22561651#0,22561651#1",2.41363612823688,2124.723438258427,44.09509090909092,15.317756937958956,49.96800000000001,0.8234305913796883,0.0,0.0,0.7646497003252598,0.036359989491667,0.0,0.0,0.1989903101830733,0.4706494887728402,4.235845398955562,0.0,0.0,56.67055878550973,0.4706494887728402,0.0,1.4055712244764924,195.0478856189484,10.354288753002486,"8a7558246677fff,8a7558246657fff,8a755824666ffff,8a755824664ffff,8a7558246647fff,8a755824665ffff,8a75582429a7fff,8a7558242987fff,8a7558242817fff,8a755824282ffff,8a7558242a2ffff",1,1
57680130#2,-979838980#5,"-57680130#2,-57680130#1,-57680130#0,-57680097#1,-57680097#0,-1238123695#0,-174375409,57680120#0,57680120#1,1238123694,563272697,563271328,174375401,1238123690,174375405,561133138,174375402,174375403,561133137,563273548,-57680132#1,-57680132#0,57680179#0,57680179#1,57680179#2,57680179#3,-979838980#6,-979838980#5",1.5951274199912966,1218.522914635366,44.64642857142856,14.000505317411127,49.96800000000001,0.6554372471069575,0.0,0.0,0.0258488338531149,0.5409808531830133,0.0861933534384038,0.0,0.3469769595254679,1.6413314644956722,9.847988786974032,1.6413314644956722,0.0,89.97325645097683,3.2826629289913445,0.8206657322478361,2.224059367687411,39.4403986882634,22.978640502939413,"8a7558246677fff,8a7558246657fff,8a755824666ffff,8a755824664ffff,8a7558246647fff,8a755824665ffff,8a7558242937fff,8a7558242927fff,8a75582462d7fff,8a75582462c7fff,8a75582462e7fff",1,1
57680130#2,-979838980#5,"-57680130#2,-57680130#1,-57680130#0,-57680097#1,-57680097#0,-1238123695#0,-174375409,57680120#0,57680120#1,1238123694,563272697,561133136,563272699,561133137,563273548,-57680132#1,-57680132#0,57680179#0,57680179#1,57680179#2,57680179#3,-979838980#6,-979838980#5",1.4774387462496616,1080.4853735286706,44.35200000000001,15.016210004827816,49.96800000000001,0.6527846001748295,0.0,0.0,0.0,0.5720612102632795,0.0366337462898999,0.0,0.3913050434468205,0.0,9.255099832903616,0.9255099832903616,0.0,85.10391632140875,1.8510199665807232,0.9255099832903616,1.972111962592653,42.49519080334322,21.286729615678315,"8a7558246677fff,8a7558246657fff,8a755824666ffff,8a755824664ffff,8a7558246647fff,8a755824665ffff,8a7558242937fff,8a7558242927fff,8a75582462d7fff,8a75582462c7fff,8a75582462e7fff",3,3
57680130#2,-979838980#5,"-57680130#2,-57680130#1,-57680130#0,-57680097#1,-57680097#0,-1238123695#0,-174375409,57680120#0,57680120#1,1238123694,563272697,561133136,561133138,174375402,174375403,561133137,563273548,-57680132#1,-57680132#0,57680179#0,57680179#1,57680179#2,57680179#3,-979838980#6,-979838980#5",1.5704933907136387,1160.7898562704308,44.00352,14.7138512212133,49.96800000000001,0.6383000698515747,0.0,0.0,0.0,0.511186132214221,0.1245796579945879,0.0,0.364234209791191,0.0,8.61482373056703,0.861482373056703,0.0,90.95076471972511,1.722964746113406,0.861482373056703,2.118684452091178,40.91800079205456,21.537059326417577,"8a7558246677fff,8a7558246657fff,8a755824666ffff,8a755824664ffff,8a7558246647fff,8a755824665ffff,8a7558242937fff,8a7558242927fff,8a75582462d7fff,8a75582462c7fff,8a75582462e7fff",4,4
57680138,-174907152#1,"-57680138,-57680089#3,-57680089#2,-57680089#1,-57680089#0,57680170#1,57680132#0,57680132#1,174375406,1238123693,1238123694,563272697,563271328,1238123691,-22561498,-22561652#6,-22561652#5,-22561652#4,-22561652#3,-22561652#2,-22561652#1,-22561652#0,-174907151#4,-174907151#1,-57392486,1004094803#0,1004094803#1,1004094802,57392452,-24580169#1,-24580169#0,22561499#0,22561499#1,22561499#2,174907152#0,174907152#1",3.08362323942479,1487.4170160835072,32.773,12.787472061134125,39.99600000000001,0.2915166189566749,0.0,0.0,0.3976396467082206,0.2932229271079077,0.0,0.0,0.3091374261838716,2.016919241585154,18.152273174266384,0.672306413861718,1.344612827723436,102.74228569192452,2.689225655446872,0.672306413861718,1.7608258530263654,29.16039058400919,24.203030899021847,"8a755824292ffff,8a7558242927fff,8a7558242937fff,8a755824664ffff,8a755824665ffff,8a75582466effff,8a75582466c7fff,8a75582466f7fff,8a75582466affff,8a7558246687fff,8a7558246697fff,8a7558255a67fff,8a7558255b4ffff",1,1
57680138,-174907152#1,"-57680138,-57680089#3,-57680089#2,-57680089#1,-57680089#0,57680170#1,57680132#0,57680132#1,174375406,1238123693,1238123694,563272697,563271328,1238123691,-22561498,-22561652#6,-22561652#5,-22561652#4,-22561652#3,-22561652#2,-22561652#1,-22561652#0,-174907151#4,-174907151#1,-174907152#2,-174907152#1",1.2861027204258233,1023.516034030034,37.68646153846154,9.930716990150389,20.016000000000005,0.423644344681137,0.0,0.0,0.5231923865077531,0.3649326518284208,0.0,0.0,0.111874961663826,0.97702426415594,8.79321837740346,0.0,1.95404852831188,93.736432602044,0.97702426415594,0.0,1.1730932125730729,30.457548238617967,25.40263086805444,"8a755824292ffff,8a7558242927fff,8a7558242937fff,8a755824664ffff,8a755824665ffff,8a75582466effff,8a75582466c7fff,8a75582466f7fff,8a75582466affff,8a7558246687fff,8a7558246697fff",2,2
57680138,-41231515#0,"-57680138,-57680089#3,-57680089#2,-57680089#1,57680179#3,-979838980#6,-979838980#5,-979838980#4,-979838980#3,-979838980#2,-979838980#1,-979838980#0,-563298888,-145622122#2,213840998,979842179,226068307,979842178#0,979842178#1,979842178#2,979842178#3,41231717,979842178#5,79116530#0,79116530#1,79116549#0,79116549#1,79116549#2,79116549#3,79119291#2,41231511#0,41231511#1,41231511#2,41231511#3,-79119286#1,41231755,-41231756#3,-41231756#2,-41231756#1,-41231756#0,1020092136,-41231515#2,-41231515#1,-41231515#0",3.6914198557237112,2974.690122741953,38.623909090909095,16.365226651054385,39.99600000000001,0.3483528579193124,0.0,0.0,0.0,0.3483528579193124,0.0,0.0063062970700743,0.6453408450106132,0.0,6.05105044804072,0.6723389386711912,0.0,94.42916497820936,1.3446778773423824,0.3361694693355956,1.7888255800836674,68.39293623592874,14.791456650766206,"8a755824292ffff,8a7558242927fff,8a75582462d7fff,8a75582462c7fff,8a75582462e7fff,8a7558246277fff,8a755824634ffff,8a7558240cb7fff,8a7558240c17fff,8a7558240c37fff,8a7558240c27fff,8a7558240d57fff,8a7558240d77fff,8a7558240d67fff,8a75582446c7fff,8a755824461ffff,8a7558244617fff,8a7558244637fff,8a75582447affff,8a75582447a7fff,8a7558244787fff",0,0
57680138,-41231515#0,"-57680138,-57680089#3,-57680089#2,-57680089#1,57680179#3,-979838980#6,-979838980#5,-979838980#4,-979838980#3,-979838980#2,-979838980#1,-979838980#0,-563298888,213840999,979842179,226068307,979842178#0,979842178#1,979842178#2,979842178#3,41231717,979842178#5,79116530#0,79116530#1,79116549#0,-41231508#0,79119287#0,79119290,79116549#2,79116549#3,79116549#4,79116549#5,79116549#6,79119284#1,79119284#2,79119284#3,-79119286#3,-79119286#2,-79119286#1,-79119286#0,-41231753#2,-41231753#1,-41231753#0,1020078542,1157449878#1,41231515#0",4.581286692609476,3494.9038717572776,37.81408695652174,15.478536634573246,39.99600000000001,0.3195181726777423,0.0,0.0,0.0,0.2867769016128366,0.0,0.0053676096092434,0.7078554887779198,0.0,5.150356250270597,0.5722618055856218,0.0,102.05671993493894,1.1445236111712436,0.2861309027928109,1.9087718475820965,68.54339346732583,13.1620215284693,"8a755824292ffff,8a7558242927fff,8a75582462d7fff,8a75582462c7fff,8a75582462e7fff,8a7558246277fff,8a755824634ffff,8a7558240cb7fff,8a7558240c17fff,8a7558240c37fff,8a7558240c27fff,8a7558240d57fff,8a7558240d77fff,8a7558240d67fff,8a7558240d47fff,8a7558240997fff,8a75582446c7fff,8a755824461ffff,8a755824460ffff,8a7558244627fff,8a755824471ffff,8a7558244637fff,8a75582447affff,8a755824478ffff,8a75582446a7fff,8a7558244687fff,8a75582446b7fff,8a7558244787fff,8a75582447a7fff",1,1
57680138,-41231515#0,"-57680138,-57680089#3,-57680089#2,-57680089#1,57680179#3,-979838980#6,-979838980#5,-979838980#4,-979838980#3,-979838980#2,-979838980#1,-979838980#0,-563298888,213840999,979842179,226068307,979842178#0,979842178#1,870315479#0,870315479#1,41231514#0,41231514#1,41231514#2,41231514#3,41231514#4,41231514#5,41231711#0,41231709#0,41231709#1,79119289#0,79119289#1,79119289#2,1020078536,-79116557#3,-79116557#2,23881170,1020078542,1157449878#1,41231515#0",4.067410544598075,3152.6523088693525,39.732,16.46086666516745,39.99600000000001,0.3643611497108281,0.0,0.0,0.0,0.3179093682349964,0.0,0.0,0.6820906317650036,0.0,5.075091837747925,0.3171932398592453,0.0,106.6617230679615,0.6343864797184906,0.3171932398592453,1.721848209049238,75.15010126111737,12.370536354510566,"8a755824292ffff,8a7558242927fff,8a75582462d7fff,8a75582462c7fff,8a75582462e7fff,8a7558246277fff,8a755824634ffff,8a7558240cb7fff,8a7558240c17fff,8a7558240c37fff,8a7558240c27fff,8a7558240d1ffff,8a7558240daffff,8a7558240da7fff,8a7558246a5ffff,8a7558246a4ffff,8a7558240d07fff,8a7558240d37fff,8a755824469ffff,8a7558240d27fff,8a7558244687fff,8a75582446b7fff,8a7558244787fff,8a75582447a7fff",3,3
57680138,-41231515#0,"-57680138,-57680089#3,-57680089#2,-57680089#1,57680179#3,-979838980#6,-979838980#5,-979838980#4,-979838980#3,-979838980#2,-979838980#1,-979838980#0,-563298888,-145622122#2,213840998,979842179,226068307,979842178#0,979842178#1,979842178#2,979842178#3,41231717,979842178#5,79116530#0,79116530#1,79116549#0,-41231508#0,79119287#0,79119287#1,41231357#0,41231357#1,79119291#1,79116549#4,79116549#5,79116549#6,79119284#1,79119284#2,79119284#3,-79119286#3,-79119286#2,-79119286#1,41231755,-41231756#3,-41231756#2,41273133,-41273134,-1020092140,-1020092142,-1020092143,41273131,-1020092138,-41273130,-41231515#0",5.727214173450801,4116.284326625671,37.15743396226416,15.237554116152324,39.99600000000001,0.2517420380751419,0.0,0.0,0.0,0.2517420380751419,0.0,0.0045573332930586,0.7437006286317994,0.0,4.37287577137693,0.4858750857085477,0.0,112.89909244492236,0.9717501714170956,0.2429375428542738,2.475321594700513,74.59116699725293,12.875689771276516,"8a755824292ffff,8a7558242927fff,8a75582462d7fff,8a75582462c7fff,8a75582462e7fff,8a7558246277fff,8a755824634ffff,8a7558240cb7fff,8a7558240c17fff,8a7558240c37fff,8a7558240c27fff,8a7558240d57fff,8a7558240d77fff,8a7558240d67fff,8a7558240d47fff,8a7558240997fff,8a75582446cffff,8a75582446c7fff,8a75582446e7fff,8a755824461ffff,8a755824460ffff,8a7558244627fff,8a755824471ffff,8a7558244637fff,8a75582447affff,8a7558244737fff,8a755824446ffff,8a7558244467fff,8a7558244477fff,8a75582447b7fff,8a75582447a7fff,8a7558244787fff",4,4
57680138,39761731#1,"-57680138,-57680089#3,-57680089#2,-57680089#1,-57680089#0,57680170#1,57680132#0,57680132#1,174375406,1238123693,1238123694,563272697,563271328,174375401,1238123690,174375405,561133138,-174375407#4,-174375407#3,-174375407#2,-174375407#1,-174375407#0,-563297843,-174907149,-39353757#19,174375411#0,174375411#1,39353757#0,39353757#1,39353757#2,1123308755,1123308756,39353757#4,39353757#5,39353757#6,39761731#0,39761731#1",4.323710117596354,2839.376615390064,35.93870270270271,9.274877803522282,20.016000000000005,0.151003995871321,0.0,0.0,0.0110930674697748,0.1399109284015462,0.4182420909371794,0.0,0.4307539131914993,0.7043799646582801,6.339419681924522,1.05656994698742,0.0,111.5149771221405,1.7609499116457004,0.7043799646582801,7.026893592700938,98.41618902160003,13.031029346178183,"8a755824292ffff,8a7558242927fff,8a7558242937fff,8a755824664ffff,8a755824665ffff,8a75582429a7fff,8a75582429affff,8a755824291ffff,8a755824296ffff,8a75582404f7fff,8a75582404affff,8a7558240597fff,8a75582405b7fff,8a755824625ffff,8a75582462effff",0,0
57680138,39761731#1,"-57680138,-57680089#3,-57680089#2,-57680089#1,-57680089#0,57680170#1,57680132#0,57680132#1,174375408#0,174375408#1,-174375409,57680120#0,57680120#1,1238123694,563272697,561133136,561133138,-174375407#4,-174375407#3,-174375407#2,-174375407#1,-174375407#0,-563297843,57680093,39353757#0,39353757#1,39353757#2,39353757#3,39353757#4,57680150#0,57680150#1,-39353757#15,-39353757#14,49188792#0,49188792#1,-39353757#7,39761731#0,39761731#1",4.020346439511728,2657.0862504458705,35.78210526315791,9.199471041754505,20.016000000000005,0.1439808140439631,0.0,0.0,0.0,0.104899868137205,0.3044542946057023,0.0,0.5906458372570927,0.0,12.043267317585292,1.1290563110236211,0.0,117.7930501364362,1.5054084146981617,0.7527042073490808,6.575761118588661,94.099821483489,14.301379939632534,"8a755824292ffff,8a7558242927fff,8a7558242937fff,8a755824664ffff,8a7558246647fff,8a755824665ffff,8a75582429a7fff,8a75582429affff,8a755824291ffff,8a755824296ffff,8a7558240597fff,8a75582405b7fff,8a7558240407fff,8a7558240437fff,8a755824051ffff,8a755824625ffff,8a75582462effff",2,2
57680138,39761731#1,"-57680138,-57680089#3,-57680089#2,-57680089#1,-57680089#0,57680170#1,57680132#0,57680132#1,174375408#0,174375408#1,-174375409,57680120#0,57680120#1,1238123694,563272697,561133136,561133138,-174375407#4,-174375407#3,-174375407#2,-174375407#1,-174375407#0,-563297843,-174907149,-39353757#19,-39353757#18,57680181#0,57680181#1,39353757#1,39353757#2,1123308755,1123308756,39353757#4,39353757#5,39353757#6,39761731#0,39761731#1",4.348417668003126,2822.926921515744,35.93870270270271,9.274877803522282,20.016000000000005,0.1355222618086058,0.0,0.0,0.0,0.0987372344556805,0.4347009588770275,0.0,0.4665618066672918,0.0,11.335752178387215,1.0627267667238014,0.0,115.46000306286236,1.416969022298402,0.708484511149201,6.986183865128757,100.6603783608765,13.106963456260218,"8a755824292ffff,8a7558242927fff,8a7558242937fff,8a755824664ffff,8a7558246647fff,8a755824665ffff,8a75582429a7fff,8a75582429affff,8a755824291ffff,8a755824296ffff,8a75582404f7fff,8a75582404e7fff,8a7558240417fff,8a7558240597fff,8a75582405b7fff,8a755824625ffff,8a75582462effff",3,3
57680138,39761731#1,"-57680138,-57680089#3,-57680089#2,-57680089#1,-57680089#0,57680170#1,57680132#0,57680132#1,174375406,1238123693,1238123694,563272697,563271328,174375401,1238123690,174375405,561133138,-174375407#4,-174375407#3,-174375407#2,-174375407#1,-174375407#0,-563297843,-174907149,-39353757#19,-39353757#18,-39353757#17,39389916#0,39389916#1,1123308756,39353757#4,57680150#0,57680150#1,-39353757#15,-39353757#14,49188792#0,49188792#1,-39353757#7,39761731#0,39761731#1",5.823850173618764,3624.803882016402,35.4924,9.051286976914476,20.016000000000005,0.1182842516900467,0.0,0.0,0.0086894070387889,0.1095948446512578,0.3276168452783339,0.0,0.5540989030316193,0.5517539886564683,4.965785897908214,0.8276309829847024,0.0,110.40062064112117,1.3793849716411706,0.5517539886564683,8.970670194041665,110.7239186044494,11.035079773129365,"8a755824292ffff,8a7558242927fff,8a7558242937fff,8a755824664ffff,8a755824665ffff,8a75582429a7fff,8a75582429affff,8a755824291ffff,8a755824296ffff,8a75582404f7fff,8a75582404e7fff,8a755824040ffff,8a7558240417fff,8a7558240597fff,8a75582405b7fff,8a7558240407fff,8a7558240437fff,8a755824051ffff,8a755824625ffff,8a75582462effff",4,4
57680145#0,-1116499322,"-57680145#0,-1116499324#2,-1116499324#1,-1116499324#0,-57680112#1,-57680112#0,1116499322",0.518306573889455,395.95120619644354,38.56628571428571,10.699002036238175,20.016000000000005,0.0999923854010197,0.0,0.0,0.1505231771112322,0.0,0.0,0.0,0.8494768228887677,2.525563716817848,22.73007345136063,0.0,0.0,47.61051876098835,2.525563716817848,0.0,1.345886866516323,51.5187047072255,17.678946017724936,"8a75582464affff,8a75582464f7fff,8a755824648ffff,8a7558255b07fff,8a7558255b2ffff",0,0
57680145#0,-1116499322,"57680145#0,57680145#1,1264978471,561133118,57680114#1,57680114#2,57680114#3,57680135,-125835961,-125835958,-55682704#2,-55682704#1,-55682704#0,-849128758#0,-55682703,55682343#1,55682342#1,55682342#2,1116499323#0,1116499323#1,1264978470#0,1264978470#1,1116499322",4.952831100193253,3805.7158027973287,48.68608695652175,21.80672999935621,50.004000000000005,0.5341131916594872,0.0,0.0,0.4661715497603857,0.0,0.0,0.3320421727740718,0.2017862774655422,0.262762658016914,2.8903892381860543,0.262762658016914,0.0,112.64399371616004,0.5255253160338281,0.0,14.6956126725887,148.6200562368272,6.043541134389023,"8a75582464f7fff,8a75582464affff,8a7558255967fff,8a75582732f7fff,8a755827338ffff,8a75582733affff,8a7558273337fff,8a755827305ffff,8a75582733b7fff,8a75582730d7fff,8a7558273767fff,8a7558273667fff,8a7558255937fff,8a755825595ffff,8a7558255867fff,8a7558255b07fff,8a7558255b2ffff",1,1
57680145#0,-1116499322,"-57680145#0,-1116499324#2,-1116499324#1,-1116499324#0,57680087#0,57680087#1,57680087#2,1116499328#0,1116499328#1,1116499329,1116499330#0,1116499330#1,57680180#0,57680171#0,57680171#1,57680171#2,-22561499#1,-22561499#0,-22561654#5,-22561654#4,-22561654#3,-22561654#2,-1116499321#1,-1116499322",1.9948371861343528,1313.7049082933927,32.49,6.762044558319301,20.016000000000005,0.0301377465822417,0.0,0.0,0.3901861947322531,0.0,0.0,0.0,0.6098138052677469,0.7612059555285362,6.850853599756825,0.0,0.7612059555285362,99.8117965640272,0.7612059555285362,0.0,4.667399103266097,48.220187934967214,18.26894293268487,"8a75582464affff,8a75582464f7fff,8a75582464c7fff,8a75582464cffff,8a7558246797fff,8a755824679ffff,8a7558255b6ffff,8a7558255b4ffff,8a7558255b5ffff,8a7558255b47fff,8a7558255b77fff,8a7558255b2ffff,8a7558255b07fff",2,2
57680145#0,-22561653,"57680145#0,57680145#1,1264978471,561133118,57680114#1,57680114#2,57680114#3,57680135,-125835961,-125835958,-55682704#2,-55682704#1,-55682704#0,-849128758#0,-55682703,55682343#1,55682342#1,55682342#2,1116499323#0,1116499323#1,1264978470#0,1264978470#1,57680111,57680112#1,57680087#0,57680087#1,57680087#2,1116499328#0,1116499328#1,1116499329,1116499330#0,1116499330#1,57680180#0,57680180#1,57680180#2,57680180#3,-22561653",6.4436474267238655,4677.888038724277,41.61113513513514,19.36804491103002,50.004000000000005,0.4345300693719401,0.0,0.0,0.3727962545647831,0.0,0.0,0.270134328496255,0.3570694169389618,0.6413150496902743,6.199378813672652,0.4275433664601829,0.0,96.58876941741912,0.8550867329203659,0.2137716832300914,7.973266536664963,130.15686621355104,7.909552279513384,"8a75582464f7fff,8a75582464affff,8a7558255967fff,8a75582732f7fff,8a755827338ffff,8a75582733affff,8a7558273337fff,8a755827305ffff,8a75582733b7fff,8a75582730d7fff,8a7558273767fff,8a7558273667fff,8a7558255937fff,8a755825595ffff,8a7558255867fff,8a7558255b07fff,8a755824648ffff,8a75582464c7fff,8a75582464cffff,8a7558246797fff,8a755824679ffff,8a75582466b7fff,8a7558246697fff,8a7558255b4ffff",1,1
57680145#0,-22561653,"-57680145#0,-1116499324#2,-1116499324#1,-1116499324#0,-57680112#1,-57680112#0,1116499322,1116499321#0,22561654#0,22561654#3,22561654#4,22561654#5,22561499#0,22561499#1,22561499#2",1.3512397471587625,878.323431736714,33.9912,8.28741134147794,20.016000000000005,0.0450769092334332,0.0,0.0,0.6170529437047344,0.0,0.0,0.0,0.3829470562952655,1.1385327589663574,10.246794830697215,0.0,1.1385327589663574,53.03011654702437,1.1385327589663574,0.0,1.331225119435293,54.233503412638505,17.07799138449536,"8a75582464affff,8a75582464f7fff,8a755824648ffff,8a7558255b07fff,8a7558255b2ffff,8a7558255b77fff,8a7558255b47fff,8a7558255b5ffff,8a7558255b4ffff,8a7558246697fff",2,2
57680145#0,-22561653,"57680145#0,57680145#1,1264978471,561133118,57680114#1,57680114#2,57680114#3,57680135,-125835961,-125835958,-55682704#2,-55682704#1,-55682704#0,-849128758#0,-55682703,55682343#1,55682342#1,55682342#2,1116499323#0,1116499323#1,1264978470#0,1264978470#1,57680111,57680112#1,57680087#0,57680087#1,57680087#2,1116499328#0,1116499328#1,1116499329,1116499330#0,1116499330#1,57680180#0,57680171#0,57680171#1,57680171#2,22561499#2",6.44684870723607,4689.096796594829,41.61113513513514,19.36804491103002,50.004000000000005,0.4334913741719175,0.0,0.0,0.3719051270974423,0.0,0.0,0.2694886028028043,0.3586062700997534,0.6397820582800865,6.184559896707503,0.4265213721867243,0.0,95.73357824497056,0.8530427443734486,0.2132606860933621,7.871601955849301,130.18119513436167,7.8906453854544,"8a75582464f7fff,8a75582464affff,8a7558255967fff,8a75582732f7fff,8a755827338ffff,8a75582733affff,8a7558273337fff,8a755827305ffff,8a75582733b7fff,8a75582730d7fff,8a7558273767fff,8a7558273667fff,8a7558255937fff,8a755825595ffff,8a7558255867fff,8a7558255b07fff,8a755824648ffff,8a75582464c7fff,8a75582464cffff,8a7558246797fff,8a755824679ffff,8a7558255b6ffff,8a7558255b4ffff,8a7558246697fff",3,3
57680145#0,-41273141#1,"-57680145#0,-1116499324#2,-1116499324#1,-1116499324#0,-57680112#1,-57680112#0,-1264978470#1,-1264978470#0,-1116499323#1,-1116499323#0,-561133121,-55682342#1,-55682342#0,55682703,849128758#0,849128758#1,55682704#1,55682704#2,55682704#3,125835961,57680125#0,57680175,227218423,227218424,154901400#0,154901400#1,154901400#2,154901400#3,154901400#4,154901400#5,23030923#2,23030922#1,41231752,561133140#1,79119284#2,79119284#3,-79119286#3,-79119286#2,-79119286#1,41231755,-41231756#3,-41231756#2,41273133,-1020078548,41231515#6,174897323#0,-41273141#2,-41273141#1",10.237003190595212,8481.201098220226,41.658750000000005,16.67614917855834,50.004000000000005,0.6839227476008596,0.0,0.0,0.2021549283343485,0.0,0.2187216027760522,0.3607686231839666,0.2183548457056325,0.235815655923982,3.773050494783713,0.3537234838859731,0.0,109.62512814767948,0.5895391398099552,0.117907827961991,3.232702728399776,273.4684541644634,5.65957574217557,"8a75582464affff,8a75582464f7fff,8a755824648ffff,8a7558255b07fff,8a7558255867fff,8a755825595ffff,8a7558255937fff,8a7558273667fff,8a7558273767fff,8a75582730d7fff,8a75582733b7fff,8a755827305ffff,8a7558273337fff,8a7558273a87fff,8a7558273aaffff,8a7558273a0ffff,8a7558246d27fff,8a75582712e7fff,8a7558271257fff,8a7558244c87fff,8a7558244c27fff,8a75582440c7fff,8a7558244767fff,8a7558244627fff,8a755824471ffff,8a7558244637fff,8a75582447affff,8a7558244737fff,8a755824409ffff,8a7558244087fff,8a75582440affff",0,0
57680145#0,-41273141#1,"57680145#0,57680145#1,1264978471,561133118,57680114#1,57680114#2,57680114#3,57680135,57680125#0,57680125#1,57680125#2,57680127,227218689,154901400#2,154901400#3,154901400#4,154901400#5,23030923#2,23030922#1,41231752,561133140#1,79119284#2,79119284#3,-79119286#3,-79119286#2,-79119286#1,41231755,-41231756#3,-41231756#2,-41231756#1,-41231756#0,1020092136,41231515#3,-1020092140,1020092139#0,1020092139#1,41231515#5,41231515#6,174897323#0,-41273141#2,-41273141#1",9.338152289854255,7416.553186979695,40.96624390243903,19.081801530228336,50.004000000000005,0.5985305758966312,0.0,0.0,0.0,0.0,0.2501191390261139,0.3450836888305089,0.4047971721433772,0.0,2.157336379396453,0.2696670474245566,0.0,116.36203222710128,0.4045005711368349,0.0,2.8560443705548875,299.82522544484567,5.5281744722034105,"8a75582464f7fff,8a75582464affff,8a7558255967fff,8a75582732f7fff,8a755827338ffff,8a75582733affff,8a7558273337fff,8a7558273327fff,8a7558246d37fff,8a7558246d27fff,8a75582712e7fff,8a7558271257fff,8a7558244c87fff,8a7558244c27fff,8a75582440c7fff,8a7558244767fff,8a7558244627fff,8a755824471ffff,8a7558244637fff,8a75582447affff,8a75582447a7fff,8a755824446ffff,8a7558244467fff,8a7558244097fff,8a755824409ffff,8a7558244087fff,8a75582440affff",2,2
57680145#0,-41273141#1,"57680145#0,57680145#1,1264978471,561133118,57680114#1,57680114#2,57680114#3,57680135,57680125#0,57680175,227218423,227218424,154901400#0,154901400#1,154901400#2,154901400#3,154901400#4,154901400#5,23030923#2,23030922#1,41231752,561133140#1,79119284#2,79119284#3,-79119286#3,-79119286#2,-79119286#1,-79119286#0,-41231753#2,-41231753#1,-41231753#0,1020078542,1157449878#1,41231515#0,41231515#1,1020092135,1020092136,41231515#3,41231515#4,41231515#5,41231515#6,174897323#0,-41273141#2,-41273141#1",9.76374285652866,8005.734531569429,42.492272727272734,18.4450799318228,50.004000000000005,0.6586672472895402,0.0,0.0,0.0,0.0,0.2317116424924831,0.4004033657680049,0.3678849917395119,0.0,1.998567394023168,0.2498209242528959,0.0,111.30737463374412,0.374731386379344,0.0,3.082932524664754,280.8180805576588,5.496060333563712,"8a75582464f7fff,8a75582464affff,8a7558255967fff,8a75582732f7fff,8a755827338ffff,8a75582733affff,8a7558273337fff,8a7558273a87fff,8a7558273aaffff,8a7558273a0ffff,8a7558246d27fff,8a75582712e7fff,8a7558271257fff,8a7558244c87fff,8a7558244c27fff,8a75582440c7fff,8a7558244767fff,8a7558244627fff,8a755824471ffff,8a7558244637fff,8a75582447affff,8a755824478ffff,8a75582446a7fff,8a7558244687fff,8a75582446b7fff,8a7558244787fff,8a75582447a7fff,8a755824446ffff,8a755824409ffff,8a7558244087fff,8a75582440affff",3,3
57680145#0,-41273141#1,"57680145#0,57680145#1,1264978471,561133118,57680114#1,57680114#2,57680114#3,57680135,57680125#0,57680175,227218423,227218424,154901400#0,154901400#1,154901400#2,154901400#3,154901400#4,154901400#5,23030923#2,23030922#1,41231752,561133140#1,79119284#2,79119284#3,-79119286#3,-79119286#2,-79119286#1,41231755,-41231756#3,-41231756#2,41273133,-41273134,-41231515#3,-41231515#2,-41231515#1,41273130,41273126,1020092139#0,1020092139#1,41231515#5,41231515#6,-41231513#4,-41231513#3,-41231513#2,41273135,41273137#1,41273137#2,41273137#3,-41273141#1",11.279121995945404,8748.313997948117,40.39934693877551,17.909791927824266,50.004000000000005,0.5872721523850112,0.0,0.0,0.0,0.0,0.2120433603667896,0.366416094876954,0.4215405447562564,0.0,1.8289238364961224,0.2286154795620153,0.0,112.19046080649656,0.3429232193430229,0.0,3.368892842237045,268.09993554111657,5.601079249269374,"8a75582464f7fff,8a75582464affff,8a7558255967fff,8a75582732f7fff,8a755827338ffff,8a75582733affff,8a7558273337fff,8a7558273a87fff,8a7558273aaffff,8a7558273a0ffff,8a7558246d27fff,8a75582712e7fff,8a7558271257fff,8a7558244c87fff,8a7558244c27fff,8a75582440c7fff,8a7558244767fff,8a7558244627fff,8a755824471ffff,8a7558244637fff,8a75582447affff,8a7558244737fff,8a755824446ffff,8a75582447a7fff,8a7558244467fff,8a7558244097fff,8a755824409ffff,8a7558244707fff,8a7558244717fff,8a755824408ffff,8a75582440affff",4,4
57680146,-561133140#1,"-57680146,-57680097#0,-1238123695#0,-174375409,57680120#0,57680120#1,1238123694,563272697,561133136,561133138,174375402,174375403,561133137,563273548,-57680132#1,-57680132#0,57680179#0,57680179#1,57680179#2,57680179#3,-979838980#6,-979838980#5,-979838980#4,-979838980#3,-979838980#2,-979838980#1,-979838980#0,-563298888,-145622122#2,213840998,979842179,226068307,979842178#0,979842178#1,979842178#2,979842178#3,979842178#4,979842178#5,79116530#0,79116530#1,79116530#2,79116557#0,79116557#1,23881170,41231753#0,41231753#1,41231753#2,79119286#0,79119286#1,79119286#2,79119286#3,79119284#4,79119284#5,79119284#1,-561133140#1",3.8810320542502255,3148.5190809294936,41.993018181818165,15.563264214752056,49.96800000000001,0.482638010116601,0.0,0.0,0.0,0.4357738922226505,0.0459297846322931,0.0089805848190531,0.5093157383260033,0.0,6.3521927248716805,0.952828908730752,0.0,88.90637513052313,1.58804818121792,0.635219272487168,1.7074947086872836,62.90328931347753,17.468529993397123,"8a755824629ffff,8a755824666ffff,8a755824664ffff,8a7558246647fff,8a755824665ffff,8a7558242937fff,8a7558242927fff,8a75582462d7fff,8a75582462c7fff,8a75582462e7fff,8a7558246277fff,8a755824634ffff,8a7558240cb7fff,8a7558240c17fff,8a7558240c37fff,8a7558240c27fff,8a7558240d57fff,8a7558240d77fff,8a7558240d27fff,8a7558244687fff,8a75582446a7fff,8a755824478ffff,8a75582447affff,8a7558244637fff,8a755824471ffff,8a7558244627fff",0,0
57680146,-561133140#1,"-57680146,-57680097#0,-1238123695#0,-174375409,57680120#0,57680120#1,1238123694,563272697,563271328,174375401,1238123690,174375405,561133138,174375402,174375403,561133137,563273548,-57680132#1,-57680132#0,57680179#0,57680179#1,57680179#2,57680179#3,-979838980#6,-979838980#5,-979838980#4,-979838980#3,-979838980#2,-979838980#1,-979838980#0,-563298888,-145622122#2,213840998,979842179,226068307,979842178#0,979842178#1,979842178#2,979842178#3,41231717,979842178#5,79116530#0,79116530#1,79116549#0,-41231508#0,79119287#0,79119287#1,79119287#2,79116549#5,79116549#6,79119284#1,-561133140#1",4.193221105536687,3301.676289240267,43.8403846153846,15.48557930077345,49.96800000000001,0.4777355210561379,0.0,0.0,0.0095398196574475,0.4354940271891088,0.0318106825300331,0.0056817440481856,0.5174737265752247,0.6057529039166376,6.663281943083014,1.2115058078332752,0.0,88.92593999699852,2.120135163708232,0.6057529039166376,1.7905544317081643,68.70540245833897,15.749575501832576,"8a755824629ffff,8a755824666ffff,8a755824664ffff,8a7558246647fff,8a755824665ffff,8a7558242937fff,8a7558242927fff,8a75582462d7fff,8a75582462c7fff,8a75582462e7fff,8a7558246277fff,8a755824634ffff,8a7558240cb7fff,8a7558240c17fff,8a7558240c37fff,8a7558240c27fff,8a7558240d57fff,8a7558240d77fff,8a7558240d67fff,8a7558240d47fff,8a7558240997fff,8a75582446cffff,8a755824460ffff,8a7558244627fff,8a755824471ffff",1,1
57680146,-561133140#1,"-57680146,-57680097#0,-1238123695#0,-174375409,57680120#0,57680120#1,1238123694,563272697,561133136,561133138,174375402,174375403,561133137,563273548,-57680132#1,-57680132#0,57680179#0,57680179#1,57680179#2,57680179#3,-979838980#6,-979838980#5,-979838980#4,-979838980#3,-979838980#2,-979838980#1,-979838980#0,-563298888,-145622122#2,213840998,979842179,226068307,979842178#0,979842178#1,979842178#2,979842178#3,41231717,979842178#5,79116530#0,79116530#1,79116549#0,41231508#1,79119292,41231358#0,41231358#1,41231357#1,79119291#1,79116549#4,79116549#5,79116549#6,79119284#1,-561133140#1",4.153320969816453,3268.8591546211887,42.685615384615375,15.732017504157929,49.96800000000001,0.4648701311849755,0.0,0.0,0.0,0.4197312731245304,0.0442389214271654,0.0057387849148858,0.5302910205334183,0.0,6.118342532967804,0.9177513799451706,0.0,93.75940088944576,1.529585633241951,0.6118342532967804,1.772757149152134,59.40945403935713,15.907690585716292,"8a755824629ffff,8a755824666ffff,8a755824664ffff,8a7558246647fff,8a755824665ffff,8a7558242937fff,8a7558242927fff,8a75582462d7fff,8a75582462c7fff,8a75582462e7fff,8a7558246277fff,8a755824634ffff,8a7558240cb7fff,8a7558240c17fff,8a7558240c37fff,8a7558240c27fff,8a7558240d57fff,8a7558240d77fff,8a7558240d67fff,8a75582446dffff,8a75582446c7fff,8a75582446e7fff,8a755824461ffff,8a755824460ffff,8a7558244627fff,8a755824471ffff",3,3
57680146,-561133140#1,"-57680146,-57680097#0,-1238123695#0,-174375409,57680120#0,57680120#1,1238123694,563272697,561133136,563272699,561133137,563273548,-57680132#1,-57680132#0,57680179#0,57680179#1,57680179#2,57680179#3,-979838980#6,-979838980#5,-979838980#4,-979838980#3,-979838980#2,-979838980#1,-979838980#0,-563298888,-145622122#2,213840998,979842179,226068307,979842178#0,979842178#1,979842178#2,870315481#0,870315481#1,870315479#1,41231514#0,41231514#1,41231514#2,41231514#3,41231514#4,41231514#5,41231711#0,41231710,79119289#2,1020078536,-79116557#3,-79116557#2,-79116557#1,-79116557#0,79116530#3,79116530#0,79116530#1,79116549#0,-41231508#0,79119287#0,79119287#1,79119287#2,79116549#5,79116549#6,79119284#1,-561133140#1",5.391568248569565,3972.711161225748,40.637612903225794,15.135758332727042,49.96800000000001,0.3816048058448176,0.0,0.0,0.0,0.351590249444454,0.0099635300522538,0.0072210944569073,0.6312251260463845,0.0,5.034345359713783,0.7551518039570675,0.0,98.92839604065072,1.2585863399284458,0.5034345359713783,2.154467898264512,65.24228145737831,15.606470615112729,"8a755824629ffff,8a755824666ffff,8a755824664ffff,8a7558246647fff,8a755824665ffff,8a7558242937fff,8a7558242927fff,8a75582462d7fff,8a75582462c7fff,8a75582462e7fff,8a7558246277fff,8a755824634ffff,8a7558240cb7fff,8a7558240c17fff,8a7558240c37fff,8a7558240c27fff,8a7558240d1ffff,8a7558240daffff,8a7558240da7fff,8a7558246a5ffff,8a7558246a4ffff,8a7558240d37fff,8a755824469ffff,8a7558240d27fff,8a7558240d77fff,8a7558240d57fff,8a7558240d67fff,8a7558240d47fff,8a7558240997fff,8a75582446cffff,8a755824460ffff,8a7558244627fff,8a755824471ffff",4,4
57680146,-57392454#1,"-57680146,-57680097#0,-1238123695#0,-174375409,57680120#0,57680120#1,1238123694,563272697,563271328,1238123691,-22561498,-22561652#6,-22561652#5,-22561652#4,-22561652#3,-22561652#2,-22561652#1,-22561652#0,-174907151#4,-174907151#1,-174907152#2,-174907152#1,-174907152#0,-57680180#3,-57680180#2,-57680180#1,57680171#0,57680171#1,57680171#2,-22561499#1,-22561499#0,24580169#0,-32898141,57099587#1,57099575#2,57392454#0,57392454#1",2.648326518714452,1854.2606628345904,35.40064864864864,10.956713721165102,39.99600000000001,0.3384525092366942,0.0,0.0,0.3405995528586629,0.0705353878915872,0.0,0.0,0.5888650592497497,2.157194012779864,19.414746115018776,1.617895509584898,1.078597006389932,76.14270227952251,2.157194012779864,0.539298503194966,1.599559754449223,42.93730127001472,19.954044618213743,"8a755824629ffff,8a755824666ffff,8a755824664ffff,8a7558246647fff,8a755824665ffff,8a75582466effff,8a75582466c7fff,8a75582466f7fff,8a75582466affff,8a7558246687fff,8a7558246697fff,8a75582466b7fff,8a755824679ffff,8a7558255b6ffff,8a7558255b4ffff,8a7558255a67fff,8a7558255b5ffff,8a7558255a77fff,8a7558255ae7fff,8a7558255ac7fff",0,0
57680146,-57392454#1,"-57680146,-57680097#0,-1238123695#0,-174375409,57680120#0,57680120#1,1238123694,563272697,563271328,1238123691,-22561498,-22561652#6,-22561652#5,-22561652#4,-22561652#3,-22561652#2,-22561652#1,-22561652#0,-174907151#4,-174907151#1,-57392486,1004094803#0,1004094803#1,1004094802,57392452,-24580169#1,-32898141,57099587#1,57099575#2,57392454#0,57392454#1",3.5465273098222623,1640.778237794097,33.225677419354845,15.358827898827649,39.99600000000001,0.3824887237406293,0.0,0.0,0.2665578793832636,0.0581626074589525,0.0,0.0,0.675279513157784,1.2189337680933954,20.721874057587723,1.2189337680933954,1.2189337680933954,57.61967024374512,1.828400652140093,1.2189337680933954,1.415401236598242,44.1292738407108,18.89347340544763,"8a755824629ffff,8a755824666ffff,8a755824664ffff,8a7558246647fff,8a755824665ffff,8a75582466effff,8a75582466c7fff,8a75582466f7fff,8a75582466affff,8a7558246687fff,8a7558246697fff,8a7558255a67fff,8a7558255b5ffff,8a7558255a77fff,8a7558255ae7fff,8a7558255ac7fff",1,1
57680146,-57392454#1,"-57680146,-57680097#0,-1238123695#0,-174375409,57680120#0,57680120#1,1238123694,563272697,563271328,1238123691,-22561498,-22561652#6,-22561652#5,-22561652#4,-22561652#3,-22561652#2,-22561652#1,-22561652#0,-174907151#4,-174907151#1,-174907152#2,-174907152#1,-174907152#0,-22561653,-22561499#1,-22561499#0,57392420,1004094802,57392452,-24580169#1,-32898141,57099587#1,57099575#2,57392454#0,57392454#1",3.157680835980927,1729.6868106081724,33.99737142857142,13.329246002870608,39.99600000000001,0.3628282127529207,0.0,0.0,0.3821170910833145,0.0551729596287175,0.0,0.0,0.5627099492879678,1.1562786903004616,19.656737735107846,1.1562786903004616,1.1562786903004616,57.51414901718533,1.7344180354506922,1.1562786903004616,1.4920973439737342,42.14558571855503,20.23487708025808,"8a755824629ffff,8a755824666ffff,8a755824664ffff,8a7558246647fff,8a755824665ffff,8a75582466effff,8a75582466c7fff,8a75582466f7fff,8a75582466affff,8a7558246687fff,8a7558246697fff,8a7558255b4ffff,8a7558255a67fff,8a7558255b5ffff,8a7558255a77fff,8a7558255ae7fff,8a7558255ac7fff",2,2
57680146,-57392454#1,"-57680146,-57680097#0,-1238123695#0,-174375409,57680120#0,57680120#1,1238123694,563272697,563271328,1238123691,-22561498,-22561652#6,-22561652#5,-22561652#4,-22561652#3,-22561652#2,-22561652#1,-22561652#0,-174907151#4,-174907151#1,-174907152#2,-174907152#1,-174907152#0,-22561653,-22561499#1,-22561499#0,57392420,1004094802,57392452,-24580169#1,-32898141,-57099587#0,-32898139#0,-561133132,57099591#1,57099575#1,57099575#2,57392454#0,57392454#1",4.47245165431546,2888.8964910867307,35.63907692307691,13.534045879276018,39.99600000000001,0.6185022066753509,0.0,0.0,0.2287873222851749,0.0330340463448418,0.0,0.0,0.7381786313699833,0.6923058704840096,11.769199798228165,0.6923058704840096,0.6923058704840096,74.88744508570527,1.0384588057260145,0.6923058704840096,2.49207819295907,87.23776706924916,13.499964474438189,"8a755824629ffff,8a755824666ffff,8a755824664ffff,8a7558246647fff,8a755824665ffff,8a75582466effff,8a75582466c7fff,8a75582466f7fff,8a75582466affff,8a7558246687fff,8a7558246697fff,8a7558255b4ffff,8a7558255a67fff,8a7558255b5ffff,8a7558255b57fff,8a7558255a37fff,8a755825516ffff,8a7558255aa7fff,8a7558255a77fff,8a7558255ae7fff,8a7558255ac7fff",3,3
57680146,-57680135,"-57680146,-57680097#0,-1238123695#0,-174375409,57680120#0,57680120#1,1238123694,563272697,563271328,1238123691,-22561498,-22561652#6,-22561652#5,-22561652#4,-22561652#3,-22561652#2,-22561652#1,-22561652#0,-174907151#4,-174907151#1,-57392486,1004094803#0,1004094803#1,1004094802,57392452,-24580169#1,-24580169#0,-22561654#5,-22561654#4,-22561654#3,-22561654#2,-1116499321#1,-1116499322,57680111,57680112#1,1116499324#0,1116499324#1,1116499324#2,57680145#0,57680145#1,1264978471,561133118,57680114#1,57680114#2,57680114#3,57680135",5.540786046145169,3365.535745812132,36.9524347826087,18.1187518084346,69.98400000000001,0.2774696271511058,0.0,0.0,0.2664800071477818,0.0429134182923503,0.0,0.2093916183492539,0.481214956210614,1.1885180554024295,11.29092152632308,0.8913885415518221,0.8913885415518221,129.75517290197809,1.1885180554024295,0.2971295138506074,1.4298102728121165,90.5447894520698,13.66795763712794,"8a755824629ffff,8a755824666ffff,8a755824664ffff,8a7558246647fff,8a755824665ffff,8a75582466effff,8a75582466c7fff,8a75582466f7fff,8a75582466affff,8a7558246687fff,8a7558246697fff,8a7558255a67fff,8a7558255b4ffff,8a7558255b5ffff,8a7558255b47fff,8a7558255b77fff,8a7558255b2ffff,8a7558255b07fff,8a755824648ffff,8a75582464f7fff,8a75582464affff,8a7558255967fff,8a75582732f7fff,8a755827338ffff,8a75582733affff,8a7558273337fff",0,0
57680146,-57680135,"-57680146,-57680097#0,-1238123695#0,-174375409,57680120#0,57680120#1,1238123694,563272697,563271328,1238123691,-22561498,-22561652#6,-22561652#5,-22561652#4,-22561652#3,-22561652#2,-22561652#1,-22561652#0,-174907151#4,-174907151#1,-57392486,1004094803#0,1004094803#1,1004094802,57392452,24580169#2,-57099575#2,-57099587#1,32898141,-24580169#0,-22561654#5,-22561654#4,-22561654#3,-22561654#2,-1116499321#1,-1116499322,-1264978470#1,-1264978470#0,-1116499323#1,-1116499323#0,-561133121,-55682342#1,-55682342#0,55682703,849128758#0,849128758#1,55682704#1,55682704#2,55682704#3,125835961,-57680135",7.230442583745993,4407.167344361593,35.28917647058824,16.289862512256985,69.98400000000001,0.3656823384485095,0.0,0.0,0.59252676055992,0.041442638760349,0.0,0.1268259460146611,0.2392046546650698,0.907612461123694,11.798961994608025,0.907612461123694,0.6807093458427705,118.1575279157355,1.5883218069664646,0.2269031152809235,2.009256551345397,100.8380837683552,11.572058879327098,"8a755824629ffff,8a755824666ffff,8a755824664ffff,8a7558246647fff,8a755824665ffff,8a75582466effff,8a75582466c7fff,8a75582466f7fff,8a75582466affff,8a7558246687fff,8a7558246697fff,8a7558255a67fff,8a7558255a77fff,8a7558255b5ffff,8a7558255b4ffff,8a7558255b47fff,8a7558255b77fff,8a7558255b2ffff,8a7558255b07fff,8a7558255867fff,8a755825595ffff,8a7558255937fff,8a7558273667fff,8a7558273767fff,8a75582730d7fff,8a75582733b7fff,8a755827305ffff,8a7558273337fff,8a75582733affff",1,1
57680146,-57680135,"-57680146,-57680097#0,-1238123695#0,-174375409,57680120#0,57680120#1,1238123694,563272697,563271328,1238123691,-22561498,-22561652#6,-22561652#5,-22561652#4,-22561652#3,-22561652#2,-22561652#1,-22561652#0,-174907151#4,-174907151#1,1116499317#0,1116499317#1,1116499317#2,1116499317#3,1116499316#0,1116499316#1,1116499315#1,1116499315#2,628868117#0,628868117#1,563371197#1,563371197#2,-563282223,-1116499330#0,-1116499329,-1116499328#1,-1116499328#0,-57680087#2,-57680087#1,-57680087#0,-57680112#1,-57680112#0,-1264978470#1,-1264978470#0,-1116499323#1,-1116499323#0,-561133121,-55682342#1,-55682342#0,55682703,849128758#0,849128758#1,55682704#1,55682704#2,55682704#3,125835961,-57680135",5.97808766471813,4356.75053532631,34.73242105263158,14.026255475952654,59.976000000000006,0.3483088810720395,0.0,0.0,0.4939183343999613,0.0187746100622535,0.0,0.1441018542416348,0.2878935847042667,0.9181154549856296,8.722096822363481,0.9181154549856296,0.4590577274928148,120.29217262544051,1.147644318732037,0.0,1.9862711968224585,98.72774321484684,13.083145233545222,"8a755824629ffff,8a755824666ffff,8a755824664ffff,8a7558246647fff,8a755824665ffff,8a75582466effff,8a75582466c7fff,8a75582466f7fff,8a75582466affff,8a7558246687fff,8a75582466a7fff,8a755824678ffff,8a755824679ffff,8a7558246797fff,8a75582464cffff,8a75582464c7fff,8a75582464f7fff,8a755824648ffff,8a7558255b07fff,8a7558255867fff,8a755825595ffff,8a7558255937fff,8a7558273667fff,8a7558273767fff,8a75582730d7fff,8a75582733b7fff,8a755827305ffff,8a7558273337fff,8a75582733affff",2,2
57680146,-57680135,"-57680146,-57680097#0,-1238123695#0,-174375409,57680120#0,57680120#1,1238123694,563272697,563271328,174375401,1238123690,174375405,563272699,561133137,563273548,-57680132#1,-57680132#0,57680179#0,57680179#1,57680179#2,57680179#3,-979838980#6,-979838980#5,-979838980#4,-979838980#3,-979838980#2,-979838980#1,-979838980#0,-563298888,213840999,979842179,226068307,979842178#0,979842178#1,979842178#2,979842178#3,979842178#4,979842178#5,79116530#0,79116530#1,79116549#0,41231508#1,79119292,41231358#0,79116549#3,79116549#4,79116549#5,79116549#6,79119284#1,-561133140#1,-561133140#0,-227385933,-23030922#0,-154901400#5,-154901400#4,-154901400#3,-154901400#2,-227218688,-57680127,-57680164,-57680125#1,-57680125#0,-57680135",9.432187123787829,8129.426012996737,44.12114285714284,16.42560283850474,59.976000000000006,0.6448247111260208,0.0,0.0,0.0038744920387081,0.1757320003897007,0.2281860853033249,0.2304438016107366,0.3617636206575296,0.246019829296994,4.182337098048898,0.6150495732424851,0.0,92.7077524396804,0.984079317187976,0.492039658593988,3.70625873696146,246.6086485340749,7.749624622855312,"8a755824629ffff,8a755824666ffff,8a755824664ffff,8a7558246647fff,8a755824665ffff,8a7558242937fff,8a7558242927fff,8a75582462d7fff,8a75582462c7fff,8a75582462e7fff,8a7558246277fff,8a755824634ffff,8a7558240cb7fff,8a7558240c17fff,8a7558240c37fff,8a7558240c27fff,8a7558240d57fff,8a7558240d77fff,8a7558240d67fff,8a75582446dffff,8a75582446c7fff,8a755824461ffff,8a755824460ffff,8a7558244627fff,8a755824471ffff,8a7558244767fff,8a75582440c7fff,8a7558244c27fff,8a7558244c87fff,8a7558271257fff,8a75582712e7fff,8a7558246d27fff,8a7558246d37fff,8a7558273327fff,8a7558273337fff,8a75582733affff",3,3
57680147,57392554#0,"-57680147,39389916#1,1123308756,-39353757#3,-39353757#2,-39353757#1,-39353757#0,57680128,174375407#0,174375407#1,174375407#2,174375407#3,174375407#4,174375402,174375403,563272698,563272697,563271328,1238123691,-22561498,-22561652#6,-22561652#5,-22561652#4,-22561652#3,57392554#0",2.455104792096824,1814.2110688571984,35.59248,9.172483511023612,20.016000000000005,0.1186073230554953,0.0,0.0,0.0689620734707503,0.0384816655765605,0.4412828533800539,0.0,0.2748520399727285,1.1024075612435948,10.472871831814151,0.5512037806217974,0.0,99.91290161689378,1.6536113418653924,0.5512037806217974,1.6155406508291046,105.9345436524205,13.780094515544937,"8a7558240407fff,8a7558240417fff,8a7558240597fff,8a755824296ffff,8a755824291ffff,8a75582429affff,8a75582429a7fff,8a755824665ffff,8a75582466effff,8a75582466c7fff,8a7558242d47fff",0,0
57680147,57392554#0,"-57680147,-39389916#0,39353757#17,39353757#18,174375411#0,174375411#1,57680128,174375407#0,174375407#1,174375407#2,174375407#3,174375407#4,174375402,174375403,563272698,563272697,563271328,1238123691,-22561498,-22561652#6,-22561652#5,-22561652#4,-22561652#3,57392554#0",2.9867374451580484,2080.4682423729337,35.826,9.293541319694532,20.016000000000005,0.1034280235344392,0.0,0.0,0.0601363454984917,0.0335568033268458,0.3848077181826428,0.0,0.367656074317105,0.9613220520582648,9.132559494553515,0.4806610260291324,0.0,103.0298283387775,1.4419830780873972,0.4806610260291324,1.8526405642699848,103.76396845705317,11.535864624699178,"8a7558240407fff,8a7558240417fff,8a755824040ffff,8a75582404e7fff,8a75582404f7fff,8a75582404affff,8a755824296ffff,8a755824291ffff,8a75582429affff,8a75582429a7fff,8a755824665ffff,8a75582466effff,8a75582466c7fff,8a7558242d47fff",2,2
57680147,57392554#0,"-57680147,-39389916#0,-39353757#16,-39353757#15,-39353757#14,-39353757#13,174375412,49188792#1,-39353757#7,-39353757#6,-39353757#5,-39353757#4,-39353757#3,-39353757#2,-39353757#1,-39353757#0,57680128,174375407#0,174375407#1,174375407#2,174375407#3,174375407#4,174375402,174375403,561133137,563273548,174375406,1238123693,1238123694,563272697,563271328,1238123691,-22561498,-22561652#6,-22561652#5,-22561652#4,-22561652#3,57392554#0",3.47568435581576,2524.202451721484,36.30884210526317,9.428919523455532,20.016000000000005,0.1337494046730902,0.0,0.0,0.0495648662953534,0.0755398173277027,0.3072811644688051,0.0,0.4408154485535827,0.7923294736664319,7.527129999831103,0.3961647368332159,0.0,106.4957177667334,1.188494210499648,0.3961647368332159,2.247782378622194,85.1577695314165,15.054259999662206,"8a7558240407fff,8a7558240417fff,8a755824040ffff,8a7558240437fff,8a755824051ffff,8a755824625ffff,8a75582405b7fff,8a7558240597fff,8a755824296ffff,8a755824291ffff,8a75582429affff,8a75582429a7fff,8a755824665ffff,8a755824664ffff,8a75582466effff,8a75582466c7fff,8a7558242d47fff",3,3
57680147,57392554#0,"-57680147,39389916#1,1123308756,39353757#4,57680150#0,57680150#1,39353757#16,39353757#17,39353757#18,39353757#19,174907149,563297843,174375407#0,174375407#1,174375407#2,174375407#3,174375407#4,174375402,174375403,563272698,563272697,563271328,1238123691,-22561498,-22561652#6,-22561652#5,-22561652#4,-22561652#3,57392554#0",4.494820678451367,2889.02429259406,34.81944827586208,8.716851313839546,20.016000000000005,0.0744814499782527,0.0,0.0,0.0433058861231106,0.0241652047772748,0.4250995266637482,0.0,0.3966426373388605,0.6922752450115942,6.576614827610145,0.3461376225057971,0.0,106.8018828456724,1.0384128675173914,0.3461376225057971,2.5726533511111978,129.9715193525958,10.037991052668117,"8a7558240407fff,8a7558240417fff,8a7558240597fff,8a75582405b7fff,8a755824040ffff,8a75582404e7fff,8a75582404f7fff,8a755824296ffff,8a755824291ffff,8a75582429affff,8a75582429a7fff,8a755824665ffff,8a75582466effff,8a75582466c7fff,8a7558242d47fff",4,4
57680150#0,-174375407#2,"57680150#0,57680150#1,-39353757#15,-39353757#14,49188792#0,49188792#1,-39353757#7,-39353757#6,-39353757#5,-39353757#4,-39353757#3,-39353757#2,-39353757#1,-39353757#0,57680128,174375407#0,174375407#1,174375407#2",2.721028411364545,1618.3077163422738,29.988,0.0,0.0,0.0,0.0,0.0,0.0,0.0,0.2839765633530022,0.0,0.716023436646998,0.0,4.325506162586629,0.0,0.0,93.1291868866708,0.6179294517980899,0.0,3.400608049869257,115.02645187634846,11.122730132365618,"8a75582405b7fff,8a7558240407fff,8a7558240437fff,8a755824051ffff,8a755824625ffff,8a7558240597fff,8a755824296ffff,8a755824291ffff,8a75582429affff",0,0
57680150#0,-174375407#2,"57680150#0,57680150#1,39353757#16,39353757#17,39353757#18,174375411#0,174375411#1,57680128,174375407#0,174375407#1,174375407#2",2.8194477791116443,1586.2115850898952,29.988,0.0,0.0,0.0,0.0,0.0,0.0,0.0,0.289722675117443,0.0,0.7102773248825569,0.0,4.413030434148096,0.0,0.0,71.8528648611525,0.6304329191640137,0.0,3.3331632980434462,133.95418553458154,6.934762110804151,"8a75582405b7fff,8a7558240407fff,8a755824040ffff,8a75582404e7fff,8a75582404f7fff,8a75582404affff,8a755824296ffff,8a755824291ffff,8a75582429affff",2,2
57680150#0,-174375407#2,"-57680150#0,39353757#5,39353757#6,39353757#7,39353757#8,174375415#0,39761731#2,39353757#10,39353757#11,39353757#12,39353757#13,39353757#14,39353757#15,39353757#16,39353757#17,39353757#18,39353757#19,174907149,563297843,174375407#0,174375407#1,174375407#2",3.775210084033613,2206.787537743376,29.988000000000003,3.636318380409584e-15,0.0,0.0,0.0,0.0,0.0,0.0,0.401988895969788,0.0,0.598011104030212,0.0,3.172031688722551,0.0,0.0,94.70701607160368,0.4531473841032216,0.0,2.8434201818961653,123.2648045781554,9.969242450270876,"8a7558240407fff,8a75582405b7fff,8a755824625ffff,8a755824624ffff,8a7558240517fff,8a755824051ffff,8a7558240437fff,8a755824040ffff,8a75582404e7fff,8a75582404f7fff,8a755824296ffff,8a755824291ffff,8a75582429affff",3,3
57680150#0,-174375407#2,"-57680150#0,39353757#5,57680106,39353757#15,39353757#16,39353757#17,57680181#0,57680181#1,-39353757#0,57680128,174375407#0,174375407#1,174375407#2",3.766266506602641,2087.8074286502147,29.988,0.0,0.0,0.0,0.0,0.0,0.0,0.0,0.220116787318663,0.0,0.7798832126813371,0.0,3.352799642314502,0.0,0.0,86.42667890319754,0.4789713774735003,0.0,2.690115689436664,130.9252479082296,6.226627907155504,"8a7558240407fff,8a75582405b7fff,8a7558240437fff,8a755824040ffff,8a75582404e7fff,8a7558240417fff,8a7558240597fff,8a755824296ffff,8a755824291ffff,8a75582429affff",4,4
57680150#0,174375408#0,"57680150#0,57680150#1,-39353757#15,-39353757#14,-39353757#13,174375412,49188792#1,-39353757#7,-39353757#6,-39353757#5,-39353757#4,-39353757#3,-39353757#2,-39353757#1,-39353757#0,57680128,174375407#0,174375407#1,174375407#2,174375407#3,174375407#4,174375402,174375403,561133137,563273548,174375408#0",3.417430557536189,2023.9047923671744,34.607076923076924,8.600253191263976,20.016000000000005,0.0743578408583993,0.0,0.0,0.0,0.0277520799772493,0.383239306337526,0.0,0.5890086136852247,0.0,7.905510209937436,0.4940943881210897,0.0,116.96681951017578,1.4822831643632692,0.4940943881210897,3.5535854748557205,105.0979446192006,12.846454091148331,"8a75582405b7fff,8a7558240407fff,8a7558240437fff,8a755824051ffff,8a755824625ffff,8a7558240597fff,8a755824296ffff,8a755824291ffff,8a75582429affff,8a75582429a7fff,8a755824665ffff,8a755824664ffff",0,0
57680150#0,174375408#0,"-57680150#0,39353757#5,39353757#6,39353757#7,39353757#8,174375415#0,39761731#2,39353757#10,39353757#11,39353757#12,39353757#13,39353757#14,39353757#15,39353757#16,39353757#17,39353757#18,39353757#19,174907149,563297843,174375407#0,174375407#1,174375407#2,174375407#3,174375407#4,174375402,174375403,561133137,563273548,174375408#0",4.463438939290619,2586.518709121111,33.43903448275862,7.694668258340405,20.016000000000005,0.047935046150642,0.0,0.0,0.0,0.0217155079783658,0.4651744782204378,0.0,0.5131100138011964,0.0,6.1859208454891625,0.3866200528430726,0.0,112.29778610063204,1.159860158529218,0.3866200528430726,2.769696362034029,115.31709970777908,11.211981532449109,"8a7558240407fff,8a75582405b7fff,8a755824625ffff,8a755824624ffff,8a7558240517fff,8a755824051ffff,8a7558240437fff,8a755824040ffff,8a75582404e7fff,8a75582404f7fff,8a755824296ffff,8a755824291ffff,8a75582429affff,8a75582429a7fff,8a755824665ffff,8a755824664ffff",2,2
57680150#0,174375408#0,"-57680150#0,39353757#5,57680106,39353757#15,39353757#16,39353757#17,57680181#0,57680181#1,-39353757#0,57680128,174375407#0,174375407#1,174375407#2,174375407#3,174375407#4,174375402,174375403,561133137,563273548,174375408#0",4.454495361859647,2467.5386000279505,34.992000000000004,8.892341352919498,20.016000000000005,0.050246384672489,0.0,0.0,0.0,0.022762589271542,0.3143374813716002,0.0,0.6628999293568576,0.0,6.484194411312862,0.4052621507070538,0.0,124.4968039213404,1.2157864521211614,0.4052621507070538,2.6422900633099364,125.48055810359826,8.105243014141077,"8a7558240407fff,8a75582405b7fff,8a7558240437fff,8a755824040ffff,8a75582404e7fff,8a7558240417fff,8a7558240597fff,8a755824296ffff,8a755824291ffff,8a75582429affff,8a75582429a7fff,8a755824665ffff,8a755824664ffff",3,3
57680150#0,174375408#0,"57680150#0,57680150#1,-39353757#15,-39353757#14,49188792#0,49188792#1,-39353757#7,-39353757#6,-39353757#5,-39353757#4,-39353757#3,1123308755,-39389916#1,-39389916#0,39353757#17,39353757#18,174375411#0,174375411#1,57680128,174375407#0,174375407#1,174375407#2,174375407#3,174375407#4,174375402,174375403,561133137,563273548,174375408#0",5.18484750271599,2936.8512744685263,33.43903448275862,7.694668258340405,20.016000000000005,0.0422169466901781,0.0,0.0,0.0,0.0191250977372957,0.2641059407614557,0.0,0.7167689615012484,0.0,5.448011664429781,0.3405007290268613,0.0,117.71837134982336,1.0215021870805838,0.3405007290268613,5.15654297085607,110.49743585190268,9.874521141778978,"8a75582405b7fff,8a7558240407fff,8a7558240437fff,8a755824051ffff,8a755824625ffff,8a7558240597fff,8a7558240417fff,8a755824040ffff,8a75582404e7fff,8a75582404f7fff,8a75582404affff,8a755824296ffff,8a755824291ffff,8a75582429affff,8a75582429a7fff,8a755824665ffff,8a755824664ffff",4,4
57680152#2,174375405,"-57680152#2,-57680152#1,-57680152#0,-1116499331#0,-1116499332#2,-1116499332#1,-1116499332#0,1116499330#0,1116499330#1,57680180#0,57680180#1,57680180#2,57680180#3,174907152#0,174907152#1,174907152#2,174907151#0,174907151#2,174907151#5,22561652#1,22561652#2,22561652#3,22561652#4,22561652#5,22561652#6,125835948,563369678,1238123690,174375405",2.907577545056899,1802.6598354436533,32.7488275862069,7.024238962686715,20.016000000000005,0.0758088800735269,0.0,0.0,0.3476723334061048,0.0156916839487382,0.0,0.0,0.6366359826451568,1.1094716599750385,5.547358299875192,0.5547358299875192,1.1094716599750385,72.33291634777353,1.1094716599750385,0.5547358299875192,6.060226038278997,76.24342744529494,16.08733906963806,"8a7558246297fff,8a755824662ffff,8a75582467affff,8a7558246787fff,8a75582467b7fff,8a7558246797fff,8a755824679ffff,8a75582466b7fff,8a7558246697fff,8a7558246687fff,8a75582466affff,8a75582466f7fff,8a75582466c7fff,8a75582466effff,8a755824665ffff",0,0
57680152#2,174375405,"-57680152#2,-57680152#1,-57680152#0,-1116499331#0,-1116499332#2,-1116499332#1,-1116499332#0,1116499330#0,1116499330#1,57680180#0,57680171#0,57680171#1,57680171#2,22561499#2,174907152#0,174907152#1,174907152#2,-57392486,1163710302,57392474,57392457#1,22561652#1,22561652#2,22561652#3,22561652#4,22561652#5,22561652#6,125835948,563369678,1238123690,174375405",3.967640203213688,1973.6475525835776,29.992645161290326,10.326925898021438,39.99600000000001,0.0692411485017281,0.0,0.0,0.2579760766897614,0.0143322288560781,0.0,0.0,0.7276916944541603,2.026704309370664,14.186930165594644,1.0133521546853317,0.0,75.2879300706905,2.026704309370664,0.5066760773426658,6.635056738593694,74.21102383955906,15.70695839762264,"8a7558246297fff,8a755824662ffff,8a75582467affff,8a7558246787fff,8a75582467b7fff,8a7558246797fff,8a755824679ffff,8a7558255b6ffff,8a7558255b4ffff,8a7558246697fff,8a7558246687fff,8a755824668ffff,8a75582466f7fff,8a75582466c7fff,8a75582466effff,8a755824665ffff",1,1
57680152#2,174375405,"-57680152#2,-57680152#1,-57680152#0,-1116499331#0,-1116499332#2,-1116499332#1,-1116499332#0,1116499330#0,1116499330#1,57680180#0,57680171#0,57680171#1,57680171#2,22561499#2,174907152#0,174907152#1,174907152#2,174907151#0,174907151#2,174907151#5,22561652#1,22561652#2,22561652#3,22561652#4,22561652#5,22561652#6,125835948,563369678,1238123690,174375405",2.9394502941565395,1843.251133224108,32.656800000000004,6.920450007293479,20.016000000000005,0.0741394489417609,0.0,0.0,0.355956646063968,0.0153461283137196,0.0,0.0,0.6286972256223123,1.085039343771739,5.425196718858695,0.5425196718858695,1.085039343771739,72.41811522867879,1.085039343771739,0.5425196718858695,6.196686858506959,75.54326018939187,16.275590156576083,"8a7558246297fff,8a755824662ffff,8a75582467affff,8a7558246787fff,8a75582467b7fff,8a7558246797fff,8a755824679ffff,8a7558255b6ffff,8a7558255b4ffff,8a7558246697fff,8a7558246687fff,8a75582466affff,8a75582466f7fff,8a75582466c7fff,8a75582466effff,8a755824665ffff",2,2
57680159,41273128#1,"-57680159,39353757#18,174375411#0,174375411#1,57680128,174375407#0,174375407#1,174375407#2,174375407#3,174375407#4,174375402,174375403,561133137,563273548,-57680132#1,-57680132#0,57680179#0,57680179#1,57680179#2,57680179#3,-979838980#6,-979838980#5,-979838980#4,-979838980#3,-979838980#2,-979838980#1,-979838980#0,-563298888,213840999,979842179,226068307,979842178#0,979842178#1,979842178#2,979842178#3,979842178#4,979842178#5,79116530#0,79116530#1,79116549#0,79116549#1,79116549#2,79116549#3,79119291#2,41231511#0,41231511#1,41231511#2,41231511#3,-79119286#1,41231755,-41231756#3,-41231756#2,-41231756#1,-41231756#0,1020092136,-41231515#2,-41231515#1,41273130,1020092138,41273128#1",6.091609064898924,4529.563314520668,38.65679999999999,14.435688521091272,39.99600000000001,0.2999553255879089,0.0,0.0,0.0,0.2866356911972071,0.171239436312432,0.0041415205623219,0.5379833519280388,0.0,3.9738930113409423,0.4415436679267713,0.0,115.13103201314009,1.1038591698169284,0.2207718339633856,1.878396278310721,80.85893935239304,13.24631003780314,"8a75582404e7fff,8a75582404f7fff,8a75582404affff,8a755824296ffff,8a755824291ffff,8a75582429affff,8a75582429a7fff,8a755824665ffff,8a755824664ffff,8a7558242937fff,8a7558242927fff,8a75582462d7fff,8a75582462c7fff,8a75582462e7fff,8a7558246277fff,8a755824634ffff,8a7558240cb7fff,8a7558240c17fff,8a7558240c37fff,8a7558240c27fff,8a7558240d57fff,8a7558240d77fff,8a7558240d67fff,8a75582446c7fff,8a755824461ffff,8a7558244617fff,8a7558244637fff,8a75582447affff,8a75582447a7fff,8a75582447b7fff,8a7558244467fff",0,0
57680159,41273128#1,"-57680159,39353757#18,39353757#19,174907149,57680093,57680128,174375407#0,174375407#1,174375407#2,174375407#3,174375407#4,174375402,174375403,561133137,563273548,-57680132#1,-57680132#0,57680179#0,57680179#1,57680179#2,57680179#3,-979838980#6,-979838980#5,-979838980#4,-979838980#3,-979838980#2,-979838980#1,-979838980#0,-563298888,213840999,979842179,226068307,979842178#0,979842178#1,979842178#2,979842178#3,979842178#4,979842178#5,79116530#0,79116530#1,79116549#0,-41231508#0,79119287#0,79119290,79116549#2,79116549#3,79116549#4,79116549#5,79116549#6,79119284#1,79119284#2,41231513#0,41231513#1,41231513#2,41231513#3,41231513#4,-41231515#6,1020078548,-41273134,-1020092140,-1020092142,-1020092143,41273131,41273128#1",8.005914787187839,5554.794894430748,38.115,14.129088778625672,39.99600000000001,0.2445934844759611,0.0,0.0,0.0,0.2337322144478922,0.2149147918051062,0.0033771327226203,0.5479758610243811,0.0,5.760788761450631,0.5400739463859967,0.0,115.57190996785307,1.2601725415673255,0.1800246487953322,2.3035567298571435,93.68161120352984,11.521577522901262,"8a75582404e7fff,8a75582404f7fff,8a755824296ffff,8a755824291ffff,8a75582429affff,8a75582429a7fff,8a755824665ffff,8a755824664ffff,8a7558242937fff,8a7558242927fff,8a75582462d7fff,8a75582462c7fff,8a75582462e7fff,8a7558246277fff,8a755824634ffff,8a7558240cb7fff,8a7558240c17fff,8a7558240c37fff,8a7558240c27fff,8a7558240d57fff,8a7558240d77fff,8a7558240d67fff,8a7558240d47fff,8a7558240997fff,8a75582446c7fff,8a755824461ffff,8a755824460ffff,8a7558244627fff,8a755824471ffff,8a7558244717fff,8a7558244707fff,8a755824409ffff,8a7558244737fff,8a755824446ffff,8a7558244467fff,8a7558244477fff,8a75582447b7fff",1,1
57680159,41273128#1,"-57680159,39353757#18,39353757#19,174907149,57680093,57680128,174375407#0,174375407#1,174375407#2,174375407#3,174375407#4,174375402,174375403,561133137,563273548,-57680132#1,-57680132#0,57680179#0,57680179#1,57680179#2,57680179#3,-979838980#6,-979838980#5,-979838980#4,-979838980#3,-979838980#2,-979838980#1,-979838980#0,-563298888,213840999,979842179,226068307,979842178#0,979842178#1,870315479#0,870315479#1,41231514#0,41231514#1,41231514#2,41231514#3,41231514#4,41231514#5,41231719,41231718#0,41231720,41231514#7,41231514#8,1020078536,1020078537#0,1020078537#1,1157449878#0,1157449878#1,41231515#0,41231515#1,41231515#2,41231515#3,41231515#4,-1020092139#1,-1020092139#0,-1020092142,-1020092143,41273131,41273128#1",7.95095157800208,5515.479038267924,39.19714285714284,14.291233377389254,39.99600000000001,0.2601075573029414,0.0,0.0,0.0,0.235398322153151,0.2164467637305269,0.0,0.548154914116322,0.0,5.439237424682729,0.362615828312182,0.0,115.97070282210711,0.9065395707804548,0.181307914156091,2.287252562597112,97.22135229362128,11.422398591833732,"8a75582404e7fff,8a75582404f7fff,8a755824296ffff,8a755824291ffff,8a75582429affff,8a75582429a7fff,8a755824665ffff,8a755824664ffff,8a7558242937fff,8a7558242927fff,8a75582462d7fff,8a75582462c7fff,8a75582462e7fff,8a7558246277fff,8a755824634ffff,8a7558240cb7fff,8a7558240c17fff,8a7558240c37fff,8a7558240c27fff,8a7558240d1ffff,8a7558240daffff,8a7558240da7fff,8a7558246a5ffff,8a7558246a4ffff,8a7558246a67fff,8a7558246a6ffff,8a755824469ffff,8a75582446b7fff,8a7558244787fff,8a75582447a7fff,8a755824446ffff,8a755824409ffff,8a7558244097fff,8a7558244467fff,8a7558244477fff,8a75582447b7fff",3,3
57680159,41273128#1,"-57680159,57680181#0,57680181#1,-39353757#0,57680128,174375407#0,174375407#1,174375407#2,174375407#3,174375407#4,174375402,174375403,561133137,563273548,-57680132#1,-57680132#0,57680179#0,57680179#1,57680179#2,57680179#3,-979838980#6,-979838980#5,-979838980#4,-979838980#3,-979838980#2,-979838980#1,-979838980#0,-563298888,-145622122#2,213840998,979842179,226068307,979842178#0,979842178#1,979842178#2,979842178#3,41231717,979842178#5,79116530#0,79116530#1,79116549#0,79116549#1,79116549#2,79116549#3,79116549#4,79116549#5,79116549#6,79119284#1,79119284#2,79119284#3,-79119286#3,-79119286#2,-79119286#1,41231755,-41231756#3,-41231756#2,41273133,-1020078548,-41231515#5,-1020092139#1,-1020092139#0,-1020092142,-1020092143,41273131,41273128#1",8.267571136970552,5676.288395074299,38.6052923076923,14.564924941579555,39.99600000000001,0.2453453108356587,0.0,0.0,0.0,0.2347165120326759,0.1366456062015922,0.0033048496305623,0.6253330321351693,0.0,3.171086235790948,0.3523429150878831,0.0,116.3042392709957,0.8808572877197077,0.1761714575439415,2.3539397190332063,91.20748670935674,11.4511447403562,"8a75582404e7fff,8a7558240417fff,8a7558240597fff,8a755824296ffff,8a755824291ffff,8a75582429affff,8a75582429a7fff,8a755824665ffff,8a755824664ffff,8a7558242937fff,8a7558242927fff,8a75582462d7fff,8a75582462c7fff,8a75582462e7fff,8a7558246277fff,8a755824634ffff,8a7558240cb7fff,8a7558240c17fff,8a7558240c37fff,8a7558240c27fff,8a7558240d57fff,8a7558240d77fff,8a7558240d67fff,8a75582446c7fff,8a755824461ffff,8a755824460ffff,8a7558244627fff,8a755824471ffff,8a7558244637fff,8a75582447affff,8a7558244737fff,8a755824409ffff,8a7558244097fff,8a7558244467fff,8a7558244477fff,8a75582447b7fff",4,4
57680171#1,-22561652#4,"57680171#1,57680171#2,22561499#2,174907152#0,174907152#1,174907152#2,-57392486,1163710302,57392474,57392457#1,22561652#1,22561652#2,22561652#3,22561652#4",2.0649045949314977,789.149991327939,24.27942857142857,9.366768474151138,19.98,0.0,0.0,0.0,0.4933941516132917,0.0,0.0,0.0,0.5066058483867083,3.801558680817777,34.21402812735999,1.2671862269392589,0.0,50.01115813398369,3.801558680817777,0.0,1.5506193278408522,34.79994886151805,17.740607177149624,"8a7558255b6ffff,8a7558255b4ffff,8a7558246697fff,8a7558246687fff,8a755824668ffff,8a75582466f7fff,8a75582466c7fff,8a75582466effff",1,1
57680171#1,-22561652#4,"57680171#1,57680171#2,22561499#2,174907152#0,174907152#1,174907152#2,174907151#0,174907151#2,174907151#5,22561652#1,22561652#2,22561652#3,22561652#4",1.0367146858743497,658.7535719684693,29.988,0.0,0.0,0.0,0.0,0.0,0.8141521384338792,0.0,0.0,0.0,0.1858478615661207,1.5180183342487654,13.662165008238889,0.0,3.036036668497531,37.86991617016697,1.5180183342487654,0.0,1.2944003449326833,35.025612125370046,19.73423834523395,"8a7558255b6ffff,8a7558255b4ffff,8a7558246697fff,8a7558246687fff,8a75582466affff,8a75582466f7fff,8a75582466c7fff,8a75582466effff",3,3
57680179#1,-22561652#3,"57680179#1,57680179#2,-57680089#0,57680170#1,57680132#0,57680132#1,174375408#0,174375408#1,-174375409,57680120#0,57680120#1,1238123694,563272697,563271328,1238123691,-22561498,-22561652#6,-22561652#5,-22561652#4,-22561652#3",0.5447562322265118,619.4705146914174,45.000000000000014,8.892341352919498,20.016000000000005,0.8839189490206343,0.0,0.0,0.2019656368702257,0.6831804585676795,0.0,0.0,0.1148539045620948,1.614281836316518,53.2713005984451,3.228563672633036,0.0,107.79387837091286,4.842845508949554,1.614281836316518,1.608646828713434,31.4195590609281,32.28563672633036,"8a7558242937fff,8a7558242927fff,8a755824664ffff,8a7558246647fff,8a755824665ffff,8a75582466effff,8a75582466c7fff",1,1
57680181#0,-174375407#2,"57680181#0,57680181#1,39353757#1,39353757#2,1123308755,-39389916#1,-39389916#0,39353757#17,39353757#18,39353757#19,174907149,57680093,57680128,174375407#0,174375407#1,174375407#2",3.562144857943177,2002.238357227176,29.988,0.0,0.0,0.0,0.0,0.0,0.0,0.0,0.4383739728604136,0.0,0.5616260271395863,0.0,10.488261761742544,0.4994410362734545,0.0,118.6203605478375,1.4983231088203637,0.0,2.388001341533118,137.83792949571358,7.991056580375273,"8a75582404e7fff,8a7558240417fff,8a7558240597fff,8a755824040ffff,8a75582404f7fff,8a755824296ffff,8a755824291ffff,8a75582429affff",0,0
57680181#0,-174375407#2,"57680181#0,57680181#1,39353757#1,39353757#2,39353757#3,39353757#4,57680150#0,57680150#1,39353757#16,39353757#17,39353757#18,39353757#19,174907149,57680093,57680128,174375407#0,174375407#1,174375407#2",3.8618447378951575,2181.712031238634,29.988,0.0,0.0,0.0,0.0,0.0,0.0,0.0,0.4023121157620731,0.0,0.5976878842379268,0.0,9.625468301642709,0.4583556334115576,0.0,128.40355062096685,1.3750669002346727,0.0,2.6020534661276984,141.45629002117383,8.250401401408036,"8a75582404e7fff,8a7558240417fff,8a7558240597fff,8a75582405b7fff,8a7558240407fff,8a755824040ffff,8a75582404f7fff,8a755824296ffff,8a755824291ffff,8a75582429affff",1,1
57680181#0,-174375407#2,"57680181#0,57680181#1,39353757#1,39353757#2,1123308755,-39389916#1,-39389916#0,39353757#17,39353757#18,174375411#0,174375411#1,57680128,174375407#0,174375407#1,174375407#2",3.5526210484193674,1991.5435255981924,29.988,0.0,0.0,0.0,0.0,0.0,0.0,0.0,0.2307564247668085,0.0,0.7692435752331914,0.0,3.514861668864323,0.0,0.0,116.76892926467504,0.5021230955520462,0.0,2.3752459809211817,115.11755749219746,7.531846433280692,"8a75582404e7fff,8a7558240417fff,8a7558240597fff,8a755824040ffff,8a75582404f7fff,8a75582404affff,8a755824296ffff,8a755824291ffff,8a75582429affff",2,2
57680181#0,-174375407#2,"57680181#0,57680181#1,39353757#1,39353757#2,1123308755,1123308756,39353757#4,39353757#5,39353757#6,39353757#7,39353757#8,39353757#9,39353757#10,39353757#11,39353757#12,39353757#13,39353757#14,39353757#15,39353757#16,39353757#17,39353757#18,39353757#19,174907149,563297843,174375407#0,174375407#1,174375407#2",4.085674269707884,2421.840343332389,29.988000000000007,7.240780993314902e-15,0.0,0.0,0.0,0.0,0.0,0.0,0.3662933803128881,0.0,0.633706619687112,0.0,2.89036394131918,0.0,0.0,112.01587842254833,0.4129091344741685,0.0,2.888446307094988,104.59260251995164,11.148546630802551,"8a75582404e7fff,8a7558240417fff,8a7558240597fff,8a75582405b7fff,8a755824625ffff,8a755824624ffff,8a7558240517fff,8a755824051ffff,8a7558240437fff,8a7558240407fff,8a755824040ffff,8a75582404f7fff,8a755824296ffff,8a755824291ffff,8a75582429affff",3,3
57680181#0,-174375407#2,"57680181#0,57680181#1,39353757#1,39353757#2,39353757#3,39353757#4,39353757#5,57680106,39353757#15,39353757#16,39353757#17,39353757#18,39353757#19,174907149,563297843,174375407#0,174375407#1,174375407#2",3.981772709083633,2255.7841905049563,29.988,0.0,0.0,0.0,0.0,0.0,0.0,0.0,0.3932575153560096,0.0,0.6067424846439904,0.0,3.1031337259408014,0.0,0.0,128.386308812877,0.443304817991543,0.0,2.690396802004648,130.41558499817987,7.979486723847775,"8a75582404e7fff,8a7558240417fff,8a7558240597fff,8a75582405b7fff,8a7558240437fff,8a7558240407fff,8a755824040ffff,8a75582404f7fff,8a755824296ffff,8a755824291ffff,8a75582429affff",4,4
57680181#0,-174375407#3,"57680181#0,57680181#1,39353757#1,39353757#2,1123308755,1123308756,39353757#4,39353757#5,57680106,39353757#15,39353757#16,39353757#17,39353757#18,39353757#19,174907149,57680093,57680128,174375407#0,174375407#1,174375407#2,174375407#3",4.144177671068428,2537.955409759618,29.988000000000003,3.640448215221994e-15,0.0,0.0,0.0,0.0,0.0,0.0,0.4407411562227909,0.0,0.5592588437772092,0.0,8.274377051403363,0.3940179548287315,0.0,122.76843796936868,1.1820538644861946,0.0,2.468243407596358,127.32643218405316,8.274377051403363,"8a75582404e7fff,8a7558240417fff,8a7558240597fff,8a75582405b7fff,8a7558240437fff,8a7558240407fff,8a755824040ffff,8a75582404f7fff,8a755824296ffff,8a755824291ffff,8a75582429affff,8a75582429a7fff",1,1
57680181#0,-174375407#3,"57680181#0,57680181#1,39353757#1,39353757#2,1123308755,-39389916#1,-39389916#0,39353757#17,39353757#18,174375411#0,174375411#1,57680128,174375407#0,174375407#1,174375407#2,174375407#3",3.678771508603441,2232.3957440663485,29.988,0.0,0.0,0.0,0.0,0.0,0.0,0.0,0.3137497838653214,0.0,0.6862502161346786,0.0,3.135644752327549,0.0,0.0,116.14067241698376,0.447949250332507,0.0,2.171076787735928,114.44954394838388,7.167188005320113,"8a75582404e7fff,8a7558240417fff,8a7558240597fff,8a755824040ffff,8a75582404f7fff,8a75582404affff,8a755824296ffff,8a755824291ffff,8a75582429affff,8a75582429a7fff",2,2
57680181#0,-174375407#3,"57680181#0,57680181#1,39353757#1,39353757#2,1123308755,1123308756,39353757#4,39353757#5,39353757#6,39353757#7,39353757#8,174375415#0,39761731#2,39353757#10,39353757#11,39353757#12,39353757#13,39353757#14,39353757#15,39353757#16,39353757#17,39353757#18,39353757#19,174907149,563297843,174375407#0,174375407#1,174375407#2,174375407#3",4.212224889955983,2676.83824890438,29.98800000000001,1.0846795346689375e-14,0.0,0.0,0.0,0.0,0.0,0.0,0.4213763401158704,0.0,0.5786236598841297,0.0,2.615025395301743,0.0,0.0,112.8627577713358,0.3735750564716775,0.0,2.6033114433975824,105.7020401613002,10.83367663767865,"8a75582404e7fff,8a7558240417fff,8a7558240597fff,8a75582405b7fff,8a755824625ffff,8a755824624ffff,8a7558240517fff,8a755824051ffff,8a7558240437fff,8a7558240407fff,8a755824040ffff,8a75582404f7fff,8a755824296ffff,8a755824291ffff,8a75582429affff,8a75582429a7fff",3,3
57680181#0,-174375407#3,"57680181#0,57680181#1,39353757#1,39353757#2,39353757#3,39353757#4,39353757#5,57680106,39353757#15,39353757#16,39353757#17,39353757#18,39353757#19,174907149,563297843,174375407#0,174375407#1,174375407#2,174375407#3",4.107923169267707,2496.6364089731123,29.988,3.650066325022873e-15,0.0,0.0,0.0,0.0,0.0,0.0,0.4517903769854259,0.0,0.548209623014574,0.0,2.8037722973363026,0.0,0.0,128.8971639004755,0.4005388996194718,0.0,2.4280593480547368,129.48288409217528,7.610239092769964,"8a75582404e7fff,8a7558240417fff,8a7558240597fff,8a75582405b7fff,8a7558240437fff,8a7558240407fff,8a755824040ffff,8a75582404f7fff,8a755824296ffff,8a755824291ffff,8a75582429affff,8a75582429a7fff",4,4
57680181#0,-57680145#1,"57680181#0,57680181#1,-39353757#0,57680128,174375407#0,174375407#1,174375407#2,174375407#3,174375407#4,174375402,174375403,561133137,563273548,174375408#0,174375408#1,-174375409,57680120#0,57680120#1,1238123694,563272697,563271328,1238123691,-22561498,-22561652#6,-22561652#5,-22561652#4,-22561652#3,-22561652#2,-22561652#1,-22561652#0,-174907151#4,-174907151#1,-174907152#2,-174907152#1,-174907152#0,-22561653,-22561499#1,-22561499#0,-22561654#5,-22561654#4,-22561654#3,-22561654#2,-1116499321#1,-1116499322,57680111,57680112#1,1116499324#0,1116499324#1,1116499324#2,57680145#0,57680145#1",4.744522963973206,3354.664794326131,36.66,9.52952209504758,20.016000000000005,0.1079808837008877,0.0,0.0,0.3339911982995507,0.0411259748922519,0.2312123315664381,0.0,0.3936704952417592,0.5961847524625037,10.135140791862565,0.5961847524625037,0.8942771286937555,127.71496229111985,1.1923695049250074,0.2980923762312518,1.2986320311143893,87.32465460700891,15.202711187793843,"8a75582404e7fff,8a7558240417fff,8a7558240597fff,8a755824296ffff,8a755824291ffff,8a75582429affff,8a75582429a7fff,8a755824665ffff,8a755824664ffff,8a7558246647fff,8a75582466effff,8a75582466c7fff,8a75582466f7fff,8a75582466affff,8a7558246687fff,8a7558246697fff,8a7558255b4ffff,8a7558255b5ffff,8a7558255b47fff,8a7558255b77fff,8a7558255b2ffff,8a7558255b07fff,8a755824648ffff,8a75582464f7fff,8a75582464affff,8a7558255967fff",0,0
57680181#0,-57680145#1,"57680181#0,57680181#1,-39353757#0,57680128,174375407#0,174375407#1,174375407#2,174375407#3,174375407#4,174375402,174375403,563272698,563272697,563271328,1238123691,-22561498,-22561652#6,-22561652#5,-22561652#4,-22561652#3,-22561652#2,-22561652#1,-22561652#0,-174907151#4,-174907151#1,-57392486,1004094803#0,1004094803#1,1004094802,57392452,24580169#2,-57099575#2,-57099587#1,32898141,-24580169#0,-22561654#5,-22561654#4,-22561654#3,-22561654#2,-1116499321#1,-1116499322,-1264978470#1,-1264978470#0,-1116499323#1,-1116499323#0,-561133121,-55682342#1,-55682342#0,55682703,849128758#0,849128758#1,55682704#1,55682704#2,55682704#3,125835961,-57680135,-57680114#3,-57680114#2,-57680114#1,-57680114#0,-1264978471,-57680145#1",10.237647265218772,6578.216870826603,37.89638709677419,18.388469854378982,69.98400000000001,0.3560220246086354,0.0,0.0,0.3969714956314449,0.025943537398932,0.1217017092655358,0.1920973675595249,0.2632858901445623,0.6080675171624997,8.208911481693747,0.7600843964531246,0.4560506378718748,121.9929093914682,1.3681519136156244,0.3040337585812498,3.009971641634604,117.42007794330762,9.425046516018746,"8a75582404e7fff,8a7558240417fff,8a7558240597fff,8a755824296ffff,8a755824291ffff,8a75582429affff,8a75582429a7fff,8a755824665ffff,8a75582466effff,8a75582466c7fff,8a75582466f7fff,8a75582466affff,8a7558246687fff,8a7558246697fff,8a7558255a67fff,8a7558255a77fff,8a7558255b5ffff,8a7558255b4ffff,8a7558255b47fff,8a7558255b77fff,8a7558255b2ffff,8a7558255b07fff,8a7558255867fff,8a755825595ffff,8a7558255937fff,8a7558273667fff,8a7558273767fff,8a75582730d7fff,8a75582733b7fff,8a755827305ffff,8a7558273337fff,8a75582733affff,8a755827338ffff,8a75582732f7fff,8a7558255967fff,8a75582464affff",1,1
57680181#0,-57680145#1,"57680181#0,57680181#1,-39353757#0,57680128,174375407#0,174375407#1,174375407#2,174375407#3,174375407#4,174375402,174375403,563272698,563272697,563271328,1238123691,-22561498,-22561652#6,-22561652#5,-22561652#4,-22561652#3,-22561652#2,-22561652#1,-22561652#0,-174907151#4,-174907151#1,-174907152#2,-174907152#1,-174907152#0,-57680180#3,-57680180#2,-57680180#1,-57680180#0,-563282223,-1116499330#0,-1116499329,-1116499328#1,-1116499328#0,-57680087#2,-57680087#1,-57680087#0,1116499324#0,1116499324#1,1116499324#2,57680145#0,57680145#1",4.562326932212771,3158.779148777376,34.436,8.415476651546681,20.016000000000005,0.0806548390834494,0.0,0.0,0.1831265904411871,0.0221015336460224,0.2534460940103556,0.0,0.5413257819024349,0.6331560092683629,5.698404083415267,0.3165780046341814,0.6331560092683629,126.46532623115606,0.9497340139025444,0.0,1.22280228676098,89.23855088398885,14.246010208538166,"8a75582404e7fff,8a7558240417fff,8a7558240597fff,8a755824296ffff,8a755824291ffff,8a75582429affff,8a75582429a7fff,8a755824665ffff,8a75582466effff,8a75582466c7fff,8a75582466f7fff,8a75582466affff,8a7558246687fff,8a7558246697fff,8a75582466b7fff,8a755824679ffff,8a7558246797fff,8a75582464cffff,8a75582464c7fff,8a75582464f7fff,8a75582464affff,8a7558255967fff",2,2
57680181#0,-57680145#1,"57680181#0,57680181#1,39353757#1,39353757#2,1123308755,1123308756,39353757#4,57680150#0,57680150#1,39353757#16,39353757#17,39353757#18,39353757#19,174907149,57680093,57680128,174375407#0,174375407#1,174375407#2,174375407#3,174375407#4,174375402,174375403,561133137,563273548,174375408#0,174375408#1,-174375409,57680120#0,57680120#1,1238123694,563272697,563271328,1238123691,-22561498,-22561652#6,-22561652#5,-22561652#4,-22561652#3,-22561652#2,-22561652#1,-22561652#0,-174907151#4,-174907151#1,-174907152#2,-174907152#1,-174907152#0,-22561653,-22561499#1,-22561499#0,-22561654#5,-22561654#4,-22561654#3,-22561654#2,-1116499321#1,-1116499322,-1264978470#1,-1264978470#0,-1116499323#1,-1116499323#0,-561133121,-55682342#1,-55682342#0,55682703,849128758#0,849128758#1,55682704#1,55682704#2,55682704#3,125835961,-57680135,-57680114#3,-57680114#2,-57680114#1,-57680114#0,-1264978471,-57680145#1",10.45743568781054,7526.389094576633,39.21241558441559,15.200418354137712,50.004000000000005,0.3129429727569935,0.0,0.0,0.3766673605531521,0.0183306839933099,0.158616246550007,0.167896999243902,0.2784887096596289,0.2657316775505481,6.643291938763704,0.6643291938763703,0.3985975163258222,122.74192853316752,0.9300608714269184,0.2657316775505481,3.443823483389798,122.34251834432204,10.230669585696104,"8a75582404e7fff,8a7558240417fff,8a7558240597fff,8a75582405b7fff,8a7558240407fff,8a755824040ffff,8a75582404f7fff,8a755824296ffff,8a755824291ffff,8a75582429affff,8a75582429a7fff,8a755824665ffff,8a755824664ffff,8a7558246647fff,8a75582466effff,8a75582466c7fff,8a75582466f7fff,8a75582466affff,8a7558246687fff,8a7558246697fff,8a7558255b4ffff,8a7558255b5ffff,8a7558255b47fff,8a7558255b77fff,8a7558255b2ffff,8a7558255b07fff,8a7558255867fff,8a755825595ffff,8a7558255937fff,8a7558273667fff,8a7558273767fff,8a75582730d7fff,8a75582733b7fff,8a755827305ffff,8a7558273337fff,8a75582733affff,8a755827338ffff,8a75582732f7fff,8a7558255967fff,8a75582464affff",3,3
57680181#0,-57680145#1,"57680181#0,57680181#1,39353757#1,39353757#2,39353757#3,39353757#4,39353757#5,39353757#6,39353757#7,39353757#8,174375415#0,39761731#2,39353757#10,39353757#11,39353757#12,39353757#13,39353757#14,39353757#15,39353757#16,39353757#17,39353757#18,39353757#19,174907149,563297843,174375407#0,174375407#1,174375407#2,174375407#3,174375407#4,174375402,174375403,563272698,563272697,563271328,1238123691,-22561498,-22561652#6,-22561652#5,-22561652#4,-22561652#3,-22561652#2,-22561652#1,-22561652#0,-174907151#4,-174907151#1,-174907152#2,-174907152#1,-174907152#0,-22561653,-22561499#1,-22561499#0,-22561654#5,-22561654#4,-22561654#3,-22561654#2,-1116499321#1,-1116499322,57680111,57680112#1,1116499324#0,1116499324#1,1116499324#2,57680145#0,57680145#1",7.041418568867436,4676.869454696444,33.1155,7.325105947551693,20.016000000000005,0.0544746494236561,0.0,0.0,0.2395680541019126,0.0149274775174558,0.2625950694579558,0.0,0.4829093989226755,0.4276364819188248,3.848728337269424,0.2138182409594124,0.6414547228782372,128.54239805097893,0.6414547228782372,0.0,1.810473728845183,90.54045934913164,13.684367421402394,"8a75582404e7fff,8a7558240417fff,8a7558240597fff,8a75582405b7fff,8a755824625ffff,8a755824624ffff,8a7558240517fff,8a755824051ffff,8a7558240437fff,8a7558240407fff,8a755824040ffff,8a75582404f7fff,8a755824296ffff,8a755824291ffff,8a75582429affff,8a75582429a7fff,8a755824665ffff,8a75582466effff,8a75582466c7fff,8a75582466f7fff,8a75582466affff,8a7558246687fff,8a7558246697fff,8a7558255b4ffff,8a7558255b5ffff,8a7558255b47fff,8a7558255b77fff,8a7558255b2ffff,8a7558255b07fff,8a755824648ffff,8a75582464f7fff,8a75582464affff,8a7558255967fff",4,4
57680181#1,-1157449878#0,"57680181#1,-39353757#0,57680128,174375407#0,174375407#1,174375407#2,174375407#3,174375407#4,174375402,174375403,561133137,563273548,-57680132#1,-57680132#0,57680179#0,57680179#1,57680179#2,57680179#3,-979838980#6,-979838980#5,-979838980#4,-979838980#3,-979838980#2,-979838980#1,-979838980#0,-563298888,-145622122#2,213840998,979842179,226068307,979842178#0,979842178#1,979842178#2,979842178#3,41231717,979842178#5,79116530#0,79116530#1,79116549#0,41231508#1,79119292,41231358#0,79116549#3,79116549#4,79116549#5,79116549#6,79119284#1,79119284#2,79119284#3,-79119286#3,-79119286#2,-79119286#1,-79119286#0,-41231753#2,-41231753#1,-41231753#0,1020078542,-1157449878#0",6.269294403671042,4661.756159047953,39.99041379310345,15.10278388539442,39.99600000000001,0.3232855353809674,0.0,0.0,0.0,0.285797576691675,0.1663836207336926,0.004024079974457,0.5437947226001753,0.0,3.8612058172678094,0.4290228685853122,0.0,108.70146778576762,1.072557171463281,0.2145114342926561,3.340744783362311,83.27200893786208,12.441663188974056,"8a7558240417fff,8a7558240597fff,8a755824296ffff,8a755824291ffff,8a75582429affff,8a75582429a7fff,8a755824665ffff,8a755824664ffff,8a7558242937fff,8a7558242927fff,8a75582462d7fff,8a75582462c7fff,8a75582462e7fff,8a7558246277fff,8a755824634ffff,8a7558240cb7fff,8a7558240c17fff,8a7558240c37fff,8a7558240c27fff,8a7558240d57fff,8a7558240d77fff,8a7558240d67fff,8a75582446dffff,8a75582446c7fff,8a755824461ffff,8a755824460ffff,8a7558244627fff,8a755824471ffff,8a7558244637fff,8a75582447affff,8a755824478ffff,8a75582446a7fff,8a7558244687fff,8a75582446b7fff,8a755824469ffff",0,0
57680181#1,-1157449878#0,"57680181#1,39353757#1,39353757#2,39353757#3,39353757#4,39353757#5,57680106,39353757#15,39353757#16,39353757#17,39353757#18,39353757#19,174907149,57680093,57680128,174375407#0,174375407#1,174375407#2,174375407#3,174375407#4,174375402,174375403,561133137,563273548,-57680132#1,-57680132#0,57680179#0,57680179#1,57680179#2,57680179#3,-979838980#6,-979838980#5,-979838980#4,-979838980#3,-979838980#2,-979838980#1,-979838980#0,-563298888,-145622122#2,213840998,979842179,226068307,979842178#0,979842178#1,979842178#2,979842178#3,41231717,979842178#5,79116530#0,79116530#1,79116530#2,79116557#0,79116557#1,79116557#2,1020078538,1020078537#1,1157449878#0",6.81131597831962,4885.510803580451,40.51705263157894,15.169123423705445,39.99600000000001,0.2964291110784507,0.0,0.0,0.0,0.2727081500683567,0.244356759457321,0.0057876328182454,0.4771474576560767,0.0,6.549980398477089,0.6140606623572271,0.0,108.3514668309459,1.4328082121668633,0.204686887452409,3.002932821867644,99.93629329328805,11.667152584787315,"8a7558240417fff,8a7558240597fff,8a75582405b7fff,8a7558240437fff,8a7558240407fff,8a755824040ffff,8a75582404e7fff,8a75582404f7fff,8a755824296ffff,8a755824291ffff,8a75582429affff,8a75582429a7fff,8a755824665ffff,8a755824664ffff,8a7558242937fff,8a7558242927fff,8a75582462d7fff,8a75582462c7fff,8a75582462e7fff,8a7558246277fff,8a755824634ffff,8a7558240cb7fff,8a7558240c17fff,8a7558240c37fff,8a7558240c27fff,8a7558240d57fff,8a7558240d77fff,8a7558240d27fff,8a755824469ffff,8a75582446b7fff",1,1
57680181#1,-1157449878#0,"57680181#1,39353757#1,39353757#2,39353757#3,39353757#4,57680150#0,57680150#1,39353757#16,39353757#17,39353757#18,174375411#0,174375411#1,57680128,174375407#0,174375407#1,174375407#2,174375407#3,174375407#4,174375402,174375403,561133137,563273548,-57680132#1,-57680132#0,57680179#0,57680179#1,57680179#2,57680179#3,-979838980#6,-979838980#5,-979838980#4,-979838980#3,-979838980#2,-979838980#1,-979838980#0,-563298888,-145622122#2,213840998,979842179,226068307,979842178#0,979842178#1,870315479#0,870315479#1,41231514#0,41231514#1,41231514#2,41231514#3,41231514#4,41231514#5,41231711#0,41231710,79119289#2,1020078536,1020078537#0,1020078537#1,1157449878#0",6.591079316340212,4782.943742798386,40.868210526315785,15.15269987109422,39.99600000000001,0.3070497921107584,0.0,0.0,0.0,0.2785561957297637,0.162167884556004,0.0,0.5592759197142323,0.0,3.345220195008772,0.2090762621880482,0.0,117.6619076543854,0.6272287865641447,0.2090762621880482,2.9398888525371025,91.21447265612407,11.917346944718748,"8a7558240417fff,8a7558240597fff,8a75582405b7fff,8a7558240407fff,8a755824040ffff,8a75582404e7fff,8a75582404f7fff,8a75582404affff,8a755824296ffff,8a755824291ffff,8a75582429affff,8a75582429a7fff,8a755824665ffff,8a755824664ffff,8a7558242937fff,8a7558242927fff,8a75582462d7fff,8a75582462c7fff,8a75582462e7fff,8a7558246277fff,8a755824634ffff,8a7558240cb7fff,8a7558240c17fff,8a7558240c37fff,8a7558240c27fff,8a7558240d1ffff,8a7558240daffff,8a7558240da7fff,8a7558246a5ffff,8a7558246a4ffff,8a7558240d37fff,8a755824469ffff,8a75582446b7fff",3,3
57680181#1,-1157449878#0,"57680181#1,-39353757#0,57680128,174375407#0,174375407#1,174375407#2,174375407#3,174375407#4,174375402,174375403,561133137,563273548,-57680132#1,-57680132#0,57680179#0,57680179#1,57680179#2,57680179#3,-979838980#6,-979838980#5,-979838980#4,-979838980#3,-979838980#2,-979838980#1,-979838980#0,-563298888,213840999,979842179,226068307,979842178#0,979842178#1,870315479#0,870315479#1,41231514#0,41231514#1,41231514#2,41231514#3,41231514#4,41231514#5,41231719,41231718#0,41231718#1,41231718#2,41231721,41231514#8,1020078536,-79116557#3,-79116557#2,23881170,41231753#0,41231753#1,41231753#2,79119286#0,41231755,-41231756#3,-41231756#2,41273133,-41273134,-41231515#3,-41231515#2,-41231515#1,-41231515#0,-1157449878#1,-1157449878#0",7.554863769228459,5306.510319741751,38.42775,14.16781654717077,39.99600000000001,0.2620715453457663,0.0,0.0,0.0,0.2446682345361631,0.1461675982866529,0.0,0.6091641671771839,0.0,3.01516421073853,0.1884477631711581,0.0,110.75633635609148,0.5653432895134743,0.1884477631711581,3.802793639072697,84.3208015865013,12.06065684295412,"8a7558240417fff,8a7558240597fff,8a755824296ffff,8a755824291ffff,8a75582429affff,8a75582429a7fff,8a755824665ffff,8a755824664ffff,8a7558242937fff,8a7558242927fff,8a75582462d7fff,8a75582462c7fff,8a75582462e7fff,8a7558246277fff,8a755824634ffff,8a7558240cb7fff,8a7558240c17fff,8a7558240c37fff,8a7558240c27fff,8a7558240d1ffff,8a7558240daffff,8a7558240da7fff,8a7558246a5ffff,8a7558246a4ffff,8a7558246a67fff,8a755824469ffff,8a7558240d27fff,8a7558244687fff,8a75582446a7fff,8a755824478ffff,8a75582447affff,8a7558244737fff,8a755824446ffff,8a75582447a7fff,8a7558244787fff,8a75582446b7fff",4,4
57680181#1,-174375407#2,"57680181#1,39353757#1,39353757#2,39353757#3,39353757#4,39353757#5,57680106,39353757#15,39353757#16,39353757#17,39353757#18,39353757#19,174907149,57680093,57680128,174375407#0,174375407#1,174375407#2",3.620488195278111,2073.619694634052,29.988,0.0,0.0,0.0,0.0,0.0,0.0,0.0,0.4232835874111838,0.0,0.5767164125888161,0.0,10.127218628537396,0.4822485061208284,0.0,125.89324007936472,1.446745518362485,0.0,2.977689581342158,132.05394115523922,8.680473110174912,"8a7558240417fff,8a7558240597fff,8a75582405b7fff,8a7558240437fff,8a7558240407fff,8a755824040ffff,8a75582404e7fff,8a75582404f7fff,8a755824296ffff,8a755824291ffff,8a75582429affff",1,1
57680181#1,-174375407#2,"57680181#1,39353757#1,39353757#2,1123308755,-39389916#1,-39389916#0,39353757#17,39353757#18,174375411#0,174375411#1,57680128,174375407#0,174375407#1,174375407#2",3.19093637454982,1800.2332579699234,29.988,0.0,0.0,0.0,0.0,0.0,0.0,0.0,0.2552788432832085,0.0,0.7447211567167914,0.0,3.888385001782336,0.0,0.0,116.10386063788437,0.5554835716831907,0.0,2.585110389390233,118.27507977849577,7.776770003564671,"8a7558240417fff,8a7558240597fff,8a755824040ffff,8a75582404e7fff,8a75582404f7fff,8a75582404affff,8a755824296ffff,8a755824291ffff,8a75582429affff",2,2
57680181#1,-174375407#2,"57680181#1,39353757#1,39353757#2,39353757#3,39353757#4,39353757#5,39353757#6,39353757#7,39353757#8,174375415#0,39761731#2,39353757#10,39353757#11,39353757#12,39353757#13,39353757#14,39353757#15,39353757#16,39353757#17,39353757#18,39353757#19,174907149,563297843,174375407#0,174375407#1,174375407#2",3.6885354141656665,2212.502533778813,29.988000000000003,3.623071274882353e-15,0.0,0.0,0.0,0.0,0.0,0.0,0.400950540120842,0.0,0.599049459879158,0.0,3.163838184648063,0.0,0.0,111.00493045800847,0.4519768835211519,0.0,3.177123442921852,105.07509578261664,11.75139897154995,"8a7558240417fff,8a7558240597fff,8a75582405b7fff,8a755824625ffff,8a755824624ffff,8a7558240517fff,8a755824051ffff,8a7558240437fff,8a7558240407fff,8a755824040ffff,8a75582404e7fff,8a75582404f7fff,8a755824296ffff,8a755824291ffff,8a75582429affff",3,3
57680181#1,-174375407#2,"57680181#1,39353757#1,39353757#2,1123308755,1123308756,39353757#4,39353757#5,57680106,39353757#15,39353757#16,39353757#17,39353757#18,39353757#19,174907149,563297843,174375407#0,174375407#1,174375407#2",3.655942376950781,2096.647151905828,29.988,0.0,0.0,0.0,0.0,0.0,0.0,0.0,0.4231060458270144,0.0,0.5768939541729855,0.0,3.338663825068076,0.0,0.0,118.94168840072172,0.4769519750097251,0.0,3.0107566957124576,131.06847533532564,8.585135550175053,"8a7558240417fff,8a7558240597fff,8a75582405b7fff,8a7558240437fff,8a7558240407fff,8a755824040ffff,8a75582404e7fff,8a75582404f7fff,8a755824296ffff,8a755824291ffff,8a75582429affff",4,4
57680181#1,57680152#2,"57680181#1,-39353757#0,57680128,174375407#0,174375407#1,174375407#2,174375407#3,174375407#4,174375402,174375403,561133137,563273548,174375406,1238123693,1238123694,563272697,563271328,1238123691,-22561498,-22561652#6,-22561652#5,-22561652#4,-22561652#3,-22561652#2,-22561652#1,-22561652#0,-174907151#4,-174907151#1,-57392486,1004094803#0,1004094803#1,1004094802,57392452,-24580169#1,-24580169#0,22561499#0,22561499#1,22561499#2,-57680180#3,-57680180#2,-57680180#1,-57680180#0,-563282223,-1116499330#0,1116499332#0,1116499332#1,1116499332#2,1116499331#0,1116499331#1,57680152#1,57680152#2",6.209329302987724,3365.0129475713893,32.34635294117648,11.062903378089372,39.99600000000001,0.0924520301309576,0.0,0.0,0.1544864203456466,0.0752770187950171,0.2305013029087416,0.0,0.5397352579505944,1.1887027070391798,10.698324363352617,0.5943513535195899,0.5943513535195899,117.51917214224396,1.7830540605587697,0.5943513535195899,3.7873057664781,83.09121413698162,15.155959514749542,"8a7558240417fff,8a7558240597fff,8a755824296ffff,8a755824291ffff,8a75582429affff,8a75582429a7fff,8a755824665ffff,8a755824664ffff,8a75582466effff,8a75582466c7fff,8a75582466f7fff,8a75582466affff,8a7558246687fff,8a7558246697fff,8a7558255a67fff,8a7558255b4ffff,8a75582466b7fff,8a755824679ffff,8a7558246797fff,8a75582467b7fff,8a7558246787fff,8a75582467affff,8a755824662ffff,8a7558246297fff",0,0
57680181#1,57680152#2,"57680181#1,39353757#1,39353757#2,39353757#3,39353757#4,57680150#0,57680150#1,39353757#16,39353757#17,39353757#18,174375411#0,174375411#1,57680128,174375407#0,174375407#1,174375407#2,174375407#3,174375407#4,174375402,174375403,561133137,563273548,174375408#0,174375408#1,-174375409,57680120#0,57680120#1,1238123694,563272697,563271328,1238123691,-22561498,-22561652#6,-22561652#5,-22561652#4,-22561652#3,-22561652#2,-22561652#1,-22561652#0,-174907151#4,-174907151#1,1116499317#0,1116499317#1,1116499317#2,1116499317#3,1116499316#0,1116499316#1,1116499315#1,1116499315#2,628868117#0,628868117#1,563371197#1,563371197#2,-563282223,-1116499330#0,1116499332#0,1116499332#1,1116499332#2,1116499331#0,1116499331#1,57680152#1,57680152#2",6.847313497991664,4212.31129133715,33.22103225806452,9.71430836357118,29.988000000000007,0.0765963246983055,0.0,0.0,0.1038295456710577,0.0327525319382516,0.1841364075620756,0.0163503260209699,0.6057229488344884,0.4747987177759417,8.546376919966951,0.7121980766639125,0.4747987177759417,127.65443274968462,1.1869967944398545,0.2373993588879708,4.740935946590008,92.79068186510456,14.718760251054194,"8a7558240417fff,8a7558240597fff,8a75582405b7fff,8a7558240407fff,8a755824040ffff,8a75582404e7fff,8a75582404f7fff,8a75582404affff,8a755824296ffff,8a755824291ffff,8a75582429affff,8a75582429a7fff,8a755824665ffff,8a755824664ffff,8a7558246647fff,8a75582466effff,8a75582466c7fff,8a75582466f7fff,8a75582466affff,8a7558246687fff,8a75582466a7fff,8a755824678ffff,8a755824679ffff,8a7558246797fff,8a75582467b7fff,8a7558246787fff,8a75582467affff,8a755824662ffff,8a7558246297fff",1,1
57680181#1,57680152#2,"57680181#1,-39353757#0,57680128,174375407#0,174375407#1,174375407#2,174375407#3,174375407#4,174375402,174375403,563272698,563272697,563271328,1238123691,-22561498,-22561652#6,-22561652#5,-22561652#4,-22561652#3,-22561652#2,-22561652#1,-22561652#0,-174907151#4,-174907151#1,-174907152#2,-174907152#1,-174907152#0,-57680180#3,-57680180#2,-57680180#1,-57680180#0,-563282223,-1116499330#0,1116499332#0,1116499332#1,1116499332#2,1116499331#0,1116499331#1,57680152#1,57680152#2",4.500022759283699,2919.756236528161,33.4908,7.702309807403933,20.016000000000005,0.0736974942095396,0.0,0.0,0.1981180648697407,0.0239108535033293,0.274194203982912,0.0,0.5037768776440178,0.6849886901442739,6.164898211298465,0.3424943450721369,0.6849886901442739,125.88266480662432,1.0274830352164108,0.0,3.28617149580192,91.6800649660271,13.699773802885478,"8a7558240417fff,8a7558240597fff,8a755824296ffff,8a755824291ffff,8a75582429affff,8a75582429a7fff,8a755824665ffff,8a75582466effff,8a75582466c7fff,8a75582466f7fff,8a75582466affff,8a7558246687fff,8a7558246697fff,8a75582466b7fff,8a755824679ffff,8a7558246797fff,8a75582467b7fff,8a7558246787fff,8a75582467affff,8a755824662ffff,8a7558246297fff",2,2
57680181#1,57680152#2,"57680181#1,39353757#1,39353757#2,39353757#3,39353757#4,57680150#0,57680150#1,39353757#16,39353757#17,39353757#18,174375411#0,174375411#1,57680128,174375407#0,174375407#1,174375407#2,174375407#3,174375407#4,174375402,174375403,561133137,563273548,174375406,1238123693,1238123694,563272697,563271328,1238123691,-22561498,-22561652#6,-22561652#5,-22561652#4,-22561652#3,-22561652#2,-22561652#1,-22561652#0,-174907151#4,-174907151#1,-174907152#2,-174907152#1,-174907152#0,-57680180#3,-57680180#2,-57680180#1,-57680180#0,-563282223,-1116499330#0,1116499332#0,1116499332#1,1116499332#2,1116499331#0,1116499331#1,57680152#1,57680152#2",6.706386615121213,4212.557700252972,34.065333333333335,8.13716360577627,20.016000000000005,0.0738511613505615,0.0,0.0,0.1373171589881318,0.0452641377683039,0.1841256367060353,0.0,0.6332930665375288,0.4747709449486939,4.272938504538245,0.2373854724743469,0.4747709449486939,124.35392064959444,0.7121564174230408,0.0,4.741213278630729,96.38005125184009,12.818815513614735,"8a7558240417fff,8a7558240597fff,8a75582405b7fff,8a7558240407fff,8a755824040ffff,8a75582404e7fff,8a75582404f7fff,8a75582404affff,8a755824296ffff,8a755824291ffff,8a75582429affff,8a75582429a7fff,8a755824665ffff,8a755824664ffff,8a75582466effff,8a75582466c7fff,8a75582466f7fff,8a75582466affff,8a7558246687fff,8a7558246697fff,8a75582466b7fff,8a755824679ffff,8a7558246797fff,8a75582467b7fff,8a7558246787fff,8a75582467affff,8a755824662ffff,8a7558246297fff",3,3
57680181#1,57680152#2,"57680181#1,39353757#1,39353757#2,39353757#3,39353757#4,39353757#5,39353757#6,39353757#7,39353757#8,39353757#9,39353757#10,39353757#11,39353757#12,39353757#13,39353757#14,39353757#15,39353757#16,39353757#17,39353757#18,174375411#0,174375411#1,57680128,174375407#0,174375407#1,174375407#2,174375407#3,174375407#4,174375402,174375403,563272698,563272697,563271328,1238123691,-22561498,-22561652#6,-22561652#5,-22561652#4,-22561652#3,-22561652#2,-22561652#1,-22561652#0,-174907151#4,-174907151#1,-174907152#2,-174907152#1,-174907152#0,-57680180#3,-57680180#2,-57680180#1,-57680180#0,-563282223,-1116499330#0,1116499332#0,1116499332#1,1116499332#2,1116499331#0,1116499331#1,57680152#1,57680152#2",6.839158413545405,4333.73499498982,32.36277966101695,6.528117783514731,20.016000000000005,0.0496520250046592,0.0,0.0,0.133477579072339,0.0161093984098631,0.1847321624475247,0.0,0.6656808600702732,0.4614956849720106,4.153461164748095,0.2307478424860053,0.4614956849720106,123.44159296521796,0.6922435274580159,0.0,4.877597736662104,82.59464205657976,13.614122706674314,"8a7558240417fff,8a7558240597fff,8a75582405b7fff,8a755824625ffff,8a755824624ffff,8a7558240517fff,8a755824051ffff,8a7558240437fff,8a7558240407fff,8a755824040ffff,8a75582404e7fff,8a75582404f7fff,8a75582404affff,8a755824296ffff,8a755824291ffff,8a75582429affff,8a75582429a7fff,8a755824665ffff,8a75582466effff,8a75582466c7fff,8a75582466f7fff,8a75582466affff,8a7558246687fff,8a7558246697fff,8a75582466b7fff,8a755824679ffff,8a7558246797fff,8a75582467b7fff,8a7558246787fff,8a75582467affff,8a755824662ffff,8a7558246297fff",4,4
79119286#0,-41273141#1,"79119286#0,79119286#1,79119286#2,79119286#3,79119284#4,79119284#5,-79116549#6,-79116549#5,-79116549#4,79119291#2,79119293#0,79119288,41231358#0,-79116549#2,-79116549#1,-79116549#0,79116530#2,79116557#0,79116557#1,23881170,1020078542,1157449878#1,41231515#0,41273130,41273126,1020092139#0,1020092139#1,41231515#5,41231515#6,174897323#0,-41273141#2,-41273141#1",5.43033471127832,3150.920369396889,30.6135,3.538362333057485,20.016000000000005,0.0363156099158722,0.0,0.0,0.0,0.0,0.0,0.0030201534598253,0.9969798465401748,0.0,0.6347351775134882,0.3173675887567441,0.0,100.2092273136325,0.6347351775134882,0.0,5.328849029119222,78.57198736132366,10.15576284021581,"8a755824478ffff,8a75582447affff,8a7558244637fff,8a755824471ffff,8a7558244627fff,8a755824460ffff,8a755824461ffff,8a755824468ffff,8a75582446dffff,8a75582446c7fff,8a7558240d67fff,8a7558240d77fff,8a7558240d27fff,8a7558244687fff,8a75582446b7fff,8a7558244787fff,8a75582447a7fff,8a7558244467fff,8a7558244097fff,8a755824409ffff,8a7558244087fff,8a75582440affff",1,1
79119286#0,-41273141#1,"79119286#0,41231755,-41231756#3,-41231756#2,-41231756#1,-41231756#0,1020092136,-41231515#2,-41231515#1,41273130,41273126,1020092140,41231515#4,41231515#5,41231515#6,-41231513#4,-41231513#3,-41231513#2,41273135,41273137#1,41273137#2,41273137#3,-41273141#1",2.7317326930772303,1644.6616444183285,29.988000000000007,7.265119821590034e-15,0.0,0.0,0.0,0.0,0.0,0.0,0.0,0.0,1.0,0.0,0.0,0.0,0.0,91.75780685880484,0.0,0.0,2.781458297775313,65.37534941288172,13.984639380420688,"8a755824478ffff,8a75582447affff,8a75582447a7fff,8a7558244467fff,8a755824446ffff,8a755824409ffff,8a7558244707fff,8a7558244717fff,8a755824471ffff,8a755824408ffff,8a75582440affff",2,2
79119286#0,-41273141#1,"-79119286#0,-41231753#2,-41231753#1,-41231753#0,1020078542,1157449878#1,-1157449879,1020092137#1,41273126,1020092139#0,1020092139#1,41231515#5,1020078548,-41273134,-41231515#3,-41231515#2,1020092135,41231756#0,41231756#1,41231756#2,41231756#3,-41231755,79119286#1,79119286#2,79119286#3,79119284#4,79119284#5,79119284#1,79119284#2,41231513#0,41231513#1,41273135,41273137#1,41273137#2,41273137#3,-41273141#1",4.436641668906582,2682.0203561786457,31.100000000000005,4.649930653860796,20.016000000000005,0.0505118966799209,0.0,0.0,0.0,0.0,0.0,0.0,1.0,0.0,0.0,0.0,0.0,96.95881463921155,0.0,0.0,4.739946197314882,66.94974468894989,13.422716914532652,"8a75582447affff,8a755824478ffff,8a75582446a7fff,8a7558244687fff,8a75582446b7fff,8a7558244787fff,8a7558244797fff,8a75582447a7fff,8a7558244467fff,8a7558244097fff,8a755824409ffff,8a7558244737fff,8a755824446ffff,8a7558244637fff,8a755824471ffff,8a7558244627fff,8a7558244707fff,8a755824408ffff,8a75582440affff",3,3
79119287#1,-41273141#1,"79119287#1,41231357#0,79119291#0,79119291#1,-79116549#3,-79116549#2,-79116549#1,-79116549#0,79116530#2,79116557#0,79116557#1,23881170,1020078542,1157449878#1,-1157449879,1020092137#1,1020092138,41273128#1,1020092142,1020092140,41231515#4,41231515#5,41231515#6,174897323#0,-41273141#2,-41273141#1",5.181655239489605,2976.280231906067,30.75784615384616,3.925460560925893,20.016000000000005,0.0384465124568299,0.0,0.0,0.0,0.0,0.0,0.0031973679606015,0.9968026320393985,0.0,0.671979734488631,0.3359898672443155,0.0,121.57802081854956,0.671979734488631,0.0,2.5274969554530347,82.79628119541547,8.735736548352204,"8a7558240997fff,8a75582446cffff,8a75582446c7fff,8a75582446e7fff,8a755824461ffff,8a7558240d67fff,8a7558240d77fff,8a7558240d27fff,8a7558244687fff,8a75582446b7fff,8a7558244787fff,8a7558244797fff,8a75582447a7fff,8a75582447b7fff,8a7558244467fff,8a755824446ffff,8a755824409ffff,8a7558244087fff,8a75582440affff",1,1
79119287#1,-41273141#1,"79119287#1,79119287#2,-79116549#4,79119291#2,41231511#0,41231511#1,41231511#2,41231511#3,79119286#2,79119286#3,79119284#4,79119284#5,79119284#1,79119284#2,41231513#0,41231513#1,41231513#2,41231513#3,41231513#4,174897323#0,-41273141#2,-41273141#1",2.5416566626650656,1532.2449120057388,29.988000000000003,3.636318380409584e-15,0.0,0.0,0.0,0.0,0.0,0.0,0.0,0.0,1.0,0.0,0.0,0.0,0.0,101.37766250666114,0.0,0.0,1.301202860062249,74.53295041026081,14.358017982387402,"8a7558240997fff,8a75582446cffff,8a755824460ffff,8a755824461ffff,8a7558244617fff,8a7558244637fff,8a755824471ffff,8a7558244627fff,8a7558244717fff,8a7558244707fff,8a755824409ffff,8a7558244087fff,8a75582440affff",2,2
79119287#1,-41273141#1,"79119287#1,79119287#2,79116549#5,79116549#6,79119284#1,79119284#2,79119284#3,-79119286#3,-79119286#2,-79119286#1,-79119286#0,-41231753#2,-41231753#1,-41231753#0,1020078542,1157449878#1,-1157449879,1020092137#1,-41273130,41231515#1,41231515#2,41231515#3,41273134,-1020078548,41231515#6,174897323#0,-41273141#2,-41273141#1",4.081495175463995,2459.871157399976,30.70285714285715,3.782668445876346,20.016000000000005,0.0465177188922125,0.0,0.0,0.0,0.0,0.0,0.0,1.0,0.0,0.0,0.0,0.0,113.74428727881984,0.0,0.0,2.0889554667886503,73.88622202252567,11.382709991036815,"8a7558240997fff,8a75582446cffff,8a755824460ffff,8a7558244627fff,8a755824471ffff,8a7558244637fff,8a75582447affff,8a755824478ffff,8a75582446a7fff,8a7558244687fff,8a75582446b7fff,8a7558244787fff,8a7558244797fff,8a75582447a7fff,8a755824446ffff,8a7558244737fff,8a755824409ffff,8a7558244087fff,8a75582440affff",3,3
79119287#1,-561133140#1,"79119287#1,79119287#2,-79116549#4,-79116549#3,-79116549#2,-79116549#1,-79116549#0,79116530#2,79116557#0,79116557#1,23881170,41231753#0,41231753#1,41231753#2,79119286#0,79119286#1,79119286#2,79119286#3,79119284#4,79119284#5,79119284#1,-561133140#1",3.8408563425370144,2202.3157156741813,29.988000000000003,3.636318380409584e-15,0.0,0.0,0.0,0.0,0.0,0.0,0.0,0.0043210258127568,0.9956789741872428,0.0,0.9081350079671716,0.4540675039835858,0.0,96.12768729833844,0.9081350079671716,0.0,3.1329573326394544,96.81715437677929,9.989485087638888,"8a7558240997fff,8a75582446cffff,8a755824460ffff,8a755824461ffff,8a75582446c7fff,8a7558240d67fff,8a7558240d77fff,8a7558240d27fff,8a7558244687fff,8a75582446a7fff,8a755824478ffff,8a75582447affff,8a7558244637fff,8a755824471ffff,8a7558244627fff",1,1
79119287#1,-561133140#1,"79119287#1,79119287#2,-79116549#4,79119291#2,41231511#0,41231511#1,41231511#2,41231511#3,79119286#2,79119286#3,79119284#4,79119284#5,79119284#1,-561133140#1",1.616446578631452,991.71009911059,29.988,0.0,0.0,0.0,0.0,0.0,0.0,0.0,0.0,0.0,1.0,0.0,0.0,0.0,0.0,102.08231928948256,0.0,0.0,1.410781117688206,86.24242965900017,14.117028769350869,"8a7558240997fff,8a75582446cffff,8a755824460ffff,8a755824461ffff,8a7558244617fff,8a7558244637fff,8a755824471ffff,8a7558244627fff",2,2
79119287#2,-41273141#1,"79119287#2,-79116549#4,79119291#2,79119293#0,79119288,41231358#0,-79116549#2,-79116549#1,-79116549#0,79116530#2,79116557#0,79116557#1,23881170,1020078542,1157449878#1,-1157449879,1020092137#1,41273126,1020092140,41231515#4,41231515#5,41231515#6,-41231513#4,-41231513#3,-41231513#2,41273135,41273137#1,41273137#2,41273139,41273140#0,41273141#1",6.5462610818265405,3707.577573162235,30.633677419354854,3.594979725367928,20.016000000000005,0.0308631694827619,0.0,0.0,0.0,0.0,0.0,0.0025667063918373,0.9974332936081628,0.0,0.5394357799759204,0.2697178899879602,0.0,112.19598597840952,0.5394357799759204,0.0,3.535909747740471,84.31618441738345,8.361254589626766,"8a75582446cffff,8a755824460ffff,8a755824461ffff,8a755824468ffff,8a75582446dffff,8a75582446c7fff,8a7558240d67fff,8a7558240d77fff,8a7558240d27fff,8a7558244687fff,8a75582446b7fff,8a7558244787fff,8a7558244797fff,8a75582447a7fff,8a7558244467fff,8a755824446ffff,8a755824409ffff,8a7558244707fff,8a7558244717fff,8a755824471ffff,8a755824408ffff,8a75582440affff",1,1
79119287#2,-41273141#1,"79119287#2,-79116549#4,79119291#2,41231511#0,41231511#1,41231511#2,41231511#3,-79119286#1,41231755,-41231756#3,-41231756#2,41273133,-1020078548,41231515#6,-41231513#4,-41231513#3,-41231513#2,41273135,41273137#1,41273137#2,41273139,41273140#0,41273141#1",3.75562224889956,2169.9589427453725,29.988000000000007,7.265119821590034e-15,0.0,0.0,0.0,0.0,0.0,0.0,0.0,0.0,1.0,0.0,0.0,0.0,0.0,112.22768531453433,0.0,0.0,2.069485756249672,75.41309397144477,10.599278883544695,"8a75582446cffff,8a755824460ffff,8a755824461ffff,8a7558244617fff,8a7558244637fff,8a75582447affff,8a7558244737fff,8a755824409ffff,8a7558244707fff,8a7558244717fff,8a755824471ffff,8a755824408ffff,8a75582440affff",2,2
79119287#2,-41273141#1,"79119287#2,-79116549#4,79119291#2,41231511#0,41231511#1,41231511#2,41231511#3,-79119286#1,-79119286#0,-41231753#2,-41231753#1,-41231753#0,1020078542,1157449878#1,-1157449879,1020092137#1,41273126,1020092139#0,1020092139#1,41231515#5,41231515#6,174897323#0,-41273141#2,-41273141#1",3.949962562418776,2338.997577124771,30.822000000000003,4.085748890962343,20.016000000000005,0.0489216389662337,0.0,0.0,0.0,0.0,0.0,0.0,1.0,0.0,0.0,0.0,0.0,115.7060078575808,0.0,0.0,2.225554338876146,80.53095650652192,10.260805840381488,"8a75582446cffff,8a755824460ffff,8a755824461ffff,8a7558244617fff,8a7558244637fff,8a75582447affff,8a755824478ffff,8a75582446a7fff,8a7558244687fff,8a75582446b7fff,8a7558244787fff,8a7558244797fff,8a75582447a7fff,8a7558244467fff,8a7558244097fff,8a755824409ffff,8a7558244087fff,8a75582440affff",3,3
79119287#2,-561133140#1,"79119287#2,-79116549#4,-79116549#3,-79116549#2,-79116549#1,-79116549#0,79116530#2,79116557#0,79116557#1,23881170,41231753#0,41231753#1,41231753#2,79119286#0,79119286#1,79119286#2,79119286#3,79119284#4,79119284#5,79119284#1,-561133140#1",3.5966386554621845,2071.178454768674,29.988000000000003,3.640448215221994e-15,0.0,0.0,0.0,0.0,0.0,0.0,0.0,0.0045946128076786,0.9954053871923212,0.0,0.9656338377773324,0.4828169188886662,0.0,96.509390832545,0.9656338377773324,0.0,3.581834187894988,98.95351117787204,10.139155296661992,"8a75582446cffff,8a755824460ffff,8a755824461ffff,8a75582446c7fff,8a7558240d67fff,8a7558240d77fff,8a7558240d27fff,8a7558244687fff,8a75582446a7fff,8a755824478ffff,8a75582447affff,8a7558244637fff,8a755824471ffff,8a7558244627fff",1,1
79119287#2,-561133140#1,"79119287#2,-79116549#4,79119291#2,41231511#0,41231511#1,41231511#2,41231511#3,-79119286#1,41231755,-41231756#3,-41231756#2,41273133,-1020078548,41231515#6,-41231513#4,-41231513#3,-41231513#2,-41231513#1,-41231513#0,79119284#3,79119284#4,79119284#5,79119284#1,-561133140#1",2.91468587434974,1759.6471236857928,29.988,0.0,0.0,0.0,0.0,0.0,0.0,0.0,0.0,0.0,1.0,0.0,0.0,0.0,0.0,105.37003562740712,0.0,0.0,3.04308120419918,77.57395108041345,13.639098246999152,"8a75582446cffff,8a755824460ffff,8a755824461ffff,8a7558244617fff,8a7558244637fff,8a75582447affff,8a7558244737fff,8a755824409ffff,8a7558244707fff,8a7558244717fff,8a755824471ffff,8a7558244627fff",2,2
79119287#2,-561133140#1,"79119287#2,-79116549#4,79119291#2,41231511#0,41231511#1,41231511#2,41231511#3,-79119286#1,41231755,-41231756#3,-41231756#2,-41231756#1,-41231756#0,1020092136,41231515#3,-1020092140,1020092139#0,1020092139#1,41231515#5,41231515#6,-41231513#4,-41231513#3,-41231513#2,-41231513#1,-41231513#0,79119284#3,79119284#4,79119284#5,79119284#1,-561133140#1",3.2853141256502605,1988.2148978104733,29.98800000000001,1.0840344679840707e-14,0.0,0.0,0.0,0.0,0.0,0.0,0.0,0.0,1.0,0.0,0.0,0.0,0.0,108.4180316384516,0.0,0.0,3.4383594892382545,71.19484355069639,15.08891218602052,"8a75582446cffff,8a755824460ffff,8a755824461ffff,8a7558244617fff,8a7558244637fff,8a75582447affff,8a75582447a7fff,8a755824446ffff,8a7558244467fff,8a7558244097fff,8a755824409ffff,8a7558244707fff,8a7558244717fff,8a755824471ffff,8a7558244627fff",3,3
79119287#2,-561134628#0,"79119287#2,79116549#5,79116549#6,79119284#1,79119284#2,79119284#3,-79119286#3,-79119286#2,-41231511#3,-41231511#2,-41231511#1,-41231511#0,79119293#0,79119293#1,-41231508#3,41231509,41231360,41231359#1,-41231508#1,-79116549#0,79116530#2,79116530#3,79116530#0,-561134628#1,-561134628#0",2.8876750700280107,1729.006209830628,29.988000000000003,3.625973214694716e-15,0.0,0.0,0.0,0.0,0.0,0.0,0.0,0.0166847061205824,0.9833152938794174,0.0,1.156733844348609,0.5783669221743045,0.0,91.64473141672018,1.156733844348609,0.0,5.736861335075175,78.1807278383271,14.459173054357612,"8a75582446cffff,8a755824460ffff,8a7558244627fff,8a755824471ffff,8a7558244637fff,8a7558244617fff,8a755824461ffff,8a755824468ffff,8a75582446d7fff,8a7558240d27fff,8a7558240d77fff,8a7558240d67fff,8a7558240d57fff,8a7558240d47fff",0,0
79119287#2,-561134628#0,"79119287#2,-79116549#4,79119291#2,79119293#0,79119288,41231358#0,-79116549#2,-79116549#1,-79116549#0,79116530#2,79116557#0,79116557#1,79116557#2,79116557#3,79116557#4,1020078540,-41231514#8,-41231514#7,-41231514#6,41231719,1020092132,-41231514#4,1162803895,-41231514#2,-41231514#1,-41231514#0,870315480,979842178#1,979842178#2,979842178#3,41231717,979842178#5,79116530#0,-561134628#1,-561134628#0",4.543627587824186,2681.320020901025,30.55988571428572,3.3833215125291987,20.016000000000005,0.0198122675538101,0.0,0.0,0.0,0.0,0.0,0.0070561952338436,0.9929438047661566,0.0,1.4918025333864655,0.7459012666932328,0.0,104.51752377657635,1.4918025333864655,0.0,8.896648876915771,76.00113350943295,13.053272167131572,"8a75582446cffff,8a755824460ffff,8a755824461ffff,8a755824468ffff,8a75582446dffff,8a75582446c7fff,8a7558240d67fff,8a7558240d77fff,8a7558240d27fff,8a755824469ffff,8a7558246a6ffff,8a7558246a4ffff,8a7558246a5ffff,8a7558240da7fff,8a7558240daffff,8a7558240d1ffff,8a7558240c27fff,8a7558240d57fff,8a7558240d47fff",1,1
79119287#2,-561134628#0,"79119287#2,-79116549#4,79119291#2,79119293#0,79119293#1,-41231508#3,41231509,41231360,41231359#1,79119292,41231358#0,-79116549#2,-79116549#1,-79116549#0,79116530#2,79116530#3,79116530#0,-561134628#1,-561134628#0",2.992096838735494,1735.6166707341476,29.988,3.650066325022873e-15,0.0,0.0,0.0,0.0,0.0,0.0,0.0,0.0166211589103276,0.9833788410896724,0.0,1.152328180366014,0.5761640901830071,0.0,92.55101602711434,1.152328180366014,0.0,5.758794915966213,87.21124817411592,10.947117713477136,"8a75582446cffff,8a755824460ffff,8a755824461ffff,8a755824468ffff,8a75582446d7fff,8a7558240d27fff,8a7558240d77fff,8a75582446dffff,8a75582446c7fff,8a7558240d67fff,8a7558240d57fff,8a7558240d47fff",2,2
79119287#2,-561134628#0,"79119287#2,79116549#5,79116549#6,79119284#1,79119284#2,79119284#3,-79119286#3,-79119286#2,-79119286#1,41231755,-41231756#3,-41231756#2,41273133,-41273134,-41231515#3,-41231515#2,-41231515#1,-41231515#0,-1157449878#1,-1157449878#0,1020078539,1020078540,1020078536,-79116557#3,-79116557#2,-79116557#1,-79116557#0,79116530#3,79116530#0,-561134628#1,-561134628#0",4.496267909611649,2613.287326256314,30.633677419354854,3.594979725367928,20.016000000000005,0.0122522773474552,0.0,0.0,0.0,0.0,0.0,0.0073974634331968,0.9926025365668032,0.0,0.7653195957082592,0.3826597978541296,0.0,102.7113171045926,0.7653195957082592,0.0,8.67091565906547,91.1833281568693,11.862453733478018,"8a75582446cffff,8a755824460ffff,8a7558244627fff,8a755824471ffff,8a7558244637fff,8a75582447affff,8a7558244737fff,8a755824446ffff,8a75582447a7fff,8a7558244787fff,8a75582446b7fff,8a755824469ffff,8a7558240d27fff,8a7558240d77fff,8a7558240d57fff,8a7558240d47fff",3,3
79119287#2,-561134628#0,"79119287#2,79116549#5,79116549#6,79119284#1,79119284#2,41231513#0,41231513#1,41231513#2,41231513#3,41231513#4,-41231515#6,1020078548,-41273134,-41231515#3,-41231515#2,-41231515#1,41273130,-1020092137#1,1157449879,-1157449878#1,-1157449878#0,1020078539,1020078540,1020078536,-79116557#3,-79116557#2,-79116557#1,-79116557#0,79116530#3,79116530#0,-561134628#1,-561134628#0",4.860673671916571,2828.583274257283,30.6135,3.538362333057485,20.016000000000005,0.0113197024819039,0.0,0.0,0.0,0.0,0.0,0.0068344098660111,0.9931655901339888,0.0,0.7070677459637993,0.3535338729818996,0.0,104.60613349363724,0.7070677459637993,0.0,9.385269946900044,84.98217187271887,11.313083935420789,"8a75582446cffff,8a755824460ffff,8a7558244627fff,8a755824471ffff,8a7558244717fff,8a7558244707fff,8a755824409ffff,8a7558244737fff,8a755824446ffff,8a75582447a7fff,8a7558244797fff,8a7558244787fff,8a75582446b7fff,8a755824469ffff,8a7558240d27fff,8a7558240d77fff,8a7558240d57fff,8a7558240d47fff",4,4
79119287#2,1116499317#2,"79119287#2,-79116549#4,79119291#2,79119293#0,79119293#1,-41231508#3,41231509,41231360,41231359#1,-41231508#1,-79116549#0,79116530#2,79116530#3,79116530#0,-561134628#1,-561134628#0,-1034110351#0,-23881168#1,-23881168#0,1259750653,145622122#0,145622122#1,145622122#2,563298888,979838980#0,979838980#1,979838980#2,979838980#3,979838980#4,979838980#5,979838980#6,57680170#0,57680170#1,57680132#0,57680132#1,174375406,1238123693,1238123694,563272697,563271328,1238123691,-22561498,-22561652#6,-22561652#5,-22561652#4,-22561652#3,-22561652#2,-22561652#1,-22561652#0,-174907151#4,-174907151#1,1116499317#0,1116499317#1,1116499317#2",4.642310218001465,3735.9189110433695,43.32466666666665,16.01923558348667,39.99600000000001,0.5407637038783842,0.0,0.0,0.1170695558492343,0.4703528211388947,0.0,0.0201645837415281,0.3924130392703425,0.5353435252804881,5.085763490164637,0.5353435252804881,0.5353435252804881,80.56471121107337,1.0706870505609762,0.0,1.790717103139695,74.93652690735709,14.454275182573175,"8a75582446cffff,8a755824460ffff,8a755824461ffff,8a755824468ffff,8a75582446d7fff,8a7558240d27fff,8a7558240d77fff,8a7558240d67fff,8a7558240d57fff,8a7558240d47fff,8a7558240c67fff,8a7558240c07fff,8a7558240c37fff,8a7558240c17fff,8a7558240cb7fff,8a755824634ffff,8a7558246277fff,8a75582462e7fff,8a75582462c7fff,8a75582462d7fff,8a7558242927fff,8a7558242937fff,8a755824664ffff,8a755824665ffff,8a75582466effff,8a75582466c7fff,8a75582466f7fff,8a75582466affff,8a7558246687fff,8a75582466a7fff",0,0
79119287#2,1116499317#2,"79119287#2,79116549#5,79116549#6,79119284#1,-561133140#1,-561133140#0,-227385933,-23030922#0,-154901400#5,-154901400#4,-154901400#3,-154901400#2,-154901400#1,-154901400#0,-227218424,-227218423,-57680175,-57680125#0,-125835961,-125835958,-55682704#2,-55682704#1,-55682704#0,-849128758#0,-55682703,55682343#1,55682342#1,55682342#2,1116499323#0,1116499323#1,1264978470#0,1264978470#1,57680111,57680112#1,57680087#0,57680087#1,57680087#2,1116499328#0,1116499328#1,1116499329,1116499330#0,1116499330#1,57680180#0,57680180#1,57680180#2,57680180#3,174907152#0,174907152#1,174907152#2,1116499317#0,1116499317#1,1116499317#2",11.220034732885164,8959.05469451913,39.60623076923078,16.327448039271573,50.004000000000005,0.6430247887608661,0.0,0.0,0.2071212590322532,0.0,0.2070555388844301,0.3467147638124323,0.2391084382708843,0.4464756758820855,5.469327029555548,0.4464756758820855,0.0,92.27151700575538,0.7813324327936497,0.4464756758820855,4.29429354636577,264.7176019156461,5.804183786467112,"8a75582446cffff,8a755824460ffff,8a7558244627fff,8a755824471ffff,8a7558244767fff,8a75582440c7fff,8a7558244c27fff,8a7558244c87fff,8a7558271257fff,8a75582712e7fff,8a7558246d27fff,8a7558273a0ffff,8a7558273aaffff,8a7558273a87fff,8a7558273337fff,8a755827305ffff,8a75582733b7fff,8a75582730d7fff,8a7558273767fff,8a7558273667fff,8a7558255937fff,8a755825595ffff,8a7558255867fff,8a7558255b07fff,8a755824648ffff,8a75582464f7fff,8a75582464c7fff,8a75582464cffff,8a7558246797fff,8a755824679ffff,8a75582466b7fff,8a7558246697fff,8a7558246687fff,8a75582466a7fff",1,1
79119287#2,1116499317#2,"79119287#2,-79116549#4,-79116549#3,-79116549#2,-79116549#1,-79116549#0,79116530#2,79116557#0,79116557#1,79116557#2,79116557#3,79116557#4,1020078540,-41231514#8,-41231514#7,-41231514#6,-41231514#5,-41231514#4,1162803895,-41231514#2,-41231514#1,-41231514#0,870315480,-979842178#0,-226068307,213840997,1157449881,979838980#0,979838980#1,979838980#2,979838980#3,979838980#4,979838980#5,979838980#6,57680170#0,57680170#1,57680132#0,57680132#1,174375406,1238123693,1238123694,563272697,563271328,1238123691,-22561498,-22561652#6,-22561652#5,-22561652#4,-22561652#3,-22561652#2,-22561652#1,-22561652#0,-174907151#4,-174907151#1,1116499317#0,1116499317#1,1116499317#2",5.680935572617623,4017.425728105469,39.11368421052632,14.179078389300376,39.99600000000001,0.3628467335993729,0.0,0.0,0.1088663231643247,0.3346656553832311,0.0,0.0139396608890847,0.5425283605633592,0.4978312320768545,4.729396704730117,0.4978312320768545,0.4978312320768545,97.9664994516568,0.7467468481152817,0.0,1.9256501902774807,70.67293951141698,14.188190114190352,"8a75582446cffff,8a755824460ffff,8a755824461ffff,8a75582446c7fff,8a7558240d67fff,8a7558240d77fff,8a7558240d27fff,8a755824469ffff,8a7558246a6ffff,8a7558246a4ffff,8a7558246a5ffff,8a7558240da7fff,8a7558240daffff,8a7558240d1ffff,8a7558240c27fff,8a7558240c37fff,8a7558240c17fff,8a7558240cb7fff,8a755824634ffff,8a7558246277fff,8a75582462e7fff,8a75582462c7fff,8a75582462d7fff,8a7558242927fff,8a7558242937fff,8a755824664ffff,8a755824665ffff,8a75582466effff,8a75582466c7fff,8a75582466f7fff,8a75582466affff,8a7558246687fff,8a75582466a7fff",2,2
79119287#2,1116499317#2,"79119287#2,79116549#5,79116549#6,79119284#1,-561133140#1,-561133140#0,-227385933,-23030922#0,-154901400#5,-154901400#4,-154901400#3,-154901400#2,-227218688,-57680127,-57680164,-57680125#1,-57680125#0,-57680135,-57680114#3,-57680114#2,-57680114#1,-57680114#0,-1264978471,-57680145#1,-57680145#0,-1116499324#2,-1116499324#1,-1116499324#0,-57680112#1,-57680112#0,1116499322,1116499321#0,22561654#0,22561654#3,22561654#4,22561654#5,22561499#0,22561499#1,22561499#2,174907152#0,174907152#1,174907152#2,1116499317#0,1116499317#1,1116499317#2",10.239320925110013,7905.782152425233,41.3248,18.417127415928512,50.004000000000005,0.5665000463498796,0.0,0.0,0.0864008309078128,0.0,0.2346411603435952,0.3296089838009068,0.349349024947685,0.2529793967806798,4.174160046881218,0.5059587935613596,0.1264896983903399,86.84148054776509,0.6324484919516996,0.5059587935613596,3.789434313522247,288.9990780064527,5.692036427565296,"8a75582446cffff,8a755824460ffff,8a7558244627fff,8a755824471ffff,8a7558244767fff,8a75582440c7fff,8a7558244c27fff,8a7558244c87fff,8a7558271257fff,8a75582712e7fff,8a7558246d27fff,8a7558246d37fff,8a7558273327fff,8a7558273337fff,8a75582733affff,8a755827338ffff,8a75582732f7fff,8a7558255967fff,8a75582464affff,8a75582464f7fff,8a755824648ffff,8a7558255b07fff,8a7558255b2ffff,8a7558255b77fff,8a7558255b47fff,8a7558255b5ffff,8a7558255b4ffff,8a7558246697fff,8a7558246687fff,8a75582466a7fff",3,3
79119287#2,1116499317#2,"79119287#2,79116549#5,79116549#6,79119284#1,-561133140#1,-561133140#0,-227385933,-23030922#0,-154901400#5,-154901400#4,-154901400#3,-154901400#2,-227218688,-57680127,-57680164,-57680125#1,-57680125#0,-125835961,-125835958,-55682704#2,-55682704#1,-55682704#0,-849128758#0,-55682703,55682343#1,55682342#1,55682342#2,1116499323#0,1116499323#1,1264978470#0,1264978470#1,1116499322,1116499321#0,22561654#0,22561654#3,22561654#4,22561654#5,22561499#0,22561499#1,22561499#2,174907152#0,174907152#1,174907152#2,1116499317#0,1116499317#1,1116499317#2",10.816834627988795,8442.576477863237,39.55539130434784,16.992725721422044,50.004000000000005,0.5996139833106354,0.0,0.0,0.2839870924986183,0.0,0.2197222497815308,0.2913855763259327,0.2049050813939181,0.236894507884421,3.671864872208526,0.3553417618266316,0.1184472539422105,93.30784182001427,0.5922362697110526,0.3553417618266316,4.046732933304578,286.3721935592851,5.448573681341684,"8a75582446cffff,8a755824460ffff,8a7558244627fff,8a755824471ffff,8a7558244767fff,8a75582440c7fff,8a7558244c27fff,8a7558244c87fff,8a7558271257fff,8a75582712e7fff,8a7558246d27fff,8a7558246d37fff,8a7558273327fff,8a7558273337fff,8a755827305ffff,8a75582733b7fff,8a75582730d7fff,8a7558273767fff,8a7558273667fff,8a7558255937fff,8a755825595ffff,8a7558255867fff,8a7558255b07fff,8a7558255b2ffff,8a7558255b77fff,8a7558255b47fff,8a7558255b5ffff,8a7558255b4ffff,8a7558246697fff,8a7558246687fff,8a75582466a7fff",4,4
79119287#2,79119290,"79119287#2,79116549#5,79116549#6,79119284#1,79119284#2,79119284#3,-79119286#3,-79119286#2,-79119286#1,-79119286#0,-41231753#2,-41231753#1,-41231753#0,1020078542,-1157449878#0,1020078539,-79116557#4,-79116557#3,-79116557#2,-79116557#1,-79116557#0,79116530#3,79116530#0,79116530#1,79116549#0,-41231508#0,79119287#0,79119290",3.507125427564834,2150.789832280241,30.70285714285715,3.782668445876346,20.016000000000005,0.053202592505135,0.0,0.0,0.0,0.0,0.0,0.0133380408046691,0.9866619591953308,0.0,0.9298909498189436,0.4649454749094718,0.0,101.58330696658471,0.9298909498189436,0.0,18.68151020489027,82.6074104114896,13.018473297465212,"8a75582446cffff,8a755824460ffff,8a7558244627fff,8a755824471ffff,8a7558244637fff,8a75582447affff,8a755824478ffff,8a75582446a7fff,8a7558244687fff,8a75582446b7fff,8a755824469ffff,8a7558240d27fff,8a7558240d77fff,8a7558240d57fff,8a7558240d67fff,8a7558240d47fff,8a7558240997fff",0,0
79119287#2,79119290,"79119287#2,79116549#5,79116549#6,79119284#1,79119284#2,41231513#0,41231513#1,41273135,41273136,41231513#3,41231513#4,-41231515#6,1020078548,-41273134,41231515#4,-1020092139#1,-1020092139#0,-1020092142,-1020092143,41273131,-1020092138,-1020092137#1,1157449879,-1157449878#1,-1157449878#0,1020078539,1020078540,1020078536,-79116557#3,-79116557#2,-79116557#1,-79116557#0,79116530#3,79116530#0,79116530#1,79116549#0,-41231508#0,79119287#0,79119290",6.507792519455587,3757.827311728721,30.50123076923078,3.205125126562624,20.016000000000005,0.008520540848151,0.0,0.0,0.0,0.0,0.0,0.0076340183210878,0.992365981678912,0.0,0.5322224344257949,0.2661112172128974,0.0,108.5656047233094,0.5322224344257949,0.0,32.64005074724027,86.07248563356809,10.378337471303,"8a75582446cffff,8a755824460ffff,8a7558244627fff,8a755824471ffff,8a7558244707fff,8a7558244717fff,8a755824409ffff,8a7558244737fff,8a755824446ffff,8a7558244097fff,8a7558244467fff,8a7558244477fff,8a75582447b7fff,8a75582447a7fff,8a7558244797fff,8a7558244787fff,8a75582446b7fff,8a755824469ffff,8a7558240d27fff,8a7558240d77fff,8a7558240d57fff,8a7558240d67fff,8a7558240d47fff,8a7558240997fff",1,1
79119287#2,79119290,"79119287#2,-79116549#4,79119291#2,79119293#0,79119293#1,-41231508#3,41231509,41231360,41231359#1,79119292,41231358#0,-79116549#2,-79116549#1,-41231508#0,79119287#0,79119290",3.0488595438175268,1767.304682328787,29.988,0.0,0.0,0.0,0.0,0.0,0.0,0.0,0.0,0.0,1.0,0.0,0.0,0.0,0.0,102.98287305964683,0.0,0.0,15.350602816953302,84.92316582039628,9.053334243938464,"8a75582446cffff,8a755824460ffff,8a755824461ffff,8a755824468ffff,8a75582446d7fff,8a7558240d27fff,8a7558240d77fff,8a75582446dffff,8a75582446c7fff,8a7558240d67fff,8a7558240d47fff,8a7558240997fff",2,2
79119287#2,79119290,"79119287#2,79116549#5,79116549#6,79119284#1,79119284#2,41231513#0,41231513#1,41231513#2,41231513#3,41231513#4,-41231515#6,-41231515#5,-41231515#4,-41231515#3,-41231515#2,1020092135,41231756#0,41231756#1,41231756#2,41231756#3,-41231755,79119286#1,-41231511#3,-41231511#2,-41231511#1,-41231511#0,79119293#0,79119288,41231358#0,-79116549#2,-79116549#1,-41231508#0,79119287#0,79119290",4.697983628296532,2755.0392159282287,30.576705882352947,3.432715680212457,20.016000000000005,0.0076392161650796,0.0,0.0,0.0,0.0,0.0,0.0,1.0,0.0,0.0,0.0,0.0,103.44702713475058,0.0,0.0,23.92995003731724,73.14379451162944,12.34102215439598,"8a75582446cffff,8a755824460ffff,8a7558244627fff,8a755824471ffff,8a7558244717fff,8a7558244707fff,8a755824409ffff,8a755824446ffff,8a75582447a7fff,8a75582447affff,8a7558244637fff,8a7558244617fff,8a755824461ffff,8a755824468ffff,8a75582446dffff,8a75582446c7fff,8a7558240d67fff,8a7558240d47fff,8a7558240997fff",3,3
79119288,-561133140#1,"79119288,41231358#0,-79116549#2,-79116549#1,-79116549#0,79116530#2,79116557#0,79116557#1,23881170,41231753#0,41231753#1,41231753#2,79119286#0,79119286#1,79119286#2,79119286#3,79119284#4,79119284#5,79119284#1,-561133140#1",2.7483393357342933,1641.8327365666703,29.988,0.0,0.0,0.0,0.0,0.0,0.0,0.0,0.0,0.005796122128231,0.9942038778717688,0.0,1.2181508843478863,0.6090754421739433,0.0,90.2097242270966,1.2181508843478863,0.0,3.8682289749370367,79.88767354105504,12.181508843478865,"8a755824468ffff,8a75582446dffff,8a75582446c7fff,8a7558240d67fff,8a7558240d77fff,8a7558240d27fff,8a7558244687fff,8a75582446a7fff,8a755824478ffff,8a75582447affff,8a7558244637fff,8a755824471ffff,8a7558244627fff",0,0
79119288,-561133140#1,"79119288,41231358#0,41231358#1,41231357#1,79119291#1,79116549#4,79116549#5,79116549#6,79119284#1,-561133140#1",1.505042016806723,909.8376896764598,29.988,0.0,0.0,0.0,0.0,0.0,0.0,0.0,0.0,0.0,1.0,0.0,0.0,0.0,0.0,103.1322992892367,0.0,0.0,2.143616968593279,56.59133081676519,10.990971371559713,"8a755824468ffff,8a75582446dffff,8a75582446c7fff,8a75582446e7fff,8a755824461ffff,8a755824460ffff,8a7558244627fff,8a755824471ffff",2,2
79119288,-561133140#1,"79119288,41231358#0,41231358#1,79119291#0,79119291#1,79119291#2,79119293#0,79119293#1,-41231508#3,41231509,41231360,41231359#1,-41231508#1,-41231508#0,79119287#0,79119287#1,79119287#2,79116549#5,79116549#6,79119284#1,-561133140#1",3.600840336134453,2100.8991832330985,29.988000000000003,3.640448215221994e-15,0.0,0.0,0.0,0.0,0.0,0.0,0.0,0.0,1.0,0.0,0.0,0.0,0.0,107.35718469942977,0.0,0.0,4.949809388621495,77.38493788394479,9.995720007698251,"8a755824468ffff,8a75582446dffff,8a75582446c7fff,8a75582446e7fff,8a755824461ffff,8a75582446d7fff,8a7558240d27fff,8a7558240d77fff,8a7558240d67fff,8a7558240d47fff,8a7558240997fff,8a75582446cffff,8a755824460ffff,8a7558244627fff,8a755824471ffff",3,3
79119288,-561133140#1,"79119288,41231358#0,79116549#3,79119291#2,79119293#0,79119293#1,79119293#2,-41231509,-41231508#2,-41231508#1,-41231508#0,79119287#0,79119287#1,79119287#2,79116549#5,79116549#6,79119284#1,-561133140#1",3.5438175270108045,2040.0171130514857,29.988,0.0,0.0,0.0,0.0,0.0,0.0,0.0,0.0,0.0,1.0,0.0,0.0,0.0,0.0,96.90414448556922,0.0,0.0,4.806368596703102,86.83531986302684,8.823455393996843,"8a755824468ffff,8a75582446dffff,8a75582446c7fff,8a755824461ffff,8a75582446d7fff,8a7558240d27fff,8a7558240d77fff,8a7558240d67fff,8a7558240d47fff,8a7558240997fff,8a75582446cffff,8a755824460ffff,8a7558244627fff,8a755824471ffff",4,4
79119289#0,-174375407#2,"79119289#0,79119289#1,79119289#2,1020078536,-79116557#3,-79116557#2,-79116557#1,-79116557#0,79116530#3,79116530#0,-561134628#1,-561134628#0,-1034110351#0,-23881168#1,-23881168#0,1259750653,145622122#0,145622122#1,145622122#2,563298888,979838980#0,979838980#1,979838980#2,979838980#3,979838980#4,979838980#5,979838980#6,57680170#0,57680170#1,57680132#0,57680132#1,174375408#0,174375408#1,-174375409,57680120#0,57680120#1,1238123694,563272697,563271328,174375401,1238123690,174375405,561133138,-174375407#4,-174375407#3,-174375407#2",3.575947272535302,3170.642827662967,47.819739130434776,15.33477000578864,39.99600000000001,0.6493837057435097,0.0,0.0,0.0099340727034331,0.5450728950396546,0.117687685060275,0.0060970908699505,0.3212082563266867,0.630786912530974,9.146410231699123,1.261573825061948,0.0,91.5828827773132,2.207754193858409,0.315393456265487,2.314813551957663,74.3865327132685,14.5080989882124,"8a7558240d07fff,8a7558240d37fff,8a755824469ffff,8a7558240d27fff,8a7558240d77fff,8a7558240d57fff,8a7558240d47fff,8a7558240c67fff,8a7558240c07fff,8a7558240c37fff,8a7558240c17fff,8a7558240cb7fff,8a755824634ffff,8a7558246277fff,8a75582462e7fff,8a75582462c7fff,8a75582462d7fff,8a7558242927fff,8a7558242937fff,8a755824664ffff,8a7558246647fff,8a755824665ffff,8a75582429a7fff,8a75582429affff,8a755824291ffff",1,1
79119289#0,-174375407#2,"79119289#0,79119289#1,79119289#2,1020078536,-79116557#3,-79116557#2,-79116557#1,-79116557#0,79116530#3,-979842178#5,-979842178#4,-979842178#3,870315481#0,870315481#1,870315479#1,870315480,-979842178#0,-226068307,213840997,1157449881,979838980#0,979838980#1,979838980#2,979838980#3,979838980#4,979838980#5,979838980#6,57680170#0,57680170#1,57680132#0,57680132#1,174375406,1238123693,1238123694,563272697,561133136,561133138,-174375407#4,-174375407#3,-174375407#2",3.367017449572866,2743.0243850245142,41.9913,15.55881664177285,39.99600000000001,0.5009152958013303,0.0,0.0,0.0,0.474812375045473,0.1504645178649142,0.0036193783015553,0.3711037287880574,0.0,4.0101721516054605,0.7291222093828109,0.0,83.32874014668391,1.0936833140742164,0.3645611046914054,2.002619142215166,66.72358807168865,14.582444187656218,"8a7558240d07fff,8a7558240d37fff,8a755824469ffff,8a7558240d27fff,8a7558240d77fff,8a7558240d57fff,8a7558240c27fff,8a7558240c37fff,8a7558240c17fff,8a7558240cb7fff,8a755824634ffff,8a7558246277fff,8a75582462e7fff,8a75582462c7fff,8a75582462d7fff,8a7558242927fff,8a7558242937fff,8a755824664ffff,8a755824665ffff,8a75582429a7fff,8a75582429affff,8a755824291ffff",2,2
79119289#0,-174375407#2,"79119289#0,79119289#1,79119289#2,-41231514#8,-41231514#7,-41231514#6,-41231514#5,-41231514#4,1162803895,-41231514#2,-41231514#1,-41231514#0,870315480,979842178#1,979842178#2,979842178#3,979842178#4,979842178#5,79116530#0,-561134628#1,-561134628#0,-1034110351#0,-23881168#1,-23881168#0,1259750653,145622122#0,145622122#1,145622122#2,563298888,979838980#0,979838980#1,979838980#2,979838980#3,979838980#4,979838980#5,979838980#6,57680170#0,57680170#1,57680132#0,57680132#1,174375408#0,174375408#1,-174375409,57680120#0,57680120#1,1238123694,563272697,561133136,561133138,-174375407#4,-174375407#3,-174375407#2",4.063879003903154,3479.1165409386617,44.607461538461536,15.89970660533542,39.99600000000001,0.5812783260913406,0.0,0.0,0.0,0.4778263552276244,0.1186300708032801,0.0027028857429668,0.4008406882261289,0.0,7.760590851813038,0.8622878724236709,0.0,91.18909436326462,1.4371464540394516,0.2874292908078903,2.5400231295497258,67.10700813252063,14.946323122010297,"8a7558240d07fff,8a7558240d37fff,8a755824469ffff,8a7558246a6ffff,8a7558246a4ffff,8a7558246a5ffff,8a7558240da7fff,8a7558240daffff,8a7558240d1ffff,8a7558240c27fff,8a7558240d57fff,8a7558240d47fff,8a7558240c67fff,8a7558240c07fff,8a7558240c37fff,8a7558240c17fff,8a7558240cb7fff,8a755824634ffff,8a7558246277fff,8a75582462e7fff,8a75582462c7fff,8a75582462d7fff,8a7558242927fff,8a7558242937fff,8a755824664ffff,8a7558246647fff,8a755824665ffff,8a75582429a7fff,8a75582429affff,8a755824291ffff",3,3
79119291#2,57680147,"79119291#2,41231511#0,41231511#1,41231511#2,41231511#3,79119286#2,79119286#3,79119284#4,79119284#5,-79116549#6,-79116549#5,-79116549#4,-79116549#3,-79116549#2,-79116549#1,-79116549#0,79116530#2,79116530#3,-979842178#5,-979842178#4,-979842178#3,-979842178#2,-979842178#1,-979842178#0,-226068307,213840997,1157449881,979838980#0,979838980#1,979838980#2,979838980#3,979838980#4,979838980#5,979838980#6,57680170#0,57680170#1,57680132#0,57680132#1,174375406,1238123693,1238123694,563272697,563271328,174375401,1238123690,174375405,561133138,-174375407#4,-174375407#3,-174375407#2,-174375407#1,-174375407#0,-563297843,-174907149,-39353757#19,174375411#0,174375411#1,39353757#0,39353757#1,39353757#2,1123308755,-39389916#1,57680147",7.710589651671848,5118.590012307992,38.24457142857141,13.743427733347724,39.99600000000001,0.2734614816002274,0.0,0.0,0.0061535298374914,0.267307951762736,0.2320066287245776,0.0037987621490113,0.4907331275261836,0.3907326031565072,3.907326031565072,0.7814652063130144,0.0,95.384408472545,1.1721978094695216,0.3907326031565072,3.4609778936098423,91.4657950296947,12.308076999429977,"8a755824461ffff,8a7558244617fff,8a7558244637fff,8a755824471ffff,8a7558244627fff,8a755824460ffff,8a75582446c7fff,8a7558240d67fff,8a7558240d77fff,8a7558240d57fff,8a7558240c27fff,8a7558240c37fff,8a7558240c17fff,8a7558240cb7fff,8a755824634ffff,8a7558246277fff,8a75582462e7fff,8a75582462c7fff,8a75582462d7fff,8a7558242927fff,8a7558242937fff,8a755824664ffff,8a755824665ffff,8a75582429a7fff,8a75582429affff,8a755824291ffff,8a755824296ffff,8a75582404f7fff,8a75582404affff,8a7558240597fff,8a7558240417fff,8a7558240407fff",0,0
79119291#2,57680147,"79119291#2,79119293#0,79119293#1,-41231508#3,41231509,41231360,41231359#1,-41231508#1,-79116549#0,79116530#2,79116530#3,-979842178#5,-979842178#4,-979842178#3,870315481#0,870315481#1,870315479#1,870315480,-979842178#0,-226068307,213840997,1157449881,979838980#0,979838980#1,979838980#2,979838980#3,979838980#4,979838980#5,979838980#6,57680170#0,57680170#1,57680132#0,57680132#1,174375406,1238123693,1238123694,563272697,561133136,561133138,-174375407#4,-174375407#3,-174375407#2,-174375407#1,-174375407#0,-563297843,-174907149,-39353757#19,-39353757#18,-39353757#17,-39353757#16,-57680150#1,-57680150#0,-39353757#4,-39353757#3,1123308755,-39389916#1,57680147",7.1909176071881085,4819.838509808946,38.060210526315785,14.072116043967494,39.99600000000001,0.2784334262182844,0.0,0.0,0.0,0.2702210707704322,0.2545996172123433,0.0040342235441066,0.4711450884731177,0.0,3.7345649575951256,0.622427492932521,0.0,82.55040474719209,0.829903323910028,0.414951661955014,3.258974540470468,98.61114263186136,11.826122365717898,"8a755824461ffff,8a755824468ffff,8a75582446d7fff,8a7558240d27fff,8a7558240d77fff,8a7558240d67fff,8a7558240d57fff,8a7558240c27fff,8a7558240c37fff,8a7558240c17fff,8a7558240cb7fff,8a755824634ffff,8a7558246277fff,8a75582462e7fff,8a75582462c7fff,8a75582462d7fff,8a7558242927fff,8a7558242937fff,8a755824664ffff,8a755824665ffff,8a75582429a7fff,8a75582429affff,8a755824291ffff,8a755824296ffff,8a75582404f7fff,8a75582404e7fff,8a755824040ffff,8a7558240407fff,8a75582405b7fff,8a7558240597fff,8a7558240417fff",3,3
79119291#2,57680147,"79119291#2,79119293#0,79119293#1,79119293#2,41231360,41231359#1,-41231508#1,79116549#1,79116549#2,41231358#1,79119291#0,79119291#1,79116549#4,79116549#5,79116549#6,79119284#1,79119284#2,79119284#3,-79119286#3,-79119286#2,-79119286#1,41231755,-41231756#3,-41231756#2,-41231756#1,-41231756#0,1020092136,-41231515#2,-41231515#1,-41231515#0,-1157449878#1,-1157449878#0,1020078539,-79116557#4,-79116557#3,-79116557#2,-79116557#1,-79116557#0,79116530#3,-979842178#5,-979842178#4,-979842178#3,870315481#0,870315481#1,870315479#1,870315480,-979842178#0,-226068307,213840997,1157449881,979838980#0,979838980#1,979838980#2,979838980#3,979838980#4,979838980#5,979838980#6,57680170#0,57680170#1,57680132#0,57680132#1,174375406,1238123693,1238123694,563272697,561133136,561133138,-174375407#4,-174375407#3,-174375407#2,-174375407#1,-174375407#0,-563297843,-174907149,-39353757#19,-39353757#18,-39353757#17,39389916#0,57680147",9.445639495943611,6160.882475546398,35.81225316455695,12.467234156974415,39.99600000000001,0.217826610949256,0.0,0.0,0.0,0.2114018451464825,0.1991807252440466,0.0016114644256242,0.5878059651838465,0.0,2.9216593680280534,0.4869432280046755,0.0,101.15606996567476,0.6492576373395674,0.3246288186697837,4.165732750957306,82.64475911630181,12.822838337456457,"8a755824461ffff,8a755824468ffff,8a75582446d7fff,8a7558240d27fff,8a7558240d77fff,8a7558240d67fff,8a75582446c7fff,8a75582446e7fff,8a755824460ffff,8a7558244627fff,8a755824471ffff,8a7558244637fff,8a75582447affff,8a75582447a7fff,8a7558244787fff,8a75582446b7fff,8a755824469ffff,8a7558240d57fff,8a7558240c27fff,8a7558240c37fff,8a7558240c17fff,8a7558240cb7fff,8a755824634ffff,8a7558246277fff,8a75582462e7fff,8a75582462c7fff,8a75582462d7fff,8a7558242927fff,8a7558242937fff,8a755824664ffff,8a755824665ffff,8a75582429a7fff,8a75582429affff,8a755824291ffff,8a755824296ffff,8a75582404f7fff,8a75582404e7fff,8a755824040ffff,8a7558240417fff,8a7558240407fff",4,4
79119293#1,23881170,"79119293#1,-41231508#3,-41231508#2,-41231508#1,-79116549#0,79116530#2,79116530#3,-979842178#5,-979842178#4,-979842178#3,870315481#0,870315481#1,870315479#1,41231514#0,41231514#1,41231514#2,41231514#3,41231514#4,41231514#5,41231719,41231718#0,41231720,41231514#7,41231514#8,1020078536,-79116557#3,-79116557#2,23881170",2.3658157287393,1773.9974076926446,30.702857142857145,3.782668445876347,20.016000000000005,0.0180489108783576,0.0,0.0,0.0,0.0,0.0,0.0109607296553794,0.9890392703446208,0.0,1.1273973633373604,0.5636986816686802,0.0,108.34991885373424,1.1273973633373604,0.0,10.135600372466426,63.94501987845783,15.783563086723046,"8a755824468ffff,8a75582446d7fff,8a7558240d77fff,8a7558240d67fff,8a7558240d57fff,8a7558240c27fff,8a7558240d1ffff,8a7558240daffff,8a7558240da7fff,8a7558246a5ffff,8a7558246a4ffff,8a7558246a67fff,8a7558246a6ffff,8a755824469ffff,8a7558240d27fff,8a7558244687fff",0,0
79119293#1,23881170,"79119293#1,79119293#2,41231360,41231359#1,79119292,41231358#0,-79116549#2,-79116549#1,-79116549#0,79116530#2,79116557#0,79116557#1,23881170",2.2662264905962384,1562.052767525091,29.988,0.0,0.0,0.0,0.0,0.0,0.0,0.0,0.0,0.0060921521046601,0.99390784789534,0.0,1.2803664777399233,0.6401832388699616,0.0,112.76926898368636,1.2803664777399233,0.0,8.924670658302658,89.91352615806336,8.3223821053095,"8a755824468ffff,8a75582446d7fff,8a7558240d27fff,8a7558240d77fff,8a75582446dffff,8a75582446c7fff,8a7558240d67fff,8a7558244687fff",2,2
79119293#1,23881170,"79119293#1,-41231508#3,41231509,41231360,41231359#1,-41231508#1,79116549#1,79116549#2,79116549#3,79119291#2,41231511#0,41231511#1,41231511#2,41231511#3,-79119286#1,-79119286#0,-41231753#2,-41231753#1,-41231753#0,1020078542,-1157449878#0,1020078539,-79116557#4,-79116557#3,-79116557#2,23881170",3.6209909737833215,2446.835932235644,30.75784615384616,3.925460560925893,20.016000000000005,0.046765536464246,0.0,0.0,0.0,0.0,0.0,0.0,1.0,0.0,0.0,0.0,0.0,110.17259898309278,0.0,0.0,13.979812528806464,81.8149988507185,10.625967870368864,"8a755824468ffff,8a75582446d7fff,8a7558240d27fff,8a7558240d77fff,8a7558240d67fff,8a75582446c7fff,8a755824461ffff,8a7558244617fff,8a7558244637fff,8a75582447affff,8a755824478ffff,8a75582446a7fff,8a7558244687fff,8a75582446b7fff,8a755824469ffff",3,3
79119293#1,23881170,"79119293#1,79119293#2,-41231509,-41231508#2,-41231508#1,-41231508#0,79119287#0,79119290,79116549#2,79116549#3,79116549#4,79116549#5,79116549#6,79119284#1,79119284#2,41231513#0,41231513#1,41231513#2,41231513#3,41231513#4,-41231515#6,-41231515#5,-41231515#4,-1020092140,-1020092142,-1020092143,41273131,-1020092138,-41273130,-41231515#0,-1157449878#1,-1157449878#0,1020078539,1020078540,1020078536,-79116557#3,-79116557#2,23881170",5.971397961632458,3723.494236855703,30.51473684210527,3.2470239653533435,20.016000000000005,0.0085991058594789,0.0,0.0,0.0,0.0,0.0,0.0,1.0,0.0,0.0,0.0,0.0,113.68869924904276,0.0,0.0,21.27390345121062,86.24223720888467,10.205467655588215,"8a755824468ffff,8a75582446d7fff,8a7558240d27fff,8a7558240d77fff,8a7558240d67fff,8a7558240d47fff,8a7558240997fff,8a75582446c7fff,8a755824461ffff,8a755824460ffff,8a7558244627fff,8a755824471ffff,8a7558244717fff,8a7558244707fff,8a755824409ffff,8a755824446ffff,8a7558244467fff,8a7558244477fff,8a75582447b7fff,8a75582447a7fff,8a7558244787fff,8a75582446b7fff,8a755824469ffff,8a7558244687fff",4,4
79559552#0,-41273141#1,"79559552#1,-1020092133,-175186741#0,-79116557#4,-79116557#3,-79116557#2,-79116557#1,-79116557#0,79116530#3,79116530#0,79116530#1,79116549#0,79116549#1,79116549#2,79116549#3,79116549#4,79116549#5,79116549#6,79119284#1,79119284#2,41231513#0,41231513#1,41231513#2,41231513#3,41231513#4,174897323#0,-41273141#2,-41273141#1",3.8947979191676665,2270.1751690218525,29.988000000000007,7.235813046937034e-15,0.0,0.0,0.0,0.0,0.0,0.0,0.0,0.0126366118952758,0.987363388104724,0.0,0.8809892854487248,0.4404946427243624,0.0,80.88112321610755,0.8809892854487248,0.0,2.504050204304864,67.18842460578504,12.333849996282147,"8a7558246b5ffff,8a7558246b4ffff,8a7558244697fff,8a755824469ffff,8a7558240d27fff,8a7558240d77fff,8a7558240d57fff,8a7558240d67fff,8a75582446c7fff,8a755824461ffff,8a755824460ffff,8a7558244627fff,8a755824471ffff,8a7558244717fff,8a7558244707fff,8a755824409ffff,8a7558244087fff,8a75582440affff",0,0
79559552#0,-41273141#1,"79559552#1,-1020092133,-175186741#0,-79116557#4,-79116557#3,-79116557#2,-79116557#1,-79116557#0,79116530#3,79116530#0,79116530#1,79116549#0,41231508#1,79119292,41231358#0,41231358#1,79119291#0,79119291#1,79119291#2,41231511#0,41231511#1,41231511#2,41231511#3,-79119286#1,41231755,-41231756#3,-41231756#2,41273133,-1020078548,41231515#6,-41231513#4,-41231513#3,-41231513#2,41273135,41273137#1,41273137#2,41273137#3,-41273141#1",5.147258903561425,3019.045513769583,29.98800000000001,1.0801209733760652e-14,0.0,0.0,0.0,0.0,0.0,0.0,0.0,0.0095021166174478,0.9904978833825522,0.0,0.6624610297785137,0.3312305148892568,0.0,97.0469090111516,0.6624610297785137,0.0,3.330069696259477,59.451399800280576,12.58675956579176,"8a7558246b5ffff,8a7558246b4ffff,8a7558244697fff,8a755824469ffff,8a7558240d27fff,8a7558240d77fff,8a7558240d57fff,8a7558240d67fff,8a75582446dffff,8a75582446c7fff,8a75582446e7fff,8a755824461ffff,8a7558244617fff,8a7558244637fff,8a75582447affff,8a7558244737fff,8a755824409ffff,8a7558244707fff,8a7558244717fff,8a755824471ffff,8a755824408ffff,8a75582440affff",1,1
79559552#0,-41273141#1,"79559552#1,-1020092133,-175186741#0,-79116557#4,-79116557#3,-79116557#2,23881170,41231753#0,41231753#1,41231753#2,79119286#0,41231755,-41231756#3,-41231756#2,41273133,-1020078548,41231515#6,174897323#0,-41273141#2,-41273141#1",2.911404561824729,1726.144907631159,29.988,0.0,0.0,0.0,0.0,0.0,0.0,0.0,0.0,0.0,1.0,0.0,0.0,0.0,0.0,63.939281003236005,0.0,0.0,1.903973564505144,70.31741052559738,11.58651276122965,"8a7558246b5ffff,8a7558246b4ffff,8a7558244697fff,8a755824469ffff,8a7558240d27fff,8a7558244687fff,8a75582446a7fff,8a755824478ffff,8a75582447affff,8a7558244737fff,8a755824409ffff,8a7558244087fff,8a75582440affff",2,2
79559552#0,-41273141#1,"79559552#1,-1020092133,-175186741#0,1020078540,1020078536,-79116557#3,-79116557#2,23881170,1020078542,1157449878#1,41231515#0,41231515#1,41231515#2,41231515#3,41273134,-1020078548,41231515#6,-41231513#4,-41231513#3,-41231513#2,41273135,41273137#1,41273137#2,41273137#3,-41273141#1",4.319799899801533,2535.300608130812,31.58928,5.5421794413389405,20.016000000000005,0.057762900245918,0.0,0.0,0.0,0.0,0.0,0.0,1.0,0.0,0.0,0.0,0.0,85.6905367714651,0.0,0.0,2.796489051767572,67.97912795403094,9.860763619045404,"8a7558246b5ffff,8a7558246b4ffff,8a7558244697fff,8a755824469ffff,8a7558240d27fff,8a7558244687fff,8a75582446b7fff,8a7558244787fff,8a75582447a7fff,8a755824446ffff,8a7558244737fff,8a755824409ffff,8a7558244707fff,8a7558244717fff,8a755824471ffff,8a755824408ffff,8a75582440affff",3,3
79559552#0,-41273141#1,"79559552#1,-1020092133,-175186741#0,1020078540,1020078536,-79116557#3,-79116557#2,23881170,41231753#0,41231753#1,41231753#2,79119286#0,79119286#1,-41231511#3,-41231511#2,-41231511#1,-41231511#0,79119293#0,79119293#1,79119293#2,41231360,41231359#1,79119292,41231358#0,79116549#3,79116549#4,79116549#5,79116549#6,79119284#1,79119284#2,41231513#0,41231513#1,41273135,41273137#1,41273137#2,41273137#3,-41273141#1",5.7628945602719135,3331.119632812335,30.528972972972984,3.290610129904033,20.016000000000005,0.0096119997596273,0.0,0.0,0.0,0.0,0.0,0.0,1.0,0.0,0.0,0.0,0.0,84.68612948011352,0.0,0.0,3.674293909531956,67.1401732658857,11.107376521557809,"8a7558246b5ffff,8a7558246b4ffff,8a7558244697fff,8a755824469ffff,8a7558240d27fff,8a7558244687fff,8a75582446a7fff,8a755824478ffff,8a75582447affff,8a7558244637fff,8a7558244617fff,8a755824461ffff,8a755824468ffff,8a75582446d7fff,8a7558240d77fff,8a75582446dffff,8a75582446c7fff,8a755824460ffff,8a7558244627fff,8a755824471ffff,8a7558244707fff,8a755824408ffff,8a75582440affff",4,4
79559552#0,-561133140#1,"79559552#1,-1020092133,-175186741#0,1020078540,1020078536,-79116557#3,-79116557#2,-79116557#1,-79116557#0,79116530#3,79116530#0,79116530#1,79116549#0,41231508#1,79119292,41231358#0,79116549#3,79116549#4,79116549#5,79116549#6,79119284#1,-561133140#1",3.0059117671546662,1791.1835760681197,30.89781818181819,4.2674255385739,20.016000000000005,0.0178757339770652,0.0,0.0,0.0,0.0,0.0,0.016015847246765,0.9839841527532353,0.0,1.1165801354600735,0.5582900677300369,0.0,75.32063243379517,1.1165801354600735,0.0,3.22233393430654,69.65175570974105,12.28238149006081,"8a7558246b5ffff,8a7558246b4ffff,8a7558244697fff,8a755824469ffff,8a7558240d27fff,8a7558240d77fff,8a7558240d57fff,8a7558240d67fff,8a75582446dffff,8a75582446c7fff,8a755824461ffff,8a755824460ffff,8a7558244627fff,8a755824471ffff",0,0
79559552#0,-561133140#1,"79559552#1,-1020092133,-175186741#0,-79116557#4,-79116557#3,-79116557#2,23881170,41231753#0,41231753#1,41231753#2,79119286#0,79119286#1,79119286#2,79119286#3,79119284#4,79119284#5,79119284#1,-561133140#1",1.9039815926370545,1190.499206059642,29.988,0.0,0.0,0.0,0.0,0.0,0.0,0.0,0.0,0.0,1.0,0.0,0.0,0.0,0.0,54.509121002407205,0.0,0.0,2.141704536433895,67.16249980322675,15.119707689328967,"8a7558246b5ffff,8a7558246b4ffff,8a7558244697fff,8a755824469ffff,8a7558240d27fff,8a7558244687fff,8a75582446a7fff,8a755824478ffff,8a75582447affff,8a7558244637fff,8a755824471ffff,8a7558244627fff",2,2
79559552#0,-561133140#1,"79559552#1,-1020092133,-175186741#0,-79116557#4,-79116557#3,-79116557#2,23881170,1020078542,1157449878#1,41231515#0,41231515#1,1020092135,41231756#0,41231756#1,41273133,-1020078548,41231515#6,-41231513#4,-41231513#3,-41231513#2,-41231513#1,-41231513#0,79119284#3,79119284#4,79119284#5,79119284#1,-561133140#1",3.5415636376940984,2144.697010583864,31.47066666666667,5.341875210937708,20.016000000000005,0.0631669342831133,0.0,0.0,0.0,0.0,0.0,0.0,1.0,0.0,0.0,0.0,0.0,76.17030598870805,0.0,0.0,3.8583035532184624,73.96989348380889,12.589190858549117,"8a7558246b5ffff,8a7558246b4ffff,8a7558244697fff,8a755824469ffff,8a7558240d27fff,8a7558244687fff,8a75582446b7fff,8a7558244787fff,8a75582447a7fff,8a75582447affff,8a7558244737fff,8a755824409ffff,8a7558244707fff,8a7558244717fff,8a755824471ffff,8a7558244627fff",3,3
79559552#0,-561133140#1,"79559552#1,-1020092133,-175186741#0,1020078540,1020078536,-79116557#3,-79116557#2,23881170,41231753#0,41231753#1,41231753#2,79119286#0,41231755,-41231756#3,-41231756#2,41273133,-1020078548,41231515#6,-41231513#4,-41231513#3,-41231513#2,-41231513#1,-41231513#0,79119284#3,-79119286#3,-79119286#2,-41231511#3,-41231511#2,-41231511#1,-41231511#0,79119293#0,79119288,41231358#0,79116549#3,79116549#4,79116549#5,79116549#6,79119284#1,-561133140#1",5.630061427018613,3294.198516216246,30.50123076923078,3.205125126562624,20.016000000000005,0.0097197302932001,0.0,0.0,0.0,0.0,0.0,0.0,1.0,0.0,0.0,0.0,0.0,86.96662194402444,0.0,0.0,5.926253348329143,68.36668970685923,11.838995072099008,"8a7558246b5ffff,8a7558246b4ffff,8a7558244697fff,8a755824469ffff,8a7558240d27fff,8a7558244687fff,8a75582446a7fff,8a755824478ffff,8a75582447affff,8a7558244737fff,8a755824409ffff,8a7558244707fff,8a7558244717fff,8a755824471ffff,8a7558244637fff,8a7558244617fff,8a755824461ffff,8a755824468ffff,8a75582446dffff,8a75582446c7fff,8a755824460ffff,8a7558244627fff",4,4
870315481#0,-174375407#2,"870315481#0,870315481#1,870315479#1,870315480,979842178#1,979842178#2,979842178#3,41231717,979842178#5,79116530#0,-561134628#1,-561134628#0,-1034110351#0,-23881168#1,-23881168#0,1259750653,145622122#0,145622122#1,145622122#2,563298888,979838980#0,979838980#1,979838980#2,979838980#3,979838980#4,979838980#5,979838980#6,57680170#0,57680170#1,57680132#0,57680132#1,174375408#0,174375408#1,-174375409,57680120#0,57680120#1,1238123694,563272697,563271328,174375401,1238123690,174375405,561133138,-174375407#4,-174375407#3,-174375407#2",2.979239186853225,2871.1111083012806,47.38460869565216,15.55382986416781,39.99600000000001,0.7059793200083562,0.0,0.0,0.0109704554015879,0.6019382044164407,0.1299655779470667,0.0032752666622459,0.2538504955726586,0.6965944279263084,10.100619204931473,1.3931888558526169,0.0,86.35918361523983,2.43808049774208,0.3482972139631542,2.221360742694732,74.52712087185732,16.021671842305093,"8a7558240c27fff,8a7558240d57fff,8a7558240d47fff,8a7558240c67fff,8a7558240c07fff,8a7558240c37fff,8a7558240c17fff,8a7558240cb7fff,8a755824634ffff,8a7558246277fff,8a75582462e7fff,8a75582462c7fff,8a75582462d7fff,8a7558242927fff,8a7558242937fff,8a755824664ffff,8a7558246647fff,8a755824665ffff,8a75582429a7fff,8a75582429affff,8a755824291ffff",0,0
870315481#0,-174375407#2,"870315481#0,870315481#1,870315479#1,41231514#0,41231514#1,41231514#2,41231514#3,41231514#4,41231514#5,41231514#6,41231514#7,41231514#8,1020078536,-79116557#3,-79116557#2,-79116557#1,-79116557#0,79116530#3,79116530#0,-561134628#1,-561134628#0,-1034110351#0,-23881168#1,-23881168#0,1259750653,145622122#0,145622122#1,145622122#2,563298888,979838980#0,979838980#1,979838980#2,979838980#3,979838980#4,979838980#5,979838980#6,57680170#0,57680170#1,57680132#0,57680132#1,174375408#0,174375408#1,-174375409,57680120#0,57680120#1,1238123694,563272697,563271328,174375401,1238123690,174375405,561133138,-174375407#4,-174375407#3,-174375407#2",4.064422662691364,3498.043037622845,44.90181818181817,15.501156789678047,39.99600000000001,0.5886044759518058,0.0,0.0,0.0090042906927833,0.4940566615742438,0.1066726768445355,0.0055264321303362,0.3847399387581011,0.571748254235069,8.2903496864085,1.143496508470138,0.0,92.8668129728299,2.0011188898227417,0.2858741271175345,2.706414063031318,69.62855182326182,15.7230769914644,"8a7558240c27fff,8a7558240d1ffff,8a7558240daffff,8a7558240da7fff,8a7558246a5ffff,8a7558246a4ffff,8a7558246a6ffff,8a755824469ffff,8a7558240d27fff,8a7558240d77fff,8a7558240d57fff,8a7558240d47fff,8a7558240c67fff,8a7558240c07fff,8a7558240c37fff,8a7558240c17fff,8a7558240cb7fff,8a755824634ffff,8a7558246277fff,8a75582462e7fff,8a75582462c7fff,8a75582462d7fff,8a7558242927fff,8a7558242937fff,8a755824664ffff,8a7558246647fff,8a755824665ffff,8a75582429a7fff,8a75582429affff,8a755824291ffff",1,1
870315481#0,-174375407#2,"870315481#0,870315481#1,870315479#1,41231514#0,41231514#1,41231514#2,41231514#3,41231514#4,41231514#5,41231514#6,41231514#7,41231514#8,1020078536,-79116557#3,-79116557#2,-79116557#1,-79116557#0,79116530#3,-979842178#5,-979842178#4,-979842178#3,-979842178#2,-979842178#1,-979842178#0,-226068307,213840997,1157449881,979838980#0,979838980#1,979838980#2,979838980#3,979838980#4,979838980#5,979838980#6,57680170#0,57680170#1,57680132#0,57680132#1,174375406,1238123693,1238123694,563272697,561133136,561133138,-174375407#4,-174375407#3,-174375407#2",3.840766949372786,3046.195755025501,40.20357446808511,14.963243713302337,39.99600000000001,0.4510619085946807,0.0,0.0,0.0,0.4275568702085052,0.1354895990855194,0.0032591611761706,0.4336943695298049,0.0,3.6110614302618624,0.6565566236839749,0.0,84.27676787587376,0.9848349355259624,0.3282783118419874,2.3568226409672337,62.71146742978523,15.429080656573412,"8a7558240c27fff,8a7558240d1ffff,8a7558240daffff,8a7558240da7fff,8a7558246a5ffff,8a7558246a4ffff,8a7558246a6ffff,8a755824469ffff,8a7558240d27fff,8a7558240d77fff,8a7558240d57fff,8a7558240c37fff,8a7558240c17fff,8a7558240cb7fff,8a755824634ffff,8a7558246277fff,8a75582462e7fff,8a75582462c7fff,8a75582462d7fff,8a7558242927fff,8a7558242937fff,8a755824664ffff,8a755824665ffff,8a75582429a7fff,8a75582429affff,8a755824291ffff",2,2
870315481#0,-174375407#2,"870315481#0,870315481#1,870315479#1,870315480,979842178#1,979842178#2,979842178#3,41231717,979842178#5,79116530#0,-561134628#1,-561134628#0,-1034110351#0,-23881168#1,-23881168#0,1259750653,145622122#0,145622122#1,145622122#2,563298888,979838980#0,979838980#1,979838980#2,979838980#3,979838980#4,979838980#5,979838980#6,57680170#0,57680170#1,57680132#0,57680132#1,174375406,1238123693,1238123694,563272697,561133136,561133138,-174375407#4,-174375407#3,-174375407#2",2.958444850400141,2801.8327649546795,46.9917,16.67112558333674,39.99600000000001,0.6987093409167269,0.0,0.0,0.0,0.6121448537612507,0.147306379862073,0.0033562511703924,0.2371925152062836,0.0,3.926001629214985,0.7138184780390883,0.0,74.21592481111502,1.4276369560781763,0.3569092390195441,2.1677605208906656,77.20539098185412,14.276369560781763,"8a7558240c27fff,8a7558240d57fff,8a7558240d47fff,8a7558240c67fff,8a7558240c07fff,8a7558240c37fff,8a7558240c17fff,8a7558240cb7fff,8a755824634ffff,8a7558246277fff,8a75582462e7fff,8a75582462c7fff,8a75582462d7fff,8a7558242927fff,8a7558242937fff,8a755824664ffff,8a755824665ffff,8a75582429a7fff,8a75582429affff,8a755824291ffff",3,3
870315481#0,-174375407#2,"870315481#0,870315481#1,870315479#1,41231514#0,41231514#1,41231514#2,41231514#3,41231514#4,41231514#5,41231711#0,41231711#1,41231712,79119289#1,79119289#2,1020078536,-79116557#3,-79116557#2,-79116557#1,-79116557#0,79116530#3,79116530#0,-561134628#1,-561134628#0,-1034110351#0,-23881168#1,-23881168#0,1259750653,145622122#0,145622122#1,145622122#2,563298888,979838980#0,979838980#1,979838980#2,979838980#3,979838980#4,979838980#5,979838980#6,57680170#0,57680170#1,57680132#0,57680132#1,174375406,1238123693,1238123694,563272697,561133136,561133138,-174375407#4,-174375407#3,-174375407#2",4.322579906870533,3599.1969754937127,43.71670588235293,16.24343429117638,39.99600000000001,0.5528137135082265,0.0,0.0,0.0,0.4765306038665455,0.1146722017146064,0.0053711140479512,0.4034260803708968,0.0,3.056237287066262,0.5556795067393204,0.0,92.2982574169786,1.1113590134786409,0.2778397533696602,2.784676233347768,69.54218512207639,14.16982742185267,"8a7558240c27fff,8a7558240d1ffff,8a7558240daffff,8a7558240da7fff,8a7558246a5ffff,8a7558246a4ffff,8a7558240d17fff,8a7558240d37fff,8a755824469ffff,8a7558240d27fff,8a7558240d77fff,8a7558240d57fff,8a7558240d47fff,8a7558240c67fff,8a7558240c07fff,8a7558240c37fff,8a7558240c17fff,8a7558240cb7fff,8a755824634ffff,8a7558246277fff,8a75582462e7fff,8a75582462c7fff,8a75582462d7fff,8a7558242927fff,8a7558242937fff,8a755824664ffff,8a755824665ffff,8a75582429a7fff,8a75582429affff,8a755824291ffff",4,4
904671111,-22561499#1,"-904671111,561133130#1,1116499330#1,57680180#0,57680180#1,57680180#2,57680180#3,174907152#0,174907152#1,174907152#2,-57392486,1004094803#0,1004094803#1,1004094802,57392452,24580169#2,-57099575#2,-57099587#1,32898141,-24580169#0,22561499#0,22561499#1",3.1056649120898365,1146.8368018294902,26.35854545454546,11.764916014624536,39.99600000000001,0.0820765048700745,0.0,0.0,0.1693335832356204,0.087936096582042,0.0,0.0,0.7427303201823374,2.6158909403798805,37.494436812111616,1.743927293586587,0.0,84.8337685077125,5.231781880759761,0.0,4.312926284860283,23.932272341981506,19.183200229452456,"8a7558246797fff,8a755824679ffff,8a75582466b7fff,8a7558246697fff,8a7558246687fff,8a7558255a67fff,8a7558255a77fff,8a7558255b5ffff,8a7558255b4ffff",1,1
904671111,-22561499#1,"-904671111,561133130#1,1116499330#1,57680180#0,57680180#1,57680180#2,57680180#3,-22561653,-22561499#1",0.5405962384953982,373.6347695864088,29.988,0.0,0.0,0.0,0.0,0.0,0.1167425167904154,0.0,0.0,0.0,0.8832574832095845,2.6764104451706667,24.087694006536,0.0,0.0,49.97319147259206,2.6764104451706667,0.0,1.3805362168032482,27.829525381123275,24.087694006536,"8a7558246797fff,8a755824679ffff,8a75582466b7fff,8a7558246697fff,8a7558255b4ffff",2,2
904671111,-22561499#1,"-904671111,561133130#1,1116499330#1,57680180#0,57680180#1,57680180#2,57680180#3,174907152#0,174907152#1,174907152#2,-57392486,1004094803#0,1004094803#1,1004094802,57392452,24580169#2,-57099575#2,-57099575#1,-57099591#1,-57099591#0,32898139#0,32898139#1,32898141,-24580169#0,22561499#0,22561499#1",4.416452049118875,2306.0464823080483,29.99630769230769,13.855023841969327,39.99600000000001,0.5435007691495753,0.0,0.0,0.0842125197953079,0.043732141803396,0.0,0.0,0.872055338401296,1.3009278100055448,18.64663194341281,0.8672852066703632,0.0,80.7509798382116,2.6018556200110896,0.0,8.672383439204195,94.7828442857195,11.274707686714722,"8a7558246797fff,8a755824679ffff,8a75582466b7fff,8a7558246697fff,8a7558246687fff,8a7558255a67fff,8a7558255a77fff,8a7558255aa7fff,8a755825516ffff,8a7558255a37fff,8a7558255b57fff,8a7558255b5ffff,8a7558255b4ffff",3,3
904671111,-22561499#1,"-904671111,561133130#1,-1116499330#0,-1116499329,-1116499328#1,-1116499328#0,-57680087#2,-57680087#1,-57680087#0,-57680112#1,-57680112#0,1116499322,1116499321#0,22561654#0,22561654#3,22561654#4,22561654#5,22561499#0,22561499#1",2.1861344537815124,1306.1167508928172,29.988,3.650066325022873e-15,0.0,0.0,0.0,0.0,0.3924530627278867,0.0,0.0,0.0,0.6075469372721134,0.7656283401284255,6.89065506115583,0.0,0.7656283401284255,102.21575802936762,0.7656283401284255,0.0,4.911932767622742,51.15927343604912,14.546938462440083,"8a7558246797fff,8a755824679ffff,8a75582464cffff,8a75582464c7fff,8a75582464f7fff,8a755824648ffff,8a7558255b07fff,8a7558255b2ffff,8a7558255b77fff,8a7558255b47fff,8a7558255b5ffff,8a7558255b4ffff",4,4
904671111,-57680132#1,"-904671111,561133130#1,1116499330#1,57680180#0,57680180#1,57680180#2,57680180#3,174907152#0,174907152#1,174907152#2,174907151#0,174907151#2,174907151#5,22561652#1,22561652#2,22561652#3,22561652#4,22561652#5,22561652#6,125835948,563369678,1238123690,174375405,563272699,561133137,563273548,-57680132#1",1.5030727481777448,1114.181026989201,35.91866666666667,9.313877685392995,20.016000000000005,0.2385619732104608,0.0,0.0,0.562507291135406,0.141296939747729,0.0,0.0,0.2961957691168646,1.7950404391685846,8.975202195842924,0.8975202195842923,1.7950404391685846,49.13342866979816,1.7950404391685846,0.8975202195842923,1.4112839560659052,27.310937106184205,24.23304592877589,"8a7558246797fff,8a755824679ffff,8a75582466b7fff,8a7558246697fff,8a7558246687fff,8a75582466affff,8a75582466f7fff,8a75582466c7fff,8a75582466effff,8a755824665ffff,8a755824664ffff",0,0
904671111,-57680132#1,"-904671111,561133130#1,1116499330#1,57680180#0,57680171#0,57680171#1,57680171#2,22561499#2,174907152#0,174907152#1,174907152#2,-57392486,1163710302,57392474,57392457#1,22561652#1,22561652#2,22561652#3,22561652#4,22561652#5,22561652#6,125835948,563369678,1238123690,174375405,561133138,174375402,174375403,561133137,563273548,-57680132#1",2.65619005079851,1365.4732268708854,33.22103225806451,12.752171682982397,39.99600000000001,0.2207361170966793,0.0,0.0,0.3728772138217873,0.0971870215503716,0.0769173457136492,0.0,0.4530184189141916,2.9293873517874744,21.970405138406058,2.197040513840606,0.0,65.58312686391457,4.394081027681212,0.7323468379468686,1.7295847001881304,28.79261891482704,22.702751976352925,"8a7558246797fff,8a755824679ffff,8a7558255b6ffff,8a7558255b4ffff,8a7558246697fff,8a7558246687fff,8a755824668ffff,8a75582466f7fff,8a75582466c7fff,8a75582466effff,8a755824665ffff,8a755824664ffff",1,1
904671111,-57680132#1,"-904671111,561133130#1,1116499330#1,57680180#0,57680171#0,57680171#1,57680171#2,22561499#2,174907152#0,174907152#1,174907152#2,174907151#0,174907151#2,174907151#5,22561652#1,22561652#2,22561652#3,22561652#4,22561652#5,22561652#6,125835948,563369678,1238123690,174375405,563272699,561133137,563273548,-57680132#1",1.5349454972773848,1154.7723247696551,35.706857142857146,9.208234823864377,20.016000000000005,0.230176302818152,0.0,0.0,0.5681790922439528,0.1363302237693988,0.0,0.0,0.2954906839866483,1.7319431346771703,8.659715673385852,0.8659715673385853,1.7319431346771703,49.19006090996045,1.7319431346771703,0.8659715673385853,1.4626991623257437,28.33322360165522,24.24720388548039,"8a7558246797fff,8a755824679ffff,8a7558255b6ffff,8a7558255b4ffff,8a7558246697fff,8a7558246687fff,8a75582466affff,8a75582466f7fff,8a75582466c7fff,8a75582466effff,8a755824665ffff,8a755824664ffff",2,2
904671111,-57680132#1,"-904671111,561133130#1,-1116499330#0,-1116499329,-1116499328#1,-1116499328#0,-57680087#2,-57680087#1,-57680087#0,-57680112#1,-57680112#0,1116499322,1116499321#0,22561654#0,22561654#3,22561654#4,22561654#5,22561499#0,22561499#1,22561499#2,174907152#0,174907152#1,174907152#2,-57392486,1163710302,57392474,57392457#1,22561652#1,22561652#2,22561652#3,22561652#4,22561652#5,22561652#6,125835948,563369678,1238123690,174375405,563272699,561133137,563273548,-57680132#1",4.241186626822727,2250.061030926905,31.944292682926825,10.776146487135144,39.99600000000001,0.1181306731945424,0.0,0.0,0.4540958478495314,0.069967155234764,0.0,0.0,0.4759369969157045,1.7777295571188187,12.444106899831732,0.8888647785594094,0.4444323892797047,87.61584498381977,1.7777295571188187,0.4444323892797047,2.850053049006936,42.16965922959228,18.22172796046789,"8a7558246797fff,8a755824679ffff,8a75582464cffff,8a75582464c7fff,8a75582464f7fff,8a755824648ffff,8a7558255b07fff,8a7558255b2ffff,8a7558255b77fff,8a7558255b47fff,8a7558255b5ffff,8a7558255b4ffff,8a7558246697fff,8a7558246687fff,8a755824668ffff,8a75582466f7fff,8a75582466c7fff,8a75582466effff,8a755824665ffff,8a755824664ffff",4,4
