origins,destinations,path,free_flow_time
57680159,41273128#1,"-57680159,39353757#18,174375411#0,174375411#1,57680128,174375407#0,174375407#1,174375407#2,174375407#3,174375407#4,174375402,174375403,561133137,563273548,-57680132#1,-57680132#0,57680179#0,57680179#1,57680179#2,57680179#3,-979838980#6,-979838980#5,-979838980#4,-979838980#3,-979838980#2,-979838980#1,-979838980#0,-563298888,213840999,979842179,226068307,979842178#0,979842178#1,870315479#0,870315479#1,41231514#0,41231514#1,41231514#2,41231514#3,41231514#4,41231514#5,41231711#0,41231709#0,41231709#1,-41231711#3,-41231711#2,41231712,79119289#1,79119289#2,1020078536,-79116557#3,-79116557#2,23881170,1020078542,1157449878#1,-1157449879,1020092137#1,1020092138,41273128#1",7.264510205196656
-979838980#5,-174375407#2,"979838980#5,979838980#6,57680170#0,57680170#1,57680132#0,57680132#1,174375406,1238123693,1238123694,563272697,563271328,174375401,1238123690,174375405,561133138,-174375407#4,-174375407#3,-174375407#2",1.1693784346747613
-979838980#5,-174375407#2,"979838980#5,979838980#6,57680170#0,57680170#1,57680132#0,57680132#1,174375406,1238123693,1238123694,563272697,561133136,561133138,-174375407#4,-174375407#3,-174375407#2",1.1447444053971034
-979838980#5,-174375407#2,"979838980#5,979838980#6,57680170#0,57680170#1,57680132#0,57680132#1,174375408#0,174375408#1,-174375409,57680120#0,57680120#1,1238123694,563272697,561133136,561133138,-174375407#4,-174375407#3,-174375407#2",1.1409047125725293
-979838980#5,-174375407#2,"979838980#5,979838980#6,57680170#0,57680170#1,57680132#0,57680132#1,174375408#0,174375408#1,-174375409,57680120#0,57680120#1,1238123694,563272697,563271328,174375401,1238123690,174375405,561133138,-174375407#4,-174375407#3,-174375407#2",1.1655387418501872
-979838980#5,57680181#1,"979838980#5,979838980#6,57680170#0,57680170#1,57680132#0,57680132#1,174375406,1238123693,1238123694,563272697,563271328,174375401,1238123690,174375405,561133138,-174375407#4,-174375407#3,-174375407#2,-174375407#1,-174375407#0,-563297843,-174907149,-39353757#19,-39353757#18,57680181#0,57680181#1",3.2949486627659974
-979838980#5,57680181#1,"979838980#5,979838980#6,57680170#0,57680170#1,57680132#0,57680132#1,174375406,1238123693,1238123694,563272697,561133136,561133138,-174375407#4,-174375407#3,-174375407#2,-174375407#1,-174375407#0,-563297843,-174907149,-39353757#19,-39353757#18,57680181#0,57680181#1",3.27031463348834
-979838980#5,57680181#1,"979838980#5,979838980#6,57680170#0,57680170#1,57680132#0,57680132#1,174375406,1238123693,1238123694,563272697,563271328,174375401,1238123690,174375405,561133138,-174375407#4,-174375407#3,-174375407#2,-174375407#1,-174375407#0,-563297843,57680093,39353757#0,39353757#1,39353757#2,1123308755,-39389916#1,-39389916#0,39353757#17,57680181#0,57680181#1",3.54686943107332
-979838980#5,57680181#1,"979838980#5,979838980#6,57680170#0,57680170#1,57680132#0,57680132#1,174375408#0,174375408#1,-174375409,57680120#0,57680120#1,1238123694,563272697,561133136,561133138,-174375407#4,-174375407#3,-174375407#2,-174375407#1,-174375407#0,-563297843,57680093,39353757#0,39353757#1,39353757#2,1123308755,-39389916#1,-39389916#0,39353757#17,57680181#0,57680181#1",3.518395708971088
-979838980#5,57680181#1,"979838980#5,979838980#6,57680170#0,57680170#1,57680132#0,57680132#1,174375408#0,174375408#1,-174375409,57680120#0,57680120#1,1238123694,563272697,561133136,561133138,-174375407#4,-174375407#3,-174375407#2,-174375407#1,-174375407#0,-563297843,-174907149,-39353757#19,-39353757#18,57680181#0,57680181#1",3.266474940663766
-979838980#5,57680181#1,"979838980#5,979838980#6,57680170#0,57680170#1,57680132#0,57680132#1,174375408#0,174375408#1,-174375409,57680120#0,57680120#1,1238123694,563272697,563271328,174375401,1238123690,174375405,561133138,-174375407#4,-174375407#3,-174375407#2,-174375407#1,-174375407#0,-563297843,-174907149,-39353757#19,-39353757#18,57680181#0,57680181#1",3.2911089699414235
-979838980#5,57680181#1,"979838980#5,979838980#6,57680170#0,57680170#1,57680132#0,57680132#1,174375406,1238123693,1238123694,563272697,561133136,561133138,-174375407#4,-174375407#3,-174375407#2,-174375407#1,-174375407#0,-563297843,57680093,39353757#0,39353757#1,39353757#2,1123308755,-39389916#1,-39389916#0,39353757#17,57680181#0,57680181#1",3.522235401795662
-979838980#5,57680181#1,"979838980#5,979838980#6,57680170#0,57680170#1,57680132#0,57680132#1,174375406,1238123693,1238123694,563272697,561133136,561133138,-174375407#4,-174375407#3,-174375407#2,-174375407#1,-174375407#0,-563297843,57680093,39353757#0,39353757#1,39353757#2,39353757#3,39353757#4,39353757#5,39353757#6,39761731#0,39761731#1,-174375415#0,39353757#9,39353757#10,39353757#11,39353757#12,39353757#13,39353757#14,39353757#15,39353757#16,39353757#17,57680181#0,57680181#1",4.6508468463734935
-979838980#5,57680181#1,"979838980#5,979838980#6,57680170#0,57680170#1,57680132#0,57680132#1,174375406,1238123693,1238123694,563272697,561133136,561133138,-174375407#4,-174375407#3,-174375407#2,-174375407#1,-174375407#0,-563297843,57680093,39353757#0,39353757#1,39353757#2,39353757#3,39353757#4,57680150#0,57680150#1,39353757#16,39353757#17,57680181#0,57680181#1",3.821935281747643
-979838980#5,57680181#1,"979838980#5,979838980#6,57680170#0,57680170#1,57680132#0,57680132#1,174375406,1238123693,1238123694,563272697,563271328,174375401,1238123690,174375405,561133138,-174375407#4,-174375407#3,-174375407#2,-174375407#1,-174375407#0,-563297843,-174907149,-39353757#19,174375411#0,174375411#1,39353757#0,39353757#1,39353757#2,39353757#3,39353757#4,57680150#0,57680150#1,39353757#16,39353757#17,57680181#0,57680181#1",5.461155145359036
-1116499322,57680145#0,"-1116499322,57680111,57680112#1,1116499324#0,1116499324#1,1116499324#2,57680145#0",0.48937500126040334
-1116499322,57680145#0,"-1116499322,1116499322,1116499321#0,22561654#0,22561654#3,22561654#4,22561654#5,22561499#0,22561499#1,22561499#2,-57680180#3,-57680180#2,-57680180#1,-57680180#0,-563282223,-1116499330#0,-1116499329,-1116499328#1,-1116499328#0,-57680087#2,-57680087#1,-57680087#0,1116499324#0,1116499324#1,1116499324#2,57680145#0",2.091695929631752
-1116499322,57680145#0,"-1116499322,-1264978470#1,-1264978470#0,-1116499323#1,-1116499323#0,-561133121,-55682342#1,-55682342#0,55682703,849128758#0,849128758#1,55682704#1,55682704#2,55682704#3,125835961,-57680135,-57680114#3,-57680114#2,-57680114#1,-57680114#0,-1264978471,-57680145#1,-57680145#0",4.9277779211761645
57680145#0,-1116499322,"-57680145#0,-1116499324#2,-1116499324#1,-1116499324#0,-57680112#1,-57680112#0,1116499322",0.518306573889455
57680145#0,-1116499322,"-57680145#0,-1116499324#2,-1116499324#1,-1116499324#0,57680087#0,57680087#1,57680087#2,1116499328#0,1116499328#1,1116499329,1116499330#0,1116499330#1,57680180#0,57680180#1,57680180#2,57680180#3,-22561653,-22561499#1,-22561499#0,-22561654#5,-22561654#4,-22561654#3,-22561654#2,-1116499321#1,-1116499322",2.026950031272408
57680145#0,-1116499322,"57680145#0,57680145#1,1264978471,561133118,57680114#1,57680114#2,57680114#3,57680135,-125835961,-125835958,-55682704#2,-55682704#1,-55682704#0,-849128758#0,-55682703,55682343#1,55682342#1,55682342#2,1116499323#0,1116499323#1,1264978470#0,1264978470#1,1116499322",4.952831100193253
57680145#0,-1116499322,"-57680145#0,-1116499324#2,-1116499324#1,-1116499324#0,57680087#0,57680087#1,57680087#2,1116499328#0,1116499328#1,1116499329,1116499330#0,1116499330#1,57680180#0,57680171#0,57680171#1,57680171#2,-22561499#1,-22561499#0,-22561654#5,-22561654#4,-22561654#3,-22561654#2,-1116499321#1,-1116499322",1.9948371861343528
-1020092137#1,-22561653,"-1020092137#1,1157449879,-1157449878#1,-1157449878#0,1020078539,1020078540,-41231514#8,-41231514#7,-41231514#6,-41231514#5,-41231514#4,-41231514#3,-41231514#2,-41231514#1,-41231514#0,870315480,-979842178#0,-226068307,213840997,1157449881,979838980#0,979838980#1,979838980#2,979838980#3,979838980#4,979838980#5,979838980#6,57680170#0,57680170#1,57680132#0,57680132#1,174375408#0,174375408#1,-174375409,57680120#0,57680120#1,1238123694,563272697,563271328,1238123691,-22561498,-22561652#6,-22561652#5,-22561652#4,-22561652#3,-22561652#2,-22561652#1,-22561652#0,-174907151#4,-174907151#1,-174907152#2,-174907152#1,-174907152#0,-22561653",4.540210989047692
-1020092137#1,-22561653,"1020092137#1,-41273130,-41231515#0,-1157449878#1,-1157449878#0,1020078539,-79116557#4,-79116557#3,-79116557#2,23881170,41231753#0,41231753#1,41231753#2,79119286#0,41231755,-41231756#3,-41231756#2,41273133,-1020078548,41231515#6,-41231513#4,-41231513#3,-41231513#2,-41231513#1,-41231513#0,79119284#3,79119284#4,79119284#5,79119284#1,-561133140#1,-561133140#0,-227385933,-23030922#0,-154901400#5,-154901400#4,-154901400#3,-154901400#2,-154901400#1,-154901400#0,-227218424,-227218423,-57680175,-57680125#0,-57680135,-57680114#3,-57680114#2,-57680114#1,-57680114#0,-1264978471,-57680145#1,-57680145#0,-1116499324#2,-1116499324#1,-1116499324#0,57680087#0,57680087#1,57680087#2,1116499328#0,1116499328#1,1116499329,1116499330#0,1116499330#1,57680180#0,57680180#1,57680180#2,57680180#3,-22561653",12.89504203840975
-1020092137#1,-22561653,"-1020092137#1,1157449879,-1157449878#1,-1157449878#0,1020078539,-79116557#4,-79116557#3,-79116557#2,-79116557#1,-79116557#0,79116530#3,79116530#0,-561134628#1,-561134628#0,-1034110351#0,-23881168#1,-23881168#0,1259750653,145622122#0,145622122#1,145622122#2,563298888,979838980#0,979838980#1,979838980#2,979838980#3,979838980#4,979838980#5,979838980#6,57680170#0,57680170#1,57680132#0,57680132#1,174375406,1238123693,1238123694,563272697,563271328,1238123691,-22561498,-22561652#6,-22561652#5,-22561652#4,-22561652#3,-22561652#2,-22561652#1,-22561652#0,-174907151#4,-174907151#1,-174907152#2,-174907152#1,-174907152#0,-22561653",4.740429465700545
-1020092137#1,-22561653,"-1020092137#1,1157449879,41231515#0,41231515#1,1020092135,1020092136,41231515#3,41273134,-1020078548,41231515#6,-41231513#4,-41231513#3,-41231513#2,-41231513#1,-41231513#0,79119284#3,79119284#4,79119284#5,79119284#1,-561133140#1,-561133140#0,-227385933,-23030922#0,-154901400#5,-154901400#4,-154901400#3,-154901400#2,-227218688,-57680127,-57680164,-57680125#1,-57680125#0,-57680135,-57680114#3,-57680114#2,-57680114#1,-57680114#0,-1264978471,-57680145#1,-57680145#0,-1116499324#2,-1116499324#1,-1116499324#0,57680087#0,57680087#1,57680087#2,1116499328#0,1116499328#1,1116499329,1116499330#0,1116499330#1,57680180#0,57680171#0,57680171#1,57680171#2,22561499#2",11.143146890341324
57680110,-22561652#3,"-57680110,-39353757#5,-39353757#4,-39353757#3,1123308755,-39389916#1,-39389916#0,39353757#17,57680181#0,57680181#1,-39353757#0,57680128,174375407#0,174375407#1,174375407#2,174375407#3,174375407#4,174375402,174375403,563272698,563272697,563271328,1238123691,-22561498,-22561652#6,-22561652#5,-22561652#4,-22561652#3",3.868049970168052
57680110,-22561652#3,"-57680110,-39353757#5,57680150#0,57680150#1,39353757#16,39353757#17,39353757#18,39353757#19,174907149,57680093,57680128,174375407#0,174375407#1,174375407#2,174375407#3,174375407#4,174375402,174375403,563272698,563272697,563271328,1238123691,-22561498,-22561652#6,-22561652#5,-22561652#4,-22561652#3",3.8449407264705733
57680110,-22561652#3,"-57680110,-39353757#5,-39353757#4,-39353757#3,-39353757#2,-39353757#1,-39353757#0,57680128,174375407#0,174375407#1,174375407#2,174375407#3,174375407#4,174375402,174375403,563272698,563272697,563271328,1238123691,-22561498,-22561652#6,-22561652#5,-22561652#4,-22561652#3",2.023832283093223
57680110,-22561652#3,"57680110,-57680110,-39353757#5,57680150#0,57680150#1,39353757#16,39389916#0,39389916#1,1123308756,-39353757#3,-39353757#2,-39353757#1,-39353757#0,57680128,174375407#0,174375407#1,174375407#2,174375407#3,174375407#4,174375402,174375403,563272698,563272697,563271328,1238123691,-22561498,-22561652#6,-22561652#5,-22561652#4,-22561652#3",3.9239923471188325
57680110,-22561652#3,"57680110,-57680110,-39353757#5,-39353757#4,-39353757#3,-39353757#2,-39353757#1,-39353757#0,57680128,174375407#0,174375407#1,174375407#2,174375407#3,174375407#4,174375402,174375403,563272698,563272697,563271328,1238123691,-22561498,-22561652#6,-22561652#5,-22561652#4,-22561652#3",2.157985944557809
57680110,-22561652#3,"57680110,-57680110,39353757#6,39353757#7,39353757#8,39353757#9,39353757#10,39353757#11,39353757#12,39353757#13,39353757#14,39353757#15,39353757#16,39389916#0,39389916#1,1123308756,-39353757#3,-39353757#2,-39353757#1,-39353757#0,57680128,174375407#0,174375407#1,174375407#2,174375407#3,174375407#4,174375402,174375403,563272698,563272697,563271328,1238123691,-22561498,-22561652#6,-22561652#5,-22561652#4,-22561652#3",3.957965936554607
57680110,-22561652#3,"-57680110,-39353757#5,-39353757#4,-39353757#3,-39353757#2,-39353757#1,-39353757#0,57680128,174375407#0,174375407#1,174375407#2,174375407#3,174375407#4,174375402,174375403,561133137,563273548,174375408#0,174375408#1,-174375409,57680120#0,57680120#1,1238123694,563272697,563271328,1238123691,-22561498,-22561652#6,-22561652#5,-22561652#4,-22561652#3",2.0755961419845117
57680110,-22561652#3,"57680110,-57680110,57680106,39353757#15,39353757#16,39353757#17,57680181#0,57680181#1,-39353757#0,57680128,174375407#0,174375407#1,174375407#2,174375407#3,174375407#4,174375402,174375403,561133137,563273548,174375406,1238123693,1238123694,563272697,563271328,1238123691,-22561498,-22561652#6,-22561652#5,-22561652#4,-22561652#3",4.059727951655824
57680110,-22561652#3,"57680110,-57680110,-39353757#5,57680150#0,57680150#1,39353757#16,39353757#17,39353757#18,174375411#0,174375411#1,57680128,174375407#0,174375407#1,174375407#2,174375407#3,174375407#4,174375402,174375403,563272698,563272697,563271328,1238123691,-22561498,-22561652#6,-22561652#5,-22561652#4,-22561652#3",3.9695705784113495
57680110,-22561652#3,"-57680110,57680106,39353757#15,39353757#16,39353757#17,39353757#18,39353757#19,174907149,57680093,57680128,174375407#0,174375407#1,174375407#2,174375407#3,174375407#4,174375402,174375403,563272698,563272697,563271328,1238123691,-22561498,-22561652#6,-22561652#5,-22561652#4,-22561652#3",3.8108670970187926
-174907152#1,-57392457#0,"174907152#1,174907152#2,174907151#0,174907151#2,174907151#5,-57392457#1,-57392457#0",0.5966777358425385
-174907152#1,-57392457#0,"174907152#1,174907152#2,-57392486,1163710302,57392474,-57392457#0",1.2566422252354177
-57392457#0,1116499317#0,"-57392457#0,57392457#0,57392457#1,-22561652#0,-174907151#4,-174907151#1,1116499317#0",1.2461907784696613
-57392457#0,1116499317#0,"57392457#0,57392457#1,-22561652#0,-174907151#4,-174907151#1,1116499317#0",0.8433730326663039
79119287#2,-561133140#1,"79119287#2,79116549#5,79116549#6,79119284#1,-561133140#1",1.0921968787515004
79119287#2,-561133140#1,"79119287#2,-79116549#4,79119291#2,41231511#0,41231511#1,41231511#2,41231511#3,79119286#2,79119286#3,79119284#4,79119284#5,79119284#1,-561133140#1",1.3722288915566223
79119287#2,-561133140#1,"79119287#2,-79116549#4,79119291#2,41231511#0,41231511#1,41231511#2,41231511#3,-79119286#1,41231755,-41231756#3,-41231756#2,-41231756#1,-41231756#0,1020092136,41231515#3,41273134,-1020078548,41231515#6,-41231513#4,-41231513#3,-41231513#2,-41231513#1,-41231513#0,79119284#3,79119284#4,79119284#5,79119284#1,-561133140#1",3.1994197679071625
79119287#2,-561133140#1,"79119287#2,-79116549#4,79119291#2,41231511#0,41231511#1,41231511#2,41231511#3,-79119286#1,41231755,-41231756#3,-41231756#2,41273133,-41273134,41231515#4,41231515#5,41231515#6,-41231513#4,-41231513#3,-41231513#2,-41231513#1,-41231513#0,79119284#3,79119284#4,79119284#5,79119284#1,-561133140#1",3.0953981592637057
79119287#2,-561133140#1,"79119287#2,-79116549#4,79119291#2,41231511#0,41231511#1,41231511#2,41231511#3,-79119286#1,41231755,-41231756#3,-41231756#2,-41231756#1,-41231756#0,1020092136,41231515#3,-1020092140,1020092139#0,1020092139#1,41231515#5,41231515#6,-41231513#4,-41231513#3,-41231513#2,-41231513#1,-41231513#0,79119284#3,79119284#4,79119284#5,79119284#1,-561133140#1",3.2853141256502605
79119287#2,-561133140#1,"79119287#2,-79116549#4,79119291#2,41231511#0,41231511#1,41231511#2,41231511#3,-79119286#1,41231755,-41231756#3,-41231756#2,41273133,-1020078548,41231515#6,-41231513#4,-41231513#3,-41231513#2,-41231513#1,-41231513#0,79119284#3,79119284#4,79119284#5,79119284#1,-561133140#1",2.9146858743497397
79119287#1,-561133140#1,"79119287#1,79119287#2,79116549#5,79116549#6,79119284#1,-561133140#1",1.3364145658263304
79119287#1,-561133140#1,"79119287#1,41231357#0,79119291#0,79119291#1,79116549#4,79116549#5,79116549#6,79119284#1,-561133140#1",1.3926770708283314
79119287#1,-561133140#1,"79119287#1,79119287#2,-79116549#4,79119291#2,41231511#0,41231511#1,41231511#2,41231511#3,79119286#2,79119286#3,79119284#4,79119284#5,79119284#1,-561133140#1",1.616446578631452
79119287#1,-561133140#1,"79119287#1,41231357#0,41231357#1,79119291#1,79116549#4,79116549#5,79116549#6,79119284#1,-561133140#1",1.4562224889955981
79119287#1,-561133140#1,"79119287#1,41231357#0,41231357#1,79119291#1,79119291#2,41231511#0,41231511#1,41231511#2,41231511#3,79119286#2,79119286#3,79119284#4,79119284#5,79119284#1,-561133140#1",1.4366546618647456
79119287#1,-561133140#1,"79119287#1,41231357#0,79119291#0,79119291#1,79119291#2,41231511#0,41231511#1,41231511#2,41231511#3,79119286#2,79119286#3,79119284#4,79119284#5,79119284#1,-561133140#1",1.3731092436974786
79119287#1,-561133140#1,"79119287#1,79119287#2,-79116549#4,79119291#2,41231511#0,41231511#1,41231511#2,41231511#3,-79119286#1,41231755,-41231756#3,-41231756#2,41273133,-41273134,41231515#4,41231515#5,41231515#6,-41231513#4,-41231513#3,-41231513#2,-41231513#1,-41231513#0,79119284#3,79119284#4,79119284#5,79119284#1,-561133140#1",3.3396158463385355
79119287#1,-561133140#1,"79119287#1,41231357#0,79119291#0,79119291#1,79119291#2,41231511#0,41231511#1,41231511#2,41231511#3,-79119286#1,41231755,-41231756#3,-41231756#2,-41231756#1,-41231756#0,1020092136,41231515#3,41273134,-1020078548,41231515#6,-41231513#4,-41231513#3,-41231513#2,-41231513#1,-41231513#0,79119284#3,79119284#4,79119284#5,79119284#1,-561133140#1",3.200300120048019
79119289#0,-174375407#2,"79119289#0,79119289#1,79119289#2,1020078536,-79116557#3,-79116557#2,-79116557#1,-79116557#0,79116530#3,79116530#0,-561134628#1,-561134628#0,-1034110351#0,-23881168#1,-23881168#0,1259750653,145622122#0,145622122#1,145622122#2,563298888,979838980#0,979838980#1,979838980#2,979838980#3,979838980#4,979838980#5,979838980#6,57680170#0,57680170#1,57680132#0,57680132#1,174375406,1238123693,1238123694,563272697,561133136,561133138,-174375407#4,-174375407#3,-174375407#2",3.5551529360822176
79119289#0,-174375407#2,"79119289#0,79119289#1,79119289#2,1020078536,-79116557#3,-79116557#2,-79116557#1,-79116557#0,79116530#3,-979842178#5,-979842178#4,-979842178#3,-979842178#2,-979842178#1,-979842178#0,-226068307,213840997,1157449881,979838980#0,979838980#1,979838980#2,979838980#3,979838980#4,979838980#5,979838980#6,57680170#0,57680170#1,57680132#0,57680132#1,174375406,1238123693,1238123694,563272697,561133136,561133138,-174375407#4,-174375407#3,-174375407#2",3.3522915592167237
79119289#0,-174375407#2,"79119289#0,79119289#1,79119289#2,1020078536,-79116557#3,-79116557#2,-79116557#1,-79116557#0,79116530#3,79116530#0,-561134628#1,-561134628#0,-1034110351#0,-23881168#1,-23881168#0,1259750653,145622122#0,145622122#1,145622122#2,563298888,979838980#0,979838980#1,979838980#2,979838980#3,979838980#4,979838980#5,979838980#6,57680170#0,57680170#1,57680132#0,57680132#1,174375408#0,174375408#1,-174375409,57680120#0,57680120#1,1238123694,563272697,561133136,561133138,-174375407#4,-174375407#3,-174375407#2",3.551313243257644
79119289#0,-174375407#2,"79119289#0,79119289#1,79119289#2,-41231514#8,-41231514#7,-41231514#6,41231719,1020092132,-41231514#4,-41231514#3,-41231514#2,-41231514#1,-41231514#0,870315480,-979842178#0,-226068307,213840997,1157449881,979838980#0,979838980#1,979838980#2,979838980#3,979838980#4,979838980#5,979838980#6,57680170#0,57680170#1,57680132#0,57680132#1,174375406,1238123693,1238123694,563272697,561133136,561133138,-174375407#4,-174375407#3,-174375407#2",3.3545030413617773
79119289#0,-174375407#2,"79119289#0,79119289#1,79119289#2,1020078536,-79116557#3,-79116557#2,-79116557#1,-79116557#0,79116530#3,-979842178#5,-979842178#4,-979842178#3,-979842178#2,-979842178#1,-979842178#0,-226068307,213840997,1157449881,979838980#0,979838980#1,979838980#2,979838980#3,979838980#4,979838980#5,979838980#6,57680170#0,57680170#1,57680132#0,57680132#1,174375408#0,174375408#1,-174375409,57680120#0,57680120#1,1238123694,563272697,563271328,174375401,1238123690,174375405,561133138,-174375407#4,-174375407#3,-174375407#2",3.373085895669808
79119289#0,-174375407#2,"79119289#0,79119289#1,79119289#2,1020078536,-79116557#3,-79116557#2,-79116557#1,-79116557#0,79116530#3,-979842178#5,-979842178#4,-979842178#3,-979842178#2,870315479#0,870315479#1,870315480,-979842178#0,-226068307,213840997,1157449881,979838980#0,979838980#1,979838980#2,979838980#3,979838980#4,979838980#5,979838980#6,57680170#0,57680170#1,57680132#0,57680132#1,174375408#0,174375408#1,-174375409,57680120#0,57680120#1,1238123694,563272697,561133136,561133138,-174375407#4,-174375407#3,-174375407#2",3.3878276166922703
79119289#0,-174375407#2,"79119289#0,79119289#1,79119289#2,1020078536,-79116557#3,-79116557#2,-79116557#1,-79116557#0,79116530#3,-979842178#5,-979842178#4,-979842178#3,-979842178#2,870315479#0,870315479#1,870315480,-979842178#0,-226068307,213840997,1157449881,979838980#0,979838980#1,979838980#2,979838980#3,979838980#4,979838980#5,979838980#6,57680170#0,57680170#1,57680132#0,57680132#1,174375406,1238123693,1238123694,563272697,561133136,561133138,-174375407#4,-174375407#3,-174375407#2",3.3916673095168437
79119289#0,-174375407#2,"79119289#0,79119289#1,79119289#2,-41231514#8,-41231514#7,-41231514#6,-41231514#5,-41231514#4,-41231514#3,-41231514#2,-41231514#1,-41231514#0,870315480,-979842178#0,-226068307,213840997,1157449881,979838980#0,979838980#1,979838980#2,979838980#3,979838980#4,979838980#5,979838980#6,57680170#0,57680170#1,57680132#0,57680132#1,174375408#0,174375408#1,-174375409,57680120#0,57680120#1,1238123694,563272697,561133136,561133138,-174375407#4,-174375407#3,-174375407#2",3.3210314957961073
79119289#0,-174375407#2,"79119289#0,79119289#1,79119289#2,1020078536,-79116557#3,-79116557#2,-79116557#1,-79116557#0,79116530#3,79116530#0,-561134628#1,-561134628#0,-1034110351#0,-23881168#1,-23881168#0,1259750653,145622122#0,145622122#1,145622122#2,563298888,979838980#0,979838980#1,979838980#2,979838980#3,979838980#4,979838980#5,979838980#6,57680170#0,57680170#1,57680132#0,57680132#1,174375406,1238123693,1238123694,563272697,563271328,174375401,1238123690,174375405,561133138,-174375407#4,-174375407#3,-174375407#2",3.5797869653598755
79119289#0,-174375407#2,"79119289#0,79119289#1,79119289#2,-41231514#8,-41231514#7,-41231514#6,-41231514#5,-41231514#4,1162803895,-41231514#2,-41231514#1,-41231514#0,870315480,-979842178#0,-226068307,213840997,1157449881,979838980#0,979838980#1,979838980#2,979838980#3,979838980#4,979838980#5,979838980#6,57680170#0,57680170#1,57680132#0,57680132#1,174375406,1238123693,1238123694,563272697,561133136,561133138,-174375407#4,-174375407#3,-174375407#2",3.3367060593580327
-41231513#3,-1157449877,"-41231513#3,-41231513#2,-41231513#1,-41231513#0,79119284#3,-79119286#3,-79119286#2,-79119286#1,-79119286#0,1157449877",0.5546418567426971
-41231513#3,-1157449877,"-41231513#3,41231513#3,41231513#4,-41231515#6,-41231515#5,-41231515#4,-41231515#3,-41231515#2,1020092135,41231756#0,41231756#1,41231756#2,41231756#3,-41231755,-79119286#0,1157449877",1.5423213633905688
-41231513#3,-1157449877,"41231513#3,41231513#4,-41231515#6,-41231515#5,-41231515#4,-41231515#3,-41231515#2,1020092135,41231756#0,41231756#1,41231756#2,41231756#3,-41231755,-79119286#0,1157449877",1.4443221637106969
-41231513#3,-1157449877,"41231513#3,41231513#4,-41231515#6,1020078548,-41273134,-41231515#3,-41231515#2,1020092135,41231756#0,41231756#1,41231756#2,41231756#3,-41231755,-79119286#0,1157449877",1.6384398107695204
-41231513#3,-1157449877,"41231513#3,41231513#4,-41231515#6,-41231515#5,-1020092139#1,-1020092139#0,1020092140,-41231515#3,-41231515#2,1020092135,41231756#0,41231756#1,41231756#2,41231756#3,-41231755,-79119286#0,1157449877",1.7386198827983321
-41231513#3,-1157449877,"-41231513#3,-41231513#2,-41231513#1,-41231513#0,79119284#3,79119284#4,79119284#5,-79116549#6,-79116549#5,-79116549#4,-79116549#3,-79116549#2,-79116549#1,-79116549#0,79116530#2,79116557#0,79116557#1,23881170,41231753#0,41231753#1,41231753#2,1157449877",3.5188075230092033
-41231513#3,-1157449877,"-41231513#3,41231513#3,41231513#4,-41231515#6,-41231515#5,-1020092139#1,-1020092139#0,1020092140,-41231515#3,-41231515#2,1020092135,41231756#0,41231756#1,41231756#2,41231756#3,-41231755,-79119286#0,1157449877",1.836619082478204
-41231513#3,-1157449877,"-41231513#3,41231513#3,41231513#4,-41231515#6,1020078548,-41273134,-41231515#3,-41231515#2,1020092135,41231756#0,41231756#1,41231756#2,41231756#3,-41231755,-79119286#0,1157449877",1.7364390104493923
-41231513#3,-1157449877,"41231513#3,41231513#4,-41231515#6,-41231515#5,-41231515#4,-1020092140,-1020092142,-1020092143,41273131,-1020092138,-41273130,41231515#1,1020092135,41231756#0,41231756#1,41231756#2,41231756#3,-41231755,-79119286#0,1157449877",2.2836178819980115
-41231513#3,-1157449877,"-41231513#3,-41231513#2,41273135,41273137#1,41273138,41231513#4,-41231515#6,1020078548,-41273134,-41231515#3,-41231515#2,1020092135,41231756#0,41231756#1,41231756#2,41231756#3,-41231755,-79119286#0,1157449877",2.147263340181285
57680181#0,-57680145#1,"57680181#0,57680181#1,-39353757#0,57680128,174375407#0,174375407#1,174375407#2,174375407#3,174375407#4,174375402,174375403,561133137,563273548,174375406,1238123693,1238123694,563272697,563271328,1238123691,-22561498,-22561652#6,-22561652#5,-22561652#4,-22561652#3,-22561652#2,-22561652#1,-22561652#0,-174907151#4,-174907151#1,-57392486,1004094803#0,1004094803#1,1004094802,57392452,-24580169#1,-24580169#0,22561499#0,22561499#1,22561499#2,-57680180#3,-57680180#2,-57680180#1,-57680180#0,-563282223,-1116499330#0,-1116499329,-1116499328#1,-1116499328#0,-57680087#2,-57680087#1,-57680087#0,1116499324#0,1116499324#1,1116499324#2,57680145#0,57680145#1",6.271633475916794
-57680180#1,-39353757#6,"57680180#1,57680180#2,57680180#3,174907152#0,174907152#1,174907152#2,174907151#0,174907151#2,174907151#5,22561652#1,22561652#2,22561652#3,22561652#4,22561652#5,22561652#6,125835948,563369678,1238123690,174375405,561133138,-174375407#4,-174375407#3,-174375407#2,-174375407#1,-174375407#0,-563297843,57680093,39353757#0,39353757#1,39353757#2,39353757#3,39353757#4,39353757#5,39353757#6",2.9308677250597857
-57680180#1,-39353757#6,"57680180#1,57680180#2,57680180#3,174907152#0,174907152#1,174907152#2,174907151#0,174907151#2,174907151#5,22561652#1,22561652#2,22561652#3,22561652#4,22561652#5,22561652#6,125835948,563369678,1238123690,174375405,561133138,-174375407#4,-174375407#3,-174375407#2,-174375407#1,-174375407#0,-563297843,57680093,39353757#0,39353757#1,39353757#2,1123308755,1123308756,39353757#4,39353757#5,39353757#6",2.96672206679648
-57680180#1,-39353757#6,"57680180#1,57680180#2,57680180#3,174907152#0,174907152#1,174907152#2,-57392486,1163710302,57392474,57392457#1,22561652#1,22561652#2,22561652#3,22561652#4,22561652#5,22561652#6,125835948,563369678,1238123690,174375405,561133138,-174375407#4,-174375407#3,-174375407#2,-174375407#1,-174375407#0,-563297843,-174907149,-39353757#19,-39353757#18,-39353757#17,39389916#0,39389916#1,1123308756,39353757#4,39353757#5,39353757#6",5.734087646121737
-57680180#1,-39353757#6,"-57680180#1,57680171#0,57680171#1,57680171#2,22561499#2,174907152#0,174907152#1,174907152#2,-57392486,1163710302,57392474,57392457#1,22561652#1,22561652#2,22561652#3,22561652#4,22561652#5,22561652#6,125835948,563369678,1238123690,174375405,561133138,-174375407#4,-174375407#3,-174375407#2,-174375407#1,-174375407#0,-563297843,-174907149,-39353757#19,174375411#0,174375411#1,39353757#0,39353757#1,39353757#2,39353757#3,39353757#4,39353757#5,39353757#6",5.6679011715319
-57680180#1,-39353757#6,"57680180#1,57680180#2,57680180#3,174907152#0,174907152#1,174907152#2,-57392486,1163710302,57392474,57392457#1,22561652#1,22561652#2,22561652#3,22561652#4,22561652#5,22561652#6,125835948,563369678,1238123690,174375405,561133138,-174375407#4,-174375407#3,-174375407#2,-174375407#1,-174375407#0,-563297843,57680093,39353757#0,39353757#1,39353757#2,39353757#3,39353757#4,39353757#5,39353757#6",3.9590576341169337
-57680180#1,-39353757#6,"57680180#1,57680180#2,57680180#3,174907152#0,174907152#1,174907152#2,174907151#0,174907151#2,174907151#5,22561652#1,22561652#2,22561652#3,22561652#4,22561652#5,22561652#6,125835948,563369678,1238123690,174375405,561133138,-174375407#4,-174375407#3,-174375407#2,-174375407#1,-174375407#0,-563297843,-174907149,-39353757#19,-39353757#18,-39353757#17,-39353757#16,-39353757#15,-39353757#14,-39353757#13,174375412,49188792#1,-39353757#7,-39353757#6",4.719773308891591
-57680180#1,-39353757#6,"57680180#1,57680180#2,57680180#3,174907152#0,174907152#1,174907152#2,174907151#0,174907151#2,174907151#5,22561652#1,22561652#2,22561652#3,22561652#4,22561652#5,22561652#6,125835948,563369678,1238123690,174375405,561133138,-174375407#4,-174375407#3,-174375407#2,-174375407#1,-174375407#0,-563297843,-174907149,-39353757#19,-39353757#18,57680181#0,57680181#1,39353757#1,39353757#2,1123308755,-39389916#1,-39389916#0,-39353757#16,-39353757#15,-39353757#14,49188792#0,49188792#1,-39353757#7,-39353757#6",6.289651238465148
-57680180#1,-39353757#6,"-57680180#1,57680180#1,57680180#2,57680180#3,174907152#0,174907152#1,174907152#2,174907151#0,174907151#2,174907151#5,22561652#1,22561652#2,22561652#3,22561652#4,22561652#5,22561652#6,125835948,563369678,1238123690,174375405,561133138,-174375407#4,-174375407#3,-174375407#2,-174375407#1,-174375407#0,-563297843,-174907149,-39353757#19,-39353757#18,-39353757#17,-39353757#16,-57680150#1,-57680150#0,39353757#5,39353757#6",4.821724067596801
-57680180#1,-39353757#6,"-57680180#1,57680180#1,57680180#2,57680180#3,174907152#0,174907152#1,174907152#2,174907151#0,174907151#2,174907151#5,22561652#1,22561652#2,22561652#3,22561652#4,22561652#5,22561652#6,125835948,563369678,1238123690,174375405,561133138,-174375407#4,-174375407#3,-174375407#2,-174375407#1,-174375407#0,-563297843,-174907149,-39353757#19,174375411#0,174375411#1,39353757#0,39353757#1,39353757#2,39353757#3,39353757#4,57680150#0,57680150#1,-39353757#15,-39353757#14,-39353757#13,174375412,49188792#1,-39353757#7,-39353757#6",6.083138655030047
57680146,-57392454#1,"-57680146,-57680097#0,-1238123695#0,-174375409,57680120#0,57680120#1,1238123694,563272697,563271328,1238123691,-22561498,-22561652#6,-22561652#5,-22561652#4,-22561652#3,-22561652#2,-22561652#1,-22561652#0,-174907151#4,-174907151#1,-174907152#2,-174907152#1,-174907152#0,-22561653,-22561499#1,-22561499#0,24580169#0,24580169#1,24580169#2,57392454#0,57392454#1",1.7917527667768525
57680146,-57392454#1,"-57680146,-57680097#0,-1238123695#0,-174375409,57680120#0,57680120#1,1238123694,563272697,563271328,1238123691,-22561498,-22561652#6,-22561652#5,-22561652#4,-22561652#3,-22561652#2,-22561652#1,-22561652#0,-174907151#4,-174907151#1,-57392486,1004094803#0,1004094803#1,1004094802,57392452,-24580169#1,-32898141,57099587#1,57099575#2,57392454#0,57392454#1",3.5465273098222623
41273126,1116499317#2,"41273126,1020092139#0,1020092139#1,-41231515#4,41273134,-1020078548,41231515#6,-41231513#4,-41231513#3,-41231513#2,-41231513#1,-41231513#0,79119284#3,79119284#4,79119284#5,79119284#1,-561133140#1,-561133140#0,-227385933,-23030922#0,-154901400#5,-154901400#4,-154901400#3,-154901400#2,-154901400#1,-154901400#0,-227218424,-227218423,-57680175,-57680125#0,-57680135,-57680114#3,-57680114#2,-57680114#1,-57680114#0,-1264978471,-57680145#1,-57680145#0,-1116499324#2,-1116499324#1,-1116499324#0,57680087#0,57680087#1,57680087#2,1116499328#0,1116499328#1,1116499329,1116499330#0,1116499330#1,57680180#0,57680180#1,57680180#2,57680180#3,174907152#0,174907152#1,174907152#2,1116499317#0,1116499317#1,1116499317#2",10.998383374944357
-1264978470#1,41273128#1,"-1264978470#1,1264978470#1,57680111,57680112#1,1116499324#0,1116499324#1,1116499324#2,57680145#0,57680145#1,1264978471,561133118,57680114#1,57680114#2,57680114#3,57680135,57680125#0,57680125#1,57680125#2,57680127,227218689,154901400#2,154901400#3,154901400#4,154901400#5,23030923#2,23030922#1,41231752,561133140#1,79119284#2,41231513#0,41231513#1,41273135,41273136,41231513#3,41231513#4,-41231515#6,-41231515#5,-1020092139#1,-1020092139#0,-1020092142,-1020092143,41273131,41273128#1",11.471684954179887
-1264978470#1,41273128#1,"-1264978470#1,1264978470#1,57680111,57680112#1,1116499324#0,1116499324#1,1116499324#2,57680145#0,57680145#1,1264978471,561133118,57680114#1,57680114#2,57680114#3,57680135,57680125#0,57680175,227218423,227218424,154901400#0,154901400#1,154901400#2,154901400#3,154901400#4,154901400#5,23030923#2,23030922#1,41231752,561133140#1,79119284#2,41231513#0,41231513#1,41231513#2,41231513#3,41231513#4,-41231515#6,-41231515#5,-1020092139#1,-1020092139#0,-1020092142,-1020092143,41273131,41273128#1",10.985343735901287
-1264978470#1,41273128#1,"1264978470#1,57680111,57680112#1,1116499324#0,1116499324#1,1116499324#2,57680145#0,57680145#1,1264978471,561133118,57680114#1,57680114#2,57680114#3,57680135,57680125#0,57680175,227218423,227218424,154901400#0,154901400#1,154901400#2,154901400#3,154901400#4,154901400#5,23030923#2,23030922#1,41231752,561133140#1,79119284#2,41231513#0,41231513#1,41231513#2,41231513#3,41231513#4,-41231515#6,-41231515#5,-1020092139#1,-1020092139#0,-1020092142,-1020092143,41273131,41273128#1",10.451910362551944
-1264978470#1,41273128#1,"-1264978470#1,1264978470#1,57680111,57680112#1,1116499324#0,1116499324#1,1116499324#2,57680145#0,57680145#1,1264978471,561133118,57680114#1,57680114#2,57680114#3,57680135,57680125#0,57680175,227218423,227218424,154901400#0,154901400#1,154901400#2,154901400#3,154901400#4,154901400#5,23030923#2,23030922#1,41231752,561133140#1,79119284#2,41231513#0,41231513#1,41273135,41273136,41231513#3,41231513#4,-41231515#6,-41231515#5,-41231515#4,-41231515#3,-41231515#2,-41231515#1,-41231515#0,-1157449879,1020092137#1,1020092138,41273128#1",11.353511002808053
-1264978470#1,41273128#1,"1264978470#1,57680111,57680112#1,1116499324#0,1116499324#1,1116499324#2,57680145#0,57680145#1,1264978471,561133118,57680114#1,57680114#2,57680114#3,57680135,57680125#0,57680125#1,57680125#2,57680127,227218689,154901400#2,154901400#3,154901400#4,154901400#5,23030923#2,23030922#1,41231752,561133140#1,79119284#2,41231513#0,41231513#1,41273135,41273136,41231513#3,41231513#4,-41231515#6,1020078548,-41273134,-41231515#3,-41231515#2,-41231515#1,-41231515#0,-1157449879,1020092137#1,1020092138,41273128#1",11.241893037413183
41231711#3,-41231515#0,"-41231711#3,-41231711#2,-41231711#1,-41231711#0,41231514#6,41231514#7,41231514#8,1020078536,-79116557#3,1020078538,1020078537#1,1157449878#0,1157449878#1,41231515#0",1.544894703741828
41231711#3,-41231515#0,"-41231711#3,-41231711#2,41231712,79119289#1,79119289#2,1020078536,-79116557#3,-79116557#2,23881170,1020078542,1157449878#1,41231515#0",1.7422488793933701
41231711#3,-41231515#0,"41231711#3,79119289#0,79119289#1,79119289#2,1020078536,-79116557#3,-79116557#2,23881170,1020078542,1157449878#1,41231515#0",1.7000520006418696
41231711#3,-41231515#0,"41231711#3,-41231711#3,-41231711#2,41231712,79119289#1,79119289#2,1020078536,1020078537#0,1020078537#1,1157449878#0,1157449878#1,41231515#0",1.5761692437954304
41231711#3,-41231515#0,"41231711#3,-41231711#3,-41231711#2,-41231711#1,41231710,79119289#2,1020078536,-79116557#3,-79116557#2,23881170,1020078542,1157449878#1,41231515#0",1.889407742938788
41231711#3,-41231515#0,"41231711#3,79119289#0,79119289#1,79119289#2,1020078536,1020078537#0,1020078537#1,1157449878#0,1157449878#1,41231515#0",1.4184861705661387
41231711#3,-41231515#0,"41231711#3,-41231711#3,-41231711#2,-41231711#1,41231710,79119289#2,1020078536,1020078537#0,1020078537#1,1157449878#0,1157449878#1,41231515#0",1.6078419128630574
41231711#3,-41231515#0,"41231711#3,79119289#0,79119289#1,79119289#2,1020078536,-79116557#3,1020078538,1020078537#1,1157449878#0,1157449878#1,41231515#0",1.4517174328334645
41231711#3,-41231515#0,"-41231711#3,-41231711#2,-41231711#1,41231709#0,41231709#1,79119289#0,79119289#1,79119289#2,1020078536,1020078537#0,1020078537#1,1157449878#0,1157449878#1,41231515#0",2.2069015367125973
41231711#3,-41231515#0,"41231711#3,-41231711#3,-41231711#2,41231712,79119289#1,79119289#2,1020078536,-79116557#3,1020078538,1020078537#1,1157449878#0,1157449878#1,41231515#0",1.6094005060627563
-41231515#0,41231711#3,"-41231515#0,-1157449878#1,-1157449878#0,1020078539,1020078540,-41231514#8,-41231514#7,-41231514#6,41231711#0,41231711#1,41231711#2,41231711#3",1.7440376150460184
-41231515#0,41231711#3,"41231515#0,41231515#1,41231515#2,41231515#3,41273134,-1020078548,-41231515#5,-1020092139#1,-1020092139#0,-1020092142,-1020092143,41273131,-1020092138,-1020092137#1,1157449879,-1157449878#1,-1157449878#0,1020078539,1020078540,-41231514#8,-41231514#7,-41231514#6,41231711#0,41231709#0,41231709#1,-41231711#3",4.846798719487795
-41231515#0,41231711#3,"-41231515#0,-1157449879,1020092137#1,1020092138,41273128#1,1020092142,1020092139#0,1020092139#1,-41231515#4,41273134,-1020078548,41231515#6,-41231513#4,-41231513#3,-41231513#2,-41231513#1,-41231513#0,79119284#3,-79119286#3,-79119286#2,-79119286#1,-79119286#0,-41231753#2,-41231753#1,-41231753#0,1020078542,-1157449878#0,1020078539,1020078540,-41231514#8,-41231514#7,-41231514#6,41231711#0,41231711#1,41231711#2,41231711#3",5.041139033007012
-41231515#0,41231711#3,"-41231515#0,41231515#0,41273130,41273126,1020092140,41231515#4,41231515#5,41231515#6,-41231513#4,-41231513#3,-41231513#2,-41231513#1,-41231513#0,79119284#3,79119284#4,79119284#5,-79116549#6,-79116549#5,-79116549#4,79119291#2,79119293#0,79119288,41231358#0,-79116549#2,-79116549#1,-79116549#0,79116530#2,79116557#0,79116557#1,79116557#2,79116557#3,79116557#4,1020078540,-41231514#8,-41231514#7,-41231514#6,41231711#0,41231711#1,41231711#2,41231711#3",5.58031212484994
-41231515#0,41231711#3,"-41231515#0,-1157449878#1,-1157449878#0,1020078539,1020078540,-41231514#8,-41231514#7,-41231514#6,41231711#0,41231709#0,41231709#1,-41231711#3",2.15828331332533
-41231515#0,41231711#3,"41231515#0,41231515#1,41231515#2,41231515#3,41231515#4,-1020092139#1,-1020092139#0,-1020092142,-1020092143,41273131,-1020092138,-1020092137#1,1157449879,-1157449878#1,-1157449878#0,1020078539,1020078540,-41231514#8,-41231514#7,-41231514#6,41231711#0,41231709#0,41231709#1,-41231711#3",4.6410564225690285
-41231515#0,41231711#3,"41231515#0,41231515#1,41231515#2,41231515#3,-1020092140,-1020092142,-1020092143,41273131,-1020092138,-1020092137#1,1157449879,-1157449878#1,-1157449878#0,1020078539,1020078540,-41231514#8,-41231514#7,-41231514#6,41231711#0,41231711#1,41231711#2,41231711#3",3.766926770708283
-41231515#0,41231711#3,"41231515#0,41231515#1,41231515#2,41231515#3,-1020092140,-1020092142,-1020092143,41273131,-1020092138,-1020092137#1,1157449879,-1157449878#1,-1157449878#0,1020078539,1020078540,-41231514#8,-41231514#7,-41231514#6,41231711#0,41231709#0,41231709#1,-41231711#3",4.181172468987595
-41231515#0,41231711#3,"41231515#0,41231515#1,1020092135,1020092136,41231515#3,41273134,-1020078548,-41231515#5,-1020092139#1,-1020092139#0,-1020092142,-1020092143,41273131,-1020092138,-1020092137#1,1157449879,-1157449878#1,-1157449878#0,1020078539,1020078540,-41231514#8,-41231514#7,-41231514#6,41231711#0,41231711#1,41231711#2,41231711#3",4.461669102486207
-41231515#0,41231711#3,"41231515#0,41273130,-1020092137#1,1157449879,-1157449878#1,-1157449878#0,1020078539,1020078540,-41231514#8,-41231514#7,-41231514#6,41231711#0,41231711#1,41231711#2,41231711#3",2.2727891156462583
41231709#0,-41231513#2,"41231709#0,41231709#1,79119289#0,79119289#1,79119289#2,1020078536,-79116557#3,1020078538,1020078537#1,1157449878#0,1157449878#1,-1157449879,1020092137#1,41273126,1020092139#0,1020092139#1,-41231515#4,41273134,-1020078548,41231515#6,-41231513#4,-41231513#3,-41231513#2",4.349796664526142
41231709#0,-41231513#2,"41231709#0,41231709#1,-41231711#3,-41231711#2,-41231711#1,-41231711#0,41231514#6,41231514#7,41231514#8,1020078536,-79116557#3,1020078538,1020078537#1,1157449878#0,1157449878#1,-1157449879,1020092137#1,-41273130,41231515#1,1020092135,41231756#0,41231756#1,41273133,-41273134,-1020092140,1020092139#0,1020092139#1,41231515#5,41231515#6,-41231513#4,-41231513#3,-41231513#2",4.438616627356486
41231709#0,-41231513#2,"41231709#0,41231709#1,79119289#0,79119289#1,79119289#2,1020078536,1020078537#0,1020078537#1,1157449878#0,1157449878#1,41231515#0,41273130,1020092138,41273128#1,1020092142,1020092139#0,1020092139#1,41231515#5,41231515#6,-41231513#4,-41231513#3,-41231513#2",3.9328519168646587
41231709#0,-41231513#2,"41231709#0,41231709#1,-41231711#3,-41231711#2,41231712,79119289#1,79119289#2,1020078536,1020078537#0,1020078537#1,1157449878#0,1157449878#1,41231515#0,41231515#1,41231515#2,41231515#3,41231515#4,41231515#5,41231515#6,-41231513#4,-41231513#3,-41231513#2",3.513724265804234
41231709#0,-41231513#2,"41231709#0,41231709#1,79119289#0,79119289#1,79119289#2,1020078536,1020078537#0,1020078537#1,1157449878#0,1157449878#1,41231515#0,41273130,41273126,1020092139#0,1020092139#1,41231515#5,41231515#6,-41231513#4,-41231513#3,-41231513#2",3.742675846436487
41231709#0,-41231513#2,"41231709#0,41231709#1,79119289#0,79119289#1,79119289#2,1020078536,1020078537#0,1020078537#1,1157449878#0,1157449878#1,41231515#0,41273130,41273126,1020092140,41273134,-1020078548,41231515#6,-41231513#4,-41231513#3,-41231513#2",3.822647835232005
41231709#0,-41231513#2,"41231709#0,41231709#1,79119289#0,79119289#1,79119289#2,1020078536,-79116557#3,-79116557#2,23881170,1020078542,1157449878#1,41231515#0,41231515#1,41231515#2,41231515#3,41273134,-1020078548,41231515#6,-41231513#4,-41231513#3,-41231513#2",3.8425489994413904
41231709#0,-41231513#2,"41231709#0,41231709#1,-41231711#3,-41231711#2,-41231711#1,41231710,79119289#2,1020078536,1020078537#0,1020078537#1,1157449878#0,1157449878#1,41231515#0,41231515#1,41231515#2,41231515#3,41273134,-1020078548,41231515#6,-41231513#4,-41231513#3,-41231513#2",3.750338911662577
41231709#0,-41231513#2,"41231709#0,41231709#1,79119289#0,79119289#1,79119289#2,1020078536,-79116557#3,-79116557#2,23881170,1020078542,1157449878#1,-1157449879,1020092137#1,1020092138,41273128#1,1020092142,1020092139#0,1020092139#1,-41231515#4,-41231515#3,-41231515#2,1020092135,41231756#0,41231756#1,41273133,-1020078548,41231515#6,-41231513#4,-41231513#3,-41231513#2",5.569844352427798
41231709#0,-41231513#2,"41231709#0,41231709#1,-41231711#3,-41231711#2,-41231711#1,-41231711#0,41231514#6,41231514#7,41231514#8,1020078536,-79116557#3,1020078538,1020078537#1,1157449878#0,1157449878#1,41231515#0,41231515#1,41231515#2,41231515#3,41231515#4,41231515#5,41231515#6,-41231513#4,-41231513#3,-41231513#2",3.5979359202284225
-1020092142,-174375407#2,"-1020092142,-1020092143,41273131,-1020092138,-1020092137#1,1157449879,-1157449878#1,-1157449878#0,1020078539,1020078540,-41231514#8,-41231514#7,-41231514#6,41231719,1020092132,-41231514#4,-41231514#3,-41231514#2,-41231514#1,-41231514#0,870315480,-979842178#0,-226068307,213840997,1157449881,979838980#0,979838980#1,979838980#2,979838980#3,979838980#4,979838980#5,979838980#6,57680170#0,57680170#1,57680132#0,57680132#1,174375408#0,174375408#1,-174375409,57680120#0,57680120#1,1238123694,563272697,563271328,174375401,1238123690,174375405,561133138,-174375407#4,-174375407#3,-174375407#2",5.30324855828705
-1020092142,-174375407#2,"1020092142,1020092140,-41231515#3,-41231515#2,-41231515#1,-41231515#0,-1157449878#1,-1157449878#0,1020078539,1020078540,1020078536,-79116557#3,-79116557#2,-79116557#1,-79116557#0,79116530#3,-979842178#5,-979842178#4,-979842178#3,870315481#0,870315481#1,870315479#1,870315480,-979842178#0,-226068307,213840997,1157449881,979838980#0,979838980#1,979838980#2,979838980#3,979838980#4,979838980#5,979838980#6,57680170#0,57680170#1,57680132#0,57680132#1,174375406,1238123693,1238123694,563272697,561133136,561133138,-174375407#4,-174375407#3,-174375407#2",4.726481235087072
-1020092142,-174375407#2,"1020092142,1020092139#0,1020092139#1,-41231515#4,41273134,-1020078548,41231515#6,-41231513#4,-41231513#3,-41231513#2,-41231513#1,-41231513#0,79119284#3,-79119286#3,-79119286#2,-41231511#3,-41231511#2,-41231511#1,-41231511#0,79119293#0,79119293#1,-41231508#3,-41231508#2,-41231508#1,-79116549#0,79116530#2,79116530#3,-979842178#5,-979842178#4,-979842178#3,-979842178#2,870315479#0,870315479#1,870315480,-979842178#0,-226068307,213840997,1157449881,979838980#0,979838980#1,979838980#2,979838980#3,979838980#4,979838980#5,979838980#6,57680170#0,57680170#1,57680132#0,57680132#1,174375406,1238123693,1238123694,563272697,561133136,561133138,-174375407#4,-174375407#3,-174375407#2",5.580053261449813
79119293#1,23881170,"79119293#1,-41231508#3,41231509,41231360,41231359#1,-41231508#1,-79116549#0,79116530#2,79116557#0,79116557#1,23881170",1.4351340536214487
79119293#1,23881170,"79119293#1,79119293#2,41231360,41231359#1,-41231508#1,-79116549#0,79116530#2,79116557#0,79116557#1,23881170",1.432092837134854
79119293#1,23881170,"79119293#1,-41231508#3,-41231508#2,-41231508#1,-79116549#0,79116530#2,79116557#0,79116557#1,23881170",1.3150260104041618
79119293#1,23881170,"79119293#1,79119293#2,-41231509,-41231508#2,79119292,41231358#0,-79116549#2,-79116549#1,-79116549#0,79116530#2,79116557#0,79116557#1,23881170",2.1660864345738293
79119293#1,23881170,"79119293#1,-41231508#3,-41231508#2,79119292,41231358#0,-79116549#2,-79116549#1,-79116549#0,79116530#2,79116557#0,79116557#1,23881170",2.149159663865546
79119293#1,23881170,"79119293#1,79119293#2,-41231509,-41231508#2,-41231508#1,-79116549#0,79116530#2,79116557#0,79116557#1,23881170",1.3319527811124452
79119293#1,23881170,"79119293#1,79119293#2,41231360,41231359#1,79119292,41231358#0,-79116549#2,-79116549#1,-79116549#0,79116530#2,79116557#0,79116557#1,23881170",2.2662264905962384
79119293#1,23881170,"79119293#1,-41231508#3,41231509,41231360,41231359#1,79119292,41231358#0,-79116549#2,-79116549#1,-79116549#0,79116530#2,79116557#0,79116557#1,23881170",2.269267707082833
57680124,-561133140#1,"57680124,-57680124,41231753#2,79119286#0,79119286#1,79119286#2,79119286#3,79119284#4,79119284#5,79119284#1,-561133140#1",0.7000200080032014
57680124,-561133140#1,"-57680124,41231753#2,79119286#0,79119286#1,79119286#2,79119286#3,79119284#4,79119284#5,79119284#1,-561133140#1",0.5329731892757104
57680124,-561133140#1,"57680124,-57680124,41231753#2,79119286#0,79119286#1,-41231511#3,-41231511#2,-41231511#1,-41231511#0,79119293#0,79119288,41231358#0,41231358#1,41231357#1,79119291#1,79116549#4,79116549#5,79116549#6,79119284#1,-561133140#1",2.8454181672669074
57680124,-561133140#1,"-57680124,41231753#2,79119286#0,79119286#1,-41231511#3,-41231511#2,-41231511#1,-41231511#0,79119293#0,79119288,41231358#0,79116549#3,79116549#4,79116549#5,79116549#6,79119284#1,-561133140#1",2.660984393757503
57680124,-561133140#1,"57680124,-57680124,41231753#2,79119286#0,41231755,-41231756#3,-41231756#2,-41231756#1,-41231756#0,1020092136,41231515#3,-1020092140,1020092139#0,1020092139#1,41231515#5,41231515#6,-41231513#4,-41231513#3,-41231513#2,-41231513#1,-41231513#0,79119284#3,-79119286#3,-79119286#2,-41231511#3,-41231511#2,-41231511#1,-41231511#0,79119293#0,79119293#1,-41231508#3,41231509,41231360,41231359#1,79119292,41231358#0,79116549#3,79116549#4,79116549#5,79116549#6,79119284#1,-561133140#1",5.454021608643457
57680124,-561133140#1,"57680124,-57680124,-41231753#1,-41231753#0,1020078542,1157449878#1,41231515#0,41273130,1020092138,41273128#1,1020092142,1020092139#0,1020092139#1,-41231515#4,41273134,-1020078548,41231515#6,-41231513#4,-41231513#3,-41231513#2,-41231513#1,-41231513#0,79119284#3,79119284#4,79119284#5,79119284#1,-561133140#1",3.778233870942186
57680124,-561133140#1,"-57680124,-41231753#1,-41231753#0,1020078542,-1157449878#0,1020078539,1020078540,1020078536,-79116557#3,-79116557#2,-79116557#1,-79116557#0,79116530#3,79116530#0,79116530#1,79116549#0,-41231508#0,79119287#0,79119287#1,79119287#2,79116549#5,79116549#6,79119284#1,-561133140#1",3.56943975574391
57680124,-561133140#1,"-57680124,-41231753#1,-41231753#0,1020078542,1157449878#1,-1157449879,1020092137#1,41273126,1020092139#0,1020092139#1,41231515#5,41231515#6,-41231513#4,-41231513#3,-41231513#2,-41231513#1,-41231513#0,79119284#3,79119284#4,79119284#5,79119284#1,-561133140#1",2.922111421962593
57680124,-561133140#1,"57680124,-57680124,41231753#2,79119286#0,79119286#1,-41231511#3,-41231511#2,-41231511#1,-41231511#0,79119293#0,79119293#1,79119293#2,41231360,41231359#1,-41231508#1,79116549#1,79116549#2,41231358#1,79119291#0,79119291#1,79116549#4,79116549#5,79116549#6,79119284#1,-561133140#1",3.6278711484593833
57680124,-561133140#1,"57680124,-57680124,41231753#2,79119286#0,41231755,-41231756#3,-41231756#2,-41231756#1,-41231756#0,1020092136,41231515#3,41231515#4,41231515#5,41231515#6,-41231513#4,-41231513#3,-41231513#2,-41231513#1,-41231513#0,79119284#3,-79119286#3,-79119286#2,-41231511#3,-41231511#2,-41231511#1,-41231511#0,79119293#0,79119288,41231358#0,79116549#3,79116549#4,79116549#5,79116549#6,79119284#1,-561133140#1",4.471988795518208
-57680132#1,57099580,"57680132#1,174375408#0,174375408#1,-174375409,57680120#0,57680120#1,1238123694,563272697,563271328,1238123691,-22561498,-22561652#6,-22561652#5,-22561652#4,-22561652#3,-22561652#2,-22561652#1,-22561652#0,-174907151#4,-174907151#1,-174907152#2,-174907152#1,-174907152#0,-57680180#3,-57680180#2,-57680180#1,57680171#0,57680171#1,57680171#2,-22561499#1,-22561499#0,-22561654#5,-22561654#4,-22561654#3,57099580",1.7728568893360077
-57680132#1,57099580,"57680132#1,174375406,1238123693,1238123694,563272697,563271328,1238123691,-22561498,-22561652#6,-22561652#5,-22561652#4,-22561652#3,-22561652#2,-22561652#1,-22561652#0,-174907151#4,-174907151#1,-174907152#2,-174907152#1,-174907152#0,-22561653,-22561499#1,-22561499#0,-22561654#5,-22561654#4,-22561654#3,57099580",1.322354845465904
-57680132#1,57099580,"57680132#1,174375406,1238123693,1238123694,563272697,563271328,1238123691,-22561498,-22561652#6,-22561652#5,-22561652#4,-22561652#3,-22561652#2,-22561652#1,-22561652#0,-174907151#4,-174907151#1,-57392486,1004094803#0,1004094803#1,1004094802,57392452,-24580169#1,-24580169#0,-22561654#5,-22561654#4,-22561654#3,57099580",2.7989670011195327
-57680132#1,57099580,"57680132#1,174375408#0,174375408#1,-174375409,57680120#0,57680120#1,1238123694,563272697,563271328,1238123691,-22561498,-22561652#6,-22561652#5,-22561652#4,-22561652#3,-22561652#2,-22561652#1,-22561652#0,-174907151#4,-174907151#1,-174907152#2,-174907152#1,-174907152#0,-22561653,-22561499#1,-22561499#0,-22561654#5,-22561654#4,-22561654#3,57099580",1.31851515264133
-57680132#1,57099580,"57680132#1,174375408#0,174375408#1,-174375409,57680120#0,57680120#1,1238123694,563272697,563271328,1238123691,-22561498,-22561652#6,-22561652#5,-22561652#4,-22561652#3,-22561652#2,-22561652#1,-22561652#0,-174907151#4,-174907151#1,-57392486,1004094803#0,1004094803#1,1004094802,57392452,-24580169#1,-24580169#0,-22561654#5,-22561654#4,-22561654#3,57099580",2.7951273082949584
-57680132#1,57099580,"57680132#1,174375408#0,174375408#1,-174375409,57680120#0,57680120#1,1238123694,563272697,563271328,1238123691,-22561498,-22561652#6,-22561652#5,-22561652#4,-22561652#3,-22561652#2,-22561652#1,-22561652#0,-174907151#4,-174907151#1,-57392486,1004094803#0,1004094803#1,1004094802,57392452,24580169#2,-57099575#2,-57099587#1,32898141,-24580169#0,-22561654#5,-22561654#4,-22561654#3,57099580",3.346629044323003
-174375407#3,-1020092143,"174375407#3,174375407#4,174375402,174375403,561133137,563273548,-57680132#1,-57680132#0,57680179#0,57680179#1,57680179#2,57680179#3,-979838980#6,-979838980#5,-979838980#4,-979838980#3,-979838980#2,-979838980#1,-979838980#0,-563298888,213840999,979842179,226068307,979842178#0,979842178#1,870315479#0,870315479#1,41231514#0,41231514#1,41231514#2,41231514#3,41231514#4,41231514#5,41231719,41231718#0,41231720,41231514#7,41231514#8,1020078536,1020078537#0,1020078537#1,1157449878#0,1157449878#1,-1157449879,1020092137#1,1020092138,41273128#1,-1020092143",4.922700277481869
-174375407#3,-1020092143,"174375407#3,174375407#4,174375402,174375403,561133137,563273548,-57680132#1,-57680132#0,57680179#0,57680179#1,57680179#2,57680179#3,-979838980#6,-979838980#5,-979838980#4,-979838980#3,-979838980#2,-979838980#1,-979838980#0,-563298888,213840999,979842179,226068307,979842178#0,979842178#1,979842178#2,979842178#3,41231717,979842178#5,79116530#0,79116530#1,79116530#2,79116557#0,79116557#1,23881170,1020078542,1157449878#1,41231515#0,41273130,1020092138,41273128#1,-1020092143",4.875605240763079
-174375407#3,-1020092143,"174375407#3,174375407#4,174375402,174375403,561133137,563273548,-57680132#1,-57680132#0,57680179#0,57680179#1,57680179#2,57680179#3,-979838980#6,-979838980#5,-979838980#4,-979838980#3,-979838980#2,-979838980#1,-979838980#0,-563298888,213840999,979842179,226068307,979842178#0,979842178#1,979842178#2,979842178#3,979842178#4,979842178#5,79116530#0,79116530#1,79116530#2,79116557#0,79116557#1,23881170,1020078542,1157449878#1,41231515#0,41231515#1,41231515#2,41231515#3,-1020092140,-1020092142,-1020092143",4.496253500066802
-174375407#3,-1020092143,"174375407#3,174375407#4,174375402,174375403,561133137,563273548,-57680132#1,-57680132#0,57680179#0,57680179#1,57680179#2,57680179#3,-979838980#6,-979838980#5,-979838980#4,-979838980#3,-979838980#2,-979838980#1,-979838980#0,-563298888,213840999,979842179,226068307,979842178#0,979842178#1,979842178#2,979842178#3,979842178#4,979842178#5,79116530#0,79116530#1,79116530#2,79116557#0,79116557#1,23881170,1020078542,1157449878#1,41231515#0,41273130,1020092138,41273128#1,-1020092143",4.620283111911538
-174375407#3,-1020092143,"174375407#3,174375407#4,174375402,174375403,561133137,563273548,-57680132#1,-57680132#0,57680179#0,57680179#1,57680179#2,57680179#3,-979838980#6,-979838980#5,-979838980#4,-979838980#3,-979838980#2,-979838980#1,-979838980#0,-563298888,213840999,979842179,226068307,979842178#0,979842178#1,979842178#2,979842178#3,979842178#4,979842178#5,79116530#0,79116530#1,79116530#2,79116557#0,79116557#1,23881170,1020078542,1157449878#1,-1157449879,1020092137#1,1020092138,41273128#1,-1020092143",4.657778109910739
-174375407#3,-1020092143,"174375407#3,174375407#4,174375402,174375403,561133137,563273548,-57680132#1,-57680132#0,57680179#0,57680179#1,57680179#2,57680179#3,-979838980#6,-979838980#5,-979838980#4,-979838980#3,-979838980#2,-979838980#1,-979838980#0,-563298888,213840999,979842179,226068307,979842178#0,979842178#1,979842178#2,979842178#3,41231717,979842178#5,79116530#0,79116530#1,79116530#2,79116557#0,79116557#1,23881170,1020078542,1157449878#1,-1157449879,1020092137#1,41273126,-1020092142,-1020092143",4.884868946245272
-174375407#3,-1020092143,"174375407#3,174375407#4,174375402,174375403,561133137,563273548,-57680132#1,-57680132#0,57680179#0,57680179#1,57680179#2,57680179#3,-979838980#6,-979838980#5,-979838980#4,-979838980#3,-979838980#2,-979838980#1,-979838980#0,-563298888,-145622122#2,213840998,979842179,226068307,979842178#0,979842178#1,979842178#2,979842178#3,979842178#4,979842178#5,79116530#0,79116530#1,79116549#0,79116549#1,79116549#2,41231358#1,41231357#1,79119291#1,79119291#2,41231511#0,41231511#1,41231511#2,41231511#3,-79119286#1,41231755,-41231756#3,-41231756#2,-41231756#1,-41231756#0,1020092136,41231515#3,41273134,-1020078548,-41231515#5,-1020092139#1,-1020092139#0,-1020092142,-1020092143",5.329275818843301
-174375407#3,-1020092143,"174375407#3,174375407#4,174375402,174375403,561133137,563273548,-57680132#1,-57680132#0,57680179#0,57680179#1,57680179#2,57680179#3,-979838980#6,-979838980#5,-979838980#4,-979838980#3,-979838980#2,-979838980#1,-979838980#0,-563298888,213840999,979842179,226068307,979842178#0,979842178#1,979842178#2,979842178#3,979842178#4,979842178#5,79116530#0,79116530#1,79116530#2,79116557#0,79116557#1,79116557#2,1020078538,1020078537#1,1157449878#0,1157449878#1,-1157449879,1020092137#1,-41273130,41231515#1,41231515#2,41231515#3,-1020092140,-1020092142,-1020092143",4.7270705929226615
-174375407#3,-1020092143,"174375407#3,174375407#4,174375402,174375403,561133137,563273548,-57680132#1,-57680132#0,57680179#0,57680179#1,57680179#2,57680179#3,-979838980#6,-979838980#5,-979838980#4,-979838980#3,-979838980#2,-979838980#1,-979838980#0,-563298888,213840999,979842179,226068307,979842178#0,979842178#1,870315479#0,870315479#1,41231514#0,41231514#1,41231514#2,41231514#3,41231514#4,41231514#5,41231711#0,41231709#0,41231709#1,-41231711#3,-41231711#2,41231712,79119289#1,79119289#2,1020078536,-79116557#3,-79116557#2,23881170,1020078542,1157449878#1,-1157449879,1020092137#1,41273126,-1020092142,-1020092143",5.969092037929749
-174375407#3,-1020092143,"174375407#3,174375407#4,174375402,174375403,561133137,563273548,-57680132#1,-57680132#0,57680179#0,57680179#1,57680179#2,57680179#3,-979838980#6,-979838980#5,-979838980#4,-979838980#3,-979838980#2,-979838980#1,-979838980#0,-563298888,213840999,979842179,226068307,979842178#0,979842178#1,979842178#2,979842178#3,41231717,979842178#5,79116530#0,79116530#1,79116530#2,79116557#0,79116557#1,79116557#2,79116557#3,1020078537#0,1020078537#1,1157449878#0,1157449878#1,-1157449879,1020092137#1,1020092138,41273128#1,-1020092143",4.942018602364019
-22561652#2,-561133140#1,"22561652#2,22561652#3,22561652#4,22561652#5,22561652#6,125835948,563369678,1238123690,174375405,563272699,561133137,563273548,-57680132#1,-57680132#0,57680179#0,57680179#1,57680179#2,57680179#3,-979838980#6,-979838980#5,-979838980#4,-979838980#3,-979838980#2,-979838980#1,-979838980#0,-563298888,213840999,979842179,226068307,979842178#0,979842178#1,979842178#2,979842178#3,41231717,979842178#5,79116530#0,79116530#1,79116549#0,79116549#1,79116549#2,41231358#1,41231357#1,79119291#1,79116549#4,79116549#5,79116549#6,79119284#1,-561133140#1",3.8803425136419927
-22561652#2,-561133140#1,"22561652#2,22561652#3,22561652#4,22561652#5,22561652#6,125835948,563369678,1238123690,174375405,563272699,561133137,563273548,-57680132#1,-57680132#0,57680179#0,57680179#1,57680179#2,57680179#3,-979838980#6,-979838980#5,-979838980#4,-979838980#3,-979838980#2,-979838980#1,-979838980#0,-563298888,213840999,979842179,226068307,979842178#0,979842178#1,979842178#2,979842178#3,979842178#4,979842178#5,79116530#0,79116530#1,79116549#0,79116549#1,79116549#2,79116549#3,79116549#4,79116549#5,79116549#6,79119284#1,-561133140#1",3.607633430008539
-22561652#2,-561133140#1,"22561652#2,22561652#3,22561652#4,22561652#5,22561652#6,125835948,563369678,1238123690,174375405,561133138,174375402,174375403,561133137,563273548,-57680132#1,-57680132#0,57680179#0,57680179#1,57680179#2,57680179#3,-979838980#6,-979838980#5,-979838980#4,-979838980#3,-979838980#2,-979838980#1,-979838980#0,-563298888,-145622122#2,213840998,979842179,226068307,979842178#0,979842178#1,979842178#2,979842178#3,41231717,979842178#5,79116530#0,79116530#1,79116549#0,41231508#1,79119292,41231358#0,41231358#1,41231357#1,79119291#1,79116549#4,79116549#5,79116549#6,79119284#1,-561133140#1",4.004441262990722
-22561652#2,-561133140#1,"22561652#2,22561652#3,22561652#4,22561652#5,22561652#6,125835948,563369678,1238123690,174375405,563272699,561133137,563273548,-57680132#1,-57680132#0,57680179#0,57680179#1,57680179#2,57680179#3,-979838980#6,-979838980#5,-979838980#4,-979838980#3,-979838980#2,-979838980#1,-979838980#0,-563298888,-145622122#2,213840998,979842179,226068307,979842178#0,979842178#1,979842178#2,979842178#3,979842178#4,979842178#5,79116530#0,79116530#1,79116549#0,79116549#1,79116549#2,41231358#1,41231357#1,79119291#1,79116549#4,79116549#5,79116549#6,79119284#1,-561133140#1",3.653643521287849
-1157449878#1,41273139,"1157449878#1,-1157449879,1020092137#1,41273126,1020092140,-41231515#3,-41231515#2,1020092135,41231756#0,41231756#1,41231756#2,41231756#3,-41231755,79119286#1,79119286#2,79119286#3,79119284#4,79119284#5,79119284#1,79119284#2,41231513#0,41231513#1,41273135,41273137#1,41273137#2,41273139",3.0086478940028134
-1157449878#1,41273139,"1157449878#1,41231515#0,41231515#1,41231515#2,41231515#3,41273134,-1020078548,41231515#6,-41231513#4,-41231513#3,-41231513#2,41273135,41273137#1,41273137#2,41273139",2.675990396158463
-1157449878#1,41273139,"1157449878#1,-1157449879,1020092137#1,41273126,1020092140,41273134,-1020078548,41231515#6,-41231513#4,-41231513#3,-41231513#2,41273135,41273137#1,41273137#2,41273139",2.975150060024009
-1157449878#1,41273139,"-1157449878#1,1157449878#1,-1157449879,1020092137#1,-41273130,41231515#1,41231515#2,41231515#3,41273134,-1020078548,41231515#6,-41231513#4,-41231513#3,-41231513#2,41273135,41273137#1,41273137#2,41273139",3.164665866346539
-1157449878#1,41273139,"1157449878#1,41231515#0,41273130,41273126,1020092140,41231515#4,41231515#5,41231515#6,-41231513#4,-41231513#3,-41231513#2,41273135,41273137#1,41273137#2,41273139",2.732713085234093
-1157449878#1,41273139,"-1157449878#1,1157449878#1,-1157449879,1020092137#1,41273126,1020092140,41273134,-1020078548,41231515#6,-41231513#4,-41231513#3,-41231513#2,41273135,41273137#1,41273137#2,41273139",3.2538215286114447
-1157449878#1,41273139,"-1157449878#1,1157449878#1,41231515#0,41231515#1,41231515#2,41231515#3,41273134,-1020078548,41231515#6,-41231513#4,-41231513#3,-41231513#2,41273135,41273137#1,41273137#2,41273139",2.9546618647458978
-1157449878#1,41273139,"1157449878#1,41231515#0,41231515#1,41231515#2,41231515#3,-1020092140,1020092139#0,1020092139#1,41231515#5,41231515#6,-41231513#4,-41231513#3,-41231513#2,41273135,41273137#1,41273137#2,41273139",2.76188475390156
-1157449878#1,41273139,"1157449878#1,41231515#0,41273130,41273126,1020092139#0,1020092139#1,-41231515#4,41273134,-1020078548,41231515#6,-41231513#4,-41231513#3,-41231513#2,41273135,41273137#1,41273137#2,41273139",3.3940776310524203
-1157449878#1,41273139,"1157449878#1,41231515#0,41231515#1,1020092135,1020092136,41231515#3,41273134,-1020078548,41231515#6,-41231513#4,-41231513#3,-41231513#2,41273135,41273137#1,41273137#2,41273139",2.7051064774361864
57680147,57392554#0,"57680147,-57680147,39389916#1,1123308756,39353757#4,57680150#0,57680150#1,39353757#16,39353757#17,57680181#0,57680181#1,-39353757#0,57680128,174375407#0,174375407#1,174375407#2,174375407#3,174375407#4,174375402,174375403,563272698,563272697,563271328,1238123691,-22561498,-22561652#6,-22561652#5,-22561652#4,-22561652#3,57392554#0",4.631935524389743
57680147,57392554#0,"57680147,-57680147,-39389916#0,39353757#17,39353757#18,174375411#0,174375411#1,57680128,174375407#0,174375407#1,174375407#2,174375407#3,174375407#4,174375402,174375403,563272698,563272697,563271328,1238123691,-22561498,-22561652#6,-22561652#5,-22561652#4,-22561652#3,57392554#0",3.0643484895758153
57680147,57392554#0,"57680147,-57680147,-39389916#0,39353757#17,57680181#0,57680181#1,-39353757#0,57680128,174375407#0,174375407#1,174375407#2,174375407#3,174375407#4,174375402,174375403,563272698,563272697,563271328,1238123691,-22561498,-22561652#6,-22561652#5,-22561652#4,-22561652#3,57392554#0",3.1329759405562077
57680147,57392554#0,"-57680147,-39389916#0,-39353757#16,-57680150#1,-57680150#0,-39353757#4,-39353757#3,-39353757#2,-39353757#1,-39353757#0,57680128,174375407#0,174375407#1,174375407#2,174375407#3,174375407#4,174375402,174375403,563272698,563272697,563271328,1238123691,-22561498,-22561652#6,-22561652#5,-22561652#4,-22561652#3,57392554#0",3.213608193457368
57680147,57392554#0,"-57680147,39389916#1,1123308756,-39353757#3,-39353757#2,-39353757#1,-39353757#0,57680128,174375407#0,174375407#1,174375407#2,174375407#3,174375407#4,174375402,174375403,563272698,563272697,563271328,1238123691,-22561498,-22561652#6,-22561652#5,-22561652#4,-22561652#3,57392554#0",2.455104792096824
57680147,57392554#0,"-57680147,-39389916#0,39353757#17,57680181#0,57680181#1,-39353757#0,57680128,174375407#0,174375407#1,174375407#2,174375407#3,174375407#4,174375402,174375403,563272698,563272697,563271328,1238123691,-22561498,-22561652#6,-22561652#5,-22561652#4,-22561652#3,57392554#0",3.0553648961384403
57680147,57392554#0,"57680147,-57680147,39389916#1,1123308756,-39353757#3,-39353757#2,-39353757#1,-39353757#0,57680128,174375407#0,174375407#1,174375407#2,174375407#3,174375407#4,174375402,174375403,561133137,563273548,174375406,1238123693,1238123694,563272697,563271328,1238123691,-22561498,-22561652#6,-22561652#5,-22561652#4,-22561652#3,57392554#0",2.588319388230454
57680147,57392554#0,"57680147,-57680147,-39389916#0,39353757#17,39353757#18,39353757#19,174907149,563297843,174375407#0,174375407#1,174375407#2,174375407#3,174375407#4,174375402,174375403,561133137,563273548,174375408#0,174375408#1,-174375409,57680120#0,57680120#1,1238123694,563272697,563271328,1238123691,-22561498,-22561652#6,-22561652#5,-22561652#4,-22561652#3,57392554#0",3.1252359979268887
57680147,57392554#0,"57680147,-57680147,-39389916#0,-39353757#16,-57680150#1,-57680150#0,-39353757#4,-39353757#3,-39353757#2,-39353757#1,-39353757#0,57680128,174375407#0,174375407#1,174375407#2,174375407#3,174375407#4,174375402,174375403,563272698,563272697,563271328,1238123691,-22561498,-22561652#6,-22561652#5,-22561652#4,-22561652#3,57392554#0",3.291219237875135
57680147,57392554#0,"57680147,-57680147,39389916#1,1123308756,-39353757#3,-39353757#2,-39353757#1,-39353757#0,57680128,174375407#0,174375407#1,174375407#2,174375407#3,174375407#4,174375402,174375403,563272698,563272697,563271328,1238123691,-22561498,-22561652#6,-22561652#5,-22561652#4,-22561652#3,57392554#0",2.532715836514591
-41231513#2,79119284#5,"-41231513#2,-41231513#1,-41231513#0,79119284#3,79119284#4,79119284#5",0.23803521408563422
-41231513#2,79119284#5,"41231513#2,41231513#3,41231513#4,-41231515#6,-41231515#5,-41231515#4,-41231515#3,-41231515#2,1020092135,41231756#0,41231756#1,41231756#2,41231756#3,-41231755,79119286#1,79119286#2,79119286#3,79119284#4,79119284#5",1.632517441821941
-41231513#2,79119284#5,"41231513#2,41231513#3,41231513#4,-41231515#6,-41231515#5,-1020092139#1,-1020092139#0,1020092140,-41231515#3,-41231515#2,1020092135,41231756#0,41231756#1,41231756#2,41231756#3,-41231755,79119286#1,79119286#2,79119286#3,79119284#4,79119284#5",1.926815160909576
-41231513#2,79119284#5,"41231513#2,41231513#3,41231513#4,-41231515#6,1020078548,-41273134,-41231515#3,-41231515#2,1020092135,41231756#0,41231756#1,41231756#2,41231756#3,-41231755,79119286#1,79119286#2,79119286#3,79119284#4,79119284#5",1.8266350888807645
-41231513#2,79119284#5,"-41231513#2,41273135,41273136,41231513#3,41231513#4,-41231515#6,1020078548,-41273134,41231515#4,-1020092139#1,-1020092139#0,-1020092142,-1020092143,41273131,-1020092138,-41273130,41231515#1,1020092135,41231756#0,41231756#1,41231756#2,41231756#3,-41231755,79119286#1,79119286#2,79119286#3,79119284#4,79119284#5",3.4667911513057352
-41231513#2,79119284#5,"-41231513#2,41273135,41273136,41231513#3,41231513#4,-41231515#6,-41231515#5,-41231515#4,-1020092140,-1020092142,-1020092143,41273131,-1020092138,-1020092137#1,1157449879,41231515#0,41231515#1,1020092135,41231756#0,41231756#1,41231756#2,41231756#3,-41231755,79119286#1,79119286#2,79119286#3,79119284#4,79119284#5",3.49108086719209
-41231513#2,79119284#5,"41231513#2,41231513#3,41231513#4,-41231515#6,1020078548,-41273134,41231515#4,-1020092139#1,-1020092139#0,-1020092142,-1020092143,41273131,-1020092138,-41273130,-41231515#0,-1157449878#1,-1157449878#0,1020078539,-79116557#4,-79116557#3,-79116557#2,23881170,41231753#0,41231753#1,41231753#2,79119286#0,79119286#1,79119286#2,79119286#3,79119284#4,79119284#5",5.165706282513005
-41231513#2,79119284#5,"-41231513#2,41273135,41273136,41231513#3,41231513#4,-41231515#6,1020078548,-41273134,41231515#4,-1020092139#1,-1020092139#0,-1020092142,-1020092143,41273131,-1020092138,-1020092137#1,1157449879,41231515#0,41231515#1,1020092135,41231756#0,41231756#1,41231756#2,41231756#3,-41231755,79119286#1,79119286#2,79119286#3,79119284#4,79119284#5",4.145082467832347
-41231513#2,79119284#5,"-41231513#2,41273135,41273137#1,41273138,41231513#4,-41231515#6,1020078548,-41273134,41231515#4,-1020092139#1,-1020092139#0,-1020092142,-1020092143,41273131,-1020092138,-41273130,41231515#1,1020092135,41231756#0,41231756#1,41231756#2,41231756#3,-41231755,79119286#1,79119286#2,79119286#3,79119284#4,79119284#5",3.454306157308136
-41231513#2,79119284#5,"-41231513#2,41231513#2,41231513#3,41231513#4,-41231515#6,1020078548,-41273134,-41231515#3,-41231515#2,1020092135,41231756#0,41231756#1,41231756#2,41231756#3,-41231755,79119286#1,79119286#2,79119286#3,79119284#4,79119284#5",1.9089680220540337
57680106,-561134628#0,"57680106,-39353757#14,49188792#0,49188792#1,-39353757#7,-39353757#6,-39353757#5,57680150#0,57680150#1,39353757#16,39389916#0,39389916#1,1123308756,-39353757#3,-39353757#2,-39353757#1,-39353757#0,57680128,174375407#0,174375407#1,174375407#2,174375407#3,174375407#4,174375402,174375403,561133137,563273548,-57680132#1,-57680132#0,57680179#0,57680179#1,57680179#2,57680179#3,-979838980#6,-979838980#5,-979838980#4,-979838980#3,-979838980#2,-979838980#1,-979838980#0,-563298888,213840999,979842179,226068307,979842178#0,979842178#1,979842178#2,979842178#3,41231717,979842178#5,79116530#0,-561134628#1,-561134628#0",6.693469809196644
57680106,-561134628#0,"57680106,39353757#15,39353757#16,39389916#0,39389916#1,1123308756,-39353757#3,-39353757#2,-39353757#1,-39353757#0,57680128,174375407#0,174375407#1,174375407#2,174375407#3,174375407#4,174375402,174375403,561133137,563273548,-57680132#1,-57680132#0,57680179#0,57680179#1,57680179#2,57680179#3,-979838980#6,-979838980#5,-979838980#4,-979838980#3,-979838980#2,-979838980#1,-979838980#0,-563298888,-145622122#2,213840998,979842179,226068307,979842178#0,979842178#1,979842178#2,979842178#3,41231717,979842178#5,79116530#0,-561134628#1,-561134628#0",5.3808164350898
57680106,-561134628#0,"57680106,39353757#15,-57680150#1,-57680150#0,-39353757#4,-39353757#3,-39353757#2,-39353757#1,-39353757#0,57680128,174375407#0,174375407#1,174375407#2,174375407#3,174375407#4,174375402,174375403,561133137,563273548,-57680132#1,-57680132#0,57680179#0,57680179#1,57680179#2,57680179#3,-979838980#6,-979838980#5,-979838980#4,-979838980#3,-979838980#2,-979838980#1,-979838980#0,-563298888,213840999,979842179,226068307,979842178#0,979842178#1,979842178#2,979842178#3,41231717,979842178#5,79116530#0,-561134628#1,-561134628#0",5.1010528424099295
-41231513#2,41231711#3,"-41231513#2,-41231513#1,-41231513#0,79119284#3,79119284#4,79119284#5,-79116549#6,-79116549#5,-79116549#4,-79116549#3,-79116549#2,-79116549#1,-79116549#0,79116530#2,79116557#0,79116557#1,79116557#2,1020078538,1020078537#1,1020078539,1020078540,-41231514#8,-41231514#7,-41231514#6,41231711#0,41231711#1,41231711#2,41231711#3",3.253248642869674
-41231513#2,41231711#3,"41231513#2,41231513#3,41231513#4,-41231515#6,1020078548,-41273134,-41231515#3,-41231515#2,-41231515#1,-41231515#0,-1157449878#1,-1157449878#0,1020078539,1020078540,-41231514#8,-41231514#7,-41231514#6,41231711#0,41231711#1,41231711#2,41231711#3",3.1604241696678668
-41231513#2,41231711#3,"41231513#2,41231513#3,41231513#4,-41231515#6,-41231515#5,-41231515#4,-41231515#3,-41231515#2,-41231515#1,41273130,-1020092137#1,1157449879,-1157449878#1,-1157449878#0,1020078539,1020078540,-41231514#8,-41231514#7,-41231514#6,41231711#0,41231709#0,41231709#1,-41231711#3",3.5915166066426574
-41231513#2,41231711#3,"41231513#2,41231513#3,41231513#4,-41231515#6,1020078548,-41273134,41231515#4,-1020092139#1,-1020092139#0,-1020092142,-1020092143,41273131,-1020092138,-1020092137#1,1157449879,-1157449878#1,-1157449878#0,1020078539,1020078540,-41231514#8,-41231514#7,-41231514#6,41231711#0,41231709#0,41231709#1,-41231711#3",4.8498799519807925
-41231513#2,41231711#3,"41231513#2,41231513#3,41231513#4,-41231515#6,1020078548,-41273134,41231515#4,-1020092139#1,-1020092139#0,-1020092142,-1020092143,41273131,-1020092138,-41273130,-41231515#0,-1157449878#1,-1157449878#0,1020078539,1020078540,-41231514#8,-41231514#7,-41231514#6,41231711#0,41231711#1,41231711#2,41231711#3",4.397178871548619
-41231513#2,41231711#3,"-41231513#2,41273135,41273136,41231513#3,41231513#4,-41231515#6,-41231515#5,-41231515#4,-1020092140,-1020092142,-1020092143,41273131,-1020092138,-1020092137#1,1157449879,-1157449878#1,-1157449878#0,1020078539,1020078540,-41231514#8,-41231514#7,-41231514#6,41231711#0,41231709#0,41231709#1,-41231711#3",4.536854741896759
-41231513#2,41231711#3,"-41231513#2,41231513#2,41231513#3,41231513#4,-41231515#6,-41231515#5,-1020092139#1,-1020092139#0,1020092140,-41231515#3,-41231515#2,-41231515#1,-41231515#0,-1157449878#1,-1157449878#0,1020078539,1020078540,-41231514#8,-41231514#7,-41231514#6,41231711#0,41231711#1,41231711#2,41231711#3",3.3429371748699483
-22561652#1,-39353757#12,"-22561652#1,22561652#1,22561652#2,22561652#3,22561652#4,22561652#5,22561652#6,125835948,563369678,1238123690,174375405,561133138,-174375407#4,-174375407#3,-174375407#2,-174375407#1,-174375407#0,-563297843,57680093,39353757#0,39353757#1,39353757#2,1123308755,-39389916#1,-39389916#0,-39353757#16,-39353757#15,-39353757#14,-39353757#13,-39353757#12",3.6112398739193297
-22561652#1,-39353757#12,"22561652#1,22561652#2,22561652#3,22561652#4,22561652#5,22561652#6,125835948,563369678,1238123690,174375405,561133138,-174375407#4,-174375407#3,-174375407#2,-174375407#1,-174375407#0,-563297843,57680093,39353757#0,39353757#1,39353757#2,39353757#3,39353757#4,39353757#5,57680106,-39353757#14,-39353757#13,-39353757#12",2.99281250297095
-22561652#1,-39353757#12,"22561652#1,22561652#2,22561652#3,22561652#4,22561652#5,22561652#6,125835948,563369678,1238123690,174375405,561133138,-174375407#4,-174375407#3,-174375407#2,-174375407#1,-174375407#0,-563297843,57680093,39353757#0,39353757#1,39353757#2,1123308755,1123308756,39353757#4,57680150#0,57680150#1,-39353757#15,-39353757#14,49188792#0,49188792#1,39353757#8,39353757#9,39353757#10,39353757#11,39353757#12",4.028746876720449
-22561652#1,-39353757#12,"22561652#1,22561652#2,22561652#3,22561652#4,22561652#5,22561652#6,125835948,563369678,1238123690,174375405,561133138,-174375407#4,-174375407#3,-174375407#2,-174375407#1,-174375407#0,-563297843,57680093,39353757#0,39353757#1,39353757#2,1123308755,1123308756,39353757#4,57680150#0,57680150#1,-39353757#15,-39353757#14,-39353757#13,-39353757#12",3.2802274689573445
-22561652#1,-39353757#12,"-22561652#1,22561652#1,22561652#2,22561652#3,22561652#4,22561652#5,22561652#6,125835948,563369678,1238123690,174375405,561133138,-174375407#4,-174375407#3,-174375407#2,-174375407#1,-174375407#0,-563297843,57680093,39353757#0,39353757#1,39353757#2,39353757#3,39353757#4,39353757#5,39353757#6,39761731#0,39761731#1,39761731#2,39353757#10,39353757#11,39353757#12",3.4066180251798337
-22561652#1,-39353757#12,"22561652#1,22561652#2,22561652#3,22561652#4,22561652#5,22561652#6,125835948,563369678,1238123690,174375405,561133138,-174375407#4,-174375407#3,-174375407#2,-174375407#1,-174375407#0,-563297843,-174907149,-39353757#19,174375411#0,174375411#1,39353757#0,39353757#1,39353757#2,1123308755,1123308756,39353757#4,39353757#5,57680106,-39353757#14,-39353757#13,-39353757#12",4.643252679041379
-22561652#1,-39353757#12,"-22561652#1,22561652#1,22561652#2,22561652#3,22561652#4,22561652#5,22561652#6,125835948,563369678,1238123690,174375405,561133138,-174375407#4,-174375407#3,-174375407#2,-174375407#1,-174375407#0,-563297843,-174907149,-39353757#19,-39353757#18,-39353757#17,-39353757#16,-39353757#15,-39353757#14,-39353757#13,-39353757#12",3.700955760273872
-22561652#1,-39353757#12,"-22561652#1,22561652#1,22561652#2,22561652#3,22561652#4,22561652#5,22561652#6,125835948,563369678,1238123690,174375405,561133138,-174375407#4,-174375407#3,-174375407#2,-174375407#1,-174375407#0,-563297843,-174907149,-39353757#19,174375411#0,174375411#1,39353757#0,39353757#1,39353757#2,1123308755,1123308756,39353757#4,57680150#0,57680150#1,-39353757#15,-39353757#14,-39353757#13,-39353757#12",5.03779049416743
-22561652#1,-39353757#12,"22561652#1,22561652#2,22561652#3,22561652#4,22561652#5,22561652#6,125835948,563369678,1238123690,174375405,561133138,-174375407#4,-174375407#3,-174375407#2,-174375407#1,-174375407#0,-563297843,-174907149,-39353757#19,174375411#0,174375411#1,39353757#0,39353757#1,39353757#2,39353757#3,39353757#4,39353757#5,57680106,-39353757#14,-39353757#13,-39353757#12",4.6073983373046845
-22561652#1,-39353757#12,"22561652#1,22561652#2,22561652#3,22561652#4,22561652#5,22561652#6,125835948,563369678,1238123690,174375405,561133138,-174375407#4,-174375407#3,-174375407#2,-174375407#1,-174375407#0,-563297843,-174907149,-39353757#19,-39353757#18,-39353757#17,-39353757#16,-39353757#15,-39353757#14,-39353757#13,-39353757#12",3.557978569397521
-39353757#12,-22561652#1,"39353757#12,39353757#13,39353757#14,39353757#15,-57680150#1,-57680150#0,-39353757#4,-39353757#3,-39353757#2,-39353757#1,-39353757#0,57680128,174375407#0,174375407#1,174375407#2,174375407#3,174375407#4,174375402,174375403,563272698,563272697,563271328,1238123691,-22561498,-22561652#6,-22561652#5,-22561652#4,-22561652#3,-22561652#2,-22561652#1",3.2231920269907812
-39353757#12,-22561652#1,"39353757#12,39353757#13,39353757#14,39353757#15,39353757#16,39353757#17,57680181#0,57680181#1,-39353757#0,57680128,174375407#0,174375407#1,174375407#2,174375407#3,174375407#4,174375402,174375403,563272698,563272697,563271328,1238123691,-22561498,-22561652#6,-22561652#5,-22561652#4,-22561652#3,-22561652#2,-22561652#1",3.588538165446163
-39353757#12,-22561652#1,"-39353757#12,39353757#12,174375412,49188792#1,-39353757#7,-39353757#6,57680106,39353757#15,-57680150#1,-57680150#0,-39353757#4,-39353757#3,-39353757#2,-39353757#1,-39353757#0,57680128,174375407#0,174375407#1,174375407#2,174375407#3,174375407#4,174375402,174375403,563272698,563272697,563271328,1238123691,-22561498,-22561652#6,-22561652#5,-22561652#4,-22561652#3,-22561652#2,-22561652#1",4.338788287093095
-39353757#12,-22561652#1,"-39353757#12,57680155,-39353757#10,-39353757#9,-39353757#8,-39353757#7,-39353757#6,-39353757#5,-39353757#4,-39353757#3,-39353757#2,-39353757#1,-39353757#0,57680128,174375407#0,174375407#1,174375407#2,174375407#3,174375407#4,174375402,174375403,561133137,563273548,174375406,1238123693,1238123694,563272697,563271328,1238123691,-22561498,-22561652#6,-22561652#5,-22561652#4,-22561652#3,-22561652#2,-22561652#1",2.8314366351292133
-39353757#12,-22561652#1,"-39353757#12,57680155,-39353757#10,-39353757#9,-39353757#8,-39353757#7,-39353757#6,57680106,39353757#15,-57680150#1,-57680150#0,-39353757#4,-39353757#3,-39353757#2,-39353757#1,-39353757#0,57680128,174375407#0,174375407#1,174375407#2,174375407#3,174375407#4,174375402,174375403,563272698,563272697,563271328,1238123691,-22561498,-22561652#6,-22561652#5,-22561652#4,-22561652#3,-22561652#2,-22561652#1",4.256625400340122
-39353757#12,-22561652#1,"39353757#12,39353757#13,39353757#14,39353757#15,39353757#16,39389916#0,39389916#1,1123308756,-39353757#3,-39353757#2,-39353757#1,-39353757#0,57680128,174375407#0,174375407#1,174375407#2,174375407#3,174375407#4,174375402,174375403,563272698,563272697,563271328,1238123691,-22561498,-22561652#6,-22561652#5,-22561652#4,-22561652#3,-22561652#2,-22561652#1",3.4743324831732543
-39353757#12,-22561652#1,"-39353757#12,39353757#12,39353757#13,39353757#14,39353757#15,-57680150#1,-57680150#0,-39353757#4,-39353757#3,1123308755,-39389916#1,-39389916#0,39353757#17,39353757#18,39353757#19,174907149,57680093,57680128,174375407#0,174375407#1,174375407#2,174375407#3,174375407#4,174375402,174375403,563272698,563272697,563271328,1238123691,-22561498,-22561652#6,-22561652#5,-22561652#4,-22561652#3,-22561652#2,-22561652#1",5.128774259883941
-39353757#12,-22561652#1,"-39353757#12,39353757#12,39353757#13,39353757#14,39353757#15,39353757#16,39353757#17,39353757#18,174375411#0,174375411#1,57680128,174375407#0,174375407#1,174375407#2,174375407#3,174375407#4,174375402,174375403,563272698,563272697,563271328,1238123691,-22561498,-22561652#6,-22561652#5,-22561652#4,-22561652#3,-22561652#2,-22561652#1",3.640378901740681
-39353757#12,-22561652#1,"39353757#12,39353757#13,39353757#14,39353757#15,39353757#16,39353757#17,57680181#0,57680181#1,-39353757#0,57680128,174375407#0,174375407#1,174375407#2,174375407#3,174375407#4,174375402,174375403,561133137,563273548,174375406,1238123693,1238123694,563272697,563271328,1238123691,-22561498,-22561652#6,-22561652#5,-22561652#4,-22561652#3,-22561652#2,-22561652#1",3.644141717162026
-39353757#12,-22561652#1,"39353757#12,39353757#13,39353757#14,39353757#15,39353757#16,39353757#17,39353757#18,39353757#19,174907149,563297843,174375407#0,174375407#1,174375407#2,174375407#3,174375407#4,174375402,174375403,561133137,563273548,174375406,1238123693,1238123694,563272697,563271328,1238123691,-22561498,-22561652#6,-22561652#5,-22561652#4,-22561652#3,-22561652#2,-22561652#1",3.584637915641418
57680145#0,-41273141#1,"57680145#0,57680145#1,1264978471,561133118,57680114#1,57680114#2,57680114#3,57680135,57680125#0,57680125#1,57680125#2,57680127,227218689,154901400#2,154901400#3,154901400#4,154901400#5,23030923#2,23030922#1,41231752,561133140#1,79119284#2,41231513#0,41231513#1,41273135,41273137#1,41273137#2,41273137#3,-41273141#1",8.64103344231524
57680145#0,-41273141#1,"57680145#0,57680145#1,1264978471,561133118,57680114#1,57680114#2,57680114#3,57680135,57680125#0,57680175,227218423,227218424,154901400#0,154901400#1,154901400#2,154901400#3,154901400#4,154901400#5,23030923#2,23030922#1,41231752,561133140#1,79119284#2,41231513#0,41231513#1,41273135,41273137#1,41273137#2,41273137#3,-41273141#1",8.413335681419593
57680145#0,-41273141#1,"57680145#0,57680145#1,1264978471,561133118,57680114#1,57680114#2,57680114#3,57680135,57680125#0,57680125#1,57680125#2,57680127,227218689,154901400#2,154901400#3,154901400#4,154901400#5,23030923#2,23030922#1,41231752,561133140#1,79119284#2,41231513#0,41231513#1,41273135,41273136,41231513#3,41231513#4,174897323#0,-41273141#2,-41273141#1",8.816043446316844
57680145#0,-41273141#1,"57680145#0,57680145#1,1264978471,561133118,57680114#1,57680114#2,57680114#3,57680135,57680125#0,57680175,227218423,227218424,154901400#0,154901400#1,154901400#2,154901400#3,154901400#4,154901400#5,23030923#2,23030922#1,41231752,561133140#1,79119284#2,41231513#0,41231513#1,41273135,41273137#1,41273137#2,41273139,41273140#0,41273141#1",8.555752648206308
57680145#0,-41273141#1,"57680145#0,57680145#1,1264978471,561133118,57680114#1,57680114#2,57680114#3,57680135,57680125#0,57680175,227218423,227218424,154901400#0,154901400#1,154901400#2,154901400#3,154901400#4,154901400#5,23030923#2,23030922#1,41231752,561133140#1,79119284#2,79119284#3,79119284#4,79119284#5,-79116549#6,-79116549#5,-79116549#4,79119291#2,41231511#0,41231511#1,41231511#2,41231511#3,-79119286#1,41231755,-41231756#3,-41231756#2,41273133,-1020078548,41231515#6,174897323#0,-41273141#2,-41273141#1",9.742227238042243
57680145#0,-41273141#1,"57680145#0,57680145#1,1264978471,561133118,57680114#1,57680114#2,57680114#3,57680135,57680125#0,57680125#1,57680125#2,57680127,227218689,154901400#2,154901400#3,154901400#4,154901400#5,23030923#2,23030922#1,41231752,561133140#1,79119284#2,41231513#0,41231513#1,41231513#2,41231513#3,41231513#4,174897323#0,-41273141#2,-41273141#1",8.55739998893389
57680145#0,-41273141#1,"57680145#0,57680145#1,1264978471,561133118,57680114#1,57680114#2,57680114#3,57680135,57680125#0,57680175,227218423,227218424,154901400#0,154901400#1,154901400#2,154901400#3,154901400#4,154901400#5,23030923#2,23030922#1,41231752,561133140#1,79119284#2,41231513#0,41231513#1,41273135,41273136,41231513#3,41231513#4,174897323#0,-41273141#2,-41273141#1",8.588345685421194
57680145#0,-41273141#1,"57680145#0,57680145#1,1264978471,561133118,57680114#1,57680114#2,57680114#3,57680135,57680125#0,57680125#1,57680125#2,57680127,227218689,154901400#2,154901400#3,154901400#4,154901400#5,23030923#2,23030922#1,41231752,561133140#1,79119284#2,41231513#0,41231513#1,41273135,41273137#1,41273137#2,41273139,41273140#0,41273141#1",8.783450409101956
57680145#0,-41273141#1,"57680145#0,57680145#1,1264978471,561133118,57680114#1,57680114#2,57680114#3,57680135,57680125#0,57680175,227218423,227218424,154901400#0,154901400#1,154901400#2,154901400#3,154901400#4,154901400#5,23030923#2,23030922#1,41231752,561133140#1,79119284#2,41231513#0,41231513#1,41231513#2,41231513#3,41231513#4,174897323#0,-41273141#2,-41273141#1",8.329702228038242
-57680152#1,-57680125#1,"-57680152#1,-57680152#0,-1116499331#0,-1116499332#2,-1116499332#1,-1116499332#0,-1116499329,-1116499328#1,-1116499328#0,-57680087#2,-57680087#1,-57680087#0,1116499324#0,1116499324#1,1116499324#2,57680145#0,57680145#1,1264978471,561133118,57680114#1,57680114#2,57680114#3,57680135,57680125#0,57680125#1",3.5847547684756886
-57680152#1,-57680125#1,"-57680152#1,-57680152#0,-1116499331#0,-1116499332#2,-1116499332#1,-1116499332#0,-1116499329,-1116499328#1,-1116499328#0,-57680087#2,-57680087#1,-57680087#0,-57680112#1,-57680112#0,-1264978470#1,-1264978470#0,-1116499323#1,-1116499323#0,-561133121,-55682342#1,-55682342#0,55682703,849128758#0,849128758#1,55682704#1,55682704#2,55682704#3,125835961,57680125#0,57680125#1",4.927571434794364
904671111,-57680132#1,"-904671111,561133130#1,1116499330#1,57680180#0,57680180#1,57680180#2,57680180#3,174907152#0,174907152#1,174907152#2,174907151#0,174907151#2,174907151#5,22561652#1,22561652#2,22561652#3,22561652#4,22561652#5,22561652#6,125835948,563369678,1238123690,174375405,563272699,561133137,563273548,-57680132#1",1.5030727481777448
904671111,-57680132#1,"-904671111,561133130#1,1116499330#1,57680180#0,57680180#1,57680180#2,57680180#3,174907152#0,174907152#1,174907152#2,-57392486,1163710302,57392474,57392457#1,22561652#1,22561652#2,22561652#3,22561652#4,22561652#5,22561652#6,125835948,563369678,1238123690,174375405,563272699,561133137,563273548,-57680132#1",2.531262657234893
904671111,-57680132#1,"904671111,-904671111,561133130#1,1116499330#1,57680180#0,57680171#0,57680171#1,57680171#2,22561499#2,174907152#0,174907152#1,174907152#2,-57392486,1163710302,57392474,57392457#1,22561652#1,22561652#2,22561652#3,22561652#4,22561652#5,22561652#6,125835948,563369678,1238123690,174375405,561133138,174375402,174375403,561133137,563273548,-57680132#1",2.7453857290698185
904671111,-57680132#1,"-904671111,561133130#1,1116499330#1,57680180#0,57680171#0,57680171#1,57680171#2,22561499#2,174907152#0,174907152#1,174907152#2,-57392486,1163710302,57392474,57392457#1,22561652#1,22561652#2,22561652#3,22561652#4,22561652#5,22561652#6,125835948,563369678,1238123690,174375405,563272699,561133137,563273548,-57680132#1",2.563135406334533
904671111,-57680132#1,"904671111,-904671111,561133130#1,1116499330#1,57680180#0,57680180#1,57680180#2,57680180#3,174907152#0,174907152#1,174907152#2,174907151#0,174907151#2,174907151#5,22561652#1,22561652#2,22561652#3,22561652#4,22561652#5,22561652#6,125835948,563369678,1238123690,174375405,563272699,561133137,563273548,-57680132#1",1.5922684264490534
904671111,-57680132#1,"904671111,-904671111,561133130#1,1116499330#1,57680180#0,57680171#0,57680171#1,57680171#2,22561499#2,174907152#0,174907152#1,174907152#2,-57392486,1163710302,57392474,57392457#1,22561652#1,22561652#2,22561652#3,22561652#4,22561652#5,22561652#6,125835948,563369678,1238123690,174375405,563272699,561133137,563273548,-57680132#1",2.6523310846058417
904671111,-57680132#1,"-904671111,561133130#1,1116499330#1,57680180#0,57680180#1,57680180#2,57680180#3,174907152#0,174907152#1,174907152#2,-57392486,1163710302,57392474,57392457#1,22561652#1,22561652#2,22561652#3,22561652#4,22561652#5,22561652#6,125835948,563369678,1238123690,174375405,561133138,174375402,174375403,561133137,563273548,-57680132#1",2.62431730169887
904671111,-57680132#1,"-904671111,561133130#1,1116499330#1,57680180#0,57680180#1,57680180#2,57680180#3,174907152#0,174907152#1,174907152#2,174907151#0,174907151#2,174907151#5,22561652#1,22561652#2,22561652#3,22561652#4,22561652#5,22561652#6,125835948,563369678,1238123690,174375405,561133138,174375402,174375403,561133137,563273548,-57680132#1",1.596127392641722
-41231515#3,-174375407#2,"-41231515#3,-41231515#2,-41231515#1,-41231515#0,-1157449878#1,-1157449878#0,1020078539,1020078540,1020078536,-79116557#3,-79116557#2,-79116557#1,-79116557#0,79116530#3,79116530#0,-561134628#1,-561134628#0,-1034110351#0,-23881168#1,-23881168#0,1259750653,145622122#0,145622122#1,145622122#2,563298888,979838980#0,979838980#1,979838980#2,979838980#3,979838980#4,979838980#5,979838980#6,57680170#0,57680170#1,57680132#0,57680132#1,174375406,1238123693,1238123694,563272697,563271328,174375401,1238123690,174375405,561133138,-174375407#4,-174375407#3,-174375407#2",4.775345188649191
-41231515#3,-174375407#2,"-41231515#3,-41231515#2,1020092135,41231756#0,41231756#1,41273133,-1020078548,41231515#6,-41231513#4,-41231513#3,-41231513#2,-41231513#1,-41231513#0,79119284#3,79119284#4,79119284#5,-79116549#6,-79116549#5,-79116549#4,79119291#2,79119293#0,79119288,41231358#0,-79116549#2,-79116549#1,-79116549#0,79116530#2,79116530#3,79116530#0,-561134628#1,-561134628#0,-1034110351#0,-23881168#1,-23881168#0,1259750653,145622122#0,145622122#1,145622122#2,563298888,979838980#0,979838980#1,979838980#2,979838980#3,979838980#4,979838980#5,979838980#6,57680170#0,57680170#1,57680132#0,57680132#1,174375406,1238123693,1238123694,563272697,561133136,561133138,-174375407#4,-174375407#3,-174375407#2",6.3369806995850295
-41231515#3,-174375407#2,"-41231515#3,41231515#3,-1020092140,1020092139#0,1020092139#1,41231515#5,41231515#6,-41231513#4,-41231513#3,-41231513#2,-41231513#1,-41231513#0,79119284#3,-79119286#3,-79119286#2,-41231511#3,-41231511#2,-41231511#1,-41231511#0,79119293#0,79119288,41231358#0,-79116549#2,-79116549#1,-79116549#0,79116530#2,79116530#3,-979842178#5,-979842178#4,-979842178#3,870315481#0,870315481#1,870315479#1,870315480,-979842178#0,-226068307,213840997,1157449881,979838980#0,979838980#1,979838980#2,979838980#3,979838980#4,979838980#5,979838980#6,57680170#0,57680170#1,57680132#0,57680132#1,174375406,1238123693,1238123694,563272697,561133136,561133138,-174375407#4,-174375407#3,-174375407#2",6.091037655207317
-41231515#3,-174375407#2,"-41231515#3,-41231515#2,1020092135,41231756#0,41231756#1,41273133,-41273134,-1020092140,1020092139#0,1020092139#1,41231515#5,41231515#6,-41231513#4,-41231513#3,-41231513#2,-41231513#1,-41231513#0,79119284#3,79119284#4,79119284#5,-79116549#6,-79116549#5,-79116549#4,-79116549#3,-79116549#2,-79116549#1,-79116549#0,79116530#2,79116530#3,79116530#0,-561134628#1,-561134628#0,-1034110351#0,-23881168#1,-23881168#0,1259750653,145622122#0,145622122#1,145622122#2,563298888,979838980#0,979838980#1,979838980#2,979838980#3,979838980#4,979838980#5,979838980#6,57680170#0,57680170#1,57680132#0,57680132#1,174375406,1238123693,1238123694,563272697,561133136,561133138,-174375407#4,-174375407#3,-174375407#2",6.47745689006122
-41231513#4,-174897323#3,"-41231513#4,-41231513#3,-41231513#2,41273135,41273137#1,41273137#2,41273137#3,41273141#2,174897323#1,174897323#2,174897323#3",1.7313125250100039
-41231513#4,-174897323#3,"41231513#4,174897323#0,174897323#1,174897323#2,174897323#3",0.8664465786314526
-41231513#4,-174897323#3,"41231513#4,174897323#0,-41273141#2,-41273141#1,41273140#1,57680129,174897323#3",1.0761904761904761
-41231513#4,-174897323#3,"-41231513#4,41231513#4,174897323#0,-41273141#2,-41273141#1,41273140#1,1020078544,-174897323#3",1.6324729891956782
-41231513#4,-174897323#3,"-41231513#4,41231513#4,174897323#0,-41273141#2,-41273141#1,41273140#1,57680129,174897323#3",1.395658263305322
-41231513#4,-174897323#3,"-41231513#4,-41231513#3,-41231513#2,41273135,41273137#1,41273137#2,41273137#3,-41273141#1,41273140#1,1020078544,-174897323#3",2.07563025210084
-41231513#4,-174897323#3,"41231513#4,174897323#0,-41273141#2,-41273141#1,41273140#1,1020078544,-174897323#3",1.3130052020808323
-41231513#4,-174897323#3,"-41231513#4,41231513#4,174897323#0,174897323#1,174897323#2,174897323#3",1.1859143657462985
-41231513#4,-174897323#3,"-41231513#4,-41231513#3,-41231513#2,41273135,41273137#1,41273137#2,41273139,41273140#0,41273140#1,1020078544,-174897323#3",2.1546018407362943
-41231513#4,-174897323#3,"-41231513#4,-41231513#3,-41231513#2,-41231513#1,-41231513#0,79119284#3,-79119286#3,-79119286#2,-79119286#1,41231755,-41231756#3,-41231756#2,-41231756#1,-41231756#0,1020092136,41231515#3,-1020092140,1020092139#0,1020092139#1,41231515#5,41231515#6,174897323#0,174897323#1,174897323#2,174897323#3",2.6330732292917167
-174897323#0,57680129,"174897323#0,-41273141#2,-41273141#1,41273140#1,57680129",0.6612444977991196
-174897323#0,57680129,"-174897323#0,-41231513#4,-41231513#3,-41231513#2,41273135,41273137#1,41273137#2,41273139,41273140#0,41273140#1,57680129",2.0428771508603436
-174897323#0,57680129,"-174897323#0,-41231513#4,-41231513#3,-41231513#2,41273135,41273137#1,41273137#2,41273137#3,-41273141#1,41273140#1,57680129",1.9639055622248898
-174897323#0,57680129,"-174897323#0,174897323#0,-41273141#2,-41273141#1,41273140#1,57680129",0.8817326930772309
-41231716,-561133140#1,"41231716,-41231514#0,870315480,979842178#1,979842178#2,979842178#3,979842178#4,979842178#5,79116530#0,79116530#1,79116549#0,79116549#1,79116549#2,41231358#1,41231357#1,79119291#1,79116549#4,79116549#5,79116549#6,79119284#1,-561133140#1",2.3576830732292917
-41231716,-561133140#1,"41231716,-41231514#0,870315480,979842178#1,979842178#2,979842178#3,41231717,979842178#5,79116530#0,79116530#1,79116549#0,79116549#1,79116549#2,41231358#1,41231357#1,79119291#1,79116549#4,79116549#5,79116549#6,79119284#1,-561133140#1",2.613005202080833
-41231716,-561133140#1,"41231716,41231514#1,41231514#2,41231514#3,41231514#4,41231514#5,41231514#6,41231514#7,41231514#8,1020078536,-79116557#3,-79116557#2,23881170,41231753#0,41231753#1,41231753#2,79119286#0,79119286#1,79119286#2,79119286#3,79119284#4,79119284#5,79119284#1,-561133140#1",2.4314419792394992
-41231716,-561133140#1,"41231716,41231514#1,41231514#2,41231514#3,41231514#4,41231514#5,41231719,41231718#0,41231720,41231514#7,41231514#8,1020078536,-79116557#3,-79116557#2,23881170,41231753#0,41231753#1,41231753#2,79119286#0,41231755,-41231756#3,-41231756#2,41273133,-41273134,41231515#4,41231515#5,41231515#6,-41231513#4,-41231513#3,-41231513#2,-41231513#1,-41231513#0,79119284#3,79119284#4,79119284#5,79119284#1,-561133140#1",4.2374843962062885
-41231716,-561133140#1,"-41231716,41231716,41231514#1,41231514#2,41231514#3,41231514#4,41231514#5,41231514#6,41231514#7,41231514#8,1020078536,-79116557#3,1020078538,1020078537#1,1157449878#0,1157449878#1,-1157449879,1020092137#1,-41273130,41231515#1,1020092135,41231756#0,41231756#1,41231756#2,41231756#3,-41231755,79119286#1,79119286#2,79119286#3,79119284#4,79119284#5,79119284#1,-561133140#1",3.227752281618191
-41231716,-561133140#1,"-41231716,41231716,-41231514#0,870315480,979842178#1,979842178#2,979842178#3,41231717,979842178#5,79116530#0,79116530#1,79116549#0,79116549#1,79116549#2,79116549#3,79116549#4,79116549#5,79116549#6,79119284#1,-561133140#1",2.851040416166467
-41231716,-561133140#1,"41231716,-41231514#0,870315480,979842178#1,979842178#2,979842178#3,979842178#4,979842178#5,79116530#0,79116530#1,79116549#0,79116549#1,79116549#2,41231358#1,79119291#0,79119291#1,79116549#4,79116549#5,79116549#6,79119284#1,-561133140#1",2.294137655062025
-41231716,-561133140#1,"-41231716,41231716,-41231514#0,870315480,979842178#1,979842178#2,979842178#3,41231717,979842178#5,79116530#0,79116530#1,79116549#0,41231508#1,79119292,41231358#0,41231358#1,41231357#1,79119291#1,79116549#4,79116549#5,79116549#6,79119284#1,-561133140#1",2.8708483393357342
-41231716,-561133140#1,"-41231716,41231716,-41231514#0,870315480,979842178#1,979842178#2,979842178#3,979842178#4,979842178#5,79116530#0,79116530#1,79116549#0,79116549#1,79116549#2,41231358#1,41231357#1,79119291#1,79116549#4,79116549#5,79116549#6,79119284#1,-561133140#1",2.6131052420968395
-41231716,-561133140#1,"-41231716,41231716,-41231514#0,870315480,979842178#1,979842178#2,979842178#3,41231717,979842178#5,79116530#0,79116530#1,79116549#0,41231508#1,79119292,41231358#0,79116549#3,79116549#4,79116549#5,79116549#6,79119284#1,-561133140#1",2.853461384553822
57680181#0,-174375407#2,"57680181#0,57680181#1,-39353757#0,57680128,174375407#0,174375407#1,174375407#2",1.7015606242497
57680181#0,-174375407#2,"57680181#0,57680181#1,39353757#1,39353757#2,39353757#3,39353757#4,57680150#0,57680150#1,39353757#16,39353757#17,39353757#18,174375411#0,174375411#1,57680128,174375407#0,174375407#1,174375407#2",3.8523209283713484
57680181#0,-174375407#2,"57680181#0,57680181#1,39353757#1,39353757#2,1123308755,-39389916#1,-39389916#0,39353757#17,39353757#18,174375411#0,174375411#1,57680128,174375407#0,174375407#1,174375407#2",3.5526210484193674
57680181#0,-174375407#2,"57680181#0,57680181#1,39353757#1,39353757#2,1123308755,1123308756,39353757#4,57680150#0,57680150#1,39353757#16,39353757#17,39353757#18,174375411#0,174375411#1,57680128,174375407#0,174375407#1,174375407#2",3.888175270108043
57680181#0,-174375407#2,"57680181#0,57680181#1,39353757#1,39353757#2,1123308755,-39389916#1,-39389916#0,39353757#17,39353757#18,39353757#19,174907149,57680093,57680128,174375407#0,174375407#1,174375407#2",3.562144857943177
57680181#0,-174375407#2,"57680181#0,57680181#1,39353757#1,39353757#2,39353757#3,39353757#4,57680150#0,57680150#1,39353757#16,39353757#17,39353757#18,39353757#19,174907149,563297843,174375407#0,174375407#1,174375407#2",3.861444577831132
57680181#0,-174375407#2,"57680181#0,57680181#1,39353757#1,39353757#2,1123308755,1123308756,39353757#4,57680150#0,57680150#1,39353757#16,39353757#17,39353757#18,39353757#19,174907149,563297843,174375407#0,174375407#1,174375407#2",3.8972989195678265
57680181#0,-174375407#2,"57680181#0,57680181#1,39353757#1,39353757#2,1123308755,1123308756,39353757#4,57680150#0,57680150#1,39353757#16,39353757#17,39353757#18,39353757#19,174907149,57680093,57680128,174375407#0,174375407#1,174375407#2",3.897699079631852
57680181#0,-174375407#2,"57680181#0,57680181#1,39353757#1,39353757#2,39353757#3,39353757#4,39353757#5,39353757#6,39353757#7,39353757#8,39353757#9,39353757#10,39353757#11,39353757#12,39353757#13,39353757#14,39353757#15,39353757#16,39353757#17,39353757#18,39353757#19,174907149,563297843,174375407#0,174375407#1,174375407#2",4.049819927971188
57680181#0,-174375407#2,"57680181#0,57680181#1,39353757#1,39353757#2,39353757#3,39353757#4,39353757#5,39353757#6,39761731#0,39761731#1,39761731#2,39353757#10,39353757#11,39353757#12,39353757#13,39353757#14,39353757#15,39353757#16,39353757#17,39353757#18,174375411#0,174375411#1,57680128,174375407#0,174375407#1,174375407#2",4.680832332933174
57680138,39761731#1,"57680138,-57680138,-57680089#3,-57680089#2,-57680089#1,-57680089#0,57680170#1,57680132#0,57680132#1,174375406,1238123693,1238123694,563272697,563271328,174375401,1238123690,174375405,561133138,-174375407#4,-174375407#3,-174375407#2,-174375407#1,-174375407#0,-563297843,-174907149,-39353757#19,174375411#0,174375411#1,39353757#0,39353757#1,39353757#2,39353757#3,39353757#4,39353757#5,39353757#6,39761731#0,39761731#1",4.3290522544510965
57680138,39761731#1,"-57680138,-57680089#3,-57680089#2,-57680089#1,-57680089#0,57680170#1,57680132#0,57680132#1,174375406,1238123693,1238123694,563272697,561133136,561133138,-174375407#4,-174375407#3,-174375407#2,-174375407#1,-174375407#0,-563297843,57680093,39353757#0,39353757#1,39353757#2,39353757#3,39353757#4,39353757#5,39353757#6,39761731#0,39761731#1",2.6486359122482686
57680138,39761731#1,"-57680138,-57680089#3,-57680089#2,-57680089#1,-57680089#0,57680170#1,57680132#0,57680132#1,174375408#0,174375408#1,-174375409,57680120#0,57680120#1,1238123694,563272697,561133136,561133138,-174375407#4,-174375407#3,-174375407#2,-174375407#1,-174375407#0,-563297843,57680093,39353757#0,39353757#1,39353757#2,39353757#3,39353757#4,39353757#5,39353757#6,39761731#0,39761731#1",2.644796219423694
57680138,39761731#1,"57680138,-57680138,-57680089#3,-57680089#2,-57680089#1,-57680089#0,57680170#1,57680132#0,57680132#1,174375408#0,174375408#1,-174375409,57680120#0,57680120#1,1238123694,563272697,561133136,561133138,-174375407#4,-174375407#3,-174375407#2,-174375407#1,-174375407#0,-563297843,57680093,39353757#0,39353757#1,39353757#2,1123308755,1123308756,39353757#4,39353757#5,57680106,-39353757#14,49188792#0,49188792#1,-39353757#7,39761731#0,39761731#1",3.8458366355901603
57680138,39761731#1,"-57680138,-57680089#3,-57680089#2,-57680089#1,-57680089#0,57680170#1,57680132#0,57680132#1,174375406,1238123693,1238123694,563272697,561133136,561133138,-174375407#4,-174375407#3,-174375407#2,-174375407#1,-174375407#0,-563297843,-174907149,-39353757#19,-39353757#18,57680181#0,57680181#1,39353757#1,39353757#2,39353757#3,39353757#4,57680150#0,57680150#1,-39353757#15,-39353757#14,-39353757#13,-39353757#12,57680155,-39353757#10,-39353757#9,-39353757#8,-39353757#7,39761731#0,39761731#1",5.855538673352711
57680138,39761731#1,"-57680138,-57680089#3,-57680089#2,-57680089#1,-57680089#0,57680170#1,57680132#0,57680132#1,174375406,1238123693,1238123694,563272697,561133136,561133138,-174375407#4,-174375407#3,-174375407#2,-174375407#1,-174375407#0,-563297843,-174907149,-39353757#19,-39353757#18,-39353757#17,39389916#0,39389916#1,1123308756,39353757#4,39353757#5,57680106,-39353757#14,49188792#0,49188792#1,-39353757#7,39761731#0,39761731#1",5.547655520091406
57680138,39761731#1,"-57680138,-57680089#3,-57680089#2,-57680089#1,-57680089#0,57680170#1,57680132#0,57680132#1,174375406,1238123693,1238123694,563272697,561133136,561133138,-174375407#4,-174375407#3,-174375407#2,-174375407#1,-174375407#0,-563297843,57680093,39353757#0,39353757#1,39353757#2,1123308755,-39389916#1,-39389916#0,-39353757#16,-39353757#15,-39353757#14,49188792#0,49188792#1,-39353757#7,39761731#0,39761731#1",4.248075688158632
57680138,39761731#1,"-57680138,-57680089#3,-57680089#2,-57680089#1,-57680089#0,57680170#1,57680132#0,57680132#1,174375406,1238123693,1238123694,563272697,563271328,174375401,1238123690,174375405,561133138,-174375407#4,-174375407#3,-174375407#2,-174375407#1,-174375407#0,-563297843,-174907149,-39353757#19,-39353757#18,57680181#0,57680181#1,39353757#1,39353757#2,39353757#3,39353757#4,39353757#5,39353757#6,39761731#0,39761731#1",4.341037048368663
57680138,39761731#1,"-57680138,-57680089#3,-57680089#2,-57680089#1,-57680089#0,57680170#1,57680132#0,57680132#1,174375406,1238123693,1238123694,563272697,561133136,561133138,-174375407#4,-174375407#3,-174375407#2,-174375407#1,-174375407#0,-563297843,-174907149,-39353757#19,-39353757#18,-39353757#17,-39353757#16,-39353757#15,-39353757#14,-39353757#13,174375412,49188792#1,-39353757#7,39761731#0,39761731#1",4.3459648654278125
57680138,39761731#1,"57680138,-57680138,-57680089#3,-57680089#2,-57680089#1,-57680089#0,57680170#1,57680132#0,57680132#1,174375408#0,174375408#1,-174375409,57680120#0,57680120#1,1238123694,563272697,563271328,174375401,1238123690,174375405,561133138,-174375407#4,-174375407#3,-174375407#2,-174375407#1,-174375407#0,-563297843,-174907149,-39353757#19,-39353757#18,-39353757#17,-39353757#16,-57680150#1,-57680150#0,39353757#5,57680106,-39353757#14,-39353757#13,174375412,49188792#1,-39353757#7,39761731#0,39761731#1",5.6712610026011845
41273131,-41273141#1,"41273131,41273128#1,1020092142,1020092140,41273134,-1020078548,41231515#6,174897323#0,-41273141#2,-41273141#1",2.183093237294918
41273131,-41273141#1,"41273131,-1020092138,41273126,1020092139#0,1020092139#1,-41231515#4,-41231515#3,-41231515#2,1020092135,41231756#0,41231756#1,41273133,-1020078548,41231515#6,-41231513#4,-41231513#3,-41231513#2,41273135,41273137#1,41273137#2,41273137#3,-41273141#1",4.4780356491048545
41273131,-41273141#1,"41273131,-1020092138,-41273130,41231515#1,41231515#2,41231515#3,41231515#4,41231515#5,41231515#6,174897323#0,-41273141#2,-41273141#1",1.8638055222088832
41273131,-41273141#1,"41273131,41273128#1,1020092142,1020092139#0,1020092139#1,-41231515#4,41273134,-1020078548,41231515#6,174897323#0,-41273141#2,-41273141#1",2.6395158063225286
41273131,-41273141#1,"41273131,41273128#1,1020092142,1020092139#0,1020092139#1,-41231515#4,-41231515#3,-41231515#2,1020092135,41231756#0,41231756#1,41273133,-1020078548,41231515#6,-41231513#4,-41231513#3,-41231513#2,41273135,41273137#1,41273137#2,41273137#3,-41273141#1",4.503225725135266
41273131,-41273141#1,"41273131,-1020092138,-41273130,41231515#1,41231515#2,41231515#3,41273134,-1020078548,41231515#6,174897323#0,-41273141#2,-41273141#1",2.0687474989995995
41273131,-41273141#1,"41273131,41273128#1,1020092142,1020092139#0,1020092139#1,41231515#5,1020078548,-41273134,-41231515#3,-41231515#2,1020092135,41231756#0,41231756#1,41231756#2,41231756#3,-41231755,79119286#1,79119286#2,79119286#3,79119284#4,79119284#5,79119284#1,79119284#2,41231513#0,41231513#1,41273135,41273136,41231513#3,41231513#4,174897323#0,-41273141#2,-41273141#1",4.125114480637467
41273131,-41273141#1,"41273131,-1020092138,-1020092137#1,1157449879,41231515#0,41231515#1,41231515#2,41231515#3,41273134,-1020078548,41231515#6,174897323#0,-41273141#2,-41273141#1",2.74703881552621
41273131,-41273141#1,"41273131,-1020092138,-1020092137#1,1157449879,41231515#0,41231515#1,1020092135,41231756#0,41231756#1,41273133,-41273134,41231515#4,41231515#5,41231515#6,-41231513#4,-41231513#3,-41231513#2,41273135,41273137#1,41273137#2,41273137#3,-41273141#1",3.9641100788767627
41273131,-41273141#1,"41273131,-1020092138,-1020092137#1,1157449879,41231515#0,41231515#1,41231515#2,41231515#3,41273134,-1020078548,41231515#6,-41231513#4,-41231513#3,-41231513#2,41273135,41273137#1,41273137#2,41273139,41273140#0,41273141#1",3.9716286514605836
-39353757#3,-22561499#1,"-39353757#3,-39353757#2,-39353757#1,-39353757#0,57680128,174375407#0,174375407#1,174375407#2,174375407#3,174375407#4,174375402,174375403,563272698,563272697,563271328,1238123691,-22561498,-22561652#6,-22561652#5,-22561652#4,-22561652#3,-22561652#2,-22561652#1,-22561652#0,-174907151#4,-174907151#1,-174907152#2,-174907152#1,-174907152#0,-22561653,-22561499#1",2.53565701298518
-39353757#3,-22561499#1,"-39353757#3,39353757#3,39353757#4,57680150#0,57680150#1,39353757#16,39353757#17,39353757#18,39353757#19,174907149,563297843,174375407#0,174375407#1,174375407#2,174375407#3,174375407#4,174375402,174375403,563272698,563272697,563271328,1238123691,-22561498,-22561652#6,-22561652#5,-22561652#4,-22561652#3,-22561652#2,-22561652#1,-22561652#0,-174907151#4,-174907151#1,-174907152#2,-174907152#1,-174907152#0,-22561653,-22561499#1",4.620070778491383
-39353757#3,-22561499#1,"-39353757#3,-39353757#2,-39353757#1,-39353757#0,57680128,174375407#0,174375407#1,174375407#2,174375407#3,174375407#4,174375402,174375403,561133137,563273548,174375406,1238123693,1238123694,563272697,563271328,1238123691,-22561498,-22561652#6,-22561652#5,-22561652#4,-22561652#3,-22561652#2,-22561652#1,-22561652#0,-174907151#4,-174907151#1,-174907152#2,-174907152#1,-174907152#0,-22561653,-22561499#1",2.591260564701043
-41231511#0,-57680145#1,"-41231511#0,79119293#0,79119293#1,-41231508#3,-41231508#2,79119292,41231358#0,-79116549#2,-79116549#1,-41231508#0,79119287#0,79119287#1,79119287#2,79116549#5,79116549#6,79119284#1,-561133140#1,-561133140#0,-227385933,-23030922#0,-154901400#5,-154901400#4,-154901400#3,-154901400#2,-227218688,-57680127,-57680164,-57680125#1,-57680125#0,-57680135,-57680114#3,-57680114#2,-57680114#1,-57680114#0,-1264978471,-57680145#1",10.352366892236972
-41231511#0,-57680145#1,"-41231511#0,41231511#0,41231511#1,41231511#2,41231511#3,79119286#2,79119286#3,79119284#4,79119284#5,79119284#1,-561133140#1,-561133140#0,-227385933,-23030922#0,-154901400#5,-154901400#4,-154901400#3,-154901400#2,-154901400#1,-154901400#0,-227218424,-227218423,-57680175,-57680125#0,-57680135,-57680114#3,-57680114#2,-57680114#1,-57680114#0,-1264978471,-57680145#1",7.23341813758952
-41231511#0,-57680145#1,"-41231511#0,79119293#0,79119288,41231358#0,41231358#1,41231357#1,79119291#1,79116549#4,79116549#5,79116549#6,79119284#1,-561133140#1,-561133140#0,-227385933,-23030922#0,-154901400#5,-154901400#4,-154901400#3,-154901400#2,-227218688,-57680127,-57680164,-57680125#1,-57680125#0,-57680135,-57680114#3,-57680114#2,-57680114#1,-57680114#0,-1264978471,-57680145#1",8.771614591316602
-41231511#0,-57680145#1,"41231511#0,41231511#1,41231511#2,41231511#3,79119286#2,79119286#3,79119284#4,79119284#5,79119284#1,-561133140#1,-561133140#0,-227385933,-23030922#0,-154901400#5,-154901400#4,-154901400#3,-154901400#2,-154901400#1,-154901400#0,-227218424,-227218423,-57680175,-57680125#0,-57680135,-57680114#3,-57680114#2,-57680114#1,-57680114#0,-1264978471,-57680145#1",6.9953228994942815
-41231511#0,-57680145#1,"-41231511#0,79119293#0,79119288,41231358#0,-79116549#2,-79116549#1,-41231508#0,79119287#0,79119287#1,41231357#0,79119291#0,79119291#1,79116549#4,79116549#5,79116549#6,79119284#1,-561133140#1,-561133140#0,-227385933,-23030922#0,-154901400#5,-154901400#4,-154901400#3,-154901400#2,-154901400#1,-154901400#0,-227218424,-227218423,-57680175,-57680125#0,-57680135,-57680114#3,-57680114#2,-57680114#1,-57680114#0,-1264978471,-57680145#1",9.611529382087319
-41231511#0,-57680145#1,"41231511#0,41231511#1,41231511#2,41231511#3,79119286#2,79119286#3,79119284#4,79119284#5,79119284#1,-561133140#1,-561133140#0,-227385933,-23030922#0,-154901400#5,-154901400#4,-154901400#3,-154901400#2,-227218688,-57680127,-57680164,-57680125#1,-57680125#0,-57680135,-57680114#3,-57680114#2,-57680114#1,-57680114#0,-1264978471,-57680145#1",7.2213344792717855
-41231511#0,-57680145#1,"-41231511#0,79119293#0,79119288,41231358#0,79116549#3,79116549#4,79116549#5,79116549#6,79119284#1,-561133140#1,-561133140#0,-227385933,-23030922#0,-154901400#5,-154901400#4,-154901400#3,-154901400#2,-154901400#1,-154901400#0,-227218424,-227218423,-57680175,-57680125#0,-57680135,-57680114#3,-57680114#2,-57680114#1,-57680114#0,-1264978471,-57680145#1",8.528216056757188
-41231511#0,-57680145#1,"-41231511#0,79119293#0,79119293#1,79119293#2,41231360,41231359#1,79119292,41231358#0,-79116549#2,-79116549#1,-41231508#0,79119287#0,79119287#1,41231357#0,79119291#0,79119291#1,79116549#4,79116549#5,79116549#6,79119284#1,-561133140#1,-561133140#0,-227385933,-23030922#0,-154901400#5,-154901400#4,-154901400#3,-154901400#2,-227218688,-57680127,-57680164,-57680125#1,-57680125#0,-57680135,-57680114#3,-57680114#2,-57680114#1,-57680114#0,-1264978471,-57680145#1",10.525696223969666
-41231511#0,-57680145#1,"-41231511#0,79119293#0,79119288,41231358#0,41231358#1,41231357#1,79119291#1,79116549#4,79116549#5,79116549#6,79119284#1,-561133140#1,-561133140#0,-227385933,-23030922#0,-154901400#5,-154901400#4,-154901400#3,-154901400#2,-154901400#1,-154901400#0,-227218424,-227218423,-57680175,-57680125#0,-57680135,-57680114#3,-57680114#2,-57680114#1,-57680114#0,-1264978471,-57680145#1",8.5456030115391
-41231511#0,-57680145#1,"41231511#0,41231511#1,41231511#2,41231511#3,-79119286#1,41231755,-41231756#3,-41231756#2,41273133,-1020078548,41231515#6,-41231513#4,-41231513#3,-41231513#2,-41231513#1,-41231513#0,79119284#3,79119284#4,79119284#5,79119284#1,-561133140#1,-561133140#0,-227385933,-23030922#0,-154901400#5,-154901400#4,-154901400#3,-154901400#2,-227218688,-57680127,-57680164,-57680125#1,-57680125#0,-57680135,-57680114#3,-57680114#2,-57680114#1,-57680114#0,-1264978471,-57680145#1",8.763791462064901
-979838980#5,-57392538#7,"979838980#5,979838980#6,57680170#0,57680170#1,57680132#0,57680132#1,174375406,1238123693,1238123694,563272697,563271328,1238123691,-22561498,-22561652#6,-22561652#5,-22561652#4,-22561652#3,57392554#0,57392554#1,57392538#0,57392538#1,57392538#2,57392538#3,57392538#4,57392538#5,57392538#6,57392538#7",2.583831861833962
-979838980#5,-57392538#7,"979838980#5,979838980#6,57680170#0,57680170#1,57680132#0,57680132#1,174375408#0,174375408#1,-174375409,57680120#0,57680120#1,1238123694,563272697,563271328,1238123691,-22561498,-22561652#6,-22561652#5,-22561652#4,-22561652#3,57392554#0,57392554#1,57392538#0,57392538#1,57392538#2,57392538#3,57392538#4,57392538#5,57392538#6,57392538#7",2.5799921690093877
57680150#0,-174375407#2,"-57680150#0,-39353757#4,-39353757#3,-39353757#2,-39353757#1,-39353757#0,57680128,174375407#0,174375407#1,174375407#2",1.7657262905162066
57680150#0,-174375407#2,"57680150#0,57680150#1,39353757#16,39353757#17,39353757#18,174375411#0,174375411#1,57680128,174375407#0,174375407#1,174375407#2",2.8194477791116443
57680150#0,-174375407#2,"57680150#0,57680150#1,-39353757#15,-39353757#14,-39353757#13,-39353757#12,-39353757#11,-39353757#10,-39353757#9,-39353757#8,-39353757#7,-39353757#6,-39353757#5,-39353757#4,-39353757#3,-39353757#2,-39353757#1,-39353757#0,57680128,174375407#0,174375407#1,174375407#2",2.7170468187274905
57680150#0,-174375407#2,"57680150#0,57680150#1,39353757#16,39389916#0,39389916#1,1123308756,-39353757#3,-39353757#2,-39353757#1,-39353757#0,57680128,174375407#0,174375407#1,174375407#2",2.7738695478191278
57680150#0,-174375407#2,"-57680150#0,-39353757#4,-39353757#3,1123308755,-39389916#1,-39389916#0,39353757#17,39353757#18,174375411#0,174375411#1,57680128,174375407#0,174375407#1,174375407#2",3.541316526610644
57680150#0,-174375407#2,"-57680150#0,39353757#5,57680106,39353757#15,39353757#16,39389916#0,39389916#1,1123308756,-39353757#3,-39353757#2,-39353757#1,-39353757#0,57680128,174375407#0,174375407#1,174375407#2",3.6520608243297312
57680150#0,-174375407#2,"57680150#0,57680150#1,39353757#16,39353757#17,57680181#0,57680181#1,-39353757#0,57680128,174375407#0,174375407#1,174375407#2",2.8880752300920363
57680150#0,-174375407#2,"57680150#0,57680150#1,-39353757#15,-39353757#14,49188792#0,49188792#1,-39353757#7,-39353757#6,-39353757#5,-39353757#4,-39353757#3,-39353757#2,-39353757#1,-39353757#0,57680128,174375407#0,174375407#1,174375407#2",2.721028411364545
57680150#0,-174375407#2,"-57680150#0,39353757#5,57680106,39353757#15,39353757#16,39353757#17,39353757#18,39353757#19,174907149,563297843,174375407#0,174375407#1,174375407#2",3.7067627050820326
57680150#0,-174375407#2,"-57680150#0,39353757#5,57680106,39353757#15,39353757#16,39353757#17,39353757#18,174375411#0,174375411#1,57680128,174375407#0,174375407#1,174375407#2",3.697639055622249
-499933979,-174375415#0,"-499933979,-57680089#1,-57680089#0,57680170#1,57680132#0,57680132#1,174375406,1238123693,1238123694,563272697,561133136,561133138,-174375407#4,-174375407#3,-174375407#2,-174375407#1,-174375407#0,-563297843,57680093,39353757#0,39353757#1,39353757#2,39353757#3,39353757#4,57680150#0,57680150#1,-39353757#15,-39353757#14,-39353757#13,174375412,49188792#1,39353757#8,174375415#0",3.7903226085250514
-499933979,-174375415#0,"-499933979,-57680089#1,-57680089#0,57680170#1,57680132#0,57680132#1,174375406,1238123693,1238123694,563272697,563271328,174375401,1238123690,174375405,561133138,-174375407#4,-174375407#3,-174375407#2,-174375407#1,-174375407#0,-563297843,-174907149,-39353757#19,-39353757#18,57680181#0,57680181#1,39353757#1,39353757#2,39353757#3,39353757#4,57680150#0,57680150#1,-39353757#15,-39353757#14,-39353757#13,-39353757#12,-39353757#11,-39353757#10,-39353757#9,174375415#0",5.428712118396675
-499933979,-174375415#0,"-499933979,-57680089#1,-57680089#0,57680170#1,57680132#0,57680132#1,174375406,1238123693,1238123694,563272697,561133136,561133138,-174375407#4,-174375407#3,-174375407#2,-174375407#1,-174375407#0,-563297843,57680093,39353757#0,39353757#1,39353757#2,1123308755,1123308756,39353757#4,39353757#5,57680106,-39353757#14,-39353757#13,-39353757#12,-39353757#11,-39353757#10,-39353757#9,174375415#0",3.5206046997632745
-499933979,-174375415#0,"-499933979,-57680089#1,-57680089#0,57680170#1,57680132#0,57680132#1,174375406,1238123693,1238123694,563272697,561133136,561133138,-174375407#4,-174375407#3,-174375407#2,-174375407#1,-174375407#0,-563297843,57680093,39353757#0,39353757#1,39353757#2,39353757#3,39353757#4,39353757#5,57680106,-39353757#14,49188792#0,49188792#1,39353757#8,174375415#0",3.530588693360713
-499933979,-174375415#0,"-499933979,-57680089#1,-57680089#0,57680170#1,57680132#0,57680132#1,174375406,1238123693,1238123694,563272697,563271328,174375401,1238123690,174375405,561133138,-174375407#4,-174375407#3,-174375407#2,-174375407#1,-174375407#0,-563297843,57680093,39353757#0,39353757#1,39353757#2,39353757#3,39353757#4,39353757#5,39353757#6,39353757#7,39353757#8,174375415#0",2.4373955917860304
-499933979,-174375415#0,"-499933979,-57680089#1,-57680089#0,57680170#1,57680132#0,57680132#1,174375406,1238123693,1238123694,563272697,563271328,174375401,1238123690,174375405,561133138,-174375407#4,-174375407#3,-174375407#2,-174375407#1,-174375407#0,-563297843,-174907149,-39353757#19,174375411#0,174375411#1,39353757#0,39353757#1,39353757#2,39353757#3,39353757#4,39353757#5,39353757#6,39353757#7,39353757#8,174375415#0",4.051981426119763
-499933979,-174375415#0,"-499933979,-57680089#1,-57680089#0,57680170#1,57680132#0,57680132#1,174375408#0,174375408#1,-174375409,57680120#0,57680120#1,1238123694,563272697,563271328,174375401,1238123690,174375405,561133138,-174375407#4,-174375407#3,-174375407#2,-174375407#1,-174375407#0,-563297843,57680093,39353757#0,39353757#1,39353757#2,1123308755,1123308756,39353757#4,39353757#5,39353757#6,39353757#7,39353757#8,174375415#0",2.4694102406981506
-499933979,-174375415#0,"-499933979,-57680089#1,-57680089#0,57680170#1,57680132#0,57680132#1,174375406,1238123693,1238123694,563272697,561133136,561133138,-174375407#4,-174375407#3,-174375407#2,-174375407#1,-174375407#0,-563297843,57680093,39353757#0,39353757#1,39353757#2,39353757#3,39353757#4,39353757#5,39353757#6,39761731#0,39761731#1,-174375415#0",3.0528976169301414
-499933979,-174375415#0,"-499933979,-57680089#1,-57680089#0,57680170#1,57680132#0,57680132#1,174375406,1238123693,1238123694,563272697,561133136,561133138,-174375407#4,-174375407#3,-174375407#2,-174375407#1,-174375407#0,-563297843,57680093,39353757#0,39353757#1,39353757#2,39353757#3,39353757#4,57680150#0,57680150#1,-39353757#15,-39353757#14,49188792#0,49188792#1,39353757#8,174375415#0",3.782149317610413
-499933979,-174375415#0,"-499933979,-57680089#1,-57680089#0,57680170#1,57680132#0,57680132#1,174375406,1238123693,1238123694,563272697,563271328,174375401,1238123690,174375405,561133138,-174375407#4,-174375407#3,-174375407#2,-174375407#1,-174375407#0,-563297843,-174907149,-39353757#19,-39353757#18,-39353757#17,39389916#0,39389916#1,1123308756,39353757#4,39353757#5,39353757#6,39761731#0,39761731#1,-174375415#0",4.852561658212601
-1020092138,-174907152#1,"1020092138,41273128#1,1020092142,1020092139#0,1020092139#1,41231515#5,41231515#6,-41231513#4,-41231513#3,-41231513#2,-41231513#1,-41231513#0,79119284#3,79119284#4,79119284#5,79119284#1,-561133140#1,-561133140#0,-227385933,-23030922#0,-154901400#5,-154901400#4,-154901400#3,-154901400#2,-154901400#1,-154901400#0,-227218424,-227218423,-57680175,-57680125#0,-125835961,-125835958,-55682704#2,-55682704#1,-55682704#0,-849128758#0,-55682703,55682343#1,55682342#1,55682342#2,1116499323#0,1116499323#1,1264978470#0,1264978470#1,1116499322,1116499321#0,22561654#0,22561654#3,22561654#4,22561654#5,22561499#0,22561499#1,22561499#2,174907152#0,174907152#1",11.17231564525011
-1020092138,-174907152#1,"-1020092138,-1020092137#1,1157449879,-1157449878#1,-1157449878#0,1020078539,-79116557#4,-79116557#3,-79116557#2,-79116557#1,-79116557#0,79116530#3,79116530#0,-561134628#1,-561134628#0,-1034110351#0,-23881168#1,-23881168#0,1259750653,145622122#0,145622122#1,145622122#2,563298888,979838980#0,979838980#1,979838980#2,979838980#3,979838980#4,979838980#5,979838980#6,57680170#0,57680170#1,57680132#0,57680132#1,174375406,1238123693,1238123694,563272697,563271328,1238123691,-22561498,-22561652#6,-22561652#5,-22561652#4,-22561652#3,-22561652#2,-22561652#1,-22561652#0,-174907151#4,-174907151#1,-174907152#2,-174907152#1",4.73580761696105
-1163710302,-561133140#1,"-1163710302,57392486,1116499317#0,1116499317#1,1116499317#2,1116499317#3,1116499316#0,1116499316#1,1116499315#1,1116499315#2,628868117#0,628868117#1,563371197#1,563371197#2,-563282223,-1116499330#0,-1116499329,-1116499328#1,-1116499328#0,-57680087#2,-57680087#1,-57680087#0,1116499324#0,1116499324#1,1116499324#2,57680145#0,57680145#1,1264978471,561133118,57680114#1,57680114#2,57680114#3,57680135,57680125#0,57680175,227218423,227218424,154901400#0,154901400#1,154901400#2,154901400#3,154901400#4,154901400#5,23030923#2,23030922#1,41231752,561133140#1",9.3115495059791
-1163710302,-561133140#1,"1163710302,57392474,57392457#1,-22561652#0,-174907151#4,-174907151#1,1116499317#0,1116499317#1,1116499317#2,1116499317#3,1116499316#0,1116499316#1,1116499315#1,1116499315#2,628868117#0,628868117#1,563371197#1,563371197#2,-563282223,-1116499330#0,-1116499329,-1116499328#1,-1116499328#0,-57680087#2,-57680087#1,-57680087#0,1116499324#0,1116499324#1,1116499324#2,57680145#0,57680145#1,1264978471,561133118,57680114#1,57680114#2,57680114#3,57680135,57680125#0,57680175,227218423,227218424,154901400#0,154901400#1,154901400#2,154901400#3,154901400#4,154901400#5,23030923#2,23030922#1,41231752,561133140#1",9.932320620180178
-1163710302,-561133140#1,"-1163710302,57392486,1116499317#0,1116499317#1,1116499317#2,1116499317#3,1116499316#0,1116499316#1,1116499315#1,1116499315#2,628868117#0,628868117#1,563371197#1,563371197#2,-563282223,-1116499330#0,-1116499329,-1116499328#1,-1116499328#0,-57680087#2,-57680087#1,-57680087#0,1116499324#0,1116499324#1,1116499324#2,57680145#0,57680145#1,1264978471,561133118,57680114#1,57680114#2,57680114#3,57680135,57680125#0,57680125#1,57680125#2,57680127,227218689,154901400#2,154901400#3,154901400#4,154901400#5,23030923#2,23030922#1,41231752,561133140#1",9.53924726687475
-1163710302,-561133140#1,"-1163710302,1004094803#0,1004094803#1,1004094802,57392452,24580169#2,-57099575#2,-57099575#1,-57099591#1,-57099591#0,32898139#0,32898139#1,32898141,-24580169#0,22561499#0,22561499#1,22561499#2,-57680180#3,-57680180#2,-57680180#1,-57680180#0,-563282223,-1116499330#0,-1116499329,-1116499328#1,-1116499328#0,-57680087#2,-57680087#1,-57680087#0,1116499324#0,1116499324#1,1116499324#2,57680145#0,57680145#1,1264978471,561133118,57680114#1,57680114#2,57680114#3,57680135,57680125#0,57680175,227218423,227218424,154901400#0,154901400#1,154901400#2,154901400#3,154901400#4,154901400#5,23030923#2,23030922#1,41231752,561133140#1",11.864789183818528
-174375407#2,57680152#2,"174375407#2,174375407#3,174375407#4,174375402,174375403,561133137,563273548,174375406,1238123693,1238123694,563272697,563271328,1238123691,-22561498,-22561652#6,-22561652#5,-22561652#4,-22561652#3,-22561652#2,-22561652#1,-22561652#0,-174907151#4,-174907151#1,-174907152#2,-174907152#1,-174907152#0,-57680180#3,-57680180#2,-57680180#1,-57680180#0,-563282223,-1116499330#0,1116499332#0,1116499332#1,1116499332#2,1116499331#0,1116499331#1,57680152#1,57680152#2",3.2157503606194098
-174375407#2,57680152#2,"174375407#2,174375407#3,174375407#4,174375402,174375403,563272698,563272697,563271328,1238123691,-22561498,-22561652#6,-22561652#5,-22561652#4,-22561652#3,-22561652#2,-22561652#1,-22561652#0,-174907151#4,-174907151#1,1116499317#0,1116499317#1,1116499317#2,1116499317#3,1116499316#0,1116499316#1,1116499315#1,1116499315#2,628868117#0,628868117#1,563371197#1,563371197#2,-563282223,-1116499330#0,1116499332#0,1116499332#1,1116499332#2,1116499331#0,1116499331#1,57680152#1,57680152#2",3.3049133845985734
-174375407#2,57680152#2,"174375407#2,174375407#3,174375407#4,174375402,174375403,563272698,563272697,563271328,1238123691,-22561498,-22561652#6,-22561652#5,-22561652#4,-22561652#3,-22561652#2,-22561652#1,-22561652#0,-174907151#4,-174907151#1,-174907152#2,-174907152#1,-174907152#0,-57680180#3,-57680180#2,-57680180#1,-57680180#0,-563282223,-1116499330#0,1116499332#0,1116499332#1,1116499332#2,1116499331#0,1116499331#1,57680152#1,57680152#2",3.160146808903547
-57680114#1,-1163710302,"-57680114#1,-57680114#0,-1264978471,-57680145#1,-57680145#0,-1116499324#2,-1116499324#1,-1116499324#0,57680087#0,57680087#1,57680087#2,1116499328#0,1116499328#1,1116499329,1116499330#0,1116499330#1,57680180#0,57680180#1,57680180#2,57680180#3,174907152#0,174907152#1,174907152#2,-57392486,1163710302",3.1456739073205755
-57680114#1,-1163710302,"-57680114#1,-57680114#0,-1264978471,-57680145#1,-57680145#0,-1116499324#2,-1116499324#1,-1116499324#0,-57680112#1,-57680112#0,1116499322,1116499321#0,22561654#0,22561654#3,22561654#4,22561654#5,22561499#0,22561499#1,22561499#2,174907152#0,174907152#1,174907152#2,-57392486,1163710302",3.277886792474637
-57680114#1,-1163710302,"-57680114#1,-57680114#0,-1264978471,-57680145#1,-57680145#0,-1116499324#2,-1116499324#1,-1116499324#0,57680087#0,57680087#1,57680087#2,1116499328#0,1116499328#1,1116499329,1116499330#0,1116499330#1,57680180#0,57680171#0,57680171#1,57680171#2,22561499#2,174907152#0,174907152#1,174907152#2,-57392486,1163710302",3.177546656420216
-57680114#1,-1163710302,"57680114#1,57680114#2,57680114#3,57680135,-125835961,-125835958,-55682704#2,-55682704#1,-55682704#0,-849128758#0,-55682703,55682343#1,55682342#1,55682342#2,1116499323#0,1116499323#1,1264978470#0,1264978470#1,57680111,57680112#1,57680087#0,57680087#1,57680087#2,1116499328#0,1116499328#1,1116499329,1116499330#0,1116499330#1,57680180#0,57680180#1,57680180#2,57680180#3,174907152#0,174907152#1,174907152#2,-57392486,1163710302",5.912692638133123
57680095#0,-57680089#3,"-57680095#0,1116499321#0,22561654#0,22561654#3,22561654#4,22561654#5,22561499#0,22561499#1,22561499#2,174907152#0,174907152#1,174907152#2,174907151#0,174907151#2,174907151#5,22561652#1,22561652#2,22561652#3,22561652#4,22561652#5,22561652#6,125835948,563369678,1238123690,174375405,563272699,561133137,563273548,-57680132#1,-57680132#0,57680179#0,57680179#1,57680179#2,57680089#1,57680089#2,57680089#3",2.1919155423148378
57680095#0,-57680089#3,"-57680095#0,1116499321#0,22561654#0,22561654#3,22561654#4,22561654#5,22561499#0,22561499#1,22561499#2,174907152#0,174907152#1,174907152#2,174907151#0,174907151#2,174907151#5,22561652#1,22561652#2,22561652#3,22561652#4,22561652#5,22561652#6,125835948,563369678,1238123690,174375405,561133138,174375402,174375403,561133137,563273548,-57680132#1,-57680132#0,57680179#0,57680179#1,57680179#2,57680089#1,57680089#2,57680089#3",2.2849701867788155
57680095#0,-57680089#3,"-57680095#0,1116499321#0,22561654#0,22561654#3,22561654#4,22561654#5,22561499#0,22561499#1,22561499#2,174907152#0,174907152#1,174907152#2,-57392486,1163710302,57392474,57392457#1,22561652#1,22561652#2,22561652#3,22561652#4,22561652#5,22561652#6,125835948,563369678,1238123690,174375405,561133138,174375402,174375403,561133137,563273548,-57680132#1,-57680132#0,57680179#0,57680179#1,57680179#2,57680089#1,57680089#2,57680089#3",3.3131600958359635
-57680089#3,57680095#0,"-57680089#3,-57680089#2,-57680089#1,-57680089#0,57680170#1,57680132#0,57680132#1,174375406,1238123693,1238123694,563272697,563271328,1238123691,-22561498,-22561652#6,-22561652#5,-22561652#4,-22561652#3,-22561652#2,-22561652#1,-22561652#0,-174907151#4,-174907151#1,-57392486,1004094803#0,1004094803#1,1004094802,57392452,-24580169#1,-24580169#0,-22561654#5,-22561654#4,-22561654#3,-22561654#2,-1116499321#1,57680095#0",3.5878849441066625
-57680089#3,57680095#0,"-57680089#3,-57680089#2,-57680089#1,-57680089#0,57680170#1,57680132#0,57680132#1,174375406,1238123693,1238123694,563272697,563271328,1238123691,-22561498,-22561652#6,-22561652#5,-22561652#4,-22561652#3,-22561652#2,-22561652#1,-22561652#0,-174907151#4,-174907151#1,-174907152#2,-174907152#1,-174907152#0,-22561653,-22561499#1,-22561499#0,-22561654#5,-22561654#4,-22561654#3,-22561654#2,-1116499321#1,57680095#0",2.111272788453034
57392474,-561133139,"57392474,57392457#1,-22561652#0,-174907151#4,-174907151#1,-57392486,1004094803#0,1004094803#1,1004094802,561133139",2.315075670555992
57392474,-561133139,"57392474,57392457#1,-22561652#0,-174907151#4,-174907151#1,-174907152#2,-174907152#1,-174907152#0,-22561653,-22561499#1,-22561499#0,57392420,1004094802,561133139",1.926229196714657
57392474,-561133139,"57392474,57392457#1,-22561652#0,-174907151#4,-174907151#1,-174907152#2,-174907152#1,-174907152#0,-57680180#3,-57680180#2,-57680180#1,57680171#0,57680171#1,57680171#2,-22561499#1,-22561499#0,57392420,1004094802,561133139",2.380570933409335
57392474,-561133139,"57392474,57392457#1,-22561652#0,-174907151#4,-174907151#1,1116499317#0,1116499317#1,1116499317#2,1116499317#3,1116499316#0,1116499316#1,1116499315#1,1116499315#2,628868117#0,628868117#1,563371197#1,563371197#2,57680180#0,57680171#0,57680171#1,57680171#2,-22561499#1,-22561499#0,57392420,1004094802,561133139",2.5824003342344133
-39353757#17,57680181#0,"-39353757#17,-39353757#16,-39353757#15,-39353757#14,-39353757#13,-39353757#12,57680155,-39353757#10,-39353757#9,-39353757#8,-39353757#7,-39353757#6,-39353757#5,-39353757#4,-39353757#3,-39353757#2,-39353757#1,-39353757#0,57680128,-563297843,-174907149,-39353757#19,-39353757#18,57680181#0",2.6967186874749896
-39353757#17,57680181#0,"-39353757#17,39353757#17,57680181#0",0.34163665466186477
-39353757#17,57680181#0,"39353757#17,57680181#0",0.1683873549419768
-39353757#17,57680181#0,"-39353757#17,39389916#0,39389916#1,1123308756,-39353757#3,-39353757#2,-39353757#1,-39353757#0,57680128,-563297843,-174907149,-39353757#19,-39353757#18,57680181#0",2.0623849539815926
-39353757#17,57680181#0,"-39353757#17,-39353757#16,-57680150#1,-57680150#0,-39353757#4,-39353757#3,-39353757#2,-39353757#1,-39353757#0,57680128,-563297843,-174907149,-39353757#19,-39353757#18,57680181#0",2.334833933573429
-57680145#1,-22561653,"-57680145#1,-57680145#0,-1116499324#2,-1116499324#1,-1116499324#0,57680087#0,57680087#1,57680087#2,1116499328#0,1116499328#1,1116499329,1116499330#0,1116499330#1,57680180#0,57680180#1,57680180#2,57680180#3,-22561653",2.051419819187574
-57680145#1,-22561653,"-57680145#1,-57680145#0,-1116499324#2,-1116499324#1,-1116499324#0,57680087#0,57680087#1,57680087#2,1116499328#0,1116499328#1,1116499329,1116499330#0,1116499330#1,57680180#0,57680171#0,57680171#1,57680171#2,22561499#2",2.0546210996997787
-57680145#1,-22561653,"-57680145#1,-57680145#0,-1116499324#2,-1116499324#1,-1116499324#0,-57680112#1,-57680112#0,1116499322,1116499321#0,22561654#0,22561654#3,22561654#4,22561654#5,22561499#0,22561499#1,22561499#2",2.1549612357542007
-57680145#1,-22561653,"57680145#1,1264978471,561133118,57680114#1,57680114#2,57680114#3,57680135,-125835961,-125835958,-55682704#2,-55682704#1,-55682704#0,-849128758#0,-55682703,55682343#1,55682342#1,55682342#2,1116499323#0,1116499323#1,1264978470#0,1264978470#1,1116499322,1116499321#0,22561654#0,22561654#3,22561654#4,22561654#5,22561499#0,22561499#1,22561499#2",5.6678571105974145
-57680145#1,-22561653,"57680145#1,1264978471,561133118,57680114#1,57680114#2,57680114#3,57680135,-125835961,-125835958,-55682704#2,-55682704#1,-55682704#0,-849128758#0,-55682703,55682343#1,55682342#1,55682342#2,1116499323#0,1116499323#1,1264978470#0,1264978470#1,57680111,57680112#1,57680087#0,57680087#1,57680087#2,1116499328#0,1116499328#1,1116499329,1116499330#0,1116499330#1,57680180#0,57680180#1,57680180#2,57680180#3,-22561653",6.3257402638587195
57392420,-22561653,"57392420,1004094802,57392452,-24580169#1,-24580169#0,22561499#0,22561499#1,22561499#2",1.1454087390351821
57392420,-22561653,"57392420,1004094802,57392452,-24580169#1,-24580169#0,-22561654#5,-22561654#4,-22561654#3,-22561654#2,-1116499321#1,-1116499322,57680111,57680112#1,57680087#0,57680087#1,57680087#2,1116499328#0,1116499328#1,1116499329,1116499330#0,1116499330#1,57680180#0,57680180#1,57680180#2,57680180#3,-22561653",3.358954157202448
57392420,-22561653,"57392420,1004094802,57392452,24580169#2,-57099575#2,-57099575#1,-57099591#1,-57099591#0,32898139#0,32898139#1,32898141,-24580169#0,22561499#0,22561499#1,22561499#2",3.0076976120922647
57392420,-22561653,"57392420,1004094802,57392452,24580169#2,-57099575#2,-57099587#1,32898141,-24580169#0,22561499#0,22561499#1,22561499#2",1.6969104750632271
57392420,-22561653,"57392420,1004094802,57392452,-24580169#1,-24580169#0,-22561654#5,-22561654#4,-22561654#3,-22561654#2,-1116499321#1,-1116499322,57680111,57680112#1,57680087#0,57680087#1,57680087#2,1116499328#0,1116499328#1,1116499329,1116499330#0,1116499330#1,57680180#0,57680171#0,57680171#1,57680171#2,22561499#2",3.3621554377146534
-561133121,57392486,"55682342#2,1116499323#0,1116499323#1,1264978470#0,1264978470#1,1116499322,1116499321#0,22561654#0,22561654#3,22561654#4,22561654#5,22561499#0,22561499#1,22561499#2,174907152#0,174907152#1,174907152#2,-57392486",2.6303671762236966
-561133121,57392486,"-561133121,55682342#2,1116499323#0,1116499323#1,1264978470#0,1264978470#1,57680111,57680112#1,57680087#0,57680087#1,57680087#2,1116499328#0,1116499328#1,1116499329,1116499330#0,1116499330#1,57680180#0,57680180#1,57680180#2,57680180#3,174907152#0,174907152#1,174907152#2,-57392486",3.4270685728317223
-561133121,57392486,"-561133121,55682342#2,1116499323#0,1116499323#1,1264978470#0,1264978470#1,1116499322,1116499321#0,22561654#0,22561654#3,22561654#4,22561654#5,22561499#0,22561499#1,22561499#2,174907152#0,174907152#1,174907152#2,-57392486",2.7978568881578534
-561133121,57392486,"-561133121,55682342#2,1116499323#0,1116499323#1,1264978470#0,1264978470#1,57680111,57680112#1,57680087#0,57680087#1,57680087#2,1116499328#0,1116499328#1,1116499329,1116499330#0,1116499330#1,57680180#0,57680171#0,57680171#1,57680171#2,22561499#2,174907152#0,174907152#1,174907152#2,-57392486",3.4589413219313627
-561133121,57392486,"55682342#2,1116499323#0,1116499323#1,1264978470#0,1264978470#1,57680111,57680112#1,57680087#0,57680087#1,57680087#2,1116499328#0,1116499328#1,1116499329,1116499330#0,1116499330#1,57680180#0,57680180#1,57680180#2,57680180#3,174907152#0,174907152#1,174907152#2,-57392486",3.2595788608975655
-561133121,57392486,"55682342#2,1116499323#0,1116499323#1,1264978470#0,1264978470#1,57680111,57680112#1,57680087#0,57680087#1,57680087#2,1116499328#0,1116499328#1,1116499329,1116499330#0,1116499330#1,57680180#0,57680171#0,57680171#1,57680171#2,22561499#2,174907152#0,174907152#1,174907152#2,-57392486",3.291451609997206
-22561652#0,-79119286#2,"-22561652#0,-174907151#4,-174907151#1,-174907152#2,-174907152#1,-174907152#0,-22561653,-22561499#1,-22561499#0,-22561654#5,-22561654#4,-22561654#3,-22561654#2,-1116499321#1,-1116499322,57680111,57680112#1,1116499324#0,1116499324#1,1116499324#2,57680145#0,57680145#1,1264978471,561133118,57680114#1,57680114#2,57680114#3,57680135,57680125#0,57680175,227218423,227218424,154901400#0,154901400#1,154901400#2,154901400#3,154901400#4,154901400#5,23030923#2,23030922#1,41231752,561133140#1,79119284#2,79119284#3,-79119286#3,-79119286#2",9.156352139262628
-22561652#0,-79119286#2,"-22561652#0,-174907151#4,-174907151#1,1116499317#0,1116499317#1,1116499317#2,1116499317#3,1116499316#0,1116499316#1,1116499315#1,1116499315#2,628868117#0,628868117#1,563371197#1,563371197#2,-563282223,-1116499330#0,-1116499329,-1116499328#1,-1116499328#0,-57680087#2,-57680087#1,-57680087#0,1116499324#0,1116499324#1,1116499324#2,57680145#0,57680145#1,1264978471,561133118,57680114#1,57680114#2,57680114#3,57680135,57680125#0,57680175,227218423,227218424,154901400#0,154901400#1,154901400#2,154901400#3,154901400#4,154901400#5,23030923#2,23030922#1,41231752,561133140#1,79119284#2,79119284#3,-79119286#3,-79119286#2",9.170686542088507
57680109,628868117#0,"-57680109,125835951#1,57680112#1,57680087#0,57680087#1,57680087#2,1116499328#0,1116499328#1,1116499329,1116499330#0,1116499330#1,57680180#0,57680180#1,57680180#2,57680180#3,174907152#0,174907152#1,174907152#2,1116499317#0,1116499317#1,1116499317#2,1116499317#3,1116499316#0,1116499316#1,1116499315#1,1116499315#2,628868117#0",1.7842026738753052
57680109,628868117#0,"-57680109,125835951#1,-57680112#0,1116499322,1116499321#0,22561654#0,22561654#3,22561654#4,22561654#5,22561499#0,22561499#1,22561499#2,174907152#0,174907152#1,174907152#2,1116499317#0,1116499317#1,1116499317#2,1116499317#3,1116499316#0,1116499316#1,1116499315#1,1116499315#2,628868117#0",1.6996688603498953
57680109,628868117#0,"-57680109,125835951#1,57680112#1,57680087#0,57680087#1,57680087#2,1116499328#0,1116499328#1,1116499329,1116499330#0,1116499330#1,57680180#0,57680171#0,57680171#1,57680171#2,22561499#2,174907152#0,174907152#1,174907152#2,1116499317#0,1116499317#1,1116499317#2,1116499317#3,1116499316#0,1116499316#1,1116499315#1,1116499315#2,628868117#0",1.8160754229749452
-175186741#0,-57680180#1,"-175186741#0,-79116557#4,-79116557#3,-79116557#2,-79116557#1,-79116557#0,79116530#3,79116530#0,-561134628#1,-561134628#0,-1034110351#0,-23881168#1,-23881168#0,1259750653,145622122#0,145622122#1,145622122#2,563298888,979838980#0,979838980#1,979838980#2,979838980#3,979838980#4,979838980#5,979838980#6,57680170#0,57680170#1,57680132#0,57680132#1,174375406,1238123693,1238123694,563272697,563271328,1238123691,-22561498,-22561652#6,-22561652#5,-22561652#4,-22561652#3,-22561652#2,-22561652#1,-22561652#0,-174907151#4,-174907151#1,-174907152#2,-174907152#1,-174907152#0,-57680180#3,-57680180#2,-57680180#1",3.88332662456409
41231757,-561133140#1,"-41231757,1157449878#0,1157449878#1,41231515#0,41273130,1020092138,41273128#1,1020092142,1020092140,-41231515#3,-41231515#2,1020092135,41231756#0,41231756#1,41273133,-1020078548,41231515#6,-41231513#4,-41231513#3,-41231513#2,-41231513#1,-41231513#0,79119284#3,79119284#4,79119284#5,79119284#1,-561133140#1",4.205266541461799
41231757,-561133140#1,"41231757,-41231757,1020078539,-79116557#4,-79116557#3,-79116557#2,23881170,1020078542,1157449878#1,41231515#0,41231515#1,1020092135,41231756#0,41231756#1,41231756#2,41231756#3,-41231755,79119286#1,79119286#2,79119286#3,79119284#4,79119284#5,79119284#1,-561133140#1",2.4969657985584437
41231757,-561133140#1,"-41231757,1020078539,-79116557#4,-79116557#3,-79116557#2,-79116557#1,-79116557#0,79116530#3,79116530#0,79116530#1,79116549#0,41231508#1,79119292,41231358#0,41231358#1,79119291#0,79119291#1,79116549#4,79116549#5,79116549#6,79119284#1,-561133140#1",2.673389355742297
41231757,-561133140#1,"41231757,-41231757,1157449878#0,1157449878#1,41231515#0,41273130,1020092138,41273128#1,1020092142,1020092140,-41231515#3,-41231515#2,1020092135,41231756#0,41231756#1,41231756#2,41231756#3,-41231755,79119286#1,79119286#2,79119286#3,79119284#4,79119284#5,79119284#1,-561133140#1",3.4131296867199
41231757,-561133140#1,"-41231757,1157449878#0,1157449878#1,-1157449879,1020092137#1,1020092138,41273128#1,1020092142,1020092139#0,1020092139#1,41231515#5,1020078548,-41273134,-41231515#3,-41231515#2,1020092135,41231756#0,41231756#1,41231756#2,41231756#3,-41231755,79119286#1,79119286#2,79119286#3,79119284#4,79119284#5,79119284#1,-561133140#1",3.835738730337347
41231757,-561133140#1,"-41231757,1157449878#0,1157449878#1,41231515#0,41273130,41273126,1020092139#0,1020092139#1,41231515#5,41231515#6,-41231513#4,-41231513#3,-41231513#2,-41231513#1,-41231513#0,79119284#3,79119284#4,79119284#5,79119284#1,-561133140#1",3.153581432573029
41231757,-561133140#1,"-41231757,1157449878#0,1157449878#1,-1157449879,1020092137#1,-41273130,41231515#1,1020092135,41231756#0,41231756#1,41231756#2,41231756#3,-41231755,79119286#1,79119286#2,79119286#3,79119284#4,79119284#5,79119284#1,-561133140#1",2.0777155210536336
41231757,-561133140#1,"-41231757,1157449878#0,1157449878#1,41231515#0,41273130,41273126,1020092139#0,1020092139#1,-41231515#4,-41231515#3,-41231515#2,1020092135,41231756#0,41231756#1,41231756#2,41231756#3,-41231755,79119286#1,79119286#2,79119286#3,79119284#4,79119284#5,79119284#1,-561133140#1",3.4131496947231015
41231757,-561133140#1,"41231757,-41231757,1020078539,1020078540,1020078536,-79116557#3,-79116557#2,23881170,41231753#0,41231753#1,41231753#2,79119286#0,79119286#1,79119286#2,79119286#3,79119284#4,79119284#5,79119284#1,-561133140#1",1.9516500624727926
41231757,-561133140#1,"41231757,-41231757,1157449878#0,1157449878#1,41231515#0,41231515#1,1020092135,41231756#0,41231756#1,41273133,-41273134,41231515#4,41231515#5,41231515#6,-41231513#4,-41231513#3,-41231513#2,-41231513#1,-41231513#0,79119284#3,79119284#4,79119284#5,79119284#1,-561133140#1",3.373013640301333
-41231514#2,-174375407#2,"41231514#2,41231514#3,41231514#4,41231514#5,41231514#6,41231514#7,41231514#8,1020078536,-79116557#3,-79116557#2,-79116557#1,-79116557#0,79116530#3,-979842178#5,-979842178#4,-979842178#3,-979842178#2,-979842178#1,-979842178#0,-226068307,213840997,1157449881,979838980#0,979838980#1,979838980#2,979838980#3,979838980#4,979838980#5,979838980#6,57680170#0,57680170#1,57680132#0,57680132#1,174375406,1238123693,1238123694,563272697,563271328,174375401,1238123690,174375405,561133138,-174375407#4,-174375407#3,-174375407#2",3.643532231151444
-41231514#2,-174375407#2,"-41231514#2,-41231514#1,-41231514#0,870315480,-979842178#0,-226068307,213840997,1157449881,979838980#0,979838980#1,979838980#2,979838980#3,979838980#4,979838980#5,979838980#6,57680170#0,57680170#1,57680132#0,57680132#1,174375406,1238123693,1238123694,563272697,561133136,561133138,-174375407#4,-174375407#3,-174375407#2",2.388436614791149
-41231514#2,-174375407#2,"-41231514#2,41231514#2,41231514#3,41231514#4,41231514#5,41231719,41231718#0,41231720,41231514#7,41231514#8,1020078536,-79116557#3,-79116557#2,-79116557#1,-79116557#0,79116530#3,79116530#0,-561134628#1,-561134628#0,-1034110351#0,-23881168#1,-23881168#0,1259750653,145622122#0,145622122#1,145622122#2,563298888,979838980#0,979838980#1,979838980#2,979838980#3,979838980#4,979838980#5,979838980#6,57680170#0,57680170#1,57680132#0,57680132#1,174375406,1238123693,1238123694,563272697,561133136,561133138,-174375407#4,-174375407#3,-174375407#2",4.2922077580109885
-41231514#2,-174375407#2,"41231514#2,41231514#3,41231514#4,41231514#5,41231514#6,41231514#7,41231514#8,1020078536,-79116557#3,-79116557#2,-79116557#1,-79116557#0,79116530#3,79116530#0,-561134628#1,-561134628#0,-1034110351#0,-23881168#1,-23881168#0,1259750653,145622122#0,145622122#1,145622122#2,563298888,979838980#0,979838980#1,979838980#2,979838980#3,979838980#4,979838980#5,979838980#6,57680170#0,57680170#1,57680132#0,57680132#1,174375406,1238123693,1238123694,563272697,561133136,561133138,-174375407#4,-174375407#3,-174375407#2",3.82175957873928
-41231514#2,-174375407#2,"-41231514#2,-41231514#1,-41231514#0,870315480,-979842178#0,-226068307,213840997,1157449881,979838980#0,979838980#1,979838980#2,979838980#3,979838980#4,979838980#5,979838980#6,57680170#0,57680170#1,57680132#0,57680132#1,174375408#0,174375408#1,-174375409,57680120#0,57680120#1,1238123694,563272697,561133136,561133138,-174375407#4,-174375407#3,-174375407#2",2.3845969219665752
-41231514#2,-174375407#2,"-41231514#2,41231514#2,41231514#3,41231514#4,41231514#5,41231719,41231718#0,41231720,41231514#7,41231514#8,1020078536,-79116557#3,-79116557#2,-79116557#1,-79116557#0,79116530#3,-979842178#5,-979842178#4,-979842178#3,-979842178#2,-979842178#1,-979842178#0,-226068307,213840997,1157449881,979838980#0,979838980#1,979838980#2,979838980#3,979838980#4,979838980#5,979838980#6,57680170#0,57680170#1,57680132#0,57680132#1,174375406,1238123693,1238123694,563272697,563271328,174375401,1238123690,174375405,561133138,-174375407#4,-174375407#3,-174375407#2",4.113980410423152
-174375407#2,-41231514#2,"174375407#2,174375407#3,174375407#4,174375402,174375403,561133137,563273548,-57680132#1,-57680132#0,57680179#0,57680179#1,57680179#2,57680179#3,-979838980#6,-979838980#5,-979838980#4,-979838980#3,-979838980#2,-979838980#1,-979838980#0,-563298888,-145622122#2,213840998,979842179,226068307,979842178#0,979842178#1,979842178#2,870315481#0,870315481#1,870315479#1,41231514#0,41231514#1,41231514#2",2.2211125535371776
-174375407#2,-41231514#2,"174375407#2,174375407#3,174375407#4,174375402,174375403,561133137,563273548,-57680132#1,-57680132#0,57680179#0,57680179#1,57680179#2,57680179#3,-979838980#6,-979838980#5,-979838980#4,-979838980#3,-979838980#2,-979838980#1,-979838980#0,-563298888,213840999,979842179,226068307,979842178#0,979842178#1,870315479#0,870315479#1,41231514#0,41231514#1,41231514#2",2.156895179344702
-174375407#2,-41231514#2,"174375407#2,174375407#3,174375407#4,174375402,174375403,561133137,563273548,-57680132#1,-57680132#0,57680179#0,57680179#1,57680179#2,57680179#3,-979838980#6,-979838980#5,-979838980#4,-979838980#3,-979838980#2,-979838980#1,-979838980#0,-563298888,-145622122#2,213840998,979842179,226068307,979842178#0,979842178#1,870315479#0,870315479#1,41231514#0,41231514#1,41231514#2",2.1855183158420997
41273141#3,41231709#0,"41273141#3,-41273141#3,-174897323#0,-41231513#4,-41231513#3,-41231513#2,-41231513#1,-41231513#0,79119284#3,-79119286#3,-79119286#2,-79119286#1,-79119286#0,-41231753#2,-41231753#1,-41231753#0,1020078542,-1157449878#0,1020078539,1020078540,-41231514#8,-41231514#7,-41231514#6,41231711#0,41231709#0",2.6920794091574716
41273141#3,41231709#0,"-41273141#3,-174897323#0,-41231515#6,1020078548,-41273134,-41231515#3,-41231515#2,1020092135,41231756#0,41231756#1,41231756#2,41231756#3,-41231755,-79119286#0,-41231753#2,-41231753#1,-41231753#0,1020078542,-1157449878#0,1020078539,1020078540,-41231514#8,-41231514#7,-41231514#6,41231711#0,41231709#0",2.977798131491618
41273141#3,41231709#0,"-41273141#3,-174897323#0,-41231515#6,-41231515#5,-1020092139#1,-1020092139#0,-1020092142,-1020092143,41273131,-1020092138,-1020092137#1,1157449879,-1157449878#1,-1157449878#0,1020078539,1020078540,-41231514#8,-41231514#7,-41231514#6,41231711#0,41231709#0",3.5070028011204486
41273141#3,41231709#0,"-41273141#3,-174897323#0,-41231515#6,1020078548,-41273134,-41231515#3,-41231515#2,-41231515#1,-41231515#0,-1157449878#1,-1157449878#0,1020078539,1020078540,-41231514#8,-41231514#7,-41231514#6,41231711#0,41231709#0",2.757362945178071
41273141#3,41231709#0,"-41273141#3,-174897323#0,-41231513#4,-41231513#3,-41231513#2,-41231513#1,-41231513#0,79119284#3,-79119286#3,-79119286#2,-79119286#1,-79119286#0,-41231753#2,-41231753#1,-41231753#0,1020078542,-1157449878#0,1020078539,1020078540,-41231514#8,-41231514#7,-41231514#6,41231711#0,41231709#0",2.6298745272046906
41231709#0,41273141#3,"41231709#0,41231709#1,79119289#0,79119289#1,79119289#2,1020078536,1020078537#0,1020078537#1,1157449878#0,1157449878#1,41231515#0,41231515#1,41231515#2,41231515#3,41273134,-1020078548,41231515#6,-41231513#4,-41231513#3,-41231513#2,41273135,41273137#1,41273137#2,41273137#3,41273141#2,41273141#3",4.549458559521721
41231709#0,41273141#3,"41231709#0,41231709#1,79119289#0,79119289#1,79119289#2,1020078536,1020078537#0,1020078537#1,1157449878#0,1157449878#1,-1157449879,1020092137#1,1020092138,41273128#1,1020092142,1020092140,41231515#4,41231515#5,41231515#6,174897323#0,41273141#3",3.64943855151852
41231709#0,41273141#3,"41231709#0,41231709#1,79119289#0,79119289#1,79119289#2,1020078536,1020078537#0,1020078537#1,1157449878#0,1157449878#1,41231515#0,41231515#1,41231515#2,41231515#3,41273134,-1020078548,41231515#6,174897323#0,41273141#3",3.365044794015519
41231709#0,41273141#3,"41231709#0,41231709#1,-41231711#3,-41231711#2,-41231711#1,-41231711#0,41231514#6,41231514#7,41231514#8,1020078536,-79116557#3,1020078538,1020078537#1,1157449878#0,1157449878#1,-1157449879,1020092137#1,-41273130,41231515#1,1020092135,41231756#0,41231756#1,41273133,-41273134,41231515#4,41231515#5,41231515#6,174897323#0,41273141#3",3.951841917472533
41231709#0,41273141#3,"41231709#0,41231709#1,-41231711#3,-41231711#2,-41231711#1,41231710,79119289#2,1020078536,-79116557#3,1020078538,1020078537#1,1157449878#0,1157449878#1,-1157449879,1020092137#1,-41273130,41231515#1,41231515#2,41231515#3,41273134,-1020078548,41231515#6,174897323#0,41273141#3",3.7976358001804043
41231709#0,41273141#3,"41231709#0,41231709#1,79119289#0,79119289#1,79119289#2,1020078536,-79116557#3,-79116557#2,23881170,1020078542,1157449878#1,41231515#0,41273130,41273126,1020092140,41231515#4,41231515#5,41231515#6,174897323#0,41273141#3",3.70333331316688
41231709#0,41273141#3,"41231709#0,41231709#1,79119289#0,79119289#1,79119289#2,1020078536,1020078537#0,1020078537#1,1157449878#0,1157449878#1,41231515#0,41273130,41273126,1020092139#0,1020092139#1,41231515#5,41231515#6,174897323#0,41273141#3",3.5467374710863466
41231709#0,41273141#3,"41231709#0,41231709#1,79119289#0,79119289#1,79119289#2,1020078536,-79116557#3,1020078538,1020078537#1,1157449878#0,1157449878#1,41231515#0,41231515#1,41231515#2,41231515#3,-1020092140,1020092139#0,1020092139#1,41231515#5,41231515#6,174897323#0,41273141#3",3.484170414025942
41231709#0,41273141#3,"41231709#0,41231709#1,79119289#0,79119289#1,79119289#2,1020078536,-79116557#3,-79116557#2,23881170,41231753#0,41231753#1,41231753#2,79119286#0,79119286#1,79119286#2,79119286#3,79119284#4,79119284#5,79119284#1,79119284#2,41231513#0,41231513#1,41273135,41273136,41231513#3,41231513#4,174897323#0,41273141#3",3.5307216911242536
41231709#0,41273141#3,"41231709#0,41231709#1,-41231711#3,-41231711#2,41231712,79119289#1,79119289#2,1020078536,1020078537#0,1020078537#1,1157449878#0,1157449878#1,41231515#0,41231515#1,41231515#2,41231515#3,41273134,-1020078548,41231515#6,174897323#0,41273141#3",3.5227278672448104
-41273141#1,-561133140#1,"41273141#1,41273141#2,-174897323#0,-41231513#4,-41231513#3,-41231513#2,-41231513#1,-41231513#0,79119284#3,79119284#4,79119284#5,79119284#1,-561133140#1",0.991356542617047
-41273141#1,-561133140#1,"-41273141#1,41273140#1,1020078544,-174897323#3,-174897323#2,1020078543,41273142#1,-41273141#3,-174897323#0,-41231513#4,-41231513#3,-41231513#2,-41231513#1,-41231513#0,79119284#3,79119284#4,79119284#5,79119284#1,-561133140#1",2.3098351795721883
-41273141#1,-561133140#1,"41273141#1,41273141#2,-174897323#0,-41231515#6,-41231515#5,-41231515#4,-41231515#3,-41231515#2,1020092135,41231756#0,41231756#1,41231756#2,41231756#3,-41231755,79119286#1,-41231511#3,-41231511#2,-41231511#1,-41231511#0,79119293#0,79119288,41231358#0,79116549#3,79116549#4,79116549#5,79116549#6,79119284#1,-561133140#1",3.59764349224211
-41273141#1,-561133140#1,"41273141#1,41273141#2,-174897323#0,-41231515#6,1020078548,-41273134,41231515#4,-1020092139#1,-1020092139#0,-1020092142,-1020092143,41273131,-1020092138,-41273130,41231515#1,1020092135,41231756#0,41231756#1,41231756#2,41231756#3,-41231755,79119286#1,79119286#2,79119286#3,79119284#4,79119284#5,79119284#1,-561133140#1",2.962929606687888
-41273141#1,-561133140#1,"41273141#1,41273141#2,-174897323#0,-41231515#6,1020078548,-41273134,-41231515#3,-41231515#2,1020092135,41231756#0,41231756#1,41231756#2,41231756#3,-41231755,79119286#1,79119286#2,79119286#3,79119284#4,79119284#5,79119284#1,-561133140#1",1.6637499348191398
-41273141#1,-561133140#1,"41273141#1,41273141#2,-174897323#0,-41231513#4,-41231513#3,-41231513#2,-41231513#1,-41231513#0,79119284#3,-79119286#3,-79119286#2,-41231511#3,-41231511#2,-41231511#1,-41231511#0,79119293#0,79119288,41231358#0,79116549#3,79116549#4,79116549#5,79116549#6,79119284#1,-561133140#1",3.2924569827931176
-41273141#1,-561133140#1,"-41273141#1,41273141#1,41273141#2,-174897323#0,-41231513#4,-41231513#3,-41231513#2,-41231513#1,-41231513#0,79119284#3,79119284#4,79119284#5,79119284#1,-561133140#1",1.054801920768307
-41273141#1,-561133140#1,"41273141#1,41273141#2,-174897323#0,-41231513#4,-41231513#3,-41231513#2,-41231513#1,-41231513#0,79119284#3,-79119286#3,-79119286#2,-41231511#3,-41231511#2,-41231511#1,-41231511#0,79119293#0,79119288,41231358#0,41231358#1,79119291#0,79119291#1,79116549#4,79116549#5,79116549#6,79119284#1,-561133140#1",3.2462985194077634
-41273141#1,-561133140#1,"41273141#1,41273141#2,-174897323#0,-41231513#4,-41231513#3,-41231513#2,-41231513#1,-41231513#0,79119284#3,-79119286#3,-79119286#2,-41231511#3,-41231511#2,-41231511#1,-41231511#0,79119293#0,79119288,41231358#0,-79116549#2,-79116549#1,-41231508#0,79119287#0,79119287#1,79119287#2,79116549#5,79116549#6,79119284#1,-561133140#1",4.319507803121248
-41273141#1,-561133140#1,"41273141#1,41273141#2,-174897323#0,-41231515#6,-41231515#5,-41231515#4,-41231515#3,-41231515#2,1020092135,41231756#0,41231756#1,41231756#2,41231756#3,-41231755,79119286#1,79119286#2,79119286#3,79119284#4,79119284#5,79119284#1,-561133140#1",1.4696322877603163
79559552#0,-561133140#1,"79559552#1,-1020092133,-175186741#0,1020078540,1020078536,-79116557#3,-79116557#2,23881170,41231753#0,41231753#1,41231753#2,79119286#0,79119286#1,79119286#2,79119286#3,79119284#4,79119284#5,79119284#1,-561133140#1",1.937884556270312
79559552#0,-561133140#1,"79559552#1,-1020092133,-175186741#0,1020078540,1020078536,1020078537#0,1020078537#1,1157449878#0,1157449878#1,41231515#0,41231515#1,41231515#2,41231515#3,41231515#4,41231515#5,41231515#6,-41231513#4,-41231513#3,-41231513#2,-41231513#1,-41231513#0,79119284#3,79119284#4,79119284#5,79119284#1,-561133140#1",3.1347726851719813
79559552#0,-561133140#1,"79559552#0,79559552#1,-1020092133,-175186741#0,1020078540,1020078536,-79116557#3,-79116557#2,-79116557#1,-79116557#0,79116530#3,79116530#0,79116530#1,79116549#0,-41231508#0,79119287#0,79119290,79116549#2,41231358#1,41231357#1,79119291#1,79116549#4,79116549#5,79116549#6,79119284#1,-561133140#1",3.524159066074234
79559552#0,-561133140#1,"79559552#1,-1020092133,-175186741#0,1020078540,1020078536,-79116557#3,1020078538,1020078537#1,1157449878#0,1157449878#1,41231515#0,41231515#1,1020092135,1020092136,41231515#3,-1020092140,1020092139#0,1020092139#1,41231515#5,41231515#6,-41231513#4,-41231513#3,-41231513#2,-41231513#1,-41231513#0,79119284#3,79119284#4,79119284#5,79119284#1,-561133140#1",3.487956363250844
79559552#0,-561133140#1,"79559552#1,-1020092133,-175186741#0,1020078540,1020078536,-79116557#3,-79116557#2,23881170,1020078542,1157449878#1,-1157449879,1020092137#1,-41273130,41231515#1,1020092135,41231756#0,41231756#1,41231756#2,41231756#3,-41231755,79119286#1,-41231511#3,-41231511#2,-41231511#1,-41231511#0,79119293#0,79119288,41231358#0,79116549#3,79116549#4,79116549#5,79116549#6,79119284#1,-561133140#1",4.855118462071656
79559552#0,-561133140#1,"79559552#0,79559552#1,-1020092133,-175186741#0,-79116557#4,-79116557#3,-79116557#2,-79116557#1,-79116557#0,79116530#3,79116530#0,79116530#1,79116549#0,41231508#1,79119292,41231358#0,79116549#3,79116549#4,79116549#5,79116549#6,79119284#1,-561133140#1",3.2673669467787114
79559552#0,-561133140#1,"79559552#0,79559552#1,-1020092133,-175186741#0,1020078540,1020078536,-79116557#3,-79116557#2,-79116557#1,-79116557#0,79116530#3,79116530#0,79116530#1,79116549#0,79116549#1,79116549#2,41231358#1,79119291#0,79119291#1,79116549#4,79116549#5,79116549#6,79119284#1,-561133140#1",3.25269047863926
79559552#0,-561133140#1,"79559552#0,79559552#1,-1020092133,-175186741#0,-79116557#4,-79116557#3,-79116557#2,23881170,41231753#0,41231753#1,41231753#2,79119286#0,79119286#1,79119286#2,79119286#3,79119284#4,79119284#5,79119284#1,-561133140#1",2.199339735894357
79559552#0,-561133140#1,"79559552#1,-1020092133,-175186741#0,-79116557#4,1020078537#0,1020078537#1,1157449878#0,1157449878#1,-1157449879,1020092137#1,-41273130,41231515#1,41231515#2,41231515#3,41273134,-1020078548,41231515#6,-41231513#4,-41231513#3,-41231513#2,-41231513#1,-41231513#0,79119284#3,79119284#4,79119284#5,79119284#1,-561133140#1",3.51581569993008
79559552#0,-561133140#1,"79559552#1,-1020092133,-175186741#0,-79116557#4,-79116557#3,-79116557#2,23881170,1020078542,1157449878#1,41231515#0,41231515#1,41231515#2,41231515#3,41273134,-1020078548,41231515#6,-41231513#4,-41231513#3,-41231513#2,-41231513#1,-41231513#0,79119284#3,79119284#4,79119284#5,79119284#1,-561133140#1",3.587377528405171
-561133140#1,79559552#0,"561133140#1,79119284#2,41231513#0,41231513#1,41231513#2,41231513#3,41231513#4,-41231515#6,-41231515#5,-1020092139#1,-1020092139#0,-1020092142,-1020092143,41273131,-1020092138,-41273130,-41231515#0,-1157449878#1,-1157449878#0,1020078539,175186741#0,1020092133,79559552#0",3.957623049219688
-561133140#1,79559552#0,"561133140#1,79119284#2,79119284#3,-79119286#3,-79119286#2,-79119286#1,41231755,-41231756#3,-41231756#2,41273133,-1020078548,-41231515#5,-1020092139#1,-1020092139#0,1020092140,-41231515#3,-41231515#2,-41231515#1,-41231515#0,-1157449878#1,-1157449878#0,1020078539,175186741#0,1020092133,79559552#0",3.538835534213686
-561133140#1,79559552#0,"561133140#1,79119284#2,79119284#3,79119284#4,79119284#5,-79116549#6,-79116549#5,-79116549#4,-79116549#3,-79116549#2,-79116549#1,-79116549#0,79116530#2,79116557#0,79116557#1,79116557#2,79116557#3,79116557#4,175186741#0,1020092133,79559552#0",2.9106642657062824
-561133140#1,79559552#0,"561133140#1,79119284#2,79119284#3,-79119286#3,-79119286#2,-79119286#1,-79119286#0,-41231753#2,-41231753#1,-41231753#0,1020078542,-1157449878#0,1020078539,175186741#0,1020092133,79559552#0",1.8135279885892444
-561133140#1,79559552#0,"561133140#1,79119284#2,79119284#3,-79119286#3,-79119286#2,-79119286#1,41231755,-41231756#3,-41231756#2,41273133,-41273134,-41231515#3,-41231515#2,-41231515#1,-41231515#0,-1157449878#1,-1157449878#0,1020078539,175186741#0,1020092133,79559552#0",3.092997198879552
-561133140#1,79559552#0,"561133140#1,79119284#2,79119284#3,79119284#4,79119284#5,-79116549#6,-79116549#5,-79116549#4,-79116549#3,-79116549#2,-79116549#1,-79116549#0,79116530#2,79116530#3,-979842178#5,-979842178#4,-979842178#3,870315481#0,870315481#1,870315479#1,41231514#0,41231514#1,41231514#2,41231514#3,41231514#4,41231514#5,41231514#6,41231514#7,41231514#8,1020078536,79116557#4,175186741#0,1020092133,79559552#0",3.416716088883357
-561133140#1,79559552#0,"561133140#1,79119284#2,41231513#0,41231513#1,41231513#2,41231513#3,41231513#4,-41231515#6,-41231515#5,-1020092139#1,-1020092139#0,1020092140,-41231515#3,-41231515#2,-41231515#1,-41231515#0,-1157449878#1,-1157449878#0,1020078539,175186741#0,1020092133,79559552#0",3.346618647458984
-561133140#1,79559552#0,"561133140#1,79119284#2,79119284#3,-79119286#3,-79119286#2,-79119286#1,41231755,-41231756#3,-41231756#2,-41231756#1,-41231756#0,1020092136,-41231515#2,-41231515#1,41273130,-1020092137#1,1157449879,-1157449878#1,-1157449878#0,1020078539,175186741#0,1020092133,79559552#0",2.396018407362945
-561133140#1,79559552#0,"561133140#1,79119284#2,41231513#0,41231513#1,41273135,41273137#1,41273138,41231513#4,-41231515#6,1020078548,-41273134,-1020092140,-1020092142,-1020092143,41273131,-1020092138,-41273130,-41231515#0,-1157449878#1,-1157449878#0,1020078539,175186741#0,1020092133,79559552#0",4.269467787114846
-561133140#1,79559552#0,"561133140#1,79119284#2,79119284#3,-79119286#3,-79119286#2,-79119286#1,41231755,-41231756#3,-41231756#2,41273133,-1020078548,-41231515#5,-41231515#4,-1020092140,-1020092142,-1020092143,41273131,-1020092138,-1020092137#1,1157449879,-1157449878#1,-1157449878#0,1020078539,175186741#0,1020092133,79559552#0",4.059863945578232
-41273141#1,-1020092142,"41273141#1,41273141#2,-174897323#0,-41231515#6,1020078548,-41273134,-1020092140,-1020092142",0.890736294517807
-41273141#1,-1020092142,"41273141#1,41273141#2,-174897323#0,-41231515#6,-41231515#5,-1020092139#1,-1020092139#0,-1020092142",0.8250500200080032
-41273141#1,-1020092142,"-41273141#1,41273141#1,41273141#2,-174897323#0,-41231515#6,1020078548,-41273134,-1020092140,-1020092142",0.9541816726690676
-41273141#1,-1020092142,"41273141#1,41273141#2,-174897323#0,-41231515#6,-41231515#5,-41231515#4,-41231515#3,-41231515#2,-41231515#1,41273130,41273126,-1020092142",1.6821928771508603
-41273141#1,-1020092142,"41273141#1,41273141#2,-174897323#0,-41231515#6,1020078548,-41273134,41231515#4,-1020092139#1,-1020092139#0,-1020092142",1.3506202480992395
-41273141#1,-1020092142,"-41273141#1,41273140#1,57680129,-174897323#2,-174897323#1,-174897323#0,-41231515#6,-41231515#5,-41231515#4,-1020092140,-1020092142",1.3901160464185671
-41273141#1,-1020092142,"-41273141#1,41273141#1,41273141#2,-174897323#0,-41231515#6,-41231515#5,-1020092139#1,-1020092139#0,-1020092142",0.8884953981592638
-41273141#1,-1020092142,"41273141#1,41273141#2,-174897323#0,-41231515#6,-41231515#5,-41231515#4,-1020092140,-1020092142",0.6966186474589836
-41273141#1,-1020092142,"-41273141#1,41273141#1,41273141#2,-174897323#0,-41231515#6,-41231515#5,-41231515#4,-1020092140,-1020092142",0.7600640256102442
-41273141#1,-1020092142,"41273141#1,41273141#2,-174897323#0,-41231513#4,-41231513#3,-41231513#2,-41231513#1,-41231513#0,79119284#3,-79119286#3,-79119286#2,-79119286#1,41231755,-41231756#3,-41231756#2,-41231756#1,-41231756#0,1020092136,-41231515#2,-41231515#1,41273130,41273126,-1020092142",2.120348139255702
-174897323#2,79119284#5,"-174897323#2,1020078543,41273142#1,-41273141#3,-174897323#0,-41231513#4,-41231513#3,-41231513#2,-41231513#1,-41231513#0,79119284#3,79119284#4,79119284#5",1.293668712985554
-174897323#2,79119284#5,"-174897323#2,174897323#2,41273142#0,41273142#1,-41273141#3,-174897323#0,-41231513#4,-41231513#3,-41231513#2,-41231513#1,-41231513#0,79119284#3,79119284#4,79119284#5",1.3100840336134452
-174897323#2,79119284#5,"-174897323#2,-174897323#1,-174897323#0,-41231513#4,-41231513#3,-41231513#2,-41231513#1,-41231513#0,79119284#3,79119284#4,79119284#5",1.2000600240096035
-174897323#2,79119284#5,"174897323#2,41273142#0,41273142#1,-41273141#3,-174897323#0,-41231515#6,-41231515#5,-41231515#4,-41231515#3,-41231515#2,1020092135,41231756#0,41231756#1,41231756#2,41231756#3,-41231755,79119286#1,79119286#2,79119286#3,79119284#4,79119284#5",1.7809168015658388
-174897323#2,79119284#5,"-174897323#2,-174897323#1,-174897323#0,-41231515#6,1020078548,-41273134,-41231515#3,-41231515#2,1020092135,41231756#0,41231756#1,41231756#2,41231756#3,-41231755,79119286#1,79119286#2,79119286#3,79119284#4,79119284#5",1.872453416211697
-174897323#2,79119284#5,"-174897323#2,1020078543,41273142#1,-41273141#3,-174897323#0,-41231515#6,-41231515#5,-41231515#4,-41231515#3,-41231515#2,1020092135,41231756#0,41231756#1,41231756#2,41231756#3,-41231755,79119286#1,79119286#2,79119286#3,79119284#4,79119284#5",1.771944458128824
-174897323#2,79119284#5,"174897323#2,41273142#0,41273142#1,-41273141#3,-174897323#0,-41231515#6,-41231515#5,-1020092139#1,-1020092139#0,-1020092142,-1020092143,41273131,-1020092138,-1020092137#1,1157449879,41231515#0,41231515#1,1020092135,41231756#0,41231756#1,41231756#2,41231756#3,-41231755,79119286#1,79119286#2,79119286#3,79119284#4,79119284#5",3.426935208928784
-174897323#2,79119284#5,"174897323#2,41273142#0,41273142#1,-41273141#3,-174897323#0,-41231515#6,1020078548,-41273134,41231515#4,-1020092139#1,-1020092139#0,-1020092142,-1020092143,41273131,-1020092138,-41273130,41231515#1,1020092135,41231756#0,41231756#1,41231756#2,41231756#3,-41231755,79119286#1,79119286#2,79119286#3,79119284#4,79119284#5",3.27421412049341
-174897323#2,79119284#5,"174897323#2,41273142#0,41273142#1,-41273141#3,-174897323#0,-41231513#4,-41231513#3,-41231513#2,-41231513#1,-41231513#0,79119284#3,79119284#4,79119284#5",1.3026410564225688
-174897323#2,79119284#5,"174897323#2,41273142#0,41273142#1,-41273141#3,-174897323#0,-41231515#6,1020078548,-41273134,-41231515#3,-41231515#2,1020092135,41231756#0,41231756#1,41231756#2,41231756#3,-41231755,79119286#1,79119286#2,79119286#3,79119284#4,79119284#5",1.975034448624662
-41273141#1,-41231513#3,"-41273141#1,41273141#1,41273141#2,-174897323#0,-41231513#4,-41231513#3",0.7179671868747499
-41273141#1,-41231513#3,"41273141#1,41273141#2,-174897323#0,-41231513#4,-41231513#3",0.6545218087234894
-41273141#1,-41231513#3,"-41273141#1,41273140#1,57680129,-174897323#2,-174897323#1,-174897323#0,-41231513#4,-41231513#3",1.348019207683073
-41273141#1,-41231513#3,"-41273141#1,41273140#1,1020078544,-174897323#3,41273142#0,41273142#1,-41273141#3,-174897323#0,-41231513#4,-41231513#3",1.9741896758703479
-41273141#1,-41231513#3,"41273141#1,41273141#2,-174897323#0,-41231515#6,1020078548,-41273134,-1020092140,-1020092142,-1020092143,41273131,-1020092138,-1020092137#1,1157449879,41231515#0,41231515#1,1020092135,41231756#0,41231756#1,41231756#2,41231756#3,-41231755,79119286#1,79119286#2,79119286#3,79119284#4,79119284#5,79119284#1,79119284#2,41231513#0,41231513#1,41231513#2,41231513#3",3.4174914314177793
-41273141#1,-41231513#3,"-41273141#1,41273140#1,57680129,41273142#0,41273142#1,-41273141#3,-174897323#0,-41231515#6,-41231515#5,-1020092139#1,-1020092139#0,-1020092142,-1020092143,41273131,-1020092138,-1020092137#1,1157449879,41231515#0,41231515#1,1020092135,41231756#0,41231756#1,41231756#2,41231756#3,-41231755,79119286#1,-41231511#3,-41231511#2,-41231511#1,-41231511#0,79119293#0,79119288,41231358#0,79116549#3,79116549#4,79116549#5,79116549#6,79119284#1,79119284#2,41231513#0,41231513#1,41273135,41273136,41231513#3",6.526755136899973
-41273141#1,-41231513#3,"-41273141#1,41273140#1,57680129,41273142#0,41273142#1,-41273141#3,-174897323#0,-41231513#4,-41231513#3",1.4428171268507402
-41273141#1,-41231513#3,"-41273141#1,41273140#1,1020078544,-174897323#3,-174897323#2,1020078543,41273142#1,-41273141#3,-174897323#0,-41231513#4,-41231513#3",1.9730004456786312
-41273141#1,-41231513#3,"-41273141#1,41273140#1,1020078544,-174897323#3,-174897323#2,-174897323#1,-174897323#0,-41231513#4,-41231513#3",1.879391756702681
-41273141#1,-41231513#3,"-41273141#1,41273140#1,57680129,-174897323#2,1020078543,41273142#1,-41273141#3,-174897323#0,-41231513#4,-41231513#3",1.4416278966590235
-174897323#1,-1157449877,"174897323#1,1020078543,41273142#1,-41273141#3,-174897323#0,-41231513#4,-41231513#3,-41231513#2,-41231513#1,-41231513#0,79119284#3,-79119286#3,-79119286#2,-79119286#1,-79119286#0,1157449877",1.8224202135857939
-174897323#1,-1157449877,"-174897323#1,-174897323#0,-41231515#6,1020078548,-41273134,-41231515#3,-41231515#2,1020092135,41231756#0,41231756#1,41231756#2,41231756#3,-41231755,-79119286#0,1157449877",1.7591480940828457
-174897323#1,-1157449877,"-174897323#1,-174897323#0,-41231513#4,-41231513#3,-41231513#2,-41231513#1,-41231513#0,79119284#3,-79119286#3,-79119286#2,-79119286#1,-79119286#0,1157449877",1.4112244897959179
-174897323#1,-1157449877,"-174897323#1,-174897323#0,-41231515#6,-41231515#5,-41231515#4,-41231515#3,-41231515#2,1020092135,41231756#0,41231756#1,41231756#2,41231756#3,-41231755,79119286#1,-41231511#3,-41231511#2,-41231511#1,-41231511#0,79119293#0,79119293#1,-41231508#3,41231509,41231360,41231359#1,79119292,41231358#0,-79116549#2,-79116549#1,-79116549#0,79116530#2,79116557#0,79116557#1,23881170,41231753#0,41231753#1,41231753#2,1157449877",5.533657898004413
-174897323#1,-1157449877,"174897323#1,174897323#2,41273142#0,41273142#1,-41273141#3,-174897323#0,-41231513#4,-41231513#3,-41231513#2,-41231513#1,-41231513#0,79119284#3,-79119286#3,-79119286#2,-79119286#1,-79119286#0,1157449877",1.838835534213685
-174897323#1,-1157449877,"174897323#1,174897323#2,41273142#0,41273142#1,-41273141#3,-174897323#0,-41231515#6,-41231515#5,-41231515#4,-41231515#3,-41231515#2,1020092135,41231756#0,41231756#1,41231756#2,41231756#3,-41231755,-79119286#0,1157449877",1.992641491441789
-174897323#1,-1157449877,"-174897323#1,-174897323#0,-41231515#6,-41231515#5,-1020092139#1,-1020092139#0,1020092140,-41231515#3,-41231515#2,1020092135,41231756#0,41231756#1,41231756#2,41231756#3,-41231755,-79119286#0,1157449877",1.8593281661116574
-174897323#1,-1157449877,"174897323#1,174897323#2,41273142#0,41273142#1,-41273141#3,-174897323#0,-41231515#6,1020078548,-41273134,-41231515#3,-41231515#2,1020092135,41231756#0,41231756#1,41231756#2,41231756#3,-41231755,-79119286#0,1157449877",2.1867591385006127
-174897323#1,-1157449877,"174897323#1,1020078543,41273142#1,-41273141#3,-174897323#0,-41231515#6,1020078548,-41273134,-41231515#3,-41231515#2,1020092135,41231756#0,41231756#1,41231756#2,41231756#3,-41231755,-79119286#0,1157449877",2.1703438178727215
-174897323#1,-1157449877,"-174897323#1,-174897323#0,-41231515#6,-41231515#5,-41231515#4,-41231515#3,-41231515#2,1020092135,41231756#0,41231756#1,41231756#2,41231756#3,-41231755,-79119286#0,1157449877",1.5650304470240222
174375408#1,57680152#2,"174375408#1,-174375409,57680120#0,57680120#1,1238123694,563272697,563271328,1238123691,-22561498,-22561652#6,-22561652#5,-22561652#4,-22561652#3,-22561652#2,-22561652#1,-22561652#0,-174907151#4,-174907151#1,1116499317#0,1116499317#1,1116499317#2,1116499317#3,1116499316#0,1116499316#1,1116499315#1,1116499315#2,628868117#0,628868117#1,563371197#1,563371197#2,-563282223,-1116499330#0,1116499332#0,1116499332#1,1116499332#2,1116499331#0,1116499331#1,57680152#1,57680152#2",2.6682084074313206
174375408#1,57680152#2,"174375408#1,-174375409,57680120#0,57680120#1,1238123694,563272697,563271328,1238123691,-22561498,-22561652#6,-22561652#5,-22561652#4,-22561652#3,-22561652#2,-22561652#1,-22561652#0,-174907151#4,-174907151#1,-174907152#2,-174907152#1,-174907152#0,-57680180#3,-57680180#2,-57680180#1,-57680180#0,-563282223,-1116499330#0,1116499332#0,1116499332#1,1116499332#2,1116499331#0,1116499331#1,57680152#1,57680152#2",2.523441831736294
174375408#1,57680152#2,"174375408#1,-174375409,57680120#0,57680120#1,1238123694,563272697,563271328,1238123691,-22561498,-22561652#6,-22561652#5,-22561652#4,-22561652#3,-22561652#2,-22561652#1,-22561652#0,-174907151#4,-174907151#1,-57392486,1004094803#0,1004094803#1,1004094802,57392452,-24580169#1,-24580169#0,22561499#0,22561499#1,22561499#2,-57680180#3,-57680180#2,-57680180#1,-57680180#0,-563282223,-1116499330#0,1116499332#0,1116499332#1,1116499332#2,1116499331#0,1116499331#1,57680152#1,57680152#2",4.177144823724458
1020078546#2,-41273141#1,"1020078546#2,-41273141#3,-41273141#2,-41273141#1",0.11384553821528612
1020078546#2,-41273141#1,"1020078546#2,-41273141#3,-174897323#0,-41231513#4,-41231513#3,-41231513#2,41273135,41273137#1,41273137#2,41273137#3,-41273141#1",1.6380352140856342
1020078546#2,-41273141#1,"1020078546#2,-41273141#3,-174897323#0,-41231513#4,-41231513#3,-41231513#2,41273135,41273137#1,41273137#2,41273139,41273140#0,41273141#1",1.7804521808723488
-41273141#1,-41231515#0,"-41273141#1,41273141#1,41273141#2,-174897323#0,-41231515#6,-41231515#5,-41231515#4,-41231515#3,-41231515#2,-41231515#1,-41231515#0",1.12202881152461
-41273141#1,-41231515#0,"41273141#1,41273141#2,-174897323#0,-41231515#6,1020078548,-41273134,41231515#4,-1020092139#1,-1020092139#0,-1020092142,-1020092143,41273131,-1020092138,-1020092137#1,1157449879,41231515#0",2.849959983993598
-41273141#1,-41231515#0,"41273141#1,41273141#2,-174897323#0,-41231515#6,-41231515#5,-1020092139#1,-1020092139#0,1020092140,-41231515#3,-41231515#2,-41231515#1,-41231515#0",1.3528811524609843
-41273141#1,-41231515#0,"41273141#1,41273141#2,-174897323#0,-41231515#6,-41231515#5,-1020092139#1,-1020092139#0,-1020092142,-1020092143,41273131,-1020092138,-41273130,-41231515#0",1.9638855542216886
-41273141#1,-41231515#0,"41273141#1,41273141#2,-174897323#0,-41231515#6,-41231515#5,-41231515#4,-41231515#3,-41231515#2,-41231515#1,-41231515#0",1.0585834333733493
-41273141#1,-41231515#0,"41273141#1,41273141#2,-174897323#0,-41231515#6,1020078548,-41273134,41231515#4,-1020092139#1,-1020092139#0,-1020092142,-1020092143,41273131,-1020092138,-41273130,-41231515#0",2.4894557823129255
-41273141#1,-41231515#0,"-41273141#1,41273141#1,41273141#2,-174897323#0,-41231515#6,-41231515#5,-1020092139#1,-1020092139#0,-1020092142,-1020092143,41273131,-1020092138,-41273130,-41231515#0",2.027330932372949
-41273141#1,-41231515#0,"41273141#1,41273141#2,-174897323#0,-41231515#6,1020078548,-41273134,-41231515#3,-41231515#2,-41231515#1,-41231515#0",1.252701080432173
-41273141#1,-41231515#0,"41273141#1,41273141#2,-174897323#0,-41231513#4,-41231513#3,-41231513#2,-41231513#1,-41231513#0,79119284#3,-79119286#3,-79119286#2,-79119286#1,-79119286#0,-41231753#2,-41231753#1,-41231753#0,1020078542,1157449878#1,41231515#0",2.0112070602178957
-41273141#1,-41231515#0,"-41273141#1,41273140#1,57680129,-174897323#2,-174897323#1,-174897323#0,-41231515#6,-41231515#5,-41231515#4,-41231515#3,-41231515#2,-41231515#1,-41231515#0",1.752080832332933
79119287#1,-41273141#1,"79119287#1,41231357#0,41231357#1,79119291#1,79116549#4,79116549#5,79116549#6,79119284#1,79119284#2,41231513#0,41231513#1,41273135,41273137#1,41273137#2,41273137#3,-41273141#1",2.465066026410564
79119287#1,-41273141#1,"79119287#1,79119287#2,79116549#5,79116549#6,79119284#1,79119284#2,41231513#0,41231513#1,41273135,41273137#1,41273137#2,41273139,41273140#0,41273141#1",2.4876750700280117
79119287#1,-41273141#1,"79119287#1,79119287#2,79116549#5,79116549#6,79119284#1,79119284#2,41231513#0,41231513#1,41273135,41273136,41231513#3,41231513#4,174897323#0,-41273141#2,-41273141#1",2.520268107242897
79119287#1,-41273141#1,"79119287#1,79119287#2,79116549#5,79116549#6,79119284#1,79119284#2,41231513#0,41231513#1,41231513#2,41231513#3,41231513#4,174897323#0,-41273141#2,-41273141#1",2.261624649859944
79119287#1,-41273141#1,"79119287#1,79119287#2,79116549#5,79116549#6,79119284#1,79119284#2,41231513#0,41231513#1,41273135,41273137#1,41273137#2,41273137#3,-41273141#1",2.3452581032412967
79119287#1,-41273141#1,"79119287#1,79119287#2,-79116549#4,79119291#2,41231511#0,41231511#1,41231511#2,41231511#3,-79119286#1,41231755,-41231756#3,-41231756#2,41273133,-1020078548,41231515#6,174897323#0,-41273141#2,-41273141#1",2.7752501000400156
79119287#1,-41273141#1,"79119287#1,41231357#0,41231357#1,79119291#1,79116549#4,79116549#5,79116549#6,79119284#1,79119284#2,41231513#0,41231513#1,41231513#2,41231513#3,41231513#4,174897323#0,-41273141#2,-41273141#1",2.381432573029212
79119287#1,-41273141#1,"79119287#1,41231357#0,79119291#0,79119291#1,79116549#4,79116549#5,79116549#6,79119284#1,79119284#2,41231513#0,41231513#1,41231513#2,41231513#3,41231513#4,174897323#0,-41273141#2,-41273141#1",2.317887154861945
79119287#1,-41273141#1,"79119287#1,79119287#2,79116549#5,79116549#6,79119284#1,79119284#2,79119284#3,-79119286#3,-79119286#2,-79119286#1,41231755,-41231756#3,-41231756#2,-41231756#1,-41231756#0,1020092136,41231515#3,-1020092140,1020092139#0,1020092139#1,41231515#5,41231515#6,-41231513#4,-41231513#3,-41231513#2,41273135,41273137#1,41273137#2,41273137#3,-41273141#1",4.124549819927971
79119287#1,-41273141#1,"79119287#1,79119287#2,-79116549#4,79119291#2,41231511#0,41231511#1,41231511#2,41231511#3,-79119286#1,41231755,-41231756#3,-41231756#2,41273133,-41273134,41231515#4,41231515#5,41231515#6,-41231513#4,-41231513#3,-41231513#2,41273135,41273137#1,41273137#2,41273137#3,-41273141#1",4.038135254101641
-22561652#3,-41231513#2,"22561652#3,22561652#4,22561652#5,22561652#6,125835948,563369678,1238123690,174375405,561133138,174375402,174375403,561133137,563273548,-57680132#1,-57680132#0,57680179#0,57680179#1,57680179#2,57680179#3,-979838980#6,-979838980#5,-979838980#4,-979838980#3,-979838980#2,-979838980#1,-979838980#0,-563298888,213840999,979842179,226068307,979842178#0,979842178#1,979842178#2,979842178#3,41231717,979842178#5,79116530#0,79116530#1,79116530#2,79116557#0,79116557#1,23881170,1020078542,1157449878#1,41231515#0,41273130,41273126,1020092140,41273134,-1020078548,41231515#6,-41231513#4,-41231513#3,-41231513#2",5.528641833369884
79119287#2,-561134628#0,"79119287#2,79116549#5,79116549#6,79119284#1,79119284#2,79119284#3,-79119286#3,-79119286#2,-41231511#3,-41231511#2,-41231511#1,-41231511#0,79119293#0,79119288,41231358#0,-79116549#2,-79116549#1,-79116549#0,79116530#2,79116530#3,79116530#0,-561134628#1,-561134628#0",3.0306122448979584
79119287#2,-561134628#0,"79119287#2,-79116549#4,-79116549#3,-79116549#2,-79116549#1,-79116549#0,79116530#2,79116530#3,79116530#0,-561134628#1,-561134628#0",1.969827931172469
79119287#2,-561134628#0,"79119287#2,79116549#5,79116549#6,79119284#1,79119284#2,79119284#3,-79119286#3,-79119286#2,-41231511#3,-41231511#2,-41231511#1,-41231511#0,79119293#0,79119293#1,-41231508#3,41231509,41231360,41231359#1,-41231508#1,-79116549#0,79116530#2,79116530#3,79116530#0,-561134628#1,-561134628#0",2.8876750700280107
79119287#2,-561134628#0,"79119287#2,-79116549#4,79119291#2,79119293#0,79119288,41231358#0,-79116549#2,-79116549#1,-79116549#0,79116530#2,79116530#3,79116530#0,-561134628#1,-561134628#0",2.3009003601440576
79119287#2,-561134628#0,"79119287#2,79116549#5,79116549#6,79119284#1,79119284#2,41231513#0,41231513#1,41231513#2,41231513#3,41231513#4,-41231515#6,1020078548,-41273134,41231515#4,-1020092139#1,-1020092139#0,-1020092142,-1020092143,41273131,-1020092138,-41273130,-41231515#0,-1157449878#1,-1157449878#0,1020078539,-79116557#4,-79116557#3,-79116557#2,-79116557#1,-79116557#0,79116530#3,79116530#0,-561134628#1,-561134628#0",5.8525610244097654
79119287#2,-561134628#0,"79119287#2,-79116549#4,79119291#2,79119293#0,79119293#1,-41231508#3,-41231508#2,-41231508#1,-79116549#0,79116530#2,79116530#3,79116530#0,-561134628#1,-561134628#0",2.0378551420568227
79119287#2,-561134628#0,"79119287#2,-79116549#4,79119291#2,79119293#0,79119293#1,-41231508#3,-41231508#2,79119292,41231358#0,-79116549#2,-79116549#1,-79116549#0,79116530#2,79116530#3,79116530#0,-561134628#1,-561134628#0",2.8719887955182073
79119287#2,-561134628#0,"79119287#2,79116549#5,79116549#6,79119284#1,79119284#2,79119284#3,-79119286#3,-79119286#2,-79119286#1,-79119286#0,-41231753#2,-41231753#1,-41231753#0,1020078542,-1157449878#0,1020078539,-79116557#4,-79116557#3,-79116557#2,-79116557#1,-79116557#0,79116530#3,79116530#0,-561134628#1,-561134628#0",3.1828957356880836
79119287#2,-561134628#0,"79119287#2,-79116549#4,79119291#2,79119293#0,79119293#1,-41231508#3,41231509,41231360,41231359#1,-41231508#1,-79116549#0,79116530#2,79116530#3,79116530#0,-561134628#1,-561134628#0",2.1579631852741095
79119287#2,-561134628#0,"79119287#2,-79116549#4,79119291#2,79119293#0,79119293#1,-41231508#3,41231509,41231360,41231359#1,79119292,41231358#0,-79116549#2,-79116549#1,-79116549#0,79116530#2,79116530#3,79116530#0,-561134628#1,-561134628#0",2.992096838735494
-979842178#3,-561133140#1,"-979842178#3,979842178#3,41231717,979842178#5,79116530#0,79116530#1,79116549#0,79116549#1,79116549#2,79116549#3,79116549#4,79116549#5,79116549#6,79119284#1,-561133140#1",2.2322929171668666
-979842178#3,-561133140#1,"979842178#3,979842178#4,979842178#5,79116530#0,79116530#1,79116549#0,79116549#1,79116549#2,79116549#3,79116549#4,79116549#5,79116549#6,79119284#1,-561133140#1",1.9344137655062021
-979842178#3,-561133140#1,"979842178#3,979842178#4,979842178#5,79116530#0,79116530#1,79116549#0,79116549#1,79116549#2,41231358#1,41231357#1,79119291#1,79116549#4,79116549#5,79116549#6,79119284#1,-561133140#1",1.951800720288115
-979842178#3,-561133140#1,"979842178#3,41231717,979842178#5,79116530#0,79116530#1,79116549#0,79116549#1,79116549#2,79116549#3,79116549#4,79116549#5,79116549#6,79119284#1,-561133140#1",2.1897358943577427
-979842178#3,-561133140#1,"979842178#3,979842178#4,979842178#5,79116530#0,79116530#1,79116549#0,-41231508#0,79119287#0,79119287#1,79119287#2,79116549#5,79116549#6,79119284#1,-561133140#1",1.9694877951180472
-979842178#3,-561133140#1,"-979842178#3,979842178#3,979842178#4,979842178#5,79116530#0,79116530#1,79116549#0,79116549#1,79116549#2,79116549#3,79116549#4,79116549#5,79116549#6,79119284#1,-561133140#1",1.976970788315326
-979842178#3,-561133140#1,"979842178#3,41231717,979842178#5,79116530#0,79116530#1,79116549#0,79116549#1,79116549#2,41231358#1,79119291#0,79119291#1,79116549#4,79116549#5,79116549#6,79119284#1,-561133140#1",2.1435774309723885
-979842178#3,-561133140#1,"979842178#3,979842178#4,979842178#5,79116530#0,79116530#1,79116549#0,79116549#1,79116549#2,41231358#1,79119291#0,79119291#1,79116549#4,79116549#5,79116549#6,79119284#1,-561133140#1",1.888255302120848
-979842178#3,-561133140#1,"979842178#3,979842178#4,979842178#5,79116530#0,79116530#1,79116549#0,41231508#1,79119292,41231358#0,41231358#1,79119291#0,79119291#1,79116549#4,79116549#5,79116549#6,79119284#1,-561133140#1",1.890676270508203
-979842178#3,-561133140#1,"-979842178#3,979842178#3,41231717,979842178#5,79116530#0,79116530#1,79116549#0,79116549#1,79116549#2,41231358#1,79119291#0,79119291#1,79116549#4,79116549#5,79116549#6,79119284#1,-561133140#1",2.186134453781513
-561133140#1,-979842178#3,"561133140#1,79119284#2,79119284#3,79119284#4,79119284#5,-79116549#6,-79116549#5,-79116549#4,-79116549#3,-79116549#2,-79116549#1,-79116549#0,79116530#2,79116530#3,-979842178#5,-979842178#4,-979842178#3",1.9905562224889957
-561133140#1,-979842178#3,"561133140#1,79119284#2,79119284#3,79119284#4,79119284#5,-79116549#6,-79116549#5,-79116549#4,-79116549#3,-79116549#2,-79116549#1,-79116549#0,79116530#2,79116530#3,79116530#0,-561134628#1,-561134628#0,-1034110351#0,-23881168#1,-23881168#0,1259750653,145622122#0,145622122#1,213840998,979842179,226068307,979842178#0,979842178#1,979842178#2,979842178#3",2.6490359681011655
-561133140#1,-979842178#3,"561133140#1,79119284#2,79119284#3,79119284#4,79119284#5,-79116549#6,-79116549#5,-79116549#4,79119291#2,79119293#0,79119293#1,-41231508#3,-41231508#2,79119292,41231358#0,-79116549#2,-79116549#1,-79116549#0,79116530#2,79116530#3,-979842178#5,-979842178#4,-979842178#3",2.8927170868347334
-561133140#1,-979842178#3,"561133140#1,79119284#2,79119284#3,79119284#4,79119284#5,-79116549#6,-79116549#5,-79116549#4,79119291#2,79119293#0,79119293#1,79119293#2,41231360,41231359#1,-41231508#1,-79116549#0,79116530#2,79116530#3,-979842178#5,-979842178#4,-979842178#3",2.1756502601040415
-561133140#1,-979842178#3,"561133140#1,79119284#2,79119284#3,79119284#4,79119284#5,-79116549#6,-79116549#5,-79116549#4,79119291#2,79119293#0,79119288,41231358#0,-79116549#2,-79116549#1,-79116549#0,79116530#2,79116530#3,79116530#0,-561134628#1,-561134628#0,-1034110351#0,-23881168#1,-23881168#0,1259750653,145622122#0,145622122#1,145622122#2,213840999,979842179,226068307,979842178#0,979842178#1,979842178#2,979842178#3",2.981955082248882
-561133140#1,-979842178#3,"561133140#1,79119284#2,79119284#3,-79119286#3,-79119286#2,-41231511#3,-41231511#2,-41231511#1,-41231511#0,79119293#0,79119288,41231358#0,-79116549#2,-79116549#1,-79116549#0,79116530#2,79116530#3,-979842178#5,-979842178#4,-979842178#3",2.1524409763905563
-561133140#1,-979842178#3,"561133140#1,79119284#2,79119284#3,79119284#4,79119284#5,-79116549#6,-79116549#5,-79116549#4,-79116549#3,-79116549#2,-79116549#1,-79116549#0,79116530#2,79116557#0,79116557#1,79116557#2,79116557#3,79116557#4,1020078540,-41231514#8,-41231514#7,-41231514#6,41231719,1020092132,-41231514#4,-41231514#3,-41231514#2,-41231514#1,-41231514#0,870315480,979842178#1,979842178#2,979842178#3",3.5415766306522607
-561133140#1,-979842178#3,"561133140#1,79119284#2,41231513#0,41231513#1,41231513#2,41231513#3,41231513#4,-41231515#6,1020078548,-41273134,-41231515#3,-41231515#2,1020092135,41231756#0,41231756#1,41231756#2,41231756#3,-41231755,79119286#1,79119286#2,79119286#3,79119284#4,79119284#5,-79116549#6,-79116549#5,-79116549#4,-79116549#3,-79116549#2,-79116549#1,-79116549#0,79116530#2,79116530#3,-979842178#5,-979842178#4,-979842178#3",3.968371783558635
-561133140#1,-979842178#3,"561133140#1,79119284#2,41231513#0,41231513#1,41273135,41273136,41231513#3,41231513#4,-41231515#6,-41231515#5,-1020092139#1,-1020092139#0,1020092140,-41231515#3,-41231515#2,1020092135,41231756#0,41231756#1,41231756#2,41231756#3,-41231755,-79119286#0,-41231753#2,-41231753#1,-41231753#0,1020078542,-1157449878#0,1020078539,1020078540,-41231514#8,-41231514#7,-41231514#6,-41231514#5,-41231514#4,-41231514#3,-41231514#2,-41231514#1,-41231514#0,870315480,979842178#1,979842178#2,979842178#3",4.426977803360366
-561133140#1,-979842178#3,"561133140#1,79119284#2,79119284#3,-79119286#3,-79119286#2,-41231511#3,-41231511#2,-41231511#1,-41231511#0,79119293#0,79119293#1,79119293#2,-41231509,-41231508#2,79119292,41231358#0,-79116549#2,-79116549#1,-79116549#0,79116530#2,79116530#3,-979842178#5,-979842178#4,-979842178#3",2.7404561824729887
-1020092139#0,-1157449877,"-1020092139#0,1020092140,-41231515#3,-41231515#2,1020092135,41231756#0,41231756#1,41231756#2,41231756#3,-41231755,-79119286#0,1157449877",1.1204326078883677
-1020092139#0,-1157449877,"-1020092139#0,1020092139#0,1020092139#1,41231515#5,1020078548,-41273134,-41231515#3,-41231515#2,1020092135,41231756#0,41231756#1,41231756#2,41231756#3,-41231755,-79119286#0,1157449877",1.7717731441028537
-1020092139#0,-1157449877,"1020092139#0,1020092139#1,-41231515#4,-41231515#3,-41231515#2,1020092135,41231756#0,41231756#1,41273133,-1020078548,41231515#6,-41231513#4,-41231513#3,-41231513#2,-41231513#1,-41231513#0,79119284#3,-79119286#3,-79119286#2,-79119286#1,-79119286#0,1157449877",2.671473024054834
-1020092139#0,-1157449877,"1020092139#0,1020092139#1,-41231515#4,-41231515#3,-41231515#2,1020092135,41231756#0,41231756#1,41231756#2,41231756#3,-41231755,-79119286#0,1157449877",1.288639890801533
-1020092139#0,-1157449877,"-1020092139#0,1020092140,41273134,-1020078548,41231515#6,-41231513#4,-41231513#3,-41231513#2,-41231513#1,-41231513#0,79119284#3,-79119286#3,-79119286#2,-79119286#1,-79119286#0,1157449877",1.7217286914765901
-1020092139#0,-1157449877,"-1020092139#0,1020092140,-41231515#3,-41231515#2,1020092135,41231756#0,41231756#1,41273133,-1020078548,41231515#6,-41231513#4,-41231513#3,-41231513#2,-41231513#1,-41231513#0,79119284#3,79119284#4,79119284#5,-79116549#6,-79116549#5,-79116549#4,-79116549#3,-79116549#2,-79116549#1,-79116549#0,79116530#2,79116557#0,79116557#1,23881170,41231753#0,41231753#1,41231753#2,1157449877",5.467431407408174
-1020092139#0,-1157449877,"1020092139#0,1020092139#1,-41231515#4,41273134,-1020078548,41231515#6,-41231513#4,-41231513#3,-41231513#2,-41231513#1,-41231513#0,79119284#3,-79119286#3,-79119286#2,-79119286#1,-79119286#0,1157449877",1.8899359743897555
-1020092139#0,-1157449877,"-1020092139#0,1020092139#0,1020092139#1,-41231515#4,41273134,-1020078548,41231515#6,-41231513#4,-41231513#3,-41231513#2,-41231513#1,-41231513#0,79119284#3,-79119286#3,-79119286#2,-79119286#1,-79119286#0,1157449877",2.1781512605042015
-1020092139#0,-1157449877,"1020092139#0,1020092139#1,-41231515#4,-1020092140,-1020092142,-1020092143,41273131,-1020092138,-41273130,41231515#1,1020092135,41231756#0,41231756#1,41273133,-1020078548,41231515#6,-41231513#4,-41231513#3,-41231513#2,-41231513#1,-41231513#0,79119284#3,-79119286#3,-79119286#2,-79119286#1,-79119286#0,1157449877",3.5107687423421488
-1020092139#0,-1157449877,"-1020092139#0,1020092139#0,1020092139#1,-41231515#4,-41231515#3,-41231515#2,1020092135,41231756#0,41231756#1,41231756#2,41231756#3,-41231755,-79119286#0,1157449877",1.5768551769159789
57680152#2,174375405,"57680152#2,-57680152#2,-57680152#1,-57680152#0,-1116499331#0,-1116499332#2,-1116499332#1,-1116499332#0,1116499330#0,1116499330#1,57680180#0,57680180#1,57680180#2,57680180#3,174907152#0,174907152#1,174907152#2,174907151#0,174907151#2,174907151#5,22561652#1,22561652#2,22561652#3,22561652#4,22561652#5,22561652#6,125835948,563369678,1238123690,174375405",3.3441721829120414
57680152#2,174375405,"-57680152#2,-57680152#1,-57680152#0,-1116499331#0,-1116499332#2,-1116499332#1,-1116499332#0,1116499330#0,1116499330#1,57680180#0,57680180#1,57680180#2,57680180#3,174907152#0,174907152#1,174907152#2,174907151#0,174907151#2,174907151#5,22561652#1,22561652#2,22561652#3,22561652#4,22561652#5,22561652#6,125835948,563369678,1238123690,174375405",2.907577545056899
57680152#2,174375405,"-57680152#2,-57680152#1,-57680152#0,-1116499331#0,-1116499332#2,-1116499332#1,-1116499332#0,1116499330#0,1116499330#1,57680180#0,57680171#0,57680171#1,57680171#2,22561499#2,174907152#0,174907152#1,174907152#2,174907151#0,174907151#2,174907151#5,22561652#1,22561652#2,22561652#3,22561652#4,22561652#5,22561652#6,125835948,563369678,1238123690,174375405",2.9394502941565395
57680152#2,174375405,"57680152#2,-57680152#2,-57680152#1,-57680152#0,-1116499331#0,-1116499332#2,-1116499332#1,-1116499332#0,1116499330#0,1116499330#1,57680180#0,57680180#1,57680180#2,57680180#3,174907152#0,174907152#1,174907152#2,-57392486,1163710302,57392474,57392457#1,22561652#1,22561652#2,22561652#3,22561652#4,22561652#5,22561652#6,125835948,563369678,1238123690,174375405",4.372362091969189
57680152#2,174375405,"57680152#2,-57680152#2,-57680152#1,-57680152#0,-1116499331#0,-1116499332#2,-1116499332#1,-1116499332#0,1116499330#0,1116499330#1,57680180#0,57680171#0,57680171#1,57680171#2,22561499#2,174907152#0,174907152#1,174907152#2,174907151#0,174907151#2,174907151#5,22561652#1,22561652#2,22561652#3,22561652#4,22561652#5,22561652#6,125835948,563369678,1238123690,174375405",3.376044932011682
57680152#2,174375405,"-57680152#2,-57680152#1,-57680152#0,-1116499331#0,-1116499332#2,-1116499332#1,-1116499332#0,1116499330#0,1116499330#1,57680180#0,57680180#1,57680180#2,57680180#3,174907152#0,174907152#1,174907152#2,-57392486,1163710302,57392474,57392457#1,22561652#1,22561652#2,22561652#3,22561652#4,22561652#5,22561652#6,125835948,563369678,1238123690,174375405",3.935767454114047
57680152#2,174375405,"-57680152#2,-57680152#1,-57680152#0,-1116499331#0,-1116499332#2,-1116499332#1,-1116499332#0,1116499330#0,1116499330#1,57680180#0,57680171#0,57680171#1,57680171#2,22561499#2,174907152#0,174907152#1,174907152#2,-57392486,1163710302,57392474,57392457#1,22561652#1,22561652#2,22561652#3,22561652#4,22561652#5,22561652#6,125835948,563369678,1238123690,174375405",3.9676402032136875
174375405,57680152#2,"174375405,561133138,174375402,174375403,561133137,563273548,174375406,1238123693,1238123694,563272697,563271328,1238123691,-22561498,-22561652#6,-22561652#5,-22561652#4,-22561652#3,-22561652#2,-22561652#1,-22561652#0,-174907151#4,-174907151#1,-57392486,1004094803#0,1004094803#1,1004094802,57392452,-24580169#1,-24580169#0,22561499#0,22561499#1,22561499#2,-57680180#3,-57680180#2,-57680180#1,-57680180#0,-563282223,-1116499330#0,1116499332#0,1116499332#1,1116499332#2,1116499331#0,1116499331#1,57680152#1,57680152#2",4.3471853093211426
174375405,57680152#2,"174375405,561133138,174375402,174375403,563272698,563272697,563271328,1238123691,-22561498,-22561652#6,-22561652#5,-22561652#4,-22561652#3,-22561652#2,-22561652#1,-22561652#0,-174907151#4,-174907151#1,-174907152#2,-174907152#1,-174907152#0,-57680180#3,-57680180#2,-57680180#1,-57680180#0,-563282223,-1116499330#0,1116499332#0,1116499332#1,1116499332#2,1116499331#0,1116499331#1,57680152#1,57680152#2",2.637878765617118
174375405,57680152#2,"174375405,563272699,561133137,563273548,174375406,1238123693,1238123694,563272697,563271328,1238123691,-22561498,-22561652#6,-22561652#5,-22561652#4,-22561652#3,-22561652#2,-22561652#1,-22561652#0,-174907151#4,-174907151#1,-174907152#2,-174907152#1,-174907152#0,-57680180#3,-57680180#2,-57680180#1,-57680180#0,-563282223,-1116499330#0,1116499332#0,1116499332#1,1116499332#2,1116499331#0,1116499331#1,57680152#1,57680152#2",2.600427672869004
174375405,57680152#2,"174375405,563272699,563272698,563272697,563271328,1238123691,-22561498,-22561652#6,-22561652#5,-22561652#4,-22561652#3,-22561652#2,-22561652#1,-22561652#0,-174907151#4,-174907151#1,1116499317#0,1116499317#1,1116499317#2,1116499317#3,1116499316#0,1116499316#1,1116499315#1,1116499315#2,628868117#0,628868117#1,563371197#1,563371197#2,-563282223,-1116499330#0,1116499332#0,1116499332#1,1116499332#2,1116499331#0,1116499331#1,57680152#1,57680152#2",2.6895906968481675
174375405,57680152#2,"174375405,563272699,563272698,563272697,563271328,1238123691,-22561498,-22561652#6,-22561652#5,-22561652#4,-22561652#3,-22561652#2,-22561652#1,-22561652#0,-174907151#4,-174907151#1,-174907152#2,-174907152#1,-174907152#0,-57680180#3,-57680180#2,-57680180#1,-57680180#0,-563282223,-1116499330#0,1116499332#0,1116499332#1,1116499332#2,1116499331#0,1116499331#1,57680152#1,57680152#2",2.544824121153141
174375405,57680152#2,"174375405,561133138,174375402,174375403,563272698,563272697,563271328,1238123691,-22561498,-22561652#6,-22561652#5,-22561652#4,-22561652#3,-22561652#2,-22561652#1,-22561652#0,-174907151#4,-174907151#1,1116499317#0,1116499317#1,1116499317#2,1116499317#3,1116499316#0,1116499316#1,1116499315#1,1116499315#2,628868117#0,628868117#1,563371197#1,563371197#2,-563282223,-1116499330#0,1116499332#0,1116499332#1,1116499332#2,1116499331#0,1116499331#1,57680152#1,57680152#2",2.7826453413121444
174375405,57680152#2,"174375405,561133138,174375402,174375403,561133137,563273548,174375408#0,174375408#1,-174375409,57680120#0,57680120#1,1238123694,563272697,563271328,1238123691,-22561498,-22561652#6,-22561652#5,-22561652#4,-22561652#3,-22561652#2,-22561652#1,-22561652#0,-174907151#4,-174907151#1,-174907152#2,-174907152#1,-174907152#0,-57680180#3,-57680180#2,-57680180#1,-57680180#0,-563282223,-1116499330#0,1116499332#0,1116499332#1,1116499332#2,1116499331#0,1116499331#1,57680152#1,57680152#2",2.689642624508407
174375405,57680152#2,"174375405,561133138,174375402,174375403,563272698,563272697,563271328,1238123691,-22561498,-22561652#6,-22561652#5,-22561652#4,-22561652#3,-22561652#2,-22561652#1,-22561652#0,-174907151#4,-174907151#1,-57392486,1004094803#0,1004094803#1,1004094802,57392452,-24580169#1,-24580169#0,22561499#0,22561499#1,22561499#2,-57680180#3,-57680180#2,-57680180#1,-57680180#0,-563282223,-1116499330#0,1116499332#0,1116499332#1,1116499332#2,1116499331#0,1116499331#1,57680152#1,57680152#2",4.291581757605281
174375405,57680152#2,"174375405,563272699,563272698,563272697,563271328,1238123691,-22561498,-22561652#6,-22561652#5,-22561652#4,-22561652#3,-22561652#2,-22561652#1,-22561652#0,-174907151#4,-174907151#1,-57392486,1004094803#0,1004094803#1,1004094802,57392452,-24580169#1,-24580169#0,22561499#0,22561499#1,22561499#2,-57680180#3,-57680180#2,-57680180#1,-57680180#0,-563282223,-1116499330#0,1116499332#0,1116499332#1,1116499332#2,1116499331#0,1116499331#1,57680152#1,57680152#2",4.198527113141304
-41231359#1,563273548,"41231359#1,-41231508#1,-79116549#0,79116530#2,79116530#3,79116530#0,-561134628#1,-561134628#0,-1034110351#0,-23881168#1,-23881168#0,1259750653,145622122#0,145622122#1,145622122#2,563298888,979838980#0,979838980#1,979838980#2,979838980#3,979838980#4,979838980#5,979838980#6,57680170#0,57680170#1,57680132#0,57680132#1,174375406,1238123693,1238123694,563272697,561133136,563272699,561133137,563273548",2.163923341292538
-41231359#1,563273548,"-41231359#1,41231359#1,79119292,41231358#0,-79116549#2,-79116549#1,-79116549#0,79116530#2,79116530#3,79116530#0,-561134628#1,-561134628#0,-1034110351#0,-23881168#1,-23881168#0,1259750653,145622122#0,145622122#1,145622122#2,563298888,979838980#0,979838980#1,979838980#2,979838980#3,979838980#4,979838980#5,979838980#6,57680170#0,57680170#1,57680132#0,57680132#1,174375406,1238123693,1238123694,563272697,563271328,174375401,1238123690,174375405,563272699,561133137,563273548",3.103323276932741
-41231359#1,563273548,"41231359#1,-41231508#1,-79116549#0,79116530#2,79116530#3,-979842178#5,-979842178#4,-979842178#3,-979842178#2,-979842178#1,-979842178#0,-226068307,213840997,1157449881,979838980#0,979838980#1,979838980#2,979838980#3,979838980#4,979838980#5,979838980#6,57680170#0,57680170#1,57680132#0,57680132#1,174375406,1238123693,1238123694,563272697,561133136,561133138,174375402,174375403,561133137,563273548",2.0541166088910208
-41231359#1,563273548,"41231359#1,-41231508#1,-79116549#0,79116530#2,79116530#3,-979842178#5,-979842178#4,-979842178#3,870315481#0,870315481#1,870315479#1,870315480,-979842178#0,-226068307,213840997,1157449881,979838980#0,979838980#1,979838980#2,979838980#3,979838980#4,979838980#5,979838980#6,57680170#0,57680170#1,57680132#0,57680132#1,174375408#0,174375408#1,-174375409,57680120#0,57680120#1,1238123694,563272697,561133136,563272699,561133137,563273548",1.971948161958612
-41231359#1,563273548,"41231359#1,-41231508#1,-79116549#0,79116530#2,79116530#3,79116530#0,-561134628#1,-561134628#0,-1034110351#0,-23881168#1,-23881168#0,1259750653,145622122#0,145622122#1,145622122#2,563298888,979838980#0,979838980#1,979838980#2,979838980#3,979838980#4,979838980#5,979838980#6,57680170#0,57680170#1,57680132#0,57680132#1,174375406,1238123693,1238123694,563272697,563271328,174375401,1238123690,174375405,561133138,174375402,174375403,561133137,563273548",2.2816120150341725
-41231359#1,563273548,"-41231359#1,41231359#1,79119292,41231358#0,-79116549#2,-79116549#1,-79116549#0,79116530#2,79116530#3,79116530#0,-561134628#1,-561134628#0,-1034110351#0,-23881168#1,-23881168#0,1259750653,145622122#0,145622122#1,145622122#2,563298888,979838980#0,979838980#1,979838980#2,979838980#3,979838980#4,979838980#5,979838980#6,57680170#0,57680170#1,57680132#0,57680132#1,174375406,1238123693,1238123694,563272697,561133136,563272699,561133137,563273548",3.078689247655083
-41231359#1,563273548,"-41231359#1,41231359#1,-41231508#1,-79116549#0,79116530#2,79116530#3,79116530#0,-561134628#1,-561134628#0,-1034110351#0,-23881168#1,-23881168#0,1259750653,145622122#0,145622122#1,145622122#2,563298888,979838980#0,979838980#1,979838980#2,979838980#3,979838980#4,979838980#5,979838980#6,57680170#0,57680170#1,57680132#0,57680132#1,174375406,1238123693,1238123694,563272697,563271328,174375401,1238123690,174375405,563272699,561133137,563273548",2.2691896234713567
-41231359#1,563273548,"41231359#1,79119292,41231358#0,-79116549#2,-79116549#1,-79116549#0,79116530#2,79116530#3,79116530#0,-561134628#1,-561134628#0,-1034110351#0,-23881168#1,-23881168#0,1259750653,145622122#0,145622122#1,145622122#2,563298888,979838980#0,979838980#1,979838980#2,979838980#3,979838980#4,979838980#5,979838980#6,57680170#0,57680170#1,57680132#0,57680132#1,174375408#0,174375408#1,-174375409,57680120#0,57680120#1,1238123694,563272697,563271328,174375401,1238123690,174375405,563272699,561133137,563273548",3.0188513312070073
-41231359#1,563273548,"41231359#1,-41231508#1,-79116549#0,79116530#2,79116530#3,-979842178#5,-979842178#4,-979842178#3,-979842178#2,-979842178#1,-979842178#0,-226068307,213840997,1157449881,979838980#0,979838980#1,979838980#2,979838980#3,979838980#4,979838980#5,979838980#6,57680170#0,57680170#1,57680132#0,57680132#1,174375406,1238123693,1238123694,563272697,561133136,563272699,561133137,563273548",1.9610619644270435
-41231359#1,563273548,"-41231359#1,41231359#1,-41231508#1,-79116549#0,79116530#2,79116530#3,-979842178#5,-979842178#4,-979842178#3,-979842178#2,-979842178#1,-979842178#0,-226068307,213840997,1157449881,979838980#0,979838980#1,979838980#2,979838980#3,979838980#4,979838980#5,979838980#6,57680170#0,57680170#1,57680132#0,57680132#1,174375406,1238123693,1238123694,563272697,561133136,563272699,561133137,563273548",2.041694217328204
-57680164,1116499317#2,"-57680164,-57680125#1,-57680125#0,-57680135,-57680114#3,-57680114#2,-57680114#1,-57680114#0,-1264978471,-57680145#1,-57680145#0,-1116499324#2,-1116499324#1,-1116499324#0,57680087#0,57680087#1,57680087#2,1116499328#0,1116499328#1,1116499329,1116499330#0,1116499330#1,57680180#0,57680180#1,57680180#2,57680180#3,174907152#0,174907152#1,174907152#2,1116499317#0,1116499317#1,1116499317#2",4.801486249546966
-57680164,1116499317#2,"-57680164,57680125#2,57680127,227218689,-154901400#1,-154901400#0,-227218424,-227218423,-57680175,-57680125#0,-57680135,-57680114#3,-57680114#2,-57680114#1,-57680114#0,-1264978471,-57680145#1,-57680145#0,-1116499324#2,-1116499324#1,-1116499324#0,57680087#0,57680087#1,57680087#2,1116499328#0,1116499328#1,1116499329,1116499330#0,1116499330#1,57680180#0,57680180#1,57680180#2,57680180#3,174907152#0,174907152#1,174907152#2,1116499317#0,1116499317#1,1116499317#2",7.303403573103973
-57680164,1116499317#2,"57680125#2,57680127,227218689,-154901400#1,-154901400#0,-227218424,-227218423,-57680175,-57680125#0,-57680135,-57680114#3,-57680114#2,-57680114#1,-57680114#0,-1264978471,-57680145#1,-57680145#0,-1116499324#2,-1116499324#1,-1116499324#0,57680087#0,57680087#1,57680087#2,1116499328#0,1116499328#1,1116499329,1116499330#0,1116499330#1,57680180#0,57680171#0,57680171#1,57680171#2,22561499#2,174907152#0,174907152#1,174907152#2,1116499317#0,1116499317#1,1116499317#2",6.0584255819074935
-57680164,1116499317#2,"-57680164,-57680125#1,-57680125#0,-57680135,-57680114#3,-57680114#2,-57680114#1,-57680114#0,-1264978471,-57680145#1,-57680145#0,-1116499324#2,-1116499324#1,-1116499324#0,57680087#0,57680087#1,57680087#2,1116499328#0,1116499328#1,1116499329,1116499330#0,1116499330#1,57680180#0,57680171#0,57680171#1,57680171#2,22561499#2,174907152#0,174907152#1,174907152#2,1116499317#0,1116499317#1,1116499317#2",4.833358998646605
-57680164,1116499317#2,"-57680164,57680125#2,57680127,227218689,-154901400#1,-154901400#0,-227218424,-227218423,-57680175,-57680125#0,-57680135,-57680114#3,-57680114#2,-57680114#1,-57680114#0,-1264978471,-57680145#1,-57680145#0,-1116499324#2,-1116499324#1,-1116499324#0,57680087#0,57680087#1,57680087#2,1116499328#0,1116499328#1,1116499329,1116499330#0,1116499330#1,57680180#0,57680171#0,57680171#1,57680171#2,22561499#2,174907152#0,174907152#1,174907152#2,1116499317#0,1116499317#1,1116499317#2",7.335276322203612
-57680164,1116499317#2,"57680125#2,57680127,227218689,-154901400#1,-154901400#0,-227218424,-227218423,-57680175,-57680125#0,-57680135,-57680114#3,-57680114#2,-57680114#1,-57680114#0,-1264978471,-57680145#1,-57680145#0,-1116499324#2,-1116499324#1,-1116499324#0,57680087#0,57680087#1,57680087#2,1116499328#0,1116499328#1,1116499329,1116499330#0,1116499330#1,57680180#0,57680180#1,57680180#2,57680180#3,174907152#0,174907152#1,174907152#2,1116499317#0,1116499317#1,1116499317#2",6.026552832807854
-174375407#2,-41231513#3,"174375407#2,174375407#3,174375407#4,174375402,174375403,561133137,563273548,-57680132#1,-57680132#0,57680179#0,57680179#1,57680179#2,57680179#3,-979838980#6,-979838980#5,-979838980#4,-979838980#3,-979838980#2,-979838980#1,-979838980#0,-563298888,213840999,979842179,226068307,979842178#0,979842178#1,870315479#0,870315479#1,41231514#0,41231514#1,41231514#2,41231514#3,41231514#4,41231514#5,41231514#6,41231514#7,41231514#8,1020078536,-79116557#3,-79116557#2,-79116557#1,-79116557#0,79116530#3,79116530#0,79116530#1,79116549#0,79116549#1,79116549#2,41231358#1,41231357#1,79119291#1,79116549#4,79116549#5,79116549#6,79119284#1,79119284#2,41231513#0,41231513#1,41231513#2,41231513#3",5.539257526731459
-174375407#2,-41231513#3,"174375407#2,174375407#3,174375407#4,174375402,174375403,561133137,563273548,-57680132#1,-57680132#0,57680179#0,57680179#1,57680179#2,57680179#3,-979838980#6,-979838980#5,-979838980#4,-979838980#3,-979838980#2,-979838980#1,-979838980#0,-563298888,213840999,979842179,226068307,979842178#0,979842178#1,979842178#2,979842178#3,41231717,979842178#5,79116530#0,79116530#1,79116530#2,79116557#0,79116557#1,79116557#2,1020078538,1020078537#1,1157449878#0,1157449878#1,-1157449879,1020092137#1,41273126,1020092139#0,1020092139#1,41231515#5,41231515#6,-41231513#4,-41231513#3",5.749759668552913
-174375407#2,-41231513#3,"174375407#2,174375407#3,174375407#4,174375402,174375403,561133137,563273548,-57680132#1,-57680132#0,57680179#0,57680179#1,57680179#2,57680179#3,-979838980#6,-979838980#5,-979838980#4,-979838980#3,-979838980#2,-979838980#1,-979838980#0,-563298888,-145622122#2,213840998,979842179,226068307,979842178#0,979842178#1,979842178#2,979842178#3,41231717,979842178#5,79116530#0,79116530#1,79116549#0,-41231508#0,79119287#0,79119287#1,79119287#2,79116549#5,79116549#6,79119284#1,79119284#2,41231513#0,41231513#1,41273135,41273137#1,41273138,-41231513#3",4.803225398675234
-174375407#2,-41231513#3,"174375407#2,174375407#3,174375407#4,174375402,174375403,561133137,563273548,-57680132#1,-57680132#0,57680179#0,57680179#1,57680179#2,57680179#3,-979838980#6,-979838980#5,-979838980#4,-979838980#3,-979838980#2,-979838980#1,-979838980#0,-563298888,-145622122#2,213840998,979842179,226068307,979842178#0,979842178#1,979842178#2,870315481#0,870315481#1,870315479#1,41231514#0,41231514#1,41231514#2,41231514#3,41231514#4,41231514#5,41231514#6,41231514#7,41231514#8,1020078536,1020078537#0,1020078537#1,1157449878#0,1157449878#1,-1157449879,1020092137#1,41273126,1020092139#0,1020092139#1,-41231515#4,41273134,-1020078548,41231515#6,-41231513#4,-41231513#3",6.104904846552295
-174375407#2,-41231513#3,"174375407#2,174375407#3,174375407#4,174375402,174375403,561133137,563273548,-57680132#1,-57680132#0,57680179#0,57680179#1,57680179#2,57680179#3,-979838980#6,-979838980#5,-979838980#4,-979838980#3,-979838980#2,-979838980#1,-979838980#0,-563298888,213840999,979842179,226068307,979842178#0,979842178#1,979842178#2,979842178#3,979842178#4,979842178#5,79116530#0,79116530#1,79116549#0,79116549#1,79116549#2,41231358#1,41231357#1,79119291#1,79116549#4,79116549#5,79116549#6,79119284#1,79119284#2,41231513#0,41231513#1,41231513#2,41231513#3",4.15857585161361
-57099585#1,-22561652#3,"57099585#1,57099585#2,-57099630#6,-57099630#5,-57099630#4,-57099630#3,-57099630#2,-57099630#1,-57099630#0,-561133134,-57099575#2,-57099587#1,32898141,-24580169#0,22561499#0,22561499#1,22561499#2,174907152#0,174907152#1,174907152#2,174907151#0,174907151#2,174907151#5,22561652#1,22561652#2,22561652#3",3.2272020138301194
-57099585#1,-22561652#3,"-57099585#1,57099585#1,57099585#2,-57099630#6,-57099630#5,-57099630#4,-57099630#3,-57099630#2,-57099630#1,-57099630#0,-561133134,-57099575#2,-57099575#1,-57099591#1,-57099591#0,32898139#0,32898139#1,32898141,-24580169#0,22561499#0,22561499#1,22561499#2,174907152#0,174907152#1,174907152#2,-57392486,1163710302,57392474,57392457#1,22561652#1,22561652#2,22561652#3",5.753487790789393
-57099585#1,-22561652#3,"57099585#1,57099585#2,-57099630#6,-57099630#5,-57099630#4,-57099630#3,-57099630#2,-57099630#1,-57099630#0,-561133134,-24580169#2,-24580169#1,-24580169#0,22561499#0,22561499#1,22561499#2,174907152#0,174907152#1,174907152#2,-57392486,1163710302,57392474,57392457#1,22561652#1,22561652#2,22561652#3",3.861893388139735
-57099585#1,-22561652#3,"57099585#1,57099585#2,-57099630#6,-57099630#5,-57099630#4,-57099630#3,-57099630#2,-57099630#1,-57099630#0,-561133134,-24580169#2,-24580169#1,-24580169#0,22561499#0,22561499#1,22561499#2,174907152#0,174907152#1,174907152#2,174907151#0,174907151#2,174907151#5,22561652#1,22561652#2,22561652#3",2.833703479082587
-57099585#1,-22561652#3,"-57099585#1,57099585#1,57099585#2,-57099630#6,-57099630#5,-57099630#4,-57099630#3,-57099630#2,-57099630#1,-57099630#0,-561133134,-57099575#2,-57099575#1,-57099591#1,-57099591#0,32898139#0,32898139#1,32898141,-24580169#0,22561499#0,22561499#1,22561499#2,174907152#0,174907152#1,174907152#2,174907151#0,174907151#2,174907151#5,22561652#1,22561652#2,22561652#3",4.725297881732246
-57099585#1,-22561652#3,"57099585#1,57099585#2,-57099630#6,-57099630#5,-57099630#4,-57099630#3,-57099630#2,-57099630#1,-57099630#0,-561133134,-57099575#2,-57099587#1,32898141,-24580169#0,22561499#0,22561499#1,22561499#2,174907152#0,174907152#1,174907152#2,-57392486,1163710302,57392474,57392457#1,22561652#1,22561652#2,22561652#3",4.255391922887267
-57099585#1,-22561652#3,"57099585#1,57099585#2,-57099630#6,-57099630#5,-57099630#4,-57099630#3,-57099630#2,-57099630#1,-57099630#0,-561133134,-57099575#2,-57099575#1,-57099591#1,-57099591#0,32898139#0,32898139#1,32898141,-24580169#0,22561499#0,22561499#1,22561499#2,174907152#0,174907152#1,174907152#2,174907151#0,174907151#2,174907151#5,22561652#1,22561652#2,22561652#3",4.537989150859158
-57099585#1,-22561652#3,"-57099585#1,57099585#1,57099585#2,-57099630#6,-57099630#5,-57099630#4,-57099630#3,-57099630#2,-57099630#1,-57099630#0,-561133134,-24580169#2,-24580169#1,-24580169#0,22561499#0,22561499#1,22561499#2,174907152#0,174907152#1,174907152#2,-57392486,1163710302,57392474,57392457#1,22561652#1,22561652#2,22561652#3",4.049202119012822
-1020092139#1,-41231515#0,"-1020092139#1,-1020092139#0,-1020092142,-1020092143,41273131,-1020092138,-1020092137#1,1157449879,41231515#0",1.8811324529811926
-1020092139#1,-41231515#0,"1020092139#1,-41231515#4,-41231515#3,-41231515#2,-41231515#1,-41231515#0",0.7056222488995599
-1020092139#1,-41231515#0,"1020092139#1,41231515#5,1020078548,-41273134,-41231515#3,-41231515#2,-41231515#1,-41231515#0",0.9005402160864345
-1020092139#1,-41231515#0,"1020092139#1,41231515#5,1020078548,-41273134,-41231515#3,-41231515#2,1020092135,41231756#0,41231756#1,41231756#2,41231756#3,-41231755,79119286#1,-41231511#3,-41231511#2,-41231511#1,-41231511#0,79119293#0,79119288,41231358#0,-79116549#2,-79116549#1,-79116549#0,79116530#2,79116557#0,79116557#1,23881170,1020078542,1157449878#1,41231515#0",4.488242309162685
-1020092139#1,-41231515#0,"-1020092139#1,-1020092139#0,1020092140,-41231515#3,-41231515#2,-41231515#1,-41231515#0",0.909623849539816
-1020092139#1,-41231515#0,"1020092139#1,-41231515#4,-1020092140,-1020092142,-1020092143,41273131,-1020092138,-41273130,-41231515#0",1.4824929971988796
-1020092139#1,-41231515#0,"-1020092139#1,-1020092139#0,-1020092142,-1020092143,41273131,-1020092138,-41273130,-41231515#0",1.5206282513005203
-1020092139#1,-41231515#0,"1020092139#1,-41231515#4,-1020092140,-1020092142,-1020092143,41273131,-1020092138,-1020092137#1,1157449879,41231515#0",1.842997198879552
-1020092139#1,-41231515#0,"1020092139#1,41231515#5,1020078548,-41273134,-1020092140,-1020092142,-1020092143,41273131,-1020092138,-1020092137#1,1157449879,41231515#0",2.0379151660664263
-1020092139#1,-41231515#0,"1020092139#1,41231515#5,1020078548,-41273134,-1020092140,-1020092142,-1020092143,41273131,-1020092138,-41273130,-41231515#0",1.6774109643857542
41273137#2,-41231515#0,"41273137#2,41273137#3,41273141#2,-174897323#0,-41231515#6,-41231515#5,-1020092139#1,-1020092139#0,-1020092142,-1020092143,41273131,-1020092138,-41273130,-41231515#0",2.429851940776311
41273137#2,-41231515#0,"41273137#2,41273137#3,41273141#2,-174897323#0,-41231515#6,-41231515#5,-41231515#4,-41231515#3,-41231515#2,-41231515#1,-41231515#0",1.5245498199279717
41273137#2,-41231515#0,"41273137#2,41273137#3,41273141#2,-174897323#0,-41231513#4,-41231513#3,-41231513#2,-41231513#1,-41231513#0,79119284#3,79119284#4,79119284#5,-79116549#6,-79116549#5,-79116549#4,79119291#2,79119293#0,79119293#1,-41231508#3,41231509,41231360,41231359#1,-41231508#1,-79116549#0,79116530#2,79116557#0,79116557#1,79116557#2,79116557#3,1020078537#0,1020078537#1,1157449878#0,1157449878#1,41231515#0",4.862234267357051
41273137#2,-41231515#0,"41273137#2,41273137#3,-41273141#1,41273140#1,1020078544,-174897323#3,-174897323#2,-174897323#1,-174897323#0,-41231515#6,1020078548,-41273134,-41231515#3,-41231515#2,-41231515#1,-41231515#0",3.006982793117247
41273137#2,-41231515#0,"41273137#2,41273139,41273140#0,41273141#1,41273141#2,-174897323#0,-41231515#6,1020078548,-41273134,-41231515#3,-41231515#2,-41231515#1,-41231515#0",1.9245298119247702
41273137#2,-41231515#0,"41273137#2,41273137#3,41273141#2,-174897323#0,-41231515#6,-41231515#5,-1020092139#1,-1020092139#0,1020092140,-41231515#3,-41231515#2,-41231515#1,-41231515#0",1.8188475390156067
41273137#2,-41231515#0,"41273137#2,41273137#3,41273141#2,-174897323#0,-41231515#6,1020078548,-41273134,-41231515#3,-41231515#2,-41231515#1,-41231515#0",1.718667466986795
41273137#2,-41231515#0,"41273137#2,41273137#3,41273141#2,-174897323#0,-41231515#6,-41231515#5,-41231515#4,-1020092140,-1020092142,-1020092143,41273131,-1020092138,-1020092137#1,1157449879,41231515#0",2.661924769907964
41273137#2,-41231515#0,"41273137#2,41273137#3,-41273141#1,41273140#1,57680129,41273142#0,41273142#1,-41273141#3,-174897323#0,-41231515#6,1020078548,-41273134,-41231515#3,-41231515#2,-41231515#1,-41231515#0",2.570408163265306
41273137#2,-41231515#0,"41273137#2,41273137#3,41273141#2,-174897323#0,-41231515#6,1020078548,-41273134,41231515#4,-1020092139#1,-1020092139#0,-1020092142,-1020092143,41273131,-1020092138,-41273130,-41231515#0",2.9554221688675475
79119287#2,1116499317#2,"79119287#2,-79116549#4,-79116549#3,-79116549#2,-79116549#1,-79116549#0,79116530#2,79116530#3,79116530#0,-561134628#1,-561134628#0,-1034110351#0,-23881168#1,-23881168#0,1259750653,145622122#0,145622122#1,145622122#2,563298888,979838980#0,979838980#1,979838980#2,979838980#3,979838980#4,979838980#5,979838980#6,57680170#0,57680170#1,57680132#0,57680132#1,174375406,1238123693,1238123694,563272697,563271328,1238123691,-22561498,-22561652#6,-22561652#5,-22561652#4,-22561652#3,-22561652#2,-22561652#1,-22561652#0,-174907151#4,-174907151#1,1116499317#0,1116499317#1,1116499317#2",4.454174963899824
79119287#2,1116499317#2,"79119287#2,-79116549#4,79119291#2,41231511#0,41231511#1,41231511#2,41231511#3,79119286#2,79119286#3,79119284#4,79119284#5,79119284#1,-561133140#1,-561133140#0,-227385933,-23030922#0,-154901400#5,-154901400#4,-154901400#3,-154901400#2,-154901400#1,-154901400#0,-227218424,-227218423,-57680175,-57680125#0,-57680135,-57680114#3,-57680114#2,-57680114#1,-57680114#0,-1264978471,-57680145#1,-57680145#0,-1116499324#2,-1116499324#1,-1116499324#0,57680087#0,57680087#1,57680087#2,1116499328#0,1116499328#1,1116499329,1116499330#0,1116499330#1,57680180#0,57680171#0,57680171#1,57680171#2,22561499#2,174907152#0,174907152#1,174907152#2,1116499317#0,1116499317#1,1116499317#2",10.193001222083213
79559552#0,-41273141#1,"79559552#0,79559552#1,-1020092133,-175186741#0,-79116557#4,1020078537#0,1020078537#1,1157449878#0,1157449878#1,-1157449879,1020092137#1,41273126,1020092139#0,1020092139#1,41231515#5,41231515#6,174897323#0,-41273141#2,-41273141#1",3.4367040552722172
79559552#0,-41273141#1,"79559552#1,-1020092133,-175186741#0,-79116557#4,-79116557#3,1020078538,1020078537#1,1157449878#0,1157449878#1,-1157449879,1020092137#1,41273126,1020092140,41273134,-1020078548,41231515#6,-41231513#4,-41231513#3,-41231513#2,41273135,41273137#1,41273137#2,41273139,41273140#0,41273141#1",4.4791389990121315
79559552#0,-41273141#1,"79559552#0,79559552#1,-1020092133,-175186741#0,-79116557#4,1020078537#0,1020078537#1,1157449878#0,1157449878#1,41231515#0,41273130,1020092138,41273128#1,1020092142,1020092140,41231515#4,41231515#5,41231515#6,174897323#0,-41273141#2,-41273141#1",3.464415139705991
79559552#0,-41273141#1,"79559552#0,79559552#1,-1020092133,-175186741#0,-79116557#4,-79116557#3,-79116557#2,23881170,41231753#0,41231753#1,41231753#2,79119286#0,41231755,-41231756#3,-41231756#2,-41231756#1,-41231756#0,1020092136,41231515#3,41273134,-1020078548,41231515#6,-41231513#4,-41231513#3,-41231513#2,41273135,41273137#1,41273137#2,41273139,41273140#0,41273141#1",4.716086434573828
79559552#0,-41273141#1,"79559552#0,79559552#1,-1020092133,-175186741#0,-79116557#4,1020078537#0,1020078537#1,1157449878#0,1157449878#1,-1157449879,1020092137#1,41273126,1020092139#0,1020092139#1,-41231515#4,41273134,-1020078548,41231515#6,-41231513#4,-41231513#3,-41231513#2,41273135,41273137#1,41273137#2,41273137#3,-41273141#1",5.055271482243007
79559552#0,-41273141#1,"79559552#0,79559552#1,-1020092133,-175186741#0,-79116557#4,-79116557#3,1020078538,1020078537#1,1157449878#0,1157449878#1,41231515#0,41273130,41273126,1020092139#0,1020092139#1,-41231515#4,41273134,-1020078548,41231515#6,174897323#0,-41273141#2,-41273141#1",3.9688348773634723
79559552#0,-41273141#1,"79559552#0,79559552#1,-1020092133,-175186741#0,-79116557#4,1020078537#0,1020078537#1,1157449878#0,1157449878#1,-1157449879,1020092137#1,41273126,1020092139#0,1020092139#1,41231515#5,41231515#6,-41231513#4,-41231513#3,-41231513#2,41273135,41273137#1,41273137#2,41273139,41273140#0,41273141#1",4.661293891206591
79559552#0,-41273141#1,"79559552#1,-1020092133,-175186741#0,-79116557#4,1020078537#0,1020078537#1,1157449878#0,1157449878#1,41231515#0,41273130,41273126,1020092139#0,1020092139#1,-41231515#4,41273134,-1020078548,41231515#6,174897323#0,-41273141#2,-41273141#1",3.6402454718388437
79559552#0,-41273141#1,"79559552#1,-1020092133,-175186741#0,-79116557#4,1020078537#0,1020078537#1,1157449878#0,1157449878#1,41231515#0,41273130,1020092138,41273128#1,1020092142,1020092139#0,1020092139#1,-41231515#4,-41231515#3,-41231515#2,1020092135,41231756#0,41231756#1,41273133,-1020078548,41231515#6,174897323#0,-41273141#2,-41273141#1",4.611958591932094
79559552#0,-41273141#1,"79559552#1,-1020092133,-175186741#0,1020078540,1020078536,1020078537#0,1020078537#1,1157449878#0,1157449878#1,41231515#0,41231515#1,41231515#2,41231515#3,41273134,-1020078548,41231515#6,174897323#0,-41273141#2,-41273141#1",2.9560612005781435
174375408#0,-561133130#1,"174375408#0,174375408#1,-174375409,57680120#0,57680120#1,1238123694,563272697,563271328,1238123691,-22561498,-22561652#6,-22561652#5,-22561652#4,-22561652#3,-22561652#2,-22561652#1,-22561652#0,-174907151#4,-174907151#1,-174907152#2,-174907152#1,-174907152#0,-57680180#3,-57680180#2,-57680180#1,-57680180#0,-563282223,-561133130#1",1.2951103839664015
174375408#0,-561133130#1,"174375408#0,174375408#1,-174375409,57680120#0,57680120#1,1238123694,563272697,563271328,1238123691,-22561498,-22561652#6,-22561652#5,-22561652#4,-22561652#3,-22561652#2,-22561652#1,-22561652#0,-174907151#4,-174907151#1,1116499317#0,1116499317#1,1116499317#2,1116499317#3,1116499316#0,1116499316#1,1116499315#1,1116499315#2,628868117#0,628868117#1,563371197#1,563371197#2,-563282223,-561133130#1",1.4398769596614278
174375408#0,-561133130#1,"174375408#0,174375408#1,-174375409,57680120#0,57680120#1,1238123694,563272697,563271328,1238123691,-22561498,-22561652#6,-22561652#5,-22561652#4,-22561652#3,-22561652#2,-22561652#1,-22561652#0,-174907151#4,-174907151#1,-57392486,1004094803#0,1004094803#1,1004094802,57392452,-24580169#1,-24580169#0,22561499#0,22561499#1,22561499#2,-57680180#3,-57680180#2,-57680180#1,-57680180#0,-563282223,-561133130#1",2.9488133759545643
79119286#0,-41273141#1,"79119286#0,41231755,-41231756#3,-41231756#2,41273133,-41273134,41231515#4,41231515#5,41231515#6,174897323#0,-41273141#2,-41273141#1",1.4060624249699878
79119286#0,-41273141#1,"79119286#0,79119286#1,79119286#2,79119286#3,79119284#4,79119284#5,79119284#1,79119284#2,41231513#0,41231513#1,41273135,41273137#1,41273137#2,41273137#3,-41273141#1",1.2267707082833132
79119286#0,-41273141#1,"79119286#0,41231755,-41231756#3,-41231756#2,41273133,-1020078548,41231515#6,174897323#0,-41273141#2,-41273141#1",1.2253501400560225
79119286#0,-41273141#1,"79119286#0,41231755,-41231756#3,-41231756#2,-41231756#1,-41231756#0,1020092136,41231515#3,41273134,-1020078548,41231515#6,174897323#0,-41273141#2,-41273141#1",1.5100840336134453
79119286#0,-41273141#1,"79119286#0,41231755,-41231756#3,-41231756#2,-41231756#1,-41231756#0,1020092136,41231515#3,41273134,-1020078548,41231515#6,-41231513#4,-41231513#3,-41231513#2,41273135,41273137#1,41273137#2,41273137#3,-41273141#1",2.5922569027611044
79119286#0,-41273141#1,"-79119286#0,-41231753#2,-41231753#1,-41231753#0,1020078542,1157449878#1,41231515#0,41231515#1,41231515#2,41231515#3,41273134,-1020078548,41231515#6,-41231513#4,-41231513#3,-41231513#2,41273135,41273137#1,41273137#2,41273137#3,-41273141#1",3.452643634847747
79119286#0,-41273141#1,"79119286#0,79119286#1,79119286#2,79119286#3,79119284#4,79119284#5,79119284#1,79119284#2,41231513#0,41231513#1,41273135,41273137#1,41273138,41231513#4,174897323#0,-41273141#2,-41273141#1",1.389295718287315
79119286#0,-41273141#1,"79119286#0,79119286#1,-41231511#3,-41231511#2,-41231511#1,-41231511#0,79119293#0,79119288,41231358#0,41231358#1,41231357#1,79119291#1,79116549#4,79116549#5,79116549#6,79119284#1,79119284#2,41231513#0,41231513#1,41231513#2,41231513#3,41231513#4,174897323#0,-41273141#2,-41273141#1",3.288535414165666
79119286#0,-41273141#1,"79119286#0,41231755,-41231756#3,-41231756#2,41273133,-1020078548,41231515#6,-41231513#4,-41231513#3,-41231513#2,41273135,41273137#1,41273137#2,41273137#3,-41273141#1",2.3075230092036816
79119286#0,-41273141#1,"79119286#0,79119286#1,79119286#2,79119286#3,79119284#4,79119284#5,79119284#1,79119284#2,41231513#0,41231513#1,41273135,41273136,41231513#3,41231513#4,174897323#0,-41273141#2,-41273141#1",1.401780712284914
1157449879,-1157449877,"1157449879,41231515#0,41231515#1,1020092135,41231756#0,41231756#1,41273133,-41273134,-1020092140,1020092139#0,1020092139#1,41231515#5,41231515#6,-41231513#4,-41231513#3,-41231513#2,-41231513#1,-41231513#0,79119284#3,-79119286#3,-79119286#2,-79119286#1,-79119286#0,1157449877",2.618771943622661
1157449879,-1157449877,"1157449879,41231515#0,41231515#1,1020092135,41231756#0,41231756#1,41231756#2,41231756#3,-41231755,-79119286#0,1157449877",0.7643901909215811
1157449879,-1157449877,"-1157449879,1020092137#1,-41273130,-41231515#0,-1157449878#1,-1157449878#0,1020078539,1020078540,1020078536,-79116557#3,-79116557#2,23881170,41231753#0,41231753#1,41231753#2,1157449877",2.8571322553499443
1157449879,-1157449877,"1157449879,-1157449879,1020092137#1,41273126,1020092139#0,1020092139#1,-41231515#4,-41231515#3,-41231515#2,1020092135,41231756#0,41231756#1,41231756#2,41231756#3,-41231755,-79119286#0,1157449877",2.347323364190889
1157449879,-1157449877,"-1157449879,1020092137#1,41273126,1020092140,-41231515#3,-41231515#2,1020092135,41231756#0,41231756#1,41231756#2,41231756#3,-41231755,-79119286#0,1157449877",1.811108878396571
1157449879,-1157449877,"-1157449879,1020092137#1,-41273130,41231515#1,1020092135,41231756#0,41231756#1,41231756#2,41231756#3,-41231755,-79119286#0,1157449877",0.8946022757555147
1157449879,-1157449877,"1157449879,41231515#0,41273130,41273126,1020092139#0,1020092139#1,41231515#5,1020078548,-41273134,-41231515#3,-41231515#2,1020092135,41231756#0,41231756#1,41231756#2,41231756#3,-41231755,-79119286#0,1157449877",2.5047463333785642
1157449879,-1157449877,"1157449879,-1157449878#1,-1157449878#0,1020078539,1020078540,1020078536,-79116557#3,-79116557#2,23881170,41231753#0,41231753#1,41231753#2,1157449877",2.0870842361422612
1157449879,-1157449877,"1157449879,-1157449878#1,-1157449878#0,1020078539,-79116557#4,-79116557#3,-79116557#2,23881170,41231753#0,41231753#1,41231753#2,1157449877",2.0531812725090037
1157449879,-1157449877,"1157449879,-1157449879,1020092137#1,-41273130,41231515#1,1020092135,41231756#0,41231756#1,41231756#2,41231756#3,-41231755,-79119286#0,1157449877",0.9743941925222214
79119287#2,-41273141#1,"79119287#2,79116549#5,79116549#6,79119284#1,79119284#2,41231513#0,41231513#1,41273135,41273137#1,41273137#2,41273137#3,-41273141#1",2.1010404161664664
79119287#2,-41273141#1,"79119287#2,79116549#5,79116549#6,79119284#1,79119284#2,41231513#0,41231513#1,41231513#2,41231513#3,41231513#4,174897323#0,-41273141#2,-41273141#1",2.017406962785114
79119287#2,-41273141#1,"79119287#2,79116549#5,79116549#6,79119284#1,79119284#2,41231513#0,41231513#1,41273135,41273137#1,41273137#2,41273139,41273140#0,41273141#1",2.2434573829531814
79119287#2,-41273141#1,"79119287#2,79116549#5,79116549#6,79119284#1,79119284#2,41231513#0,41231513#1,41273135,41273136,41231513#3,41231513#4,174897323#0,-41273141#2,-41273141#1",2.276050420168067
79119287#2,-41273141#1,"79119287#2,-79116549#4,79119291#2,41231511#0,41231511#1,41231511#2,41231511#3,-79119286#1,41231755,-41231756#3,-41231756#2,41273133,-1020078548,41231515#6,-41231513#4,-41231513#3,-41231513#2,41273135,41273137#1,41273137#2,41273137#3,-41273141#1",3.613205282112845
79119287#2,-41273141#1,"79119287#2,-79116549#4,79119291#2,41231511#0,41231511#1,41231511#2,41231511#3,79119286#2,79119286#3,79119284#4,79119284#5,79119284#1,79119284#2,41231513#0,41231513#1,41273135,41273137#1,41273137#2,41273137#3,-41273141#1",2.3810724289715886
79119287#2,-41273141#1,"79119287#2,79116549#5,79116549#6,79119284#1,79119284#2,41231513#0,41231513#1,41273135,41273137#1,41273138,41231513#4,174897323#0,-41273141#2,-41273141#1",2.263565426170468
79119287#2,-41273141#1,"79119287#2,79116549#5,79116549#6,79119284#1,79119284#2,79119284#3,-79119286#3,-79119286#2,-79119286#1,41231755,-41231756#3,-41231756#2,41273133,-1020078548,41231515#6,-41231513#4,-41231513#3,-41231513#2,41273135,41273137#1,41273137#2,41273137#3,-41273141#1",3.5097038815526203
79119287#2,-41273141#1,"79119287#2,-79116549#4,79119291#2,41231511#0,41231511#1,41231511#2,41231511#3,79119286#2,79119286#3,79119284#4,79119284#5,79119284#1,79119284#2,41231513#0,41231513#1,41273135,41273137#1,41273137#2,41273139,41273140#0,41273141#1",2.5234893957583036
79119287#2,-41273141#1,"79119287#2,-79116549#4,79119291#2,41231511#0,41231511#1,41231511#2,41231511#3,-79119286#1,41231755,-41231756#3,-41231756#2,41273133,-1020078548,41231515#6,-41231513#4,-41231513#3,-41231513#2,41273135,41273137#1,41273137#2,41273139,41273140#0,41273141#1",3.75562224889956
-561133140#1,41273139,"561133140#1,79119284#2,41231513#0,41231513#1,41273135,41273137#1,41273137#2,41273139",0.903921568627451
-561133140#1,41273139,"561133140#1,79119284#2,79119284#3,-79119286#3,-79119286#2,-79119286#1,41231755,-41231756#3,-41231756#2,41273133,-1020078548,41231515#6,-41231513#4,-41231513#3,-41231513#2,41273135,41273137#1,41273137#2,41273139",2.3125850340136056
-561133140#1,41273139,"561133140#1,79119284#2,79119284#3,79119284#4,79119284#5,-79116549#6,-79116549#5,-79116549#4,79119291#2,41231511#0,41231511#1,41231511#2,41231511#3,-79119286#1,41231755,-41231756#3,-41231756#2,41273133,-1020078548,41231515#6,-41231513#4,-41231513#3,-41231513#2,41273135,41273137#1,41273137#2,41273139",3.314985994397759
-561133140#1,41273139,"561133140#1,79119284#2,79119284#3,79119284#4,79119284#5,-79116549#6,-79116549#5,-79116549#4,79119291#2,41231511#0,41231511#1,41231511#2,41231511#3,-79119286#1,41231755,-41231756#3,-41231756#2,-41231756#1,-41231756#0,1020092136,41231515#3,41273134,-1020078548,41231515#6,-41231513#4,-41231513#3,-41231513#2,41273135,41273137#1,41273137#2,41273139",3.5997198879551817
-561133140#1,41273139,"561133140#1,79119284#2,79119284#3,-79119286#3,-79119286#2,-79119286#1,41231755,-41231756#3,-41231756#2,-41231756#1,-41231756#0,1020092136,41231515#3,41273134,-1020078548,41231515#6,-41231513#4,-41231513#3,-41231513#2,41273135,41273137#1,41273137#2,41273139",2.5973189275710284
-561133140#1,41273139,"561133140#1,79119284#2,79119284#3,-79119286#3,-79119286#2,-79119286#1,41231755,-41231756#3,-41231756#2,-41231756#1,-41231756#0,1020092136,-41231515#2,-41231515#1,41273130,41273126,1020092139#0,1020092139#1,41231515#5,41231515#6,-41231513#4,-41231513#3,-41231513#2,41273135,41273137#1,41273137#2,41273139",2.8617647058823525
-41273130,79119284#5,"-41273130,-41231515#0,-1157449879,1020092137#1,41273126,1020092139#0,1020092139#1,41231515#5,1020078548,-41273134,-41231515#3,-41231515#2,1020092135,41231756#0,41231756#1,41231756#2,41231756#3,-41231755,79119286#1,79119286#2,79119286#3,79119284#4,79119284#5",2.976615080877563
-41273130,79119284#5,"-41273130,41231515#1,1020092135,41231756#0,41231756#1,41231756#2,41231756#3,-41231755,79119286#1,79119286#2,79119286#3,79119284#4,79119284#5",0.5589280060476315
-41273130,79119284#5,"-41273130,41231515#1,41231515#2,41231515#3,41273134,-1020078548,41231515#6,-41231513#4,-41231513#3,-41231513#2,-41231513#1,-41231513#0,79119284#3,79119284#4,79119284#5",1.6631052420968384
-41273130,79119284#5,"-41273130,41273130,1020092138,41273128#1,1020092142,1020092139#0,1020092139#1,41231515#5,41231515#6,-41231513#4,-41231513#3,-41231513#2,-41231513#1,-41231513#0,79119284#3,79119284#4,79119284#5",2.034973989595838
-41273130,79119284#5,"41273130,-1020092137#1,1157449879,41231515#0,41231515#1,1020092135,41231756#0,41231756#1,41231756#2,41231756#3,-41231755,79119286#1,79119286#2,79119286#3,79119284#4,79119284#5",1.3234738243749622
-41273130,79119284#5,"41273130,1020092138,41273128#1,1020092142,1020092139#0,1020092139#1,-41231515#4,-41231515#3,-41231515#2,1020092135,41231756#0,41231756#1,41231756#2,41231756#3,-41231755,79119286#1,79119286#2,79119286#3,79119284#4,79119284#5",2.2082877499451907
-41273130,79119284#5,"41273130,-1020092137#1,1157449879,41231515#0,41231515#1,1020092135,41231756#0,41231756#1,41273133,-41273134,41231515#4,41231515#5,41231515#6,-41231513#4,-41231513#3,-41231513#2,-41231513#1,-41231513#0,79119284#3,79119284#4,79119284#5",2.562549454627063
-41273130,79119284#5,"41273130,41273126,1020092139#0,1020092139#1,-41231515#4,41273134,-1020078548,41231515#6,-41231513#4,-41231513#3,-41231513#2,-41231513#1,-41231513#0,79119284#3,79119284#4,79119284#5",2.294937975190076
-41273130,79119284#5,"-41273130,-41231515#0,-1157449879,1020092137#1,41273126,1020092139#0,1020092139#1,41231515#5,41231515#6,-41231513#4,-41231513#3,-41231513#2,-41231513#1,-41231513#0,79119284#3,79119284#4,79119284#5",2.5221288515406157
-41273130,79119284#5,"-41273130,41273130,41273126,1020092139#0,1020092139#1,41231515#5,41231515#6,-41231513#4,-41231513#3,-41231513#2,-41231513#1,-41231513#0,79119284#3,79119284#4,79119284#5",1.8447979191676667
-561133140#1,-41231515#0,"561133140#1,79119284#2,41231513#0,41231513#1,41231513#2,41231513#3,41231513#4,-41231515#6,1020078548,-41273134,41231515#4,-1020092139#1,-1020092139#0,-1020092142,-1020092143,41273131,-1020092138,-41273130,-41231515#0",2.9052821128451383
-561133140#1,-41231515#0,"561133140#1,79119284#2,41231513#0,41231513#1,41273135,41273136,41231513#3,41231513#4,-41231515#6,-41231515#5,-41231515#4,-41231515#3,-41231515#2,-41231515#1,-41231515#0",1.7330532212885155
-561133140#1,-41231515#0,"561133140#1,79119284#2,79119284#3,-79119286#3,-79119286#2,-79119286#1,41231755,-41231756#3,-41231756#2,-41231756#1,-41231756#0,1020092136,41231515#3,41273134,-1020078548,-41231515#5,-1020092139#1,-1020092139#0,-1020092142,-1020092143,41273131,-1020092138,-1020092137#1,1157449879,41231515#0",3.217166866746699
-561133140#1,-41231515#0,"561133140#1,79119284#2,41231513#0,41231513#1,41231513#2,41231513#3,41231513#4,-41231515#6,-41231515#5,-41231515#4,-41231515#3,-41231515#2,-41231515#1,-41231515#0",1.4744097639055624
-561133140#1,-41231515#0,"561133140#1,79119284#2,79119284#3,-79119286#3,-79119286#2,-79119286#1,41231755,-41231756#3,-41231756#2,-41231756#1,-41231756#0,1020092136,-41231515#2,-41231515#1,-41231515#0",0.6071428571428571
-561133140#1,-41231515#0,"561133140#1,79119284#2,41231513#0,41231513#1,41231513#2,41231513#3,41231513#4,-41231515#6,1020078548,-41273134,-41231515#3,-41231515#2,-41231515#1,-41231515#0",1.6685274109643862
-561133140#1,-41231515#0,"561133140#1,79119284#2,79119284#3,-79119286#3,-79119286#2,-79119286#1,41231755,-41231756#3,-41231756#2,41273133,-1020078548,-41231515#5,-41231515#4,-41231515#3,-41231515#2,-41231515#1,-41231515#0",1.6666266506602643
-561133140#1,-41231515#0,"561133140#1,79119284#2,79119284#3,79119284#4,79119284#5,-79116549#6,-79116549#5,-79116549#4,-79116549#3,-79116549#2,-79116549#1,-79116549#0,79116530#2,79116557#0,79116557#1,23881170,1020078542,1157449878#1,41231515#0",3.289618424763714
-561133140#1,-41231515#0,"561133140#1,79119284#2,79119284#3,-79119286#3,-79119286#2,-79119286#1,41231755,-41231756#3,-41231756#2,41273133,-41273134,-41231515#3,-41231515#2,-41231515#1,-41231515#0",1.5150860344137658
-561133140#1,-41231515#0,"561133140#1,79119284#2,41231513#0,41231513#1,41273135,41273136,41231513#3,41231513#4,-41231515#6,1020078548,-41273134,-41231515#3,-41231515#2,-41231515#1,-41231515#0",1.9271708683473392
-22561653,79119287#1,"-22561653,22561499#2,174907152#0,174907152#1,174907152#2,-57392486,1163710302,57392474,57392457#1,22561652#1,22561652#2,22561652#3,22561652#4,22561652#5,22561652#6,125835948,563369678,1238123690,174375405,561133138,174375402,174375403,561133137,563273548,-57680132#1,-57680132#0,57680179#0,57680179#1,57680179#2,57680179#3,-979838980#6,-979838980#5,-979838980#4,-979838980#3,-979838980#2,-979838980#1,-979838980#0,-563298888,-145622122#2,213840998,979842179,226068307,979842178#0,979842178#1,979842178#2,979842178#3,41231717,979842178#5,79116530#0,79116530#1,79116549#0,-41231508#0,79119287#0,79119287#1",4.382431092015857
-22561653,79119287#1,"-22561653,-22561499#1,-22561499#0,-22561654#5,-22561654#4,-22561654#3,-22561654#2,-1116499321#1,-1116499322,57680111,57680112#1,1116499324#0,1116499324#1,1116499324#2,57680145#0,57680145#1,1264978471,561133118,57680114#1,57680114#2,57680114#3,57680135,57680125#0,57680175,227218423,227218424,154901400#0,154901400#1,154901400#2,154901400#3,154901400#4,154901400#5,23030923#2,23030922#1,41231752,561133140#1,79119284#2,79119284#3,79119284#4,79119284#5,-79116549#6,-79116549#5,-79116549#4,-79116549#3,-79116549#2,-79116549#1,-41231508#0,79119287#0,79119287#1",10.506412163272234
-22561653,79119287#1,"-22561653,22561499#2,-57680180#3,-57680180#2,-57680180#1,-57680180#0,-563282223,-1116499330#0,-1116499329,-1116499328#1,-1116499328#0,-57680087#2,-57680087#1,-57680087#0,1116499324#0,1116499324#1,1116499324#2,57680145#0,57680145#1,1264978471,561133118,57680114#1,57680114#2,57680114#3,57680135,57680125#0,57680175,227218423,227218424,154901400#0,154901400#1,154901400#2,154901400#3,154901400#4,154901400#5,23030923#2,23030922#1,41231752,561133140#1,79119284#2,79119284#3,79119284#4,79119284#5,-79116549#6,-79116549#5,-79116549#4,-79116549#3,-79116549#2,-79116549#1,-41231508#0,79119287#0,79119287#1",10.439965584640781
-22561653,79119287#1,"22561499#2,-57680180#3,-57680180#2,-57680180#1,-57680180#0,-563282223,-1116499330#0,-1116499329,-1116499328#1,-1116499328#0,-57680087#2,-57680087#1,-57680087#0,1116499324#0,1116499324#1,1116499324#2,57680145#0,57680145#1,1264978471,561133118,57680114#1,57680114#2,57680114#3,57680135,57680125#0,57680125#1,57680125#2,57680127,227218689,154901400#2,154901400#3,154901400#4,154901400#5,23030923#2,23030922#1,41231752,561133140#1,79119284#2,79119284#3,79119284#4,79119284#5,-79116549#6,-79116549#5,-79116549#4,-79116549#3,-79116549#2,-79116549#1,-41231508#0,79119287#0,79119287#1",10.63234921988617
-22561653,79119287#1,"-22561653,22561499#2,-57680180#3,-57680180#2,-57680180#1,-57680180#0,-563282223,-1116499330#0,-1116499329,-1116499328#1,-1116499328#0,-57680087#2,-57680087#1,-57680087#0,1116499324#0,1116499324#1,1116499324#2,57680145#0,57680145#1,1264978471,561133118,57680114#1,57680114#2,57680114#3,57680135,57680125#0,57680175,227218423,227218424,154901400#0,154901400#1,154901400#2,154901400#3,154901400#4,154901400#5,23030923#2,23030922#1,41231752,561133140#1,79119284#2,79119284#3,79119284#4,79119284#5,-79116549#6,-79116549#5,-79116549#4,79119291#2,79119293#0,79119288,41231358#0,-79116549#2,-79116549#1,-41231508#0,79119287#0,79119287#1",10.771038013612369
-22561653,79119287#1,"22561499#2,174907152#0,174907152#1,174907152#2,-57392486,1163710302,57392474,57392457#1,22561652#1,22561652#2,22561652#3,22561652#4,22561652#5,22561652#6,125835948,563369678,1238123690,174375405,563272699,561133137,563273548,-57680132#1,-57680132#0,57680179#0,57680179#1,57680179#2,57680179#3,-979838980#6,-979838980#5,-979838980#4,-979838980#3,-979838980#2,-979838980#1,-979838980#0,-563298888,213840999,979842179,226068307,979842178#0,979842178#1,979842178#2,979842178#3,41231717,979842178#5,79116530#0,79116530#1,79116549#0,-41231508#0,79119287#0,79119287#1",4.225439185404222
-23881168#0,79119287#1,"-23881168#0,23881168#0,23881168#1,1034110351#0,1034110351#1,561134628#1,79116530#1,79116549#0,-41231508#0,79119287#0,79119287#1",0.8299703610745954
-23881168#0,79119287#1,"23881168#0,23881168#1,1034110351#0,1034110351#1,561134628#1,79116530#1,79116549#0,-41231508#0,79119287#0,79119287#1",0.7507406994475255
-23881168#0,79119287#1,"-23881168#0,1259750653,145622122#0,145622122#1,213840998,979842179,226068307,979842178#0,979842178#1,979842178#2,979842178#3,41231717,979842178#5,79116530#0,79116530#1,79116549#0,-41231508#0,79119287#0,79119287#1",1.4676968089673896
-23881168#0,79119287#1,"-23881168#0,1259750653,145622122#0,145622122#1,145622122#2,213840999,979842179,226068307,979842178#0,979842178#1,979842178#2,979842178#3,41231717,979842178#5,79116530#0,79116530#1,79116549#0,-41231508#0,79119287#0,79119287#1",1.4695434941435177
-57680152#1,-174375407#2,"-57680152#1,-57680152#0,-1116499331#0,-1116499332#2,-1116499332#1,-1116499332#0,1116499330#0,1116499330#1,57680180#0,57680180#1,57680180#2,57680180#3,174907152#0,174907152#1,174907152#2,174907151#0,174907151#2,174907151#5,22561652#1,22561652#2,22561652#3,22561652#4,22561652#5,22561652#6,125835948,563369678,1238123690,174375405,561133138,-174375407#4,-174375407#3,-174375407#2",3.0278065005699903
-57680152#1,-174375407#2,"-57680152#1,-57680152#0,-1116499331#0,-1116499332#2,-1116499332#1,-1116499332#0,1116499330#0,1116499330#1,57680180#0,57680171#0,57680171#1,57680171#2,22561499#2,174907152#0,174907152#1,174907152#2,174907151#0,174907151#2,174907151#5,22561652#1,22561652#2,22561652#3,22561652#4,22561652#5,22561652#6,125835948,563369678,1238123690,174375405,561133138,-174375407#4,-174375407#3,-174375407#2",3.0596792496696303
-57680152#1,-174375407#2,"-57680152#1,-57680152#0,-1116499331#0,-1116499332#2,-1116499332#1,-1116499332#0,1116499330#0,1116499330#1,57680180#0,57680180#1,57680180#2,57680180#3,174907152#0,174907152#1,174907152#2,-57392486,1163710302,57392474,57392457#1,22561652#1,22561652#2,22561652#3,22561652#4,22561652#5,22561652#6,125835948,563369678,1238123690,174375405,561133138,-174375407#4,-174375407#3,-174375407#2",4.055996409627138
174375405,41231718#1,"174375405,561133138,174375402,174375403,561133137,563273548,-57680132#1,-57680132#0,57680179#0,57680179#1,57680179#2,57680179#3,-979838980#6,-979838980#5,-979838980#4,-979838980#3,-979838980#2,-979838980#1,-979838980#0,-563298888,213840999,979842179,226068307,979842178#0,979842178#1,870315479#0,870315479#1,41231514#0,41231514#1,41231514#2,41231514#3,41231514#4,41231514#5,41231719,41231718#0,41231718#1",2.3232025662303415
174375405,41231718#1,"174375405,563272699,561133137,563273548,-57680132#1,-57680132#0,57680179#0,57680179#1,57680179#2,57680179#3,-979838980#6,-979838980#5,-979838980#4,-979838980#3,-979838980#2,-979838980#1,-979838980#0,-563298888,-145622122#2,213840998,979842179,226068307,979842178#0,979842178#1,870315479#0,870315479#1,41231514#0,41231514#1,41231514#2,41231514#3,41231514#4,41231514#5,41231719,41231718#0,41231718#1",2.2587710582637617
174375405,41231718#1,"174375405,561133138,174375402,174375403,561133137,563273548,-57680132#1,-57680132#0,57680179#0,57680179#1,57680179#2,57680179#3,-979838980#6,-979838980#5,-979838980#4,-979838980#3,-979838980#2,-979838980#1,-979838980#0,-563298888,-145622122#2,213840998,979842179,226068307,979842178#0,979842178#1,870315479#0,870315479#1,41231514#0,41231514#1,41231514#2,41231514#3,41231514#4,41231514#5,41231719,41231718#0,41231718#1",2.351825702727739
174375405,41231718#1,"174375405,563272699,561133137,563273548,-57680132#1,-57680132#0,57680179#0,57680179#1,57680179#2,57680179#3,-979838980#6,-979838980#5,-979838980#4,-979838980#3,-979838980#2,-979838980#1,-979838980#0,-563298888,-145622122#2,213840998,979842179,226068307,979842178#0,979842178#1,979842178#2,870315481#0,870315481#1,870315479#1,41231514#0,41231514#1,41231514#2,41231514#3,41231514#4,41231514#5,41231719,41231718#0,41231718#1",2.29436529595884
174375405,41231718#1,"174375405,563272699,561133137,563273548,-57680132#1,-57680132#0,57680179#0,57680179#1,57680179#2,57680179#3,-979838980#6,-979838980#5,-979838980#4,-979838980#3,-979838980#2,-979838980#1,-979838980#0,-563298888,213840999,979842179,226068307,979842178#0,979842178#1,870315479#0,870315479#1,41231514#0,41231514#1,41231514#2,41231514#3,41231514#4,41231514#5,41231719,41231718#0,41231718#1",2.2301479217663647
174375405,41231718#1,"174375405,561133138,174375402,174375403,561133137,563273548,-57680132#1,-57680132#0,57680179#0,57680179#1,57680179#2,57680179#3,-979838980#6,-979838980#5,-979838980#4,-979838980#3,-979838980#2,-979838980#1,-979838980#0,-563298888,-145622122#2,213840998,979842179,226068307,979842178#0,979842178#1,979842178#2,870315481#0,870315481#1,870315479#1,41231514#0,41231514#1,41231514#2,41231514#3,41231514#4,41231514#5,41231719,41231718#0,41231718#1",2.387419940422817
174375405,41231718#1,"174375405,563272699,561133137,563273548,-57680132#1,-57680132#0,57680179#0,57680179#1,57680179#2,57680179#3,-979838980#6,-979838980#5,-979838980#4,-979838980#3,-979838980#2,-979838980#1,-979838980#0,-563298888,213840999,979842179,226068307,979842178#0,979842178#1,979842178#2,870315481#0,870315481#1,870315479#1,41231514#0,41231514#1,41231514#2,41231514#3,41231514#4,41231514#5,41231719,41231718#0,41231718#1",2.2657421594614426
-41231753#2,-79116549#5,"41231753#2,79119286#0,79119286#1,79119286#2,79119286#3,79119284#4,79119284#5,-79116549#6,-79116549#5",0.5284113645458183
-41231753#2,-79116549#5,"41231753#2,79119286#0,41231755,-41231756#3,-41231756#2,41273133,-1020078548,41231515#6,-41231513#4,-41231513#3,-41231513#2,-41231513#1,-41231513#0,79119284#3,79119284#4,79119284#5,-79116549#6,-79116549#5",1.919487795118047
-41231753#2,-79116549#5,"-41231753#2,41231753#2,79119286#0,79119286#1,-41231511#3,-41231511#2,-41231511#1,-41231511#0,79119293#0,79119293#1,79119293#2,41231360,41231359#1,-41231508#1,-41231508#0,79119287#0,79119290,79116549#2,79116549#3,79116549#4,79116549#5",3.2600240096038413
-41231753#2,-79116549#5,"41231753#2,79119286#0,79119286#1,-41231511#3,-41231511#2,-41231511#1,-41231511#0,79119293#0,79119288,41231358#0,41231358#1,41231357#1,79119291#1,79116549#4,79116549#5",2.0670868347338933
-41231753#2,-79116549#5,"-41231753#2,41231753#2,79119286#0,79119286#1,79119286#2,79119286#3,79119284#4,79119284#5,-79116549#6,-79116549#5",0.6848139255702281
-41231753#2,-79116549#5,"41231753#2,79119286#0,79119286#1,-41231511#3,-41231511#2,-41231511#1,-41231511#0,79119293#0,79119288,41231358#0,79116549#3,79116549#4,79116549#5",2.049699879951981
-41231753#2,-79116549#5,"41231753#2,79119286#0,79119286#1,-41231511#3,-41231511#2,-41231511#1,-41231511#0,79119293#0,79119293#1,79119293#2,-41231509,-41231508#2,79119292,41231358#0,41231358#1,79119291#0,79119291#1,79116549#4,79116549#5",2.59155662264906
-41231753#2,-79116549#5,"-41231753#2,41231753#2,79119286#0,79119286#1,-41231511#3,-41231511#2,-41231511#1,-41231511#0,79119293#0,79119288,41231358#0,79116549#3,79116549#4,79116549#5",2.2061024409763905
-41231753#2,-79116549#5,"41231753#2,79119286#0,79119286#1,-41231511#3,-41231511#2,-41231511#1,-41231511#0,79119293#0,79119288,41231358#0,-79116549#2,-79116549#1,-41231508#0,79119287#0,79119287#1,79119287#2,79116549#5",3.0767507002801118
-41231753#2,-79116549#5,"-41231753#2,-41231753#1,-41231753#0,1020078542,1157449878#1,41231515#0,41231515#1,1020092135,41231756#0,41231756#1,41273133,-1020078548,41231515#6,-41231513#4,-41231513#3,-41231513#2,-41231513#1,-41231513#0,79119284#3,79119284#4,79119284#5,-79116549#6,-79116549#5",2.8089505924760108
41231718#0,41273128#1,"41231718#0,41231720,41231514#7,41231514#8,1020078536,-79116557#3,1020078538,1020078537#1,1157449878#0,1157449878#1,41231515#0,41273130,41273126,-1020092142,-1020092143,41273131,41273128#1",3.2855509662468303
41231718#0,41273128#1,"41231718#0,41231720,41231514#7,41231514#8,1020078536,1020078537#0,1020078537#1,1157449878#0,1157449878#1,41231515#0,41273130,1020092138,41273128#1",1.827369723987507
41231718#0,41273128#1,"41231718#0,41231720,41231514#7,41231514#8,1020078536,-79116557#3,1020078538,1020078537#1,1157449878#0,1157449878#1,-1157449879,1020092137#1,1020092138,41273128#1",1.8980959842540328
41231718#0,41273128#1,"41231718#0,41231718#1,-1020078541,41231721,41231514#8,1020078536,-79116557#3,1020078538,1020078537#1,1157449878#0,1157449878#1,41231515#0,41273130,1020092138,41273128#1",2.0014556290478756
41231718#0,41273128#1,"41231718#0,41231718#1,41231718#2,41231721,41231514#8,1020078536,1020078537#0,1020078537#1,1157449878#0,1157449878#1,41231515#0,41273130,41273126,-1020092142,-1020092143,41273131,41273128#1",3.3233681233472514
41231718#0,41273128#1,"41231718#0,41231720,41231514#7,41231514#8,1020078536,1020078537#0,1020078537#1,1157449878#0,1157449878#1,-1157449879,1020092137#1,1020092138,41273128#1",1.864864721986707
41231718#0,41273128#1,"41231718#0,41231720,41231514#7,41231514#8,1020078536,-79116557#3,1020078538,1020078537#1,1157449878#0,1157449878#1,-1157449879,1020092137#1,-41273130,41231515#1,41231515#2,41231515#3,41231515#4,-1020092139#1,-1020092139#0,-1020092142,-1020092143,41273131,41273128#1",3.8596406021011727
41231718#0,41273128#1,"41231718#0,41231720,-41231514#6,41231711#0,41231710,79119289#2,1020078536,1020078537#0,1020078537#1,1157449878#0,1157449878#1,-1157449879,1020092137#1,1020092138,41273128#1",2.3937162626029536
41231718#0,41273128#1,"41231718#0,41231720,41231514#7,41231514#8,1020078536,1020078537#0,1020078537#1,1157449878#0,1157449878#1,41231515#0,41231515#1,41231515#2,41231515#3,41231515#4,-1020092139#1,-1020092139#0,-1020092142,-1020092143,41273131,41273128#1",3.6164053382332058
41231718#0,41273128#1,"41231718#0,41231718#1,-1020078541,41231721,41231514#8,1020078536,-79116557#3,-79116557#2,23881170,1020078542,1157449878#1,41231515#0,41273130,1020092138,41273128#1",2.2497901968562806
-561133140#1,79119292,"561133140#1,79119284#2,79119284#3,79119284#4,79119284#5,-79116549#6,-79116549#5,-79116549#4,79119291#2,79119293#0,79119288,41231358#0,-79116549#2,-79116549#1,41231508#1,79119292",2.0759103641456584
-561133140#1,79119292,"561133140#1,79119284#2,79119284#3,-79119286#3,-79119286#2,-41231511#3,-41231511#2,-41231511#1,-41231511#0,79119293#0,79119293#1,79119293#2,41231360,41231359#1,79119292",1.6004801920768308
-561133140#1,79119292,"561133140#1,79119284#2,79119284#3,-79119286#3,-79119286#2,-41231511#3,-41231511#2,-41231511#1,-41231511#0,79119293#0,79119293#1,-41231508#3,-41231508#2,79119292",1.4834133653461385
-561133140#1,79119292,"561133140#1,79119284#2,79119284#3,79119284#4,79119284#5,-79116549#6,-79116549#5,-79116549#4,79119291#2,79119293#0,79119293#1,-41231508#3,-41231508#2,79119292",1.6526010404161666
-561133140#1,79119292,"561133140#1,79119284#2,79119284#3,79119284#4,79119284#5,-79116549#6,-79116549#5,-79116549#4,-79116549#3,-79116549#2,-79116549#1,41231508#1,79119292",1.7448379351740697
-561133140#1,79119292,"561133140#1,79119284#2,79119284#3,-79119286#3,-79119286#2,-41231511#3,-41231511#2,-41231511#1,-41231511#0,79119293#0,79119288,41231358#0,-79116549#2,-79116549#1,41231508#1,79119292",1.9067226890756304
-561133140#1,79119292,"561133140#1,79119284#2,79119284#3,-79119286#3,-79119286#2,-41231511#3,-41231511#2,-41231511#1,-41231511#0,79119293#0,79119293#1,79119293#2,-41231509,-41231508#2,79119292",1.500340136054422
-561133140#1,79119292,"561133140#1,79119284#2,79119284#3,-79119286#3,-79119286#2,-41231511#3,-41231511#2,-41231511#1,-41231511#0,79119293#0,79119293#1,-41231508#3,41231509,41231360,41231359#1,79119292",1.6035214085634253
-561133140#1,79119292,"561133140#1,79119284#2,41231513#0,41231513#1,41231513#2,41231513#3,41231513#4,-41231515#6,1020078548,-41273134,41231515#4,-1020092139#1,-1020092139#0,-1020092142,-1020092143,41273131,-1020092138,-41273130,41231515#1,1020092135,41231756#0,41231756#1,41231756#2,41231756#3,-41231755,79119286#1,-41231511#3,-41231511#2,-41231511#1,-41231511#0,79119293#0,79119293#1,-41231508#3,-41231508#2,79119292",4.58731936259025
-561133140#1,79119292,"561133140#1,79119284#2,79119284#3,79119284#4,79119284#5,-79116549#6,-79116549#5,-79116549#4,79119291#2,79119293#0,79119293#1,79119293#2,41231360,41231359#1,79119292",1.7696678671468589
1020078537#1,-561133140#1,"1020078537#1,1020078539,1020078540,1020078536,-79116557#3,-79116557#2,-79116557#1,-79116557#0,79116530#3,79116530#0,79116530#1,79116549#0,79116549#1,79116549#2,79116549#3,79116549#4,79116549#5,79116549#6,79119284#1,-561133140#1",2.4897187096580895
1020078537#1,-561133140#1,"1020078537#1,1157449878#0,1157449878#1,41231515#0,41273130,41273126,1020092139#0,1020092139#1,-41231515#4,-41231515#3,-41231515#2,1020092135,41231756#0,41231756#1,41231756#2,41231756#3,-41231755,79119286#1,79119286#2,79119286#3,79119284#4,79119284#5,79119284#1,-561133140#1",3.1518385900076376
1020078537#1,-561133140#1,"1020078537#1,1020078539,1020078540,1020078536,-79116557#3,-79116557#2,-79116557#1,-79116557#0,79116530#3,79116530#0,79116530#1,79116549#0,-41231508#0,79119287#0,79119287#1,79119287#2,79116549#5,79116549#6,79119284#1,-561133140#1",2.524792739269934
1020078537#1,-561133140#1,"1020078537#1,1157449878#0,1157449878#1,41231515#0,41231515#1,1020092135,41231756#0,41231756#1,41273133,-1020078548,41231515#6,-41231513#4,-41231513#3,-41231513#2,-41231513#1,-41231513#0,79119284#3,79119284#4,79119284#5,79119284#1,-561133140#1",2.6647637600756644
1020078537#1,-561133140#1,"1020078537#1,1157449878#0,1157449878#1,41231515#0,41231515#1,1020092135,1020092136,41231515#3,41273134,-1020078548,41231515#6,-41231513#4,-41231513#3,-41231513#2,-41231513#1,-41231513#0,79119284#3,79119284#4,79119284#5,79119284#1,-561133140#1",2.7396937320644597
1020078537#1,-561133140#1,"1020078537#1,1157449878#0,1157449878#1,-1157449879,1020092137#1,41273126,1020092139#0,1020092139#1,-41231515#4,-41231515#3,-41231515#2,1020092135,41231756#0,41231756#1,41273133,-1020078548,41231515#6,-41231513#4,-41231513#3,-41231513#2,-41231513#1,-41231513#0,79119284#3,79119284#4,79119284#5,79119284#1,-561133140#1",4.247696933344975
1020078537#1,-561133140#1,"1020078537#1,1020078539,-79116557#4,-79116557#3,-79116557#2,-79116557#1,-79116557#0,79116530#3,79116530#0,79116530#1,79116549#0,79116549#1,79116549#2,79116549#3,79116549#4,79116549#5,79116549#6,79119284#1,-561133140#1",2.4558157460248315
1020078537#1,-561133140#1,"1020078537#1,1020078539,-79116557#4,-79116557#3,-79116557#2,23881170,41231753#0,41231753#1,41231753#2,79119286#0,79119286#1,79119286#2,79119286#3,79119284#4,79119284#5,79119284#1,-561133140#1",1.3902095035278326
1020078537#1,-561133140#1,"1020078537#1,1020078539,-79116557#4,-79116557#3,-79116557#2,23881170,1020078542,1157449878#1,41231515#0,41273130,1020092138,41273128#1,1020092142,1020092140,41273134,-1020078548,41231515#6,-41231513#4,-41231513#3,-41231513#2,-41231513#1,-41231513#0,79119284#3,79119284#4,79119284#5,79119284#1,-561133140#1",3.5254461755904662
1020078537#1,-561133140#1,"1020078537#1,1157449878#0,1157449878#1,-1157449879,1020092137#1,41273126,1020092139#0,1020092139#1,41231515#5,1020078548,-41273134,-41231515#3,-41231515#2,1020092135,41231756#0,41231756#1,41231756#2,41231756#3,-41231755,79119286#1,79119286#2,79119286#3,79119284#4,79119284#5,79119284#1,-561133140#1",3.3842515551937113
41231509,-561133140#1,"-41231509,41231508#3,79119293#2,41231360,41231359#1,79119292,41231358#0,41231358#1,79119291#0,79119291#1,79116549#4,79116549#5,79116549#6,79119284#1,-561133140#1",1.9780712284913964
41231509,-561133140#1,"41231509,41231360,41231359#1,79119292,41231358#0,79116549#3,79116549#4,79116549#5,79116549#6,79119284#1,-561133140#1",1.98203281312525
41231509,-561133140#1,"41231509,41231360,41231359#1,-41231508#1,79116549#1,79116549#2,79116549#3,79116549#4,79116549#5,79116549#6,79119284#1,-561133140#1",2.139875950380152
41231509,-561133140#1,"-41231509,-41231508#2,-41231508#1,-41231508#0,79119287#0,79119287#1,79119287#2,79116549#5,79116549#6,79119284#1,-561133140#1",2.0647859143657463
41231509,-561133140#1,"-41231509,-41231508#2,79119292,41231358#0,41231358#1,79119291#0,79119291#1,79116549#4,79116549#5,79116549#6,79119284#1,-561133140#1",1.8257102841136452
41231509,-561133140#1,"-41231509,-41231508#2,-41231508#1,79116549#1,79116549#2,79116549#3,79116549#4,79116549#5,79116549#6,79119284#1,-561133140#1",2.0297118847539015
41231509,-561133140#1,"-41231509,-41231508#2,79119292,41231358#0,41231358#1,41231357#1,79119291#1,79116549#4,79116549#5,79116549#6,79119284#1,-561133140#1",1.8892557022809122
41231509,-561133140#1,"-41231509,-41231508#2,79119292,41231358#0,-79116549#2,-79116549#1,-41231508#0,79119287#0,79119287#1,79119287#2,79116549#5,79116549#6,79119284#1,-561133140#1",2.8989195678271313
41231509,-561133140#1,"-41231509,41231508#3,79119293#2,41231360,41231359#1,79119292,41231358#0,79116549#3,79116549#4,79116549#5,79116549#6,79119284#1,-561133140#1",2.0242296918767506
41231509,-561133140#1,"-41231509,41231508#3,79119293#2,41231360,41231359#1,79119292,41231358#0,41231358#1,41231357#1,79119291#1,79116549#4,79116549#5,79116549#6,79119284#1,-561133140#1",2.0416166466586634
79119288,-561133140#1,"79119288,41231358#0,41231358#1,41231357#1,79119291#1,79116549#4,79116549#5,79116549#6,79119284#1,-561133140#1",1.5050420168067227
79119288,-561133140#1,"79119288,41231358#0,79116549#3,79116549#4,79116549#5,79116549#6,79119284#1,-561133140#1",1.48765506202481
79119288,-561133140#1,"79119288,41231358#0,41231358#1,79119291#0,79119291#1,79116549#4,79116549#5,79116549#6,79119284#1,-561133140#1",1.4414965986394557
79119288,-561133140#1,"79119288,41231358#0,-79116549#2,-79116549#1,-41231508#0,79119287#0,79119287#1,79119287#2,-79116549#4,79119291#2,41231511#0,41231511#1,41231511#2,41231511#3,79119286#2,79119286#3,79119284#4,79119284#5,79119284#1,-561133140#1",2.7947378951580633
79119288,-561133140#1,"79119288,41231358#0,79116549#3,79119291#2,41231511#0,41231511#1,41231511#2,41231511#3,79119286#2,79119286#3,79119284#4,79119284#5,79119284#1,-561133140#1",1.468087234893957
79119288,-561133140#1,"79119288,41231358#0,-79116549#2,-79116549#1,-41231508#0,79119287#0,79119287#1,41231357#0,79119291#0,79119291#1,79116549#4,79116549#5,79116549#6,79119284#1,-561133140#1",2.5709683873549425
79119288,-561133140#1,"79119288,41231358#0,-79116549#2,-79116549#1,-41231508#0,79119287#0,79119287#1,79119287#2,79116549#5,79116549#6,79119284#1,-561133140#1",2.514705882352941
79119288,-561133140#1,"79119288,41231358#0,41231358#1,79119291#0,79119291#1,79119291#2,41231511#0,41231511#1,41231511#2,41231511#3,79119286#2,79119286#3,79119284#4,79119284#5,79119284#1,-561133140#1",1.421928771508603
79119288,-561133140#1,"79119288,41231358#0,41231358#1,41231357#1,79119291#1,79119291#2,41231511#0,41231511#1,41231511#2,41231511#3,79119286#2,79119286#3,79119284#4,79119284#5,79119284#1,-561133140#1",1.4854741896758699
79119288,-561133140#1,"79119288,41231358#0,-79116549#2,-79116549#1,-41231508#0,79119287#0,79119287#1,41231357#0,41231357#1,79119291#1,79116549#4,79116549#5,79116549#6,79119284#1,-561133140#1",2.634513805522209
-174907151#4,-41231512#0,"174907151#2,174907151#5,22561652#1,22561652#2,22561652#3,22561652#4,22561652#5,22561652#6,125835948,563369678,1238123690,174375405,563272699,561133137,563273548,-57680132#1,-57680132#0,57680179#0,57680179#1,57680179#2,57680179#3,-979838980#6,-979838980#5,-979838980#4,-979838980#3,-979838980#2,-979838980#1,-979838980#0,-563298888,213840999,979842179,226068307,-41231512#1,-41231512#0",2.0278815292482353
-174907151#4,-41231512#0,"-174907151#4,-174907151#1,-57392486,1163710302,57392474,57392457#1,22561652#1,22561652#2,22561652#3,22561652#4,22561652#5,22561652#6,125835948,563369678,1238123690,174375405,563272699,561133137,563273548,-57680132#1,-57680132#0,57680179#0,57680179#1,57680179#2,57680179#3,-979838980#6,-979838980#5,-979838980#4,-979838980#3,-979838980#2,-979838980#1,-979838980#0,-563298888,213840999,979842179,226068307,-41231512#1,-41231512#0",3.1435464283013803
-174907151#4,-41231512#0,"174907151#2,174907151#5,22561652#1,22561652#2,22561652#3,22561652#4,22561652#5,22561652#6,125835948,563369678,1238123690,174375405,563272699,561133137,563273548,-57680132#1,-57680132#0,57680179#0,57680179#1,57680179#2,57680179#3,-979838980#6,-979838980#5,-979838980#4,-979838980#3,-979838980#2,-979838980#1,-979838980#0,-563298888,-145622122#2,213840998,979842179,226068307,-41231512#1,-41231512#0",2.0565046657456323
-174907151#4,-41231512#0,"174907151#2,174907151#5,22561652#1,22561652#2,22561652#3,22561652#4,22561652#5,22561652#6,125835948,563369678,1238123690,174375405,561133138,174375402,174375403,561133137,563273548,-57680132#1,-57680132#0,57680179#0,57680179#1,57680179#2,57680179#3,-979838980#6,-979838980#5,-979838980#4,-979838980#3,-979838980#2,-979838980#1,-979838980#0,-563298888,213840999,979842179,226068307,-41231512#1,-41231512#0",2.120936173712212
-41231514#4,-41231515#0,"41231514#4,41231514#5,41231514#6,41231514#7,41231514#8,1020078536,-79116557#3,1020078538,1020078537#1,1157449878#0,1157449878#1,41231515#0",1.3372916625253415
-41231514#4,-41231515#0,"41231514#4,41231514#5,41231719,41231718#0,41231718#1,41231718#2,41231721,41231514#8,1020078536,1020078537#0,1020078537#1,1157449878#0,1157449878#1,41231515#0",1.6093625211063547
-41231514#4,-41231515#0,"41231514#4,41231514#5,41231514#6,41231514#7,41231514#8,1020078536,1020078537#0,1020078537#1,1157449878#0,1157449878#1,41231515#0",1.3040604002580154
-41231514#4,-41231515#0,"-41231514#4,-41231514#3,-41231514#2,-41231514#1,-41231514#0,870315480,979842178#1,979842178#2,979842178#3,979842178#4,979842178#5,79116530#0,79116530#1,79116530#2,79116557#0,79116557#1,79116557#2,79116557#3,1020078537#0,1020078537#1,1157449878#0,1157449878#1,41231515#0",2.4136748435875433
-41231514#4,-41231515#0,"-41231514#4,41231514#4,41231514#5,41231711#0,41231710,79119289#2,1020078536,-79116557#3,-79116557#2,23881170,1020078542,1157449878#1,41231515#0",1.8744417565442304
-41231514#4,-41231515#0,"41231514#4,41231514#5,41231719,41231718#0,41231720,41231514#7,41231514#8,1020078536,1020078537#0,1020078537#1,1157449878#0,1157449878#1,41231515#0",1.5383141017386077
-41231514#4,-41231515#0,"-41231514#4,41231514#4,41231514#5,41231719,41231718#0,41231720,41231514#7,41231514#8,1020078536,1020078537#0,1020078537#1,1157449878#0,1157449878#1,41231515#0",1.6720475951359666
-41231514#4,-41231515#0,"41231514#4,41231514#5,41231711#0,41231710,79119289#2,1020078536,1020078537#0,1020078537#1,1157449878#0,1157449878#1,41231515#0",1.4591424330711407
-41231514#4,-41231515#0,"41231514#4,41231514#5,41231711#0,41231711#1,41231712,79119289#1,79119289#2,1020078536,1020078537#0,1020078537#1,1157449878#0,1157449878#1,41231515#0",1.5830119808902683
-41231514#4,-41231515#0,"41231514#4,41231514#5,41231719,41231718#0,41231720,41231514#7,41231514#8,1020078536,-79116557#3,1020078538,1020078537#1,1157449878#0,1157449878#1,41231515#0",1.5715453640059336
41231711#3,79119287#2,"-41231711#3,-41231711#2,-41231711#1,41231709#0,41231709#1,79119289#0,79119289#1,79119289#2,1020078536,-79116557#3,-79116557#2,-79116557#1,-79116557#0,79116530#3,79116530#0,79116530#1,79116549#0,-41231508#0,79119287#0,79119287#1,79119287#2",2.708992999647663
41231711#3,79119287#2,"-41231711#3,-41231711#2,-41231711#1,-41231711#0,41231514#6,41231514#7,41231514#8,1020078536,-79116557#3,-79116557#2,23881170,41231753#0,41231753#1,41231753#2,79119286#0,79119286#1,79119286#2,79119286#3,79119284#4,79119284#5,-79116549#6,-79116549#5,-79116549#4,-79116549#3,-79116549#2,-79116549#1,-41231508#0,79119287#0,79119287#1,79119287#2",4.079341138903365
41231711#3,79119287#2,"-41231711#3,-41231711#2,-41231711#1,41231710,79119289#2,1020078536,-79116557#3,-79116557#2,-79116557#1,-79116557#0,79116530#3,79116530#0,79116530#1,79116549#0,-41231508#0,79119287#0,79119287#1,79119287#2",1.9944471813203322
41231711#3,79119287#2,"41231711#3,79119289#0,79119289#1,79119289#2,1020078536,-79116557#3,-79116557#2,-79116557#1,-79116557#0,79116530#3,79116530#0,79116530#1,79116549#0,-41231508#0,79119287#0,79119287#1,79119287#2",1.9205776335012046
41231711#3,79119287#2,"-41231711#3,-41231711#2,-41231711#1,41231710,79119289#2,1020078536,1020078537#0,1020078537#1,1157449878#0,1157449878#1,41231515#0,41273130,1020092138,41273128#1,1020092142,1020092139#0,1020092139#1,41231515#5,41231515#6,-41231513#4,-41231513#3,-41231513#2,-41231513#1,-41231513#0,79119284#3,79119284#4,79119284#5,-79116549#6,-79116549#5,-79116549#4,-79116549#3,-79116549#2,-79116549#1,-41231508#0,79119287#0,79119287#1,79119287#2",5.833732269005513
41231711#3,79119287#2,"41231711#3,79119289#0,79119289#1,79119289#2,1020078536,-79116557#3,1020078538,1020078537#1,1157449878#0,1157449878#1,41231515#0,41231515#1,41231515#2,41231515#3,41231515#4,41231515#5,41231515#6,-41231513#4,-41231513#3,-41231513#2,-41231513#1,-41231513#0,79119284#3,-79119286#3,-79119286#2,-41231511#3,-41231511#2,-41231511#1,-41231511#0,79119293#0,79119293#1,79119293#2,-41231509,-41231508#2,-41231508#1,-41231508#0,79119287#0,79119287#1,79119287#2",5.132049565686606
41231711#3,79119287#2,"-41231711#3,-41231711#2,41231712,79119289#1,79119289#2,1020078536,-79116557#3,-79116557#2,-79116557#1,-79116557#0,79116530#3,79116530#0,79116530#1,79116549#0,-41231508#0,79119287#0,79119287#1,79119287#2",1.9627745122527052
41231711#3,79119287#2,"41231711#3,-41231711#3,-41231711#2,-41231711#1,41231710,79119289#2,1020078536,-79116557#3,-79116557#2,-79116557#1,-79116557#0,79116530#3,79116530#0,79116530#1,79116549#0,-41231508#0,79119287#0,79119287#1,79119287#2",2.109933375798123
41231711#3,79119287#2,"41231711#3,-41231711#3,-41231711#2,41231712,79119289#1,79119289#2,1020078536,-79116557#3,-79116557#2,-79116557#1,-79116557#0,79116530#3,79116530#0,79116530#1,79116549#0,-41231508#0,79119287#0,79119287#1,79119287#2",2.078260706730496
-41231753#2,-79116549#2,"41231753#2,79119286#0,79119286#1,-41231511#3,-41231511#2,-41231511#1,-41231511#0,79119293#0,79119288,41231358#0,-79116549#2",1.4314925970388155
-41231753#2,-79116549#2,"-41231753#2,41231753#2,79119286#0,41231755,-41231756#3,-41231756#2,41273133,-1020078548,41231515#6,-41231513#4,-41231513#3,-41231513#2,-41231513#1,-41231513#0,79119284#3,79119284#4,79119284#5,-79116549#6,-79116549#5,-79116549#4,-79116549#3,-79116549#2",2.9901760704281712
-41231753#2,-79116549#2,"-41231753#2,41231753#2,79119286#0,79119286#1,-41231511#3,-41231511#2,-41231511#1,-41231511#0,79119293#0,79119288,41231358#0,-79116549#2",1.5878951580632252
-41231753#2,-79116549#2,"41231753#2,79119286#0,79119286#1,79119286#2,79119286#3,79119284#4,79119284#5,-79116549#6,-79116549#5,-79116549#4,79119291#2,79119293#0,79119288,41231358#0,-79116549#2",1.773769507803121
-41231753#2,-79116549#2,"41231753#2,79119286#0,79119286#1,79119286#2,79119286#3,79119284#4,79119284#5,-79116549#6,-79116549#5,-79116549#4,-79116549#3,-79116549#2",1.4426970788315325
-41231753#2,-79116549#2,"-41231753#2,41231753#2,79119286#0,79119286#1,79119286#2,79119286#3,79119284#4,79119284#5,-79116549#6,-79116549#5,-79116549#4,-79116549#3,-79116549#2",1.5990996398559425
-41231753#2,-79116549#2,"41231753#2,79119286#0,79119286#1,-41231511#3,-41231511#2,-41231511#1,-41231511#0,79119293#0,79119293#1,79119293#2,-41231509,-41231508#2,-41231508#1,79116549#1,79116549#2",1.8169067627050821
-41231753#2,-79116549#2,"41231753#2,79119286#0,41231755,-41231756#3,-41231756#2,41273133,-1020078548,41231515#6,-41231513#4,-41231513#3,-41231513#2,-41231513#1,-41231513#0,79119284#3,-79119286#3,-79119286#2,-41231511#3,-41231511#2,-41231511#1,-41231511#0,79119293#0,79119288,41231358#0,-79116549#2",2.995658263305322
-41231753#2,-79116549#2,"-41231753#2,41231753#2,79119286#0,79119286#1,-41231511#3,-41231511#2,-41231511#1,-41231511#0,79119293#0,79119293#1,-41231508#3,-41231508#2,-41231508#1,79116549#1,79116549#2",1.9563825530212084
-41231753#2,-79116549#2,"41231753#2,79119286#0,79119286#1,-41231511#3,-41231511#2,-41231511#1,-41231511#0,79119293#0,79119293#1,-41231508#3,-41231508#2,79119292,41231358#0,-79116549#2",2.0025810324129654
870315481#0,-174375407#2,"870315481#0,870315481#1,870315479#1,870315480,-979842178#0,-226068307,213840997,1157449881,979838980#0,979838980#1,979838980#2,979838980#3,979838980#4,979838980#5,979838980#6,57680170#0,57680170#1,57680132#0,57680132#1,174375406,1238123693,1238123694,563272697,563271328,174375401,1238123690,174375405,561133138,-174375407#4,-174375407#3,-174375407#2",1.9967441134565618
870315481#0,-174375407#2,"870315481#0,870315481#1,870315479#1,870315480,-979842178#0,-226068307,213840997,1157449881,979838980#0,979838980#1,979838980#2,979838980#3,979838980#4,979838980#5,979838980#6,57680170#0,57680170#1,57680132#0,57680132#1,174375406,1238123693,1238123694,563272697,561133136,561133138,-174375407#4,-174375407#3,-174375407#2",1.972110084178904
870315481#0,-174375407#2,"870315481#0,870315481#1,870315479#1,870315480,979842178#1,979842178#2,979842178#3,979842178#4,979842178#5,79116530#0,-561134628#1,-561134628#0,-1034110351#0,-23881168#1,-23881168#0,1259750653,145622122#0,145622122#1,145622122#2,563298888,979838980#0,979838980#1,979838980#2,979838980#3,979838980#4,979838980#5,979838980#6,57680170#0,57680170#1,57680132#0,57680132#1,174375408#0,174375408#1,-174375409,57680120#0,57680120#1,1238123694,563272697,561133136,561133138,-174375407#4,-174375407#3,-174375407#2",2.6992830287240266
870315481#0,-174375407#2,"870315481#0,870315481#1,870315479#1,870315480,-979842178#0,-226068307,213840997,1157449881,979838980#0,979838980#1,979838980#2,979838980#3,979838980#4,979838980#5,979838980#6,57680170#0,57680170#1,57680132#0,57680132#1,174375408#0,174375408#1,-174375409,57680120#0,57680120#1,1238123694,563272697,561133136,561133138,-174375407#4,-174375407#3,-174375407#2",1.9682703913543302
870315481#0,-174375407#2,"870315481#0,870315481#1,870315479#1,870315480,979842178#1,979842178#2,979842178#3,979842178#4,979842178#5,79116530#0,-561134628#1,-561134628#0,-1034110351#0,-23881168#1,-23881168#0,1259750653,145622122#0,145622122#1,145622122#2,563298888,979838980#0,979838980#1,979838980#2,979838980#3,979838980#4,979838980#5,979838980#6,57680170#0,57680170#1,57680132#0,57680132#1,174375406,1238123693,1238123694,563272697,563271328,174375401,1238123690,174375405,561133138,-174375407#4,-174375407#3,-174375407#2",2.727756750826258
870315481#0,-174375407#2,"870315481#0,870315481#1,870315479#1,870315480,979842178#1,979842178#2,979842178#3,979842178#4,979842178#5,79116530#0,-561134628#1,-561134628#0,-1034110351#0,-23881168#1,-23881168#0,1259750653,145622122#0,145622122#1,145622122#2,563298888,979838980#0,979838980#1,979838980#2,979838980#3,979838980#4,979838980#5,979838980#6,57680170#0,57680170#1,57680132#0,57680132#1,174375406,1238123693,1238123694,563272697,561133136,561133138,-174375407#4,-174375407#3,-174375407#2",2.7031227215486
870315481#0,-174375407#2,"870315481#0,870315481#1,870315479#1,870315480,-979842178#0,-226068307,213840997,1157449881,979838980#0,979838980#1,979838980#2,979838980#3,979838980#4,979838980#5,979838980#6,57680170#0,57680170#1,57680132#0,57680132#1,174375408#0,174375408#1,-174375409,57680120#0,57680120#1,1238123694,563272697,563271328,174375401,1238123690,174375405,561133138,-174375407#4,-174375407#3,-174375407#2",1.992904420631988
870315481#0,-174375407#2,"870315481#0,870315481#1,870315479#1,870315480,979842178#1,979842178#2,979842178#3,41231717,979842178#5,79116530#0,-561134628#1,-561134628#0,-1034110351#0,-23881168#1,-23881168#0,1259750653,145622122#0,145622122#1,145622122#2,563298888,979838980#0,979838980#1,979838980#2,979838980#3,979838980#4,979838980#5,979838980#6,57680170#0,57680170#1,57680132#0,57680132#1,174375406,1238123693,1238123694,563272697,561133136,561133138,-174375407#4,-174375407#3,-174375407#2",2.958444850400141
870315481#0,-174375407#2,"870315481#0,870315481#1,870315479#1,870315480,979842178#1,979842178#2,979842178#3,41231717,979842178#5,79116530#0,-561134628#1,-561134628#0,-1034110351#0,-23881168#1,-23881168#0,1259750653,145622122#0,145622122#1,145622122#2,563298888,979838980#0,979838980#1,979838980#2,979838980#3,979838980#4,979838980#5,979838980#6,57680170#0,57680170#1,57680132#0,57680132#1,174375406,1238123693,1238123694,563272697,563271328,174375401,1238123690,174375405,561133138,-174375407#4,-174375407#3,-174375407#2",2.983078879677799
870315481#0,-174375407#2,"870315481#0,870315481#1,870315479#1,41231514#0,41231514#1,41231514#2,41231514#3,41231514#4,41231514#5,41231711#0,41231711#1,41231711#2,41231711#3,79119289#0,79119289#1,79119289#2,1020078536,-79116557#3,-79116557#2,-79116557#1,-79116557#0,79116530#3,79116530#0,-561134628#1,-561134628#0,-1034110351#0,-23881168#1,-23881168#0,1259750653,145622122#0,145622122#1,145622122#2,563298888,979838980#0,979838980#1,979838980#2,979838980#3,979838980#4,979838980#5,979838980#6,57680170#0,57680170#1,57680132#0,57680132#1,174375406,1238123693,1238123694,563272697,561133136,561133138,-174375407#4,-174375407#3,-174375407#2",4.614496673577216
79119287#2,79119290,"79119287#2,-79116549#4,79119291#2,79119293#0,79119288,41231358#0,-79116549#2,-79116549#1,-41231508#0,79119287#0,79119290",2.3576630652260904
79119287#2,79119290,"79119287#2,-79116549#4,-79116549#3,-79116549#2,-79116549#1,-41231508#0,79119287#0,79119290",2.0265906362545016
79119287#2,79119290,"79119287#2,-79116549#4,79119291#2,79119293#0,79119293#1,-41231508#3,-41231508#2,-41231508#1,-41231508#0,79119287#0,79119290",2.0946178471388555
79119287#2,79119290,"79119287#2,-79116549#4,79119291#2,79119293#0,79119293#1,-41231508#3,41231509,41231360,41231359#1,-41231508#1,-41231508#0,79119287#0,79119290",2.214725890356142
79119287#2,79119290,"79119287#2,-79116549#4,79119291#2,79119293#0,79119293#1,-41231508#3,41231509,41231360,41231359#1,79119292,41231358#0,-79116549#2,-79116549#1,-41231508#0,79119287#0,79119290",3.0488595438175268
79119287#2,79119290,"79119287#2,-79116549#4,79119291#2,79119293#0,79119293#1,79119293#2,41231360,41231359#1,-41231508#1,-41231508#0,79119287#0,79119290",2.2116846738695477
79119287#2,79119290,"79119287#2,79116549#5,79116549#6,79119284#1,79119284#2,79119284#3,-79119286#3,-79119286#2,-41231511#3,-41231511#2,-41231511#1,-41231511#0,79119293#0,79119293#1,79119293#2,-41231509,-41231508#2,-41231508#1,-41231508#0,79119287#0,79119290",2.8412565026010395
79119287#2,79119290,"79119287#2,-79116549#4,79119291#2,79119293#0,79119293#1,-41231508#3,-41231508#2,79119292,41231358#0,-79116549#2,-79116549#1,-41231508#0,79119287#0,79119290",2.92875150060024
79119287#2,79119290,"79119287#2,79116549#5,79116549#6,79119284#1,79119284#2,79119284#3,-79119286#3,-79119286#2,-41231511#3,-41231511#2,-41231511#1,-41231511#0,79119293#0,79119293#1,-41231508#3,-41231508#2,-41231508#1,-41231508#0,79119287#0,79119290",2.8243297318927567
79119287#2,79119290,"79119287#2,-79116549#4,79119291#2,79119293#0,79119293#1,79119293#2,-41231509,-41231508#2,-41231508#1,-41231508#0,79119287#0,79119290",2.111544617847139
-41231706#2,-561133140#1,"-41231706#2,-41231706#1,-41231706#0,979842178#5,79116530#0,79116530#1,79116549#0,41231508#1,79119292,41231358#0,79116549#3,79116549#4,79116549#5,79116549#6,79119284#1,-561133140#1",1.8966386554621848
-41231706#2,-561133140#1,"-41231706#2,-41231706#1,-41231706#0,979842178#5,79116530#0,79116530#1,79116549#0,79116549#1,79116549#2,79116549#3,79116549#4,79116549#5,79116549#6,79119284#1,-561133140#1",1.8942176870748297
-41231706#2,-561133140#1,"-41231706#2,-41231706#1,-41231706#0,979842178#5,79116530#0,79116530#1,79116549#0,-41231508#0,79119287#0,79119290,79116549#2,79116549#3,79116549#4,79116549#5,79116549#6,79119284#1,-561133140#1",2.102140856342537
-41231706#2,-561133140#1,"-41231706#2,-41231706#1,-41231706#0,979842178#5,79116530#0,79116530#1,79116549#0,79116549#1,79116549#2,41231358#1,41231357#1,79119291#1,79119291#2,41231511#0,41231511#1,41231511#2,41231511#3,79119286#2,79119286#3,79119284#4,79119284#5,79119284#1,-561133140#1",1.8920368147258895
-41231706#2,-561133140#1,"-41231706#2,-41231706#1,-41231706#0,979842178#5,79116530#0,79116530#1,79116549#0,-41231508#0,79119287#0,79119290,79116549#2,79116549#3,79119291#2,41231511#0,41231511#1,41231511#2,41231511#3,79119286#2,79119286#3,79119284#4,79119284#5,79119284#1,-561133140#1",2.0825730292116837
-41231706#2,-561133140#1,"-41231706#2,-41231706#1,-41231706#0,979842178#5,79116530#0,79116530#1,79116549#0,-41231508#0,79119287#0,79119287#1,79119287#2,79116549#5,79116549#6,79119284#1,-561133140#1",1.9292917166866745
-41231706#2,-561133140#1,"-41231706#2,-41231706#1,-41231706#0,979842178#5,79116530#0,79116530#1,79116549#0,79116549#1,79116549#2,41231358#1,79119291#0,79119291#1,79116549#4,79116549#5,79116549#6,79119284#1,-561133140#1",1.8480592236894753
-41231706#2,-561133140#1,"-41231706#2,-41231706#1,-41231706#0,979842178#5,79116530#0,79116530#1,79116549#0,79116549#1,79116549#2,79116549#3,79119291#2,41231511#0,41231511#1,41231511#2,41231511#3,79119286#2,79119286#3,79119284#4,79119284#5,79119284#1,-561133140#1",1.874649859943977
-41231706#2,-561133140#1,"-41231706#2,-41231706#1,-41231706#0,979842178#5,79116530#0,79116530#1,79116549#0,41231508#1,79119292,41231358#0,41231358#1,41231357#1,79119291#1,79116549#4,79116549#5,79116549#6,79119284#1,-561133140#1",1.9140256102440973
-41231706#2,-561133140#1,"-41231706#2,-41231706#1,-41231706#0,979842178#5,79116530#0,79116530#1,79116549#0,-41231508#0,79119287#0,79119290,79116549#2,41231358#1,41231357#1,79119291#1,79116549#4,79116549#5,79116549#6,79119284#1,-561133140#1",2.1195278111244495
-41231514#5,-1157449877,"41231514#5,41231514#6,41231514#7,41231514#8,1020078536,-79116557#3,1020078538,1020078537#1,1157449878#0,1157449878#1,41231515#0,41231515#1,1020092135,41231756#0,41231756#1,41231756#2,41231756#3,-41231755,-79119286#0,1157449877",1.8897170675325565
-41231514#5,-1157449877,"41231514#5,41231514#6,41231514#7,41231514#8,1020078536,-79116557#3,-79116557#2,23881170,41231753#0,41231753#1,41231753#2,1157449877",1.447568429819732
-41231514#5,-1157449877,"41231514#5,41231514#6,41231514#7,41231514#8,1020078536,-79116557#3,1020078538,1020078537#1,1157449878#0,1157449878#1,41231515#0,41231515#1,1020092135,41231756#0,41231756#1,41273133,-1020078548,41231515#6,-41231513#4,-41231513#3,-41231513#2,-41231513#1,-41231513#0,79119284#3,-79119286#3,-79119286#2,-79119286#1,-79119286#0,1157449877",3.2725502007858576
-41231514#5,-1157449877,"-41231514#5,41231514#5,41231514#6,41231514#7,41231514#8,1020078536,-79116557#3,-79116557#2,23881170,41231753#0,41231753#1,41231753#2,1157449877",1.497508405810128
-41231514#5,-1157449877,"41231514#5,41231711#0,41231710,79119289#2,1020078536,-79116557#3,-79116557#2,-79116557#1,-79116557#0,79116530#3,79116530#0,79116530#1,79116549#0,79116549#1,79116549#2,79116549#3,79119291#2,41231511#0,41231511#1,41231511#2,41231511#3,-79119286#1,-79119286#0,1157449877",2.911333936022213
-41231514#5,-1157449877,"41231514#5,41231719,41231718#0,41231718#1,-1020078541,41231721,41231514#8,1020078536,-79116557#3,-79116557#2,-79116557#1,-79116557#0,79116530#3,79116530#0,79116530#1,79116549#0,41231508#1,79119292,41231358#0,79116549#3,79116549#4,79116549#5,79116549#6,79119284#1,79119284#2,79119284#3,-79119286#3,-79119286#2,-79119286#1,-79119286#0,1157449877",3.3298796552458274
-41231514#5,-1157449877,"41231514#5,41231514#6,41231514#7,41231514#8,1020078536,-79116557#3,-79116557#2,-79116557#1,-79116557#0,79116530#3,79116530#0,79116530#1,79116549#0,79116549#1,79116549#2,41231358#1,79119291#0,79119291#1,79119291#2,41231511#0,41231511#1,41231511#2,41231511#3,-79119286#1,-79119286#0,1157449877",2.710093439823734
-41231514#5,-1157449877,"-41231514#5,41231514#5,41231719,41231718#0,41231718#1,-1020078541,41231721,41231514#8,1020078536,-79116557#3,-79116557#2,23881170,41231753#0,41231753#1,41231753#2,1157449877",1.8726167500837627
-41231514#5,-1157449877,"-41231514#5,41231514#5,41231719,41231718#0,41231718#1,41231718#2,41231721,41231514#8,1020078536,-79116557#3,-79116557#2,23881170,41231753#0,41231753#1,41231753#2,1157449877",1.8028105266584675
-41231514#5,-1157449877,"41231514#5,41231711#0,41231709#0,41231709#1,79119289#0,79119289#1,79119289#2,1020078536,-79116557#3,-79116557#2,23881170,41231753#0,41231753#1,41231753#2,1157449877",2.3171962809601885
-561134628#0,-561133140#1,"1034110351#1,561134628#1,79116530#1,79116549#0,-41231508#0,79119287#0,79119290,79116549#2,41231358#1,41231357#1,79119291#1,79116549#4,79116549#5,79116549#6,79119284#1,-561133140#1",2.0495398159263707
-561134628#0,-561133140#1,"1034110351#1,561134628#1,79116530#1,79116549#0,79116549#1,79116549#2,41231358#1,41231357#1,79119291#1,79119291#2,41231511#0,41231511#1,41231511#2,41231511#3,79119286#2,79119286#3,79119284#4,79119284#5,79119284#1,-561133140#1",1.8220488195278104
-561134628#0,-561133140#1,"1034110351#1,561134628#1,79116530#1,79116549#0,79116549#1,79116549#2,79116549#3,79119291#2,41231511#0,41231511#1,41231511#2,41231511#3,79119286#2,79119286#3,79119284#4,79119284#5,79119284#1,-561133140#1",1.8046618647458976
-561134628#0,-561133140#1,"1034110351#1,561134628#1,79116530#1,79116549#0,79116549#1,79116549#2,41231358#1,41231357#1,79119291#1,79116549#4,79116549#5,79116549#6,79119284#1,-561133140#1",1.8416166466586632
-561134628#0,-561133140#1,"1034110351#1,561134628#1,79116530#1,79116549#0,41231508#1,79119292,41231358#0,41231358#1,79119291#0,79119291#1,79116549#4,79116549#5,79116549#6,79119284#1,-561133140#1",1.7804921968787513
-561134628#0,-561133140#1,"1034110351#1,561134628#1,79116530#1,79116549#0,-41231508#0,79119287#0,79119287#1,41231357#0,41231357#1,79119291#1,79116549#4,79116549#5,79116549#6,79119284#1,-561133140#1",1.979111644657863
-561134628#0,-561133140#1,"1034110351#1,561134628#1,79116530#1,79116549#0,-41231508#0,79119287#0,79119287#1,79119287#2,79116549#5,79116549#6,79119284#1,-561133140#1",1.8593037214885955
-561134628#0,-561133140#1,"-561134628#0,-1034110351#0,-23881168#1,-23881168#0,1259750653,145622122#0,145622122#1,213840998,979842179,226068307,979842178#0,979842178#1,979842178#2,979842178#3,41231717,979842178#5,79116530#0,79116530#1,79116549#0,-41231508#0,79119287#0,79119290,79116549#2,79116549#3,79116549#4,79116549#5,79116549#6,79119284#1,-561133140#1",3.171845091750625
-561134628#0,-561133140#1,"1034110351#1,561134628#1,79116530#1,79116549#0,79116549#1,79116549#2,79116549#3,79116549#4,79116549#5,79116549#6,79119284#1,-561133140#1",1.8242296918767504
-561134628#0,-561133140#1,"1034110351#1,561134628#1,79116530#1,79116549#0,41231508#1,79119292,41231358#0,79116549#3,79116549#4,79116549#5,79116549#6,79119284#1,-561133140#1",1.8266506602641055
-561133140#1,-561134628#0,"561133140#1,79119284#2,41231513#0,41231513#1,41231513#2,41231513#3,41231513#4,-41231515#6,-41231515#5,-41231515#4,-41231515#3,-41231515#2,-41231515#1,-41231515#0,-1157449878#1,-1157449878#0,1020078539,-79116557#4,-79116557#3,-79116557#2,-79116557#1,-79116557#0,79116530#3,79116530#0,-561134628#1,-561134628#0",3.4278111244497804
-561133140#1,-561134628#0,"561133140#1,79119284#2,41231513#0,41231513#1,41273135,41273136,41231513#3,41231513#4,-41231515#6,1020078548,-41273134,41231515#4,-1020092139#1,-1020092139#0,-1020092142,-1020092143,41273131,-1020092138,-41273130,-41231515#0,-1157449878#1,-1157449878#0,1020078539,-79116557#4,-79116557#3,-79116557#2,-79116557#1,-79116557#0,79116530#3,79116530#0,-561134628#1,-561134628#0",5.117326930772309
-561133140#1,-561134628#0,"561133140#1,79119284#2,79119284#3,-79119286#3,-79119286#2,-41231511#3,-41231511#2,-41231511#1,-41231511#0,79119293#0,79119288,41231358#0,-79116549#2,-79116549#1,-79116549#0,79116530#2,79116530#3,79116530#0,-561134628#1,-561134628#0",2.036734693877551
-561133140#1,-561134628#0,"561133140#1,79119284#2,79119284#3,79119284#4,79119284#5,-79116549#6,-79116549#5,-79116549#4,-79116549#3,-79116549#2,-79116549#1,-79116549#0,79116530#2,79116530#3,79116530#0,-561134628#1,-561134628#0",1.8748499399759904
-561133140#1,-561134628#0,"561133140#1,79119284#2,79119284#3,-79119286#3,-79119286#2,-41231511#3,-41231511#2,-41231511#1,-41231511#0,79119293#0,79119293#1,79119293#2,-41231509,-41231508#2,79119292,41231358#0,-79116549#2,-79116549#1,-79116549#0,79116530#2,79116530#3,79116530#0,-561134628#1,-561134628#0",2.624749899959984
-561133140#1,-561134628#0,"561133140#1,79119284#2,79119284#3,-79119286#3,-79119286#2,-41231511#3,-41231511#2,-41231511#1,-41231511#0,79119293#0,79119293#1,79119293#2,-41231509,-41231508#2,-41231508#1,-79116549#0,79116530#2,79116530#3,79116530#0,-561134628#1,-561134628#0",1.7906162464985995
-561133140#1,-561134628#0,"561133140#1,79119284#2,41231513#0,41231513#1,41231513#2,41231513#3,41231513#4,-41231515#6,-41231515#5,-1020092139#1,-1020092139#0,-1020092142,-1020092143,41273131,-1020092138,-1020092137#1,1157449879,-1157449878#1,-1157449878#0,1020078539,-79116557#4,-79116557#3,-79116557#2,-79116557#1,-79116557#0,79116530#3,79116530#0,-561134628#1,-561134628#0",4.371568627450981
-561133140#1,-561134628#0,"561133140#1,79119284#2,79119284#3,79119284#4,79119284#5,-79116549#6,-79116549#5,-79116549#4,79119291#2,79119293#0,79119293#1,79119293#2,-41231509,-41231508#2,-41231508#1,-79116549#0,79116530#2,79116530#3,79116530#0,-561134628#1,-561134628#0",1.9598039215686276
-561133140#1,-561134628#0,"561133140#1,79119284#2,79119284#3,79119284#4,79119284#5,-79116549#6,-79116549#5,-79116549#4,79119291#2,79119293#0,79119293#1,79119293#2,41231360,41231359#1,-41231508#1,-79116549#0,79116530#2,79116530#3,79116530#0,-561134628#1,-561134628#0",2.059943977591036
-561133140#1,-561134628#0,"561133140#1,79119284#2,79119284#3,79119284#4,79119284#5,-79116549#6,-79116549#5,-79116549#4,79119291#2,79119293#0,79119288,41231358#0,-79116549#2,-79116549#1,-79116549#0,79116530#2,79116530#3,79116530#0,-561134628#1,-561134628#0",2.205922368947579
41231709#0,-561133140#1,"41231709#0,41231709#1,79119289#0,79119289#1,79119289#2,1020078536,-79116557#3,1020078538,1020078537#1,1157449878#0,1157449878#1,41231515#0,41231515#1,1020092135,1020092136,41231515#3,-1020092140,1020092139#0,1020092139#1,41231515#5,41231515#6,-41231513#4,-41231513#3,-41231513#2,-41231513#1,-41231513#0,79119284#3,79119284#4,79119284#5,79119284#1,-561133140#1",3.9480604048674905
41231709#0,-561133140#1,"41231709#0,41231709#1,79119289#0,79119289#1,79119289#2,1020078536,-79116557#3,-79116557#2,-79116557#1,-79116557#0,79116530#3,79116530#0,79116530#1,79116549#0,79116549#1,79116549#2,79116549#3,79116549#4,79116549#5,79116549#6,79119284#1,-561133140#1",3.4635948403839576
41231709#0,-561133140#1,"41231709#0,41231709#1,-41231711#3,-41231711#2,-41231711#1,41231710,79119289#2,-41231514#8,-41231514#7,-41231514#6,-41231514#5,-41231514#4,1162803895,-41231514#2,-41231514#1,-41231514#0,870315480,979842178#1,979842178#2,979842178#3,41231717,979842178#5,79116530#0,79116530#1,79116549#0,41231508#1,79119292,41231358#0,79116549#3,79116549#4,79116549#5,79116549#6,79119284#1,-561133140#1",4.423259440565283
41231709#0,-561133140#1,"41231709#0,41231709#1,-41231711#3,-41231711#2,41231712,79119289#1,79119289#2,1020078536,-79116557#3,-79116557#2,-79116557#1,-79116557#0,79116530#3,79116530#0,79116530#1,79116549#0,79116549#1,79116549#2,41231358#1,41231357#1,79119291#1,79116549#4,79116549#5,79116549#6,79119284#1,-561133140#1",3.6386648683951623
41231709#0,-561133140#1,"41231709#0,41231709#1,79119289#0,79119289#1,79119289#2,1020078536,1020078537#0,1020078537#1,1157449878#0,1157449878#1,41231515#0,41231515#1,41231515#2,41231515#3,41231515#4,41231515#5,41231515#6,-41231513#4,-41231513#3,-41231513#2,-41231513#1,-41231513#0,79119284#3,79119284#4,79119284#5,79119284#1,-561133140#1",3.5948767267886277
41231709#0,-561133140#1,"41231709#0,41231709#1,-41231711#3,-41231711#2,41231712,79119289#1,79119289#2,1020078536,-79116557#3,-79116557#2,-79116557#1,-79116557#0,79116530#3,79116530#0,79116530#1,79116549#0,79116549#1,79116549#2,79116549#3,79116549#4,79116549#5,79116549#6,79119284#1,-561133140#1",3.621277913613249
41231709#0,-561133140#1,"41231709#0,41231709#1,79119289#0,79119289#1,79119289#2,1020078536,-79116557#3,-79116557#2,23881170,1020078542,1157449878#1,41231515#0,41231515#1,41231515#2,41231515#3,-1020092140,1020092139#0,1020092139#1,41231515#5,41231515#6,-41231513#4,-41231513#3,-41231513#2,-41231513#1,-41231513#0,79119284#3,79119284#4,79119284#5,79119284#1,-561133140#1",4.167278891398174
41231709#0,-561133140#1,"41231709#0,41231709#1,79119289#0,79119289#1,79119289#2,1020078536,-79116557#3,-79116557#2,-79116557#1,-79116557#0,79116530#3,79116530#0,79116530#1,79116549#0,79116549#1,79116549#2,41231358#1,79119291#0,79119291#1,79116549#4,79116549#5,79116549#6,79119284#1,-561133140#1",3.4174363769986043
41231709#0,-561133140#1,"41231709#0,41231709#1,-41231711#3,-41231711#2,41231712,79119289#1,79119289#2,1020078536,-79116557#3,-79116557#2,23881170,1020078542,1157449878#1,41231515#0,41231515#1,41231515#2,41231515#3,41273134,-1020078548,41231515#6,-41231513#4,-41231513#3,-41231513#2,-41231513#1,-41231513#0,79119284#3,79119284#4,79119284#5,79119284#1,-561133140#1",4.23906760688437
41231709#0,-561133140#1,"41231709#0,41231709#1,79119289#0,79119289#1,79119289#2,1020078536,-79116557#3,-79116557#2,-79116557#1,-79116557#0,79116530#3,79116530#0,79116530#1,79116549#0,79116549#1,79116549#2,41231358#1,41231357#1,79119291#1,79116549#4,79116549#5,79116549#6,79119284#1,-561133140#1",3.480981795165871
-41231706#1,-41231515#0,"-41231706#1,-41231706#0,979842178#5,79116530#0,79116530#1,79116530#2,79116557#0,79116557#1,79116557#2,1020078538,1020078537#1,1157449878#0,1157449878#1,41231515#0",1.6649733327456253
-41231706#1,-41231515#0,"-41231706#1,-41231706#0,979842178#5,79116530#0,79116530#1,79116530#2,79116557#0,79116557#1,23881170,1020078542,1157449878#1,41231515#0",1.6441602414904046
-41231706#1,-41231515#0,"-41231706#1,-41231706#0,979842178#5,79116530#0,79116530#1,79116549#0,-41231508#0,79119287#0,79119290,79116549#2,79116549#3,79119291#2,41231511#0,41231511#1,41231511#2,41231511#3,-79119286#1,41231755,-41231756#3,-41231756#2,-41231756#1,-41231756#0,1020092136,-41231515#2,-41231515#1,-41231515#0",2.3740096038415364
-41231706#1,-41231515#0,"-41231706#1,-41231706#0,979842178#5,79116530#0,79116530#1,79116549#0,79116549#1,79116549#2,79116549#3,79116549#4,79116549#5,79116549#6,79119284#1,79119284#2,79119284#3,-79119286#3,-79119286#2,-79119286#1,-79119286#0,-41231753#2,-41231753#1,-41231753#0,1020078542,1157449878#1,41231515#0",2.8766532386892845
-41231706#1,-41231515#0,"-41231706#1,-41231706#0,979842178#5,79116530#0,79116530#1,79116530#2,79116557#0,79116557#1,23881170,41231753#0,41231753#1,41231753#2,79119286#0,41231755,-41231756#3,-41231756#2,41273133,-41273134,-41231515#3,-41231515#2,-41231515#1,-41231515#0",2.945058023209284
-41231706#1,-41231515#0,"-41231706#1,-41231706#0,979842178#5,79116530#0,79116530#1,79116530#2,79116557#0,79116557#1,79116557#2,79116557#3,1020078537#0,1020078537#1,1157449878#0,1157449878#1,41231515#0",1.673078605092145
-41231706#1,-41231515#0,"-41231706#1,-41231706#0,979842178#5,79116530#0,79116530#1,79116549#0,79116549#1,79116549#2,41231358#1,79119291#0,79119291#1,79119291#2,41231511#0,41231511#1,41231511#2,41231511#3,-79119286#1,41231755,-41231756#3,-41231756#2,-41231756#1,-41231756#0,1020092136,41231515#3,-1020092140,-1020092142,-1020092143,41273131,-1020092138,-41273130,-41231515#0",3.703821528611444
-41231706#1,-41231515#0,"-41231706#1,-41231706#0,979842178#5,79116530#0,79116530#1,79116549#0,79116549#1,79116549#2,79116549#3,79119291#2,41231511#0,41231511#1,41231511#2,41231511#3,79119286#2,79119286#3,79119284#4,79119284#5,79119284#1,79119284#2,41231513#0,41231513#1,41231513#2,41231513#3,41231513#4,-41231515#6,1020078548,-41273134,-1020092140,-1020092142,-1020092143,41273131,-1020092138,-41273130,-41231515#0",4.180872348939576
-41231706#1,-41231515#0,"-41231706#1,-41231706#0,979842178#5,79116530#0,79116530#1,79116549#0,79116549#1,79116549#2,79116549#3,79119291#2,41231511#0,41231511#1,41231511#2,41231511#3,-79119286#1,-79119286#0,-41231753#2,-41231753#1,-41231753#0,1020078542,1157449878#1,41231515#0",2.6805547993135335
-41231706#1,-41231515#0,"-41231706#1,-41231706#0,979842178#5,79116530#0,79116530#1,79116549#0,79116549#1,79116549#2,79116549#3,79119291#2,41231511#0,41231511#1,41231511#2,41231511#3,-79119286#1,41231755,-41231756#3,-41231756#2,-41231756#1,-41231756#0,1020092136,-41231515#2,-41231515#1,-41231515#0",2.166086434573829
-57680115#1,-561133140#1,"-57680115#1,-57680115#0,-39353757#1,-39353757#0,57680128,174375407#0,174375407#1,174375407#2,174375407#3,174375407#4,174375402,174375403,561133137,563273548,-57680132#1,-57680132#0,57680179#0,57680179#1,57680179#2,57680179#3,-979838980#6,-979838980#5,-979838980#4,-979838980#3,-979838980#2,-979838980#1,-979838980#0,-563298888,-145622122#2,213840998,979842179,226068307,979842178#0,979842178#1,979842178#2,979842178#3,41231717,979842178#5,79116530#0,79116530#1,79116549#0,79116549#1,79116549#2,79116549#3,79116549#4,79116549#5,79116549#6,79119284#1,-561133140#1",5.307887263421132
57680130#2,-979838980#5,"-57680130#2,-57680130#1,-57680130#0,-57680097#1,-57680097#0,-1238123695#0,-174375409,57680120#0,57680120#1,1238123694,563272697,561133136,561133138,174375402,174375403,561133137,563273548,-57680132#1,-57680132#0,57680179#0,57680179#1,57680179#2,57680179#3,-979838980#6,-979838980#5",1.5704933907136387
57680130#2,-979838980#5,"-57680130#2,-57680130#1,-57680130#0,-57680097#1,-57680097#0,-1238123695#0,-174375409,57680120#0,57680120#1,1238123694,563272697,561133136,563272699,561133137,563273548,-57680132#1,-57680132#0,57680179#0,57680179#1,57680179#2,57680179#3,-979838980#6,-979838980#5",1.4774387462496616
57680130#2,-979838980#5,"57680130#2,-57680130#2,-57680130#1,-57680130#0,-57680097#1,-57680097#0,-1238123695#0,-174375409,57680120#0,57680120#1,1238123694,563272697,561133136,563272699,561133137,563273548,-57680132#1,-57680132#0,57680179#0,57680179#1,57680179#2,57680179#3,-979838980#6,-979838980#5",1.6139495376165682
57680130#2,-979838980#5,"-57680130#2,-57680130#1,-57680130#0,-57680097#1,-57680097#0,-1238123695#0,-174375409,57680120#0,57680120#1,1238123694,563272697,563271328,174375401,1238123690,174375405,563272699,561133137,563273548,-57680132#1,-57680132#0,57680179#0,57680179#1,57680179#2,57680179#3,-979838980#6,-979838980#5",1.5020727755273195
57680130#2,-979838980#5,"57680130#2,-57680130#2,-57680130#1,-57680130#0,-57680097#1,-57680097#0,-1238123695#0,-174375409,57680120#0,57680120#1,1238123694,563272697,563271328,174375401,1238123690,174375405,561133138,174375402,174375403,561133137,563273548,-57680132#1,-57680132#0,57680179#0,57680179#1,57680179#2,57680179#3,-979838980#6,-979838980#5",1.7316382113582032
57680130#2,-979838980#5,"57680130#2,-57680130#2,-57680130#1,-57680130#0,-57680097#1,-57680097#0,-1238123695#0,-174375409,57680120#0,57680120#1,1238123694,563272697,561133136,561133138,174375402,174375403,561133137,563273548,-57680132#1,-57680132#0,57680179#0,57680179#1,57680179#2,57680179#3,-979838980#6,-979838980#5",1.7070041820805455
57680130#2,-979838980#5,"-57680130#2,-57680130#1,-57680130#0,-57680097#1,-57680097#0,-1238123695#0,-174375409,57680120#0,57680120#1,1238123694,563272697,563271328,174375401,1238123690,174375405,561133138,174375402,174375403,561133137,563273548,-57680132#1,-57680132#0,57680179#0,57680179#1,57680179#2,57680179#3,-979838980#6,-979838980#5",1.5951274199912966
57680130#2,-979838980#5,"57680130#2,-57680130#2,-57680130#1,-57680130#0,-57680097#1,-57680097#0,-1238123695#0,-174375409,57680120#0,57680120#1,1238123694,563272697,563271328,174375401,1238123690,174375405,563272699,561133137,563273548,-57680132#1,-57680132#0,57680179#0,57680179#1,57680179#2,57680179#3,-979838980#6,-979838980#5",1.638583566894226
79119291#2,57680147,"79119291#2,79119293#0,79119293#1,-41231508#3,-41231508#2,-41231508#1,-79116549#0,79116530#2,79116530#3,79116530#0,-561134628#1,-561134628#0,-1034110351#0,-23881168#1,-23881168#0,1259750653,145622122#0,145622122#1,145622122#2,563298888,979838980#0,979838980#1,979838980#2,979838980#3,979838980#4,979838980#5,979838980#6,57680170#0,57680170#1,57680132#0,57680132#1,174375406,1238123693,1238123694,563272697,561133136,561133138,-174375407#4,-174375407#3,-174375407#2,-174375407#1,-174375407#0,-563297843,57680093,39353757#0,39353757#1,39353757#2,39353757#3,39353757#4,57680150#0,57680150#1,39353757#16,39389916#0,57680147",5.952522481452562
79119291#2,57680147,"79119291#2,79119293#0,79119288,41231358#0,-79116549#2,-79116549#1,-79116549#0,79116530#2,79116530#3,-979842178#5,-979842178#4,-979842178#3,-979842178#2,-979842178#1,-979842178#0,-226068307,213840997,1157449881,979838980#0,979838980#1,979838980#2,979838980#3,979838980#4,979838980#5,979838980#6,57680170#0,57680170#1,57680132#0,57680132#1,174375406,1238123693,1238123694,563272697,563271328,174375401,1238123690,174375405,561133138,-174375407#4,-174375407#3,-174375407#2,-174375407#1,-174375407#0,-563297843,57680093,39353757#0,39353757#1,39353757#2,1123308755,-39389916#1,57680147",5.251586050231272
-41231513#4,-174375407#2,"-41231513#4,41231513#4,-41231515#6,1020078548,-41273134,-41231515#3,-41231515#2,-41231515#1,41273130,-1020092137#1,1157449879,-1157449878#1,-1157449878#0,1020078539,1020078540,1020078536,-79116557#3,-79116557#2,-79116557#1,-79116557#0,79116530#3,79116530#0,-561134628#1,-561134628#0,-1034110351#0,-23881168#1,-23881168#0,1259750653,145622122#0,145622122#1,145622122#2,563298888,979838980#0,979838980#1,979838980#2,979838980#3,979838980#4,979838980#5,979838980#6,57680170#0,57680170#1,57680132#0,57680132#1,174375408#0,174375408#1,-174375409,57680120#0,57680120#1,1238123694,563272697,561133136,561133138,-174375407#4,-174375407#3,-174375407#2",6.069600558183616
-41231513#4,-174375407#2,"-41231513#4,-41231513#3,-41231513#2,-41231513#1,-41231513#0,79119284#3,79119284#4,79119284#5,-79116549#6,-79116549#5,-79116549#4,-79116549#3,-79116549#2,-79116549#1,-79116549#0,79116530#2,79116530#3,79116530#0,-561134628#1,-561134628#0,-1034110351#0,-23881168#1,-23881168#0,1259750653,145622122#0,145622122#1,145622122#2,563298888,979838980#0,979838980#1,979838980#2,979838980#3,979838980#4,979838980#5,979838980#6,57680170#0,57680170#1,57680132#0,57680132#1,174375406,1238123693,1238123694,563272697,561133136,561133138,-174375407#4,-174375407#3,-174375407#2",4.747900632713065
-41231513#4,-174375407#2,"41231513#4,-41231515#6,-41231515#5,-41231515#4,-41231515#3,-41231515#2,-41231515#1,-41231515#0,-1157449878#1,-1157449878#0,1020078539,-79116557#4,-79116557#3,-79116557#2,-79116557#1,-79116557#0,79116530#3,79116530#0,-561134628#1,-561134628#0,-1034110351#0,-23881168#1,-23881168#0,1259750653,145622122#0,145622122#1,145622122#2,563298888,979838980#0,979838980#1,979838980#2,979838980#3,979838980#4,979838980#5,979838980#6,57680170#0,57680170#1,57680132#0,57680132#1,174375406,1238123693,1238123694,563272697,561133136,561133138,-174375407#4,-174375407#3,-174375407#2",5.314987467446961
57680146,-561133140#1,"-57680146,-57680097#0,-1238123695#0,-174375409,57680120#0,57680120#1,1238123694,563272697,561133136,563272699,561133137,563273548,-57680132#1,-57680132#0,57680179#0,57680179#1,57680179#2,57680179#3,-979838980#6,-979838980#5,-979838980#4,-979838980#3,-979838980#2,-979838980#1,-979838980#0,-563298888,213840999,979842179,226068307,979842178#0,979842178#1,979842178#2,979842178#3,41231717,979842178#5,79116530#0,79116530#1,79116549#0,41231508#1,79119292,41231358#0,79116549#3,79116549#4,79116549#5,79116549#6,79119284#1,-561133140#1",4.014256234073165
57680146,-561133140#1,"-57680146,-57680097#0,-1238123695#0,-174375409,57680120#0,57680120#1,1238123694,563272697,561133136,561133138,174375402,174375403,561133137,563273548,-57680132#1,-57680132#0,57680179#0,57680179#1,57680179#2,57680179#3,-979838980#6,-979838980#5,-979838980#4,-979838980#3,-979838980#2,-979838980#1,-979838980#0,-563298888,-145622122#2,213840998,979842179,226068307,979842178#0,979842178#1,979842178#2,979842178#3,41231717,979842178#5,79116530#0,79116530#1,79116549#0,79116549#1,79116549#2,41231358#1,41231357#1,79119291#1,79116549#4,79116549#5,79116549#6,79119284#1,-561133140#1",4.150900001429098
57680146,-561133140#1,"57680146,-57680146,-57680097#0,-1238123695#0,-174375409,57680120#0,57680120#1,1238123694,563272697,561133136,561133138,174375402,174375403,561133137,563273548,-57680132#1,-57680132#0,57680179#0,57680179#1,57680179#2,57680179#3,-979838980#6,-979838980#5,-979838980#4,-979838980#3,-979838980#2,-979838980#1,-979838980#0,-563298888,213840999,979842179,226068307,979842178#0,979842178#1,979842178#2,979842178#3,41231717,979842178#5,79116530#0,79116530#1,79116549#0,41231508#1,79119292,41231358#0,79116549#3,79116549#4,79116549#5,79116549#6,79119284#1,-561133140#1",4.392143012829709
57680146,-561133140#1,"57680146,-57680146,-57680097#0,-1238123695#0,-174375409,57680120#0,57680120#1,1238123694,563272697,561133136,563272699,561133137,563273548,-57680132#1,-57680132#0,57680179#0,57680179#1,57680179#2,57680179#3,-979838980#6,-979838980#5,-979838980#4,-979838980#3,-979838980#2,-979838980#1,-979838980#0,-563298888,213840999,979842179,226068307,979842178#0,979842178#1,979842178#2,979842178#3,41231717,979842178#5,79116530#0,79116530#1,79116549#0,41231508#1,79119292,41231358#0,79116549#3,79116549#4,79116549#5,79116549#6,79119284#1,-561133140#1",4.299088368365731
-41231514#4,-41231514#1,"-41231514#4,-41231514#3,-41231514#2,-41231514#1",0.40364145658263306
-41231514#4,-41231514#1,"-41231514#4,1162803895,-41231514#2,-41231514#1",0.41547632731998485
-41231514#4,-41231514#1,"41231514#4,41231514#5,41231514#6,41231514#7,41231514#8,1020078536,-79116557#3,-79116557#2,-79116557#1,-79116557#0,79116530#3,-979842178#5,-979842178#4,-979842178#3,870315481#0,870315481#1,870315479#1,41231514#0,41231514#1",1.508892959631657
-41231514#4,-41231514#1,"41231514#4,41231514#5,41231719,41231718#0,41231720,41231514#7,41231514#8,1020078536,-79116557#3,-79116557#2,-79116557#1,-79116557#0,79116530#3,-979842178#5,-979842178#4,-979842178#3,870315481#0,870315481#1,870315479#1,41231514#0,41231514#1",1.743146661112249
-41231514#4,-41231514#1,"-41231514#4,41231514#4,41231514#5,41231514#6,41231514#7,41231514#8,1020078536,-79116557#3,-79116557#2,-79116557#1,-79116557#0,79116530#3,-979842178#5,-979842178#4,-979842178#3,870315481#0,870315481#1,870315479#1,41231514#0,41231514#1",1.6426264530290158
-41231514#4,-41231514#1,"41231514#4,41231514#5,41231711#0,41231710,79119289#2,1020078536,-79116557#3,-79116557#2,-79116557#1,-79116557#0,79116530#3,-979842178#5,-979842178#4,-979842178#3,-979842178#2,870315479#0,870315479#1,41231514#0,41231514#1",1.6886248523887597
-41231514#4,-41231514#1,"41231514#4,41231514#5,41231514#6,41231514#7,41231514#8,1020078536,-79116557#3,-79116557#2,-79116557#1,-79116557#0,79116530#3,79116530#0,-561134628#1,-561134628#0,-1034110351#0,-23881168#1,-23881168#0,1259750653,145622122#0,145622122#1,145622122#2,213840999,979842179,226068307,979842178#0,979842178#1,870315479#0,870315479#1,41231514#0,41231514#1",2.0910681299157527
-41231514#4,-41231514#1,"41231514#4,41231514#5,41231719,41231718#0,41231720,41231514#7,41231514#8,1020078536,-79116557#3,-79116557#2,-79116557#1,-79116557#0,79116530#3,-979842178#5,-979842178#4,-979842178#3,-979842178#2,870315479#0,870315479#1,41231514#0,41231514#1",1.7677965210562265
57680181#1,-1157449878#0,"57680181#1,-39353757#0,57680128,174375407#0,174375407#1,174375407#2,174375407#3,174375407#4,174375402,174375403,561133137,563273548,-57680132#1,-57680132#0,57680179#0,57680179#1,57680179#2,57680179#3,-979838980#6,-979838980#5,-979838980#4,-979838980#3,-979838980#2,-979838980#1,-979838980#0,-563298888,213840999,979842179,226068307,979842178#0,979842178#1,979842178#2,979842178#3,41231717,979842178#5,79116530#0,79116530#1,79116530#2,79116557#0,79116557#1,23881170,1020078542,-1157449878#0",5.0057573015874075
57680181#1,-1157449878#0,"57680181#1,-39353757#0,57680128,174375407#0,174375407#1,174375407#2,174375407#3,174375407#4,174375402,174375403,561133137,563273548,-57680132#1,-57680132#0,57680179#0,57680179#1,57680179#2,57680179#3,-979838980#6,-979838980#5,-979838980#4,-979838980#3,-979838980#2,-979838980#1,-979838980#0,-563298888,213840999,979842179,226068307,979842178#0,979842178#1,979842178#2,979842178#3,979842178#4,979842178#5,79116530#0,79116530#1,79116530#2,79116557#0,79116557#1,79116557#2,1020078538,1020078537#1,1157449878#0",4.246758468072721
57680181#1,-1157449878#0,"57680181#1,-39353757#0,57680128,174375407#0,174375407#1,174375407#2,174375407#3,174375407#4,174375402,174375403,561133137,563273548,-57680132#1,-57680132#0,57680179#0,57680179#1,57680179#2,57680179#3,-979838980#6,-979838980#5,-979838980#4,-979838980#3,-979838980#2,-979838980#1,-979838980#0,-563298888,-145622122#2,213840998,979842179,226068307,979842178#0,979842178#1,870315479#0,870315479#1,41231514#0,41231514#1,41231514#2,41231514#3,41231514#4,41231514#5,41231514#6,41231514#7,41231514#8,1020078536,1020078537#0,1020078537#1,1157449878#0",4.285236979405437
57680181#1,-1157449878#0,"57680181#1,-39353757#0,57680128,174375407#0,174375407#1,174375407#2,174375407#3,174375407#4,174375402,174375403,561133137,563273548,-57680132#1,-57680132#0,57680179#0,57680179#1,57680179#2,57680179#3,-979838980#6,-979838980#5,-979838980#4,-979838980#3,-979838980#2,-979838980#1,-979838980#0,-563298888,-145622122#2,213840998,979842179,226068307,979842178#0,979842178#1,979842178#2,979842178#3,979842178#4,979842178#5,79116530#0,79116530#1,79116530#2,79116557#0,79116557#1,23881170,1020078542,-1157449878#0",4.779058309233264
57680181#1,-1157449878#0,"57680181#1,-39353757#0,57680128,174375407#0,174375407#1,174375407#2,174375407#3,174375407#4,174375402,174375403,561133137,563273548,-57680132#1,-57680132#0,57680179#0,57680179#1,57680179#2,57680179#3,-979838980#6,-979838980#5,-979838980#4,-979838980#3,-979838980#2,-979838980#1,-979838980#0,-563298888,213840999,979842179,226068307,979842178#0,979842178#1,979842178#2,979842178#3,979842178#4,979842178#5,79116530#0,79116530#1,79116530#2,79116557#0,79116557#1,23881170,1020078542,-1157449878#0",4.750435172735867
57680181#1,-1157449878#0,"57680181#1,-39353757#0,57680128,174375407#0,174375407#1,174375407#2,174375407#3,174375407#4,174375402,174375403,561133137,563273548,-57680132#1,-57680132#0,57680179#0,57680179#1,57680179#2,57680179#3,-979838980#6,-979838980#5,-979838980#4,-979838980#3,-979838980#2,-979838980#1,-979838980#0,-563298888,213840999,979842179,226068307,979842178#0,979842178#1,979842178#2,979842178#3,41231717,979842178#5,79116530#0,79116530#1,79116530#2,79116557#0,79116557#1,79116557#2,1020078538,1020078537#1,1157449878#0",4.502080596924261
-1116499322,-561133140#1,"-1116499322,57680111,57680112#1,1116499324#0,1116499324#1,1116499324#2,57680145#0,57680145#1,1264978471,561133118,57680114#1,57680114#2,57680114#3,57680135,57680125#0,57680175,227218423,227218424,154901400#0,154901400#1,154901400#2,154901400#3,154901400#4,154901400#5,23030923#2,23030922#1,41231752,561133140#1",7.795547817533939
-1116499322,-561133140#1,"-1116499322,-1264978470#1,-1264978470#0,-1116499323#1,-1116499323#0,-561133121,-55682342#1,-55682342#0,55682703,849128758#0,849128758#1,55682704#1,55682704#2,55682704#3,125835961,57680125#0,57680175,227218423,227218424,154901400#0,154901400#1,154901400#2,154901400#3,154901400#4,154901400#5,23030923#2,23030922#1,41231752,561133140#1",8.376939914024685
-1116499322,-561133140#1,"-1116499322,57680111,57680112#1,1116499324#0,1116499324#1,1116499324#2,57680145#0,57680145#1,1264978471,561133118,57680114#1,57680114#2,57680114#3,57680135,57680125#0,57680125#1,57680125#2,57680127,227218689,154901400#2,154901400#3,154901400#4,154901400#5,23030923#2,23030922#1,41231752,561133140#1",8.023245578429586
-1116499322,-561133140#1,"-1116499322,-1264978470#1,-1264978470#0,-1116499323#1,-1116499323#0,-561133121,-55682342#1,-55682342#0,55682703,849128758#0,849128758#1,55682704#1,55682704#2,55682704#3,125835961,57680125#0,57680125#1,57680125#2,57680127,227218689,154901400#2,154901400#3,154901400#4,154901400#5,23030923#2,23030922#1,41231752,561133140#1",8.604637674920333
-22561651#1,-174375407#2,"-22561651#1,-22561651#0,-22561497,-174907150#4,-174907150#3,-174907150#2,-174907150#1,-174907150#0,174375405,561133138,-174375407#4,-174375407#3,-174375407#2",2.0346343623486955
-57680143#1,41231709#0,"57680143#1,-979838980#3,-979838980#2,-979838980#1,-979838980#0,-563298888,213840999,979842179,226068307,979842178#0,979842178#1,979842178#2,870315481#0,870315481#1,870315479#1,41231514#0,41231514#1,41231514#2,41231514#3,41231514#4,41231514#5,41231711#0,41231709#0",1.349890048723184
-57680143#1,41231709#0,"57680143#1,-979838980#3,-979838980#2,-979838980#1,-979838980#0,-563298888,213840999,979842179,226068307,979842178#0,979842178#1,870315479#0,870315479#1,41231514#0,41231514#1,41231514#2,41231514#3,41231514#4,41231514#5,41231711#0,41231709#0",1.314295811028106
-57680143#1,41231709#0,"57680143#1,-979838980#3,-979838980#2,-979838980#1,-979838980#0,-563298888,-145622122#2,213840998,979842179,226068307,979842178#0,979842178#1,870315479#0,870315479#1,41231514#0,41231514#1,41231514#2,41231514#3,41231514#4,41231514#5,41231711#0,41231709#0",1.3429189475255032
-57680143#1,41231709#0,"57680143#1,-979838980#3,-979838980#2,-979838980#1,-979838980#0,-563298888,-145622122#2,213840998,979842179,226068307,979842178#0,979842178#1,979842178#2,870315481#0,870315481#1,870315479#1,41231514#0,41231514#1,41231514#2,41231514#3,41231514#4,41231514#5,41231711#0,41231709#0",1.3785131852205812
-57680143#1,41231709#0,"57680143#1,-979838980#3,-979838980#2,-979838980#1,-979838980#0,-563298888,-145622122#2,213840998,979842179,226068307,979842178#0,979842178#1,979842178#2,979842178#3,979842178#4,979842178#5,79116530#0,79116530#1,79116549#0,-41231508#0,79119287#0,79119290,79116549#2,41231358#1,79119291#0,79119291#1,79116549#4,79116549#5,79116549#6,79119284#1,79119284#2,79119284#3,-79119286#3,-79119286#2,-79119286#1,41231755,-41231756#3,-41231756#2,41273133,-41273134,-41231515#3,-41231515#2,-41231515#1,-41231515#0,-1157449878#1,-1157449878#0,1020078539,1020078540,-41231514#8,-41231514#7,-41231514#6,41231711#0,41231709#0",5.691638435320622
-57680143#1,41231709#0,"57680143#1,-979838980#3,-979838980#2,-979838980#1,-979838980#0,-563298888,-145622122#2,213840998,979842179,226068307,979842178#0,979842178#1,979842178#2,979842178#3,41231717,979842178#5,79116530#0,79116530#1,79116530#2,79116557#0,79116557#1,79116557#2,79116557#3,79116557#4,1020078540,-41231514#8,-41231514#7,-41231514#6,41231711#0,41231709#0",2.202362725036507
-57680143#1,41231709#0,"57680143#1,-979838980#3,-979838980#2,-979838980#1,-979838980#0,-563298888,213840999,979842179,226068307,979842178#0,979842178#1,979842178#2,979842178#3,41231717,979842178#5,79116530#0,79116530#1,79116530#2,79116557#0,79116557#1,79116557#2,79116557#3,1020078537#0,1020078537#1,1020078539,1020078540,-41231514#8,-41231514#7,-41231514#6,41231711#0,41231709#0",2.221227957536817
41231709#0,-57680143#1,"41231709#0,41231709#1,-41231711#3,-41231711#2,-41231711#1,-41231711#0,-41231514#5,-41231514#4,1162803895,-41231514#2,-41231514#1,-41231514#0,870315480,-979842178#0,-226068307,213840997,1157449881,979838980#0,979838980#1,979838980#2,979838980#3,-57680143#1",2.2668911319249543
41231709#0,-57680143#1,"41231709#0,41231709#1,79119289#0,79119289#1,79119289#2,-41231514#8,-41231514#7,-41231514#6,-41231514#5,-41231514#4,-41231514#3,-41231514#2,-41231514#1,-41231514#0,870315480,-979842178#0,-226068307,213840997,1157449881,979838980#0,979838980#1,979838980#2,979838980#3,-57680143#1",2.5843879938806795
41231709#0,-57680143#1,"41231709#0,41231709#1,-41231711#3,-41231711#2,-41231711#1,-41231711#0,-41231514#5,-41231514#4,-41231514#3,-41231514#2,-41231514#1,-41231514#0,870315480,-979842178#0,-226068307,213840997,1157449881,979838980#0,979838980#1,979838980#2,979838980#3,-57680143#1",2.2550562611876024
41231709#0,-57680143#1,"41231709#0,41231709#1,-41231711#3,-41231711#2,-41231711#1,41231710,79119289#2,-41231514#8,-41231514#7,-41231514#6,-41231514#5,-41231514#4,1162803895,-41231514#2,-41231514#1,-41231514#0,870315480,-979842178#0,-226068307,213840997,1157449881,979838980#0,979838980#1,979838980#2,979838980#3,-57680143#1",2.78557860691495
41231709#0,-57680143#1,"41231709#0,41231709#1,-41231711#3,-41231711#2,41231712,79119289#1,79119289#2,1020078536,-79116557#3,-79116557#2,-79116557#1,-79116557#0,79116530#3,-979842178#5,-979842178#4,-979842178#3,-979842178#2,870315479#0,870315479#1,870315480,-979842178#0,-226068307,213840997,1157449881,979838980#0,979838980#1,979838980#2,979838980#3,-57680143#1",2.808867188006134
41231709#0,-57680143#1,"41231709#0,41231709#1,79119289#0,79119289#1,79119289#2,-41231514#8,-41231514#7,-41231514#6,-41231514#5,-41231514#4,1162803895,-41231514#2,-41231514#1,-41231514#0,870315480,-979842178#0,-226068307,213840997,1157449881,979838980#0,979838980#1,979838980#2,979838980#3,-57680143#1",2.5962228646180314
41231709#0,-57680143#1,"41231709#0,41231709#1,-41231711#3,-41231711#2,-41231711#1,-41231711#0,41231719,1020092132,-41231514#4,-41231514#3,-41231514#2,-41231514#1,-41231514#0,870315480,979842178#1,979842178#2,979842178#3,41231717,979842178#5,79116530#0,-561134628#1,-561134628#0,-1034110351#0,-23881168#1,-23881168#0,1259750653,145622122#0,145622122#1,145622122#2,563298888,979838980#0,979838980#1,979838980#2,979838980#3,-57680143#1",3.271022880149935
41231709#0,-57680143#1,"41231709#0,41231709#1,-41231711#3,-41231711#2,-41231711#1,-41231711#0,41231719,1020092132,-41231514#4,-41231514#3,-41231514#2,-41231514#1,-41231514#0,870315480,-979842178#0,-226068307,213840997,1157449881,979838980#0,979838980#1,979838980#2,979838980#3,-57680143#1",2.2846881139286985
41231709#0,-57680143#1,"41231709#0,41231709#1,79119289#0,79119289#1,79119289#2,-41231514#8,-41231514#7,-41231514#6,41231719,1020092132,-41231514#4,-41231514#3,-41231514#2,-41231514#1,-41231514#0,870315480,-979842178#0,-226068307,213840997,1157449881,979838980#0,979838980#1,979838980#2,979838980#3,-57680143#1",2.6140198466217757
41231709#0,-57680143#1,"41231709#0,41231709#1,79119289#0,79119289#1,79119289#2,-41231514#8,-41231514#7,-41231514#6,41231719,1020092132,-41231514#4,1162803895,-41231514#2,-41231514#1,-41231514#0,870315480,-979842178#0,-226068307,213840997,1157449881,979838980#0,979838980#1,979838980#2,979838980#3,-57680143#1",2.6258547173591276
57680138,-41231515#0,"57680138,-57680138,-57680089#3,-57680089#2,-57680089#1,57680179#3,-979838980#6,-979838980#5,-979838980#4,-979838980#3,-979838980#2,-979838980#1,-979838980#0,-563298888,213840999,979842179,226068307,979842178#0,979842178#1,979842178#2,979842178#3,979842178#4,979842178#5,79116530#0,79116530#1,79116530#2,79116557#0,79116557#1,23881170,1020078542,1157449878#1,41231515#0",2.926744875882785
57680138,-41231515#0,"-57680138,-57680089#3,-57680089#2,-57680089#1,57680179#3,-979838980#6,-979838980#5,-979838980#4,-979838980#3,-979838980#2,-979838980#1,-979838980#0,-563298888,-145622122#2,213840998,979842179,226068307,979842178#0,979842178#1,979842178#2,979842178#3,41231717,979842178#5,79116530#0,79116530#1,79116549#0,-41231508#0,79119287#0,79119287#1,79119287#2,79116549#5,79116549#6,79119284#1,79119284#2,41231513#0,41231513#1,41273135,41273137#1,41273138,41231513#4,-41231515#6,1020078548,-41273134,-41231515#3,-41231515#2,-41231515#1,-41231515#0",5.2301353419181895
57680138,-41231515#0,"-57680138,-57680089#3,-57680089#2,-57680089#1,57680179#3,-979838980#6,-979838980#5,-979838980#4,-979838980#3,-979838980#2,-979838980#1,-979838980#0,-563298888,213840999,979842179,226068307,979842178#0,979842178#1,979842178#2,979842178#3,41231717,979842178#5,79116530#0,79116530#1,79116530#2,79116557#0,79116557#1,23881170,1020078542,1157449878#1,41231515#0",3.140870526142889
57680138,-41231515#0,"57680138,-57680138,-57680089#3,-57680089#2,-57680089#1,57680179#3,-979838980#6,-979838980#5,-979838980#4,-979838980#3,-979838980#2,-979838980#1,-979838980#0,-563298888,213840999,979842179,226068307,979842178#0,979842178#1,979842178#2,870315481#0,870315481#1,870315479#1,41231514#0,41231514#1,41231514#2,41231514#3,41231514#4,41231514#5,41231514#6,41231514#7,41231514#8,1020078536,-79116557#3,-79116557#2,23881170,1020078542,1157449878#1,41231515#0",3.274573409744134
57680138,-41231515#0,"-57680138,-57680089#3,-57680089#2,-57680089#1,57680179#3,-979838980#6,-979838980#5,-979838980#4,-979838980#3,-979838980#2,-979838980#1,-979838980#0,-563298888,213840999,979842179,226068307,979842178#0,979842178#1,870315479#0,870315479#1,41231514#0,41231514#1,41231514#2,41231514#3,41231514#4,41231514#5,41231719,41231718#0,41231718#1,-1020078541,41231721,41231514#8,1020078536,1020078537#0,1020078537#1,1157449878#0,1157449878#1,41231515#0",3.2913252076555226
57680138,-41231515#0,"57680138,-57680138,-57680089#3,-57680089#2,-57680089#1,57680179#3,-979838980#6,-979838980#5,-979838980#4,-979838980#3,-979838980#2,-979838980#1,-979838980#0,-563298888,213840999,979842179,226068307,979842178#0,979842178#1,979842178#2,979842178#3,979842178#4,979842178#5,79116530#0,79116530#1,79116549#0,-41231508#0,79119287#0,79119290,79116549#2,41231358#1,79119291#0,79119291#1,79119291#2,41231511#0,41231511#1,41231511#2,41231511#3,-79119286#1,41231755,-41231756#3,-41231756#2,41273133,-41273134,41231515#4,-1020092139#1,-1020092139#0,-1020092142,-1020092143,41273131,-1020092138,-1020092137#1,1157449879,41231515#0",6.115637855680896
57680138,-41231515#0,"-57680138,-57680089#3,-57680089#2,-57680089#1,57680179#3,-979838980#6,-979838980#5,-979838980#4,-979838980#3,-979838980#2,-979838980#1,-979838980#0,-563298888,213840999,979842179,226068307,979842178#0,979842178#1,870315479#0,870315479#1,41231514#0,41231514#1,41231514#2,41231514#3,41231514#4,41231514#5,41231514#6,41231514#7,41231514#8,1020078536,-79116557#3,1020078538,1020078537#1,1157449878#0,1157449878#1,41231515#0",2.949448125649214
57680138,-41231515#0,"57680138,-57680138,-57680089#3,-57680089#2,-57680089#1,57680179#3,-979838980#6,-979838980#5,-979838980#4,-979838980#3,-979838980#2,-979838980#1,-979838980#0,-563298888,213840999,979842179,226068307,979842178#0,979842178#1,979842178#2,979842178#3,41231717,979842178#5,79116530#0,79116530#1,79116530#2,79116557#0,79116557#1,79116557#2,79116557#3,1020078537#0,1020078537#1,1157449878#0,1157449878#1,41231515#0",3.2109853683360656
-561133135,-561133140#1,"-561133135,-57392454#1,-57392454#0,-24580169#2,-24580169#1,-24580169#0,22561499#0,22561499#1,22561499#2,-57680180#3,-57680180#2,-57680180#1,-57680180#0,-563282223,-1116499330#0,-1116499329,-1116499328#1,-1116499328#0,-57680087#2,-57680087#1,-57680087#0,1116499324#0,1116499324#1,1116499324#2,57680145#0,57680145#1,1264978471,561133118,57680114#1,57680114#2,57680114#3,57680135,57680125#0,57680175,227218423,227218424,154901400#0,154901400#1,154901400#2,154901400#3,154901400#4,154901400#5,23030923#2,23030922#1,41231752,561133140#1",9.122522410799103
57392414#0,79119284#5,"-57392414#0,-22561652#1,-22561652#0,-174907151#4,-174907151#1,-174907152#2,-174907152#1,-174907152#0,-57680180#3,-57680180#2,-57680180#1,-57680180#0,-563282223,-1116499330#0,-1116499329,-1116499328#1,-1116499328#0,-57680087#2,-57680087#1,-57680087#0,1116499324#0,1116499324#1,1116499324#2,57680145#0,57680145#1,1264978471,561133118,57680114#1,57680114#2,57680114#3,57680135,57680125#0,57680175,227218423,227218424,154901400#0,154901400#1,154901400#2,154901400#3,154901400#4,154901400#5,23030923#2,23030922#1,41231752,561133140#1,79119284#2,79119284#3,79119284#4,79119284#5",9.325239694284639
-174375407#3,-561133140#1,"174375407#3,174375407#4,174375402,174375403,561133137,563273548,-57680132#1,-57680132#0,57680179#0,57680179#1,57680179#2,57680179#3,-979838980#6,-979838980#5,-979838980#4,-979838980#3,-979838980#2,-979838980#1,-979838980#0,-563298888,-145622122#2,213840998,979842179,226068307,979842178#0,979842178#1,979842178#2,979842178#3,41231717,979842178#5,79116530#0,79116530#1,79116549#0,79116549#1,79116549#2,41231358#1,41231357#1,79119291#1,79116549#4,79116549#5,79116549#6,79119284#1,-561133140#1",4.080216194993761
-174375407#3,-561133140#1,"174375407#3,174375407#4,174375402,174375403,561133137,563273548,-57680132#1,-57680132#0,57680179#0,57680179#1,57680179#2,57680179#3,-979838980#6,-979838980#5,-979838980#4,-979838980#3,-979838980#2,-979838980#1,-979838980#0,-563298888,213840999,979842179,226068307,979842178#0,979842178#1,979842178#2,979842178#3,979842178#4,979842178#5,79116530#0,79116530#1,79116549#0,79116549#1,79116549#2,79116549#3,79116549#4,79116549#5,79116549#6,79119284#1,-561133140#1",3.77888397486291
-174375407#3,-561133140#1,"174375407#3,174375407#4,174375402,174375403,561133137,563273548,-57680132#1,-57680132#0,57680179#0,57680179#1,57680179#2,57680179#3,-979838980#6,-979838980#5,-979838980#4,-979838980#3,-979838980#2,-979838980#1,-979838980#0,-563298888,-145622122#2,213840998,979842179,226068307,979842178#0,979842178#1,979842178#2,979842178#3,41231717,979842178#5,79116530#0,79116530#1,79116549#0,79116549#1,79116549#2,79116549#3,79116549#4,79116549#5,79116549#6,79119284#1,-561133140#1",4.062829240211848
-174375407#3,-561133140#1,"174375407#3,174375407#4,174375402,174375403,561133137,563273548,-57680132#1,-57680132#0,57680179#0,57680179#1,57680179#2,57680179#3,-979838980#6,-979838980#5,-979838980#4,-979838980#3,-979838980#2,-979838980#1,-979838980#0,-563298888,213840999,979842179,226068307,979842178#0,979842178#1,979842178#2,979842178#3,979842178#4,979842178#5,79116530#0,79116530#1,79116549#0,-41231508#0,79119287#0,79119287#1,79119287#2,79116549#5,79116549#6,79119284#1,-561133140#1",3.8139580044747543
-174375407#3,-561133140#1,"174375407#3,174375407#4,174375402,174375403,561133137,563273548,-57680132#1,-57680132#0,57680179#0,57680179#1,57680179#2,57680179#3,-979838980#6,-979838980#5,-979838980#4,-979838980#3,-979838980#2,-979838980#1,-979838980#0,-563298888,213840999,979842179,226068307,979842178#0,979842178#1,979842178#2,979842178#3,41231717,979842178#5,79116530#0,79116530#1,79116549#0,79116549#1,79116549#2,41231358#1,41231357#1,79119291#1,79116549#4,79116549#5,79116549#6,79119284#1,-561133140#1",4.051593058496365
-174375407#3,-561133140#1,"174375407#3,174375407#4,174375402,174375403,561133137,563273548,-57680132#1,-57680132#0,57680179#0,57680179#1,57680179#2,57680179#3,-979838980#6,-979838980#5,-979838980#4,-979838980#3,-979838980#2,-979838980#1,-979838980#0,-563298888,213840999,979842179,226068307,979842178#0,979842178#1,979842178#2,979842178#3,41231717,979842178#5,79116530#0,79116530#1,79116549#0,-41231508#0,79119287#0,79119287#1,79119287#2,79116549#5,79116549#6,79119284#1,-561133140#1",4.069280133326296
-174375407#3,-561133140#1,"174375407#3,174375407#4,174375402,174375403,561133137,563273548,-57680132#1,-57680132#0,57680179#0,57680179#1,57680179#2,57680179#3,-979838980#6,-979838980#5,-979838980#4,-979838980#3,-979838980#2,-979838980#1,-979838980#0,-563298888,213840999,979842179,226068307,979842178#0,979842178#1,979842178#2,979842178#3,41231717,979842178#5,79116530#0,79116530#1,79116549#0,79116549#1,79116549#2,79116549#3,79116549#4,79116549#5,79116549#6,79119284#1,-561133140#1",4.0342061037144505
-174375407#3,-561133140#1,"174375407#3,174375407#4,174375402,174375403,561133137,563273548,-57680132#1,-57680132#0,57680179#0,57680179#1,57680179#2,57680179#3,-979838980#6,-979838980#5,-979838980#4,-979838980#3,-979838980#2,-979838980#1,-979838980#0,-563298888,213840999,979842179,226068307,979842178#0,979842178#1,979842178#2,979842178#3,979842178#4,979842178#5,79116530#0,79116530#1,79116549#0,79116549#1,79116549#2,41231358#1,41231357#1,79119291#1,79119291#2,41231511#0,41231511#1,41231511#2,41231511#3,79119286#2,79119286#3,79119284#4,79119284#5,79119284#1,-561133140#1",3.77670310251397
-174375407#3,-561133140#1,"174375407#3,174375407#4,174375402,174375403,561133137,563273548,-57680132#1,-57680132#0,57680179#0,57680179#1,57680179#2,57680179#3,-979838980#6,-979838980#5,-979838980#4,-979838980#3,-979838980#2,-979838980#1,-979838980#0,-563298888,213840999,979842179,226068307,979842178#0,979842178#1,979842178#2,979842178#3,979842178#4,979842178#5,79116530#0,79116530#1,79116530#2,79116557#0,79116557#1,23881170,41231753#0,41231753#1,41231753#2,79119286#0,79119286#1,79119286#2,79119286#3,79119284#4,79119284#5,79119284#1,-561133140#1",3.7817251113174915
-174375407#3,-561133140#1,"174375407#3,174375407#4,174375402,174375403,561133137,563273548,-57680132#1,-57680132#0,57680179#0,57680179#1,57680179#2,57680179#3,-979838980#6,-979838980#5,-979838980#4,-979838980#3,-979838980#2,-979838980#1,-979838980#0,-563298888,213840999,979842179,226068307,979842178#0,979842178#1,979842178#2,979842178#3,41231717,979842178#5,79116530#0,79116530#1,79116549#0,-41231508#0,79119287#0,79119290,79116549#2,79116549#3,79116549#4,79116549#5,79116549#6,79119284#1,-561133140#1",4.242129272982157
41273126,-174375407#3,"41273126,1020092139#0,1020092139#1,-41231515#4,-41231515#3,-41231515#2,1020092135,41231756#0,41231756#1,41231756#2,41231756#3,-41231755,79119286#1,79119286#2,79119286#3,79119284#4,79119284#5,-79116549#6,-79116549#5,-79116549#4,-79116549#3,-79116549#2,-79116549#1,-79116549#0,79116530#2,79116530#3,79116530#0,-561134628#1,-561134628#0,-1034110351#0,-23881168#1,-23881168#0,1259750653,145622122#0,145622122#1,145622122#2,563298888,979838980#0,979838980#1,979838980#2,979838980#3,979838980#4,979838980#5,979838980#6,57680170#0,57680170#1,57680132#0,57680132#1,174375408#0,174375408#1,-174375409,57680120#0,57680120#1,1238123694,563272697,563271328,174375401,1238123690,174375405,561133138,-174375407#4,-174375407#3",5.580904287738793
41273126,-174375407#3,"41273126,1020092139#0,1020092139#1,-41231515#4,-41231515#3,-41231515#2,-41231515#1,-41231515#0,-1157449878#1,-1157449878#0,1020078539,1020078540,1020078536,-79116557#3,-79116557#2,-79116557#1,-79116557#0,79116530#3,-979842178#5,-979842178#4,-979842178#3,-979842178#2,-979842178#1,-979842178#0,-226068307,213840997,1157449881,979838980#0,979838980#1,979838980#2,979838980#3,979838980#4,979838980#5,979838980#6,57680170#0,57680170#1,57680132#0,57680132#1,174375406,1238123693,1238123694,563272697,561133136,561133138,-174375407#4,-174375407#3",5.160414808516445
-22561653,79119287#2,"-22561653,22561499#2,-57680180#3,-57680180#2,-57680180#1,-57680180#0,-563282223,-1116499330#0,-1116499329,-1116499328#1,-1116499328#0,-57680087#2,-57680087#1,-57680087#0,1116499324#0,1116499324#1,1116499324#2,57680145#0,57680145#1,1264978471,561133118,57680114#1,57680114#2,57680114#3,57680135,57680125#0,57680175,227218423,227218424,154901400#0,154901400#1,154901400#2,154901400#3,154901400#4,154901400#5,23030923#2,23030922#1,41231752,561133140#1,79119284#2,79119284#3,79119284#4,79119284#5,-79116549#6,-79116549#5,-79116549#4,79119291#2,79119293#0,79119288,41231358#0,-79116549#2,-79116549#1,-41231508#0,79119287#0,79119287#1,79119287#2",11.015255700687199
-22561653,79119287#2,"-22561653,22561499#2,174907152#0,174907152#1,174907152#2,-57392486,1163710302,57392474,57392457#1,22561652#1,22561652#2,22561652#3,22561652#4,22561652#5,22561652#6,125835948,563369678,1238123690,174375405,561133138,174375402,174375403,561133137,563273548,-57680132#1,-57680132#0,57680179#0,57680179#1,57680179#2,57680179#3,-979838980#6,-979838980#5,-979838980#4,-979838980#3,-979838980#2,-979838980#1,-979838980#0,-563298888,-145622122#2,213840998,979842179,226068307,979842178#0,979842178#1,979842178#2,979842178#3,41231717,979842178#5,79116530#0,79116530#1,79116549#0,-41231508#0,79119287#0,79119287#1,79119287#2",4.6266487790906865
-174907152#1,57392554#0,"174907152#1,174907152#2,-57392486,1163710302,57392474,57392457#1,22561652#1,22561652#2,57392554#0",1.7148845869282963
-174907152#1,57392554#0,"174907152#1,174907152#2,174907151#0,174907151#2,174907151#5,22561652#1,22561652#2,57392554#0",0.6866946778711485
57680113,-1116499328#0,"57680113,-57680113,-57680089#4,-57680089#3,-57680089#2,-57680089#1,-57680089#0,57680170#1,57680132#0,57680132#1,174375406,1238123693,1238123694,563272697,563271328,1238123691,-22561498,-22561652#6,-22561652#5,-22561652#4,-22561652#3,-22561652#2,-22561652#1,-22561652#0,-174907151#4,-174907151#1,-174907152#2,-174907152#1,-174907152#0,-57680180#3,-57680180#2,-57680180#1,-57680180#0,-563282223,-1116499330#0,-1116499329,-1116499328#1,-1116499328#0",2.2399042410340666
-41231706#0,-174375407#2,"-41231706#0,979842178#5,79116530#0,-561134628#1,-561134628#0,-1034110351#0,-23881168#1,-23881168#0,1259750653,145622122#0,145622122#1,145622122#2,563298888,979838980#0,979838980#1,979838980#2,979838980#3,979838980#4,979838980#5,979838980#6,57680170#0,57680170#1,57680132#0,57680132#1,174375406,1238123693,1238123694,563272697,561133136,561133138,-174375407#4,-174375407#3,-174375407#2",2.508264778371329
-41231706#0,-174375407#2,"-41231706#0,979842178#5,79116530#0,-561134628#1,-561134628#0,-1034110351#0,-23881168#1,-23881168#0,1259750653,145622122#0,145622122#1,145622122#2,563298888,979838980#0,979838980#1,979838980#2,979838980#3,979838980#4,979838980#5,979838980#6,57680170#0,57680170#1,57680132#0,57680132#1,174375408#0,174375408#1,-174375409,57680120#0,57680120#1,1238123694,563272697,563271328,174375401,1238123690,174375405,561133138,-174375407#4,-174375407#3,-174375407#2",2.529059114824413
-41231706#0,-174375407#2,"-41231706#0,-979842178#4,-979842178#3,-979842178#2,-979842178#1,-979842178#0,-226068307,213840997,1157449881,979838980#0,979838980#1,979838980#2,979838980#3,979838980#4,979838980#5,979838980#6,57680170#0,57680170#1,57680132#0,57680132#1,174375406,1238123693,1238123694,563272697,563271328,174375401,1238123690,174375405,561133138,-174375407#4,-174375407#3,-174375407#2",2.2735148217398753
-41231706#0,-174375407#2,"-41231706#0,979842178#5,79116530#0,-561134628#1,-561134628#0,-1034110351#0,-23881168#1,-23881168#0,1259750653,145622122#0,145622122#1,145622122#2,563298888,979838980#0,979838980#1,979838980#2,979838980#3,979838980#4,979838980#5,979838980#6,57680170#0,57680170#1,57680132#0,57680132#1,174375408#0,174375408#1,-174375409,57680120#0,57680120#1,1238123694,563272697,561133136,561133138,-174375407#4,-174375407#3,-174375407#2",2.5044250855467554
-41231706#0,-174375407#2,"-41231706#0,-979842178#4,-979842178#3,-979842178#2,-979842178#1,-979842178#0,-226068307,213840997,1157449881,979838980#0,979838980#1,979838980#2,979838980#3,979838980#4,979838980#5,979838980#6,57680170#0,57680170#1,57680132#0,57680132#1,174375406,1238123693,1238123694,563272697,561133136,561133138,-174375407#4,-174375407#3,-174375407#2",2.2488807924622174
-41231706#0,-174375407#2,"-41231706#0,-979842178#4,-979842178#3,-979842178#2,870315479#0,870315479#1,870315480,-979842178#0,-226068307,213840997,1157449881,979838980#0,979838980#1,979838980#2,979838980#3,979838980#4,979838980#5,979838980#6,57680170#0,57680170#1,57680132#0,57680132#1,174375406,1238123693,1238123694,563272697,561133136,561133138,-174375407#4,-174375407#3,-174375407#2",2.2882565427623374
-41231706#0,-174375407#2,"-41231706#0,979842178#5,79116530#0,-561134628#1,-561134628#0,-1034110351#0,-23881168#1,-23881168#0,1259750653,145622122#0,145622122#1,145622122#2,563298888,979838980#0,979838980#1,979838980#2,979838980#3,979838980#4,979838980#5,979838980#6,57680170#0,57680170#1,57680132#0,57680132#1,174375406,1238123693,1238123694,563272697,563271328,174375401,1238123690,174375405,561133138,-174375407#4,-174375407#3,-174375407#2",2.5328988076489867
-41231706#0,-174375407#2,"-41231706#0,-979842178#4,-979842178#3,-979842178#2,-979842178#1,-979842178#0,-226068307,213840997,1157449881,979838980#0,979838980#1,979838980#2,979838980#3,979838980#4,979838980#5,979838980#6,57680170#0,57680170#1,57680132#0,57680132#1,174375408#0,174375408#1,-174375409,57680120#0,57680120#1,1238123694,563272697,561133136,561133138,-174375407#4,-174375407#3,-174375407#2",2.2450410996376435
-41231706#0,-174375407#2,"-41231706#0,-979842178#4,-979842178#3,-979842178#2,-979842178#1,-979842178#0,-226068307,213840997,1157449881,979838980#0,979838980#1,979838980#2,979838980#3,979838980#4,979838980#5,979838980#6,57680170#0,57680170#1,57680132#0,57680132#1,174375408#0,174375408#1,-174375409,57680120#0,57680120#1,1238123694,563272697,563271328,174375401,1238123690,174375405,561133138,-174375407#4,-174375407#3,-174375407#2",2.2696751289153014
-41231706#0,-174375407#2,"-41231706#0,-979842178#4,-979842178#3,870315481#0,870315481#1,870315479#1,870315480,-979842178#0,-226068307,213840997,1157449881,979838980#0,979838980#1,979838980#2,979838980#3,979838980#4,979838980#5,979838980#6,57680170#0,57680170#1,57680132#0,57680132#1,174375406,1238123693,1238123694,563272697,563271328,174375401,1238123690,174375405,561133138,-174375407#4,-174375407#3,-174375407#2",2.2882407120960178
-1238123695#1,-23881168#0,"-1238123695#1,-1238123695#0,-174375409,57680120#0,57680120#1,1238123694,563272697,563271328,174375401,1238123690,174375405,563272699,561133137,563273548,-57680132#1,-57680132#0,57680179#0,57680179#1,57680179#2,57680179#3,-979838980#6,-979838980#5,-979838980#4,-979838980#3,-979838980#2,-979838980#1,-979838980#0,-563298888,213840999,979842179,226068307,979842178#0,979842178#1,979842178#2,979842178#3,979842178#4,979842178#5,79116530#0,-561134628#1,-561134628#0,-1034110351#0,-23881168#1,-23881168#0",2.149086181015349
-1238123695#1,-23881168#0,"-1238123695#1,-1238123695#0,-174375409,57680120#0,57680120#1,1238123694,563272697,561133136,563272699,561133137,563273548,-57680132#1,-57680132#0,57680179#0,57680179#1,57680179#2,57680179#3,-979838980#6,-979838980#5,-979838980#4,-979838980#3,-979838980#2,-979838980#1,-979838980#0,-563298888,213840999,979842179,226068307,979842178#0,979842178#1,979842178#2,979842178#3,41231717,979842178#5,79116530#0,-561134628#1,-561134628#0,-1034110351#0,-23881168#1,-23881168#0",2.3797742805892317
-1238123695#1,-23881168#0,"-1238123695#1,-1238123695#0,-174375409,57680120#0,57680120#1,1238123694,563272697,561133136,563272699,561133137,563273548,-57680132#1,-57680132#0,57680179#0,57680179#1,57680179#2,57680179#3,-979838980#6,-979838980#5,-979838980#4,-979838980#3,-979838980#2,-979838980#1,-979838980#0,-563298888,-145622122#2,213840998,979842179,226068307,979842178#0,979842178#1,979842178#2,979842178#3,41231717,979842178#5,79116530#0,-561134628#1,-561134628#0,-1034110351#0,-23881168#1,-23881168#0",2.408397417086629
-1238123695#1,-23881168#0,"-1238123695#1,-1238123695#0,-174375409,57680120#0,57680120#1,1238123694,563272697,561133136,561133138,174375402,174375403,561133137,563273548,-57680132#1,-57680132#0,57680179#0,57680179#1,57680179#2,57680179#3,-979838980#6,-979838980#5,-979838980#4,-979838980#3,-979838980#2,-979838980#1,-979838980#0,-563298888,213840999,979842179,226068307,979842178#0,979842178#1,979842178#2,979842178#3,979842178#4,979842178#5,79116530#0,-561134628#1,-561134628#0,-1034110351#0,-23881168#1,-23881168#0",2.217506796201668
-1238123695#1,-23881168#0,"-1238123695#1,-1238123695#0,-174375409,57680120#0,57680120#1,1238123694,563272697,561133136,563272699,561133137,563273548,-57680132#1,-57680132#0,57680179#0,57680179#1,57680179#2,57680179#3,-979838980#6,-979838980#5,-979838980#4,-979838980#3,-979838980#2,-979838980#1,-979838980#0,-563298888,-145622122#2,213840998,979842179,226068307,979842178#0,979842178#1,979842178#2,979842178#3,979842178#4,979842178#5,79116530#0,-561134628#1,-561134628#0,-1034110351#0,-23881168#1,-23881168#0",2.1530752882350885
-22561652#4,41231711#3,"22561652#4,22561652#5,22561652#6,125835948,563369678,1238123690,174375405,563272699,561133137,563273548,-57680132#1,-57680132#0,57680179#0,57680179#1,57680179#2,57680179#3,-979838980#6,-979838980#5,-979838980#4,-979838980#3,-979838980#2,-979838980#1,-979838980#0,-563298888,213840999,979842179,226068307,979842178#0,979842178#1,870315479#0,870315479#1,41231514#0,41231514#1,41231514#2,41231514#3,41231514#4,41231514#5,41231711#0,41231709#0,41231709#1,-41231711#3",2.805232469624385
-22561652#4,41231711#3,"22561652#4,22561652#5,22561652#6,125835948,563369678,1238123690,174375405,561133138,174375402,174375403,561133137,563273548,-57680132#1,-57680132#0,57680179#0,57680179#1,57680179#2,57680179#3,-979838980#6,-979838980#5,-979838980#4,-979838980#3,-979838980#2,-979838980#1,-979838980#0,-563298888,-145622122#2,213840998,979842179,226068307,979842178#0,979842178#1,870315479#0,870315479#1,41231514#0,41231514#1,41231514#2,41231514#3,41231514#4,41231514#5,41231711#0,41231709#0,41231709#1,-41231711#3",2.9269102505857587
-22561652#4,41231711#3,"22561652#4,22561652#5,22561652#6,125835948,563369678,1238123690,174375405,563272699,561133137,563273548,-57680132#1,-57680132#0,57680179#0,57680179#1,57680179#2,57680179#3,-979838980#6,-979838980#5,-979838980#4,-979838980#3,-979838980#2,-979838980#1,-979838980#0,-563298888,-145622122#2,213840998,979842179,226068307,979842178#0,979842178#1,870315479#0,870315479#1,41231514#0,41231514#1,41231514#2,41231514#3,41231514#4,41231514#5,41231711#0,41231711#1,41231711#2,41231711#3",2.4196099078424704
-22561652#4,41231711#3,"22561652#4,22561652#5,22561652#6,125835948,563369678,1238123690,174375405,563272699,561133137,563273548,-57680132#1,-57680132#0,57680179#0,57680179#1,57680179#2,57680179#3,-979838980#6,-979838980#5,-979838980#4,-979838980#3,-979838980#2,-979838980#1,-979838980#0,-563298888,-145622122#2,213840998,979842179,226068307,979842178#0,979842178#1,979842178#2,870315481#0,870315481#1,870315479#1,41231514#0,41231514#1,41231514#2,41231514#3,41231514#4,41231514#5,41231711#0,41231711#1,41231711#2,41231711#3",2.4552041455375484
-22561652#4,41231711#3,"22561652#4,22561652#5,22561652#6,125835948,563369678,1238123690,174375405,563272699,561133137,563273548,-57680132#1,-57680132#0,57680179#0,57680179#1,57680179#2,57680179#3,-979838980#6,-979838980#5,-979838980#4,-979838980#3,-979838980#2,-979838980#1,-979838980#0,-563298888,213840999,979842179,226068307,979842178#0,979842178#1,979842178#2,870315481#0,870315481#1,870315479#1,41231514#0,41231514#1,41231514#2,41231514#3,41231514#4,41231514#5,41231711#0,41231709#0,41231709#1,-41231711#3",2.8408267073194633
-22561652#4,41231711#3,"22561652#4,22561652#5,22561652#6,125835948,563369678,1238123690,174375405,561133138,174375402,174375403,561133137,563273548,-57680132#1,-57680132#0,57680179#0,57680179#1,57680179#2,57680179#3,-979838980#6,-979838980#5,-979838980#4,-979838980#3,-979838980#2,-979838980#1,-979838980#0,-563298888,213840999,979842179,226068307,979842178#0,979842178#1,870315479#0,870315479#1,41231514#0,41231514#1,41231514#2,41231514#3,41231514#4,41231514#5,41231711#0,41231711#1,41231711#2,41231711#3",2.4840414158090502
-22561652#4,41231711#3,"22561652#4,22561652#5,22561652#6,125835948,563369678,1238123690,174375405,563272699,561133137,563273548,-57680132#1,-57680132#0,57680179#0,57680179#1,57680179#2,57680179#3,-979838980#6,-979838980#5,-979838980#4,-979838980#3,-979838980#2,-979838980#1,-979838980#0,-563298888,-145622122#2,213840998,979842179,226068307,979842178#0,979842178#1,979842178#2,870315481#0,870315481#1,870315479#1,41231514#0,41231514#1,41231514#2,41231514#3,41231514#4,41231514#5,41231711#0,41231709#0,41231709#1,-41231711#3",2.8694498438168603
41231357#0,-57680180#1,"41231357#0,79119291#0,79119291#1,79119291#2,41231511#0,41231511#1,41231511#2,41231511#3,79119286#2,79119286#3,79119284#4,79119284#5,79119284#1,-561133140#1,-561133140#0,-227385933,-23030922#0,-154901400#5,-154901400#4,-154901400#3,-154901400#2,-154901400#1,-154901400#0,-227218424,-227218423,-57680175,-57680125#0,-57680135,-57680114#3,-57680114#2,-57680114#1,-57680114#0,-1264978471,-57680145#1,-57680145#0,-1116499324#2,-1116499324#1,-1116499324#0,57680087#0,57680087#1,57680087#2,1116499328#0,1116499328#1,1116499329,1116499330#0,1116499330#1,57680180#0,57680180#1",9.428315347733475
41231357#0,-57680180#1,"41231357#0,79119291#0,79119291#1,-79116549#3,-79116549#2,-79116549#1,-41231508#0,79119287#0,79119287#1,79119287#2,79116549#5,79116549#6,79119284#1,-561133140#1,-561133140#0,-227385933,-23030922#0,-154901400#5,-154901400#4,-154901400#3,-154901400#2,-154901400#1,-154901400#0,-227218424,-227218423,-57680175,-57680125#0,-125835961,-125835958,-55682704#2,-55682704#1,-55682704#0,-849128758#0,-55682703,55682343#1,55682342#1,55682342#2,1116499323#0,1116499323#1,1264978470#0,1264978470#1,57680111,57680112#1,57680087#0,57680087#1,57680087#2,1116499328#0,1116499328#1,1116499329,1116499330#0,1116499330#1,57680180#0,57680180#1",12.7580299309644
41231357#0,-57680180#1,"41231357#0,41231357#1,79119291#1,-79116549#3,-79116549#2,-79116549#1,-41231508#0,79119287#0,79119287#1,79119287#2,79116549#5,79116549#6,79119284#1,-561133140#1,-561133140#0,-227385933,-23030922#0,-154901400#5,-154901400#4,-154901400#3,-154901400#2,-154901400#1,-154901400#0,-227218424,-227218423,-57680175,-57680125#0,-57680135,-57680114#3,-57680114#2,-57680114#1,-57680114#0,-1264978471,-57680145#1,-57680145#0,-1116499324#2,-1116499324#1,-1116499324#0,57680087#0,57680087#1,57680087#2,1116499328#0,1116499328#1,1116499329,1116499330#0,1116499330#1,57680180#0,57680180#1",11.482637076424954
41231357#0,-57680180#1,"41231357#0,79119291#0,79119291#1,79116549#4,79116549#5,79116549#6,79119284#1,-561133140#1,-561133140#0,-227385933,-23030922#0,-154901400#5,-154901400#4,-154901400#3,-154901400#2,-154901400#1,-154901400#0,-227218424,-227218423,-57680175,-57680125#0,-125835961,-125835958,-55682704#2,-55682704#1,-55682704#0,-849128758#0,-55682703,55682343#1,55682342#1,55682342#2,1116499323#0,1116499323#1,1264978470#0,1264978470#1,1116499322,1116499321#0,22561654#0,22561654#3,22561654#4,22561654#5,22561499#0,22561499#1,22561499#2,-57680180#3,-57680180#2,-57680180#1",10.58167939074831
41231357#0,-57680180#1,"41231357#0,79119291#0,79119291#1,79116549#4,79116549#5,79116549#6,79119284#1,-561133140#1,-561133140#0,-227385933,-23030922#0,-154901400#5,-154901400#4,-154901400#3,-154901400#2,-154901400#1,-154901400#0,-227218424,-227218423,-57680175,-57680125#0,-57680135,-57680114#3,-57680114#2,-57680114#1,-57680114#0,-1264978471,-57680145#1,-57680145#0,-1116499324#2,-1116499324#1,-1116499324#0,57680087#0,57680087#1,57680087#2,1116499328#0,1116499328#1,1116499329,1116499330#0,1116499330#1,57680180#0,57680180#1",9.447883174864328
41231357#0,-57680180#1,"41231357#0,41231357#1,79119291#1,79116549#4,79116549#5,79116549#6,79119284#1,-561133140#1,-561133140#0,-227385933,-23030922#0,-154901400#5,-154901400#4,-154901400#3,-154901400#2,-154901400#1,-154901400#0,-227218424,-227218423,-57680175,-57680125#0,-125835961,-125835958,-55682704#2,-55682704#1,-55682704#0,-849128758#0,-55682703,55682343#1,55682342#1,55682342#2,1116499323#0,1116499323#1,1264978470#0,1264978470#1,1116499322,1116499321#0,22561654#0,22561654#3,22561654#4,22561654#5,22561499#0,22561499#1,22561499#2,-57680180#3,-57680180#2,-57680180#1",10.645224808915577
41231357#0,-57680180#1,"41231357#0,41231357#1,79119291#1,79116549#4,79116549#5,79116549#6,79119284#1,-561133140#1,-561133140#0,-227385933,-23030922#0,-154901400#5,-154901400#4,-154901400#3,-154901400#2,-154901400#1,-154901400#0,-227218424,-227218423,-57680175,-57680125#0,-57680135,-57680114#3,-57680114#2,-57680114#1,-57680114#0,-1264978471,-57680145#1,-57680145#0,-1116499324#2,-1116499324#1,-1116499324#0,57680087#0,57680087#1,57680087#2,1116499328#0,1116499328#1,1116499329,1116499330#0,1116499330#1,57680180#0,57680180#1",9.511428593031596
41231357#0,-57680180#1,"41231357#0,41231357#1,79119291#1,79116549#4,79116549#5,79116549#6,79119284#1,-561133140#1,-561133140#0,-227385933,-23030922#0,-154901400#5,-154901400#4,-154901400#3,-154901400#2,-227218688,-57680127,-57680164,-57680125#1,-57680125#0,-57680135,-57680114#3,-57680114#2,-57680114#1,-57680114#0,-1264978471,-57680145#1,-57680145#0,-1116499324#2,-1116499324#1,-1116499324#0,57680087#0,57680087#1,57680087#2,1116499328#0,1116499328#1,1116499329,1116499330#0,1116499330#1,57680180#0,57680180#1",9.7374401728091
41231357#0,-57680180#1,"41231357#0,79119291#0,79119291#1,-79116549#3,-79116549#2,-79116549#1,-41231508#0,79119287#0,79119287#1,79119287#2,79116549#5,79116549#6,79119284#1,-561133140#1,-561133140#0,-227385933,-23030922#0,-154901400#5,-154901400#4,-154901400#3,-154901400#2,-154901400#1,-154901400#0,-227218424,-227218423,-57680175,-57680125#0,-57680135,-57680114#3,-57680114#2,-57680114#1,-57680114#0,-1264978471,-57680145#1,-57680145#0,-1116499324#2,-1116499324#1,-1116499324#0,57680087#0,57680087#1,57680087#2,1116499328#0,1116499328#1,1116499329,1116499330#0,1116499330#1,57680180#0,57680180#1",11.419091658257686
41231357#0,-57680180#1,"41231357#0,41231357#1,79119291#1,79116549#4,79116549#5,79116549#6,79119284#1,-561133140#1,-561133140#0,-227385933,-23030922#0,-154901400#5,-154901400#4,-154901400#3,-154901400#2,-154901400#1,-154901400#0,-227218424,-227218423,-57680175,-57680125#0,-57680135,-57680114#3,-57680114#2,-57680114#1,-57680114#0,-1264978471,-57680145#1,-57680145#0,-1116499324#2,-1116499324#1,-1116499324#0,-57680112#1,-57680112#0,1116499322,1116499321#0,22561654#0,22561654#3,22561654#4,22561654#5,22561499#0,22561499#1,22561499#2,-57680180#3,-57680180#2,-57680180#1",10.067711106036793
174375412,57099589,"174375412,49188792#1,-39353757#7,-39353757#6,57680106,39353757#15,39353757#16,39353757#17,39353757#18,39353757#19,174907149,57680093,57680128,174375407#0,174375407#1,174375407#2,174375407#3,174375407#4,174375402,174375403,561133137,563273548,174375408#0,174375408#1,-174375409,57680120#0,57680120#1,1238123694,563272697,563271328,1238123691,-22561498,-22561652#6,-22561652#5,-22561652#4,-22561652#3,-22561652#2,-22561652#1,-22561652#0,-174907151#4,-174907151#1,-174907152#2,-174907152#1,-174907152#0,-57680180#3,-57680180#2,-57680180#1,-57680180#0,-563282223,-1116499330#0,-1116499329,-1116499328#1,-1116499328#0,-57680087#2,-57680087#1,-57680087#0,-57680112#1,-57680112#0,-1264978470#1,57099589",7.105478116372539
174375412,57099589,"174375412,49188792#1,-39353757#7,-39353757#6,-39353757#5,-39353757#4,-39353757#3,1123308755,-39389916#1,-39389916#0,39353757#17,39353757#18,39353757#19,174907149,57680093,57680128,174375407#0,174375407#1,174375407#2,174375407#3,174375407#4,174375402,174375403,563272698,563272697,563271328,1238123691,-22561498,-22561652#6,-22561652#5,-22561652#4,-22561652#3,-22561652#2,-22561652#1,-22561652#0,-174907151#4,-174907151#1,-174907152#2,-174907152#1,-174907152#0,-22561653,-22561499#1,-22561499#0,-22561654#5,-22561654#4,-22561654#3,-22561654#2,-1116499321#1,-1116499322,-1264978470#1,57099589",6.420801092215147
174375412,57099589,"174375412,49188792#1,-39353757#7,-39353757#6,-39353757#5,-39353757#4,-39353757#3,-39353757#2,-39353757#1,-39353757#0,57680128,174375407#0,174375407#1,174375407#2,174375407#3,174375407#4,174375402,174375403,563272698,563272697,563271328,1238123691,-22561498,-22561652#6,-22561652#5,-22561652#4,-22561652#3,-22561652#2,-22561652#1,-22561652#0,-174907151#4,-174907151#1,-174907152#2,-174907152#1,-174907152#0,-22561653,-22561499#1,-22561499#0,-22561654#5,-22561654#4,-22561654#3,-22561654#2,-1116499321#1,-1116499322,57680111,57680112#1,1116499324#0,1116499324#1,1116499324#2,57680145#0,57680145#1,1264978471,561133118,57680114#1,57680114#2,57680114#3,57680135,-125835961,-125835958,-55682704#2,-55682704#1,-55682704#0,-849128758#0,-55682703,55682343#1,55682342#1,55682342#2,1116499323#0,1116499323#1,1264978470#0,57099589",8.915268098030543
-1238123695#1,-561133134,"-1238123695#1,-1238123695#0,-174375409,57680120#0,57680120#1,1238123694,563272697,563271328,1238123691,-22561498,-22561652#6,-22561652#5,-22561652#4,-22561652#3,-22561652#2,-22561652#1,-22561652#0,-174907151#4,-174907151#1,-174907152#2,-174907152#1,-174907152#0,-22561653,-22561499#1,-22561499#0,24580169#0,-32898141,-57099587#0,-32898139#0,-561133132,57099591#1,57099575#1,57099575#2,561133134",3.1171954808307403
-1238123695#1,-561133134,"-1238123695#1,-1238123695#0,-174375409,57680120#0,57680120#1,1238123694,563272697,563271328,1238123691,-22561498,-22561652#6,-22561652#5,-22561652#4,-22561652#3,-22561652#2,-22561652#1,-22561652#0,-174907151#4,-174907151#1,-174907152#2,-174907152#1,-174907152#0,-22561653,-22561499#1,-22561499#0,57392420,1004094802,57392452,-24580169#1,-32898141,57099587#1,57099575#2,561133134",2.76612071645736
-1238123695#1,-561133134,"-1238123695#1,-1238123695#0,-174375409,57680120#0,57680120#1,1238123694,563272697,563271328,1238123691,-22561498,-22561652#6,-22561652#5,-22561652#4,-22561652#3,-22561652#2,-22561652#1,-22561652#0,-174907151#4,-174907151#1,-57392486,1004094803#0,1004094803#1,1004094802,57392452,24580169#2,561133134",2.7478932382810632
-1238123695#1,-561133134,"-1238123695#1,-1238123695#0,-174375409,57680120#0,57680120#1,1238123694,563272697,563271328,1238123691,-22561498,-22561652#6,-22561652#5,-22561652#4,-22561652#3,-22561652#2,-22561652#1,-22561652#0,-174907151#4,-174907151#1,-174907152#2,-174907152#1,-174907152#0,-22561653,-22561499#1,-22561499#0,24580169#0,24580169#1,24580169#2,561133134",1.4001926472532857
-1238123695#1,-561133134,"-1238123695#1,-1238123695#0,-174375409,57680120#0,57680120#1,1238123694,563272697,563271328,1238123691,-22561498,-22561652#6,-22561652#5,-22561652#4,-22561652#3,-22561652#2,-22561652#1,-22561652#0,-174907151#4,-174907151#1,-174907152#2,-174907152#1,-174907152#0,-22561653,-22561499#1,-22561499#0,57392420,1004094802,57392452,24580169#2,561133134",2.3590467644397286
-1238123695#1,-561133134,"-1238123695#1,-1238123695#0,-174375409,57680120#0,57680120#1,1238123694,563272697,563271328,1238123691,-22561498,-22561652#6,-22561652#5,-22561652#4,-22561652#3,-22561652#2,-22561652#1,-22561652#0,-174907151#4,-174907151#1,-174907152#2,-174907152#1,-174907152#0,-22561653,-22561499#1,-22561499#0,24580169#0,-32898141,57099587#1,57099575#2,561133134",1.8024246624962068
-57680130#1,-22561499#0,"-57680130#1,-57680130#0,-57680097#1,-57680097#0,-1238123695#0,-174375409,57680120#0,57680120#1,1238123694,563272697,563271328,1238123691,-22561498,-22561652#6,-22561652#5,-22561652#4,-22561652#3,-22561652#2,-22561652#1,-22561652#0,-174907151#4,-174907151#1,-174907152#2,-174907152#1,-174907152#0,-22561653,-22561499#1,-22561499#0",1.7283886378797522
-1264978470#1,-22561653,"1264978470#1,57680111,57680112#1,57680087#0,57680087#1,57680087#2,1116499328#0,1116499328#1,1116499329,1116499330#0,1116499330#1,57680180#0,57680180#1,57680180#2,57680180#3,-22561653",2.0281112444977993
-1264978470#1,-22561653,"1264978470#1,1116499322,1116499321#0,22561654#0,22561654#3,22561654#4,22561654#5,22561499#0,22561499#1,22561499#2",1.3702280912364944
-1264978470#1,-22561653,"-1264978470#1,1264978470#1,57680111,57680112#1,57680087#0,57680087#1,57680087#2,1116499328#0,1116499328#1,1116499329,1116499330#0,1116499330#1,57680180#0,57680180#1,57680180#2,57680180#3,-22561653",2.5615446178471393
-1264978470#1,-22561653,"-1264978470#1,1264978470#1,1116499322,1116499321#0,22561654#0,22561654#3,22561654#4,22561654#5,22561499#0,22561499#1,22561499#2",1.9036614645858343
-1264978470#1,-22561653,"-1264978470#1,1264978470#1,57680111,57680112#1,57680087#0,57680087#1,57680087#2,1116499328#0,1116499328#1,1116499329,1116499330#0,1116499330#1,57680180#0,57680171#0,57680171#1,57680171#2,22561499#2",2.5647458983593445
-1264978470#1,-22561653,"1264978470#1,57680111,57680112#1,57680087#0,57680087#1,57680087#2,1116499328#0,1116499328#1,1116499329,1116499330#0,1116499330#1,57680180#0,57680171#0,57680171#1,57680171#2,22561499#2",2.031312525010004
-561133132,-57392454#1,"-57099591#0,32898139#0,32898139#1,57099587#1,57099575#2,57392454#0,57392454#1",1.0129469642428606
-561133132,-57392454#1,"-561133132,-57099591#0,32898139#0,32898139#1,57099587#1,57099575#2,57392454#0,57392454#1",1.4609071274298056
-561133132,-57392454#1,"-561133132,57099591#1,57099575#1,57099575#2,57392454#0,57392454#1",1.2752939764818811
-561133132,-57392454#1,"-57099591#0,32898139#0,32898139#1,32898141,24580169#1,24580169#2,57392454#0,57392454#1",1.415750920222961
-561133132,-57392454#1,"-561133132,-57099591#0,32898139#0,32898139#1,32898141,24580169#1,24580169#2,57392454#0,57392454#1",1.863711083409906
-561133132,-57392454#1,"-57099591#0,32898139#0,32898139#1,32898141,-24580169#0,57392420,1004094802,57392452,24580169#2,57392454#0,57392454#1",2.4986746652605447
-561133132,-57392454#1,"-561133132,-57099591#0,32898139#0,32898139#1,32898141,-24580169#0,57392420,1004094802,57392452,24580169#2,57392454#0,57392454#1",2.9466348284474893
-561133132,-57392454#1,"-561133132,57099591#1,57099575#1,-57099587#1,32898141,-24580169#0,57392420,1004094802,57392452,24580169#2,57392454#0,57392454#1",2.855262138262704
-561133132,-57392454#1,"-57099591#0,32898139#0,32898139#1,32898141,-24580169#0,22561499#0,22561499#1,22561499#2,174907152#0,174907152#1,174907152#2,-57392486,1004094803#0,1004094803#1,1004094802,57392452,24580169#2,57392454#0,57392454#1",3.4888616753163655
-561133132,-57392454#1,"-561133132,57099591#1,57099575#1,-57099587#1,32898141,24580169#1,24580169#2,57392454#0,57392454#1",1.7723383932251209
-57680160#1,57392486,"-57680160#1,-57680160#0,-57680112#0,1116499322,1116499321#0,22561654#0,22561654#3,22561654#4,22561654#5,22561499#0,22561499#1,22561499#2,174907152#0,174907152#1,174907152#2,-57392486",1.966606642657063
-57680160#1,57392486,"-57680160#1,-57680160#0,57680112#1,57680087#0,57680087#1,57680087#2,1116499328#0,1116499328#1,1116499329,1116499330#0,1116499330#1,57680180#0,57680180#1,57680180#2,57680180#3,174907152#0,174907152#1,174907152#2,-57392486",2.051140456182473
-57680160#1,57392486,"-57680160#1,-57680160#0,57680112#1,57680087#0,57680087#1,57680087#2,1116499328#0,1116499328#1,1116499329,1116499330#0,1116499330#1,57680180#0,57680171#0,57680171#1,57680171#2,22561499#2,174907152#0,174907152#1,174907152#2,-57392486",2.083013205282113
-57680166#1,-39353757#3,"-57680166#1,-57680146,-57680097#0,-1238123695#0,-174375409,57680120#0,57680120#1,1238123694,563272697,563271328,174375401,1238123690,174375405,561133138,-174375407#4,-174375407#3,-174375407#2,-174375407#1,-174375407#0,-563297843,57680093,39353757#0,39353757#1,39353757#2,39353757#3",2.234140307147611
-57680166#1,-39353757#3,"-57680166#1,-57680146,-57680097#0,-1238123695#0,-174375409,57680120#0,57680120#1,1238123694,563272697,561133136,561133138,-174375407#4,-174375407#3,-174375407#2,-174375407#1,-174375407#0,-563297843,-174907149,-39353757#19,-39353757#18,57680181#0,57680181#1,39353757#1,39353757#2,39353757#3",3.877273384712691
-57680166#1,-39353757#3,"-57680166#1,-57680146,-57680097#0,-1238123695#0,-174375409,57680120#0,57680120#1,1238123694,563272697,561133136,561133138,-174375407#4,-174375407#3,-174375407#2,-174375407#1,-174375407#0,-563297843,57680093,39353757#0,39353757#1,39353757#2,39353757#3",2.2095062778699535
-57680166#1,-39353757#3,"-57680166#1,-57680146,-57680097#0,-1238123695#0,-174375409,57680120#0,57680120#1,1238123694,563272697,561133136,561133138,-174375407#4,-174375407#3,-174375407#2,-174375407#1,-174375407#0,-563297843,-174907149,-39353757#19,174375411#0,174375411#1,39353757#0,39353757#1,39353757#2,39353757#3",3.8240921122036875
-57680166#1,-39353757#3,"-57680166#1,-57680146,-57680097#0,-1238123695#0,-174375409,57680120#0,57680120#1,1238123694,563272697,563271328,174375401,1238123690,174375405,561133138,-174375407#4,-174375407#3,-174375407#2,-174375407#1,-174375407#0,-563297843,-174907149,-39353757#19,-39353757#18,57680181#0,57680181#1,39353757#1,39353757#2,39353757#3",3.9019074139903482
-57680166#1,-39353757#3,"-57680166#1,-57680146,-57680097#0,-1238123695#0,-174375409,57680120#0,57680120#1,1238123694,563272697,563271328,174375401,1238123690,174375405,561133138,-174375407#4,-174375407#3,-174375407#2,-174375407#1,-174375407#0,-563297843,-174907149,-39353757#19,174375411#0,174375411#1,39353757#0,39353757#1,39353757#2,39353757#3",3.848726141481345
-57680166#1,-39353757#3,"-57680166#1,-57680146,-57680097#0,-1238123695#0,-174375409,57680120#0,57680120#1,1238123694,563272697,561133136,561133138,-174375407#4,-174375407#3,-174375407#2,-174375407#1,-174375407#0,-563297843,-174907149,-39353757#19,-39353757#18,-39353757#17,39389916#0,39389916#1,1123308756,-39353757#3",4.006885229450586
-57680166#1,-39353757#3,"-57680166#1,-57680146,-57680097#0,-1238123695#0,-174375409,57680120#0,57680120#1,1238123694,563272697,561133136,561133138,-174375407#4,-174375407#3,-174375407#2,-174375407#1,-174375407#0,-563297843,-174907149,-39353757#19,-39353757#18,-39353757#17,-39353757#16,-57680150#1,-57680150#0,-39353757#4,-39353757#3",4.279334209042422
-57680175,-174375407#3,"-57680175,-57680125#0,-57680135,-57680114#3,-57680114#2,-57680114#1,-57680114#0,-1264978471,-57680145#1,-57680145#0,-1116499324#2,-1116499324#1,-1116499324#0,57680087#0,57680087#1,57680087#2,1116499328#0,1116499328#1,1116499329,1116499330#0,1116499330#1,57680180#0,57680171#0,57680171#1,57680171#2,22561499#2,174907152#0,174907152#1,174907152#2,174907151#0,174907151#2,174907151#5,22561652#1,22561652#2,22561652#3,22561652#4,22561652#5,22561652#6,125835948,563369678,1238123690,174375405,561133138,-174375407#4,-174375407#3",4.649280745315035
-57680175,-174375407#3,"-57680175,-57680125#0,-57680135,-57680114#3,-57680114#2,-57680114#1,-57680114#0,-1264978471,-57680145#1,-57680145#0,-1116499324#2,-1116499324#1,-1116499324#0,57680087#0,57680087#1,57680087#2,1116499328#0,1116499328#1,1116499329,1116499330#0,1116499330#1,57680180#0,57680171#0,57680171#1,57680171#2,22561499#2,174907152#0,174907152#1,174907152#2,-57392486,1163710302,57392474,57392457#1,22561652#1,22561652#2,22561652#3,22561652#4,22561652#5,22561652#6,125835948,563369678,1238123690,174375405,561133138,-174375407#4,-174375407#3",5.677470654372182
-57680175,-174375407#3,"57680175,227218423,227218424,154901400#0,154901400#1,-227218688,-57680127,-57680164,-57680125#1,-57680125#0,-125835961,-125835958,-55682704#2,-55682704#1,-55682704#0,-849128758#0,-55682703,55682343#1,55682342#1,55682342#2,1116499323#0,1116499323#1,1264978470#0,1264978470#1,1116499322,1116499321#0,22561654#0,22561654#3,22561654#4,22561654#5,22561499#0,22561499#1,22561499#2,174907152#0,174907152#1,174907152#2,-57392486,1163710302,57392474,57392457#1,22561652#1,22561652#2,22561652#3,22561652#4,22561652#5,22561652#6,125835948,563369678,1238123690,174375405,561133138,-174375407#4,-174375407#3",8.688008616936726
-57680175,-174375407#3,"57680175,227218423,227218424,154901400#0,154901400#1,-227218688,-57680127,-57680164,-57680125#1,-57680125#0,-57680135,-57680114#3,-57680114#2,-57680114#1,-57680114#0,-1264978471,-57680145#1,-57680145#0,-1116499324#2,-1116499324#1,-1116499324#0,57680087#0,57680087#1,57680087#2,1116499328#0,1116499328#1,1116499329,1116499330#0,1116499330#1,57680180#0,57680180#1,57680180#2,57680180#3,174907152#0,174907152#1,174907152#2,174907151#0,174907151#2,174907151#5,22561652#1,22561652#2,22561652#3,22561652#4,22561652#5,22561652#6,125835948,563369678,1238123690,174375405,561133138,-174375407#4,-174375407#3",6.950092119846736
-57680175,-174375407#3,"-57680175,57680125#1,57680125#2,57680127,227218689,154901400#2,154901400#3,154901400#4,154901400#5,23030923#2,23030922#1,41231752,561133140#1,79119284#2,79119284#3,79119284#4,79119284#5,-79116549#6,-79116549#5,-79116549#4,-79116549#3,-79116549#2,-79116549#1,-79116549#0,79116530#2,79116530#3,-979842178#5,-979842178#4,-979842178#3,870315481#0,870315481#1,870315479#1,870315480,-979842178#0,-226068307,213840997,1157449881,979838980#0,979838980#1,979838980#2,979838980#3,979838980#4,979838980#5,979838980#6,57680170#0,57680170#1,57680132#0,57680132#1,174375408#0,174375408#1,-174375409,57680120#0,57680120#1,1238123694,563272697,563271328,174375401,1238123690,174375405,561133138,-174375407#4,-174375407#3",9.581535286608302
57680146,-57680135,"-57680146,-57680097#0,-1238123695#0,-174375409,57680120#0,57680120#1,1238123694,563272697,563271328,1238123691,-22561498,-22561652#6,-22561652#5,-22561652#4,-22561652#3,-22561652#2,-22561652#1,-22561652#0,-174907151#4,-174907151#1,-174907152#2,-174907152#1,-174907152#0,-57680180#3,-57680180#2,-57680180#1,-57680180#0,-563282223,-1116499330#0,-1116499329,-1116499328#1,-1116499328#0,-57680087#2,-57680087#1,-57680087#0,1116499324#0,1116499324#1,1116499324#2,57680145#0,57680145#1,1264978471,561133118,57680114#1,57680114#2,57680114#3,57680135",3.933741717622394
57680146,-57680135,"57680146,-57680146,-57680097#0,-1238123695#0,-174375409,57680120#0,57680120#1,1238123694,563272697,563271328,1238123691,-22561498,-22561652#6,-22561652#5,-22561652#4,-22561652#3,-22561652#2,-22561652#1,-22561652#0,-174907151#4,-174907151#1,-174907152#2,-174907152#1,-174907152#0,-57680180#3,-57680180#2,-57680180#1,-57680180#0,-563282223,-1116499330#0,-1116499329,-1116499328#1,-1116499328#0,-57680087#2,-57680087#1,-57680087#0,1116499324#0,1116499324#1,1116499324#2,57680145#0,57680145#1,1264978471,561133118,57680114#1,57680114#2,57680114#3,57680135",4.21857385191496
-561133130#1,-22561652#0,"561133130#1,1116499330#1,57680180#0,57680180#1,57680180#2,57680180#3,174907152#0,174907152#1,174907152#2,-57392486,1163710302,57392474,57392457#1,-22561652#0",1.9041002732028063
-561133130#1,-22561652#0,"-561133130#1,561133130#1,-1116499330#0,-1116499329,-1116499328#1,-1116499328#0,-57680087#2,-57680087#1,-57680087#0,-57680112#1,-57680112#0,1116499322,1116499321#0,22561654#0,22561654#3,22561654#4,22561654#5,22561499#0,22561499#1,22561499#2,174907152#0,174907152#1,174907152#2,174907151#0,174907151#2,174907151#5",2.4953381352541015
-561133130#1,-22561652#0,"561133130#1,1116499330#1,57680180#0,57680171#0,57680171#1,57680171#2,22561499#2,174907152#0,174907152#1,174907152#2,-57392486,1163710302,57392474,57392457#1,-22561652#0",1.9359730223024463
-561133130#1,-22561652#0,"561133130#1,1116499330#1,57680180#0,57680180#1,57680180#2,57680180#3,174907152#0,174907152#1,174907152#2,174907151#0,174907151#2,174907151#5",0.7067426970788315
-561133130#1,-22561652#0,"561133130#1,1116499330#1,57680180#0,57680171#0,57680171#1,57680171#2,22561499#2,174907152#0,174907152#1,174907152#2,174907151#0,174907151#2,174907151#5",0.7386154461784714
-561133130#1,-22561652#0,"-561133130#1,561133130#1,-1116499330#0,-1116499329,-1116499328#1,-1116499328#0,-57680087#2,-57680087#1,-57680087#0,-57680112#1,-57680112#0,1116499322,1116499321#0,22561654#0,22561654#3,22561654#4,22561654#5,22561499#0,22561499#1,22561499#2,174907152#0,174907152#1,174907152#2,-57392486,1163710302,57392474,57392457#1,-22561652#0",3.692695711378076
-561133130#1,-22561652#0,"561133130#1,-1116499330#0,-1116499329,-1116499328#1,-1116499328#0,-57680087#2,-57680087#1,-57680087#0,-57680112#1,-57680112#0,1116499322,1116499321#0,22561654#0,22561654#3,22561654#4,22561654#5,22561499#0,22561499#1,22561499#2,174907152#0,174907152#1,174907152#2,174907151#0,174907151#2,174907151#5",2.416666666666667
-561133130#1,-22561652#0,"-561133130#1,561133130#1,1116499330#1,57680180#0,57680171#0,57680171#1,57680171#2,22561499#2,174907152#0,174907152#1,174907152#2,174907151#0,174907151#2,174907151#5",0.8172869147659064
-561133130#1,-22561652#0,"-561133130#1,561133130#1,1116499330#1,57680180#0,57680180#1,57680180#2,57680180#3,174907152#0,174907152#1,174907152#2,174907151#0,174907151#2,174907151#5",0.7854141656662665
-561133130#1,-22561652#0,"-561133130#1,561133130#1,1116499330#1,57680180#0,57680180#1,57680180#2,57680180#3,174907152#0,174907152#1,174907152#2,-57392486,1163710302,57392474,57392457#1,-22561652#0",1.9827717417902413
-1264978470#1,57680171#0,"1264978470#1,57680111,57680112#1,57680087#0,57680087#1,57680087#2,1116499328#0,1116499328#1,1116499329,1116499330#0,1116499330#1,57680180#0,57680171#0",1.784913965586235
-1264978470#1,57680171#0,"1264978470#1,1116499322,1116499321#0,22561654#0,22561654#3,22561654#4,22561654#5,22561499#0,22561499#1,22561499#2,-57680180#3,-57680180#2,-57680180#1,57680171#0",1.6421568627450978
-1264978470#1,57680171#0,"-1264978470#1,1264978470#1,1116499322,1116499321#0,22561654#0,22561654#3,22561654#4,22561654#5,22561499#0,22561499#1,22561499#2,174907152#0,174907152#1,174907152#2,1116499317#0,1116499317#1,1116499317#2,1116499317#3,1116499316#0,1116499316#1,1116499315#1,1116499315#2,628868117#0,628868117#1,563371197#1,563371197#2,57680180#0,57680171#0",2.801669336799468
-1264978470#1,57680171#0,"-1264978470#1,1264978470#1,57680111,57680112#1,57680087#0,57680087#1,57680087#2,1116499328#0,1116499328#1,1116499329,1116499330#0,1116499330#1,57680180#0,57680171#0",2.318347338935575
-1264978470#1,57680171#0,"-1264978470#1,1264978470#1,1116499322,1116499321#0,22561654#0,22561654#3,22561654#4,22561654#5,22561499#0,22561499#1,22561499#2,-57680180#3,-57680180#2,-57680180#1,57680171#0",2.1755902360944375
-1264978470#1,57680171#0,"1264978470#1,1116499322,1116499321#0,22561654#0,22561654#3,22561654#4,22561654#5,22561499#0,22561499#1,22561499#2,174907152#0,174907152#1,174907152#2,1116499317#0,1116499317#1,1116499317#2,1116499317#3,1116499316#0,1116499316#1,1116499315#1,1116499315#2,628868117#0,628868117#1,563371197#1,563371197#2,57680180#0,57680171#0",2.2682359634501283
-57680102,-57680152#1,"-57680102,-57680109,125835951#1,57680112#1,57680087#0,57680087#1,57680087#2,1116499328#0,1116499328#1,1116499329,1116499332#0,1116499332#1,1116499332#2,1116499331#0,1116499331#1,57680152#1",1.4942577030812327
-57680102,-57680152#1,"-57680102,-57680109,125835951#1,-57680112#0,-1264978470#1,-1264978470#0,-1116499323#1,-1116499323#0,-561133121,-55682342#1,-55682342#0,55682703,849128758#0,849128758#1,55682704#1,55682704#2,55682704#3,125835961,-57680135,-57680114#3,-57680114#2,-57680114#1,-57680114#0,-1264978471,-57680145#1,-57680145#0,-1116499324#2,-1116499324#1,-1116499324#0,57680087#0,57680087#1,57680087#2,1116499328#0,1116499328#1,1116499329,1116499332#0,1116499332#1,1116499332#2,1116499331#0,1116499331#1,57680152#1",6.631698740763898
57680171#1,-22561652#4,"57680171#1,57680171#2,22561499#2,174907152#0,174907152#1,174907152#2,-57392486,1163710302,57392474,57392457#1,22561652#1,22561652#2,22561652#3,22561652#4",2.0649045949314977
57680171#1,-22561652#4,"57680171#1,57680171#2,22561499#2,174907152#0,174907152#1,174907152#2,174907151#0,174907151#2,174907151#5,22561652#1,22561652#2,22561652#3,22561652#4",1.0367146858743497
57680171#1,-22561652#4,"57680171#1,57680171#2,-22561499#1,-22561499#0,-22561654#5,-22561654#4,-22561654#3,-22561654#2,-1116499321#1,-1116499322,57680111,57680112#1,57680087#0,57680087#1,57680087#2,1116499328#0,1116499328#1,1116499329,1116499330#0,1116499330#1,57680180#0,57680180#1,57680180#2,57680180#3,174907152#0,174907152#1,174907152#2,174907151#0,174907151#2,174907151#5,22561652#1,22561652#2,22561652#3,22561652#4",3.3346938775510204
57680106,57099589,"57680106,39353757#15,39353757#16,39353757#17,57680181#0,57680181#1,-39353757#0,57680128,174375407#0,174375407#1,174375407#2,174375407#3,174375407#4,174375402,174375403,563272698,563272697,563271328,1238123691,-22561498,-22561652#6,-22561652#5,-22561652#4,-22561652#3,-22561652#2,-22561652#1,-22561652#0,-174907151#4,-174907151#1,-174907152#2,-174907152#1,-174907152#0,-22561653,-22561499#1,-22561499#0,-22561654#5,-22561654#4,-22561654#3,-22561654#2,-1116499321#1,-1116499322,-1264978470#1,57099589",5.940859093817514
57680145#0,-22561653,"-57680145#0,-1116499324#2,-1116499324#1,-1116499324#0,57680087#0,57680087#1,57680087#2,1116499328#0,1116499328#1,1116499329,1116499330#0,1116499330#1,57680180#0,57680171#0,57680171#1,57680171#2,22561499#2",1.250899611104341
57680145#0,-22561653,"-57680145#0,-1116499324#2,-1116499324#1,-1116499324#0,57680087#0,57680087#1,57680087#2,1116499328#0,1116499328#1,1116499329,1116499330#0,1116499330#1,57680180#0,57680180#1,57680180#2,57680180#3,-22561653",1.2476983305921359
57680145#0,-22561653,"57680145#0,57680145#1,1264978471,561133118,57680114#1,57680114#2,57680114#3,57680135,-125835961,-125835958,-55682704#2,-55682704#1,-55682704#0,-849128758#0,-55682703,55682343#1,55682342#1,55682342#2,1116499323#0,1116499323#1,1264978470#0,1264978470#1,57680111,57680112#1,57680087#0,57680087#1,57680087#2,1116499328#0,1116499328#1,1116499329,1116499330#0,1116499330#1,57680180#0,57680171#0,57680171#1,57680171#2,22561499#2",6.44684870723607
57680145#0,-22561653,"57680145#0,57680145#1,1264978471,561133118,57680114#1,57680114#2,57680114#3,57680135,-125835961,-125835958,-55682704#2,-55682704#1,-55682704#0,-849128758#0,-55682703,55682343#1,55682342#1,55682342#2,1116499323#0,1116499323#1,1264978470#0,1264978470#1,1116499322,1116499321#0,22561654#0,22561654#3,22561654#4,22561654#5,22561499#0,22561499#1,22561499#2",5.7857642734625605
57680145#0,-22561653,"-57680145#0,-1116499324#2,-1116499324#1,-1116499324#0,-57680112#1,-57680112#0,1116499322,1116499321#0,22561654#0,22561654#3,22561654#4,22561654#5,22561499#0,22561499#1,22561499#2",1.3512397471587625
57680145#0,-22561653,"57680145#0,57680145#1,1264978471,561133118,57680114#1,57680114#2,57680114#3,57680135,-125835961,-125835958,-55682704#2,-55682704#1,-55682704#0,-849128758#0,-55682703,55682343#1,55682342#1,55682342#2,1116499323#0,1116499323#1,1264978470#0,1264978470#1,57680111,57680112#1,57680087#0,57680087#1,57680087#2,1116499328#0,1116499328#1,1116499329,1116499330#0,1116499330#1,57680180#0,57680180#1,57680180#2,57680180#3,-22561653",6.4436474267238655
-57680160#1,-22561653,"-57680160#1,-57680160#0,57680112#1,57680087#0,57680087#1,57680087#2,1116499328#0,1116499328#1,1116499329,1116499330#0,1116499330#1,57680180#0,57680180#1,57680180#2,57680180#3,-22561653",1.838155262104842
-57680160#1,-22561653,"-57680160#1,-57680160#0,-57680112#0,1116499322,1116499321#0,22561654#0,22561654#3,22561654#4,22561654#5,22561499#0,22561499#1,22561499#2",1.724949979991997
-57680160#1,-22561653,"-57680160#1,-57680160#0,57680112#1,57680087#0,57680087#1,57680087#2,1116499328#0,1116499328#1,1116499329,1116499330#0,1116499330#1,57680180#0,57680171#0,57680171#1,57680171#2,22561499#2",1.841356542617047
57680095#0,-561133140#1,"-57680095#0,-1116499322,57680111,57680112#1,1116499324#0,1116499324#1,1116499324#2,57680145#0,57680145#1,1264978471,561133118,57680114#1,57680114#2,57680114#3,57680135,57680125#0,57680125#1,57680125#2,57680127,227218689,154901400#2,154901400#3,154901400#4,154901400#5,23030923#2,23030922#1,41231752,561133140#1",8.143813805720503
57680095#0,-561133140#1,"-57680095#0,-1116499322,-1264978470#1,-1264978470#0,-1116499323#1,-1116499323#0,-561133121,-55682342#1,-55682342#0,55682703,849128758#0,849128758#1,55682704#1,55682704#2,55682704#3,125835961,57680125#0,57680125#1,57680125#2,57680127,227218689,154901400#2,154901400#3,154901400#4,154901400#5,23030923#2,23030922#1,41231752,561133140#1",8.725205902211249
57680095#0,-561133140#1,"-57680095#0,-1116499322,57680111,57680112#1,1116499324#0,1116499324#1,1116499324#2,57680145#0,57680145#1,1264978471,561133118,57680114#1,57680114#2,57680114#3,57680135,57680125#0,57680175,227218423,227218424,154901400#0,154901400#1,154901400#2,154901400#3,154901400#4,154901400#5,23030923#2,23030922#1,41231752,561133140#1",7.9161160448248555
57680095#0,-561133140#1,"-57680095#0,-1116499322,-1264978470#1,-1264978470#0,-1116499323#1,-1116499323#0,-561133121,-55682342#1,-55682342#0,55682703,849128758#0,849128758#1,55682704#1,55682704#2,55682704#3,125835961,57680125#0,57680175,227218423,227218424,154901400#0,154901400#1,154901400#2,154901400#3,154901400#4,154901400#5,23030923#2,23030922#1,41231752,561133140#1",8.4975081413156
-57680089#4,-22561652#3,"-57680089#4,-57680089#3,-57680089#2,-57680089#1,-57680089#0,57680170#1,57680132#0,57680132#1,174375406,1238123693,1238123694,563272697,563271328,1238123691,-22561498,-22561652#6,-22561652#5,-22561652#4,-22561652#3",0.6397041610020539
-57680089#4,-22561652#3,"-57680089#4,-57680089#3,-57680089#2,-57680089#1,-57680089#0,57680170#1,57680132#0,57680132#1,174375408#0,174375408#1,-174375409,57680120#0,57680120#1,1238123694,563272697,563271328,1238123691,-22561498,-22561652#6,-22561652#5,-22561652#4,-22561652#3",0.6358644681774798
-39353757#14,57392486,"39353757#14,39353757#15,39353757#16,39353757#17,39353757#18,174375411#0,174375411#1,57680128,174375407#0,174375407#1,174375407#2,174375407#3,174375407#4,174375402,174375403,563272698,563272697,563271328,1238123691,-22561498,-22561652#6,-22561652#5,-22561652#4,-22561652#3,-22561652#2,-22561652#1,-22561652#0,-174907151#4,-174907151#1,-57392486",3.7779339237494844
-39353757#14,57392486,"-39353757#14,-39353757#13,174375412,49188792#1,-39353757#7,-39353757#6,57680106,39353757#15,39353757#16,39353757#17,39353757#18,174375411#0,174375411#1,57680128,174375407#0,174375407#1,174375407#2,174375407#3,174375407#4,174375402,174375403,561133137,563273548,174375408#0,174375408#1,-174375409,57680120#0,57680120#1,1238123694,563272697,563271328,1238123691,-22561498,-22561652#6,-22561652#5,-22561652#4,-22561652#3,-22561652#2,-22561652#1,-22561652#0,-174907151#4,-174907151#1,-57392486",5.009539741022401
-39353757#14,57392486,"39353757#14,39353757#15,-57680150#1,-57680150#0,-39353757#4,-39353757#3,-39353757#2,-39353757#1,-39353757#0,57680128,174375407#0,174375407#1,174375407#2,174375407#3,174375407#4,174375402,174375403,563272698,563272697,563271328,1238123691,-22561498,-22561652#6,-22561652#5,-22561652#4,-22561652#3,-22561652#2,-22561652#1,-22561652#0,-174907151#4,-174907151#1,-57392486",3.4812152362744944
-39353757#14,57392486,"39353757#14,39353757#15,39353757#16,39389916#0,39389916#1,1123308756,-39353757#3,-39353757#2,-39353757#1,-39353757#0,57680128,174375407#0,174375407#1,174375407#2,174375407#3,174375407#4,174375402,174375403,563272698,563272697,563271328,1238123691,-22561498,-22561652#6,-22561652#5,-22561652#4,-22561652#3,-22561652#2,-22561652#1,-22561652#0,-174907151#4,-174907151#1,-57392486",3.732355692456968
-39353757#14,57392486,"-39353757#14,49188792#0,49188792#1,-39353757#7,-39353757#6,57680106,39353757#15,39353757#16,39353757#17,39353757#18,174375411#0,174375411#1,57680128,174375407#0,174375407#1,174375407#2,174375407#3,174375407#4,174375402,174375403,563272698,563272697,563271328,1238123691,-22561498,-22561652#6,-22561652#5,-22561652#4,-22561652#3,-22561652#2,-22561652#1,-22561652#0,-174907151#4,-174907151#1,-57392486",4.949602591216474
-39353757#14,57392486,"-39353757#14,39353757#14,39353757#15,-57680150#1,-57680150#0,-39353757#4,-39353757#3,-39353757#2,-39353757#1,-39353757#0,57680128,174375407#0,174375407#1,174375407#2,174375407#3,174375407#4,174375402,174375403,563272698,563272697,563271328,1238123691,-22561498,-22561652#6,-22561652#5,-22561652#4,-22561652#3,-22561652#2,-22561652#1,-22561652#0,-174907151#4,-174907151#1,-57392486",3.6173496900560074
-39353757#14,57392486,"-39353757#14,39353757#14,39353757#15,39353757#16,39389916#0,39389916#1,1123308756,-39353757#3,-39353757#2,-39353757#1,-39353757#0,57680128,174375407#0,174375407#1,174375407#2,174375407#3,174375407#4,174375402,174375403,563272698,563272697,563271328,1238123691,-22561498,-22561652#6,-22561652#5,-22561652#4,-22561652#3,-22561652#2,-22561652#1,-22561652#0,-174907151#4,-174907151#1,-57392486",3.8684901462384804
-39353757#14,57392486,"39353757#14,39353757#15,39353757#16,39353757#17,57680181#0,57680181#1,-39353757#0,57680128,174375407#0,174375407#1,174375407#2,174375407#3,174375407#4,174375402,174375403,563272698,563272697,563271328,1238123691,-22561498,-22561652#6,-22561652#5,-22561652#4,-22561652#3,-22561652#2,-22561652#1,-22561652#0,-174907151#4,-174907151#1,-57392486",3.846561374729877
-39353757#14,57392486,"-39353757#14,49188792#0,49188792#1,-39353757#7,-39353757#6,57680106,39353757#15,-57680150#1,-57680150#0,-39353757#4,-39353757#3,1123308755,-39389916#1,-39389916#0,39353757#17,39353757#18,174375411#0,174375411#1,57680128,174375407#0,174375407#1,174375407#2,174375407#3,174375407#4,174375402,174375403,563272698,563272697,563271328,1238123691,-22561498,-22561652#6,-22561652#5,-22561652#4,-22561652#3,-22561652#2,-22561652#1,-22561652#0,-174907151#4,-174907151#1,-57392486",6.428474139835923
-904395706#1,-1264978470#1,"904395706#1,174907149,563297843,174375407#0,174375407#1,174375407#2,174375407#3,174375407#4,174375402,174375403,563272698,563272697,563271328,1238123691,-22561498,-22561652#6,-22561652#5,-22561652#4,-22561652#3,-22561652#2,-22561652#1,-22561652#0,-174907151#4,-174907151#1,-174907152#2,-174907152#1,-174907152#0,-22561653,-22561499#1,-22561499#0,-22561654#5,-22561654#4,-22561654#3,-22561654#2,-1116499321#1,-1116499322,-1264978470#1",4.134596588815511
-904395706#1,-1264978470#1,"904395706#1,-39353757#19,174375411#0,174375411#1,57680128,174375407#0,174375407#1,174375407#2,174375407#3,174375407#4,174375402,174375403,561133137,563273548,174375406,1238123693,1238123694,563272697,563271328,1238123691,-22561498,-22561652#6,-22561652#5,-22561652#4,-22561652#3,-22561652#2,-22561652#1,-22561652#0,-174907151#4,-174907151#1,1116499317#0,1116499317#1,1116499317#2,1116499317#3,1116499316#0,1116499316#1,1116499315#1,1116499315#2,628868117#0,628868117#1,563371197#1,563371197#2,-563282223,-1116499330#0,-1116499329,-1116499328#1,-1116499328#0,-57680087#2,-57680087#1,-57680087#0,-57680112#1,-57680112#0,-1264978470#1",4.957635783853451
-904395706#1,-1264978470#1,"904395706#1,174907149,563297843,174375407#0,174375407#1,174375407#2,174375407#3,174375407#4,174375402,174375403,563272698,563272697,563271328,1238123691,-22561498,-22561652#6,-22561652#5,-22561652#4,-22561652#3,-22561652#2,-22561652#1,-22561652#0,-174907151#4,-174907151#1,-174907152#2,-174907152#1,-174907152#0,-57680180#3,-57680180#2,-57680180#1,-57680180#0,-563282223,-1116499330#0,-1116499329,-1116499328#1,-1116499328#0,-57680087#2,-57680087#1,-57680087#0,-57680112#1,-57680112#0,-1264978470#1",4.765588985774296
-904395706#1,-1264978470#1,"904395706#1,174907149,57680093,57680128,174375407#0,174375407#1,174375407#2,174375407#3,174375407#4,174375402,174375403,561133137,563273548,174375408#0,174375408#1,-174375409,57680120#0,57680120#1,1238123694,563272697,563271328,1238123691,-22561498,-22561652#6,-22561652#5,-22561652#4,-22561652#3,-22561652#2,-22561652#1,-22561652#0,-174907151#4,-174907151#1,-174907152#2,-174907152#1,-174907152#0,-57680180#3,-57680180#2,-57680180#1,-57680180#0,-563282223,-1116499330#0,-1116499329,-1116499328#1,-1116499328#0,-57680087#2,-57680087#1,-57680087#0,-57680112#1,-57680112#0,-1264978470#1",4.817753004729611
-904395706#1,-1264978470#1,"-904395706#1,904395706#1,174907149,563297843,174375407#0,174375407#1,174375407#2,174375407#3,174375407#4,174375402,174375403,563272698,563272697,563271328,1238123691,-22561498,-22561652#6,-22561652#5,-22561652#4,-22561652#3,-22561652#2,-22561652#1,-22561652#0,-174907151#4,-174907151#1,-174907152#2,-174907152#1,-174907152#0,-22561653,-22561499#1,-22561499#0,-22561654#5,-22561654#4,-22561654#3,-22561654#2,-1116499321#1,-1116499322,-1264978470#1",4.226993547599024
-904395706#1,-1264978470#1,"-904395706#1,904395706#1,-39353757#19,-39353757#18,57680181#0,57680181#1,-39353757#0,57680128,174375407#0,174375407#1,174375407#2,174375407#3,174375407#4,174375402,174375403,561133137,563273548,174375406,1238123693,1238123694,563272697,563271328,1238123691,-22561498,-22561652#6,-22561652#5,-22561652#4,-22561652#3,-22561652#2,-22561652#1,-22561652#0,-174907151#4,-174907151#1,-174907152#2,-174907152#1,-174907152#0,-57680180#3,-57680180#2,-57680180#1,-57680180#0,-563282223,-1116499330#0,-1116499329,-1116499328#1,-1116499328#0,-57680087#2,-57680087#1,-57680087#0,-57680112#1,-57680112#0,-1264978470#1",5.124433834008766
-904395706#1,-1264978470#1,"904395706#1,174907149,57680093,57680128,174375407#0,174375407#1,174375407#2,174375407#3,174375407#4,174375402,174375403,563272698,563272697,563271328,1238123691,-22561498,-22561652#6,-22561652#5,-22561652#4,-22561652#3,-22561652#2,-22561652#1,-22561652#0,-174907151#4,-174907151#1,-174907152#2,-174907152#1,-174907152#0,-22561653,-22561499#1,-22561499#0,-22561654#5,-22561654#4,-22561654#3,-22561654#2,-1116499321#1,-1116499322,-1264978470#1",4.134996748879537
32897986,-22561653,"-32897986,-22561652#1,-22561652#0,-174907151#4,-174907151#1,-174907152#2,-174907152#1,-174907152#0,-22561653",0.758203281312525
32897986,-22561653,"32897986,-32897986,-22561652#1,-22561652#0,-174907151#4,-174907151#1,-174907152#2,-174907152#1,-174907152#0,-22561653",0.9057222889155663
32897986,-22561653,"32897986,-32897986,-22561652#1,-22561652#0,-174907151#4,-174907151#1,-57392486,1004094803#0,1004094803#1,1004094802,57392452,24580169#2,-57099575#2,-57099575#1,-57099591#1,-57099591#0,32898139#0,32898139#1,32898141,-24580169#0,22561499#0,22561499#1,22561499#2",4.393042685373377
32897986,-22561653,"32897986,-32897986,-22561652#1,-22561652#0,-174907151#4,-174907151#1,1116499317#0,1116499317#1,1116499317#2,1116499317#3,1116499316#0,1116499316#1,1116499315#1,1116499315#2,628868117#0,628868117#1,563371197#1,563371197#2,57680180#0,57680180#1,57680180#2,57680180#3,-22561653",1.5940062715733776
32897986,-22561653,"32897986,-32897986,-22561652#1,-22561652#0,-174907151#4,-174907151#1,-57392486,1004094803#0,1004094803#1,1004094802,57392452,-24580169#1,-24580169#0,22561499#0,22561499#1,22561499#2",2.5307538123162936
32897986,-22561653,"-32897986,-22561652#1,-22561652#0,-174907151#4,-174907151#1,-57392486,1004094803#0,1004094803#1,1004094802,57392452,-24580169#1,-24580169#0,22561499#0,22561499#1,22561499#2",2.3832348047132523
32897986,-22561653,"32897986,-32897986,-22561652#1,-22561652#0,-174907151#4,-174907151#1,1116499317#0,1116499317#1,1116499317#2,1116499317#3,1116499316#0,1116499316#1,1116499315#1,1116499315#2,628868117#0,628868117#1,563371197#1,563371197#2,57680180#0,57680171#0,57680171#1,57680171#2,22561499#2",1.5972075520855826
32897986,-22561653,"-32897986,-22561652#1,-22561652#0,-174907151#4,-174907151#1,1116499317#0,1116499317#1,1116499317#2,1116499317#3,1116499316#0,1116499316#1,1116499315#1,1116499315#2,628868117#0,628868117#1,563371197#1,563371197#2,57680180#0,57680180#1,57680180#2,57680180#3,-22561653",1.4464872639703363
32897986,-22561653,"32897986,-32897986,-22561652#1,-22561652#0,-174907151#4,-174907151#1,-57392486,1004094803#0,1004094803#1,1004094802,57392452,24580169#2,-57099575#2,-57099587#1,32898141,-24580169#0,22561499#0,22561499#1,22561499#2",3.0822555483443383
32897986,-22561653,"-32897986,-22561652#1,-22561652#0,-174907151#4,-174907151#1,-57392486,1004094803#0,1004094803#1,1004094802,57392452,24580169#2,-57099575#2,-57099575#1,-57099591#1,-57099591#0,32898139#0,32898139#1,32898141,-24580169#0,22561499#0,22561499#1,22561499#2",4.245523677770335
-174375407#2,57680159,"-174375407#2,-174375407#1,-174375407#0,-563297843,-174907149,-39353757#19,-39353757#18,57680159",1.7638855542216887
-174375407#2,57680159,"-174375407#2,-174375407#1,-174375407#0,-563297843,57680093,39353757#0,39353757#1,39353757#2,1123308755,-39389916#1,-39389916#0,39353757#17,57680159",2.015806322529012
-174375407#2,57680159,"-174375407#2,-174375407#1,-174375407#0,-563297843,57680093,39353757#0,39353757#1,39353757#2,39353757#3,39353757#4,57680150#0,57680150#1,39353757#16,39353757#17,57680159",2.315506202480992
-174375407#2,57680159,"-174375407#2,-174375407#1,-174375407#0,-563297843,-174907149,-39353757#19,174375411#0,174375411#1,39353757#0,39353757#1,39353757#2,39353757#3,39353757#4,57680150#0,57680150#1,39353757#16,39353757#17,57680159",3.9300920368147256
-174375407#2,57680159,"-174375407#2,-174375407#1,-174375407#0,-563297843,-174907149,-39353757#19,174375411#0,174375411#1,39353757#0,39353757#1,39353757#2,1123308755,1123308756,39353757#4,57680150#0,57680150#1,39353757#16,39353757#17,57680159",3.96594637855142
-174375407#2,57680159,"-174375407#2,-174375407#1,-174375407#0,-563297843,57680093,39353757#0,39353757#1,39353757#2,1123308755,1123308756,39353757#4,57680150#0,57680150#1,39353757#16,39353757#17,57680159",2.351360544217687
-174375407#2,57680159,"-174375407#2,-174375407#1,-174375407#0,-563297843,-174907149,-39353757#19,174375411#0,174375411#1,39353757#0,39353757#1,39353757#2,1123308755,-39389916#1,-39389916#0,39353757#17,57680159",3.630392156862745
-174375407#2,57680159,"-174375407#2,-174375407#1,-174375407#0,-563297843,57680093,39353757#0,39353757#1,39353757#2,39353757#3,39353757#4,39353757#5,39353757#6,39353757#7,39353757#8,39353757#9,39353757#10,39353757#11,39353757#12,39353757#13,39353757#14,39353757#15,39353757#16,39353757#17,57680159",2.5038815526210487
-174375407#2,57680159,"-174375407#2,-174375407#1,-174375407#0,-563297843,-174907149,-39353757#19,174375411#0,174375411#1,39353757#0,39353757#1,39353757#2,39353757#3,39353757#4,39353757#5,57680106,39353757#15,39353757#16,39353757#17,57680159",4.050420168067227
-174375407#2,57680159,"-174375407#2,-174375407#1,-174375407#0,-563297843,-174907149,-39353757#19,174375411#0,174375411#1,39353757#0,39353757#1,39353757#2,39353757#3,39353757#4,39353757#5,39353757#6,39353757#7,39353757#8,174375415#0,39761731#2,39353757#10,39353757#11,39353757#12,39353757#13,39353757#14,39353757#15,39353757#16,39353757#17,57680159",4.118867547018808
57680113,57680152#2,"57680113,-57680113,-57680089#4,-57680089#3,-57680089#2,-57680089#1,-57680089#0,57680170#1,57680132#0,57680132#1,174375406,1238123693,1238123694,563272697,563271328,1238123691,-22561498,-22561652#6,-22561652#5,-22561652#4,-22561652#3,-22561652#2,-22561652#1,-22561652#0,-174907151#4,-174907151#1,-174907152#2,-174907152#1,-174907152#0,-57680180#3,-57680180#2,-57680180#1,-57680180#0,-563282223,-1116499330#0,1116499332#0,1116499332#1,1116499332#2,1116499331#0,1116499331#1,57680152#1,57680152#2",3.0674352534390286
57680113,57680152#2,"57680113,-57680113,-57680089#4,-57680089#3,-57680089#2,-57680089#1,-57680089#0,57680170#1,57680132#0,57680132#1,174375406,1238123693,1238123694,563272697,563271328,1238123691,-22561498,-22561652#6,-22561652#5,-22561652#4,-22561652#3,-22561652#2,-22561652#1,-22561652#0,-174907151#4,-174907151#1,1116499317#0,1116499317#1,1116499317#2,1116499317#3,1116499316#0,1116499316#1,1116499315#1,1116499315#2,628868117#0,628868117#1,563371197#1,563371197#2,-563282223,-1116499330#0,1116499332#0,1116499332#1,1116499332#2,1116499331#0,1116499331#1,57680152#1,57680152#2",3.2122018291340546
-57392407,-561134628#0,"-57392407,-57392454#0,-24580169#2,-24580169#1,-24580169#0,22561499#0,22561499#1,22561499#2,174907152#0,174907152#1,174907152#2,-57392486,1163710302,57392474,57392457#1,22561652#1,22561652#2,22561652#3,22561652#4,22561652#5,22561652#6,125835948,563369678,1238123690,174375405,561133138,174375402,174375403,561133137,563273548,-57680132#1,-57680132#0,57680179#0,57680179#1,57680179#2,57680179#3,-979838980#6,-979838980#5,-979838980#4,-979838980#3,-979838980#2,-979838980#1,-979838980#0,-563298888,213840999,979842179,226068307,979842178#0,979842178#1,979842178#2,979842178#3,979842178#4,979842178#5,79116530#0,-561134628#1,-561134628#0",5.327786024715383
57680130#2,-1163710302,"57680130#2,-57680130#2,-57680130#1,-57680130#0,-57680097#1,-57680097#0,-1238123695#0,-174375409,57680120#0,57680120#1,1238123694,563272697,563271328,1238123691,-22561498,-22561652#6,-22561652#5,-22561652#4,-22561652#3,-22561652#2,-22561652#1,-22561652#0,-174907151#4,-174907151#1,-57392486,1163710302",2.182249174900316
57680130#2,-1163710302,"-57680130#2,-57680130#1,-57680130#0,-57680097#1,-57680097#0,-1238123695#0,-174375409,57680120#0,57680120#1,1238123694,563272697,563271328,1238123691,-22561498,-22561652#6,-22561652#5,-22561652#4,-22561652#3,-22561652#2,-22561652#1,-22561652#0,-174907151#4,-174907151#1,-57392486,1163710302",2.0457383835334095
-39353757#15,-174375407#2,"39353757#15,39353757#16,39353757#17,39353757#18,39353757#19,174907149,563297843,174375407#0,174375407#1,174375407#2",2.25812324929972
-39353757#15,-174375407#2,"-39353757#15,-39353757#14,49188792#0,49188792#1,-39353757#7,-39353757#6,-39353757#5,-39353757#4,-39353757#3,-39353757#2,-39353757#1,-39353757#0,57680128,174375407#0,174375407#1,174375407#2",1.9644257703081234
-39353757#15,-174375407#2,"-39353757#15,39353757#15,39353757#16,39353757#17,57680181#0,57680181#1,-39353757#0,57680128,174375407#0,174375407#1,174375407#2",2.503361344537815
-39353757#15,-174375407#2,"-39353757#15,39353757#15,-57680150#1,-57680150#0,-39353757#4,-39353757#3,-39353757#2,-39353757#1,-39353757#0,57680128,174375407#0,174375407#1,174375407#2",2.1380152060824327
-39353757#15,-174375407#2,"-39353757#15,39353757#15,39353757#16,39389916#0,39389916#1,1123308756,-39353757#3,-39353757#2,-39353757#1,-39353757#0,57680128,174375407#0,174375407#1,174375407#2",2.389155662264906
-39353757#15,-174375407#2,"39353757#15,39353757#16,39353757#17,57680181#0,57680181#1,-39353757#0,57680128,174375407#0,174375407#1,174375407#2",2.317627050820328
-39353757#15,-174375407#2,"-39353757#15,39353757#15,39353757#16,39353757#17,39353757#18,39353757#19,174907149,563297843,174375407#0,174375407#1,174375407#2",2.4438575430172067
-39353757#15,-174375407#2,"39353757#15,39353757#16,39389916#0,39389916#1,1123308756,-39353757#3,-39353757#2,-39353757#1,-39353757#0,57680128,174375407#0,174375407#1,174375407#2",2.203421368547419
-39353757#15,-174375407#2,"39353757#15,39353757#16,39353757#17,39353757#18,174375411#0,174375411#1,57680128,174375407#0,174375407#1,174375407#2",2.248999599839936
-39353757#15,-174375407#2,"-39353757#15,-39353757#14,-39353757#13,174375412,49188792#1,-39353757#7,-39353757#6,-39353757#5,-39353757#4,-39353757#3,-39353757#2,-39353757#1,-39353757#0,57680128,174375407#0,174375407#1,174375407#2",1.9725990612227613
57680181#1,57680152#2,"57680181#1,-39353757#0,57680128,174375407#0,174375407#1,174375407#2,174375407#3,174375407#4,174375402,174375403,563272698,563272697,563271328,1238123691,-22561498,-22561652#6,-22561652#5,-22561652#4,-22561652#3,-22561652#2,-22561652#1,-22561652#0,-174907151#4,-174907151#1,1116499317#0,1116499317#1,1116499317#2,1116499317#3,1116499316#0,1116499316#1,1116499315#1,1116499315#2,628868117#0,628868117#1,563371197#1,563371197#2,-563282223,-1116499330#0,1116499332#0,1116499332#1,1116499332#2,1116499331#0,1116499331#1,57680152#1,57680152#2",4.644789334978725
57680181#1,57680152#2,"57680181#1,-39353757#0,57680128,174375407#0,174375407#1,174375407#2,174375407#3,174375407#4,174375402,174375403,561133137,563273548,174375406,1238123693,1238123694,563272697,563271328,1238123691,-22561498,-22561652#6,-22561652#5,-22561652#4,-22561652#3,-22561652#2,-22561652#1,-22561652#0,-174907151#4,-174907151#1,-174907152#2,-174907152#1,-174907152#0,-57680180#3,-57680180#2,-57680180#1,-57680180#0,-563282223,-1116499330#0,1116499332#0,1116499332#1,1116499332#2,1116499331#0,1116499331#1,57680152#1,57680152#2",4.555626310999562
57680181#1,57680152#2,"57680181#1,-39353757#0,57680128,174375407#0,174375407#1,174375407#2,174375407#3,174375407#4,174375402,174375403,563272698,563272697,563271328,1238123691,-22561498,-22561652#6,-22561652#5,-22561652#4,-22561652#3,-22561652#2,-22561652#1,-22561652#0,-174907151#4,-174907151#1,-174907152#2,-174907152#1,-174907152#0,-57680180#3,-57680180#2,-57680180#1,-57680180#0,-563282223,-1116499330#0,1116499332#0,1116499332#1,1116499332#2,1116499331#0,1116499331#1,57680152#1,57680152#2",4.500022759283699
57680181#1,57680152#2,"57680181#1,-39353757#0,57680128,174375407#0,174375407#1,174375407#2,174375407#3,174375407#4,174375402,174375403,561133137,563273548,174375406,1238123693,1238123694,563272697,563271328,1238123691,-22561498,-22561652#6,-22561652#5,-22561652#4,-22561652#3,-22561652#2,-22561652#1,-22561652#0,-174907151#4,-174907151#1,1116499317#0,1116499317#1,1116499317#2,1116499317#3,1116499316#0,1116499316#1,1116499315#1,1116499315#2,628868117#0,628868117#1,563371197#1,563371197#2,-563282223,-1116499330#0,1116499332#0,1116499332#1,1116499332#2,1116499331#0,1116499331#1,57680152#1,57680152#2",4.700392886694587
-39353757#4,-22561653,"-39353757#4,-39353757#3,-39353757#2,-39353757#1,-39353757#0,57680128,174375407#0,174375407#1,174375407#2,174375407#3,174375407#4,174375402,174375403,563272698,563272697,563271328,1238123691,-22561498,-22561652#6,-22561652#5,-22561652#4,-22561652#3,-22561652#2,-22561652#1,-22561652#0,-174907151#4,-174907151#1,-174907152#2,-174907152#1,-174907152#0,-22561653",2.6125277612845
-39353757#4,-22561653,"39353757#4,57680150#0,57680150#1,39353757#16,39353757#17,39353757#18,174375411#0,174375411#1,57680128,174375407#0,174375407#1,174375407#2,174375407#3,174375407#4,174375402,174375403,563272698,563272697,563271328,1238123691,-22561498,-22561652#6,-22561652#5,-22561652#4,-22561652#3,-22561652#2,-22561652#1,-22561652#0,-174907151#4,-174907151#1,-174907152#2,-174907152#1,-174907152#0,-22561653",4.530935124229678
-39353757#4,-22561653,"-39353757#4,-39353757#3,-39353757#2,-39353757#1,-39353757#0,57680128,174375407#0,174375407#1,174375407#2,174375407#3,174375407#4,174375402,174375403,561133137,563273548,174375406,1238123693,1238123694,563272697,563271328,1238123691,-22561498,-22561652#6,-22561652#5,-22561652#4,-22561652#3,-22561652#2,-22561652#1,-22561652#0,-174907151#4,-174907151#1,-174907152#2,-174907152#1,-174907152#0,-22561653",2.6681313130003623
1004094802,174375408#0,"1004094802,57392452,-24580169#1,-24580169#0,22561499#0,22561499#1,22561499#2,174907152#0,174907152#1,174907152#2,174907151#0,174907151#2,174907151#5,22561652#1,22561652#2,22561652#3,22561652#4,22561652#5,22561652#6,125835948,563369678,1238123690,174375405,563272699,561133137,563273548,174375408#0",1.7560435048257281
1004094802,174375408#0,"1004094802,57392452,-24580169#1,-24580169#0,22561499#0,22561499#1,22561499#2,174907152#0,174907152#1,174907152#2,-57392486,1163710302,57392474,57392457#1,22561652#1,22561652#2,22561652#3,22561652#4,22561652#5,22561652#6,125835948,563369678,1238123690,174375405,563272699,561133137,563273548,174375408#0",2.7842334138828764
1004094802,174375408#0,"1004094802,57392452,24580169#2,-57099575#2,-57099587#1,32898141,-24580169#0,22561499#0,22561499#1,22561499#2,174907152#0,174907152#1,174907152#2,174907151#0,174907151#2,174907151#5,22561652#1,22561652#2,22561652#3,22561652#4,22561652#5,22561652#6,125835948,563369678,1238123690,174375405,563272699,561133137,563273548,174375408#0",2.3075452408537727
1004094802,174375408#0,"1004094802,57392452,-24580169#1,-24580169#0,22561499#0,22561499#1,22561499#2,174907152#0,174907152#1,174907152#2,174907151#0,174907151#2,174907151#5,22561652#1,22561652#2,22561652#3,22561652#4,22561652#5,22561652#6,125835948,563369678,1238123690,174375405,561133138,174375402,174375403,561133137,563273548,174375408#0",1.8490981492897054
1004094802,174375408#0,"1004094802,57392452,-24580169#1,-24580169#0,22561499#0,22561499#1,22561499#2,174907152#0,174907152#1,174907152#2,-57392486,1163710302,57392474,57392457#1,22561652#1,22561652#2,22561652#3,22561652#4,22561652#5,22561652#6,125835948,563369678,1238123690,174375405,561133138,174375402,174375403,561133137,563273548,174375408#0",2.877288058346853
1004094802,174375408#0,"1004094802,57392452,24580169#2,-57099575#2,-57099587#1,32898141,-24580169#0,22561499#0,22561499#1,22561499#2,174907152#0,174907152#1,174907152#2,174907151#0,174907151#2,174907151#5,22561652#1,22561652#2,22561652#3,22561652#4,22561652#5,22561652#6,125835948,563369678,1238123690,174375405,561133138,174375402,174375403,561133137,563273548,174375408#0",2.4005998853177495
1004094802,174375408#0,"1004094802,57392452,24580169#2,-57099575#2,-57099575#1,-57099591#1,-57099591#0,32898139#0,32898139#1,32898141,-24580169#0,22561499#0,22561499#1,22561499#2,174907152#0,174907152#1,174907152#2,-57392486,1163710302,57392474,57392457#1,22561652#1,22561652#2,22561652#3,22561652#4,22561652#5,22561652#6,125835948,563369678,1238123690,174375405,561133138,174375402,174375403,561133137,563273548,174375408#0",4.739576931403936
-22561652#3,-174375407#2,"22561652#3,22561652#4,22561652#5,22561652#6,125835948,563369678,1238123690,174375405,561133138,-174375407#4,-174375407#3,-174375407#2",0.7384907742794742
-22561652#3,-174375407#2,"-22561652#3,22561652#3,22561652#4,22561652#5,22561652#6,125835948,563369678,1238123690,174375405,561133138,-174375407#4,-174375407#3,-174375407#2",0.7906116226188099
-174907152#1,-1238123695#0,"174907152#1,174907152#2,-57392486,1163710302,57392474,57392457#1,22561652#1,22561652#2,22561652#3,22561652#4,22561652#5,22561652#6,125835948,563369678,1238123690,174375405,563272699,57680153,1238123692#0,1238123692#1,174375409,1238123695#0",1.956438890435156
-174907152#1,-1238123695#0,"174907152#1,174907152#2,174907151#0,174907151#2,174907151#5,22561652#1,22561652#2,22561652#3,22561652#4,22561652#5,22561652#6,125835948,563369678,1238123690,174375405,563272699,57680153,1238123692#0,1238123692#1,174375409,1238123695#0",0.9282489813780085
-174907152#1,-1238123695#0,"174907152#1,174907152#2,174907151#0,174907151#2,174907151#5,22561652#1,22561652#2,22561652#3,22561652#4,22561652#5,22561652#6,125835948,563369678,1238123690,174375405,563272699,561133137,563273548,174375408#0,174375408#1,1238123695#0",0.9415679158632496
-174907152#1,-1238123695#0,"174907152#1,174907152#2,174907151#0,174907151#2,174907151#5,22561652#1,22561652#2,22561652#3,22561652#4,22561652#5,22561652#6,125835948,563369678,1238123690,174375405,561133138,174375402,174375403,57680153,1238123692#0,1238123692#1,174375409,1238123695#0",1.0213036258419856
-174907152#1,-1238123695#0,"174907152#1,174907152#2,174907151#0,174907151#2,174907151#5,22561652#1,22561652#2,22561652#3,22561652#4,22561652#5,22561652#6,125835948,563369678,1238123690,174375405,561133138,174375402,174375403,561133137,563273548,174375408#0,174375408#1,1238123695#0",1.0346225603272268
-174907152#1,-1238123695#0,"174907152#1,174907152#2,-57392486,1163710302,57392474,57392457#1,22561652#1,22561652#2,22561652#3,22561652#4,22561652#5,22561652#6,125835948,563369678,1238123690,174375405,561133138,174375402,174375403,57680153,1238123692#0,1238123692#1,174375409,1238123695#0",2.0494935348991334
-174907152#1,-1238123695#0,"174907152#1,174907152#2,-57392486,1163710302,57392474,57392457#1,22561652#1,22561652#2,22561652#3,22561652#4,22561652#5,22561652#6,125835948,563369678,1238123690,174375405,561133138,174375402,174375403,561133137,563273548,174375408#0,174375408#1,1238123695#0",2.062812469384375
-174907152#1,-1238123695#0,"174907152#1,174907152#2,-57392486,1163710302,57392474,57392457#1,22561652#1,22561652#2,22561652#3,22561652#4,22561652#5,22561652#6,125835948,563369678,1238123690,174375405,563272699,561133137,563273548,174375408#0,174375408#1,1238123695#0",1.9697578249203973
57680130#2,-22561651#1,"-57680130#2,-57680130#1,-57680130#0,-57680097#1,-57680097#0,-1238123695#0,-174375409,57680120#0,57680120#1,1238123694,563272697,563271328,174375401,1238123690,174907150#0,174907150#1,174907150#2,174907150#3,174907150#4,174907150#5,22561651#0,22561651#1",2.41363612823688
57680130#2,-22561651#1,"57680130#2,-57680130#2,-57680130#1,-57680130#0,-57680097#1,-57680097#0,-1238123695#0,-174375409,57680120#0,57680120#1,1238123694,563272697,563271328,174375401,1238123690,174907150#0,174907150#1,174907150#2,174907150#3,174907150#4,174907150#5,22561651#0,22561651#1",2.5501469196037867
57680181#0,-174375407#3,"57680181#0,57680181#1,39353757#1,39353757#2,39353757#3,39353757#4,57680150#0,57680150#1,39353757#16,39353757#17,39353757#18,39353757#19,174907149,57680093,57680128,174375407#0,174375407#1,174375407#2,174375407#3",3.987995198079231
57680181#0,-174375407#3,"57680181#0,57680181#1,-39353757#0,57680128,174375407#0,174375407#1,174375407#2,174375407#3",1.8277110844337736
57680181#0,-174375407#3,"57680181#0,57680181#1,39353757#1,39353757#2,39353757#3,39353757#4,57680150#0,57680150#1,39353757#16,39353757#17,39353757#18,39353757#19,174907149,563297843,174375407#0,174375407#1,174375407#2,174375407#3",3.9875950380152054
57680181#0,-174375407#3,"57680181#0,57680181#1,39353757#1,39353757#2,1123308755,1123308756,39353757#4,39353757#5,57680106,39353757#15,39353757#16,39353757#17,39353757#18,174375411#0,174375411#1,57680128,174375407#0,174375407#1,174375407#2,174375407#3",4.134653861544619
57680181#0,-174375407#3,"57680181#0,57680181#1,39353757#1,39353757#2,1123308755,-39389916#1,-39389916#0,39353757#17,39353757#18,39353757#19,174907149,563297843,174375407#0,174375407#1,174375407#2,174375407#3",3.687895158063225
57680181#0,-174375407#3,"57680181#0,57680181#1,39353757#1,39353757#2,1123308755,-39389916#1,-39389916#0,39353757#17,39353757#18,39353757#19,174907149,57680093,57680128,174375407#0,174375407#1,174375407#2,174375407#3",3.6882953181272504
57680181#0,-174375407#3,"57680181#0,57680181#1,39353757#1,39353757#2,39353757#3,39353757#4,39353757#5,39353757#6,39353757#7,39353757#8,39353757#9,39353757#10,39353757#11,39353757#12,39353757#13,39353757#14,39353757#15,39353757#16,39353757#17,39353757#18,39353757#19,174907149,563297843,174375407#0,174375407#1,174375407#2,174375407#3",4.175970388155262
57680181#0,-174375407#3,"57680181#0,57680181#1,39353757#1,39353757#2,39353757#3,39353757#4,57680150#0,57680150#1,39353757#16,39353757#17,39353757#18,174375411#0,174375411#1,57680128,174375407#0,174375407#1,174375407#2,174375407#3",3.978471388555422
57680181#0,-174375407#3,"57680181#0,57680181#1,39353757#1,39353757#2,39353757#3,39353757#4,39353757#5,57680106,39353757#15,39353757#16,39353757#17,39353757#18,39353757#19,174907149,57680093,57680128,174375407#0,174375407#1,174375407#2,174375407#3",4.108323329331732
57680181#0,-174375407#3,"57680181#0,57680181#1,39353757#1,39353757#2,1123308755,-39389916#1,-39389916#0,39353757#17,39353757#18,174375411#0,174375411#1,57680128,174375407#0,174375407#1,174375407#2,174375407#3",3.678771508603441
-39353757#15,-174375407#3,"39353757#15,39353757#16,39353757#17,39353757#18,174375411#0,174375411#1,57680128,174375407#0,174375407#1,174375407#2,174375407#3",2.3751500600240094
-39353757#15,-174375407#3,"-39353757#15,39353757#15,39353757#16,39389916#0,39389916#1,1123308756,-39353757#3,-39353757#2,-39353757#1,-39353757#0,57680128,174375407#0,174375407#1,174375407#2,174375407#3",2.5153061224489797
-39353757#15,-174375407#3,"39353757#15,-57680150#1,-57680150#0,-39353757#4,-39353757#3,-39353757#2,-39353757#1,-39353757#0,57680128,174375407#0,174375407#1,174375407#2,174375407#3",2.0784313725490193
-39353757#15,-174375407#3,"39353757#15,39353757#16,39353757#17,57680181#0,57680181#1,-39353757#0,57680128,174375407#0,174375407#1,174375407#2,174375407#3",2.4437775110044013
-39353757#15,-174375407#3,"-39353757#15,39353757#15,39353757#16,39353757#17,39353757#18,39353757#19,174907149,563297843,174375407#0,174375407#1,174375407#2,174375407#3",2.57000800320128
-39353757#15,-174375407#3,"-39353757#15,39353757#15,39353757#16,39353757#17,39353757#18,174375411#0,174375411#1,57680128,174375407#0,174375407#1,174375407#2,174375407#3",2.5608843537414963
-39353757#15,-174375407#3,"-39353757#15,39353757#15,39353757#16,39353757#17,57680181#0,57680181#1,-39353757#0,57680128,174375407#0,174375407#1,174375407#2,174375407#3",2.6295118047218886
-39353757#15,-174375407#3,"39353757#15,-57680150#1,-57680150#0,-39353757#4,-39353757#3,1123308755,-39389916#1,-39389916#0,39353757#17,39353757#18,39353757#19,174907149,57680093,57680128,174375407#0,174375407#1,174375407#2,174375407#3",3.8635454181672664
-39353757#15,-174375407#3,"-39353757#15,39353757#15,-57680150#1,-57680150#0,-39353757#4,-39353757#3,1123308755,-39389916#1,-39389916#0,39353757#17,39353757#18,39353757#19,174907149,563297843,174375407#0,174375407#1,174375407#2,174375407#3",4.048879551820728
-39353757#15,-174375407#3,"-39353757#15,39353757#15,-57680150#1,-57680150#0,-39353757#4,-39353757#3,-39353757#2,-39353757#1,-39353757#0,57680128,174375407#0,174375407#1,174375407#2,174375407#3",2.264165666266506
-57392472#1,-22561651#1,"-57392472#1,-57392472#0,561194550#1,561194550#2,1024971940,561194551,1242838378#0,-205629016#5,-205629016#4,-205629016#3,-205629016#2,-205629016#1,-205629016#0,-933315250,-933315251,-57392522#5,-57392522#4,-57392522#3,-57392522#2,-57392522#1,-57392522#0,-561133135,-57392454#1,-57392454#0,-24580169#2,-24580169#1,-24580169#0,22561499#0,22561499#1,22561499#2,174907152#0,174907152#1,174907152#2,-57392486,1163710302,57392474,57392457#1,22561652#1,22561652#2,22561652#3,22561652#4,22561652#5,22561652#6,125835948,563369678,1238123690,174907150#0,174907150#1,174907150#2,174907150#3,174907150#4,174907150#5,22561651#0,22561651#1",6.910174552654295
-57392472#1,-22561651#1,"-57392472#1,57392472#1,57392472#2,57392472#3,370077348,57392423#0,57392423#1,57392423#2,57392423#3,57392423#4,57392423#5,57392423#6,57392423#7,370077352,57392387#0,57392387#1,1242838379,1242838378#0,-205629016#5,-205629016#4,-205629016#3,-205629016#2,-205629016#1,-205629016#0,-933315250,-933315251,-57392522#5,-57392522#4,-57392522#3,-57392522#2,-57392522#1,-57392522#0,-561133135,-57392454#1,-57392454#0,-24580169#2,-24580169#1,-24580169#0,22561499#0,22561499#1,22561499#2,174907152#0,174907152#1,174907152#2,174907151#0,174907151#2,174907151#5,22561652#1,22561652#2,22561652#3,22561652#4,22561652#5,22561652#6,125835948,563369678,1238123690,174907150#0,174907150#1,174907150#2,174907150#3,174907150#4,174907150#5,22561651#0,22561651#1",7.1806525279441775
-39353757#2,-174375407#2,"-39353757#2,-39353757#1,-39353757#0,57680128,174375407#0,174375407#1,174375407#2",0.873329331732693
-39353757#2,-174375407#2,"-39353757#2,39353757#2,39353757#3,39353757#4,39353757#5,39353757#6,39353757#7,39353757#8,39353757#9,39353757#10,39353757#11,39353757#12,39353757#13,39353757#14,39353757#15,39353757#16,39353757#17,57680181#0,57680181#1,-39353757#0,57680128,174375407#0,174375407#1,174375407#2",3.2296318527410963
-39353757#2,-174375407#2,"39353757#2,39353757#3,39353757#4,57680150#0,57680150#1,39353757#16,39353757#17,39353757#18,39353757#19,174907149,57680093,57680128,174375407#0,174375407#1,174375407#2",2.970148059223689
-39353757#2,-174375407#2,"-39353757#2,39353757#2,39353757#3,39353757#4,57680150#0,57680150#1,39353757#16,39353757#17,57680181#0,57680181#1,-39353757#0,57680128,174375407#0,174375407#1,174375407#2",3.04125650260104
-39353757#2,-174375407#2,"-39353757#2,39353757#2,39353757#3,39353757#4,57680150#0,57680150#1,39353757#16,39353757#17,39353757#18,39353757#19,174907149,57680093,57680128,174375407#0,174375407#1,174375407#2",2.982152861144457
-39353757#2,-174375407#2,"-39353757#2,39353757#2,39353757#3,39353757#4,57680150#0,57680150#1,39353757#16,39353757#17,39353757#18,174375411#0,174375411#1,57680128,174375407#0,174375407#1,174375407#2",2.9726290516206477
-39353757#2,-174375407#2,"39353757#2,39353757#3,39353757#4,39353757#5,57680106,39353757#15,39353757#16,39353757#17,57680181#0,57680181#1,-39353757#0,57680128,174375407#0,174375407#1,174375407#2",3.149579831932773
-39353757#2,-174375407#2,"39353757#2,1123308755,-39389916#1,-39389916#0,39353757#17,39353757#18,174375411#0,174375411#1,57680128,174375407#0,174375407#1,174375407#2",2.660924369747899
-39353757#2,-174375407#2,"39353757#2,39353757#3,39353757#4,57680150#0,57680150#1,39353757#16,39353757#17,39353757#18,174375411#0,174375411#1,57680128,174375407#0,174375407#1,174375407#2",2.9606242496998796
-39353757#2,-174375407#2,"-39353757#2,39353757#2,1123308755,-39389916#1,-39389916#0,39353757#17,57680181#0,57680181#1,-39353757#0,57680128,174375407#0,174375407#1,174375407#2",2.741556622649059
57680110,-174375407#3,"-57680110,57680106,39353757#15,-57680150#1,-57680150#0,-39353757#4,-39353757#3,-39353757#2,-39353757#1,-39353757#0,57680128,174375407#0,174375407#1,174375407#2,174375407#3",2.8208083233293313
57680110,-174375407#3,"-57680110,-39353757#5,57680150#0,57680150#1,39353757#16,39353757#17,39353757#18,39353757#19,174907149,563297843,174375407#0,174375407#1,174375407#2,174375407#3",3.160724289715886
57680110,-174375407#3,"-57680110,39353757#6,39353757#7,39353757#8,39353757#9,39353757#10,39353757#11,39353757#12,39353757#13,39353757#14,39353757#15,39353757#16,39389916#0,39389916#1,1123308756,-39353757#3,-39353757#2,-39353757#1,-39353757#0,57680128,174375407#0,174375407#1,174375407#2,174375407#3",3.139995998399359
57680110,-174375407#3,"-57680110,57680106,39353757#15,39353757#16,39353757#17,39353757#18,39353757#19,174907149,563297843,174375407#0,174375407#1,174375407#2,174375407#3",3.1266506602641053
57680110,-174375407#3,"57680110,-57680110,-39353757#5,-39353757#4,-39353757#3,-39353757#2,-39353757#1,-39353757#0,57680128,174375407#0,174375407#1,174375407#2,174375407#3",1.4741696678671468
57680110,-174375407#3,"-57680110,-39353757#5,-39353757#4,-39353757#3,-39353757#2,-39353757#1,-39353757#0,57680128,174375407#0,174375407#1,174375407#2,174375407#3",1.340016006402561
57680110,-174375407#3,"57680110,-57680110,57680106,39353757#15,-57680150#1,-57680150#0,-39353757#4,-39353757#3,-39353757#2,-39353757#1,-39353757#0,57680128,174375407#0,174375407#1,174375407#2,174375407#3",2.9549619847939175
57680110,-174375407#3,"-57680110,-39353757#5,57680150#0,57680150#1,39353757#16,39353757#17,39353757#18,174375411#0,174375411#1,57680128,174375407#0,174375407#1,174375407#2,174375407#3",3.151600640256102
57680110,-174375407#3,"57680110,-57680110,57680106,39353757#15,39353757#16,39389916#0,39389916#1,1123308756,-39353757#3,-39353757#2,-39353757#1,-39353757#0,57680128,174375407#0,174375407#1,174375407#2,174375407#3",3.20610244097639
57680110,-174375407#3,"-57680110,39353757#6,39353757#7,39353757#8,174375415#0,39761731#2,39353757#10,39353757#11,39353757#12,39353757#13,39353757#14,39353757#15,39353757#16,39353757#17,39353757#18,174375411#0,174375411#1,57680128,174375407#0,174375407#1,174375407#2,174375407#3",3.185974389755902
-22561652#1,-174375407#3,"-22561652#1,22561652#1,22561652#2,22561652#3,22561652#4,22561652#5,22561652#6,125835948,563369678,1238123690,174375405,561133138,-174375407#4,-174375407#3",0.6914519587532638
-22561652#1,-174375407#3,"22561652#1,22561652#2,22561652#3,22561652#4,22561652#5,22561652#6,125835948,563369678,1238123690,174375405,561133138,-174375407#4,-174375407#3",0.5484747678769131
57680179#1,-22561652#3,"57680179#1,57680179#2,-57680089#0,57680170#1,57680132#0,57680132#1,174375406,1238123693,1238123694,563272697,563271328,1238123691,-22561498,-22561652#6,-22561652#5,-22561652#4,-22561652#3",0.5485959250510859
57680179#1,-22561652#3,"57680179#1,57680179#2,-57680089#0,57680170#1,57680132#0,57680132#1,174375408#0,174375408#1,-174375409,57680120#0,57680120#1,1238123694,563272697,563271328,1238123691,-22561498,-22561652#6,-22561652#5,-22561652#4,-22561652#3",0.5447562322265118
57680150#0,174375408#0,"-57680150#0,-39353757#4,-39353757#3,-39353757#2,-39353757#1,-39353757#0,57680128,174375407#0,174375407#1,174375407#2,174375407#3,174375407#4,174375402,174375403,561133137,563273548,174375408#0",2.4539551457732123
57680150#0,174375408#0,"57680150#0,57680150#1,39353757#16,39353757#17,39353757#18,39353757#19,174907149,563297843,174375407#0,174375407#1,174375407#2,174375407#3,174375407#4,174375402,174375403,561133137,563273548,174375408#0",3.5168002838284336
57680150#0,174375408#0,"57680150#0,57680150#1,39353757#16,39353757#17,57680181#0,57680181#1,-39353757#0,57680128,174375407#0,174375407#1,174375407#2,174375407#3,174375407#4,174375402,174375403,561133137,563273548,174375408#0",3.576304085349042
57680150#0,174375408#0,"-57680150#0,39353757#5,39353757#6,39353757#7,39353757#8,39353757#9,39353757#10,39353757#11,39353757#12,39353757#13,39353757#14,39353757#15,39353757#16,39353757#17,39353757#18,39353757#19,174907149,563297843,174375407#0,174375407#1,174375407#2,174375407#3,174375407#4,174375402,174375403,561133137,563273548,174375408#0",4.4630387792265935
57680150#0,174375408#0,"-57680150#0,39353757#5,57680106,39353757#15,39353757#16,39353757#17,57680181#0,57680181#1,-39353757#0,57680128,174375407#0,174375407#1,174375407#2,174375407#3,174375407#4,174375402,174375403,561133137,563273548,174375408#0",4.454495361859647
57680150#0,174375408#0,"57680150#0,57680150#1,-39353757#15,-39353757#14,-39353757#13,174375412,49188792#1,-39353757#7,-39353757#6,-39353757#5,-39353757#4,-39353757#3,-39353757#2,-39353757#1,-39353757#0,57680128,174375407#0,174375407#1,174375407#2,174375407#3,174375407#4,174375402,174375403,561133137,563273548,174375408#0",3.417430557536189
57680150#0,174375408#0,"-57680150#0,-39353757#4,-39353757#3,1123308755,-39389916#1,-39389916#0,39353757#17,39353757#18,174375411#0,174375411#1,57680128,174375407#0,174375407#1,174375407#2,174375407#3,174375407#4,174375402,174375403,561133137,563273548,174375408#0",4.22954538186765
57680150#0,174375408#0,"57680150#0,57680150#1,39353757#16,39389916#0,39389916#1,1123308756,-39353757#3,-39353757#2,-39353757#1,-39353757#0,57680128,174375407#0,174375407#1,174375407#2,174375407#3,174375407#4,174375402,174375403,561133137,563273548,174375408#0",3.4620984030761335
57680150#0,174375408#0,"57680150#0,57680150#1,39353757#16,39353757#17,39353757#18,39353757#19,174907149,57680093,57680128,174375407#0,174375407#1,174375407#2,174375407#3,174375407#4,174375402,174375403,561133137,563273548,174375408#0",3.517200443892459
57680150#0,174375408#0,"-57680150#0,-39353757#4,-39353757#3,1123308755,-39389916#1,-39389916#0,39353757#17,57680181#0,57680181#1,-39353757#0,57680128,174375407#0,174375407#1,174375407#2,174375407#3,174375407#4,174375402,174375403,561133137,563273548,174375408#0",4.298172832848042
-22561651#1,-174375407#3,"-22561651#1,-22561651#0,-22561497,-174907150#4,-174907150#3,-174907150#2,-174907150#1,-174907150#0,174375405,561133138,-174375407#4,-174375407#3",1.5704887040853903
-979838980#5,-22561651#1,"979838980#5,979838980#6,57680170#0,57680170#1,57680132#0,57680132#1,174375406,1238123693,1238123694,563272697,563271328,174375401,1238123690,174907150#0,174907150#1,174907150#2,174907150#3,174907150#4,174907150#5,22561651#0,22561651#1",2.05417979524601
-979838980#5,-22561651#1,"979838980#5,979838980#6,57680170#0,57680170#1,57680132#0,57680132#1,174375408#0,174375408#1,-174375409,57680120#0,57680120#1,1238123694,563272697,563271328,174375401,1238123690,174907150#0,174907150#1,174907150#2,174907150#3,174907150#4,174907150#5,22561651#0,22561651#1",2.050340102421436
57680115#0,-174375407#3,"-57680115#0,-39353757#1,-39353757#0,57680128,174375407#0,174375407#1,174375407#2,174375407#3",1.0976990796318526
57680115#0,-174375407#3,"-57680115#0,39353757#2,39353757#3,39353757#4,39353757#5,39353757#6,39353757#7,39353757#8,39353757#9,39353757#10,39353757#11,39353757#12,39353757#13,39353757#14,39353757#15,39353757#16,39353757#17,57680181#0,57680181#1,-39353757#0,57680128,174375407#0,174375407#1,174375407#2,174375407#3",3.4540016006402556
57680115#0,-174375407#3,"-57680115#0,39353757#2,39353757#3,39353757#4,57680150#0,57680150#1,39353757#16,39353757#17,57680181#0,57680181#1,-39353757#0,57680128,174375407#0,174375407#1,174375407#2,174375407#3",3.2656262505001994
57680115#0,-174375407#3,"-57680115#0,39353757#2,1123308755,-39389916#1,-39389916#0,39353757#17,57680181#0,57680181#1,-39353757#0,57680128,174375407#0,174375407#1,174375407#2,174375407#3",2.965926370548219
57680115#0,-174375407#3,"-57680115#0,39353757#2,39353757#3,39353757#4,57680150#0,57680150#1,39353757#16,39353757#17,39353757#18,39353757#19,174907149,57680093,57680128,174375407#0,174375407#1,174375407#2,174375407#3",3.2065226090436165
57680115#0,-174375407#3,"-57680115#0,39353757#2,39353757#3,39353757#4,57680150#0,57680150#1,39353757#16,39353757#17,39353757#18,39353757#19,174907149,563297843,174375407#0,174375407#1,174375407#2,174375407#3",3.206122448979591
57680115#0,-174375407#3,"-57680115#0,39353757#2,1123308755,1123308756,39353757#4,57680150#0,57680150#1,39353757#16,39353757#17,57680181#0,57680181#1,-39353757#0,57680128,174375407#0,174375407#1,174375407#2,174375407#3",3.3014805922368944
57680115#0,-174375407#3,"-57680115#0,39353757#2,1123308755,-39389916#1,-39389916#0,39353757#17,39353757#18,39353757#19,174907149,563297843,174375407#0,174375407#1,174375407#2,174375407#3",2.9064225690276104
-22561651#1,57680095#0,"-22561651#1,-22561651#0,-22561497,-174907150#4,-174907150#3,-174907150#2,-174907150#1,-174907150#0,-1238123690,-563369678,-22561498,-22561652#6,-22561652#5,-22561652#4,-22561652#3,-22561652#2,-22561652#1,-22561652#0,-174907151#4,-174907151#1,-174907152#2,-174907152#1,-174907152#0,-22561653,-22561499#1,-22561499#0,-22561654#5,-22561654#4,-22561654#3,-22561654#2,-1116499321#1,57680095#0",3.1811895286916907
-22561651#1,57680095#0,"-22561651#1,-22561651#0,-22561497,-174907150#4,-174907150#3,-174907150#2,-174907150#1,-174907150#0,-1238123690,-563369678,-22561498,-22561652#6,-22561652#5,-22561652#4,-22561652#3,-22561652#2,-22561652#1,-22561652#0,-174907151#4,-174907151#1,-57392486,1004094803#0,1004094803#1,1004094802,57392452,-24580169#1,-24580169#0,-22561654#5,-22561654#4,-22561654#3,-22561654#2,-1116499321#1,57680095#0",4.65780168434532
-22561651#1,57680095#0,"-22561651#1,-22561651#0,-22561497,-174907150#4,-174907150#3,-174907150#2,-174907150#1,-174907150#0,174375405,561133138,174375402,174375403,563272698,563272697,563271328,1238123691,-22561498,-22561652#6,-22561652#5,-22561652#4,-22561652#3,-22561652#2,-22561652#1,-22561652#0,-174907151#4,-174907151#1,-174907152#2,-174907152#1,-174907152#0,-57680180#3,-57680180#2,-57680180#1,57680171#0,57680171#1,57680171#2,-22561499#1,-22561499#0,-22561654#5,-22561654#4,-22561654#3,-22561654#2,-1116499321#1,57680095#0",3.7936207070665686
-22561651#1,57680095#0,"-22561651#1,-22561651#0,-22561497,-174907150#4,-174907150#3,-174907150#2,-174907150#1,-174907150#0,174375405,563272699,563272698,563272697,563271328,1238123691,-22561498,-22561652#6,-22561652#5,-22561652#4,-22561652#3,-22561652#2,-22561652#1,-22561652#0,-174907151#4,-174907151#1,-57392486,1004094803#0,1004094803#1,1004094802,57392452,-24580169#1,-24580169#0,-22561654#5,-22561654#4,-22561654#3,-22561654#2,-1116499321#1,57680095#0",4.722836481561543
-22561651#1,57680095#0,"-22561651#1,-22561651#0,-22561497,-174907150#4,-174907150#3,-174907150#2,-174907150#1,-174907150#0,-1238123690,-563369678,-22561498,-22561652#6,-22561652#5,-22561652#4,-22561652#3,-22561652#2,-22561652#1,-22561652#0,-174907151#4,-174907151#1,1116499317#0,1116499317#1,1116499317#2,1116499317#3,1116499316#0,1116499316#1,1116499315#1,1116499315#2,628868117#0,628868117#1,563371197#1,563371197#2,-563282223,-1116499330#0,-1116499329,-1116499328#1,-1116499328#0,-57680087#2,-57680087#1,-57680087#0,-57680112#1,-57680112#0,1116499322,57680095#0",4.143122971133416
-22561651#1,57680095#0,"-22561651#1,-22561651#0,-22561497,-174907150#4,-174907150#3,-174907150#2,-174907150#1,-174907150#0,174375405,563272699,563272698,563272697,563271328,1238123691,-22561498,-22561652#6,-22561652#5,-22561652#4,-22561652#3,-22561652#2,-22561652#1,-22561652#0,-174907151#4,-174907151#1,-174907152#2,-174907152#1,-174907152#0,-22561653,-22561499#1,-22561499#0,-22561654#5,-22561654#4,-22561654#3,-22561654#2,-1116499321#1,57680095#0",3.2462243259079133
-39353757#6,-174375407#2,"-39353757#6,39353757#6,39353757#7,39353757#8,39353757#9,39353757#10,39353757#11,39353757#12,39353757#13,39353757#14,39353757#15,39353757#16,39353757#17,57680181#0,57680181#1,-39353757#0,57680128,174375407#0,174375407#1,174375407#2",3.0912965186074426
-39353757#6,-174375407#2,"-39353757#6,-39353757#5,-39353757#4,-39353757#3,-39353757#2,-39353757#1,-39353757#0,57680128,174375407#0,174375407#1,174375407#2",1.177110844337735
-39353757#6,-174375407#2,"-39353757#6,57680106,39353757#15,-57680150#1,-57680150#0,-39353757#4,-39353757#3,-39353757#2,-39353757#1,-39353757#0,57680128,174375407#0,174375407#1,174375407#2",2.657903161264506
-39353757#6,-174375407#2,"-39353757#6,-39353757#5,57680150#0,57680150#1,39353757#16,39353757#17,39353757#18,39353757#19,174907149,563297843,174375407#0,174375407#1,174375407#2",2.9978191276510597
-39353757#6,-174375407#2,"39353757#6,39761731#0,39761731#1,-174375415#0,39353757#9,39353757#10,39353757#11,39353757#12,39353757#13,39353757#14,39353757#15,-57680150#1,-57680150#0,-39353757#4,-39353757#3,1123308755,-39389916#1,-39389916#0,39353757#17,57680181#0,57680181#1,-39353757#0,57680128,174375407#0,174375407#1,174375407#2",5.119067627050821
-39353757#6,-174375407#2,"-39353757#6,57680106,39353757#15,39353757#16,39353757#17,39353757#18,39353757#19,174907149,57680093,57680128,174375407#0,174375407#1,174375407#2",2.964145658263305
-39353757#6,-174375407#2,"-39353757#6,39353757#6,39353757#7,39353757#8,174375415#0,39761731#2,39353757#10,39353757#11,39353757#12,39353757#13,39353757#14,39353757#15,39353757#16,39353757#17,57680181#0,57680181#1,-39353757#0,57680128,174375407#0,174375407#1,174375407#2",3.0916966786714686
-39353757#6,-174375407#2,"-39353757#6,57680106,39353757#15,39353757#16,39389916#0,39389916#1,1123308756,-39353757#3,-39353757#2,-39353757#1,-39353757#0,57680128,174375407#0,174375407#1,174375407#2",2.9090436174469785
-39353757#6,-174375407#2,"39353757#6,39353757#7,39353757#8,39353757#9,39353757#10,39353757#11,39353757#12,39353757#13,39353757#14,39353757#15,39353757#16,39389916#0,39389916#1,1123308756,-39353757#3,-39353757#2,-39353757#1,-39353757#0,57680128,174375407#0,174375407#1,174375407#2",2.8854541816726686
-39353757#6,-174375407#2,"-39353757#6,39353757#6,39353757#7,39353757#8,39353757#9,39353757#10,39353757#11,39353757#12,39353757#13,39353757#14,39353757#15,-57680150#1,-57680150#0,-39353757#4,-39353757#3,1123308755,-39389916#1,-39389916#0,39353757#17,57680181#0,57680181#1,-39353757#0,57680128,174375407#0,174375407#1,174375407#2",4.570168067226891
-174375407#2,-39353757#4,"-174375407#2,-174375407#1,-174375407#0,-563297843,57680093,39353757#0,39353757#1,39353757#2,39353757#3,39353757#4",1.0221688675470189
-174375407#2,-39353757#4,"-174375407#2,-174375407#1,-174375407#0,-563297843,57680093,39353757#0,39353757#1,39353757#2,1123308755,-39389916#1,-39389916#0,-39353757#16,-57680150#1,-57680150#0,-39353757#4",2.8677470988395357
-174375407#2,-39353757#4,"-174375407#2,-174375407#1,-174375407#0,-563297843,-174907149,-39353757#19,174375411#0,174375411#1,39353757#0,39353757#1,39353757#2,39353757#3,39353757#4",2.6367547018807524
-174375407#2,-39353757#4,"-174375407#2,-174375407#1,-174375407#0,-563297843,-174907149,-39353757#19,-39353757#18,-39353757#17,-39353757#16,-57680150#1,-57680150#0,-39353757#4",2.9574629851940775
-174375407#2,-39353757#4,"-174375407#2,-174375407#1,-174375407#0,-563297843,-174907149,-39353757#19,-39353757#18,-39353757#17,39389916#0,39389916#1,1123308756,39353757#4",2.7971988795518206
-174375407#2,-39353757#4,"-174375407#2,-174375407#1,-174375407#0,-563297843,-174907149,-39353757#19,174375411#0,174375411#1,39353757#0,39353757#1,39353757#2,1123308755,1123308756,39353757#4",2.672609043617447
-174375407#2,-39353757#4,"-174375407#2,-174375407#1,-174375407#0,-563297843,57680093,39353757#0,39353757#1,39353757#2,1123308755,1123308756,39353757#4",1.0580232092837136
-174375407#2,-39353757#4,"-174375407#2,-174375407#1,-174375407#0,-563297843,-174907149,-39353757#19,-39353757#18,57680181#0,57680181#1,39353757#1,39353757#2,39353757#3,39353757#4",2.6899359743897557
-174375407#2,-39353757#4,"-174375407#2,-174375407#1,-174375407#0,-563297843,-174907149,-39353757#19,-39353757#18,57680181#0,57680181#1,39353757#1,39353757#2,1123308755,1123308756,39353757#4",2.7257903161264503
-174375407#2,-39353757#4,"-174375407#2,-174375407#1,-174375407#0,-563297843,57680093,39353757#0,39353757#1,39353757#2,1123308755,-39389916#1,-39389916#0,-39353757#16,-39353757#15,-39353757#14,-39353757#13,174375412,49188792#1,-39353757#7,-39353757#6,-39353757#5,-39353757#4",3.0742197094820645
-39353757#17,563273548,"39353757#17,39353757#18,39353757#19,174907149,563297843,174375407#0,174375407#1,174375407#2,174375407#3,174375407#4,174375402,174375403,561133137,563273548",2.4566763926592956
-39353757#17,563273548,"39353757#17,57680181#0,57680181#1,-39353757#0,57680128,174375407#0,174375407#1,174375407#2,174375407#3,174375407#4,174375402,174375403,561133137,563273548",2.5161801941799036
-39353757#17,563273548,"-39353757#17,39353757#17,57680181#0,57680181#1,-39353757#0,57680128,174375407#0,174375407#1,174375407#2,174375407#3,174375407#4,174375402,174375403,561133137,563273548",2.689429493899792
-39353757#17,563273548,"-39353757#17,39353757#17,39353757#18,174375411#0,174375411#1,57680128,174375407#0,174375407#1,174375407#2,174375407#3,174375407#4,174375402,174375403,561133137,563273548",2.6208020429193994
-39353757#17,563273548,"39353757#17,39353757#18,39353757#19,174907149,57680093,57680128,174375407#0,174375407#1,174375407#2,174375407#3,174375407#4,174375402,174375403,561133137,563273548",2.457076552723321
-39353757#17,563273548,"39353757#17,39353757#18,174375411#0,174375411#1,57680128,174375407#0,174375407#1,174375407#2,174375407#3,174375407#4,174375402,174375403,561133137,563273548",2.4475527431995117
-39353757#17,563273548,"-39353757#17,39353757#17,39353757#18,39353757#19,174907149,563297843,174375407#0,174375407#1,174375407#2,174375407#3,174375407#4,174375402,174375403,561133137,563273548",2.6299256923791834
-39353757#17,563273548,"-39353757#17,39389916#0,39389916#1,1123308756,-39353757#3,-39353757#2,-39353757#1,-39353757#0,57680128,174375407#0,174375407#1,174375407#2,174375407#3,174375407#4,174375402,174375403,561133137,563273548",2.5752238116268824
-39353757#17,563273548,"-39353757#17,39353757#17,39353757#18,39353757#19,174907149,57680093,57680128,174375407#0,174375407#1,174375407#2,174375407#3,174375407#4,174375402,174375403,561133137,563273548",2.630325852443209
-39353757#17,563273548,"-39353757#17,-39353757#16,-57680150#1,-57680150#0,-39353757#4,-39353757#3,-39353757#2,-39353757#1,-39353757#0,57680128,174375407#0,174375407#1,174375407#2,174375407#3,174375407#4,174375402,174375403,561133137,563273548",2.847672791218719
57680181#1,-174375407#2,"57680181#1,-39353757#0,57680128,174375407#0,174375407#1,174375407#2",1.339875950380152
57680181#1,-174375407#2,"57680181#1,39353757#1,39353757#2,1123308755,1123308756,39353757#4,57680150#0,57680150#1,39353757#16,39353757#17,39353757#18,174375411#0,174375411#1,57680128,174375407#0,174375407#1,174375407#2",3.5264905962384954
57680181#1,-174375407#2,"57680181#1,39353757#1,39353757#2,1123308755,-39389916#1,-39389916#0,39353757#17,39353757#18,174375411#0,174375411#1,57680128,174375407#0,174375407#1,174375407#2",3.19093637454982
57680181#1,-174375407#2,"57680181#1,39353757#1,39353757#2,1123308755,-39389916#1,-39389916#0,39353757#17,39353757#18,39353757#19,174907149,57680093,57680128,174375407#0,174375407#1,174375407#2",3.200460184073629
57680181#1,-174375407#2,"57680181#1,39353757#1,39353757#2,39353757#3,39353757#4,39353757#5,57680106,39353757#15,39353757#16,39353757#17,39353757#18,174375411#0,174375411#1,57680128,174375407#0,174375407#1,174375407#2",3.610964385754302
57680181#1,-174375407#2,"57680181#1,39353757#1,39353757#2,39353757#3,39353757#4,57680150#0,57680150#1,39353757#16,39353757#17,39353757#18,174375411#0,174375411#1,57680128,174375407#0,174375407#1,174375407#2",3.4906362545018004
-174375407#2,174375405,"174375407#2,174375407#3,174375407#4,174375402,174375403,561133137,563273548,174375406,1238123693,1238123694,563272697,563271328,174375401,1238123690,174375405",0.7840891864305118
-174375407#2,174375405,"174375407#2,174375407#3,174375407#4,174375402,174375403,563272698,563272697,563271328,174375401,1238123690,174375405",0.7284856347146491
-174375407#2,174375405,"174375407#2,174375407#3,174375407#4,174375402,174375403,561133137,563273548,174375408#0,174375408#1,-174375409,57680120#0,57680120#1,1238123694,563272697,563271328,174375401,1238123690,174375405",0.7802494936059378
-174375407#3,-1163710302,"174375407#3,174375407#4,174375402,174375403,563272698,563272697,563271328,1238123691,-22561498,-22561652#6,-22561652#5,-22561652#4,-22561652#3,-22561652#2,-22561652#1,-22561652#0,-174907151#4,-174907151#1,-57392486,1163710302",1.6762424557953972
-174375407#3,-1163710302,"174375407#3,174375407#4,174375402,174375403,561133137,563273548,174375406,1238123693,1238123694,563272697,563271328,1238123691,-22561498,-22561652#6,-22561652#5,-22561652#4,-22561652#3,-22561652#2,-22561652#1,-22561652#0,-174907151#4,-174907151#1,-57392486,1163710302",1.73184600751126
-174375407#3,-1163710302,"174375407#3,174375407#4,174375402,174375403,561133137,563273548,174375408#0,174375408#1,-174375409,57680120#0,57680120#1,1238123694,563272697,563271328,1238123691,-22561498,-22561652#6,-22561652#5,-22561652#4,-22561652#3,-22561652#2,-22561652#1,-22561652#0,-174907151#4,-174907151#1,-57392486,1163710302",1.728006314686686
174375408#0,-22561652#0,"174375408#0,174375408#1,-174375409,57680120#0,57680120#1,1238123694,563272697,563271328,1238123691,-22561498,-22561652#6,-22561652#5,-22561652#4,-22561652#3,-22561652#2,-22561652#1,-22561652#0",0.5004925368275459
57680138,-174907152#1,"57680138,-57680138,-57680089#3,-57680089#2,-57680089#1,-57680089#0,57680170#1,57680132#0,57680132#1,174375406,1238123693,1238123694,563272697,563271328,1238123691,-22561498,-22561652#6,-22561652#5,-22561652#4,-22561652#3,-22561652#2,-22561652#1,-22561652#0,-174907151#4,-174907151#1,-174907152#2,-174907152#1",1.3272991990172598
57680138,-174907152#1,"-57680138,-57680089#3,-57680089#2,-57680089#1,-57680089#0,57680170#1,57680132#0,57680132#1,174375408#0,174375408#1,-174375409,57680120#0,57680120#1,1238123694,563272697,563271328,1238123691,-22561498,-22561652#6,-22561652#5,-22561652#4,-22561652#3,-22561652#2,-22561652#1,-22561652#0,-174907151#4,-174907151#1,-174907152#2,-174907152#1",1.2822630276012492
57680138,-174907152#1,"-57680138,-57680089#3,-57680089#2,-57680089#1,-57680089#0,57680170#1,57680132#0,57680132#1,174375406,1238123693,1238123694,563272697,563271328,1238123691,-22561498,-22561652#6,-22561652#5,-22561652#4,-22561652#3,-22561652#2,-22561652#1,-22561652#0,-174907151#4,-174907151#1,-174907152#2,-174907152#1",1.2861027204258233
57392420,-174375407#3,"57392420,1004094802,57392452,-24580169#1,-24580169#0,22561499#0,22561499#1,22561499#2,174907152#0,174907152#1,174907152#2,174907151#0,174907151#2,174907151#5,22561652#1,22561652#2,22561652#3,22561652#4,22561652#5,22561652#6,125835948,563369678,1238123690,174375405,561133138,-174375407#4,-174375407#3",2.1918226825823637
57392420,-174375407#3,"57392420,1004094802,57392452,-24580169#1,-24580169#0,22561499#0,22561499#1,22561499#2,174907152#0,174907152#1,174907152#2,-57392486,1163710302,57392474,57392457#1,22561652#1,22561652#2,22561652#3,22561652#4,22561652#5,22561652#6,125835948,563369678,1238123690,174375405,561133138,-174375407#4,-174375407#3",3.2200125916395117
57392420,-174375407#3,"57392420,1004094802,57392452,24580169#2,-57099575#2,-57099587#1,32898141,-24580169#0,22561499#0,22561499#1,22561499#2,174907152#0,174907152#1,174907152#2,174907151#0,174907151#2,174907151#5,22561652#1,22561652#2,22561652#3,22561652#4,22561652#5,22561652#6,125835948,563369678,1238123690,174375405,561133138,-174375407#4,-174375407#3",2.7433244186104084
57392420,-174375407#3,"57392420,1004094802,57392452,24580169#2,-57099575#2,-57099587#1,32898141,-24580169#0,22561499#0,22561499#1,22561499#2,174907152#0,174907152#1,174907152#2,-57392486,1163710302,57392474,57392457#1,22561652#1,22561652#2,22561652#3,22561652#4,22561652#5,22561652#6,125835948,563369678,1238123690,174375405,561133138,-174375407#4,-174375407#3",3.7715143276675565
57680109,-57392457#0,"-57680109,125835951#1,57680112#1,57680087#0,57680087#1,57680087#2,1116499328#0,1116499328#1,1116499329,1116499330#0,1116499330#1,57680180#0,57680171#0,57680171#1,57680171#2,22561499#2,174907152#0,174907152#1,174907152#2,-57392486,1163710302,57392474,-57392457#0",2.6638851223942814
57680109,-57392457#0,"-57680109,125835951#1,-57680112#0,1116499322,1116499321#0,22561654#0,22561654#3,22561654#4,22561654#5,22561499#0,22561499#1,22561499#2,174907152#0,174907152#1,174907152#2,-57392486,1163710302,57392474,-57392457#0",2.5474785597692313
57680109,-57392457#0,"-57680109,125835951#1,-57680112#0,1116499322,1116499321#0,22561654#0,22561654#3,22561654#4,22561654#5,22561499#0,22561499#1,22561499#2,174907152#0,174907152#1,174907152#2,174907151#0,174907151#2,174907151#5,-57392457#1,-57392457#0",1.8875140703763518
57680109,-57392457#0,"-57680109,125835951#1,57680112#1,57680087#0,57680087#1,57680087#2,1116499328#0,1116499328#1,1116499329,1116499330#0,1116499330#1,57680180#0,57680180#1,57680180#2,57680180#3,174907152#0,174907152#1,174907152#2,-57392486,1163710302,57392474,-57392457#0",2.6320123732946414
57680109,-57392457#0,"-57680109,125835951#1,57680112#1,57680087#0,57680087#1,57680087#2,1116499328#0,1116499328#1,1116499329,1116499330#0,1116499330#1,57680180#0,57680180#1,57680180#2,57680180#3,174907152#0,174907152#1,174907152#2,174907151#0,174907151#2,174907151#5,-57392457#1,-57392457#0",1.9720478839017617
57680109,-57392457#0,"-57680109,125835951#1,57680112#1,1116499324#0,1116499324#1,1116499324#2,57680145#0,57680145#1,1264978471,561133118,57680114#1,57680114#2,57680114#3,57680135,-125835961,-125835958,-55682704#2,-55682704#1,-55682704#0,-849128758#0,-55682703,55682343#1,55682342#1,55682342#2,1116499323#0,1116499323#1,1264978470#0,1264978470#1,1116499322,1116499321#0,22561654#0,22561654#3,22561654#4,22561654#5,22561499#0,22561499#1,22561499#2,174907152#0,174907152#1,174907152#2,-57392486,1163710302,57392474,-57392457#0",7.353110031370946
57680109,-57392457#0,"-57680109,125835951#1,57680112#1,57680087#0,57680087#1,57680087#2,1116499328#0,1116499328#1,1116499329,1116499330#0,1116499330#1,57680180#0,57680171#0,57680171#1,57680171#2,22561499#2,174907152#0,174907152#1,174907152#2,174907151#0,174907151#2,174907151#5,-57392457#1,-57392457#0",2.003920633001402
-174375407#2,-57680180#1,"174375407#2,174375407#3,174375407#4,174375402,174375403,561133137,563273548,174375406,1238123693,1238123694,563272697,563271328,1238123691,-22561498,-22561652#6,-22561652#5,-22561652#4,-22561652#3,-22561652#2,-22561652#1,-22561652#0,-174907151#4,-174907151#1,-174907152#2,-174907152#1,-174907152#0,-57680180#3,-57680180#2,-57680180#1",1.8411405166818346
-174375407#2,-57680180#1,"174375407#2,174375407#3,174375407#4,174375402,174375403,563272698,563272697,563271328,1238123691,-22561498,-22561652#6,-22561652#5,-22561652#4,-22561652#3,-22561652#2,-22561652#1,-22561652#0,-174907151#4,-174907151#1,-174907152#2,-174907152#1,-174907152#0,-57680180#3,-57680180#2,-57680180#1",1.785536964965972
-174375407#2,-57680180#1,"174375407#2,174375407#3,174375407#4,174375402,174375403,561133137,563273548,174375408#0,174375408#1,-174375409,57680120#0,57680120#1,1238123694,563272697,563271328,1238123691,-22561498,-22561652#6,-22561652#5,-22561652#4,-22561652#3,-22561652#2,-22561652#1,-22561652#0,-174907151#4,-174907151#1,1116499317#0,1116499317#1,1116499317#2,1116499317#3,1116499316#0,1116499316#1,1116499315#1,1116499315#2,628868117#0,628868117#1,563371197#1,563371197#2,57680180#0,57680180#1",2.101515178663932
-174375407#2,-57680180#1,"174375407#2,174375407#3,174375407#4,174375402,174375403,561133137,563273548,174375408#0,174375408#1,-174375409,57680120#0,57680120#1,1238123694,563272697,563271328,1238123691,-22561498,-22561652#6,-22561652#5,-22561652#4,-22561652#3,-22561652#2,-22561652#1,-22561652#0,-174907151#4,-174907151#1,-174907152#2,-174907152#1,-174907152#0,-57680180#3,-57680180#2,-57680180#1",1.8373008238572608
904671111,-22561499#1,"904671111,-904671111,561133130#1,1116499330#1,57680180#0,57680171#0,57680171#1,57680171#2,-22561499#1",0.5976790716286515
904671111,-22561499#1,"-904671111,561133130#1,1116499330#1,57680180#0,57680171#0,57680171#1,57680171#2,-22561499#1",0.508483393357343
904671111,-22561499#1,"904671111,-904671111,561133130#1,1116499330#1,57680180#0,57680180#1,57680180#2,57680180#3,-22561653,-22561499#1",0.6297919167667068
904671111,-22561499#1,"-904671111,561133130#1,1116499330#1,57680180#0,57680180#1,57680180#2,57680180#3,-22561653,-22561499#1",0.5405962384953982
904671111,-22561499#1,"904671111,-904671111,561133130#1,1116499330#1,57680180#0,57680180#1,57680180#2,57680180#3,174907152#0,174907152#1,174907152#2,-57392486,1004094803#0,1004094803#1,1004094802,57392452,-24580169#1,-24580169#0,22561499#0,22561499#1",2.6433588543331004
904671111,-22561499#1,"904671111,-904671111,561133130#1,-1116499330#0,-1116499329,-1116499328#1,-1116499328#0,-57680087#2,-57680087#1,-57680087#0,-57680112#1,-57680112#0,1116499322,1116499321#0,22561654#0,22561654#3,22561654#4,22561654#5,22561499#0,22561499#1",2.275330132052821
904671111,-22561499#1,"-904671111,561133130#1,-1116499330#0,-1116499329,-1116499328#1,-1116499328#0,-57680087#2,-57680087#1,-57680087#0,-57680112#1,-57680112#0,1116499322,1116499321#0,22561654#0,22561654#3,22561654#4,22561654#5,22561499#0,22561499#1",2.1861344537815124
-174375407#2,-1163710302,"174375407#2,174375407#3,174375407#4,174375402,174375403,561133137,563273548,174375408#0,174375408#1,-174375409,57680120#0,57680120#1,1238123694,563272697,563271328,1238123691,-22561498,-22561652#6,-22561652#5,-22561652#4,-22561652#3,-22561652#2,-22561652#1,-22561652#0,-174907151#4,-174907151#1,-57392486,1163710302",1.8541567748707597
-174375407#2,-1163710302,"174375407#2,174375407#3,174375407#4,174375402,174375403,563272698,563272697,563271328,1238123691,-22561498,-22561652#6,-22561652#5,-22561652#4,-22561652#3,-22561652#2,-22561652#1,-22561652#0,-174907151#4,-174907151#1,-57392486,1163710302",1.802392915979471
-174375407#2,-1163710302,"174375407#2,174375407#3,174375407#4,174375402,174375403,561133137,563273548,174375406,1238123693,1238123694,563272697,563271328,1238123691,-22561498,-22561652#6,-22561652#5,-22561652#4,-22561652#3,-22561652#2,-22561652#1,-22561652#0,-174907151#4,-174907151#1,-57392486,1163710302",1.8579964676953336
57099589,-57392457#1,"-57099589,1264978470#1,57680111,57680112#1,57680087#0,57680087#1,57680087#2,1116499328#0,1116499328#1,1116499329,1116499330#0,1116499330#1,57680180#0,57680180#1,57680180#2,57680180#3,174907152#0,174907152#1,174907152#2,-57392486,1163710302,57392474,57392457#1",3.6225085717740333
57099589,-57392457#1,"-57099589,1264978470#1,57680111,57680112#1,57680087#0,57680087#1,57680087#2,1116499328#0,1116499328#1,1116499329,1116499330#0,1116499330#1,57680180#0,57680171#0,57680171#1,57680171#2,22561499#2,174907152#0,174907152#1,174907152#2,174907151#0,174907151#2,174907151#5,-57392457#1",2.81030412164866
57099589,-57392457#1,"-57099589,1264978470#1,1116499322,1116499321#0,22561654#0,22561654#3,22561654#4,22561654#5,22561499#0,22561499#1,22561499#2,174907152#0,174907152#1,174907152#2,174907151#0,174907151#2,174907151#5,-57392457#1",2.1492196878751497
57099589,-57392457#1,"57099589,-57099589,1264978470#1,57680111,57680112#1,57680087#0,57680087#1,57680087#2,1116499328#0,1116499328#1,1116499329,1116499330#0,1116499330#1,57680180#0,57680180#1,57680180#2,57680180#3,174907152#0,174907152#1,174907152#2,174907151#0,174907151#2,174907151#5,-57392457#1",3.0626450580232096
57099589,-57392457#1,"-57099589,1264978470#1,1116499322,1116499321#0,22561654#0,22561654#3,22561654#4,22561654#5,22561499#0,22561499#1,22561499#2,174907152#0,174907152#1,174907152#2,-57392486,1163710302,57392474,57392457#1",2.9932968871001635
57099589,-57392457#1,"57099589,-57099589,1264978470#1,1116499322,1116499321#0,22561654#0,22561654#3,22561654#4,22561654#5,22561499#0,22561499#1,22561499#2,174907152#0,174907152#1,174907152#2,174907151#0,174907151#2,174907151#5,-57392457#1",2.4334333733493394
57099589,-57392457#1,"57099589,-57099589,1264978470#1,1116499322,1116499321#0,22561654#0,22561654#3,22561654#4,22561654#5,22561499#0,22561499#1,22561499#2,174907152#0,174907152#1,174907152#2,-57392486,1163710302,57392474,57392457#1",3.277510572574353
57099589,-57392457#1,"-57099589,1264978470#1,57680111,57680112#1,57680087#0,57680087#1,57680087#2,1116499328#0,1116499328#1,1116499329,1116499330#0,1116499330#1,57680180#0,57680180#1,57680180#2,57680180#3,174907152#0,174907152#1,174907152#2,174907151#0,174907151#2,174907151#5,-57392457#1",2.7784313725490195
57099589,-57392457#1,"-57099589,1264978470#1,57680111,57680112#1,57680087#0,57680087#1,57680087#2,1116499328#0,1116499328#1,1116499329,1116499330#0,1116499330#1,57680180#0,57680171#0,57680171#1,57680171#2,22561499#2,174907152#0,174907152#1,174907152#2,-57392486,1163710302,57392474,57392457#1",3.6543813208736737
57099589,-57392457#1,"57099589,-57099589,1264978470#1,57680111,57680112#1,57680087#0,57680087#1,57680087#2,1116499328#0,1116499328#1,1116499329,1116499330#0,1116499330#1,57680180#0,57680171#0,57680171#1,57680171#2,22561499#2,174907152#0,174907152#1,174907152#2,174907151#0,174907151#2,174907151#5,-57392457#1",3.09451780712285
1123308755,-57099630#2,"1123308755,1123308756,-39353757#3,-39353757#2,-39353757#1,-39353757#0,57680128,174375407#0,174375407#1,174375407#2,174375407#3,174375407#4,174375402,174375403,561133137,563273548,174375408#0,174375408#1,-174375409,57680120#0,57680120#1,1238123694,563272697,563271328,1238123691,-22561498,-22561652#6,-22561652#5,-22561652#4,-22561652#3,-22561652#2,-22561652#1,-22561652#0,-174907151#4,-174907151#1,-174907152#2,-174907152#1,-174907152#0,-22561653,-22561499#1,-22561499#0,57392420,1004094802,57392452,24580169#2,561133134,57099630#0,57099630#1,57099630#2",4.860481137084876
1123308755,-57099630#2,"1123308755,-39389916#1,-39389916#0,39353757#17,39353757#18,39353757#19,174907149,57680093,57680128,174375407#0,174375407#1,174375407#2,174375407#3,174375407#4,174375402,174375403,563272698,563272697,563271328,1238123691,-22561498,-22561652#6,-22561652#5,-22561652#4,-22561652#3,-22561652#2,-22561652#1,-22561652#0,-174907151#4,-174907151#1,-57392486,1004094803#0,1004094803#1,1004094802,57392452,24580169#2,561133134,57099630#0,57099630#1,57099630#2",6.902125576764814
-24580169#1,-22561652#3,"-24580169#1,-24580169#0,22561499#0,22561499#1,22561499#2,174907152#0,174907152#1,174907152#2,174907151#0,174907151#2,174907151#5,22561652#1,22561652#2,22561652#3",0.8929571828731493
-24580169#1,-22561652#3,"-24580169#1,-24580169#0,22561499#0,22561499#1,22561499#2,174907152#0,174907152#1,174907152#2,-57392486,1163710302,57392474,57392457#1,22561652#1,22561652#2,22561652#3",1.921147091930297
-24580169#1,-22561652#3,"24580169#1,24580169#2,-57099575#2,-57099587#1,32898141,-24580169#0,22561499#0,22561499#1,22561499#2,174907152#0,174907152#1,174907152#2,174907151#0,174907151#2,174907151#5,22561652#1,22561652#2,22561652#3",1.4468798872885493
-24580169#1,-22561652#3,"24580169#1,24580169#2,-57099575#2,-57099587#1,32898141,-24580169#0,22561499#0,22561499#1,22561499#2,174907152#0,174907152#1,174907152#2,-57392486,1163710302,57392474,57392457#1,22561652#1,22561652#2,22561652#3",2.4750697963456973
-24580169#1,-22561652#3,"24580169#1,24580169#2,-57099575#2,-57099575#1,-57099591#1,-57099591#0,32898139#0,32898139#1,32898141,-24580169#0,22561499#0,22561499#1,22561499#2,174907152#0,174907152#1,174907152#2,174907151#0,174907151#2,174907151#5,22561652#1,22561652#2,22561652#3",2.7576670243175863
57392554#0,-174907152#1,"-57392554#0,-22561652#2,-22561652#1,-22561652#0,-174907151#4,-174907151#1,-174907152#2,-174907152#1",1.2615646258503401
57392554#0,-174907152#1,"57392554#0,-57392554#0,-22561652#2,-22561652#1,-22561652#0,-174907151#4,-174907151#1,-174907152#2,-174907152#1",1.8691076430572229
57392554#0,-174907152#1,"-57392554#0,-22561652#2,-22561652#1,-22561652#0,-174907151#4,-174907151#1,-57392486,1004094803#0,1004094803#1,1004094802,57392452,24580169#2,-57099575#2,-57099575#1,-57099591#1,-57099591#0,32898139#0,32898139#1,32898141,-24580169#0,22561499#0,22561499#1,22561499#2,174907152#0,174907152#1",4.921374017906389
57392554#0,-174907152#1,"-57392554#0,-22561652#2,-22561652#1,-22561652#0,-174907151#4,-174907151#1,-57392486,1004094803#0,1004094803#1,1004094802,57392452,24580169#2,-57099575#2,-57099587#1,32898141,-24580169#0,22561499#0,22561499#1,22561499#2,174907152#0,174907152#1",3.6105868808773516
-57392534#2,-1163710302,"-57392534#2,-57392534#1,-57392534#0,-57392414#0,-22561652#1,-22561652#0,-174907151#4,-174907151#1,-57392486,1163710302",1.9183365432503936
-561133132,-1163710302,"-57099591#0,32898139#0,32898139#1,32898141,-24580169#0,22561499#0,22561499#1,22561499#2,174907152#0,174907152#1,174907152#2,-57392486,1163710302",1.9147510175919065
-561133132,-1163710302,"-561133132,-57099591#0,32898139#0,32898139#1,32898141,-24580169#0,22561499#0,22561499#1,22561499#2,174907152#0,174907152#1,174907152#2,-57392486,1163710302",2.362711180778851
-561133132,-1163710302,"-561133132,-57099591#0,32898139#0,32898139#1,57099587#1,57099575#2,-24580169#2,-24580169#1,-24580169#0,22561499#0,22561499#1,22561499#2,174907152#0,174907152#1,174907152#2,-57392486,1163710302",2.1227523628539724
-561133132,-1163710302,"-561133132,57099591#1,57099575#1,-57099587#1,32898141,-24580169#0,22561499#0,22561499#1,22561499#2,174907152#0,174907152#1,174907152#2,-57392486,1163710302",2.271338490594066
-561133132,-1163710302,"-57099591#0,32898139#0,32898139#1,57099587#1,57099575#2,-24580169#2,-24580169#1,-24580169#0,22561499#0,22561499#1,22561499#2,174907152#0,174907152#1,174907152#2,-57392486,1163710302",1.6747921996670279
-561133132,-1163710302,"-561133132,57099591#1,57099575#1,57099575#2,-24580169#2,-24580169#1,-24580169#0,22561499#0,22561499#1,22561499#2,174907152#0,174907152#1,174907152#2,-57392486,1163710302",1.9371392119060484
57392554#0,57392486,"-57392554#0,-22561652#2,-22561652#1,-22561652#0,-174907151#4,-174907151#1,-57392486",1.1374149659863946
57392554#0,57392486,"57392554#0,-57392554#0,-22561652#2,-22561652#1,-22561652#0,-174907151#4,-174907151#1,-57392486",1.7449579831932773
-174907152#1,-22561652#3,"174907152#1,174907152#2,-57392486,1163710302,57392474,57392457#1,22561652#1,22561652#2,22561652#3",1.7148845869282963
-174907152#1,-22561652#3,"174907152#1,174907152#2,174907151#0,174907151#2,174907151#5,22561652#1,22561652#2,22561652#3",0.6866946778711485
1004094803#1,-57392538#7,"1004094803#1,1004094802,57392452,24580169#2,-57099575#2,-57099587#1,32898141,-24580169#0,22561499#0,22561499#1,22561499#2,174907152#0,174907152#1,174907152#2,-57392486,1163710302,57392474,57392457#1,22561652#1,22561652#2,57392554#0,57392554#1,57392538#0,57392538#1,57392538#2,57392538#3,57392538#4,57392538#5,57392538#6,57392538#7",5.361942818936028
1004094803#1,-57392538#7,"1004094803#1,1004094802,57392452,-24580169#1,-24580169#0,22561499#0,22561499#1,22561499#2,174907152#0,174907152#1,174907152#2,174907151#0,174907151#2,174907151#5,22561652#1,22561652#2,57392554#0,57392554#1,57392538#0,57392538#1,57392538#2,57392538#3,57392538#4,57392538#5,57392538#6,57392538#7",3.782251173850835
1004094803#1,-57392538#7,"1004094803#1,1004094802,57392452,-24580169#1,-24580169#0,22561499#0,22561499#1,22561499#2,174907152#0,174907152#1,174907152#2,-57392486,1163710302,57392474,57392457#1,22561652#1,22561652#2,57392554#0,57392554#1,57392538#0,57392538#1,57392538#2,57392538#3,57392538#4,57392538#5,57392538#6,57392538#7",4.810441082907984
1004094803#1,-57392538#7,"1004094803#1,1004094802,57392452,24580169#2,-57099575#2,-57099575#1,-57099591#1,-57099591#0,32898139#0,32898139#1,32898141,-24580169#0,22561499#0,22561499#1,22561499#2,174907152#0,174907152#1,174907152#2,174907151#0,174907151#2,174907151#5,22561652#1,22561652#2,57392554#0,57392554#1,57392538#0,57392538#1,57392538#2,57392538#3,57392538#4,57392538#5,57392538#6,57392538#7",5.644540046907919
57392554#0,-22561653,"-57392554#0,-22561652#2,-22561652#1,-22561652#0,-174907151#4,-174907151#1,-174907152#2,-174907152#1,-174907152#0,-22561653",1.3486794717887156
57392554#0,-22561653,"57392554#0,-57392554#0,-22561652#2,-22561652#1,-22561652#0,-174907151#4,-174907151#1,-174907152#2,-174907152#1,-174907152#0,-22561653",1.9562224889955984
57392554#0,-22561653,"-57392554#0,-22561652#2,-22561652#1,-22561652#0,-174907151#4,-174907151#1,1116499317#0,1116499317#1,1116499317#2,1116499317#3,1116499316#0,1116499316#1,1116499315#1,1116499315#2,628868117#0,628868117#1,563371197#1,563371197#2,57680180#0,57680180#1,57680180#2,57680180#3,-22561653",2.0369634544465267
57392554#0,-22561653,"-57392554#0,-22561652#2,-22561652#1,-22561652#0,-174907151#4,-174907151#1,-57392486,1004094803#0,1004094803#1,1004094802,57392452,24580169#2,-57099575#2,-57099587#1,32898141,-24580169#0,22561499#0,22561499#1,22561499#2",3.5252127312174872
57392554#0,-22561653,"-57392554#0,-22561652#2,-22561652#1,-22561652#0,-174907151#4,-174907151#1,-57392486,1004094803#0,1004094803#1,1004094802,57392452,-24580169#1,-24580169#0,22561499#0,22561499#1,22561499#2",2.9737109951894425
-22561653,32898181#0,"22561499#2,174907152#0,174907152#1,174907152#2,-57392486,1004094803#0,1004094803#1,1004094802,57392452,-24580169#1,-24580169#0,-22561654#5,-22561654#4,-22561654#3,-22561654#2,32898181#0",2.3725905470101707
-22561653,32898181#0,"22561499#2,-57680180#3,-57680180#2,-57680180#1,57680171#0,57680171#1,57680171#2,-22561499#1,-22561499#0,-22561654#5,-22561654#4,-22561654#3,-22561654#2,32898181#0",0.9260704281712686
-22561653,32898181#0,"22561499#2,-57680180#3,-57680180#2,-57680180#1,-57680180#0,-563282223,-1116499330#0,-1116499329,-1116499328#1,-1116499328#0,-57680087#2,-57680087#1,-57680087#0,-57680112#1,-57680112#0,1116499322,1116499321#0,32898181#0",1.9494197679071625
-22561653,32898181#0,"-22561653,22561499#2,174907152#0,174907152#1,174907152#2,-57392486,1004094803#0,1004094803#1,1004094802,57392452,-24580169#1,-24580169#0,-22561654#5,-22561654#4,-22561654#3,-22561654#2,32898181#0",2.4079046726604307
-22561653,32898181#0,"-22561653,-22561499#1,-22561499#0,-22561654#5,-22561654#4,-22561654#3,-22561654#2,32898181#0",0.4430572228891556
-22561653,32898181#0,"-22561653,22561499#2,174907152#0,174907152#1,174907152#2,-57392486,1004094803#0,1004094803#1,1004094802,57392452,24580169#2,-57099575#2,-57099575#1,-57099591#1,-57099591#0,32898139#0,32898139#1,32898141,-24580169#0,-22561654#5,-22561654#4,-22561654#3,-22561654#2,32898181#0",4.270193545717514
-22561653,32898181#0,"-22561653,22561499#2,-57680180#3,-57680180#2,-57680180#1,-57680180#0,-563282223,-1116499330#0,-1116499329,-1116499328#1,-1116499328#0,-57680087#2,-57680087#1,-57680087#0,-57680112#1,-57680112#0,1116499322,1116499321#0,32898181#0",1.9847338935574226
-22561653,32898181#0,"22561499#2,174907152#0,174907152#1,174907152#2,-57392486,1004094803#0,1004094803#1,1004094802,57392452,24580169#2,-57099575#2,-57099587#1,32898141,-24580169#0,-22561654#5,-22561654#4,-22561654#3,-22561654#2,32898181#0",2.9240922830382154
-22561653,32898181#0,"22561499#2,174907152#0,174907152#1,174907152#2,-57392486,1004094803#0,1004094803#1,1004094802,57392452,24580169#2,-57099575#2,-57099575#1,-57099591#1,-57099591#0,32898139#0,32898139#1,32898141,-24580169#0,-22561654#5,-22561654#4,-22561654#3,-22561654#2,32898181#0",4.234879420067254
1004094803#0,-561133134,"1004094803#0,1004094803#1,1004094802,57392452,-24580169#1,-32898141,57099587#1,57099575#2,561133134",1.790999824524907
1004094803#0,-561133134,"1004094803#0,1004094803#1,1004094802,57392452,24580169#2,561133134",1.3839258725072763
1004094803#0,-561133134,"1004094803#0,1004094803#1,1004094802,57392452,-24580169#1,-32898141,-57099587#0,-32898139#0,-561133132,57099591#1,57099575#1,57099575#2,561133134",3.1057706428594405
-561133135,-32898141,"-561133135,-57392454#1,-57392454#0,-57099575#2,-57099587#1,32898141",0.5270327302708673
-561133135,-32898141,"-561133135,-57392454#1,-57392454#0,-24580169#2,-24580169#1,-32898141",0.5310162099118237
-561133135,-32898141,"-561133135,-57392454#1,-57392454#0,-57099575#2,-57099575#1,-57099591#1,-57099591#0,32898139#0,32898139#1,32898141",1.8378198672999049
-57099596,-22561653,"57099596,57099585#2,-57099630#6,-57099630#5,-57099630#4,-57099630#3,-57099630#2,-57099630#1,-57099630#0,-561133134,-24580169#2,-24580169#1,-24580169#0,22561499#0,22561499#1,22561499#2",1.9644849365800767
-57099596,-22561653,"-57099596,57099596,57099585#2,-57099630#6,-57099630#5,-57099630#4,-57099630#3,-57099630#2,-57099630#1,-57099630#0,-561133134,-24580169#2,-24580169#1,-24580169#0,22561499#0,22561499#1,22561499#2",2.054448932979717
-57099596,-22561653,"57099596,57099585#2,-57099630#6,-57099630#5,-57099630#4,-57099630#3,-57099630#2,-57099630#1,-57099630#0,-561133134,-57099575#2,-57099575#1,-57099591#1,-57099591#0,32898139#0,32898139#1,32898141,-24580169#0,22561499#0,22561499#1,22561499#2",3.6687706083566476
-57099596,-22561653,"-57099596,57099596,57099585#2,-57099630#6,-57099630#5,-57099630#4,-57099630#3,-57099630#2,-57099630#1,-57099630#0,-561133134,-57099575#2,-57099587#1,32898141,-24580169#0,22561499#0,22561499#1,22561499#2",2.44794746772725
-57099596,-22561653,"57099596,57099585#2,-57099630#6,-57099630#5,-57099630#4,-57099630#3,-57099630#2,-57099630#1,-57099630#0,-561133134,-57099575#2,-57099587#1,32898141,-24580169#0,22561499#0,22561499#1,22561499#2",2.3579834713276098
-57099596,-22561653,"-57099596,57099596,57099585#2,-57099630#6,-57099630#5,-57099630#4,-57099630#3,-57099630#2,-57099630#1,-57099630#0,-561133134,-57099575#2,-57099575#1,-57099591#1,-57099591#0,32898139#0,32898139#1,32898141,-24580169#0,22561499#0,22561499#1,22561499#2",3.7587346047562877
-57099596,-22561653,"-57099596,57099596,57099585#2,-57099630#6,-57099630#5,-57099630#4,-57099630#3,-57099630#2,-57099630#1,-57099630#0,-561133134,-57099575#2,-57099587#1,32898141,-24580169#0,-22561654#5,-22561654#4,-22561654#3,-22561654#2,-1116499321#1,-1116499322,57680111,57680112#1,57680087#0,57680087#1,57680087#2,1116499328#0,1116499328#1,1116499329,1116499330#0,1116499330#1,57680180#0,57680171#0,57680171#1,57680171#2,22561499#2",4.664694166406721
-57099585#1,-22561653,"-57099585#1,57099585#1,57099585#2,-57099630#6,-57099630#5,-57099630#4,-57099630#3,-57099630#2,-57099630#1,-57099630#0,-561133134,-24580169#2,-24580169#1,-24580169#0,22561499#0,22561499#1,22561499#2",2.248943382424662
-57099585#1,-22561653,"57099585#1,57099585#2,-57099630#6,-57099630#5,-57099630#4,-57099630#3,-57099630#2,-57099630#1,-57099630#0,-561133134,-24580169#2,-24580169#1,-24580169#0,22561499#0,22561499#1,22561499#2",2.061634651551574
-57099585#1,-22561653,"57099585#1,57099585#2,-57099630#6,-57099630#5,-57099630#4,-57099630#3,-57099630#2,-57099630#1,-57099630#0,-561133134,-57099575#2,-57099575#1,-57099591#1,-57099591#0,32898139#0,32898139#1,32898141,-24580169#0,22561499#0,22561499#1,22561499#2",3.7659203233281446
-57099585#1,-22561653,"-57099585#1,57099585#1,57099585#2,-57099630#6,-57099630#5,-57099630#4,-57099630#3,-57099630#2,-57099630#1,-57099630#0,-561133134,-57099575#2,-57099587#1,32898141,-24580169#0,22561499#0,22561499#1,22561499#2",2.6424419171721945
-57099585#1,-22561653,"-57099585#1,57099585#1,57099585#2,-57099630#6,-57099630#5,-57099630#4,-57099630#3,-57099630#2,-57099630#1,-57099630#0,-561133134,-57099575#2,-57099575#1,-57099591#1,-57099591#0,32898139#0,32898139#1,32898141,-24580169#0,22561499#0,22561499#1,22561499#2",3.9532290542012327
-57099585#1,-22561653,"57099585#1,57099585#2,-57099630#6,-57099630#5,-57099630#4,-57099630#3,-57099630#2,-57099630#1,-57099630#0,-561133134,-57099575#2,-57099587#1,32898141,-24580169#0,22561499#0,22561499#1,22561499#2",2.455133186299107
-174375407#2,-57099630#2,"174375407#2,174375407#3,174375407#4,174375402,174375403,563272698,563272697,563271328,1238123691,-22561498,-22561652#6,-22561652#5,-22561652#4,-22561652#3,-22561652#2,-22561652#1,-22561652#0,-174907151#4,-174907151#1,-57392486,1004094803#0,1004094803#1,1004094802,57392452,-24580169#1,-32898141,57099587#1,57099575#2,561133134,57099630#0,57099630#1,57099630#2",4.650756151431504
-174375407#2,-57099630#2,"174375407#2,174375407#3,174375407#4,174375402,174375403,563272698,563272697,563271328,1238123691,-22561498,-22561652#6,-22561652#5,-22561652#4,-22561652#3,-22561652#2,-22561652#1,-22561652#0,-174907151#4,-174907151#1,-57392486,1004094803#0,1004094803#1,1004094802,57392452,24580169#2,561133134,57099630#0,57099630#1,57099630#2",4.243682199413873
-174375407#2,-57099630#2,"174375407#2,174375407#3,174375407#4,174375402,174375403,561133137,563273548,174375406,1238123693,1238123694,563272697,563271328,1238123691,-22561498,-22561652#6,-22561652#5,-22561652#4,-22561652#3,-22561652#2,-22561652#1,-22561652#0,-174907151#4,-174907151#1,-57392486,1004094803#0,1004094803#1,1004094802,57392452,24580169#2,561133134,57099630#0,57099630#1,57099630#2",4.299285751129735
-174375407#2,-57099630#2,"174375407#2,174375407#3,174375407#4,174375402,174375403,563272698,563272697,563271328,1238123691,-22561498,-22561652#6,-22561652#5,-22561652#4,-22561652#3,-22561652#2,-22561652#1,-22561652#0,-174907151#4,-174907151#1,-174907152#2,-174907152#1,-174907152#0,-22561653,-22561499#1,-22561499#0,24580169#0,24580169#1,24580169#2,561133134,57099630#0,57099630#1,57099630#2",2.8959816083860948
-174375407#2,-57099630#2,"174375407#2,174375407#3,174375407#4,174375402,174375403,561133137,563273548,174375406,1238123693,1238123694,563272697,563271328,1238123691,-22561498,-22561652#6,-22561652#5,-22561652#4,-22561652#3,-22561652#2,-22561652#1,-22561652#0,-174907151#4,-174907151#1,-174907152#2,-174907152#1,-174907152#0,-22561653,-22561499#1,-22561499#0,24580169#0,24580169#1,24580169#2,561133134,57099630#0,57099630#1,57099630#2",2.9515851601019576
